datetime,count
2011-01-20 00:00:00,19.592868604903888
2011-01-20 01:00:00,7.576494412196318
2011-01-20 02:00:00,4.061229931682889
2011-01-20 03:00:00,2.506684725604067
2011-01-20 04:00:00,2.3105161361414446
2011-01-20 05:00:00,12.934857164321961
2011-01-20 06:00:00,46.02268146556956
2011-01-20 07:00:00,131.85778465201332
2011-01-20 08:00:00,234.46668311817476
2011-01-20 09:00:00,178.8321937436401
2011-01-20 10:00:00,75.63929571154146
2011-01-20 11:00:00,78.28895763310953
2011-01-20 12:00:00,115.02365328476773
2011-01-20 13:00:00,100.98586755758994
2011-01-20 14:00:00,98.66663769314616
2011-01-20 15:00:00,98.21351969667288
2011-01-20 16:00:00,139.78357050304226
2011-01-20 17:00:00,297.1508410309772
2011-01-20 18:00:00,234.4795177142029
2011-01-20 19:00:00,163.4339117968387
2011-01-20 20:00:00,119.40060311509663
2011-01-20 21:00:00,89.39632828905832
2011-01-20 22:00:00,45.16834023824596
2011-01-20 23:00:00,30.501153898562496
2011-01-21 00:00:00,18.77656439290602
2011-01-21 01:00:00,9.872031350762297
2011-01-21 02:00:00,5.989090154596343
2011-01-21 03:00:00,1.3971382329179383
2011-01-21 04:00:00,2.1528387303815286
2011-01-21 05:00:00,11.777383761890922
2011-01-21 06:00:00,37.801418629079734
2011-01-21 07:00:00,121.45566345279626
2011-01-21 08:00:00,269.2161905997643
2011-01-21 09:00:00,172.0480325016801
2011-01-21 10:00:00,71.12677497210517
2011-01-21 11:00:00,70.6719018235982
2011-01-21 12:00:00,75.32813881115845
2011-01-21 13:00:00,79.84519979613957
2011-01-21 14:00:00,70.25381157740016
2011-01-21 15:00:00,59.66741683489889
2011-01-21 16:00:00,75.69816825164462
2011-01-21 17:00:00,134.61003885326724
2011-01-21 18:00:00,129.570342498165
2011-01-21 19:00:00,70.4502491342249
2011-01-21 20:00:00,63.698062567011554
2011-01-21 21:00:00,52.52624149943345
2011-01-21 22:00:00,48.177695827109034
2011-01-21 23:00:00,30.598768497140075
2011-01-22 00:00:00,26.181779571534996
2011-01-22 01:00:00,23.78883425585004
2011-01-22 02:00:00,18.64956263960587
2011-01-22 03:00:00,7.41041917381185
2011-01-22 04:00:00,2.6425406758245993
2011-01-22 06:00:00,5.519821914514681
2011-01-22 07:00:00,15.891048072118522
2011-01-22 08:00:00,45.471853413221524
2011-01-22 09:00:00,64.45927568283531
2011-01-22 10:00:00,94.36769890415181
2011-01-22 11:00:00,109.3601608223473
2011-01-22 12:00:00,129.12426952769658
2011-01-22 13:00:00,118.94687653671402
2011-01-22 14:00:00,123.39724669711045
2011-01-22 15:00:00,102.62539050754518
2011-01-22 16:00:00,108.6490058332594
2011-01-22 17:00:00,86.36742355773572
2011-01-22 18:00:00,102.02448376460242
2011-01-22 19:00:00,70.58282609204758
2011-01-22 20:00:00,58.449016620205605
2011-01-22 21:00:00,47.33007837851169
2011-01-22 22:00:00,35.108739467603414
2011-01-22 23:00:00,36.92965860418557
2011-01-23 00:00:00,22.83967957316864
2011-01-23 01:00:00,24.84122952710603
2011-01-23 02:00:00,22.29385601025012
2011-01-23 03:00:00,10.09678099697123
2011-01-23 05:00:00,2.5146075238289245
2011-01-23 06:00:00,3.3965205982181743
2011-01-23 07:00:00,13.21485399626849
2011-01-23 08:00:00,34.18532073870539
2011-01-23 09:00:00,52.6988313071133
2011-01-23 10:00:00,86.80749563900514
2011-01-23 11:00:00,88.1594778359204
2011-01-23 12:00:00,105.31517203489445
2011-01-23 13:00:00,107.06328012428223
2011-01-23 14:00:00,93.56586027871968
2011-01-23 15:00:00,99.6214744828853
2011-01-23 16:00:00,108.85946731326231
2011-01-23 17:00:00,90.76656125476634
2011-01-23 18:00:00,81.251963051367
2011-01-23 19:00:00,54.559376490777154
2011-01-23 20:00:00,51.396580013855136
2011-01-23 21:00:00,41.79507332937086
2011-01-23 22:00:00,32.04400436529286
2011-01-23 23:00:00,20.897419163391675
2011-01-24 00:00:00,10.58316877040896
2011-01-24 01:00:00,3.4780116845616376
2011-01-24 03:00:00,1.2874071302256813
2011-01-24 04:00:00,1.805460963129239
2011-01-24 05:00:00,7.584297766195251
2011-01-24 06:00:00,36.419235751082695
2011-01-24 07:00:00,103.31575482904239
2011-01-24 08:00:00,185.58793997665967
2011-01-24 09:00:00,132.75824100918499
2011-01-24 10:00:00,47.32045762679484
2011-01-24 11:00:00,48.97314293314222
2011-01-24 12:00:00,46.43807462810812
2011-01-24 13:00:00,45.54127413374664
2011-01-24 14:00:00,38.04822790555339
2011-01-24 15:00:00,60.05605757651096
2011-01-24 16:00:00,71.58040441238019
2011-01-24 17:00:00,126.88054155854026
2011-01-24 18:00:00,143.62454440862015
2011-01-24 19:00:00,82.80824881330871
2011-01-24 20:00:00,62.106706285270135
2011-01-24 21:00:00,46.06856283895006
2011-01-24 22:00:00,30.12735219570701
2011-01-24 23:00:00,15.031076449029317
2011-01-25 00:00:00,9.682858175429967
2011-01-25 01:00:00,3.595603633360983
2011-01-25 02:00:00,1.7439279799486027
2011-01-25 04:00:00,1.6607354150719151
2011-01-25 05:00:00,6.3429179032827285
2011-01-25 06:00:00,41.87804130860065
2011-01-25 07:00:00,101.75563396959598
2011-01-25 08:00:00,190.2300755118661
2011-01-25 09:00:00,134.13750177492665
2011-01-25 10:00:00,57.93866979852095
2011-01-25 11:00:00,65.37136029953355
2011-01-25 12:00:00,86.76469225109106
2011-01-25 13:00:00,79.1799909168122
2011-01-25 14:00:00,80.5254731540317
2011-01-25 15:00:00,83.63891705733651
2011-01-25 16:00:00,132.2553433482553
2011-01-25 17:00:00,277.37140088941095
2011-01-25 18:00:00,237.37041096588385
2011-01-25 19:00:00,139.598088181136
2011-01-25 20:00:00,117.2169999912091
2011-01-25 21:00:00,87.16102339815323
2011-01-25 22:00:00,50.976784992293666
2011-01-25 23:00:00,26.84285896646776
2011-01-26 00:00:00,17.206544911646706
2011-01-26 01:00:00,7.423867644486542
2011-01-26 02:00:00,2.487919398441408
2011-01-26 05:00:00,5.190398797960765
2011-01-26 06:00:00,29.453801493553982
2011-01-26 07:00:00,65.543449742427
2011-01-26 08:00:00,112.39711671210156
2011-01-26 09:00:00,80.49075304995407
2011-01-26 10:00:00,20.17444547106043
2011-01-26 11:00:00,18.288070435465787
2011-01-26 12:00:00,21.48315748612797
2011-01-26 13:00:00,21.211802590900795
2011-01-26 14:00:00,18.65798519110002
2011-01-26 15:00:00,18.660769405269253
2011-01-26 16:00:00,29.465307915169728
2011-01-26 17:00:00,56.6434446926554
2011-01-27 16:00:00,104.55907728221172
2011-01-27 17:00:00,231.45482160333384
2011-01-27 18:00:00,217.10669309014636
2011-01-27 19:00:00,141.80591062698295
2011-01-27 20:00:00,90.04767009957509
2011-01-27 21:00:00,68.65337207960057
2011-01-27 22:00:00,48.54839900085839
2011-01-27 23:00:00,31.320511691144127
2011-01-28 00:00:00,16.076271409707193
2011-01-28 01:00:00,8.097894383974435
2011-01-28 02:00:00,4.03438383885356
2011-01-28 03:00:00,2.707777282758799
2011-01-28 05:00:00,7.196655258366486
2011-01-28 06:00:00,27.13333952924074
2011-01-28 07:00:00,82.24403762354108
2011-01-28 08:00:00,182.626215470315
2011-01-28 09:00:00,85.40937863862838
2011-01-28 10:00:00,34.97421030492024
2011-01-28 11:00:00,29.453475200102115
2011-01-28 12:00:00,36.46909620986172
2011-01-28 13:00:00,35.52250862377909
2011-01-28 14:00:00,47.98161529713014
2011-01-28 15:00:00,74.33254978805311
2011-01-28 16:00:00,120.78874817300175
2011-01-28 17:00:00,272.871048107896
2011-01-28 18:00:00,221.9586763172384
2011-01-28 19:00:00,128.08740577431408
2011-01-28 20:00:00,92.26205147063553
2011-01-28 21:00:00,70.84736781510838
2011-01-28 22:00:00,59.25002639056725
2011-01-28 23:00:00,53.321026607110454
2011-01-29 00:00:00,22.119523317518702
2011-01-29 01:00:00,30.023894013802416
2011-01-29 02:00:00,24.995080067647045
2011-01-29 03:00:00,9.148803614992891
2011-01-29 04:00:00,2.7611549258038894
2011-01-29 06:00:00,6.040314343020716
2011-01-29 07:00:00,17.556006144899577
2011-01-29 08:00:00,43.10993198129204
2011-01-29 09:00:00,67.33132372876139
2011-01-29 10:00:00,97.83237880351841
2011-01-29 11:00:00,108.7881413973447
2011-01-29 12:00:00,122.37564252005038
2011-01-29 13:00:00,153.37576376069197
2011-01-29 14:00:00,147.30612013318438
2011-01-29 15:00:00,105.33510338869584
2011-01-29 16:00:00,167.94541966511883
2011-01-29 17:00:00,139.13177237793786
2011-01-29 18:00:00,113.15447505564447
2011-01-29 19:00:00,56.51609481074269
2011-01-29 20:00:00,56.20682085418438
2011-01-29 21:00:00,49.57282812367788
2011-01-29 22:00:00,42.180595466495056
2011-01-29 23:00:00,36.994951834333584
2011-01-30 00:00:00,23.479273477252544
2011-01-30 01:00:00,21.186848755585387
2011-01-30 02:00:00,24.526729643737617
2011-01-30 03:00:00,7.64145489952749
2011-01-30 04:00:00,1.9720421272800337
2011-01-30 05:00:00,2.549860493473385
2011-01-30 07:00:00,12.156430264531215
2011-01-30 08:00:00,30.346527347955988
2011-01-30 09:00:00,50.93533143407037
2011-01-30 10:00:00,97.06195778034824
2011-01-30 11:00:00,101.05545192802242
2011-01-30 12:00:00,179.7260664753972
2011-01-30 13:00:00,161.37790712569327
2011-01-30 14:00:00,156.77989375278707
2011-01-30 15:00:00,170.6968923380994
2011-01-30 16:00:00,184.68364773424906
2011-01-30 17:00:00,147.24454944875518
2011-01-30 18:00:00,109.44564601540748
2011-01-30 19:00:00,82.05024354223792
2011-01-30 20:00:00,76.12592983634774
2011-01-30 21:00:00,57.547741235715144
2011-01-30 22:00:00,44.54443443267493
2011-01-30 23:00:00,18.677526884028147
2011-01-31 00:00:00,17.14335635148266
2011-01-31 01:00:00,3.613981076249239
2011-01-31 02:00:00,2.921466984847454
2011-01-31 03:00:00,1.817318072457171
2011-01-31 04:00:00,1.6853151692642938
2011-01-31 05:00:00,6.238967910585904
2011-01-31 06:00:00,32.91106975384878
2011-01-31 07:00:00,77.3058438858887
2011-01-31 08:00:00,158.42862960407803
2011-01-31 09:00:00,109.11136686946813
2011-01-31 10:00:00,39.17335631662997
2011-01-31 11:00:00,37.09645724118645
2011-01-31 12:00:00,58.57918940948885
2011-01-31 13:00:00,66.29585131731487
2011-01-31 14:00:00,52.52875975283497
2011-01-31 15:00:00,56.490613759088255
2011-01-31 16:00:00,82.39807034002045
2011-01-31 17:00:00,127.44136646803956
2011-01-31 18:00:00,140.44812646346384
2011-01-31 19:00:00,169.5872660579244
2011-01-31 20:00:00,56.03615889922737
2011-01-31 21:00:00,53.74305632989783
2011-01-31 22:00:00,40.342063366517685
2011-01-31 23:00:00,23.382065481110068
2011-02-20 00:00:00,24.950104880005544
2011-02-20 01:00:00,26.171702424234574
2011-02-20 02:00:00,24.14924390554019
2011-02-20 03:00:00,8.937546775117532
2011-02-20 04:00:00,2.386223745825134
2011-02-20 06:00:00,4.024464142411124
2011-02-20 07:00:00,13.571969246826852
2011-02-20 08:00:00,42.48125367959088
2011-02-20 09:00:00,54.90669347073482
2011-02-20 10:00:00,122.94438072329974
2011-02-20 11:00:00,143.59277134561157
2011-02-20 12:00:00,182.6544852125394
2011-02-20 13:00:00,192.12848283846571
2011-02-20 14:00:00,172.45986552242817
2011-02-20 15:00:00,190.21946067434007
2011-02-20 16:00:00,199.98355588917667
2011-02-20 17:00:00,187.52636298238215
2011-02-20 18:00:00,133.20796715120542
2011-02-20 19:00:00,101.25199852910734
2011-02-20 20:00:00,88.47523202773044
2011-02-20 21:00:00,67.84346882891388
2011-02-20 22:00:00,51.54756016437389
2011-02-20 23:00:00,30.372141179821732
2011-02-21 00:00:00,42.13202488276745
2011-02-21 01:00:00,22.023989975672333
2011-02-21 02:00:00,18.19577596760601
2011-02-21 03:00:00,6.4576085127139145
2011-02-21 04:00:00,4.696295840623885
2011-02-21 05:00:00,5.775220502274311
2011-02-21 06:00:00,17.337620540709658
2011-02-21 07:00:00,53.28606642024715
2011-02-21 08:00:00,124.50381922275155
2011-02-21 09:00:00,90.83935339690362
2011-02-21 10:00:00,142.19843795162106
2011-02-21 11:00:00,172.55813736506798
2011-02-21 12:00:00,206.848921422696
2011-02-21 13:00:00,123.60934943571242
2011-02-21 14:00:00,162.31857637653482
2011-02-21 15:00:00,134.5624615938696
2011-02-21 16:00:00,130.8921495941783
2011-02-21 17:00:00,129.18474662162916
2011-02-21 18:00:00,94.57458890013365
2011-02-21 19:00:00,72.00974526581233
2011-02-21 20:00:00,40.39604683653052
2011-02-21 21:00:00,33.71865640482229
2011-02-21 22:00:00,27.68141571613113
2011-02-21 23:00:00,15.239197284399811
2011-02-22 06:00:00,31.91877703201207
2011-02-22 07:00:00,80.80527881645737
2011-02-22 08:00:00,146.45302055541302
2011-02-22 09:00:00,95.53489476746377
2011-02-22 10:00:00,48.21904629181556
2011-02-22 11:00:00,57.393994422212316
2011-02-22 12:00:00,78.42932189354917
2011-02-22 13:00:00,73.70841443529088
2011-02-22 14:00:00,65.15068467227817
2011-02-22 15:00:00,80.29271733795505
2011-02-22 16:00:00,107.523433492863
2011-02-22 17:00:00,171.1250244661427
2011-02-22 18:00:00,200.57256757689288
2011-02-22 19:00:00,108.72217096976482
2011-02-22 20:00:00,82.49014816619776
2011-02-22 21:00:00,60.746860903384544
2011-02-22 22:00:00,43.97235016083295
2011-02-22 23:00:00,25.819352506955532
2011-02-23 00:00:00,12.641990170211663
2011-02-23 01:00:00,4.414272707221445
2011-02-23 02:00:00,2.129522668465828
2011-02-23 03:00:00,1.6708723381149488
2011-02-23 05:00:00,7.61883854694401
2011-02-23 06:00:00,34.638035123165324
2011-02-23 07:00:00,118.9627071491757
2011-02-23 08:00:00,211.0276163996086
2011-02-23 09:00:00,153.8650094902415
2011-02-23 10:00:00,58.850533196257395
2011-02-23 11:00:00,70.67165252246727
2011-02-23 12:00:00,96.23524548936841
2011-02-23 13:00:00,88.41941650008441
2011-02-23 14:00:00,79.80663146938137
2011-02-23 15:00:00,101.83572017102094
2011-02-23 16:00:00,156.3375724776076
2011-02-23 17:00:00,284.6426831256411
2011-02-23 18:00:00,239.48642778183742
2011-02-23 19:00:00,171.85873226334164
2011-02-23 20:00:00,105.8052705723523
2011-02-23 21:00:00,83.50118706741256
2011-02-23 22:00:00,57.62297434856683
2011-02-23 23:00:00,31.81573675187719
2011-02-24 00:00:00,17.901017751570585
2011-02-24 01:00:00,6.611167847500905
2011-02-24 02:00:00,3.2923974689430766
2011-02-24 03:00:00,1.885660786077386
2011-02-24 05:00:00,9.96893768852476
2011-02-24 06:00:00,45.15675365553588
2011-02-24 07:00:00,130.15354225974588
2011-02-24 08:00:00,280.9685133007523
2011-02-24 09:00:00,150.206011632621
2011-02-24 10:00:00,69.63540573243355
2011-02-24 11:00:00,77.15863070814756
2011-02-24 12:00:00,99.31703020202715
2011-02-24 13:00:00,93.680288516326
2011-02-24 14:00:00,110.03665502575055
2011-02-24 15:00:00,88.47923419411876
2011-02-24 16:00:00,97.80958150555061
2011-02-24 17:00:00,205.40261932023137
2011-02-24 18:00:00,201.81494017711378
2011-02-24 19:00:00,95.01428371734924
2011-02-24 20:00:00,95.29797177851843
2011-02-24 21:00:00,83.45491451702206
2011-02-24 22:00:00,44.49341119830532
2011-02-24 23:00:00,36.454476338210355
2011-02-25 00:00:00,15.446528739761613
2011-02-25 01:00:00,7.634940876056582
2011-02-25 02:00:00,4.065407229147525
2011-02-25 03:00:00,3.042927620819979
2011-02-25 05:00:00,13.02378609280909
2011-02-25 06:00:00,34.5553206942127
2011-02-25 07:00:00,69.5944428745511
2011-02-25 08:00:00,211.93139461857757
2011-02-25 09:00:00,97.71081831977662
2011-02-25 10:00:00,59.449645863139125
2011-02-25 11:00:00,157.45916159332023
2011-02-25 12:00:00,121.42405173571835
2011-02-25 13:00:00,119.9232325038832
2011-02-25 14:00:00,116.19858500259359
2011-02-25 15:00:00,184.0176560087207
2011-02-25 16:00:00,155.11775071969274
2011-02-25 17:00:00,262.02114666462484
2011-02-25 18:00:00,231.44782512595066
2011-02-25 19:00:00,141.15619986810316
2011-02-25 20:00:00,105.09250919503424
2011-02-25 21:00:00,89.58043747024259
2011-02-25 22:00:00,67.99852089481847
2011-02-25 23:00:00,54.27358228465134
2011-02-26 00:00:00,36.25944630155386
2011-02-26 01:00:00,28.799227137807762
2011-02-26 02:00:00,21.20806016442694
2011-02-26 03:00:00,11.911880273960017
2011-02-26 04:00:00,3.3646640488622044
2011-02-26 05:00:00,3.2878584960821806
2011-02-26 06:00:00,5.550168619146873
2011-02-26 07:00:00,20.114104761670134
2011-02-26 08:00:00,55.95204176785976
2011-02-26 09:00:00,73.53529733893738
2011-02-26 10:00:00,146.52708541587367
2011-02-26 11:00:00,179.01832592922077
2011-02-26 12:00:00,205.96331052880464
2011-02-26 13:00:00,197.36267578909772
2011-02-26 14:00:00,176.53036653288194
2011-02-26 15:00:00,196.8511995529097
2011-02-26 16:00:00,213.09408477768233
2011-02-26 17:00:00,188.77077500844865
2011-02-26 18:00:00,161.79820877756234
2011-02-26 19:00:00,107.94409919009922
2011-02-26 20:00:00,82.71003119544164
2011-02-26 21:00:00,54.40503520972943
2011-02-26 22:00:00,47.00851141443282
2011-02-26 23:00:00,42.00127733022123
2011-02-27 00:00:00,25.443254949717833
2011-02-27 01:00:00,33.52246304611089
2011-02-27 02:00:00,32.0458311999179
2011-02-27 03:00:00,13.830502949776523
2011-02-27 04:00:00,3.658687719252651
2011-02-27 06:00:00,5.5979546273640475
2011-02-27 07:00:00,19.684517937208604
2011-02-27 08:00:00,49.4660178076642
2011-02-27 09:00:00,70.54581175257857
2011-02-27 10:00:00,129.19047446587638
2011-02-27 11:00:00,168.03854625226006
2011-02-27 12:00:00,261.58205861528535
2011-02-27 13:00:00,248.97132418894654
2011-02-27 14:00:00,242.26659726491468
2011-02-27 15:00:00,299.77894518938666
2011-02-27 16:00:00,292.6604199813797
2011-02-27 17:00:00,233.17009889945408
2011-02-27 18:00:00,178.900020575522
2011-02-27 19:00:00,142.96626217685127
2011-02-27 20:00:00,124.9037721106435
2011-02-27 21:00:00,78.66077447791791
2011-02-27 22:00:00,53.941279383315866
2011-02-27 23:00:00,31.95062728202714
2011-02-28 00:00:00,20.67739189281537
2011-02-28 01:00:00,6.570074145964903
2011-02-28 03:00:00,1.8244997580027955
2011-02-28 05:00:00,11.250152130791587
2011-02-28 06:00:00,57.67030120700541
2011-02-28 07:00:00,161.93239020279947
2011-02-28 08:00:00,216.80972587919976
2011-02-28 09:00:00,215.35614034189354
2011-02-28 10:00:00,83.95253454292462
2011-02-28 11:00:00,119.817738777285
2011-02-28 12:00:00,148.94909704062255
2011-02-28 13:00:00,83.41833097194733
2011-02-28 14:00:00,46.60045164375143
2011-02-28 15:00:00,47.85032423016682
2011-02-28 16:00:00,86.55993168750038
2011-02-28 17:00:00,134.02168879543197
2011-02-28 18:00:00,274.941067693315
2011-02-28 19:00:00,84.2164186998268
2011-02-28 20:00:00,43.60448053501209
2011-02-28 21:00:00,71.90134692072957
2011-02-28 22:00:00,42.84378304034891
2011-02-28 23:00:00,26.39646251615831
2011-03-20 00:00:00,38.35629182819268
2011-03-20 01:00:00,34.550023641303824
2011-03-20 02:00:00,32.99722701058368
2011-03-20 03:00:00,13.075330711983025
2011-03-20 04:00:00,3.4695157708632043
2011-03-20 05:00:00,3.8628456078464883
2011-03-20 06:00:00,5.841116296067862
2011-03-20 07:00:00,19.23915566809369
2011-03-20 08:00:00,45.85636195695972
2011-03-20 09:00:00,75.13032357869864
2011-03-20 10:00:00,135.32905445713195
2011-03-20 11:00:00,177.5597077881833
2011-03-20 12:00:00,216.77895819957638
2011-03-20 13:00:00,202.76417150600955
2011-03-20 14:00:00,227.6724538599202
2011-03-20 15:00:00,249.06635596142596
2011-03-20 16:00:00,267.74466242858927
2011-03-20 17:00:00,228.17370908780458
2011-03-20 18:00:00,138.24968020091788
2011-03-20 19:00:00,110.72592910252831
2011-03-20 20:00:00,94.066848880005
2011-03-20 21:00:00,66.34509530389599
2011-03-20 22:00:00,48.0464291643354
2011-03-20 23:00:00,21.331296336802826
2011-03-21 00:00:00,14.641625335443273
2011-03-21 01:00:00,6.175438208148456
2011-03-21 02:00:00,4.3858062625472085
2011-03-21 03:00:00,2.248225595329066
2011-03-21 05:00:00,12.007658694739138
2011-03-21 06:00:00,47.73260895255507
2011-03-21 07:00:00,85.57610583865244
2011-03-21 08:00:00,225.33871936274159
2011-03-21 09:00:00,125.27472602857354
2011-03-21 10:00:00,64.84205848252674
2011-03-21 11:00:00,84.50497059948344
2011-03-21 12:00:00,117.61208507642297
2011-03-21 13:00:00,146.75617243074166
2011-03-21 14:00:00,168.43457608203343
2011-03-21 15:00:00,180.15844401523702
2011-03-21 16:00:00,260.827025149855
2011-03-21 17:00:00,479.7363060519308
2011-03-21 18:00:00,395.0696431139339
2011-03-21 19:00:00,412.9078253988103
2011-03-21 20:00:00,299.3386147126592
2011-03-21 21:00:00,117.5028901409074
2011-03-21 22:00:00,80.05206017608499
2011-03-21 23:00:00,55.63702666890931
2011-03-22 00:00:00,30.456178850769394
2011-03-22 01:00:00,5.727459319817115
2011-03-22 02:00:00,4.652331320969843
2011-03-22 03:00:00,3.344509015661632
2011-03-22 04:00:00,3.914981621419623
2011-03-22 05:00:00,17.21880658634839
2011-03-22 06:00:00,86.5325371132734
2011-03-22 07:00:00,266.53448861099207
2011-03-22 08:00:00,453.43410325992676
2011-03-22 09:00:00,184.81739960907117
2011-03-22 10:00:00,97.86550157959077
2011-03-22 11:00:00,122.82572797768422
2011-03-22 12:00:00,172.5743356628551
2011-03-22 13:00:00,184.79281545405385
2011-03-22 14:00:00,158.29094690478502
2011-03-22 15:00:00,181.3150310813138
2011-03-22 16:00:00,286.1514545347621
2011-03-22 17:00:00,536.0578449548137
2011-03-22 18:00:00,497.5408536713001
2011-03-22 19:00:00,255.00889221631104
2011-03-22 20:00:00,173.86391852179216
2011-03-22 21:00:00,131.1545575138305
2011-03-22 22:00:00,96.38127528011032
2011-03-22 23:00:00,57.58295336059552
2011-03-23 00:00:00,14.747723809331953
2011-03-23 01:00:00,6.910880115282994
2011-03-23 02:00:00,4.243460609078994
2011-03-23 03:00:00,2.8566961092637078
2011-03-23 05:00:00,9.648322547777116
2011-03-23 06:00:00,65.90424195843704
2011-03-23 07:00:00,110.37735030464646
2011-03-23 08:00:00,348.00358827968506
2011-03-23 09:00:00,143.7561248276171
2011-03-23 10:00:00,80.59751162130186
2011-03-23 11:00:00,81.56492917493527
2011-03-23 12:00:00,83.63349001449633
2011-03-23 13:00:00,61.270695913369885
2011-03-23 14:00:00,92.64744063827516
2011-03-23 15:00:00,85.205483676741
2011-03-23 16:00:00,183.0172295773027
2011-03-23 17:00:00,305.07124825281574
2011-03-23 18:00:00,155.13138368066507
2011-03-23 19:00:00,113.96942596914826
2011-03-23 20:00:00,28.84921463977851
2011-03-23 21:00:00,10.609647584304469
2011-03-23 22:00:00,45.89975703325555
2011-03-23 23:00:00,17.353850740537087
2011-03-24 00:00:00,16.34727456905544
2011-03-24 01:00:00,3.85591135123346
2011-03-24 02:00:00,2.5814911661468685
2011-03-24 03:00:00,1.8404016203876383
2011-03-24 04:00:00,1.7008330913882896
2011-03-24 05:00:00,9.975522853967119
2011-03-24 06:00:00,52.54089129644047
2011-03-24 07:00:00,54.43115638805163
2011-03-24 08:00:00,116.94108145295299
2011-03-24 09:00:00,97.47597389522309
2011-03-24 10:00:00,57.40748722341792
2011-03-24 11:00:00,71.97142877601776
2011-03-24 12:00:00,93.27433238927824
2011-03-24 13:00:00,96.82201396617798
2011-03-24 14:00:00,105.21613562371286
2011-03-24 15:00:00,87.82487499034256
2011-03-24 16:00:00,143.5348068622515
2011-03-24 17:00:00,261.64955143333844
2011-03-24 18:00:00,255.78036099784234
2011-03-24 19:00:00,183.0744722258324
2011-03-24 20:00:00,138.18962836111405
2011-03-24 21:00:00,103.48277714639305
2011-03-24 22:00:00,74.03256421117361
2011-03-24 23:00:00,50.29801502906366
2011-03-25 00:00:00,31.854612467527957
2011-03-25 01:00:00,12.033056904508697
2011-03-25 02:00:00,6.200923578499432
2011-03-25 03:00:00,4.129830538554019
2011-03-25 04:00:00,2.066764745658302
2011-03-25 05:00:00,10.34819394699901
2011-03-25 06:00:00,38.71299179646281
2011-03-25 07:00:00,156.90538448009727
2011-03-25 08:00:00,351.646647399121
2011-03-25 09:00:00,187.62640523023913
2011-03-25 10:00:00,126.99534925975597
2011-03-25 11:00:00,130.38694867970318
2011-03-25 12:00:00,193.3949864162593
2011-03-25 13:00:00,164.70298795391693
2011-03-25 14:00:00,165.3909718947819
2011-03-25 15:00:00,158.0726299617194
2011-03-25 16:00:00,196.12382404261777
2011-03-25 17:00:00,368.0600118507
2011-03-25 18:00:00,301.223807414288
2011-03-25 19:00:00,188.0443895413817
2011-03-25 20:00:00,145.932027402902
2011-03-25 21:00:00,115.30753241924101
2011-03-25 22:00:00,93.11866291078873
2011-03-25 23:00:00,59.62662333666686
2011-03-26 00:00:00,43.72391242649109
2011-03-26 01:00:00,43.44390095003897
2011-03-26 02:00:00,22.20566712683512
2011-03-26 03:00:00,10.775143658089247
2011-03-26 04:00:00,3.333344786944147
2011-03-26 05:00:00,3.2729023329800935
2011-03-26 06:00:00,10.889450329373284
2011-03-26 07:00:00,20.23077544500449
2011-03-26 08:00:00,67.23662716220291
2011-03-26 09:00:00,134.5586980808687
2011-03-26 10:00:00,167.61275364602616
2011-03-26 11:00:00,183.3985213761814
2011-03-26 12:00:00,274.2813986564585
2011-03-26 13:00:00,278.24074475788626
2011-03-26 14:00:00,281.5605051433572
2011-03-26 15:00:00,293.07471489928355
2011-03-26 16:00:00,275.7837560413396
2011-03-26 17:00:00,216.48208294518494
2011-03-26 18:00:00,180.07843735388556
2011-03-26 19:00:00,122.34470119090369
2011-03-26 20:00:00,89.90235986507942
2011-03-26 21:00:00,78.52058486268908
2011-03-26 22:00:00,68.89103924251577
2011-03-26 23:00:00,59.660401046803514
2011-03-27 00:00:00,37.48818317740934
2011-03-27 01:00:00,39.145016087749
2011-03-27 02:00:00,25.33759238939705
2011-03-27 03:00:00,6.273390116503614
2011-03-27 04:00:00,2.6975709561320422
2011-03-27 06:00:00,4.367517804985858
2011-03-27 07:00:00,8.664928625355607
2011-03-27 08:00:00,36.30379102349677
2011-03-27 09:00:00,97.24224949426885
2011-03-27 10:00:00,106.01899443004764
2011-03-27 11:00:00,152.1039914862295
2011-03-27 12:00:00,192.06546305349556
2011-03-27 13:00:00,199.46583938833462
2011-03-27 14:00:00,228.00672222174236
2011-03-27 15:00:00,231.68203965479054
2011-03-27 16:00:00,289.3388915400179
2011-03-27 17:00:00,220.47547489990356
2011-03-27 18:00:00,159.27864994116226
2011-03-27 19:00:00,125.53319966053616
2011-03-27 20:00:00,104.7501868073194
2011-03-27 21:00:00,72.2411197029784
2011-03-27 22:00:00,57.43665829297889
2011-03-27 23:00:00,35.598278224757806
2011-03-28 00:00:00,17.834500957059525
2011-03-28 01:00:00,5.821196407732235
2011-03-28 02:00:00,3.9657256324888444
2011-03-28 03:00:00,2.1418661714940197
2011-03-28 05:00:00,9.103886715646624
2011-03-28 06:00:00,55.407775887985004
2011-03-28 07:00:00,150.96439322448506
2011-03-28 08:00:00,278.28940554496165
2011-03-28 09:00:00,133.40548240637796
2011-03-28 10:00:00,83.88284777383606
2011-03-28 11:00:00,80.27699923161123
2011-03-28 12:00:00,104.79107615129547
2011-03-28 13:00:00,103.04505397147351
2011-03-28 14:00:00,97.59519246402239
2011-03-28 15:00:00,105.71218868027724
2011-03-28 16:00:00,189.64281284388196
2011-03-28 17:00:00,333.54824839492767
2011-03-28 18:00:00,286.70976279637813
2011-03-28 19:00:00,203.7739728710225
2011-03-28 20:00:00,148.42339922350894
2011-03-28 21:00:00,111.87064572477138
2011-03-28 22:00:00,71.995568850923
2011-03-28 23:00:00,36.084615076823596
2011-03-29 00:00:00,22.818437733431765
2011-03-29 01:00:00,6.049006746529636
2011-03-29 02:00:00,3.6507117335733796
2011-03-29 03:00:00,2.3901919172640524
2011-03-29 04:00:00,1.900160535033685
2011-03-29 05:00:00,11.234251238241123
2011-03-29 06:00:00,46.714594288388625
2011-03-29 07:00:00,140.46171608434207
2011-03-29 08:00:00,326.3210188765461
2011-03-29 09:00:00,159.38011699010144
2011-03-29 10:00:00,86.32057898342796
2011-03-29 11:00:00,93.11248383166384
2011-03-29 12:00:00,145.5560329415876
2011-03-29 13:00:00,130.12479163455117
2011-03-29 14:00:00,123.26513326449229
2011-03-29 15:00:00,134.3741806258711
2011-03-29 16:00:00,206.33230077259327
2011-03-29 17:00:00,515.4671823871786
2011-03-29 18:00:00,390.24484864640993
2011-03-29 19:00:00,253.10925114288787
2011-03-29 20:00:00,194.17743428716878
2011-03-29 21:00:00,128.90995958885844
2011-03-29 22:00:00,90.21027398325927
2011-03-29 23:00:00,41.27164229818358
2011-03-30 00:00:00,25.92992149995523
2011-03-30 01:00:00,9.134694807680436
2011-03-30 02:00:00,4.9688316285403396
2011-03-30 03:00:00,3.5660330829608813
2011-03-30 04:00:00,3.3730096322031593
2011-03-30 05:00:00,15.280991119087261
2011-03-30 06:00:00,70.17846372724496
2011-03-30 07:00:00,235.63210025918465
2011-03-30 08:00:00,390.2169417790171
2011-03-30 09:00:00,184.54597440546308
2011-03-30 10:00:00,90.31759955298683
2011-03-30 11:00:00,94.56603035652523
2011-03-30 12:00:00,120.55497267534611
2011-03-30 13:00:00,111.62116368549125
2011-03-30 14:00:00,96.11805468705168
2011-03-30 15:00:00,44.62041369320756
2011-03-30 16:00:00,54.53412282239342
2011-03-30 17:00:00,87.33555674002498
2011-03-30 18:00:00,117.93988714233843
2011-03-30 19:00:00,89.95791581025726
2011-03-30 20:00:00,37.762954809180734
2011-03-30 21:00:00,47.540688264847056
2011-03-30 22:00:00,20.699863341340897
2011-03-30 23:00:00,10.762962377112663
2011-03-31 00:00:00,8.570285557384095
2011-03-31 01:00:00,4.652519558071874
2011-03-31 02:00:00,3.3755818741784256
2011-03-31 03:00:00,1.1411178249357934
2011-03-31 04:00:00,1.3809286244707517
2011-03-31 05:00:00,7.202116961201629
2011-03-31 06:00:00,29.252312104309787
2011-03-31 07:00:00,78.95753297068786
2011-03-31 08:00:00,210.65919762190356
2011-03-31 09:00:00,56.78952377881025
2011-03-31 10:00:00,34.99262744364758
2011-03-31 11:00:00,37.71738834270303
2011-03-31 12:00:00,44.12999347899101
2011-03-31 13:00:00,57.75277505554988
2011-03-31 14:00:00,51.78241812613218
2011-03-31 15:00:00,40.97610157986835
2011-03-31 16:00:00,87.71426587948079
2011-03-31 17:00:00,199.39854121741035
2011-03-31 18:00:00,260.8464115379561
2011-03-31 19:00:00,182.9043251551033
2011-03-31 20:00:00,51.53251203328697
2011-03-31 21:00:00,74.15033395323535
2011-03-31 22:00:00,28.41895927456634
2011-03-31 23:00:00,22.062951221279594
2011-04-20 00:00:00,23.331351453010633
2011-04-20 01:00:00,7.12235873933788
2011-04-20 02:00:00,5.332250732186102
2011-04-20 03:00:00,3.079557882795416
2011-04-20 04:00:00,2.357232397932595
2011-04-20 05:00:00,13.098958998420738
2011-04-20 06:00:00,63.78092724760509
2011-04-20 07:00:00,184.6371192954636
2011-04-20 08:00:00,550.2279025302197
2011-04-20 09:00:00,317.14715860235435
2011-04-20 10:00:00,179.42709844780669
2011-04-20 11:00:00,203.58732798506756
2011-04-20 12:00:00,218.85479267698892
2011-04-20 13:00:00,212.58252941245186
2011-04-20 14:00:00,180.46266098646765
2011-04-20 15:00:00,249.23229596128095
2011-04-20 16:00:00,345.97832626233395
2011-04-20 17:00:00,625.6074047992653
2011-04-20 18:00:00,632.6412468466065
2011-04-20 19:00:00,543.9427148648736
2011-04-20 20:00:00,374.3858820677668
2011-04-20 21:00:00,279.30251322273335
2011-04-20 22:00:00,176.23938546088286
2011-04-20 23:00:00,113.9748365662749
2011-04-21 00:00:00,50.4911029571776
2011-04-21 01:00:00,15.778423425747683
2011-04-21 02:00:00,9.709892462236997
2011-04-21 03:00:00,4.1601490423071015
2011-04-21 04:00:00,3.758536492287124
2011-04-21 05:00:00,20.738155299026094
2011-04-21 06:00:00,97.24647306329534
2011-04-21 07:00:00,287.77482682151276
2011-04-21 08:00:00,496.76977266058896
2011-04-21 09:00:00,211.6452435723979
2011-04-21 10:00:00,126.07515325970441
2011-04-21 11:00:00,149.5267823130191
2011-04-21 12:00:00,194.1927766663594
2011-04-21 13:00:00,199.83915489842582
2011-04-21 14:00:00,192.0080621482393
2011-04-21 15:00:00,189.24311685222094
2011-04-21 16:00:00,263.70296137680623
2011-04-21 17:00:00,559.4060577700006
2011-04-21 18:00:00,520.9669993476075
2011-04-21 19:00:00,343.09918239401924
2011-04-21 20:00:00,266.2048945658058
2011-04-21 21:00:00,170.31190183342778
2011-04-21 22:00:00,134.72559360578094
2011-04-21 23:00:00,87.65429018570879
2011-04-22 00:00:00,37.68196440363333
2011-04-22 01:00:00,18.13861336384303
2011-04-22 02:00:00,10.512359831718609
2011-04-22 03:00:00,4.868219383618844
2011-04-22 04:00:00,3.842251138666087
2011-04-22 05:00:00,21.537932929279393
2011-04-22 06:00:00,78.02052896265445
2011-04-22 07:00:00,211.9417763373842
2011-04-22 08:00:00,438.4300152766084
2011-04-22 09:00:00,122.30773522480983
2011-04-22 10:00:00,108.79218727141694
2011-04-22 11:00:00,79.60123839485473
2011-04-22 12:00:00,115.45765588014642
2011-04-22 13:00:00,73.53223444383553
2011-04-22 14:00:00,56.68513604520598
2011-04-22 15:00:00,72.87086889744144
2011-04-22 16:00:00,87.24559448401077
2011-04-22 17:00:00,120.84495471929054
2011-04-22 18:00:00,102.09582772249604
2011-04-22 19:00:00,72.78042302481039
2011-04-22 20:00:00,61.430443967004045
2011-04-22 21:00:00,53.714803954023346
2011-04-22 22:00:00,34.00004735452827
2011-04-22 23:00:00,32.43928138190642
2011-04-23 00:00:00,29.219370808511353
2011-04-23 01:00:00,27.888822986400157
2011-04-23 02:00:00,21.428615059852483
2011-04-23 03:00:00,8.346769542624317
2011-04-23 04:00:00,4.4947162621449515
2011-04-23 05:00:00,3.114613052556956
2011-04-23 06:00:00,15.02578290336858
2011-04-23 07:00:00,14.347347000539573
2011-04-23 08:00:00,28.148204903299302
2011-04-23 09:00:00,74.7237498297688
2011-04-23 10:00:00,155.7207650430902
2011-04-23 11:00:00,212.00037719828984
2011-04-23 12:00:00,276.2498160510372
2011-04-23 13:00:00,305.29933410881534
2011-04-23 14:00:00,417.6084674788383
2011-04-23 15:00:00,434.3184057055745
2011-04-23 16:00:00,476.0616113637514
2011-04-23 17:00:00,427.64313232573693
2011-04-23 18:00:00,425.5932494370487
2011-04-23 19:00:00,267.48535373597923
2011-04-23 20:00:00,163.3637606805
2011-04-23 21:00:00,147.58156376268826
2011-04-23 22:00:00,155.05178109264975
2011-04-23 23:00:00,120.14165107359376
2011-04-24 00:00:00,67.44534537958933
2011-04-24 01:00:00,76.61255854716082
2011-04-24 02:00:00,54.92486736558791
2011-04-24 03:00:00,27.202553615717516
2011-04-24 04:00:00,7.353347527377429
2011-04-24 05:00:00,8.321066790381947
2011-04-24 06:00:00,14.049545499289497
2011-04-24 07:00:00,23.73402740670053
2011-04-24 08:00:00,84.75945991687333
2011-04-24 09:00:00,190.14348022395868
2011-04-24 10:00:00,361.89680553477194
2011-04-24 11:00:00,435.87965986180416
2011-04-24 12:00:00,463.08649561709876
2011-04-24 13:00:00,448.81591124206653
2011-04-24 14:00:00,440.23731068642513
2011-04-24 15:00:00,485.65153453547805
2011-04-24 16:00:00,418.65307116248107
2011-04-24 17:00:00,414.80159259766594
2011-04-24 18:00:00,378.74050414433185
2011-04-24 19:00:00,133.47740698109885
2011-04-24 20:00:00,108.09543404843697
2011-04-24 21:00:00,79.40949155520426
2011-04-24 22:00:00,40.623295532587605
2011-04-24 23:00:00,39.6571431281448
2011-04-25 00:00:00,12.709021113796473
2011-04-25 01:00:00,8.294686967740915
2011-04-25 02:00:00,5.297241436266939
2011-04-25 03:00:00,2.7509717347661153
2011-04-25 04:00:00,3.3279956992750725
2011-04-25 05:00:00,10.722462033833633
2011-04-25 06:00:00,75.85339884906938
2011-04-25 07:00:00,166.06551418725292
2011-04-25 08:00:00,468.45705199421354
2011-04-25 09:00:00,257.53457004596095
2011-04-25 10:00:00,144.35726707210216
2011-04-25 11:00:00,167.6343979871898
2011-04-25 12:00:00,205.73157995604302
2011-04-25 13:00:00,199.81630003816136
2011-04-25 14:00:00,187.48357286666692
2011-04-25 15:00:00,196.7197842687788
2011-04-25 16:00:00,314.08710577002483
2011-04-25 17:00:00,563.1032243732834
2011-04-25 18:00:00,574.1746885776146
2011-04-25 19:00:00,417.8426349768612
2011-04-25 20:00:00,292.2342790152856
2011-04-25 21:00:00,208.20351856667028
2011-04-25 22:00:00,140.23799058031776
2011-04-25 23:00:00,83.63708295452615
2011-04-26 00:00:00,45.156934451696216
2011-04-26 01:00:00,14.180573566969185
2011-04-26 02:00:00,5.565311452789171
2011-04-26 03:00:00,3.5916368062273967
2011-04-26 04:00:00,4.973580392443985
2011-04-26 05:00:00,24.837166090212584
2011-04-26 06:00:00,129.24478811513632
2011-04-26 07:00:00,298.26063595406293
2011-04-26 08:00:00,428.3013730240416
2011-04-26 09:00:00,260.84058596982914
2011-04-26 10:00:00,139.91817888559132
2011-04-26 11:00:00,174.70827537352494
2011-04-26 12:00:00,215.1760258953738
2011-04-26 13:00:00,190.32928813360812
2011-04-26 14:00:00,191.59543015052412
2011-04-26 15:00:00,208.6068092551023
2011-04-26 16:00:00,328.9632807405975
2011-04-26 17:00:00,614.9652064947592
2011-04-26 18:00:00,591.6259402923341
2011-04-26 19:00:00,395.31942342620533
2011-04-26 20:00:00,272.98993917092105
2011-04-26 21:00:00,211.6622573553043
2011-04-26 22:00:00,117.6974387406051
2011-04-26 23:00:00,70.23266148529243
2011-04-27 00:00:00,42.98197349732573
2011-04-27 01:00:00,15.45265873402306
2011-04-27 02:00:00,6.465136380692643
2011-04-27 03:00:00,3.7880173795361767
2011-04-27 04:00:00,3.7314983441586786
2011-04-27 05:00:00,17.33937289907378
2011-04-27 06:00:00,99.0811078644338
2011-04-27 07:00:00,241.97888035333727
2011-04-27 08:00:00,352.68530772623865
2011-04-27 09:00:00,177.30094826158663
2011-04-27 10:00:00,142.50247873261767
2011-04-27 11:00:00,190.8988329379006
2011-04-27 12:00:00,214.77413196119022
2011-04-27 13:00:00,201.7407597489176
2011-04-27 14:00:00,195.69063169702162
2011-04-27 15:00:00,183.59383936467322
2011-04-27 16:00:00,289.4990869244576
2011-04-27 17:00:00,293.77614285435084
2011-04-27 18:00:00,287.9009449074014
2011-04-27 19:00:00,439.71824098474264
2011-04-27 20:00:00,245.6572705503892
2011-04-27 21:00:00,156.2527039980865
2011-04-27 22:00:00,95.89500028803603
2011-04-27 23:00:00,64.56442006801812
2011-04-28 00:00:00,46.12740976933792
2011-04-28 01:00:00,13.727058803205244
2011-04-28 02:00:00,7.7280351443791355
2011-04-28 03:00:00,4.619925245933445
2011-04-28 04:00:00,4.6958135913076795
2011-04-28 05:00:00,26.40883692097483
2011-04-28 06:00:00,144.21843728531485
2011-04-28 07:00:00,339.29512840108185
2011-04-28 08:00:00,498.49902574773495
2011-04-28 09:00:00,127.31491912509887
2011-04-28 10:00:00,116.67388062784752
2011-04-28 11:00:00,154.27856948146484
2011-04-28 12:00:00,213.90440565678756
2011-04-28 13:00:00,166.1357226881584
2011-04-28 14:00:00,163.0957451026406
2011-04-28 15:00:00,201.76081498527137
2011-04-28 16:00:00,328.66098691828523
2011-04-28 17:00:00,637.0960324321267
2011-04-28 18:00:00,601.8349229665937
2011-04-28 19:00:00,456.09362546217216
2011-04-28 20:00:00,337.20894484828676
2011-04-28 21:00:00,248.93911600039223
2011-04-28 22:00:00,169.98536700663485
2011-04-28 23:00:00,119.1489518129116
2011-04-29 00:00:00,60.78905366050154
2011-04-29 01:00:00,31.404001576429764
2011-04-29 02:00:00,16.276497345650725
2011-04-29 03:00:00,7.84094546865269
2011-04-29 04:00:00,5.846879876962541
2011-04-29 05:00:00,32.83448874287902
2011-04-29 06:00:00,128.6774434805482
2011-04-29 07:00:00,417.76645130698057
2011-04-29 08:00:00,718.1895943179417
2011-04-29 09:00:00,310.3426249483498
2011-04-29 10:00:00,216.09042384452457
2011-04-29 11:00:00,240.50122848612372
2011-04-29 12:00:00,330.1407863354428
2011-04-29 13:00:00,307.74852657214893
2011-04-29 14:00:00,292.64488600710456
2011-04-29 15:00:00,238.58173372921658
2011-04-29 16:00:00,296.22830728670306
2011-04-29 17:00:00,507.4250892826642
2011-04-29 18:00:00,509.33473357642765
2011-04-29 19:00:00,278.8031094891689
2011-04-29 20:00:00,240.2060935496455
2011-04-29 21:00:00,182.8382887039205
2011-04-29 22:00:00,160.9543541342408
2011-04-29 23:00:00,99.1360366374235
2011-04-30 00:00:00,63.80593427007871
2011-04-30 01:00:00,62.53802749050897
2011-04-30 02:00:00,43.69361690855646
2011-04-30 03:00:00,20.258711951307216
2011-04-30 04:00:00,6.796440082995021
2011-04-30 05:00:00,6.420744427817797
2011-04-30 06:00:00,25.15295856976295
2011-04-30 07:00:00,38.27617773910319
2011-04-30 08:00:00,107.84434153762135
2011-04-30 09:00:00,159.88873147281143
2011-04-30 10:00:00,264.15678021414726
2011-04-30 11:00:00,350.848177333657
2011-04-30 12:00:00,396.8004042817053
2011-04-30 13:00:00,523.5754926351576
2011-04-30 14:00:00,530.3910359673494
2011-04-30 15:00:00,686.1492611003519
2011-04-30 16:00:00,583.2738204079149
2011-04-30 17:00:00,518.0283762073572
2011-04-30 18:00:00,440.72406801834893
2011-04-30 19:00:00,327.7515452321809
2011-04-30 20:00:00,159.12626622627002
2011-04-30 21:00:00,133.27491285807073
2011-04-30 22:00:00,118.02996292455582
2011-04-30 23:00:00,108.75769121991969
2011-05-20 00:00:00,40.81252417184943
2011-05-20 01:00:00,14.216428984563368
2011-05-20 02:00:00,8.476129253382483
2011-05-20 03:00:00,5.663846392882345
2011-05-20 04:00:00,4.0884332350611805
2011-05-20 05:00:00,23.032041441201066
2011-05-20 06:00:00,97.93364814046474
2011-05-20 07:00:00,396.9069950463554
2011-05-20 08:00:00,785.2293167619631
2011-05-20 09:00:00,300.01849054640206
2011-05-20 10:00:00,216.44470208702054
2011-05-20 11:00:00,208.37255246424138
2011-05-20 12:00:00,282.3908846931433
2011-05-20 13:00:00,178.3709439037667
2011-05-20 14:00:00,263.168676743264
2011-05-20 15:00:00,267.6324313438731
2011-05-20 16:00:00,358.86131516805943
2011-05-20 17:00:00,680.8681394235643
2011-05-20 18:00:00,584.506502177993
2011-05-20 19:00:00,391.5676279882386
2011-05-20 20:00:00,276.59315813731394
2011-05-20 21:00:00,239.16562980611872
2011-05-20 22:00:00,204.87817234178047
2011-05-20 23:00:00,132.00536051908128
2011-05-21 00:00:00,102.34608424113733
2011-05-21 01:00:00,96.91143258298298
2011-05-21 02:00:00,61.31491136281343
2011-05-21 03:00:00,25.552615889783116
2011-05-21 04:00:00,7.752895517276915
2011-05-21 05:00:00,8.409929235321039
2011-05-21 06:00:00,33.48456975792706
2011-05-21 07:00:00,65.87004017578286
2011-05-21 08:00:00,137.19642453514732
2011-05-21 09:00:00,285.09678259468177
2011-05-21 10:00:00,422.7030699274147
2011-05-21 11:00:00,513.9061279594274
2011-05-21 12:00:00,615.555129299137
2011-05-21 13:00:00,601.1953616660883
2011-05-21 14:00:00,557.8125820266811
2011-05-21 15:00:00,544.0071198478693
2011-05-21 16:00:00,463.18200384130455
2011-05-21 17:00:00,418.72103488800985
2011-05-21 18:00:00,435.68430519643675
2011-05-21 19:00:00,358.3293509896818
2011-05-21 20:00:00,262.42040734771746
2011-05-21 21:00:00,230.63401033596764
2011-05-21 22:00:00,199.3285523899844
2011-05-21 23:00:00,186.241767418802
2011-05-22 00:00:00,85.04429319943497
2011-05-22 01:00:00,70.76712832921423
2011-05-22 02:00:00,50.79471825899241
2011-05-22 03:00:00,27.82539148780115
2011-05-22 04:00:00,6.924593946197602
2011-05-22 05:00:00,5.903059226440691
2011-05-22 06:00:00,18.649803156107897
2011-05-22 07:00:00,46.82593306806225
2011-05-22 08:00:00,124.36233720048544
2011-05-22 09:00:00,250.8332165329173
2011-05-22 10:00:00,372.74186415711966
2011-05-22 11:00:00,393.43236905230617
2011-05-22 12:00:00,441.41780323056815
2011-05-22 13:00:00,481.66504389325996
2011-05-22 14:00:00,305.0017972118801
2011-05-22 15:00:00,460.1902412629921
2011-05-22 16:00:00,502.57237349694714
2011-05-22 17:00:00,424.6029715950633
2011-05-22 18:00:00,373.6841103257697
2011-05-22 19:00:00,309.4682213564742
2011-05-22 20:00:00,248.51656687325686
2011-05-22 21:00:00,201.4717492152232
2011-05-22 22:00:00,139.52443795387728
2011-05-22 23:00:00,78.01898079108211
2011-05-23 00:00:00,36.96623774917647
2011-05-23 01:00:00,13.984469353989875
2011-05-23 02:00:00,7.478379749850694
2011-05-23 03:00:00,2.6599021774574334
2011-05-23 04:00:00,4.279592406812539
2011-05-23 05:00:00,19.82057180386196
2011-05-23 06:00:00,90.17798546609978
2011-05-23 07:00:00,249.4769389510255
2011-05-23 08:00:00,470.01578956352205
2011-05-23 09:00:00,233.927108027722
2011-05-23 10:00:00,138.2404733963656
2011-05-23 11:00:00,164.12890575218267
2011-05-23 12:00:00,192.5166220640637
2011-05-23 13:00:00,161.48560223947456
2011-05-23 14:00:00,152.60624096057043
2011-05-23 15:00:00,164.16519569242905
2011-05-23 16:00:00,286.904017243561
2011-05-23 17:00:00,495.95451423278985
2011-05-23 18:00:00,532.9274425043209
2011-05-23 19:00:00,380.2277649754314
2011-05-23 20:00:00,237.69767513264838
2011-05-23 21:00:00,180.7216059825035
2011-05-23 22:00:00,111.10408043634516
2011-05-23 23:00:00,65.57259531493416
2011-05-24 00:00:00,30.346747356490212
2011-05-24 01:00:00,9.626539425188446
2011-05-24 02:00:00,4.690188752650247
2011-05-24 03:00:00,3.0071225312245735
2011-05-24 04:00:00,5.5279998419283265
2011-05-24 05:00:00,19.588868070703654
2011-05-24 06:00:00,98.4957949686581
2011-05-24 07:00:00,270.1626890840789
2011-05-24 08:00:00,307.0659654131685
2011-05-24 09:00:00,269.4525376749394
2011-05-24 10:00:00,158.54214460632664
2011-05-24 11:00:00,176.82725069214857
2011-05-24 12:00:00,192.30037800370988
2011-05-24 13:00:00,203.96330704536174
2011-05-24 14:00:00,190.28772929719068
2011-05-24 15:00:00,172.79467179823408
2011-05-24 16:00:00,350.5142910353563
2011-05-24 17:00:00,641.2184315544904
2011-05-24 18:00:00,576.4049340189546
2011-05-24 19:00:00,440.39980630560547
2011-05-24 20:00:00,310.2268832395548
2011-05-24 21:00:00,231.17071441880384
2011-05-24 22:00:00,77.27560634643424
2011-05-24 23:00:00,72.2941148841815
2011-05-25 00:00:00,24.489787435907328
2011-05-25 01:00:00,12.292486910876736
2011-05-25 02:00:00,5.82739408647225
2011-05-25 03:00:00,4.012294931236604
2011-05-25 04:00:00,3.569470513947298
2011-05-25 05:00:00,24.445567020826672
2011-05-25 06:00:00,100.99740156548475
2011-05-25 07:00:00,424.8465243654975
2011-05-25 08:00:00,572.6931694231097
2011-05-25 09:00:00,332.5635222047555
2011-05-25 10:00:00,171.90959327395484
2011-05-25 11:00:00,186.0115507601065
2011-05-25 12:00:00,229.95339121549867
2011-05-25 13:00:00,224.2071180936793
2011-05-25 14:00:00,197.38497639940869
2011-05-25 15:00:00,212.79293077437998
2011-05-25 16:00:00,296.466872698487
2011-05-25 17:00:00,618.2062274199913
2011-05-25 18:00:00,614.138434389964
2011-05-25 19:00:00,477.5125536689777
2011-05-25 20:00:00,292.9897231054777
2011-05-25 21:00:00,258.58376269606765
2011-05-25 22:00:00,163.6312749978514
2011-05-25 23:00:00,119.31957928728615
2011-05-26 00:00:00,53.911397571240904
2011-05-26 01:00:00,19.890872570881513
2011-05-26 02:00:00,9.568569650270906
2011-05-26 03:00:00,4.771673945729652
2011-05-26 04:00:00,5.330460659153191
2011-05-26 05:00:00,27.200107922510277
2011-05-26 06:00:00,98.53289547591007
2011-05-26 07:00:00,246.90047324795012
2011-05-26 08:00:00,481.15429003030044
2011-05-26 09:00:00,278.2463699818128
2011-05-26 10:00:00,145.75862698369488
2011-05-26 11:00:00,175.4872775079852
2011-05-26 12:00:00,211.76986984505496
2011-05-26 13:00:00,198.73117727662412
2011-05-26 14:00:00,188.32912674298632
2011-05-26 15:00:00,190.23484240519937
2011-05-26 16:00:00,271.9295601575319
2011-05-26 17:00:00,605.4361333572788
2011-05-26 18:00:00,605.2485726413106
2011-05-26 19:00:00,441.3120919256698
2011-05-26 20:00:00,320.93422745478824
2011-05-26 21:00:00,244.9608904414665
2011-05-26 22:00:00,175.7934378516521
2011-05-26 23:00:00,113.50098583089333
2011-05-27 00:00:00,60.12637692220332
2011-05-27 01:00:00,29.058343593800046
2011-05-27 02:00:00,16.30884976370781
2011-05-27 03:00:00,7.515467360158343
2011-05-27 04:00:00,7.1552741950383245
2011-05-27 05:00:00,35.410379682062
2011-05-27 06:00:00,138.38922792243858
2011-05-27 07:00:00,375.4015036304076
2011-05-27 08:00:00,566.1659263044468
2011-05-27 09:00:00,287.50745764589874
2011-05-27 10:00:00,201.43564175933443
2011-05-27 11:00:00,207.56991798265952
2011-05-27 12:00:00,248.19297227777312
2011-05-27 13:00:00,260.41782228608207
2011-05-27 14:00:00,243.59071483894184
2011-05-27 15:00:00,259.946249595145
2011-05-27 16:00:00,296.36647941958483
2011-05-27 17:00:00,548.831490570146
2011-05-27 18:00:00,495.90072880883446
2011-05-27 19:00:00,220.92935800262777
2011-05-27 20:00:00,246.4653795490249
2011-05-27 21:00:00,201.46520208260978
2011-05-27 22:00:00,216.41652035857277
2011-05-27 23:00:00,134.49319218628958
2011-05-28 00:00:00,110.01257327953377
2011-05-28 01:00:00,98.75950960673735
2011-05-28 02:00:00,48.30427833095205
2011-05-28 03:00:00,32.507632057438215
2011-05-28 04:00:00,9.62190365594355
2011-05-28 05:00:00,10.24377676548903
2011-05-28 06:00:00,34.105492860739076
2011-05-28 07:00:00,52.48679996472555
2011-05-28 08:00:00,149.07211429811275
2011-05-28 09:00:00,264.48421468915996
2011-05-28 10:00:00,365.136552698365
2011-05-28 11:00:00,452.0711064725468
2011-05-28 12:00:00,529.30233471494
2011-05-28 13:00:00,529.2121756469402
2011-05-28 14:00:00,508.7241901964841
2011-05-28 15:00:00,523.9997872714588
2011-05-28 16:00:00,472.92504410238445
2011-05-28 17:00:00,446.11724520570306
2011-05-28 18:00:00,401.48049974171954
2011-05-28 19:00:00,349.86883335905674
2011-05-28 20:00:00,236.40156858787054
2011-05-28 21:00:00,192.48808325803623
2011-05-28 22:00:00,176.00443365256632
2011-05-28 23:00:00,152.58625555618107
2011-05-29 00:00:00,83.41598414868902
2011-05-29 01:00:00,94.61994248821829
2011-05-29 02:00:00,61.39963769094214
2011-05-29 03:00:00,36.99574908736913
2011-05-29 04:00:00,10.489596782054265
2011-05-29 05:00:00,9.81526066338917
2011-05-29 06:00:00,21.232391488534294
2011-05-29 07:00:00,37.072046225841476
2011-05-29 08:00:00,81.66927633432391
2011-05-29 09:00:00,140.12078191084373
2011-05-29 10:00:00,265.3242033517099
2011-05-29 11:00:00,311.32587569714264
2011-05-29 12:00:00,419.21895624076393
2011-05-29 13:00:00,424.10748311837557
2011-05-29 14:00:00,405.7213530921772
2011-05-29 15:00:00,415.59332327413176
2011-05-29 16:00:00,423.79004464502685
2011-05-29 17:00:00,408.39710028464464
2011-05-29 18:00:00,326.8852745778453
2011-05-29 19:00:00,268.60846987850357
2011-05-29 20:00:00,247.81003461891362
2011-05-29 21:00:00,170.1950601976663
2011-05-29 22:00:00,141.48605622780477
2011-05-29 23:00:00,88.36775748243883
2011-05-30 00:00:00,121.20247006881857
2011-05-30 01:00:00,72.1489771970366
2011-05-30 02:00:00,30.62041527909064
2011-05-30 03:00:00,11.601186962272203
2011-05-30 04:00:00,14.040195520219484
2011-05-30 05:00:00,14.573968460186428
2011-05-30 06:00:00,61.17381095216721
2011-05-30 07:00:00,82.60792248082143
2011-05-30 08:00:00,348.0555080499994
2011-05-30 09:00:00,236.97328544548841
2011-05-30 10:00:00,273.39064343861423
2011-05-30 11:00:00,340.582315284523
2011-05-30 12:00:00,410.85410284134855
2011-05-30 13:00:00,422.28727232013745
2011-05-30 14:00:00,410.9141069005947
2011-05-30 15:00:00,371.98600333039445
2011-05-30 16:00:00,412.42766894234603
2011-05-30 17:00:00,361.47853400905274
2011-05-30 18:00:00,315.8435626329384
2011-05-30 19:00:00,211.5010159691082
2011-05-30 20:00:00,226.51388391185893
2011-05-30 21:00:00,193.64415019335686
2011-05-30 22:00:00,141.09114289939512
2011-05-30 23:00:00,115.3140009289147
2011-05-31 00:00:00,45.65351689925533
2011-05-31 01:00:00,13.75550475222901
2011-05-31 02:00:00,5.693989351613557
2011-05-31 03:00:00,2.9528132732228163
2011-05-31 04:00:00,5.499724917024284
2011-05-31 05:00:00,28.983147543896884
2011-05-31 06:00:00,155.8003636539734
2011-05-31 07:00:00,389.67116770664677
2011-05-31 08:00:00,538.5160968393159
2011-05-31 09:00:00,276.5182759722767
2011-05-31 10:00:00,151.3869643363417
2011-05-31 11:00:00,160.57051067834334
2011-05-31 12:00:00,205.88477583149435
2011-05-31 13:00:00,145.97797150852185
2011-05-31 14:00:00,157.48826333939783
2011-05-31 15:00:00,165.93524667306886
2011-05-31 16:00:00,247.6467019868848
2011-05-31 17:00:00,563.4771015049777
2011-05-31 18:00:00,556.224374631153
2011-05-31 19:00:00,423.0655721054194
2011-05-31 20:00:00,293.75378225114275
2011-05-31 21:00:00,242.2627704018315
2011-05-31 22:00:00,155.0157248269461
2011-05-31 23:00:00,97.87228897994778
2011-06-20 00:00:00,41.55035769463677
2011-06-20 01:00:00,14.14374605295376
2011-06-20 02:00:00,8.726513830548631
2011-06-20 03:00:00,3.3748793975782245
2011-06-20 04:00:00,4.433124820148888
2011-06-20 05:00:00,22.470741466278024
2011-06-20 06:00:00,111.36925393096182
2011-06-20 07:00:00,192.78972752267362
2011-06-20 08:00:00,295.7434622573946
2011-06-20 09:00:00,260.70479839019924
2011-06-20 10:00:00,137.55322896469642
2011-06-20 11:00:00,173.0225917592041
2011-06-20 12:00:00,213.25456904302487
2011-06-20 13:00:00,217.49514199868256
2011-06-20 14:00:00,198.99878610581885
2011-06-20 15:00:00,218.9025374345266
2011-06-20 16:00:00,317.17520554684626
2011-06-20 17:00:00,588.2988000437973
2011-06-20 18:00:00,574.6354065269746
2011-06-20 19:00:00,437.06915799561153
2011-06-20 20:00:00,282.43244840343135
2011-06-20 21:00:00,220.1035575008749
2011-06-20 22:00:00,141.87505565862608
2011-06-20 23:00:00,84.14209131542488
2011-06-21 00:00:00,46.07517154075178
2011-06-21 01:00:00,11.592680011769135
2011-06-21 02:00:00,5.6708200518304785
2011-06-21 03:00:00,2.9905355890601477
2011-06-21 04:00:00,4.813676392539395
2011-06-21 05:00:00,22.981987633399537
2011-06-21 06:00:00,113.2925005956583
2011-06-21 07:00:00,235.42847265747233
2011-06-21 08:00:00,414.6370984576192
2011-06-21 09:00:00,168.0107710732745
2011-06-21 10:00:00,152.58200944235077
2011-06-21 11:00:00,180.08292858302084
2011-06-21 12:00:00,208.93641661299435
2011-06-21 13:00:00,218.70796103789615
2011-06-21 14:00:00,195.08523237505986
2011-06-21 15:00:00,215.22307009832934
2011-06-21 16:00:00,339.15067629379485
2011-06-21 17:00:00,603.5222081683369
2011-06-21 18:00:00,589.001254325681
2011-06-21 19:00:00,412.2578828174025
2011-06-21 20:00:00,231.76543782072093
2011-06-21 21:00:00,235.52665744569936
2011-06-21 22:00:00,171.67125307176096
2011-06-21 23:00:00,107.54601733371774
2011-06-22 00:00:00,52.51602660113127
2011-06-22 01:00:00,20.31303484216022
2011-06-22 02:00:00,7.859056993150384
2011-06-22 03:00:00,7.148831258150998
2011-06-22 04:00:00,6.4293317995113926
2011-06-22 05:00:00,22.67639262376734
2011-06-22 06:00:00,169.34529539356046
2011-06-22 07:00:00,397.7162256778485
2011-06-22 08:00:00,593.4613720868156
2011-06-22 09:00:00,272.1061109109628
2011-06-22 10:00:00,153.79207328891223
2011-06-22 11:00:00,190.28470321985662
2011-06-22 12:00:00,256.84418593111025
2011-06-22 13:00:00,237.7832778539937
2011-06-22 14:00:00,221.68329021658153
2011-06-22 15:00:00,238.81201886208197
2011-06-22 16:00:00,339.1581265651683
2011-06-22 17:00:00,675.230530330973
2011-06-22 18:00:00,725.6402687337794
2011-06-22 19:00:00,519.3629278054351
2011-06-22 20:00:00,352.65604699854026
2011-06-22 21:00:00,250.53808718428579
2011-06-22 22:00:00,200.0940579711138
2011-06-22 23:00:00,122.39912543259351
2011-06-23 00:00:00,46.727378764536546
2011-06-23 01:00:00,17.827553352246102
2011-06-23 02:00:00,9.453971673332138
2011-06-23 03:00:00,6.06241657407563
2011-06-23 04:00:00,6.236383885369836
2011-06-23 05:00:00,31.930059331434347
2011-06-23 06:00:00,154.9821544456753
2011-06-23 07:00:00,406.9258363675748
2011-06-23 08:00:00,588.9902186325652
2011-06-23 09:00:00,279.817155996094
2011-06-23 10:00:00,174.5882508663094
2011-06-23 11:00:00,122.16117532903083
2011-06-23 12:00:00,226.18463961040382
2011-06-23 13:00:00,223.81523047144083
2011-06-23 14:00:00,196.39130946630993
2011-06-23 15:00:00,225.22871429014776
2011-06-23 16:00:00,345.31318946113544
2011-06-23 17:00:00,589.6057064186843
2011-06-23 18:00:00,547.917851684804
2011-06-23 19:00:00,454.92988396902837
2011-06-23 20:00:00,339.6449272405631
2011-06-23 21:00:00,247.13965968857437
2011-06-23 22:00:00,169.34108997986058
2011-06-23 23:00:00,120.44747200130828
2011-06-24 00:00:00,65.80622963432197
2011-06-24 01:00:00,26.346897390456895
2011-06-24 02:00:00,13.223962464317086
2011-06-24 03:00:00,7.565966179925475
2011-06-24 04:00:00,6.257563607487152
2011-06-24 05:00:00,27.597310479638864
2011-06-24 06:00:00,129.02875371195785
2011-06-24 07:00:00,303.98559600912836
2011-06-24 08:00:00,564.5714404841152
2011-06-24 09:00:00,272.3316095166457
2011-06-24 10:00:00,212.50821344786706
2011-06-24 11:00:00,240.2936409842004
2011-06-24 12:00:00,294.5577361673391
2011-06-24 13:00:00,282.88223161294144
2011-06-24 14:00:00,264.45880389346263
2011-06-24 15:00:00,267.3064662948883
2011-06-24 16:00:00,367.1882718682512
2011-06-24 17:00:00,671.1790163505844
2011-06-24 18:00:00,593.8228196153215
2011-06-24 19:00:00,407.6158728303479
2011-06-24 20:00:00,298.09393582580066
2011-06-24 21:00:00,251.65338020914325
2011-06-24 22:00:00,232.63457722823887
2011-06-24 23:00:00,165.92904274019315
2011-06-25 00:00:00,114.86931649627198
2011-06-25 01:00:00,112.18865795259848
2011-06-25 02:00:00,77.1118545777044
2011-06-25 03:00:00,36.05532504361422
2011-06-25 04:00:00,11.48757260575861
2011-06-25 05:00:00,12.33350387393869
2011-06-25 06:00:00,26.36868957175927
2011-06-25 07:00:00,58.65709388617745
2011-06-25 08:00:00,129.9192850649874
2011-06-25 09:00:00,250.15968143520556
2011-06-25 10:00:00,365.8208063635557
2011-06-25 11:00:00,461.54149530276004
2011-06-25 12:00:00,518.8255135093373
2011-06-25 13:00:00,534.466576981707
2011-06-25 14:00:00,511.3071573418814
2011-06-25 15:00:00,553.73317864483
2011-06-25 16:00:00,476.12350968363614
2011-06-25 17:00:00,453.0009692253326
2011-06-25 18:00:00,414.6726393421678
2011-06-25 19:00:00,338.0333134302751
2011-06-25 20:00:00,251.853396023453
2011-06-25 21:00:00,217.87199678892995
2011-06-25 22:00:00,198.74456893732201
2011-06-25 23:00:00,163.101076564599
2011-06-26 00:00:00,102.8137256468705
2011-06-26 01:00:00,111.17681674854886
2011-06-26 02:00:00,89.93927469078115
2011-06-26 03:00:00,42.324828307866895
2011-06-26 04:00:00,11.819268909223824
2011-06-26 05:00:00,12.60722795317255
2011-06-26 06:00:00,18.006435033912073
2011-06-26 07:00:00,49.687408414984986
2011-06-26 08:00:00,111.48031207828959
2011-06-26 09:00:00,223.25828121472506
2011-06-26 10:00:00,341.83022646711925
2011-06-26 11:00:00,405.1266468798068
2011-06-26 12:00:00,454.659891038135
2011-06-26 13:00:00,469.61999578922655
2011-06-26 14:00:00,454.6230185009862
2011-06-26 15:00:00,457.9115519496734
2011-06-26 16:00:00,458.0213865137059
2011-06-26 17:00:00,443.01467096095956
2011-06-26 18:00:00,376.0994747791196
2011-06-26 19:00:00,311.0623555700577
2011-06-26 20:00:00,247.30106194131596
2011-06-26 21:00:00,189.4046605557888
2011-06-26 22:00:00,155.640755572062
2011-06-26 23:00:00,102.18327619774281
2011-06-27 00:00:00,32.924897759963514
2011-06-27 01:00:00,15.74779894440527
2011-06-27 02:00:00,9.544740454063914
2011-06-27 03:00:00,4.019144648235183
2011-06-27 04:00:00,5.509601883057368
2011-06-27 05:00:00,27.959007364101897
2011-06-27 06:00:00,139.2380597869429
2011-06-27 07:00:00,345.81089410677293
2011-06-27 08:00:00,557.7341440906933
2011-06-27 09:00:00,271.7022607814097
2011-06-27 10:00:00,157.6388875003833
2011-06-27 11:00:00,172.41584564174963
2011-06-27 12:00:00,219.81136629827628
2011-06-27 13:00:00,206.1022158347887
2011-06-27 14:00:00,201.05024329675663
2011-06-27 15:00:00,213.34090309798208
2011-06-27 16:00:00,326.8599648624996
2011-06-27 17:00:00,610.1364618342045
2011-06-27 18:00:00,620.0613573982399
2011-06-27 19:00:00,445.0711639555727
2011-06-27 20:00:00,315.947264115021
2011-06-27 21:00:00,232.88820917661488
2011-06-27 22:00:00,177.28690493325558
2011-06-27 23:00:00,101.4703254394035
2011-06-28 00:00:00,49.22965638884775
2011-06-28 01:00:00,17.24033293850971
2011-06-28 02:00:00,6.966969189116818
2011-06-28 03:00:00,5.333955626420664
2011-06-28 04:00:00,6.65167660889202
2011-06-28 05:00:00,33.07922722030734
2011-06-28 06:00:00,150.15846223396525
2011-06-28 07:00:00,394.15818730052973
2011-06-28 08:00:00,534.0027223027524
2011-06-28 09:00:00,251.52557689524457
2011-06-28 10:00:00,165.0371918514505
2011-06-28 11:00:00,191.49040693743711
2011-06-28 12:00:00,221.1326246510924
2011-06-28 13:00:00,219.97661314301735
2011-06-28 14:00:00,199.31906317753567
2011-06-28 15:00:00,217.56018083324503
2011-06-28 16:00:00,341.9389450859986
2011-06-28 17:00:00,469.39246363383984
2011-06-28 18:00:00,483.3470362843425
2011-06-28 19:00:00,468.50254050427066
2011-06-28 20:00:00,349.57613596278173
2011-06-28 21:00:00,240.61788149198833
2011-06-28 22:00:00,157.6602237005605
2011-06-28 23:00:00,101.21117898723179
2011-06-29 00:00:00,52.27655918913337
2011-06-29 01:00:00,17.675745887162165
2011-06-29 02:00:00,7.053590028824893
2011-06-29 03:00:00,7.197716135207983
2011-06-29 04:00:00,6.719251844023275
2011-06-29 05:00:00,32.8129213467427
2011-06-29 06:00:00,161.10645839023283
2011-06-29 07:00:00,397.1341115202283
2011-06-29 08:00:00,584.8793068305912
2011-06-29 09:00:00,304.8671942059238
2011-06-29 10:00:00,177.3296772058822
2011-06-29 11:00:00,196.8547995375698
2011-06-29 12:00:00,232.4570460312577
2011-06-29 13:00:00,226.56290711681123
2011-06-29 14:00:00,214.6914200550097
2011-06-29 15:00:00,209.51138882616647
2011-06-29 16:00:00,294.715652640623
2011-06-29 17:00:00,569.6027786727605
2011-06-29 18:00:00,635.5256320310576
2011-06-29 19:00:00,474.05733599742894
2011-06-29 20:00:00,336.7122788180252
2011-06-29 21:00:00,267.93984708672656
2011-06-29 22:00:00,207.21244243258258
2011-06-29 23:00:00,130.63312034514382
2011-06-30 00:00:00,52.30378959259023
2011-06-30 01:00:00,20.78579846260893
2011-06-30 02:00:00,11.158049533228155
2011-06-30 03:00:00,6.529290869408654
2011-06-30 04:00:00,6.17031826324036
2011-06-30 05:00:00,31.039212306787
2011-06-30 06:00:00,170.28098748815722
2011-06-30 07:00:00,426.19978184699744
2011-06-30 08:00:00,630.6848471090104
2011-06-30 09:00:00,295.4516803736783
2011-06-30 10:00:00,173.5562271774298
2011-06-30 11:00:00,201.15905390588017
2011-06-30 12:00:00,230.86456277472175
2011-06-30 13:00:00,227.2432209599778
2011-06-30 14:00:00,210.0101745420889
2011-06-30 15:00:00,207.53556327666504
2011-06-30 16:00:00,326.4730059240553
2011-06-30 17:00:00,612.7651735385433
2011-06-30 18:00:00,612.4756210617592
2011-06-30 19:00:00,487.96246623686255
2011-06-30 20:00:00,354.1841416675173
2011-06-30 21:00:00,277.21379351886554
2011-06-30 22:00:00,201.95071887630857
2011-06-30 23:00:00,138.9113006678028
2011-07-20 00:00:00,50.398874200139595
2011-07-20 01:00:00,18.799059945066904
2011-07-20 02:00:00,7.338743052543414
2011-07-20 03:00:00,6.502533127342399
2011-07-20 04:00:00,6.727774275962395
2011-07-20 05:00:00,34.620750476454596
2011-07-20 06:00:00,115.56991775990176
2011-07-20 07:00:00,402.5829680692992
2011-07-20 08:00:00,605.7355355306083
2011-07-20 09:00:00,292.20455859451386
2011-07-20 10:00:00,171.24857831124072
2011-07-20 11:00:00,197.03165498208946
2011-07-20 12:00:00,230.23195256236474
2011-07-20 13:00:00,217.84429667602126
2011-07-20 14:00:00,201.35109286616333
2011-07-20 15:00:00,212.5653122222515
2011-07-20 16:00:00,313.5793406881659
2011-07-20 17:00:00,594.4022039109302
2011-07-20 18:00:00,646.8697389528766
2011-07-20 19:00:00,460.27354835569014
2011-07-20 20:00:00,318.06675130994597
2011-07-20 21:00:00,248.12309834934211
2011-07-20 22:00:00,180.85905866124685
2011-07-20 23:00:00,113.18895507415095
2011-07-21 00:00:00,51.0313607689473
2011-07-21 01:00:00,17.92535212385147
2011-07-21 02:00:00,9.388056322659736
2011-07-21 03:00:00,6.332198987295704
2011-07-21 04:00:00,6.242803291152815
2011-07-21 05:00:00,33.81391416798185
2011-07-21 06:00:00,157.64073311180755
2011-07-21 07:00:00,408.7473408834965
2011-07-21 08:00:00,579.1935163329279
2011-07-21 09:00:00,253.43186672465208
2011-07-21 10:00:00,150.63758019309464
2011-07-21 11:00:00,183.510585746178
2011-07-21 12:00:00,200.71347715832428
2011-07-21 13:00:00,223.61414811915364
2011-07-21 14:00:00,182.96207430258875
2011-07-21 15:00:00,218.80911162773876
2011-07-21 16:00:00,349.39412643696284
2011-07-21 17:00:00,656.1592607244805
2011-07-21 18:00:00,637.2871470891305
2011-07-21 19:00:00,448.2301868747662
2011-07-21 20:00:00,338.5521606923562
2011-07-21 21:00:00,243.6202872877087
2011-07-21 22:00:00,184.4430808279685
2011-07-21 23:00:00,131.25689990021323
2011-07-22 00:00:00,63.367037611825296
2011-07-22 01:00:00,33.40892948046974
2011-07-22 02:00:00,14.264365327841134
2011-07-22 03:00:00,7.906169280522663
2011-07-22 04:00:00,6.976393319786411
2011-07-22 05:00:00,36.517885494445956
2011-07-22 06:00:00,133.71005902418247
2011-07-22 07:00:00,369.79726096453385
2011-07-22 08:00:00,586.6684178264495
2011-07-22 09:00:00,256.0806018900788
2011-07-22 10:00:00,210.58421754953412
2011-07-22 11:00:00,235.14440939360307
2011-07-22 12:00:00,244.9566999307119
2011-07-22 13:00:00,226.29129681285093
2011-07-22 14:00:00,195.19820007101805
2011-07-22 15:00:00,229.59184571082736
2011-07-22 16:00:00,249.39365695494337
2011-07-22 17:00:00,654.0516647648973
2011-07-22 18:00:00,572.5322683274028
2011-07-22 19:00:00,419.1510290784092
2011-07-22 20:00:00,300.68368213535194
2011-07-22 21:00:00,240.28728563054267
2011-07-22 22:00:00,233.1398510002426
2011-07-22 23:00:00,152.4471845477755
2011-07-23 00:00:00,109.49017923306837
2011-07-23 01:00:00,109.24734551549264
2011-07-23 02:00:00,75.95104036590878
2011-07-23 03:00:00,34.24666053239645
2011-07-23 04:00:00,11.094376810548443
2011-07-23 05:00:00,11.461034573471412
2011-07-23 06:00:00,23.301881799018712
2011-07-23 07:00:00,57.41831657809639
2011-07-23 08:00:00,127.37664130610219
2011-07-23 09:00:00,230.71566606270613
2011-07-23 10:00:00,354.9067354467782
2011-07-23 11:00:00,428.86419522405635
2011-07-23 12:00:00,527.394040033319
2011-07-23 13:00:00,434.9090542915103
2011-07-23 14:00:00,501.9918616122093
2011-07-23 15:00:00,456.5774901957865
2011-07-23 16:00:00,415.4293196762544
2011-07-23 17:00:00,384.92026000086815
2011-07-23 18:00:00,386.572664527912
2011-07-23 19:00:00,340.70301995319556
2011-07-23 20:00:00,251.54730102195913
2011-07-23 21:00:00,210.3425973484811
2011-07-23 22:00:00,187.8905750034229
2011-07-23 23:00:00,174.74919417418045
2011-07-24 00:00:00,95.91466636365276
2011-07-24 01:00:00,103.1589081721256
2011-07-24 02:00:00,83.23335977999722
2011-07-24 03:00:00,39.18795295057377
2011-07-24 04:00:00,10.879002760850765
2011-07-24 05:00:00,11.622063046931649
2011-07-24 06:00:00,17.5085539160755
2011-07-24 07:00:00,47.34683317099967
2011-07-24 08:00:00,101.85208127308697
2011-07-24 09:00:00,188.75547861101458
2011-07-24 10:00:00,279.53517923838257
2011-07-24 11:00:00,362.90669360178373
2011-07-24 12:00:00,417.31540864396214
2011-07-24 13:00:00,430.3793555911806
2011-07-24 14:00:00,404.1611972343101
2011-07-24 15:00:00,421.7905764899818
2011-07-24 16:00:00,415.5655396816204
2011-07-24 17:00:00,414.8664996587691
2011-07-24 18:00:00,342.88056918393676
2011-07-24 19:00:00,281.26943763452766
2011-07-24 20:00:00,249.69625290574325
2011-07-24 21:00:00,201.517309276941
2011-07-24 22:00:00,154.47429316676661
2011-07-24 23:00:00,101.58435341672298
2011-07-25 00:00:00,48.84997006162009
2011-07-25 01:00:00,16.426835623559775
2011-07-25 02:00:00,9.266479983965745
2011-07-25 03:00:00,5.410925345552602
2011-07-25 04:00:00,6.102060478040888
2011-07-25 05:00:00,28.84018015728575
2011-07-25 06:00:00,147.74343147112552
2011-07-25 07:00:00,368.62774486017645
2011-07-25 08:00:00,535.6864722169641
2011-07-25 09:00:00,266.6351067841285
2011-07-25 10:00:00,153.29377545411177
2011-07-25 11:00:00,172.10232078141476
2011-07-25 12:00:00,203.12313879246273
2011-07-25 13:00:00,205.32593279262096
2011-07-25 14:00:00,189.99251708677664
2011-07-25 15:00:00,189.83092630984675
2011-07-25 16:00:00,260.9167438501492
2011-07-25 17:00:00,594.7892526490082
2011-07-25 18:00:00,625.0078009213546
2011-07-25 19:00:00,442.82887312843866
2011-07-25 20:00:00,338.13906312584726
2011-07-25 21:00:00,230.93153271323126
2011-07-25 22:00:00,170.03853289807992
2011-07-25 23:00:00,93.39591930398579
2011-07-26 00:00:00,46.33341943860783
2011-07-26 01:00:00,15.663529907950306
2011-07-26 02:00:00,6.393186762832988
2011-07-26 03:00:00,4.946561242543711
2011-07-26 04:00:00,5.397390835605222
2011-07-26 05:00:00,26.46390075678111
2011-07-26 06:00:00,147.50412165110743
2011-07-26 07:00:00,369.6920496067548
2011-07-26 08:00:00,566.9238357846584
2011-07-26 09:00:00,266.21000064262955
2011-07-26 10:00:00,166.04911073262627
2011-07-26 11:00:00,184.5842856199942
2011-07-26 12:00:00,222.70746210246787
2011-07-26 13:00:00,218.50155274379068
2011-07-26 14:00:00,196.0031633385184
2011-07-26 15:00:00,191.36246133187205
2011-07-26 16:00:00,341.94784485082465
2011-07-26 17:00:00,564.3120656505431
2011-07-26 18:00:00,599.9237779378755
2011-07-26 19:00:00,461.572504792046
2011-07-26 20:00:00,358.3575275038824
2011-07-26 21:00:00,249.17799986058284
2011-07-26 22:00:00,184.57067959082687
2011-07-26 23:00:00,110.99099612604402
2011-07-27 00:00:00,55.06846008068141
2011-07-27 01:00:00,18.796972794305965
2011-07-27 02:00:00,7.219997767013753
2011-07-27 03:00:00,6.554381126272739
2011-07-27 04:00:00,6.192121049304133
2011-07-27 05:00:00,32.09263543128806
2011-07-27 06:00:00,157.5777271602488
2011-07-27 07:00:00,403.30809796511727
2011-07-27 08:00:00,605.9235033598169
2011-07-27 09:00:00,286.37783076237304
2011-07-27 10:00:00,177.018536832367
2011-07-27 11:00:00,200.20401992482692
2011-07-27 12:00:00,215.43310875237148
2011-07-27 13:00:00,186.77788837493185
2011-07-27 14:00:00,196.38812889363953
2011-07-27 15:00:00,207.16587343687303
2011-07-27 16:00:00,287.2623532615252
2011-07-27 17:00:00,573.754933011001
2011-07-27 18:00:00,630.701602071392
2011-07-27 19:00:00,450.03677188970033
2011-07-27 20:00:00,342.56610809837275
2011-07-27 21:00:00,266.70814548112804
2011-07-27 22:00:00,193.08702028243223
2011-07-27 23:00:00,124.31660933184921
2011-07-28 00:00:00,51.54804414974257
2011-07-28 01:00:00,19.42307974693174
2011-07-28 02:00:00,10.604545866177233
2011-07-28 03:00:00,6.18550708596132
2011-07-28 04:00:00,5.882030201107548
2011-07-28 05:00:00,32.97189745438789
2011-07-28 06:00:00,163.45543850743906
2011-07-28 07:00:00,381.46292913396786
2011-07-28 08:00:00,557.9017908853059
2011-07-28 09:00:00,267.4982221599569
2011-07-28 10:00:00,170.59407668861508
2011-07-28 11:00:00,190.29588281077307
2011-07-28 12:00:00,224.56079225772623
2011-07-28 13:00:00,232.7562050053398
2011-07-28 14:00:00,215.3896235586896
2011-07-28 15:00:00,221.65029778262934
2011-07-28 16:00:00,340.3541037959714
2011-07-28 17:00:00,646.601101140804
2011-07-28 18:00:00,637.6990323785298
2011-07-28 19:00:00,474.4047229677499
2011-07-28 20:00:00,359.91385393249345
2011-07-28 21:00:00,242.35114854718253
2011-07-28 22:00:00,179.4855605141371
2011-07-28 23:00:00,130.48894981622905
2011-07-29 00:00:00,59.81762022278158
2011-07-29 01:00:00,31.983881409661514
2011-07-29 02:00:00,14.032526672002419
2011-07-29 03:00:00,7.787115909590253
2011-07-29 04:00:00,6.90686192934444
2011-07-29 05:00:00,36.6644911532872
2011-07-29 06:00:00,134.51902273774465
2011-07-29 07:00:00,362.0000176751927
2011-07-29 08:00:00,585.617187964585
2011-07-29 09:00:00,260.1855748490849
2011-07-29 10:00:00,205.0605615654815
2011-07-29 11:00:00,233.60599138626065
2011-07-29 12:00:00,254.41790823957447
2011-07-29 13:00:00,246.91114944307898
2011-07-29 14:00:00,209.52036139733332
2011-07-29 15:00:00,229.09297798937524
2011-07-29 16:00:00,294.35557440665025
2011-07-29 17:00:00,487.5920337218012
2011-07-29 18:00:00,517.2841008510217
2011-07-29 19:00:00,399.2939612366272
2011-07-29 20:00:00,276.95647097568394
2011-07-29 21:00:00,243.70139149713478
2011-07-29 22:00:00,229.3366692554355
2011-07-29 23:00:00,154.24897894535954
2011-07-30 00:00:00,105.42344969985865
2011-07-30 01:00:00,110.81058300199331
2011-07-30 02:00:00,78.42451035564993
2011-07-30 03:00:00,32.457165047850616
2011-07-30 04:00:00,10.603974116541847
2011-07-30 05:00:00,10.420289929948162
2011-07-30 06:00:00,23.62333185258895
2011-07-30 07:00:00,54.998036796243106
2011-07-30 08:00:00,131.5577534175302
2011-07-30 09:00:00,236.14272321651418
2011-07-30 10:00:00,368.4029548246623
2011-07-30 11:00:00,440.34316588492663
2011-07-30 12:00:00,517.0793133777198
2011-07-30 13:00:00,484.97115607864964
2011-07-30 14:00:00,455.6463482432124
2011-07-30 15:00:00,503.8600314991452
2011-07-30 16:00:00,407.13766282131365
2011-07-30 17:00:00,405.3246889637056
2011-07-30 18:00:00,383.6160310159853
2011-07-30 19:00:00,352.21332029525865
2011-07-30 20:00:00,273.3811143114503
2011-07-30 21:00:00,213.74099167276424
2011-07-30 22:00:00,192.13456762267614
2011-07-30 23:00:00,175.91023006946725
2011-07-31 00:00:00,94.7431584662807
2011-07-31 01:00:00,104.1507781384435
2011-07-31 02:00:00,83.665507941
2011-07-31 03:00:00,38.253283483122686
2011-07-31 04:00:00,11.161593632459553
2011-07-31 05:00:00,11.82281445143
2011-07-31 06:00:00,17.734846323405524
2011-07-31 07:00:00,48.15740015218139
2011-07-31 08:00:00,101.87756361417435
2011-07-31 09:00:00,213.5544646311053
2011-07-31 10:00:00,321.9230997329745
2011-07-31 11:00:00,340.1676041900532
2011-07-31 12:00:00,391.23727281174024
2011-07-31 13:00:00,396.45349971801534
2011-07-31 14:00:00,372.03318012516576
2011-07-31 15:00:00,362.4602543986511
2011-07-31 16:00:00,356.68585058160505
2011-07-31 17:00:00,344.92407735097663
2011-07-31 18:00:00,356.65488033015237
2011-07-31 19:00:00,284.0246016581898
2011-07-31 20:00:00,252.55417708776642
2011-07-31 21:00:00,192.295824393242
2011-07-31 22:00:00,146.72687491467227
2011-07-31 23:00:00,90.68869103127696
2011-08-20 00:00:00,96.98661591255532
2011-08-20 01:00:00,109.3999114640344
2011-08-20 02:00:00,79.37255265147965
2011-08-20 03:00:00,35.61491751676367
2011-08-20 04:00:00,8.142037750669958
2011-08-20 05:00:00,11.10202730388458
2011-08-20 06:00:00,20.533166234849375
2011-08-20 07:00:00,59.21082734298738
2011-08-20 08:00:00,141.62491572979712
2011-08-20 09:00:00,247.88417170085816
2011-08-20 10:00:00,367.9498784259349
2011-08-20 11:00:00,442.93019746794374
2011-08-20 12:00:00,517.2070502459745
2011-08-20 13:00:00,522.117652655282
2011-08-20 14:00:00,503.69301498525783
2011-08-20 15:00:00,533.8641153369692
2011-08-20 16:00:00,482.32766512217665
2011-08-20 17:00:00,438.04337129587634
2011-08-20 18:00:00,407.8644958822325
2011-08-20 19:00:00,338.60371543893837
2011-08-20 20:00:00,252.8846336179015
2011-08-20 21:00:00,205.63978755448053
2011-08-20 22:00:00,180.57181125609165
2011-08-20 23:00:00,179.5816228989544
2011-08-21 00:00:00,89.9913782730751
2011-08-21 01:00:00,100.38086502548258
2011-08-21 02:00:00,84.19293043755441
2011-08-21 03:00:00,38.05684744655454
2011-08-21 04:00:00,10.426205438300395
2011-08-21 05:00:00,9.117141149584011
2011-08-21 06:00:00,14.290338390659876
2011-08-21 07:00:00,44.33478006366562
2011-08-21 08:00:00,96.65613218104134
2011-08-21 09:00:00,194.42153768704043
2011-08-21 10:00:00,294.4692269742726
2011-08-21 11:00:00,371.4920198547659
2011-08-21 12:00:00,425.87212337436284
2011-08-21 13:00:00,414.05772061643853
2011-08-21 14:00:00,304.5172634926629
2011-08-21 15:00:00,382.95839050717024
2011-08-21 16:00:00,416.8126724205497
2011-08-21 17:00:00,393.6096037315164
2011-08-21 18:00:00,280.5212119481027
2011-08-21 19:00:00,268.1035098889164
2011-08-21 20:00:00,239.00448196593527
2011-08-21 21:00:00,174.98557565393688
2011-08-21 22:00:00,150.93121781117478
2011-08-21 23:00:00,96.48984894182792
2011-08-22 00:00:00,47.76011294047514
2011-08-22 01:00:00,17.10179996018676
2011-08-22 02:00:00,8.701035050758332
2011-08-22 03:00:00,5.433591265388602
2011-08-22 04:00:00,6.480346709141618
2011-08-22 05:00:00,27.641888034100592
2011-08-22 06:00:00,148.3946197922777
2011-08-22 07:00:00,362.9716632300332
2011-08-22 08:00:00,535.3425476252003
2011-08-22 09:00:00,274.7384996917826
2011-08-22 10:00:00,156.35689854582373
2011-08-22 11:00:00,181.45807141556853
2011-08-22 12:00:00,205.08321301731567
2011-08-22 13:00:00,188.6441618921768
2011-08-22 14:00:00,169.81298269505774
2011-08-22 15:00:00,197.21890798015374
2011-08-22 16:00:00,300.6525387495219
2011-08-22 17:00:00,564.0029624154415
2011-08-22 18:00:00,576.3156476472798
2011-08-22 19:00:00,444.14650355347857
2011-08-22 20:00:00,339.8514529804921
2011-08-22 21:00:00,255.71277001947058
2011-08-22 22:00:00,173.03037223775976
2011-08-22 23:00:00,105.71147922945966
2011-08-23 00:00:00,54.11382155490204
2011-08-23 01:00:00,17.035405731504625
2011-08-23 02:00:00,7.381746424899318
2011-08-23 03:00:00,5.5027271739239385
2011-08-23 04:00:00,5.963898741064877
2011-08-23 05:00:00,31.184201205859214
2011-08-23 06:00:00,146.98287295689326
2011-08-23 07:00:00,411.0270298324466
2011-08-23 08:00:00,604.9905381940654
2011-08-23 09:00:00,282.8175405771058
2011-08-23 10:00:00,182.36195551319585
2011-08-23 11:00:00,205.91978359640194
2011-08-23 12:00:00,245.63358557502022
2011-08-23 13:00:00,224.68445583991902
2011-08-23 14:00:00,209.15408620480872
2011-08-23 15:00:00,221.62170170927556
2011-08-23 16:00:00,357.23110686761294
2011-08-23 17:00:00,627.8749586773973
2011-08-23 18:00:00,642.4380932691465
2011-08-23 19:00:00,495.36590407729807
2011-08-23 20:00:00,347.30965445963966
2011-08-23 21:00:00,267.44143715573165
2011-08-23 22:00:00,191.27921043961578
2011-08-23 23:00:00,116.90997959272758
2011-08-24 00:00:00,55.265987151533274
2011-08-24 01:00:00,20.60391372788409
2011-08-24 02:00:00,7.538710073635552
2011-08-24 03:00:00,6.856948930555402
2011-08-24 04:00:00,6.61444012786456
2011-08-24 05:00:00,34.38281396341055
2011-08-24 06:00:00,160.42610398193153
2011-08-24 07:00:00,433.56921791456693
2011-08-24 08:00:00,639.2872721133098
2011-08-24 09:00:00,278.72311269877537
2011-08-24 10:00:00,170.37899671934903
2011-08-24 11:00:00,192.0262886054798
2011-08-24 12:00:00,230.41776532356943
2011-08-24 13:00:00,215.40082299898157
2011-08-24 14:00:00,199.84148813470537
2011-08-24 15:00:00,226.13659658436694
2011-08-24 16:00:00,314.0486663877584
2011-08-24 17:00:00,624.4778020524144
2011-08-24 18:00:00,679.9411178540554
2011-08-24 19:00:00,479.1502766406711
2011-08-24 20:00:00,336.06057588139663
2011-08-24 21:00:00,257.1417113570778
2011-08-24 22:00:00,175.4061388180509
2011-08-24 23:00:00,115.35632818695409
2011-08-25 00:00:00,49.47733910557923
2011-08-25 01:00:00,18.79057468490844
2011-08-25 02:00:00,10.03642798307103
2011-08-25 03:00:00,5.9155166320124515
2011-08-25 04:00:00,5.878973681964693
2011-08-25 05:00:00,33.12069576471439
2011-08-25 06:00:00,157.57413340227797
2011-08-25 07:00:00,356.7861738197926
2011-08-25 08:00:00,522.2946413409084
2011-08-25 09:00:00,257.17681422708995
2011-08-25 10:00:00,154.5573926720398
2011-08-25 11:00:00,125.89547506724465
2011-08-25 12:00:00,152.14708170605428
2011-08-25 13:00:00,219.5125696125686
2011-08-25 14:00:00,205.7609074199547
2011-08-25 15:00:00,223.65089666488242
2011-08-25 16:00:00,300.8655935604374
2011-08-25 17:00:00,592.0072392421575
2011-08-25 18:00:00,660.0886598704332
2011-08-25 19:00:00,430.8481414545533
2011-08-25 20:00:00,292.762296428313
2011-08-25 21:00:00,246.38427731081148
2011-08-25 22:00:00,182.32523462127486
2011-08-25 23:00:00,132.13122244555615
2011-08-26 00:00:00,57.3182402000099
2011-08-26 01:00:00,28.919572884115123
2011-08-26 02:00:00,12.698644617237221
2011-08-26 03:00:00,6.2453388239357945
2011-08-26 04:00:00,5.252482956533868
2011-08-26 05:00:00,23.629581272563367
2011-08-26 06:00:00,103.64875850595094
2011-08-26 07:00:00,323.07240620101953
2011-08-26 08:00:00,558.6686178062713
2011-08-26 09:00:00,266.61338676463095
2011-08-26 10:00:00,213.85702320080887
2011-08-26 11:00:00,241.83458595940732
2011-08-26 12:00:00,296.91813389313546
2011-08-26 13:00:00,282.5367153108983
2011-08-26 14:00:00,259.256638619834
2011-08-26 15:00:00,274.07008326377775
2011-08-26 16:00:00,371.82510647709586
2011-08-26 17:00:00,602.8432029911213
2011-08-26 18:00:00,598.5222433814595
2011-08-26 19:00:00,392.8728838607928
2011-08-26 20:00:00,304.61600186096445
2011-08-26 21:00:00,239.28852188855177
2011-08-26 22:00:00,224.48006425425655
2011-08-26 23:00:00,154.67329736030692
2011-08-27 00:00:00,110.20336526449178
2011-08-27 01:00:00,104.47523132951498
2011-08-27 02:00:00,76.20873562200987
2011-08-27 03:00:00,34.568083205236896
2011-08-27 04:00:00,9.62817265720789
2011-08-27 05:00:00,9.759022241311312
2011-08-27 06:00:00,22.08576362676225
2011-08-27 07:00:00,48.091355027588484
2011-08-27 08:00:00,114.13007550283126
2011-08-27 09:00:00,212.07544570216322
2011-08-27 10:00:00,284.94354032500405
2011-08-27 11:00:00,159.61192560946216
2011-08-27 12:00:00,211.3207423255232
2011-08-27 13:00:00,255.62796177200767
2011-08-27 14:00:00,84.2632558318219
2011-08-27 15:00:00,90.03936787690137
2011-08-27 16:00:00,137.0535416852606
2011-08-27 17:00:00,67.619462427299
2011-08-28 07:00:00,26.593914025127095
2011-08-28 08:00:00,60.64388325584176
2011-08-28 09:00:00,209.93418555097858
2011-08-28 10:00:00,306.59009995754917
2011-08-28 11:00:00,395.5643092916752
2011-08-28 12:00:00,423.1867956101792
2011-08-28 13:00:00,451.1474382110079
2011-08-28 14:00:00,417.3530079024716
2011-08-28 15:00:00,449.392981226994
2011-08-28 16:00:00,435.49790538841665
2011-08-28 17:00:00,436.54085817821357
2011-08-28 18:00:00,354.54600512907655
2011-08-28 19:00:00,293.372298854257
2011-08-28 20:00:00,260.03914890010975
2011-08-28 21:00:00,211.17938477686636
2011-08-28 22:00:00,165.61565259306815
2011-08-28 23:00:00,100.66506827189482
2011-08-29 00:00:00,45.981156003269014
2011-08-29 01:00:00,16.617864864183936
2011-08-29 02:00:00,9.028200911434231
2011-08-29 03:00:00,5.38736362687878
2011-08-29 04:00:00,6.434176047384462
2011-08-29 05:00:00,29.977674556951335
2011-08-29 06:00:00,149.6815208148798
2011-08-29 07:00:00,385.18929860368695
2011-08-29 08:00:00,563.3896617212293
2011-08-29 09:00:00,275.08994334469395
2011-08-29 10:00:00,170.97778914369184
2011-08-29 11:00:00,184.27317995433668
2011-08-29 12:00:00,221.24743512885976
2011-08-29 13:00:00,226.75272908413598
2011-08-29 14:00:00,213.16612416931304
2011-08-29 15:00:00,217.3666047180335
2011-08-29 16:00:00,331.2204213611244
2011-08-29 17:00:00,621.5905291656891
2011-08-29 18:00:00,656.3416302794673
2011-08-29 19:00:00,469.9973105768197
2011-08-29 20:00:00,325.7868513501715
2011-08-29 21:00:00,246.4164581165695
2011-08-29 22:00:00,178.15520549261046
2011-08-29 23:00:00,98.88768586680695
2011-08-30 00:00:00,48.49643039615227
2011-08-30 01:00:00,16.61594715838401
2011-08-30 02:00:00,6.803467746639021
2011-08-30 03:00:00,5.024474528878084
2011-08-30 04:00:00,6.0603707050223745
2011-08-30 05:00:00,31.65980001312822
2011-08-30 06:00:00,142.85523053768225
2011-08-30 07:00:00,389.3418801151407
2011-08-30 08:00:00,634.4335037863444
2011-08-30 09:00:00,276.8663305581609
2011-08-30 10:00:00,180.91684947593848
2011-08-30 11:00:00,185.27135360614002
2011-08-30 12:00:00,233.5570913292151
2011-08-30 13:00:00,221.31427016055522
2011-08-30 14:00:00,196.48914022147034
2011-08-30 15:00:00,220.56478391066767
2011-08-30 16:00:00,345.10927153741005
2011-08-30 17:00:00,640.3448680105095
2011-08-30 18:00:00,684.0498638084327
2011-08-30 19:00:00,505.0355828531716
2011-08-30 20:00:00,362.59830585301364
2011-08-30 21:00:00,276.859844505519
2011-08-30 22:00:00,187.52190266254289
2011-08-30 23:00:00,116.5356793154884
2011-08-31 00:00:00,52.37842699192591
2011-08-31 01:00:00,19.61140806130114
2011-08-31 02:00:00,7.558580119559961
2011-08-31 03:00:00,6.585605349105492
2011-08-31 04:00:00,6.614159608615071
2011-08-31 05:00:00,32.330552875610046
2011-08-31 06:00:00,154.02546124275625
2011-08-31 07:00:00,408.79561911759447
2011-08-31 08:00:00,647.7589900684058
2011-08-31 09:00:00,302.9560825804043
2011-08-31 10:00:00,188.90861405980152
2011-08-31 11:00:00,202.91243396206067
2011-08-31 12:00:00,244.44211113718808
2011-08-31 13:00:00,236.83943139118162
2011-08-31 14:00:00,220.8333745953649
2011-08-31 15:00:00,242.04211671270903
2011-08-31 16:00:00,344.30117354558655
2011-08-31 17:00:00,666.7763247397174
2011-08-31 18:00:00,672.4729424997591
2011-08-31 19:00:00,479.24811279133036
2011-08-31 20:00:00,357.57925378395123
2011-08-31 21:00:00,277.83909851424664
2011-08-31 22:00:00,197.25959221817436
2011-08-31 23:00:00,124.63990346046953
2011-09-20 00:00:00,39.61885944082759
2011-09-20 01:00:00,10.93638608042128
2011-09-20 02:00:00,4.814673761498288
2011-09-20 03:00:00,4.209641974094841
2011-09-20 04:00:00,4.951897689144971
2011-09-20 05:00:00,20.99402327836793
2011-09-20 06:00:00,101.96051556284091
2011-09-20 07:00:00,255.40186035917117
2011-09-20 08:00:00,231.57578508184454
2011-09-20 09:00:00,92.20185306541622
2011-09-20 10:00:00,68.20404029680682
2011-09-20 11:00:00,70.6588877497835
2011-09-20 12:00:00,125.87207114268487
2011-09-20 13:00:00,117.26440395026046
2011-09-20 14:00:00,131.59435147409818
2011-09-20 15:00:00,190.18900150410093
2011-09-20 16:00:00,273.488739117475
2011-09-20 17:00:00,602.3434983577889
2011-09-20 18:00:00,552.5072113426238
2011-09-20 19:00:00,380.69454959134924
2011-09-20 20:00:00,222.87788892790937
2011-09-20 21:00:00,175.95322866808047
2011-09-20 22:00:00,119.70362950737953
2011-09-20 23:00:00,79.17921577636598
2011-09-21 00:00:00,19.096356950278302
2011-09-21 01:00:00,10.259789833272563
2011-09-21 02:00:00,5.63625034312645
2011-09-21 03:00:00,3.7837017694311004
2011-09-21 04:00:00,3.2337734037987413
2011-09-21 05:00:00,11.19009757104316
2011-09-21 06:00:00,70.63238318684941
2011-09-21 07:00:00,131.18134194258235
2011-09-21 08:00:00,303.2067306886096
2011-09-21 09:00:00,102.1887949483953
2011-09-21 10:00:00,107.98134379282074
2011-09-21 11:00:00,192.67758062303167
2011-09-21 12:00:00,235.57240039119773
2011-09-21 13:00:00,240.94531635173473
2011-09-21 14:00:00,229.87015237580948
2011-09-21 15:00:00,241.34943773909202
2011-09-21 16:00:00,360.93877101100577
2011-09-21 17:00:00,350.83273603623314
2011-09-21 18:00:00,314.08183436697607
2011-09-21 19:00:00,153.0096946822488
2011-09-21 20:00:00,100.37080182442011
2011-09-21 21:00:00,90.37171536343055
2011-09-21 22:00:00,94.86170614541278
2011-09-21 23:00:00,67.9165714562922
2011-09-22 00:00:00,37.395464762892814
2011-09-22 01:00:00,11.698598623855572
2011-09-22 02:00:00,6.706848949651511
2011-09-22 03:00:00,3.940695144050833
2011-09-22 04:00:00,3.970385753523948
2011-09-22 05:00:00,20.570788773458535
2011-09-22 06:00:00,89.32407034316434
2011-09-22 07:00:00,167.0705373932057
2011-09-22 08:00:00,355.7565123231232
2011-09-22 09:00:00,170.6331947544723
2011-09-22 10:00:00,123.28503702933199
2011-09-22 11:00:00,146.189035947259
2011-09-22 12:00:00,228.96533526720208
2011-09-22 13:00:00,217.65890163629948
2011-09-22 14:00:00,189.26651261569467
2011-09-22 15:00:00,213.39144266961156
2011-09-22 16:00:00,359.2193133903091
2011-09-22 17:00:00,588.2394548227646
2011-09-22 18:00:00,560.9340047593305
2011-09-22 19:00:00,384.3831739281019
2011-09-22 20:00:00,207.524320619094
2011-09-22 21:00:00,203.76718475555512
2011-09-22 22:00:00,75.97415782063176
2011-09-22 23:00:00,78.91308933146719
2011-09-23 00:00:00,48.60261366917887
2011-09-23 01:00:00,16.2189606374042
2011-09-23 02:00:00,6.8359625955320364
2011-09-23 03:00:00,6.408934681172227
2011-09-23 04:00:00,5.036748160406119
2011-09-23 05:00:00,30.221600286004143
2011-09-23 06:00:00,99.6129614055782
2011-09-23 07:00:00,188.36512619822904
2011-09-23 08:00:00,328.3968997178267
2011-09-23 09:00:00,114.96943263308782
2011-09-23 10:00:00,73.4756742117799
2011-09-23 11:00:00,80.3329275125307
2011-09-23 12:00:00,136.8827367777744
2011-09-23 13:00:00,96.63276945979173
2011-09-23 14:00:00,86.15482677287287
2011-09-23 15:00:00,130.52331478283648
2011-09-23 16:00:00,153.81649792775366
2011-09-23 17:00:00,303.1159436046602
2011-09-23 18:00:00,315.9548079307736
2011-09-23 19:00:00,327.59790139253033
2011-09-23 20:00:00,242.2540422872423
2011-09-23 21:00:00,135.62792948183827
2011-09-23 22:00:00,181.16117427463564
2011-09-23 23:00:00,109.52844174337898
2011-09-24 00:00:00,101.4587196726382
2011-09-24 01:00:00,91.59007927950904
2011-09-24 02:00:00,55.696903466820736
2011-09-24 03:00:00,35.24053902771864
2011-09-24 04:00:00,13.593557265654821
2011-09-24 05:00:00,9.816219323991158
2011-09-24 06:00:00,21.931758425448134
2011-09-24 07:00:00,59.77251042464743
2011-09-24 08:00:00,116.45799890608657
2011-09-24 09:00:00,259.7218042811061
2011-09-24 10:00:00,341.9039086863884
2011-09-24 11:00:00,418.3463654905112
2011-09-24 12:00:00,492.5601856108079
2011-09-24 13:00:00,578.8105158222496
2011-09-24 14:00:00,479.5853827436219
2011-09-24 15:00:00,482.2155055037834
2011-09-24 16:00:00,449.8819836247705
2011-09-24 17:00:00,489.7000286092121
2011-09-24 18:00:00,414.8792226542698
2011-09-24 19:00:00,362.4444943786649
2011-09-24 20:00:00,267.56055835682304
2011-09-24 21:00:00,227.23685781036608
2011-09-24 22:00:00,165.89189360139224
2011-09-24 23:00:00,149.083557994054
2011-09-25 00:00:00,92.57995485950747
2011-09-25 01:00:00,94.3462522503529
2011-09-25 02:00:00,55.40691731793947
2011-09-25 03:00:00,23.875438614004473
2011-09-25 04:00:00,10.097659351110233
2011-09-25 05:00:00,14.807378136640185
2011-09-25 06:00:00,17.549960876693763
2011-09-25 07:00:00,43.133383660804554
2011-09-25 08:00:00,104.45006963532491
2011-09-25 09:00:00,220.6602254154205
2011-09-25 10:00:00,317.2490420341377
2011-09-25 11:00:00,368.51339498469
2011-09-25 12:00:00,438.28400149800245
2011-09-25 13:00:00,429.59948911074906
2011-09-25 14:00:00,414.38136198681656
2011-09-25 15:00:00,405.6473624441477
2011-09-25 16:00:00,482.3152709790689
2011-09-25 17:00:00,476.17634343062446
2011-09-25 18:00:00,366.12418091471227
2011-09-25 19:00:00,299.16662066403933
2011-09-25 20:00:00,250.97486382460386
2011-09-25 21:00:00,182.5494378904782
2011-09-25 22:00:00,161.19666293355795
2011-09-25 23:00:00,74.12970170230501
2011-09-26 00:00:00,40.20202950031609
2011-09-26 01:00:00,15.127793637908551
2011-09-26 02:00:00,6.901392710730332
2011-09-26 03:00:00,4.596483963216043
2011-09-26 04:00:00,6.978229102874173
2011-09-26 05:00:00,32.139944695806406
2011-09-26 06:00:00,130.66688469197055
2011-09-26 07:00:00,308.4927517043729
2011-09-26 08:00:00,452.8729348618385
2011-09-26 09:00:00,271.36388344199486
2011-09-26 10:00:00,152.1945812896727
2011-09-26 11:00:00,201.73867929556673
2011-09-26 12:00:00,212.90350332253243
2011-09-26 13:00:00,190.80808624010405
2011-09-26 14:00:00,208.86226131193087
2011-09-26 15:00:00,231.24561861451517
2011-09-26 16:00:00,356.00457528505035
2011-09-26 17:00:00,653.7848640894485
2011-09-26 18:00:00,618.3315448018145
2011-09-26 19:00:00,443.4668902092676
2011-09-26 20:00:00,317.28434180327247
2011-09-26 21:00:00,247.39822647481475
2011-09-26 22:00:00,154.9187102476082
2011-09-26 23:00:00,85.2382553799708
2011-09-27 00:00:00,47.70095527883085
2011-09-27 01:00:00,15.281343633429348
2011-09-27 02:00:00,5.696608927879262
2011-09-27 03:00:00,4.456431428890027
2011-09-27 04:00:00,6.484293467363379
2011-09-27 05:00:00,26.607253586731076
2011-09-27 06:00:00,126.27558482067971
2011-09-27 07:00:00,317.5005112261061
2011-09-27 08:00:00,516.4577247240284
2011-09-27 09:00:00,198.41563144275437
2011-09-27 10:00:00,105.23924774836856
2011-09-27 11:00:00,170.77840205011435
2011-09-27 12:00:00,195.90529563847605
2011-09-27 13:00:00,193.15778424599972
2011-09-27 14:00:00,188.3696585138959
2011-09-27 15:00:00,195.35520557264599
2011-09-27 16:00:00,319.0166446727333
2011-09-27 17:00:00,572.0055044283241
2011-09-27 18:00:00,457.45300967228707
2011-09-27 19:00:00,395.1210272662791
2011-09-27 20:00:00,330.9791762272883
2011-09-27 21:00:00,243.8798881546764
2011-09-27 22:00:00,172.0626505664311
2011-09-27 23:00:00,103.89259046288937
2011-09-28 00:00:00,44.34901939633653
2011-09-28 01:00:00,15.801884950703654
2011-09-28 02:00:00,6.570783300003241
2011-09-28 03:00:00,5.202360007634752
2011-09-28 04:00:00,6.705536799480874
2011-09-28 05:00:00,26.50475454707329
2011-09-28 06:00:00,61.785559336733016
2011-09-28 07:00:00,132.88198520224887
2011-09-28 08:00:00,211.197589780707
2011-09-28 09:00:00,104.63318450145786
2011-09-28 10:00:00,121.03993426481074
2011-09-28 11:00:00,194.0539878486587
2011-09-28 12:00:00,249.83058080183827
2011-09-28 13:00:00,242.75484658979238
2011-09-28 14:00:00,243.05039495501316
2011-09-28 15:00:00,244.72851453501406
2011-09-28 16:00:00,362.2648513230099
2011-09-28 17:00:00,673.3009455781381
2011-09-28 18:00:00,255.16737685107142
2011-09-28 19:00:00,217.15294164273084
2011-09-28 20:00:00,142.57857831459924
2011-09-28 21:00:00,50.131342574554765
2011-09-28 22:00:00,146.13812683825157
2011-09-28 23:00:00,85.14444269767938
2011-09-29 00:00:00,50.600552954201305
2011-09-29 01:00:00,10.135027909487704
2011-09-29 02:00:00,4.622467210056463
2011-09-29 03:00:00,5.312944268009761
2011-09-29 04:00:00,7.181325802791902
2011-09-29 05:00:00,34.83562071783366
2011-09-29 06:00:00,148.45122697320681
2011-09-29 07:00:00,446.68002040449875
2011-09-29 08:00:00,653.1124626719447
2011-09-29 09:00:00,316.3673704119481
2011-09-29 10:00:00,194.89996663559526
2011-09-29 11:00:00,217.79022354792608
2011-09-29 12:00:00,263.0345040883895
2011-09-29 13:00:00,254.07357192106258
2011-09-29 14:00:00,239.0253443387233
2011-09-29 15:00:00,260.79792664091786
2011-09-29 16:00:00,401.96406125630523
2011-09-29 17:00:00,706.0285835811486
2011-09-29 18:00:00,705.7484811729096
2011-09-29 19:00:00,492.8415559677419
2011-09-29 20:00:00,349.8576921053243
2011-09-29 21:00:00,259.2679952836698
2011-09-29 22:00:00,189.03381644449573
2011-09-29 23:00:00,108.20703166496193
2011-09-30 00:00:00,61.90971697372002
2011-09-30 01:00:00,29.730318628097514
2011-09-30 02:00:00,14.132249162462298
2011-09-30 03:00:00,8.21182710946453
2011-09-30 04:00:00,7.828189902599448
2011-09-30 05:00:00,40.58954803543746
2011-09-30 06:00:00,135.78697084210364
2011-09-30 07:00:00,406.7503825447968
2011-09-30 08:00:00,764.2879790517512
2011-09-30 09:00:00,317.0759148807551
2011-09-30 10:00:00,213.4662935784183
2011-09-30 11:00:00,235.08370091179336
2011-09-30 12:00:00,251.14764939052338
2011-09-30 13:00:00,243.03378446023473
2011-09-30 14:00:00,219.55231989976193
2011-09-30 15:00:00,290.7964571825575
2011-09-30 16:00:00,381.73843618394505
2011-09-30 17:00:00,653.2212855759257
2011-09-30 18:00:00,520.1380618106759
2011-09-30 19:00:00,365.931982101094
2011-09-30 20:00:00,271.4254501861265
2011-09-30 21:00:00,217.28963957890886
2011-09-30 22:00:00,201.774243175556
2011-09-30 23:00:00,138.49879063750944
2011-10-20 00:00:00,47.786629061531364
2011-10-20 01:00:00,19.246140537977436
2011-10-20 02:00:00,8.483001620940932
2011-10-20 03:00:00,5.531697058988985
2011-10-20 04:00:00,6.404196387523028
2011-10-20 05:00:00,32.469787192546484
2011-10-20 06:00:00,137.5452662788259
2011-10-20 07:00:00,362.5282538557668
2011-10-20 08:00:00,621.42101892166
2011-10-20 09:00:00,251.54876729013594
2011-10-20 10:00:00,158.83514350498595
2011-10-20 11:00:00,179.81647723705802
2011-10-20 12:00:00,229.28650133374103
2011-10-20 13:00:00,224.53547918977839
2011-10-20 14:00:00,172.4949988172043
2011-10-20 15:00:00,183.91492867845125
2011-10-20 16:00:00,255.6838247224275
2011-10-20 17:00:00,510.2438367649013
2011-10-20 18:00:00,442.64734423080336
2011-10-20 19:00:00,407.075111890069
2011-10-20 20:00:00,248.9214460146185
2011-10-20 21:00:00,207.07522663851168
2011-10-20 22:00:00,152.72735473233053
2011-10-20 23:00:00,107.40139376784239
2011-10-21 00:00:00,55.19580937211705
2011-10-21 01:00:00,28.347419957422463
2011-10-21 02:00:00,12.920489822274876
2011-10-21 03:00:00,6.49732321305772
2011-10-21 04:00:00,6.5801375885308335
2011-10-21 05:00:00,32.06237349728053
2011-10-21 06:00:00,104.53193198232584
2011-10-21 07:00:00,326.7055039620467
2011-10-21 08:00:00,696.1253675572733
2011-10-21 09:00:00,296.0627425965074
2011-10-21 10:00:00,193.42248327828884
2011-10-21 11:00:00,252.2255054013769
2011-10-21 12:00:00,299.05289715205765
2011-10-21 13:00:00,259.7727957964728
2011-10-21 14:00:00,252.7021314659387
2011-10-21 15:00:00,293.6400006574007
2011-10-21 16:00:00,371.94985124905406
2011-10-21 17:00:00,529.878423309026
2011-10-21 18:00:00,454.8969826845956
2011-10-21 19:00:00,300.7116792763345
2011-10-21 20:00:00,239.89778488044328
2011-10-21 21:00:00,189.91381017213118
2011-10-21 22:00:00,171.59598623498405
2011-10-21 23:00:00,130.61713191503875
2011-10-22 00:00:00,82.42535369626964
2011-10-22 01:00:00,77.94191620041661
2011-10-22 02:00:00,62.54018831988406
2011-10-22 03:00:00,25.886655149557924
2011-10-22 04:00:00,9.730746336461317
2011-10-22 05:00:00,8.431151488321042
2011-10-22 06:00:00,19.209140585205766
2011-10-22 07:00:00,52.13650137931641
2011-10-22 08:00:00,128.11189329337427
2011-10-22 09:00:00,222.6982142185233
2011-10-22 10:00:00,258.49654937450265
2011-10-22 11:00:00,328.8380108274266
2011-10-22 12:00:00,492.0828943209093
2011-10-22 13:00:00,519.0307902700209
2011-10-22 14:00:00,414.2148288940684
2011-10-22 15:00:00,483.80413965511605
2011-10-22 16:00:00,441.67023586664504
2011-10-22 17:00:00,379.2323932841119
2011-10-22 18:00:00,265.94433308080903
2011-10-22 19:00:00,236.09236626758522
2011-10-22 20:00:00,174.66785517663047
2011-10-22 21:00:00,143.846536547702
2011-10-22 22:00:00,127.07066286790533
2011-10-22 23:00:00,121.19246532906263
2011-10-23 00:00:00,68.81528737838678
2011-10-23 01:00:00,73.72855250104583
2011-10-23 02:00:00,63.775998859252546
2011-10-23 03:00:00,28.83245452723122
2011-10-23 04:00:00,9.667255390433166
2011-10-23 05:00:00,8.313621806119894
2011-10-23 06:00:00,11.70144313739931
2011-10-23 07:00:00,42.36703370566114
2011-10-23 08:00:00,101.49702763166201
2011-10-23 09:00:00,194.16441033036034
2011-10-23 10:00:00,254.34463686376162
2011-10-23 11:00:00,341.30363986235085
2011-10-23 12:00:00,459.60961534196275
2011-10-23 13:00:00,431.3187678200201
2011-10-23 14:00:00,426.35151839189734
2011-10-23 15:00:00,419.0911283091947
2011-10-23 16:00:00,407.36831599314985
2011-10-23 17:00:00,409.71909010375117
2011-10-23 18:00:00,302.0080610693668
2011-10-23 19:00:00,242.31477802329877
2011-10-23 20:00:00,176.2757873868953
2011-10-23 21:00:00,134.55847332484473
2011-10-23 22:00:00,102.4445669764973
2011-10-23 23:00:00,66.92723531977896
2011-10-24 00:00:00,38.59534427311165
2011-10-24 01:00:00,12.987915375061984
2011-10-24 02:00:00,7.12200828987594
2011-10-24 03:00:00,4.338534148572688
2011-10-24 04:00:00,6.162369685694301
2011-10-24 05:00:00,26.835460718898215
2011-10-24 06:00:00,123.89236763744923
2011-10-24 07:00:00,304.5353902498701
2011-10-24 08:00:00,594.6529908811322
2011-10-24 09:00:00,263.76377863923096
2011-10-24 10:00:00,116.09094590194378
2011-10-24 11:00:00,145.21259257414894
2011-10-24 12:00:00,176.0613592605919
2011-10-24 13:00:00,215.34815199590275
2011-10-24 14:00:00,187.72291551775018
2011-10-24 15:00:00,229.33840902114792
2011-10-24 16:00:00,368.99151189860936
2011-10-24 17:00:00,575.9409503043751
2011-10-24 18:00:00,618.1611848191079
2011-10-24 19:00:00,267.8726997719585
2011-10-24 20:00:00,260.99247164463753
2011-10-24 21:00:00,181.89750674339876
2011-10-24 22:00:00,140.95280716129434
2011-10-24 23:00:00,78.44195562458873
2011-10-25 00:00:00,39.67496359762699
2011-10-25 01:00:00,13.057358453870128
2011-10-25 02:00:00,5.454914225334079
2011-10-25 03:00:00,4.249443108046538
2011-10-25 04:00:00,6.001996794371066
2011-10-25 05:00:00,28.626573977207336
2011-10-25 06:00:00,121.3771924220528
2011-10-25 07:00:00,365.319294474485
2011-10-25 08:00:00,646.6321403257047
2011-10-25 09:00:00,311.5546126447813
2011-10-25 10:00:00,165.73802854759907
2011-10-25 11:00:00,186.12027862527486
2011-10-25 12:00:00,257.8792849956404
2011-10-25 13:00:00,248.73544880768148
2011-10-25 14:00:00,241.10949577070537
2011-10-25 15:00:00,252.93747611160592
2011-10-25 16:00:00,401.68763993525357
2011-10-25 17:00:00,725.607197488747
2011-10-25 18:00:00,545.0113683925565
2011-10-25 19:00:00,394.4100126267459
2011-10-25 20:00:00,278.38433558067925
2011-10-25 21:00:00,182.49811320400374
2011-10-25 22:00:00,149.2508004841489
2011-10-25 23:00:00,82.78781484744265
2011-10-26 00:00:00,40.83616837352994
2011-10-26 01:00:00,12.7782025172853
2011-10-26 02:00:00,6.033404704391308
2011-10-26 03:00:00,4.769654500365428
2011-10-26 04:00:00,5.5385472946192555
2011-10-26 05:00:00,25.927454221137474
2011-10-26 06:00:00,131.2280808442435
2011-10-26 07:00:00,376.94769893516843
2011-10-26 08:00:00,668.4863929358532
2011-10-26 09:00:00,327.8930155410396
2011-10-26 10:00:00,166.16111012236152
2011-10-26 11:00:00,184.50643606423424
2011-10-26 12:00:00,128.01414942019923
2011-10-26 13:00:00,107.35711497886403
2011-10-26 14:00:00,180.72442160137922
2011-10-26 15:00:00,190.56678880130744
2011-10-26 16:00:00,275.16599710692543
2011-10-26 17:00:00,507.25875347646235
2011-10-26 18:00:00,576.9197289521205
2011-10-26 19:00:00,404.94689811363884
2011-10-26 20:00:00,271.9908452879035
2011-10-26 21:00:00,198.0653185584044
2011-10-26 22:00:00,114.45366479923457
2011-10-26 23:00:00,69.671997373828
2011-10-27 00:00:00,42.37349150348494
2011-10-27 01:00:00,15.295429260064166
2011-10-27 02:00:00,6.619360517272153
2011-10-27 03:00:00,3.1901407289645998
2011-10-27 04:00:00,5.140946252402104
2011-10-27 05:00:00,23.5736781626316
2011-10-27 06:00:00,95.15333169773311
2011-10-27 07:00:00,313.23235603421506
2011-10-27 08:00:00,395.7194692220062
2011-10-27 09:00:00,268.70250640034186
2011-10-27 10:00:00,94.0029281593543
2011-10-27 11:00:00,103.99286191923655
2011-10-27 12:00:00,124.30969414975692
2011-10-27 13:00:00,178.95468061392174
2011-10-27 14:00:00,162.5478497182628
2011-10-27 15:00:00,168.4968090856334
2011-10-27 16:00:00,327.89579528473763
2011-10-27 17:00:00,480.477108727307
2011-10-27 18:00:00,414.02961889638493
2011-10-27 19:00:00,321.3490576028791
2011-10-27 20:00:00,242.8993151232795
2011-10-27 21:00:00,188.05932885704536
2011-10-27 22:00:00,127.54180015101589
2011-10-27 23:00:00,101.03341460159315
2011-10-28 00:00:00,43.643757803251646
2011-10-28 01:00:00,21.561944825601916
2011-10-28 02:00:00,10.71179168399703
2011-10-28 03:00:00,4.949110235979443
2011-10-28 04:00:00,4.724311104315029
2011-10-28 05:00:00,27.638357090667004
2011-10-28 06:00:00,86.70990423231503
2011-10-28 07:00:00,241.6009209547718
2011-10-28 08:00:00,599.0664667615674
2011-10-28 09:00:00,317.221810544565
2011-10-28 10:00:00,186.29937375027933
2011-10-28 11:00:00,195.14155429100308
2011-10-28 12:00:00,247.08940188964903
2011-10-28 13:00:00,249.2135392679742
2011-10-28 14:00:00,194.58290578779193
2011-10-28 15:00:00,218.26669209581644
2011-10-28 16:00:00,263.4142651185354
2011-10-28 17:00:00,492.52026738766756
2011-10-28 18:00:00,384.2071972604824
2011-10-28 19:00:00,268.41761979454157
2011-10-28 20:00:00,145.71898086343538
2011-10-28 21:00:00,119.06408217553482
2011-10-28 22:00:00,79.50324339812002
2011-10-28 23:00:00,51.98547629827527
2011-10-29 00:00:00,34.45352957860835
2011-10-29 01:00:00,43.700337911977705
2011-10-29 02:00:00,39.339295754361366
2011-10-29 03:00:00,12.563767848577907
2011-10-29 04:00:00,5.7160508982394145
2011-10-29 05:00:00,4.086515895085142
2011-10-29 06:00:00,10.356429383627203
2011-10-29 07:00:00,22.063213262149873
2011-10-29 08:00:00,53.42739709773006
2011-10-29 09:00:00,97.91943296883976
2011-10-29 10:00:00,121.61299613772374
2011-10-29 11:00:00,127.08891981378453
2011-10-29 12:00:00,128.97317781910107
2011-10-29 13:00:00,143.6737169291544
2011-10-29 14:00:00,144.0348899731141
2011-10-29 15:00:00,123.84371767820093
2011-10-29 16:00:00,107.1019565573065
2011-10-29 17:00:00,99.5328220516921
2011-10-29 18:00:00,79.64364478511331
2011-10-29 19:00:00,147.80523225431662
2011-10-29 20:00:00,102.98109455625757
2011-10-29 21:00:00,80.79719093770787
2011-10-29 22:00:00,69.83868599309906
2011-10-29 23:00:00,75.03778866683625
2011-10-30 00:00:00,39.39246671408791
2011-10-30 01:00:00,39.221746113429745
2011-10-30 02:00:00,36.44321203705715
2011-10-30 03:00:00,19.627362676765806
2011-10-30 04:00:00,5.326714955376414
2011-10-30 05:00:00,6.323050322599395
2011-10-30 06:00:00,10.279176893486843
2011-10-30 07:00:00,30.81910189463116
2011-10-30 08:00:00,68.08955114142098
2011-10-30 09:00:00,136.8772345609237
2011-10-30 10:00:00,224.74875192506912
2011-10-30 11:00:00,287.1935525802069
2011-10-30 12:00:00,352.77752928982954
2011-10-30 13:00:00,365.79682912364
2011-10-30 14:00:00,333.70576453852686
2011-10-30 15:00:00,327.5746917002662
2011-10-30 16:00:00,366.78813245038333
2011-10-30 17:00:00,313.4966016567171
2011-10-30 18:00:00,225.53399703974168
2011-10-30 19:00:00,280.15298056277726
2011-10-30 20:00:00,162.85308234327715
2011-10-30 21:00:00,110.7182808064479
2011-10-30 22:00:00,87.17952802390691
2011-10-30 23:00:00,52.34244554824381
2011-10-31 00:00:00,31.17472497064028
2011-10-31 01:00:00,10.204488369718776
2011-10-31 02:00:00,4.900060728192681
2011-10-31 03:00:00,3.4190127011235036
2011-10-31 04:00:00,4.405285245462791
2011-10-31 05:00:00,14.256171352852892
2011-10-31 06:00:00,88.01910692356194
2011-10-31 07:00:00,222.84941757240097
2011-10-31 08:00:00,565.9285843933395
2011-10-31 09:00:00,274.986990322279
2011-10-31 10:00:00,126.36224698112552
2011-10-31 11:00:00,146.40465081212184
2011-10-31 12:00:00,209.35409687272102
2011-10-31 13:00:00,189.30679384104195
2011-10-31 14:00:00,170.32881652336707
2011-10-31 15:00:00,181.1203327674121
2011-10-31 16:00:00,270.0399170565401
2011-10-31 17:00:00,511.02074470669373
2011-10-31 18:00:00,460.54248039732005
2011-10-31 19:00:00,346.30757551182785
2011-10-31 20:00:00,238.13013599765222
2011-10-31 21:00:00,169.54180847126625
2011-10-31 22:00:00,119.86471474501451
2011-10-31 23:00:00,68.6794476855435
2011-11-20 00:00:00,69.91504032363727
2011-11-20 01:00:00,78.32295619943096
2011-11-20 02:00:00,67.50050831891983
2011-11-20 03:00:00,24.704617853824736
2011-11-20 04:00:00,9.130052158200646
2011-11-20 05:00:00,8.34809807724572
2011-11-20 06:00:00,13.519070463117716
2011-11-20 07:00:00,38.50531564397177
2011-11-20 08:00:00,88.35432448918624
2011-11-20 09:00:00,196.44485027597048
2011-11-20 10:00:00,241.1676628923784
2011-11-20 11:00:00,320.3110013642867
2011-11-20 12:00:00,395.93656722039293
2011-11-20 13:00:00,434.555489953207
2011-11-20 14:00:00,434.36420308280674
2011-11-20 15:00:00,363.1650919023848
2011-11-20 16:00:00,350.5822725306906
2011-11-20 17:00:00,362.8523245794386
2011-11-20 18:00:00,315.2211765938656
2011-11-20 19:00:00,216.65271756793263
2011-11-20 20:00:00,193.7125037298423
2011-11-20 21:00:00,137.7243577132475
2011-11-20 22:00:00,76.42041182260239
2011-11-20 23:00:00,49.577206496253595
2011-11-21 00:00:00,32.25086575613927
2011-11-21 01:00:00,14.192766098941268
2011-11-21 02:00:00,5.463006292634201
2011-11-21 03:00:00,4.123421492733937
2011-11-21 04:00:00,6.618399453448296
2011-11-21 05:00:00,16.620409173818935
2011-11-21 06:00:00,96.2539301803687
2011-11-21 07:00:00,306.48047057029095
2011-11-21 08:00:00,493.59834711462696
2011-11-21 09:00:00,225.81354444171848
2011-11-21 10:00:00,127.87056120592523
2011-11-21 11:00:00,142.11948658828243
2011-11-21 12:00:00,188.9115826785813
2011-11-21 13:00:00,166.91543292345565
2011-11-21 14:00:00,153.09539636918925
2011-11-21 15:00:00,125.62859317240448
2011-11-21 16:00:00,177.77236139746674
2011-11-21 17:00:00,336.9455102747903
2011-11-21 18:00:00,426.57309260732546
2011-11-21 19:00:00,284.85933010454767
2011-11-21 20:00:00,160.22502551162646
2011-11-21 21:00:00,165.36325584998187
2011-11-21 22:00:00,117.54176249492808
2011-11-21 23:00:00,69.09772220643751
2011-11-22 00:00:00,25.912128311186446
2011-11-22 01:00:00,11.443115100048075
2011-11-22 02:00:00,3.732528835772193
2011-11-22 03:00:00,2.9263902747681603
2011-11-22 04:00:00,5.60538786814104
2011-11-22 05:00:00,22.83783050042626
2011-11-22 06:00:00,101.51833472858952
2011-11-22 07:00:00,209.38503209367906
2011-11-22 08:00:00,313.73111324730957
2011-11-22 09:00:00,170.58127746229837
2011-11-22 10:00:00,86.63286970146191
2011-11-22 11:00:00,97.66800717447117
2011-11-22 12:00:00,71.03210315728654
2011-11-22 13:00:00,78.43508084119263
2011-11-22 14:00:00,70.8006931728885
2011-11-22 15:00:00,112.22051206686257
2011-11-22 16:00:00,178.95729343373827
2011-11-22 17:00:00,219.9286757921248
2011-11-22 18:00:00,203.65838083071458
2011-11-22 19:00:00,219.5579340525744
2011-11-22 20:00:00,120.5242696198902
2011-11-22 21:00:00,87.60165684896229
2011-11-22 22:00:00,113.00826780691894
2011-11-22 23:00:00,62.00314459300549
2011-11-23 00:00:00,29.471921319355136
2011-11-23 01:00:00,9.963646724245573
2011-11-23 02:00:00,3.6834453155475955
2011-11-23 03:00:00,2.2063467845335367
2011-11-23 04:00:00,3.3301934176833696
2011-11-23 05:00:00,21.117812822675145
2011-11-23 06:00:00,80.7331436048023
2011-11-23 07:00:00,181.55274459046686
2011-11-23 08:00:00,456.2733022848715
2011-11-23 09:00:00,215.98594326692117
2011-11-23 10:00:00,104.20202930310418
2011-11-23 11:00:00,163.36881370559922
2011-11-23 12:00:00,230.25332158617724
2011-11-23 13:00:00,185.02723837024402
2011-11-23 14:00:00,163.73732588606796
2011-11-23 15:00:00,178.4335353029609
2011-11-23 16:00:00,288.7537459358311
2011-11-23 17:00:00,220.08373782360866
2011-11-23 18:00:00,464.53819235496536
2011-11-23 19:00:00,346.30509093454003
2011-11-23 20:00:00,231.16204213088778
2011-11-23 21:00:00,175.73135056028968
2011-11-23 22:00:00,127.61385076394947
2011-11-23 23:00:00,84.81102009044892
2011-11-24 00:00:00,89.09893123669589
2011-11-24 01:00:00,47.559148238235146
2011-11-24 02:00:00,30.47190707234297
2011-11-24 03:00:00,12.89199535745908
2011-11-24 04:00:00,10.978306089607557
2011-11-24 05:00:00,14.58966799753811
2011-11-24 06:00:00,19.619096684424417
2011-11-24 07:00:00,55.884347959332445
2011-11-24 08:00:00,128.5685344857071
2011-11-24 09:00:00,275.0378547671977
2011-11-24 10:00:00,326.5664213681698
2011-11-24 11:00:00,422.21267267393597
2011-11-24 12:00:00,462.8961645785497
2011-11-24 13:00:00,455.37929888749136
2011-11-24 14:00:00,371.8453900068315
2011-11-24 15:00:00,389.290817456848
2011-11-24 16:00:00,385.7580858907335
2011-11-24 17:00:00,403.50493552387815
2011-11-24 18:00:00,320.6094242807495
2011-11-24 19:00:00,298.6251591205631
2011-11-24 20:00:00,244.0944781528575
2011-11-24 21:00:00,176.36068549473092
2011-11-24 22:00:00,148.779588287029
2011-11-24 23:00:00,98.64558477412633
2011-11-25 00:00:00,49.42934230555177
2011-11-25 01:00:00,26.558654425253508
2011-11-25 02:00:00,9.880914213220693
2011-11-25 03:00:00,5.584757540887618
2011-11-25 04:00:00,6.304252167093885
2011-11-25 05:00:00,31.726958110213182
2011-11-25 06:00:00,81.31249406957254
2011-11-25 07:00:00,310.3591302040899
2011-11-25 08:00:00,558.7445200939952
2011-11-25 09:00:00,305.2713902098189
2011-11-25 10:00:00,165.1417782337707
2011-11-25 11:00:00,210.65155548288453
2011-11-25 12:00:00,271.96084744759503
2011-11-25 13:00:00,294.5571199839517
2011-11-25 14:00:00,272.80171771679096
2011-11-25 15:00:00,283.1829247287003
2011-11-25 16:00:00,349.2238709727378
2011-11-25 17:00:00,646.4151676898925
2011-11-25 18:00:00,480.0377345066074
2011-11-25 19:00:00,322.475869834687
2011-11-25 20:00:00,221.02881265236206
2011-11-25 21:00:00,180.83220862421496
2011-11-25 22:00:00,156.87818404935007
2011-11-25 23:00:00,109.88350777755292
2011-11-26 00:00:00,81.20517541812794
2011-11-26 01:00:00,69.47313306450168
2011-11-26 02:00:00,51.53180207546341
2011-11-26 03:00:00,21.908437369443018
2011-11-26 04:00:00,8.599672909040205
2011-11-26 05:00:00,7.4720353142376075
2011-11-26 06:00:00,17.364839496314026
2011-11-26 07:00:00,37.58239196016265
2011-11-26 08:00:00,112.3177944297309
2011-11-26 09:00:00,223.79605495515563
2011-11-26 10:00:00,269.55359406792695
2011-11-26 11:00:00,340.48339814796697
2011-11-26 12:00:00,423.36930243025415
2011-11-26 13:00:00,488.27680667205306
2011-11-26 14:00:00,394.47978655074655
2011-11-26 15:00:00,425.88333175438095
2011-11-26 16:00:00,326.86756857265675
2011-11-26 17:00:00,333.25473010187034
2011-11-26 18:00:00,257.71641866507684
2011-11-26 19:00:00,227.70096448992936
2011-11-26 20:00:00,164.8804078364902
2011-11-26 21:00:00,133.0138749681685
2011-11-26 22:00:00,118.58594525623958
2011-11-26 23:00:00,113.061002581462
2011-11-27 00:00:00,66.7364249787495
2011-11-27 01:00:00,74.53103485392347
2011-11-27 02:00:00,64.16067695512197
2011-11-27 03:00:00,28.48126644336672
2011-11-27 04:00:00,9.938867944143986
2011-11-27 05:00:00,9.659675666392948
2011-11-27 06:00:00,13.437140666502401
2011-11-27 07:00:00,36.9011814546208
2011-11-27 08:00:00,84.18438250348248
2011-11-27 09:00:00,198.41749766476528
2011-11-27 10:00:00,278.8874263615596
2011-11-27 11:00:00,345.3292157364316
2011-11-27 12:00:00,528.7407953647446
2011-11-27 13:00:00,510.3652611655679
2011-11-27 14:00:00,467.95190691410596
2011-11-27 15:00:00,532.6816284722923
2011-11-27 16:00:00,514.3817042671825
2011-11-27 17:00:00,478.96857667200896
2011-11-27 18:00:00,298.91190307293203
2011-11-27 19:00:00,222.58486112053805
2011-11-27 20:00:00,229.51529299220374
2011-11-27 21:00:00,153.64790335784198
2011-11-27 22:00:00,122.18602981227447
2011-11-27 23:00:00,74.77768896484072
2011-11-28 00:00:00,36.89779883396347
2011-11-28 01:00:00,11.807973317123045
2011-11-28 03:00:00,4.138780861601274
2011-11-28 04:00:00,6.241712418609594
2011-11-28 05:00:00,27.71263911502437
2011-11-28 06:00:00,127.07561308284957
2011-11-28 07:00:00,346.8600093413844
2011-11-28 08:00:00,534.2949362839173
2011-11-28 09:00:00,229.4652442473035
2011-11-28 10:00:00,127.56157625208705
2011-11-28 11:00:00,147.98336775039155
2011-11-28 12:00:00,241.60082892265316
2011-11-28 13:00:00,198.8861698607611
2011-11-28 14:00:00,213.14541760852774
2011-11-28 15:00:00,233.90779140872797
2011-11-28 16:00:00,369.6419432833457
2011-11-28 17:00:00,692.270416773644
2011-11-28 18:00:00,655.301745992415
2011-11-28 19:00:00,427.4933510814697
2011-11-28 20:00:00,273.4608329414719
2011-11-28 21:00:00,210.45138353813337
2011-11-28 22:00:00,118.98072394192482
2011-11-28 23:00:00,68.1028335353219
2011-11-29 00:00:00,45.80588943184883
2011-11-29 01:00:00,14.30590390474767
2011-11-29 02:00:00,5.210002981614734
2011-11-29 03:00:00,4.334126875402582
2011-11-29 04:00:00,6.095598291955302
2011-11-29 05:00:00,32.57988770334334
2011-11-29 06:00:00,145.94475257251096
2011-11-29 07:00:00,420.0156114581945
2011-11-29 08:00:00,778.1702635306391
2011-11-29 09:00:00,188.65357721214073
2011-11-29 10:00:00,108.10589864354343
2011-11-29 11:00:00,104.984888282526
2011-11-29 12:00:00,110.52769539066769
2011-11-29 13:00:00,114.75522546452487
2011-11-29 14:00:00,106.22602725709902
2011-11-29 15:00:00,107.3248738070781
2011-11-29 16:00:00,178.8291126273672
2011-11-29 17:00:00,393.6888941966156
2011-11-29 18:00:00,337.5675395390539
2011-11-29 19:00:00,273.08510605072814
2011-11-29 20:00:00,195.72316267067842
2011-11-29 21:00:00,146.30594446499813
2011-11-29 22:00:00,105.6486104732437
2011-11-29 23:00:00,66.48230899111303
2011-11-30 00:00:00,40.4843341092882
2011-11-30 01:00:00,12.079575076271524
2011-11-30 02:00:00,5.298676709623747
2011-11-30 03:00:00,4.542006364246821
2011-11-30 04:00:00,4.483369197171467
2011-11-30 05:00:00,22.48530097971294
2011-11-30 06:00:00,95.36543730301541
2011-11-30 07:00:00,270.52497576816046
2011-11-30 08:00:00,497.0418948690811
2011-11-30 09:00:00,217.42917398143274
2011-11-30 10:00:00,141.2582366860484
2011-11-30 11:00:00,147.4834716991977
2011-11-30 12:00:00,205.9674830624637
2011-11-30 13:00:00,193.29227607500215
2011-11-30 14:00:00,170.15488575310633
2011-11-30 15:00:00,178.9618307264754
2011-11-30 16:00:00,280.33622114226256
2011-11-30 17:00:00,504.0320288782338
2011-11-30 18:00:00,462.79166897946016
2011-11-30 19:00:00,366.82065215155427
2011-11-30 20:00:00,246.7173438861871
2011-11-30 21:00:00,143.52535227115058
2011-11-30 22:00:00,106.85124981858799
2011-11-30 23:00:00,69.16065652236573
2011-12-20 00:00:00,41.43863603401136
2011-12-20 01:00:00,13.612291502552479
2011-12-20 02:00:00,5.6779612777548385
2011-12-20 03:00:00,4.52816016496747
2011-12-20 04:00:00,6.913636294846737
2011-12-20 05:00:00,28.96670321238917
2011-12-20 06:00:00,106.64311355091479
2011-12-20 07:00:00,364.045305996076
2011-12-20 08:00:00,634.8866582588439
2011-12-20 09:00:00,269.94161518852155
2011-12-20 10:00:00,135.10934622704173
2011-12-20 11:00:00,150.792439021431
2011-12-20 12:00:00,195.97174051147343
2011-12-20 13:00:00,185.0901739298941
2011-12-20 14:00:00,165.32280017313187
2011-12-20 15:00:00,181.9090434499153
2011-12-20 16:00:00,286.18990934993417
2011-12-20 17:00:00,536.2713302883011
2011-12-20 18:00:00,480.00360492097883
2011-12-20 19:00:00,365.56268809716255
2011-12-20 20:00:00,252.96561493962005
2011-12-20 21:00:00,189.2795340490646
2011-12-20 22:00:00,131.67988444396838
2011-12-20 23:00:00,80.65977348476068
2011-12-21 00:00:00,22.813242735141838
2011-12-21 01:00:00,8.19852776890238
2011-12-21 02:00:00,3.6202442669855714
2011-12-21 03:00:00,2.9517341895585676
2011-12-21 04:00:00,3.0170203495860948
2011-12-21 05:00:00,14.175441530893146
2011-12-21 06:00:00,67.90480746139687
2011-12-21 07:00:00,200.16586481308124
2011-12-21 08:00:00,154.95907519382143
2011-12-21 09:00:00,205.23307882269887
2011-12-21 10:00:00,97.28722472491296
2011-12-21 11:00:00,111.1897961060369
2011-12-21 12:00:00,62.70967711323362
2011-12-21 13:00:00,42.99855763019738
2011-12-21 14:00:00,91.27150368129614
2011-12-21 15:00:00,93.75199817718271
2011-12-21 16:00:00,39.8693005372398
2011-12-21 17:00:00,78.04760811656439
2011-12-21 18:00:00,108.80927704867648
2011-12-21 19:00:00,175.04177279552317
2011-12-21 20:00:00,149.3928492858371
2011-12-21 21:00:00,124.86825717638247
2011-12-21 22:00:00,94.21333085811305
2011-12-21 23:00:00,61.18871626553513
2011-12-22 00:00:00,32.8235212781609
2011-12-22 01:00:00,11.034375874116257
2011-12-22 02:00:00,7.389949283090398
2011-12-22 03:00:00,4.103372167246231
2011-12-22 04:00:00,2.9919301757129677
2011-12-22 05:00:00,17.28936363213528
2011-12-22 06:00:00,82.37140644486098
2011-12-22 07:00:00,204.69110857663756
2011-12-22 08:00:00,365.85257129167917
2011-12-22 09:00:00,192.82829364929515
2011-12-22 10:00:00,99.29511042384182
2011-12-22 11:00:00,111.09999595453476
2011-12-22 12:00:00,156.9719682901769
2011-12-22 13:00:00,142.82388689010608
2011-12-22 14:00:00,131.88135140381215
2011-12-22 15:00:00,149.33187345839391
2011-12-22 16:00:00,189.30929385550274
2011-12-22 17:00:00,366.34003101828586
2011-12-22 18:00:00,364.5945473716256
2011-12-22 19:00:00,257.5010021819541
2011-12-22 20:00:00,130.8680555089986
2011-12-22 21:00:00,96.85627242822113
2011-12-22 22:00:00,46.0400945693353
2011-12-22 23:00:00,45.72644270012411
2011-12-23 00:00:00,23.833334655963576
2011-12-23 01:00:00,15.667786466439543
2011-12-23 02:00:00,6.547227641954329
2011-12-23 03:00:00,2.4393569319788626
2011-12-23 04:00:00,1.9989814547417049
2011-12-23 05:00:00,14.368780032652959
2011-12-23 06:00:00,64.28611512984259
2011-12-23 07:00:00,176.8241596902736
2011-12-23 08:00:00,422.5987399795793
2011-12-23 09:00:00,233.88931114460678
2011-12-23 10:00:00,123.05398467628464
2011-12-23 11:00:00,138.7525365144786
2011-12-23 12:00:00,177.08663403966818
2011-12-23 13:00:00,168.72232237191483
2011-12-23 14:00:00,153.09997298421118
2011-12-23 15:00:00,132.6662921751819
2011-12-23 16:00:00,169.29536419634942
2011-12-23 17:00:00,298.2265614815259
2011-12-23 18:00:00,245.25241906233708
2011-12-23 19:00:00,159.5362862090884
2011-12-23 20:00:00,112.37632000737467
2011-12-23 21:00:00,101.51566135643154
2011-12-23 22:00:00,91.50981162656704
2011-12-23 23:00:00,62.194276179526504
2011-12-24 00:00:00,39.717984045579215
2011-12-24 01:00:00,39.00029003232919
2011-12-24 02:00:00,33.581850093803986
2011-12-24 03:00:00,13.102561220161002
2011-12-24 04:00:00,4.273302086541281
2011-12-24 05:00:00,4.132698431721689
2011-12-24 06:00:00,8.760429077699325
2011-12-24 07:00:00,19.118844563919417
2011-12-24 08:00:00,57.44619822253303
2011-12-24 09:00:00,70.99882439373614
2011-12-24 10:00:00,123.13635238613946
2011-12-24 11:00:00,141.24911193426476
2011-12-24 12:00:00,237.52016221314912
2011-12-24 13:00:00,222.15360531930367
2011-12-24 14:00:00,210.29903695228518
2011-12-24 15:00:00,196.6148479738009
2011-12-24 16:00:00,195.5252063732009
2011-12-24 17:00:00,164.46208606810526
2011-12-24 18:00:00,151.07972598491648
2011-12-24 19:00:00,114.13381999362134
2011-12-24 20:00:00,76.48928309300746
2011-12-24 21:00:00,65.31742063618391
2011-12-24 22:00:00,53.19640989848785
2011-12-24 23:00:00,45.615868423093396
2011-12-25 00:00:00,31.023126779403167
2011-12-25 01:00:00,29.29261114564368
2011-12-25 02:00:00,28.54001158946753
2011-12-25 03:00:00,10.312781487151623
2011-12-25 05:00:00,3.5699504411648917
2011-12-25 06:00:00,5.213548803169601
2011-12-25 07:00:00,17.156849692080893
2011-12-25 08:00:00,34.69883431703492
2011-12-25 09:00:00,64.40258561012172
2011-12-25 10:00:00,106.5529755823062
2011-12-25 11:00:00,142.81725353845223
2011-12-25 12:00:00,132.90173373089985
2011-12-25 13:00:00,137.51720866169563
2011-12-25 14:00:00,184.0972175611453
2011-12-25 15:00:00,189.21007657221546
2011-12-25 16:00:00,213.2378911882753
2011-12-25 17:00:00,192.15805452888202
2011-12-25 18:00:00,118.48341242810743
2011-12-25 19:00:00,97.40994450000134
2011-12-25 20:00:00,85.96015543437534
2011-12-25 21:00:00,69.52203048802212
2011-12-25 22:00:00,45.636463570832966
2011-12-25 23:00:00,29.03989652841911
2011-12-26 00:00:00,31.087879079413078
2011-12-26 01:00:00,18.559669043021113
2011-12-26 02:00:00,20.863534052380977
2011-12-26 04:00:00,5.023939127953786
2011-12-26 05:00:00,6.917783096308887
2011-12-26 06:00:00,15.434191354650036
2011-12-26 07:00:00,30.645905050512393
2011-12-26 08:00:00,143.28503482402323
2011-12-26 09:00:00,96.36695720521857
2011-12-26 10:00:00,146.87293582452378
2011-12-26 11:00:00,171.10246806351182
2011-12-26 12:00:00,213.3454752138931
2011-12-26 13:00:00,212.26029098026908
2011-12-26 14:00:00,210.73217850514152
2011-12-26 15:00:00,221.41503984365917
2011-12-26 16:00:00,234.38224694552352
2011-12-26 17:00:00,199.87526800903774
2011-12-26 18:00:00,157.18055970446193
2011-12-26 19:00:00,125.98428612956207
2011-12-26 20:00:00,97.52762924786897
2011-12-26 21:00:00,78.9275066646361
2011-12-26 22:00:00,60.437764983137065
2011-12-26 23:00:00,30.135037783838428
2011-12-27 00:00:00,17.55403022736801
2011-12-27 01:00:00,5.9893738660339055
2011-12-27 02:00:00,2.7818806183676337
2011-12-27 03:00:00,1.9638403588387747
2011-12-27 04:00:00,2.434810862661287
2011-12-27 05:00:00,9.143602134422999
2011-12-27 06:00:00,51.52903393744448
2011-12-27 07:00:00,135.60536249893835
2011-12-27 08:00:00,301.42145214384124
2011-12-27 09:00:00,140.96414310423555
2011-12-27 10:00:00,71.7899263034091
2011-12-27 11:00:00,57.47224768156643
2011-12-27 12:00:00,60.43311330344658
2011-12-27 13:00:00,61.37326155397079
2011-12-27 14:00:00,63.13100509033914
2011-12-27 15:00:00,66.10983942712372
2011-12-27 16:00:00,105.86445825681253
2011-12-27 17:00:00,255.8937887333312
2011-12-27 18:00:00,218.82334611552673
2011-12-27 19:00:00,182.3619864499107
2011-12-27 20:00:00,105.59446878558228
2011-12-27 21:00:00,96.1880430685782
2011-12-27 22:00:00,64.66095651502509
2011-12-27 23:00:00,33.56784857703722
2011-12-28 00:00:00,20.420156068405568
2011-12-28 01:00:00,7.361128249546323
2011-12-28 02:00:00,3.20250286641891
2011-12-28 03:00:00,2.6498214144448458
2011-12-28 05:00:00,12.48419221693566
2011-12-28 06:00:00,62.81965740925471
2011-12-28 07:00:00,187.40315208876953
2011-12-28 08:00:00,319.8450030342839
2011-12-28 09:00:00,185.05108432057096
2011-12-28 10:00:00,85.2806709624613
2011-12-28 11:00:00,84.62696589484683
2011-12-28 12:00:00,104.92388997662052
2011-12-28 13:00:00,100.92483647150712
2011-12-28 14:00:00,82.24777817174515
2011-12-28 15:00:00,89.09752819337405
2011-12-28 16:00:00,127.95309594053425
2011-12-28 17:00:00,228.85407167432396
2011-12-28 18:00:00,230.65523113895938
2011-12-28 19:00:00,152.6781872556349
2011-12-28 20:00:00,105.38449396463882
2011-12-28 21:00:00,75.46020507335402
2011-12-28 22:00:00,53.334530417496715
2011-12-28 23:00:00,26.673883599872795
2011-12-29 00:00:00,16.58353820575054
2011-12-29 01:00:00,5.211727908665899
2011-12-29 02:00:00,3.4232919649557347
2011-12-29 03:00:00,1.7923779812625145
2011-12-29 04:00:00,1.73951491067183
2011-12-29 05:00:00,11.75148501192193
2011-12-29 06:00:00,44.62452386472592
2011-12-29 07:00:00,134.6332082143105
2011-12-29 08:00:00,256.78910526443724
2011-12-29 09:00:00,154.55671061538231
2011-12-29 10:00:00,64.47518999687165
2011-12-29 11:00:00,78.40479816361521
2011-12-29 12:00:00,99.03311822961285
2011-12-29 13:00:00,98.55233436419398
2011-12-29 14:00:00,94.92452238931678
2011-12-29 15:00:00,101.90253282601759
2011-12-29 16:00:00,134.75314996177923
2011-12-29 17:00:00,278.91634808696426
2011-12-29 18:00:00,287.3855068960682
2011-12-29 19:00:00,198.2146885333697
2011-12-29 20:00:00,134.28183224309714
2011-12-29 21:00:00,97.75474305019489
2011-12-29 22:00:00,72.34823687385222
2011-12-29 23:00:00,49.6951129274948
2011-12-30 00:00:00,27.51290986176578
2011-12-30 01:00:00,14.063189597203024
2011-12-30 02:00:00,6.931761902719613
2011-12-30 03:00:00,3.6358007392942606
2011-12-30 04:00:00,2.8215009055496143
2011-12-30 05:00:00,12.976780202994094
2011-12-30 06:00:00,55.8240869489895
2011-12-30 07:00:00,176.21344742663564
2011-12-30 08:00:00,321.3661728298868
2011-12-30 09:00:00,223.4543191081653
2011-12-30 10:00:00,87.53055264173635
2011-12-30 11:00:00,108.7287993700909
2011-12-30 12:00:00,155.1055548650308
2011-12-30 13:00:00,119.91672883242214
2011-12-30 14:00:00,147.56071293573532
2011-12-30 15:00:00,182.1813802365053
2011-12-30 16:00:00,222.9371488839433
2011-12-30 17:00:00,317.0869688073865
2011-12-30 18:00:00,258.514645240645
2011-12-30 19:00:00,129.51227866917026
2011-12-30 20:00:00,108.26278393820843
2011-12-30 21:00:00,100.34738342125497
2011-12-30 22:00:00,79.77722225280769
2011-12-30 23:00:00,43.661852933800034
2011-12-31 00:00:00,37.730074905061414
2011-12-31 01:00:00,47.656874517687946
2011-12-31 02:00:00,40.55615847347971
2011-12-31 03:00:00,15.773694760209777
2011-12-31 04:00:00,3.956998044606807
2011-12-31 05:00:00,3.5737641531861812
2011-12-31 06:00:00,12.067114556325459
2011-12-31 07:00:00,19.105685874524948
2011-12-31 08:00:00,77.42200076968979
2011-12-31 09:00:00,101.06691633867732
2011-12-31 10:00:00,197.7596653733811
2011-12-31 11:00:00,239.1460595771802
2011-12-31 12:00:00,362.9318003104967
2011-12-31 13:00:00,282.2854546436038
2011-12-31 14:00:00,306.5374704618678
2011-12-31 15:00:00,242.20658652892257
2011-12-31 16:00:00,226.76576580818008
2011-12-31 17:00:00,238.46686729876808
2011-12-31 18:00:00,209.87246521859453
2011-12-31 19:00:00,160.7403123979148
2011-12-31 20:00:00,125.22579078671536
2011-12-31 21:00:00,103.23558111016929
2011-12-31 22:00:00,75.7011734858014
2011-12-31 23:00:00,67.37984287636654
2012-01-20 00:00:00,22.25988019913397
2012-01-20 01:00:00,13.604022122815918
2012-01-20 02:00:00,6.851784642081662
2012-01-20 03:00:00,3.5616023972285857
2012-01-20 04:00:00,2.388575867886303
2012-01-20 05:00:00,12.84906387513798
2012-01-20 06:00:00,45.176016180693544
2012-01-20 07:00:00,106.6656525952672
2012-01-20 08:00:00,236.5599200630111
2012-01-20 09:00:00,177.49915138600622
2012-01-20 10:00:00,62.10715044581985
2012-01-20 11:00:00,59.30540778726255
2012-01-20 12:00:00,82.19796776394547
2012-01-20 13:00:00,87.91388232311236
2012-01-20 14:00:00,66.6837478701303
2012-01-20 15:00:00,89.11446644539691
2012-01-20 16:00:00,92.37837060202183
2012-01-20 17:00:00,211.14406798664496
2012-01-20 18:00:00,176.08503358358502
2012-01-20 19:00:00,113.05959518815071
2012-01-20 20:00:00,84.89035703695701
2012-01-20 21:00:00,72.88445365104717
2012-01-20 22:00:00,51.20930510272611
2012-01-20 23:00:00,19.454396348972935
2012-01-21 00:00:00,16.663777637611613
2012-01-21 01:00:00,19.784640865208207
2012-01-21 02:00:00,17.38879784109398
2012-01-21 03:00:00,4.9571837995115215
2012-01-21 04:00:00,2.3650208111998925
2012-01-21 05:00:00,2.019868266781987
2012-01-21 06:00:00,3.368965767406508
2012-01-21 07:00:00,8.768702657227157
2012-01-21 08:00:00,29.293376527844025
2012-01-21 09:00:00,41.34659435011692
2012-01-21 10:00:00,46.95431233354853
2012-01-21 11:00:00,101.89368294871738
2012-01-21 12:00:00,118.92253385731088
2012-01-21 13:00:00,99.88902523998946
2012-01-21 14:00:00,72.49052127864896
2012-01-21 15:00:00,71.8621235386385
2012-01-21 16:00:00,92.90691631025825
2012-01-21 17:00:00,72.70097042636664
2012-01-21 18:00:00,83.72866860255553
2012-01-21 19:00:00,54.162753502120566
2012-01-21 20:00:00,40.652176050644684
2012-01-21 21:00:00,39.15373754788351
2012-01-21 22:00:00,30.890735946310603
2012-01-21 23:00:00,27.001562954769618
2012-01-22 00:00:00,18.10138016505536
2012-01-22 01:00:00,18.14736767129566
2012-01-22 02:00:00,18.08320325612237
2012-01-22 03:00:00,7.591721795822475
2012-01-22 04:00:00,1.8059400090202882
2012-01-22 05:00:00,1.6139706715293403
2012-01-22 06:00:00,3.7480626021162773
2012-01-22 07:00:00,11.037526357022552
2012-01-22 08:00:00,28.869618678821944
2012-01-22 09:00:00,43.78121590012696
2012-01-22 10:00:00,76.55771317239153
2012-01-22 11:00:00,44.65820030988884
2012-01-22 12:00:00,84.29791327551902
2012-01-22 13:00:00,108.54396869338107
2012-01-22 14:00:00,94.26190679240737
2012-01-22 15:00:00,90.96356046351437
2012-01-22 16:00:00,104.00913087254185
2012-01-22 17:00:00,92.00556928091184
2012-01-22 18:00:00,58.627677937777186
2012-01-22 19:00:00,39.2202098475695
2012-01-22 20:00:00,33.08179578170013
2012-01-22 21:00:00,27.754477631429243
2012-01-22 22:00:00,28.085456845911043
2012-01-22 23:00:00,16.6965114594054
2012-01-23 00:00:00,13.40760963538337
2012-01-23 01:00:00,4.150238603777646
2012-01-23 02:00:00,2.3632179766213355
2012-01-23 03:00:00,1.5713989599851013
2012-01-23 04:00:00,1.858057460553325
2012-01-23 05:00:00,8.604875895533818
2012-01-23 06:00:00,43.420846221012994
2012-01-23 07:00:00,103.36031413497317
2012-01-23 08:00:00,174.7665561561248
2012-01-23 09:00:00,143.08941431503683
2012-01-23 10:00:00,46.46359201519743
2012-01-23 11:00:00,49.035816227096035
2012-01-23 12:00:00,52.31675308635246
2012-01-23 13:00:00,53.85788489113422
2012-01-23 14:00:00,45.578635455619846
2012-01-23 15:00:00,25.674746230959993
2012-01-23 16:00:00,86.91336914144779
2012-01-23 17:00:00,176.18617834528004
2012-01-23 18:00:00,191.42853679457306
2012-01-23 19:00:00,128.39214962632062
2012-01-23 20:00:00,61.83218956531024
2012-01-23 21:00:00,39.12208091885829
2012-01-23 22:00:00,27.714873129078768
2012-01-23 23:00:00,22.032428418738995
2012-01-24 00:00:00,8.077687390647812
2012-01-24 01:00:00,4.286012342588362
2012-01-24 02:00:00,1.9912225653695517
2012-01-24 03:00:00,1.80502971186048
2012-01-24 04:00:00,1.9448557910335023
2012-01-24 05:00:00,7.0772054432028195
2012-01-24 06:00:00,47.406130782341215
2012-01-24 07:00:00,142.4246388391621
2012-01-24 08:00:00,252.92189152001922
2012-01-24 09:00:00,164.17241616122666
2012-01-24 10:00:00,63.478827682093794
2012-01-24 11:00:00,87.94653045544031
2012-01-24 12:00:00,100.72648081125037
2012-01-24 13:00:00,100.36600192194147
2012-01-24 14:00:00,78.0770197483689
2012-01-24 15:00:00,109.76757545990495
2012-01-24 16:00:00,206.3898774665237
2012-01-24 17:00:00,410.31677051072467
2012-01-24 18:00:00,389.01862914946645
2012-01-24 19:00:00,264.4278434739977
2012-01-24 20:00:00,125.42640604985343
2012-01-24 21:00:00,112.33517325728877
2012-01-24 22:00:00,64.61249476972745
2012-01-24 23:00:00,39.521051415689186
2012-01-25 00:00:00,13.012592093657155
2012-01-25 01:00:00,6.017976748571437
2012-01-25 02:00:00,2.977691595359439
2012-01-25 03:00:00,2.4004250561487033
2012-01-25 04:00:00,1.903943100085618
2012-01-25 05:00:00,10.072146313084716
2012-01-25 06:00:00,55.00576648199904
2012-01-25 07:00:00,143.1018016975456
2012-01-25 08:00:00,251.90871130358963
2012-01-25 09:00:00,149.65304245107993
2012-01-25 10:00:00,65.95599803605764
2012-01-25 11:00:00,72.64207325649933
2012-01-25 12:00:00,100.74685219106273
2012-01-25 13:00:00,113.49267275661029
2012-01-25 14:00:00,98.57755397585309
2012-01-25 15:00:00,106.49797448374342
2012-01-25 16:00:00,157.61349367799997
2012-01-25 17:00:00,286.5635944124325
2012-01-25 18:00:00,260.6214592541692
2012-01-25 19:00:00,186.2476407565933
2012-01-25 20:00:00,118.37157162040418
2012-01-25 21:00:00,96.2313309643353
2012-01-25 22:00:00,69.63395859943371
2012-01-25 23:00:00,45.69826946067939
2012-01-26 00:00:00,21.412943559188346
2012-01-26 01:00:00,8.3936568002679
2012-01-26 02:00:00,3.743744674579595
2012-01-26 03:00:00,2.3413309620107503
2012-01-26 04:00:00,2.69618586086963
2012-01-26 05:00:00,14.660303627995052
2012-01-26 06:00:00,68.38838931852216
2012-01-26 07:00:00,195.02008841861203
2012-01-26 08:00:00,327.67564188887235
2012-01-26 09:00:00,202.38116075067148
2012-01-26 10:00:00,81.5089028990653
2012-01-26 11:00:00,83.22923163691202
2012-01-26 12:00:00,108.67554943932382
2012-01-26 13:00:00,100.7160161907445
2012-01-26 14:00:00,122.41812964502785
2012-01-26 15:00:00,131.7067501266016
2012-01-26 16:00:00,182.74731550761248
2012-01-26 17:00:00,377.44506119455144
2012-01-26 18:00:00,353.6336579926166
2012-01-26 19:00:00,240.80619562858783
2012-01-26 20:00:00,180.45311816131985
2012-01-26 21:00:00,133.55698207559342
2012-01-26 22:00:00,86.4702052684541
2012-01-26 23:00:00,63.95677072766413
2012-01-27 00:00:00,27.750454354659183
2012-01-27 01:00:00,14.649444354828253
2012-01-27 02:00:00,9.297088807749072
2012-01-27 03:00:00,3.512243161115506
2012-01-27 04:00:00,2.3653851267160375
2012-01-27 05:00:00,13.447622346226623
2012-01-27 06:00:00,52.21650560461903
2012-01-27 07:00:00,109.83906507844162
2012-01-27 08:00:00,328.33906601535284
2012-01-27 09:00:00,188.23212193606443
2012-01-27 10:00:00,48.962801718914896
2012-01-27 11:00:00,129.0112788973764
2012-01-27 12:00:00,178.97231034753668
2012-01-27 13:00:00,194.35346482720416
2012-01-27 14:00:00,182.79614368821376
2012-01-27 15:00:00,185.95623515112987
2012-01-27 16:00:00,211.59237660738458
2012-01-27 17:00:00,383.19147045148674
2012-01-27 18:00:00,328.7766177788123
2012-01-27 19:00:00,150.07589565613355
2012-01-27 20:00:00,113.6321503490865
2012-01-27 21:00:00,94.86272281500041
2012-01-27 22:00:00,88.5931383541845
2012-01-27 23:00:00,58.58388464837552
2012-01-28 00:00:00,37.92738973721026
2012-01-28 01:00:00,38.9122314700079
2012-01-28 02:00:00,32.24291373427231
2012-01-28 03:00:00,14.708771057818149
2012-01-28 04:00:00,3.6479243166479796
2012-01-28 05:00:00,3.9893020148579277
2012-01-28 06:00:00,7.9836822149095665
2012-01-28 07:00:00,17.805124041984573
2012-01-28 08:00:00,52.267510754532914
2012-01-28 09:00:00,60.01573198690342
2012-01-28 10:00:00,138.61224072279342
2012-01-28 11:00:00,171.66611246871233
2012-01-28 12:00:00,191.73407258241292
2012-01-28 13:00:00,218.63296330843582
2012-01-28 14:00:00,179.01898127422496
2012-01-28 15:00:00,266.51325319091035
2012-01-28 16:00:00,235.83517041914052
2012-01-28 17:00:00,196.41733974947505
2012-01-28 18:00:00,209.6780485060384
2012-01-28 19:00:00,103.78920366614577
2012-01-28 20:00:00,104.8573982590257
2012-01-28 21:00:00,67.4510857752944
2012-01-28 22:00:00,74.94266965817354
2012-01-28 23:00:00,56.21843263488345
2012-01-29 00:00:00,34.175309686058014
2012-01-29 01:00:00,28.72456612775045
2012-01-29 02:00:00,27.558196999900193
2012-01-29 03:00:00,12.110269955676717
2012-01-29 04:00:00,3.1150065410889503
2012-01-29 05:00:00,2.9139804652554364
2012-01-29 06:00:00,4.353914235386975
2012-01-29 07:00:00,14.828861513888889
2012-01-29 08:00:00,36.6765179212953
2012-01-29 09:00:00,58.36024603636022
2012-01-29 10:00:00,126.90664978680601
2012-01-29 11:00:00,120.88581932110387
2012-01-29 12:00:00,164.38430486208517
2012-01-29 13:00:00,157.86248074285666
2012-01-29 14:00:00,147.32231234479872
2012-01-29 15:00:00,174.92550729017117
2012-01-29 16:00:00,178.9463005180584
2012-01-29 17:00:00,159.47142781049445
2012-01-29 18:00:00,122.9926187374275
2012-01-29 19:00:00,91.17449777232463
2012-01-29 20:00:00,77.6257384185959
2012-01-29 21:00:00,61.279845148418104
2012-01-29 22:00:00,46.632357359692044
2012-01-29 23:00:00,27.83829364663509
2012-01-30 00:00:00,17.19283496873225
2012-01-30 01:00:00,5.719749754307148
2012-01-30 02:00:00,2.8962258855951295
2012-01-30 03:00:00,2.0835616916035757
2012-01-30 04:00:00,1.7257594753595527
2012-01-30 05:00:00,8.482061315791928
2012-01-30 06:00:00,41.52019746136804
2012-01-30 07:00:00,119.23817675509432
2012-01-30 08:00:00,211.63813316100627
2012-01-30 09:00:00,144.72226999892783
2012-01-30 10:00:00,51.93777582126799
2012-01-30 11:00:00,70.52943742145418
2012-01-30 12:00:00,84.30733173705055
2012-01-30 13:00:00,84.95349035667617
2012-01-30 14:00:00,78.67659335888553
2012-01-30 15:00:00,82.32352091369881
2012-01-30 16:00:00,146.81091225812543
2012-01-30 17:00:00,272.6279122945266
2012-01-30 18:00:00,268.8638776517958
2012-01-30 19:00:00,169.84246170309876
2012-01-30 20:00:00,120.19336801356762
2012-01-30 21:00:00,93.5375823342804
2012-01-30 22:00:00,56.30856154079719
2012-01-30 23:00:00,31.35760049754297
2012-01-31 00:00:00,18.398066298993605
2012-01-31 01:00:00,5.8753926073849385
2012-01-31 02:00:00,3.004763149070145
2012-01-31 03:00:00,2.19372133920765
2012-01-31 04:00:00,2.504959299540228
2012-01-31 05:00:00,12.727305791185488
2012-01-31 06:00:00,48.851209622856906
2012-01-31 07:00:00,166.6994808826141
2012-01-31 08:00:00,302.25770506153754
2012-01-31 09:00:00,179.49183975197687
2012-01-31 10:00:00,67.90620616193858
2012-01-31 11:00:00,114.64158367590043
2012-01-31 12:00:00,138.21491553949784
2012-01-31 13:00:00,146.58409896385785
2012-01-31 14:00:00,140.12527888170507
2012-01-31 15:00:00,174.03637023845215
2012-01-31 16:00:00,274.99639744394017
2012-01-31 17:00:00,513.4414742055739
2012-01-31 18:00:00,491.73247680250614
2012-01-31 19:00:00,292.2827346413252
2012-01-31 20:00:00,190.09820522655264
2012-01-31 21:00:00,134.1455021194773
2012-01-31 22:00:00,90.43336390781964
2012-01-31 23:00:00,58.26587362312511
2012-02-20 00:00:00,37.72779294923707
2012-02-20 01:00:00,20.239722971836002
2012-02-20 02:00:00,17.058384275737108
2012-02-20 03:00:00,6.0256960788662495
2012-02-20 05:00:00,3.7125978581302497
2012-02-20 06:00:00,11.334175899931454
2012-02-20 07:00:00,18.32669548693883
2012-02-20 08:00:00,85.17671313605676
2012-02-20 09:00:00,65.29305562138795
2012-02-20 10:00:00,92.7852633833938
2012-02-20 11:00:00,145.20702668719255
2012-02-20 12:00:00,182.3613857791801
2012-02-20 13:00:00,182.42436242272817
2012-02-20 14:00:00,188.57719122083634
2012-02-20 15:00:00,219.40478376176648
2012-02-20 16:00:00,238.46558081340024
2012-02-20 17:00:00,188.06115015764664
2012-02-20 18:00:00,176.55971912847377
2012-02-20 19:00:00,133.88916575213753
2012-02-20 20:00:00,107.6796496036676
2012-02-20 21:00:00,78.99087798927675
2012-02-20 22:00:00,67.51398957916196
2012-02-20 23:00:00,34.440217506174704
2012-02-21 00:00:00,20.3320665203672
2012-02-21 01:00:00,6.446315013074952
2012-02-21 02:00:00,2.79232630446456
2012-02-21 04:00:00,1.8743199958692005
2012-02-21 05:00:00,9.008435132776079
2012-02-21 06:00:00,44.07347457432467
2012-02-21 07:00:00,131.37595611153716
2012-02-21 08:00:00,259.1717813081867
2012-02-21 09:00:00,143.7421226000565
2012-02-21 10:00:00,65.39227452395922
2012-02-21 11:00:00,49.74453256688853
2012-02-21 12:00:00,77.67993626349526
2012-02-21 13:00:00,101.16192959223942
2012-02-21 14:00:00,71.33150189005414
2012-02-21 15:00:00,101.30897010193821
2012-02-21 16:00:00,156.06005094788364
2012-02-21 17:00:00,291.20577299589996
2012-02-21 18:00:00,276.47628355280614
2012-02-21 19:00:00,189.30660872192544
2012-02-21 20:00:00,144.76180275935997
2012-02-21 21:00:00,112.2190282365839
2012-02-21 22:00:00,63.70552367526545
2012-02-21 23:00:00,34.53841059159308
2012-02-22 00:00:00,17.441812785483755
2012-02-22 01:00:00,7.697416469840044
2012-02-22 02:00:00,3.3148290986703772
2012-02-22 03:00:00,2.513253143199451
2012-02-22 04:00:00,2.844741544208843
2012-02-22 05:00:00,13.759197727706269
2012-02-22 06:00:00,63.10148257430707
2012-02-22 07:00:00,192.78207699665447
2012-02-22 08:00:00,343.9904118325455
2012-02-22 09:00:00,206.69117805520347
2012-02-22 10:00:00,89.56002888731504
2012-02-22 11:00:00,87.8985832717707
2012-02-22 12:00:00,137.53905035920644
2012-02-22 13:00:00,125.50448302646018
2012-02-22 14:00:00,115.13476158203756
2012-02-22 15:00:00,159.43377232619844
2012-02-22 16:00:00,194.31118211163624
2012-02-22 17:00:00,438.54263443928886
2012-02-22 18:00:00,404.68888323299257
2012-02-22 19:00:00,273.6051161149984
2012-02-22 20:00:00,158.20671102916822
2012-02-22 21:00:00,156.24464717260176
2012-02-22 22:00:00,88.70034475263995
2012-02-22 23:00:00,65.15657095145163
2012-02-23 00:00:00,28.821070937240172
2012-02-23 01:00:00,10.66813712926614
2012-02-23 02:00:00,5.761728198602146
2012-02-23 03:00:00,2.7157253465853075
2012-02-23 04:00:00,3.275259685026921
2012-02-23 05:00:00,18.42286320981001
2012-02-23 06:00:00,81.58662236380636
2012-02-23 07:00:00,210.88184623835664
2012-02-23 08:00:00,409.6474940047103
2012-02-23 09:00:00,206.12711542262872
2012-02-23 10:00:00,115.19815828639157
2012-02-23 11:00:00,135.58391804838763
2012-02-23 12:00:00,173.83599028512225
2012-02-23 13:00:00,171.55730959921573
2012-02-23 14:00:00,182.70452189961793
2012-02-23 15:00:00,201.56774554168638
2012-02-23 16:00:00,318.71160329553584
2012-02-23 17:00:00,548.1275282230545
2012-02-23 18:00:00,559.2823966134459
2012-02-23 19:00:00,318.78825368444706
2012-02-23 20:00:00,232.90847549382818
2012-02-23 21:00:00,153.23059511850755
2012-02-23 22:00:00,114.29449074769619
2012-02-23 23:00:00,77.76472931915347
2012-02-24 00:00:00,35.36956033150283
2012-02-24 01:00:00,20.228241632231143
2012-02-24 02:00:00,7.817702922711356
2012-02-24 03:00:00,5.415334098038408
2012-02-24 04:00:00,4.252329607844583
2012-02-24 05:00:00,19.535708301185757
2012-02-24 06:00:00,69.45551224690425
2012-02-24 07:00:00,192.05789999456724
2012-02-24 08:00:00,281.37777741238716
2012-02-24 09:00:00,114.68489147005046
2012-02-24 10:00:00,59.49114293767689
2012-02-24 11:00:00,100.81836845882688
2012-02-24 12:00:00,169.52718755713911
2012-02-24 13:00:00,155.62702174751294
2012-02-24 14:00:00,150.29101180689463
2012-02-24 15:00:00,99.02056227929167
2012-02-24 16:00:00,114.62065916761995
2012-02-24 17:00:00,198.70852966845473
2012-02-24 18:00:00,259.9989746355566
2012-02-24 19:00:00,193.12612048988288
2012-02-24 20:00:00,159.342473904979
2012-02-24 21:00:00,126.75310590397645
2012-02-24 22:00:00,120.35901444972163
2012-02-24 23:00:00,65.1343462738065
2012-02-25 00:00:00,40.05425086579687
2012-02-25 01:00:00,38.90023708857196
2012-02-25 02:00:00,31.88861320019733
2012-02-25 03:00:00,11.358298539238556
2012-02-25 04:00:00,3.675062622154853
2012-02-25 05:00:00,3.793643447444181
2012-02-25 06:00:00,8.07712874907745
2012-02-25 07:00:00,21.02295675767481
2012-02-25 08:00:00,56.33547423169367
2012-02-25 09:00:00,33.321407847163215
2012-02-25 10:00:00,128.49696370162914
2012-02-25 11:00:00,138.59494598831324
2012-02-25 12:00:00,126.5581971900717
2012-02-25 13:00:00,142.2980742735778
2012-02-25 14:00:00,122.21553190374341
2012-02-25 15:00:00,144.39872150026298
2012-02-25 16:00:00,122.89743553593559
2012-02-25 17:00:00,145.98584073386044
2012-02-25 18:00:00,106.49151431298618
2012-02-25 19:00:00,78.0325880851632
2012-02-25 20:00:00,54.271073020973155
2012-02-25 21:00:00,55.988749500914814
2012-02-25 22:00:00,42.5231067758194
2012-02-25 23:00:00,41.74323331269561
2012-02-26 00:00:00,26.830758159146985
2012-02-26 01:00:00,27.644290683287107
2012-02-26 02:00:00,25.519265185834307
2012-02-26 03:00:00,13.369418774664512
2012-02-26 04:00:00,3.621830776307375
2012-02-26 05:00:00,2.891690701082318
2012-02-26 06:00:00,4.160157476735108
2012-02-26 07:00:00,13.6106580578543
2012-02-26 08:00:00,34.52964569237024
2012-02-26 09:00:00,54.960363562874676
2012-02-26 10:00:00,124.92978786578874
2012-02-26 11:00:00,127.39912608495865
2012-02-26 12:00:00,185.4626485790195
2012-02-26 13:00:00,183.68285754992675
2012-02-26 14:00:00,195.9963005358046
2012-02-26 15:00:00,187.66756371538162
2012-02-26 16:00:00,202.22946485377605
2012-02-26 17:00:00,181.42953762600345
2012-02-26 18:00:00,146.43468080063803
2012-02-26 19:00:00,111.79792264280486
2012-02-26 20:00:00,82.84783766891458
2012-02-26 21:00:00,69.59126047996341
2012-02-26 22:00:00,49.61784957833037
2012-02-26 23:00:00,27.77192367048198
2012-02-27 00:00:00,17.71389672933675
2012-02-27 01:00:00,5.88724486339485
2012-02-27 02:00:00,2.961340078089724
2012-02-27 03:00:00,2.1130109793856753
2012-02-27 04:00:00,2.0171577001281644
2012-02-27 05:00:00,9.977819499506115
2012-02-27 06:00:00,56.72783429053022
2012-02-27 07:00:00,162.0126221319885
2012-02-27 08:00:00,259.69045122394147
2012-02-27 09:00:00,168.8956337181113
2012-02-27 10:00:00,72.30167416893272
2012-02-27 11:00:00,86.39129228501189
2012-02-27 12:00:00,134.48419271898985
2012-02-27 13:00:00,131.46739464096595
2012-02-27 14:00:00,126.96160801894705
2012-02-27 15:00:00,131.46174155176698
2012-02-27 16:00:00,249.03325055024607
2012-02-27 17:00:00,452.9874343155292
2012-02-27 18:00:00,369.1779587755961
2012-02-27 19:00:00,247.2338587988488
2012-02-27 20:00:00,192.83890269460989
2012-02-27 21:00:00,139.6262272864547
2012-02-27 22:00:00,93.8780267015697
2012-02-27 23:00:00,51.23228754592215
2012-02-28 00:00:00,32.04442358794678
2012-02-28 01:00:00,7.883800830152964
2012-02-28 02:00:00,4.798507325841627
2012-02-28 03:00:00,3.1452635993992555
2012-02-28 04:00:00,2.5016271662549237
2012-02-28 05:00:00,12.808913009038152
2012-02-28 06:00:00,56.35562246119367
2012-02-28 07:00:00,166.60905575908512
2012-02-28 08:00:00,292.0987582558963
2012-02-28 09:00:00,166.11891699519538
2012-02-28 10:00:00,69.24171810881279
2012-02-28 11:00:00,88.92845232592032
2012-02-28 12:00:00,115.70652163912499
2012-02-28 13:00:00,110.24644584907226
2012-02-28 14:00:00,122.14871058314415
2012-02-28 15:00:00,139.08999556496772
2012-02-28 16:00:00,211.73198212135472
2012-02-28 17:00:00,394.2335439135058
2012-02-28 18:00:00,358.11149041002375
2012-02-28 19:00:00,249.68413161317545
2012-02-28 20:00:00,182.61525339233188
2012-02-28 21:00:00,116.7683807319903
2012-02-28 22:00:00,82.12912879368557
2012-02-28 23:00:00,38.93692995781051
2012-02-29 00:00:00,21.23997647593618
2012-02-29 01:00:00,7.63389466325657
2012-02-29 02:00:00,2.978203496617203
2012-02-29 03:00:00,2.580311829568261
2012-02-29 05:00:00,12.75526752910683
2012-02-29 06:00:00,64.46351136405947
2012-02-29 07:00:00,179.8062791624488
2012-02-29 08:00:00,324.9363496159984
2012-02-29 09:00:00,123.77393409954277
2012-02-29 10:00:00,46.362583350822156
2012-02-29 11:00:00,46.70587690313619
2012-02-29 12:00:00,31.537472038445976
2012-02-29 13:00:00,52.01729557519832
2012-02-29 14:00:00,47.4107041881745
2012-02-29 15:00:00,95.1639195673457
2012-02-29 16:00:00,91.32141697820124
2012-02-29 17:00:00,307.35776039683157
2012-02-29 18:00:00,235.83948429066547
2012-02-29 19:00:00,224.36944956596656
2012-02-29 20:00:00,101.58638079965857
2012-02-29 21:00:00,35.002168164790135
2012-02-29 22:00:00,34.84482193298096
2012-02-29 23:00:00,21.88693445593515
2012-03-20 00:00:00,37.02950494417927
2012-03-20 01:00:00,13.27002371977116
2012-03-20 02:00:00,5.2240284779421575
2012-03-20 03:00:00,3.9125534211855815
2012-03-20 04:00:00,4.197351317629582
2012-03-20 05:00:00,17.497586829650366
2012-03-20 06:00:00,80.02568361547522
2012-03-20 07:00:00,168.55040929794978
2012-03-20 08:00:00,447.31309581024664
2012-03-20 09:00:00,263.4116420784795
2012-03-20 10:00:00,137.8337879043134
2012-03-20 11:00:00,165.99538450614025
2012-03-20 12:00:00,179.9824298420541
2012-03-20 13:00:00,183.6905220113102
2012-03-20 14:00:00,161.8681302058183
2012-03-20 15:00:00,186.2811874816471
2012-03-20 16:00:00,298.426540040984
2012-03-20 17:00:00,542.9875896976032
2012-03-20 18:00:00,506.3989793414383
2012-03-20 19:00:00,393.720482408205
2012-03-20 20:00:00,270.48231854246814
2012-03-20 21:00:00,204.12670160868743
2012-03-20 22:00:00,133.61054469450093
2012-03-20 23:00:00,68.65389698761626
2012-03-21 00:00:00,28.715630744979908
2012-03-21 01:00:00,13.83168953574805
2012-03-21 02:00:00,7.170877258329252
2012-03-21 03:00:00,3.432726939347466
2012-03-21 04:00:00,3.79013700418453
2012-03-21 05:00:00,19.18138288262421
2012-03-21 06:00:00,71.6167730835294
2012-03-21 07:00:00,126.9604149825073
2012-03-21 08:00:00,210.78379267683354
2012-03-21 09:00:00,190.71443520944646
2012-03-21 10:00:00,117.30367527913734
2012-03-21 11:00:00,129.41739216683231
2012-03-21 12:00:00,216.22269843474743
2012-03-21 13:00:00,182.20160367451345
2012-03-21 14:00:00,196.1963342524655
2012-03-21 15:00:00,205.49632140817226
2012-03-21 16:00:00,342.4333895573302
2012-03-21 17:00:00,674.3410606607405
2012-03-21 18:00:00,690.8835382276601
2012-03-21 19:00:00,488.4834835601371
2012-03-21 20:00:00,316.838389772441
2012-03-21 21:00:00,210.12437434878143
2012-03-21 22:00:00,121.98385539621546
2012-03-21 23:00:00,105.46542171968493
2012-03-22 00:00:00,37.15662394705486
2012-03-22 01:00:00,13.760509538158132
2012-03-22 02:00:00,9.273368066188162
2012-03-22 03:00:00,3.938822692514506
2012-03-22 04:00:00,3.187052604522258
2012-03-22 05:00:00,13.205805816499167
2012-03-22 06:00:00,79.63822257745132
2012-03-22 07:00:00,177.75323148907455
2012-03-22 08:00:00,414.67772432591033
2012-03-22 09:00:00,183.6630802135238
2012-03-22 10:00:00,64.3268669947689
2012-03-22 11:00:00,105.90255841572275
2012-03-22 12:00:00,159.48823246824605
2012-03-22 13:00:00,231.83171000467618
2012-03-22 14:00:00,215.74080721968065
2012-03-22 15:00:00,228.40867969504689
2012-03-22 16:00:00,347.35362507820537
2012-03-22 17:00:00,660.9937221228475
2012-03-22 18:00:00,663.0754325263822
2012-03-22 19:00:00,489.29035792879444
2012-03-22 20:00:00,305.36715929454533
2012-03-22 21:00:00,239.9858624786603
2012-03-22 22:00:00,150.32274467048907
2012-03-22 23:00:00,107.23299863950287
2012-03-23 00:00:00,54.86215311807468
2012-03-23 01:00:00,27.27721680627101
2012-03-23 02:00:00,14.20399129759741
2012-03-23 03:00:00,5.952102209757477
2012-03-23 04:00:00,4.463242517801798
2012-03-23 05:00:00,23.29575047192974
2012-03-23 06:00:00,96.16371058348628
2012-03-23 07:00:00,279.81898833535774
2012-03-23 08:00:00,476.50413132110464
2012-03-23 09:00:00,225.17908417535872
2012-03-23 10:00:00,166.8096513748398
2012-03-23 11:00:00,239.7235369386177
2012-03-23 12:00:00,279.9998659866646
2012-03-23 13:00:00,263.9519550547693
2012-03-23 14:00:00,244.01151728448335
2012-03-23 15:00:00,258.01017920533445
2012-03-23 16:00:00,336.3486426275371
2012-03-23 17:00:00,578.1020050183524
2012-03-23 18:00:00,593.7278345650367
2012-03-23 19:00:00,378.7251489886608
2012-03-23 20:00:00,281.2689141445611
2012-03-23 21:00:00,237.00820630437428
2012-03-23 22:00:00,192.8227904497707
2012-03-23 23:00:00,140.3797340059013
2012-03-24 00:00:00,129.31938641506562
2012-03-24 01:00:00,124.08845777900898
2012-03-24 02:00:00,61.50598139559058
2012-03-24 03:00:00,31.452620333899052
2012-03-24 04:00:00,8.631242663057652
2012-03-24 05:00:00,7.780137029551755
2012-03-24 06:00:00,24.17518476946439
2012-03-24 07:00:00,47.258278235884795
2012-03-24 08:00:00,98.46578605866486
2012-03-24 09:00:00,199.4336648047528
2012-03-24 10:00:00,238.17066348377688
2012-03-24 11:00:00,251.89550729129266
2012-03-24 12:00:00,166.90019450248803
2012-03-24 13:00:00,169.31374301910293
2012-03-24 14:00:00,150.98109199712425
2012-03-24 15:00:00,122.12222237766103
2012-03-24 16:00:00,119.32928664098677
2012-03-24 17:00:00,155.12393070158026
2012-03-24 18:00:00,100.75438859089934
2012-03-24 19:00:00,109.62708222999728
2012-03-24 20:00:00,51.84009512388482
2012-03-24 21:00:00,43.516446379522456
2012-03-24 22:00:00,36.55991739981082
2012-03-24 23:00:00,53.66100036407571
2012-03-25 00:00:00,33.71632561063897
2012-03-25 01:00:00,24.216117766060766
2012-03-25 02:00:00,19.42733494752105
2012-03-25 03:00:00,10.4064655411527
2012-03-25 04:00:00,3.8178681626243023
2012-03-25 05:00:00,2.960201173199366
2012-03-25 06:00:00,9.638058208847697
2012-03-25 07:00:00,18.884946677240126
2012-03-25 08:00:00,45.037520697538305
2012-03-25 09:00:00,84.5381236906329
2012-03-25 10:00:00,133.88542380917585
2012-03-25 11:00:00,133.4552908416028
2012-03-25 12:00:00,157.71976851990587
2012-03-25 13:00:00,216.92545306288827
2012-03-25 14:00:00,207.70042730787466
2012-03-25 15:00:00,207.5261536527542
2012-03-25 16:00:00,367.00161394890364
2012-03-25 17:00:00,396.98290522782247
2012-03-25 18:00:00,312.68420962732046
2012-03-25 19:00:00,214.28478859622032
2012-03-25 20:00:00,175.60950552469643
2012-03-25 21:00:00,144.3772947199316
2012-03-25 22:00:00,114.54157498878477
2012-03-25 23:00:00,75.83894592044096
2012-03-26 00:00:00,32.797302000497304
2012-03-26 01:00:00,11.322262885931215
2012-03-26 02:00:00,6.51055036769506
2012-03-26 03:00:00,4.242398110767327
2012-03-26 04:00:00,4.348352662551486
2012-03-26 05:00:00,21.420449588255494
2012-03-26 06:00:00,106.61057252363918
2012-03-26 07:00:00,300.93226917837563
2012-03-26 08:00:00,519.9407236723009
2012-03-26 09:00:00,237.86097798309697
2012-03-26 10:00:00,142.44685232635425
2012-03-26 11:00:00,152.70942699764475
2012-03-26 12:00:00,195.18742321364851
2012-03-26 13:00:00,172.05442728901173
2012-03-26 14:00:00,166.49516053702965
2012-03-26 15:00:00,171.14691297579384
2012-03-26 16:00:00,244.77756401747277
2012-03-26 17:00:00,446.7454959762935
2012-03-26 18:00:00,403.11597253825454
2012-03-26 19:00:00,271.18078649082315
2012-03-26 20:00:00,188.9797720157441
2012-03-26 21:00:00,115.42727717656217
2012-03-26 22:00:00,81.58119783714565
2012-03-26 23:00:00,45.01428257092419
2012-03-27 00:00:00,25.455899809017378
2012-03-27 01:00:00,7.037633850005693
2012-03-27 02:00:00,4.2345307765650615
2012-03-27 03:00:00,2.7888807567850664
2012-03-27 04:00:00,2.5197637654336407
2012-03-27 05:00:00,11.605529363850493
2012-03-27 06:00:00,63.47262780012789
2012-03-27 07:00:00,186.00985863853978
2012-03-27 08:00:00,284.19967190460864
2012-03-27 09:00:00,140.6506715334897
2012-03-27 10:00:00,88.86234206002884
2012-03-27 11:00:00,99.20808006619046
2012-03-27 12:00:00,127.0924373776666
2012-03-27 13:00:00,141.60075056594832
2012-03-27 14:00:00,163.93161311904095
2012-03-27 15:00:00,162.75581933909956
2012-03-27 16:00:00,236.8023127578888
2012-03-27 17:00:00,457.48880005053803
2012-03-27 18:00:00,477.4061563092987
2012-03-27 19:00:00,330.73540690741993
2012-03-27 20:00:00,240.1931278797391
2012-03-27 21:00:00,139.31964437766447
2012-03-27 22:00:00,102.07862613521266
2012-03-27 23:00:00,59.688336161118734
2012-03-28 00:00:00,26.609726015154667
2012-03-28 01:00:00,9.040904804661727
2012-03-28 02:00:00,4.789145163587679
2012-03-28 03:00:00,3.389486616687108
2012-03-28 04:00:00,3.187560013707593
2012-03-28 05:00:00,17.345483300231713
2012-03-28 06:00:00,77.63879577908929
2012-03-28 07:00:00,231.14684918766199
2012-03-28 08:00:00,406.0624664201306
2012-03-28 09:00:00,226.8223201013316
2012-03-28 10:00:00,126.01194353339567
2012-03-28 11:00:00,160.47533963301905
2012-03-28 12:00:00,210.52390976715492
2012-03-28 13:00:00,222.1397395632898
2012-03-28 14:00:00,213.92853375951475
2012-03-28 15:00:00,233.10836969273663
2012-03-28 16:00:00,240.96639838876774
2012-03-28 17:00:00,652.8217268814366
2012-03-28 18:00:00,668.0653417097712
2012-03-28 19:00:00,475.81267811977517
2012-03-28 20:00:00,289.33851978006635
2012-03-28 21:00:00,241.59155840559478
2012-03-28 22:00:00,186.77312668446768
2012-03-28 23:00:00,108.66788493054949
2012-03-29 00:00:00,49.91401556895989
2012-03-29 01:00:00,19.494138194698323
2012-03-29 02:00:00,10.145854752002885
2012-03-29 03:00:00,5.546481710478673
2012-03-29 04:00:00,5.660940337723933
2012-03-29 05:00:00,29.80703091957322
2012-03-29 06:00:00,120.56896951797309
2012-03-29 07:00:00,340.1676010289811
2012-03-29 08:00:00,583.6171483914983
2012-03-29 09:00:00,263.91093496229627
2012-03-29 10:00:00,127.85092897710751
2012-03-29 11:00:00,154.42781113671361
2012-03-29 12:00:00,201.31266218488193
2012-03-29 13:00:00,172.89571996357915
2012-03-29 14:00:00,169.55706560824257
2012-03-29 15:00:00,181.39410438401467
2012-03-29 16:00:00,295.86044733282534
2012-03-29 17:00:00,514.8285956295233
2012-03-29 18:00:00,492.8797878036229
2012-03-29 19:00:00,347.7668355559425
2012-03-29 20:00:00,234.67881669251446
2012-03-29 21:00:00,175.5528580117304
2012-03-29 22:00:00,128.74636666825774
2012-03-29 23:00:00,81.46504914578799
2012-03-30 00:00:00,47.234335363014154
2012-03-30 01:00:00,19.377799438016982
2012-03-30 02:00:00,10.273902320697657
2012-03-30 03:00:00,5.452550989328386
2012-03-30 04:00:00,3.97907608946735
2012-03-30 05:00:00,22.514514202994196
2012-03-30 06:00:00,70.04297532050124
2012-03-30 07:00:00,256.3609897124714
2012-03-30 08:00:00,528.0001630239319
2012-03-30 09:00:00,214.56037316165651
2012-03-30 10:00:00,119.8627013912801
2012-03-30 11:00:00,131.86730110062095
2012-03-30 12:00:00,168.60812514607187
2012-03-30 13:00:00,141.04143807907184
2012-03-30 14:00:00,125.01900544948853
2012-03-30 15:00:00,134.51433321760257
2012-03-30 16:00:00,167.4279884481186
2012-03-30 17:00:00,442.15401287558063
2012-03-30 18:00:00,433.9912571647321
2012-03-30 19:00:00,275.25016101238026
2012-03-30 20:00:00,209.83898176465328
2012-03-30 21:00:00,146.4660021990789
2012-03-30 22:00:00,119.99389096772046
2012-03-30 23:00:00,88.54313489902206
2012-03-31 00:00:00,57.793735790465334
2012-03-31 01:00:00,60.1867681264121
2012-03-31 02:00:00,36.00594057169335
2012-03-31 03:00:00,22.44443624624649
2012-03-31 04:00:00,4.688276228037321
2012-03-31 05:00:00,6.519365574712216
2012-03-31 06:00:00,14.048783793865855
2012-03-31 07:00:00,26.88044143043843
2012-03-31 08:00:00,69.76435599290198
2012-03-31 09:00:00,161.89724348005882
2012-03-31 10:00:00,216.64686933994295
2012-03-31 11:00:00,368.597393191396
2012-03-31 12:00:00,495.80729998368304
2012-03-31 13:00:00,569.0496293583645
2012-03-31 14:00:00,388.3065734157987
2012-03-31 15:00:00,392.1123140790519
2012-03-31 16:00:00,311.9368955887637
2012-03-31 17:00:00,267.13449737147903
2012-03-31 18:00:00,136.10902077414175
2012-03-31 19:00:00,125.80167215104142
2012-03-31 20:00:00,106.52938789938936
2012-03-31 21:00:00,89.43008916681056
2012-03-31 22:00:00,64.12097854531872
2012-03-31 23:00:00,55.85199329878937
2012-04-20 00:00:00,59.480980973559994
2012-04-20 01:00:00,26.613998414472512
2012-04-20 02:00:00,13.214977486633247
2012-04-20 03:00:00,6.237829592256739
2012-04-20 04:00:00,4.024902999466085
2012-04-20 05:00:00,22.327239623093792
2012-04-20 06:00:00,93.30765986409398
2012-04-20 07:00:00,266.25497084737304
2012-04-20 08:00:00,503.2104818844521
2012-04-20 09:00:00,266.30433963858695
2012-04-20 10:00:00,203.27927617267304
2012-04-20 11:00:00,224.38209548583106
2012-04-20 12:00:00,288.69799007966043
2012-04-20 13:00:00,291.55604201086334
2012-04-20 14:00:00,261.14890334405874
2012-04-20 15:00:00,277.2992169472213
2012-04-20 16:00:00,378.93846167622115
2012-04-20 17:00:00,655.405001170635
2012-04-20 18:00:00,567.2401738740383
2012-04-20 19:00:00,380.75564622877783
2012-04-20 20:00:00,273.3126474297449
2012-04-20 21:00:00,238.43185575147427
2012-04-20 22:00:00,189.14446249128238
2012-04-20 23:00:00,136.40347166823523
2012-04-21 00:00:00,90.23535251122142
2012-04-21 01:00:00,88.6020714384294
2012-04-21 02:00:00,61.3148103891882
2012-04-21 03:00:00,27.098690837728817
2012-04-21 04:00:00,8.794620223843724
2012-04-21 05:00:00,9.772889990235624
2012-04-21 06:00:00,31.789943632091845
2012-04-21 07:00:00,55.90027393916231
2012-04-21 08:00:00,141.0677344278297
2012-04-21 09:00:00,264.60688247437804
2012-04-21 10:00:00,345.9632862734886
2012-04-21 11:00:00,467.89627206959875
2012-04-21 12:00:00,577.5287382908635
2012-04-21 13:00:00,581.0840423104939
2012-04-21 14:00:00,558.0612453390443
2012-04-21 15:00:00,530.2984771252204
2012-04-21 16:00:00,494.6103560172604
2012-04-21 17:00:00,393.3460015803411
2012-04-21 18:00:00,276.5407441208452
2012-04-21 19:00:00,136.7455179790277
2012-04-21 20:00:00,96.87713039614313
2012-04-21 21:00:00,69.37188949556264
2012-04-21 22:00:00,124.94407036013774
2012-04-21 23:00:00,82.26631076902784
2012-04-22 00:00:00,62.77602178583478
2012-04-22 01:00:00,50.29817500756846
2012-04-22 02:00:00,47.83060812445432
2012-04-22 03:00:00,23.045796789314345
2012-04-22 04:00:00,6.624284305251363
2012-04-22 05:00:00,5.763359279601441
2012-04-22 06:00:00,14.179211031713443
2012-04-22 07:00:00,19.068035339203938
2012-04-22 08:00:00,44.80328531101465
2012-04-22 09:00:00,78.51512299634581
2012-04-22 10:00:00,84.07171592329837
2012-04-22 11:00:00,79.93263257961485
2012-04-22 12:00:00,93.03647720076229
2012-04-22 13:00:00,104.78395178818751
2012-04-22 14:00:00,85.71875789515981
2012-04-22 15:00:00,86.11206288303241
2012-04-22 16:00:00,77.54264396090106
2012-04-22 17:00:00,59.24624619546175
2012-04-22 18:00:00,45.46498366441988
2012-04-22 19:00:00,50.71886908155408
2012-04-22 20:00:00,41.321519194767234
2012-04-22 21:00:00,36.45675952411141
2012-04-22 22:00:00,24.707615685080928
2012-04-22 23:00:00,19.23873459442546
2012-04-23 00:00:00,13.60186157865335
2012-04-23 01:00:00,5.043642743695447
2012-04-23 02:00:00,3.8862675553641344
2012-04-23 03:00:00,2.327657522848396
2012-04-23 04:00:00,2.0900120508470477
2012-04-23 05:00:00,8.912971589876276
2012-04-23 06:00:00,61.43358344718873
2012-04-23 07:00:00,102.90155116154283
2012-04-23 08:00:00,259.5106614970168
2012-04-23 09:00:00,116.45942222509157
2012-04-23 10:00:00,68.71508867497475
2012-04-23 11:00:00,67.87899681987543
2012-04-23 12:00:00,67.06691825996883
2012-04-23 13:00:00,65.13222145438942
2012-04-23 14:00:00,67.7423414758288
2012-04-23 15:00:00,93.07862744737521
2012-04-23 16:00:00,62.91730406043881
2012-04-23 17:00:00,129.6784129447013
2012-04-23 18:00:00,185.0592998150471
2012-04-23 19:00:00,160.52691583314993
2012-04-23 20:00:00,133.00541852124297
2012-04-23 21:00:00,82.68220358867339
2012-04-23 22:00:00,72.69456066246597
2012-04-23 23:00:00,39.47898296454734
2012-04-24 00:00:00,20.779371320598703
2012-04-24 01:00:00,6.603004653923641
2012-04-24 02:00:00,3.962051101932417
2012-04-24 03:00:00,2.322100366634284
2012-04-24 04:00:00,2.7015892949453275
2012-04-24 05:00:00,14.25695979235495
2012-04-24 06:00:00,64.65394193927753
2012-04-24 07:00:00,191.93193849320974
2012-04-24 08:00:00,439.5810838590752
2012-04-24 09:00:00,212.59516058102784
2012-04-24 10:00:00,110.61301784911758
2012-04-24 11:00:00,145.27753421380046
2012-04-24 12:00:00,198.65808629184414
2012-04-24 13:00:00,196.7286474299273
2012-04-24 14:00:00,174.19410259245058
2012-04-24 15:00:00,193.00903185737798
2012-04-24 16:00:00,294.7752156663346
2012-04-24 17:00:00,552.0434096507512
2012-04-24 18:00:00,510.11027338629356
2012-04-24 19:00:00,372.4097760902513
2012-04-24 20:00:00,256.4820072831548
2012-04-24 21:00:00,159.58771160907116
2012-04-24 22:00:00,132.10286778051736
2012-04-24 23:00:00,69.47707677170196
2012-04-25 00:00:00,35.40051686058542
2012-04-25 01:00:00,12.669410185782896
2012-04-25 02:00:00,5.2073756460961915
2012-04-25 03:00:00,3.3245309845627564
2012-04-25 04:00:00,3.4050853870897737
2012-04-25 05:00:00,18.488940144219182
2012-04-25 06:00:00,85.95631227883185
2012-04-25 07:00:00,252.7686941159916
2012-04-25 08:00:00,439.67988674389574
2012-04-25 09:00:00,232.789494208667
2012-04-25 10:00:00,171.15847770342629
2012-04-25 11:00:00,188.2251370376167
2012-04-25 12:00:00,241.1023340133335
2012-04-25 13:00:00,242.25111017966267
2012-04-25 14:00:00,215.1219048926311
2012-04-25 15:00:00,239.5420360759899
2012-04-25 16:00:00,328.9097207696294
2012-04-25 17:00:00,652.6537259082626
2012-04-25 18:00:00,696.7964015421422
2012-04-25 19:00:00,510.8413868148782
2012-04-25 20:00:00,337.97706529261274
2012-04-25 21:00:00,195.69464251534646
2012-04-25 22:00:00,147.68897150360937
2012-04-25 23:00:00,88.1561249336353
2012-04-26 00:00:00,38.01352966017294
2012-04-26 01:00:00,13.637943952908495
2012-04-26 02:00:00,8.772803245007045
2012-04-26 03:00:00,4.058187943957864
2012-04-26 04:00:00,4.800133739987916
2012-04-26 05:00:00,25.9529584265283
2012-04-26 06:00:00,114.16274604360068
2012-04-26 07:00:00,168.98894402534998
2012-04-26 08:00:00,334.56662089634165
2012-04-26 09:00:00,125.15914022536401
2012-04-26 10:00:00,84.87906057390482
2012-04-26 11:00:00,82.00519679649106
2012-04-26 12:00:00,147.3036326750537
2012-04-26 13:00:00,158.11176510026183
2012-04-26 14:00:00,168.4781069560748
2012-04-26 15:00:00,117.45100677908927
2012-04-26 16:00:00,162.05511952451215
2012-04-26 17:00:00,584.895130558546
2012-04-26 18:00:00,513.360965434877
2012-04-26 19:00:00,334.57913053244437
2012-04-26 20:00:00,305.80606983966345
2012-04-26 21:00:00,154.43124977049737
2012-04-26 22:00:00,122.18176713297937
2012-04-26 23:00:00,82.35434787043086
2012-04-27 00:00:00,54.76877964370098
2012-04-27 01:00:00,27.858400445374055
2012-04-27 02:00:00,16.287402788422366
2012-04-27 03:00:00,6.704969872012073
2012-04-27 04:00:00,5.609559352442861
2012-04-27 05:00:00,28.053762822059838
2012-04-27 06:00:00,106.85216227321308
2012-04-27 07:00:00,268.8171245916895
2012-04-27 08:00:00,663.8906882896002
2012-04-27 09:00:00,280.7351997133145
2012-04-27 10:00:00,167.18737194367216
2012-04-27 11:00:00,185.75976919747478
2012-04-27 12:00:00,278.67057114428394
2012-04-27 13:00:00,262.36767555118365
2012-04-27 14:00:00,238.11044808644618
2012-04-27 15:00:00,266.31345862714386
2012-04-27 16:00:00,347.1926464120546
2012-04-27 17:00:00,634.6021430091504
2012-04-27 18:00:00,525.4137293665744
2012-04-27 19:00:00,334.37211982703104
2012-04-27 20:00:00,252.89484559475386
2012-04-27 21:00:00,187.5220709217558
2012-04-27 22:00:00,161.0566326839097
2012-04-27 23:00:00,113.08919033380154
2012-04-28 00:00:00,59.89044055728801
2012-04-28 01:00:00,52.141148652432605
2012-04-28 02:00:00,39.36067862878581
2012-04-28 03:00:00,18.265001318207577
2012-04-28 04:00:00,5.84695942898064
2012-04-28 05:00:00,6.489610794827599
2012-04-28 06:00:00,19.462393476002397
2012-04-28 07:00:00,36.86531924330005
2012-04-28 08:00:00,99.53638211741684
2012-04-28 09:00:00,157.9024170042312
2012-04-28 10:00:00,169.88810193877308
2012-04-28 11:00:00,215.7282905076262
2012-04-28 12:00:00,262.7048998176698
2012-04-28 13:00:00,361.2426075083377
2012-04-28 14:00:00,357.1025310103611
2012-04-28 15:00:00,353.6558255044431
2012-04-28 16:00:00,303.5970230922276
2012-04-28 17:00:00,266.35859743563833
2012-04-28 18:00:00,170.78375679619228
2012-04-28 19:00:00,101.5613443076528
2012-04-28 20:00:00,106.73365700919604
2012-04-28 21:00:00,62.31695399300009
2012-04-28 22:00:00,78.44595716664364
2012-04-28 23:00:00,70.85047132757168
2012-04-29 00:00:00,29.9901942403404
2012-04-29 01:00:00,46.74147283158953
2012-04-29 02:00:00,33.31185084988006
2012-04-29 03:00:00,18.28340384025152
2012-04-29 04:00:00,4.661919540117284
2012-04-29 05:00:00,5.828393380362947
2012-04-29 06:00:00,12.28221682895294
2012-04-29 07:00:00,23.27417622445929
2012-04-29 08:00:00,76.44512479324882
2012-04-29 09:00:00,171.551934216912
2012-04-29 10:00:00,233.65512064874025
2012-04-29 11:00:00,309.44476307628247
2012-04-29 12:00:00,431.31568099889085
2012-04-29 13:00:00,431.8383130732972
2012-04-29 14:00:00,527.1831240742546
2012-04-29 15:00:00,586.5073082793574
2012-04-29 16:00:00,504.41736087593716
2012-04-29 17:00:00,467.8175879227579
2012-04-29 18:00:00,388.1069189124934
2012-04-29 19:00:00,351.53335646153624
2012-04-29 20:00:00,301.1223895898232
2012-04-29 21:00:00,157.6371106042936
2012-04-29 22:00:00,133.31078894230905
2012-04-29 23:00:00,76.08202251003709
2012-04-30 00:00:00,34.37412185609334
2012-04-30 01:00:00,11.026824149699364
2012-04-30 02:00:00,7.847120396512209
2012-04-30 03:00:00,4.078044867472627
2012-04-30 04:00:00,3.4455303786333737
2012-04-30 05:00:00,16.785066331899017
2012-04-30 06:00:00,106.036607491756
2012-04-30 07:00:00,298.8802310044626
2012-04-30 08:00:00,515.807209272716
2012-04-30 09:00:00,204.9639218463582
2012-04-30 10:00:00,98.00702679831659
2012-04-30 11:00:00,115.79756194902336
2012-04-30 12:00:00,143.15313983450167
2012-04-30 13:00:00,152.68992707564175
2012-04-30 14:00:00,144.3529351578726
2012-04-30 15:00:00,154.7930306393228
2012-04-30 16:00:00,334.59050941894327
2012-04-30 17:00:00,606.6197859522824
2012-04-30 18:00:00,524.8076811005474
2012-04-30 19:00:00,319.46871286478205
2012-04-30 20:00:00,210.31563405118933
2012-04-30 21:00:00,149.06504575848592
2012-04-30 22:00:00,110.54813030732593
2012-04-30 23:00:00,61.54716701944148
2012-05-20 00:00:00,108.66476006734109
2012-05-20 01:00:00,113.77946584582466
2012-05-20 02:00:00,69.20270034234397
2012-05-20 03:00:00,35.07257342579733
2012-05-20 04:00:00,9.825951423576004
2012-05-20 05:00:00,11.285629146110955
2012-05-20 06:00:00,23.770067730682946
2012-05-20 07:00:00,50.67654474684856
2012-05-20 08:00:00,118.59366511556985
2012-05-20 09:00:00,276.8981371120089
2012-05-20 10:00:00,389.45300096250384
2012-05-20 11:00:00,452.24097419402807
2012-05-20 12:00:00,532.3455099563931
2012-05-20 13:00:00,550.9919563036856
2012-05-20 14:00:00,440.42950866707264
2012-05-20 15:00:00,444.7135651825797
2012-05-20 16:00:00,453.42207117487567
2012-05-20 17:00:00,438.2710752405189
2012-05-20 18:00:00,348.55170298015184
2012-05-20 19:00:00,295.8355301286877
2012-05-20 20:00:00,237.43953404065203
2012-05-20 21:00:00,181.5621420746298
2012-05-20 22:00:00,139.5813069932453
2012-05-20 23:00:00,57.59944519260858
2012-05-21 00:00:00,22.227364413414325
2012-05-21 01:00:00,9.657635852219455
2012-05-21 02:00:00,6.13469358522726
2012-05-21 03:00:00,3.150540821413345
2012-05-21 04:00:00,3.9304667062667686
2012-05-21 05:00:00,17.45526094434423
2012-05-21 06:00:00,72.45361727827196
2012-05-21 07:00:00,174.05592802049475
2012-05-21 08:00:00,280.93856818936916
2012-05-21 09:00:00,141.76305266575952
2012-05-21 10:00:00,74.01788198807866
2012-05-21 11:00:00,133.07144369203976
2012-05-21 12:00:00,148.24491198592543
2012-05-21 13:00:00,102.17288355524133
2012-05-21 14:00:00,101.32728776584452
2012-05-21 15:00:00,192.80128086525215
2012-05-21 16:00:00,306.3949849012977
2012-05-21 17:00:00,546.9556066644651
2012-05-21 18:00:00,618.2119172070903
2012-05-21 19:00:00,449.2318345144421
2012-05-21 20:00:00,305.99736792182597
2012-05-21 21:00:00,226.4620984811353
2012-05-21 22:00:00,147.74161274855496
2012-05-21 23:00:00,87.0763476649942
2012-05-22 00:00:00,39.212844448552715
2012-05-22 01:00:00,12.104020349046698
2012-05-22 02:00:00,5.607245457721342
2012-05-22 03:00:00,3.401654048040333
2012-05-22 04:00:00,4.829131366831
2012-05-22 05:00:00,20.222713520866773
2012-05-22 06:00:00,87.72851873430214
2012-05-22 07:00:00,205.74589101536404
2012-05-22 08:00:00,424.12663202515506
2012-05-22 09:00:00,215.6889148686044
2012-05-22 10:00:00,160.68679776347705
2012-05-22 11:00:00,177.88970094234745
2012-05-22 12:00:00,209.5503725530933
2012-05-22 13:00:00,203.7916595052715
2012-05-22 14:00:00,192.40182279457096
2012-05-22 15:00:00,213.55301367173232
2012-05-22 16:00:00,373.8355238235898
2012-05-22 17:00:00,628.7739426588281
2012-05-22 18:00:00,672.4471015602381
2012-05-22 19:00:00,414.12215424056495
2012-05-22 20:00:00,284.1633714847883
2012-05-22 21:00:00,239.4594861615915
2012-05-22 22:00:00,165.45586095433194
2012-05-22 23:00:00,106.20652421093331
2012-05-23 00:00:00,54.01835493638718
2012-05-23 01:00:00,16.442600626505758
2012-05-23 02:00:00,6.31950240940747
2012-05-23 03:00:00,5.765050275727915
2012-05-23 04:00:00,4.49918542513639
2012-05-23 05:00:00,15.106425094268085
2012-05-23 06:00:00,112.30978525410023
2012-05-23 07:00:00,364.65782996468346
2012-05-23 08:00:00,536.5826669289626
2012-05-23 09:00:00,338.9852419998552
2012-05-23 10:00:00,178.69500809360224
2012-05-23 11:00:00,201.28560559613834
2012-05-23 12:00:00,261.43686120001905
2012-05-23 13:00:00,234.90190597170428
2012-05-23 14:00:00,220.7064871167515
2012-05-23 15:00:00,238.3440279846686
2012-05-23 16:00:00,279.65602116639167
2012-05-23 17:00:00,466.7481213672553
2012-05-23 18:00:00,472.1709187665718
2012-05-23 19:00:00,419.88539092420837
2012-05-23 20:00:00,289.1396099998895
2012-05-23 21:00:00,218.0858521514258
2012-05-23 22:00:00,157.1074836929066
2012-05-23 23:00:00,104.4138591318623
2012-05-24 00:00:00,45.27449757541232
2012-05-24 01:00:00,16.611145154809826
2012-05-24 02:00:00,9.687544155031773
2012-05-24 03:00:00,3.9209897708081973
2012-05-24 04:00:00,4.719178311539935
2012-05-24 05:00:00,26.419284149487407
2012-05-24 06:00:00,118.18914118007447
2012-05-24 07:00:00,358.9851784106484
2012-05-24 08:00:00,636.8458307384788
2012-05-24 09:00:00,303.12957607186826
2012-05-24 10:00:00,181.82134179113032
2012-05-24 11:00:00,206.0301752080935
2012-05-24 12:00:00,234.05205624785907
2012-05-24 13:00:00,215.22846809262666
2012-05-24 14:00:00,201.0999281489902
2012-05-24 15:00:00,212.33837327964275
2012-05-24 16:00:00,325.0421234728941
2012-05-24 17:00:00,601.5990968670836
2012-05-24 18:00:00,601.8615464256923
2012-05-24 19:00:00,440.88354773387886
2012-05-24 20:00:00,303.26103912108385
2012-05-24 21:00:00,156.73743244645848
2012-05-24 22:00:00,174.67197734113347
2012-05-24 23:00:00,122.21420250404215
2012-05-25 00:00:00,58.81127587834015
2012-05-25 01:00:00,27.621059992454033
2012-05-25 02:00:00,13.8231144801344
2012-05-25 03:00:00,5.396164250858409
2012-05-25 04:00:00,5.375462417224337
2012-05-25 05:00:00,28.065714623492894
2012-05-25 06:00:00,103.45852605645632
2012-05-25 07:00:00,282.96842167860314
2012-05-25 08:00:00,514.0410995004797
2012-05-25 09:00:00,280.03161717241613
2012-05-25 10:00:00,213.56264027880445
2012-05-25 11:00:00,246.9872364317617
2012-05-25 12:00:00,282.6395509910085
2012-05-25 13:00:00,273.58085251395005
2012-05-25 14:00:00,253.57583624990778
2012-05-25 15:00:00,261.2902269793101
2012-05-25 16:00:00,348.68942080927195
2012-05-25 17:00:00,604.135571157093
2012-05-25 18:00:00,534.5412381135255
2012-05-25 19:00:00,350.01002820225955
2012-05-25 20:00:00,258.0300498061962
2012-05-25 21:00:00,223.21903141754112
2012-05-25 22:00:00,219.30489788531509
2012-05-25 23:00:00,143.8200845958207
2012-05-26 00:00:00,104.52678241410295
2012-05-26 01:00:00,104.46764793350582
2012-05-26 02:00:00,57.75650578130053
2012-05-26 03:00:00,32.380741502650935
2012-05-26 04:00:00,10.933758664246241
2012-05-26 05:00:00,10.12072688957774
2012-05-26 06:00:00,34.5241261872078
2012-05-26 07:00:00,48.658170725366034
2012-05-26 08:00:00,150.88684171954884
2012-05-26 09:00:00,241.32159617967395
2012-05-26 10:00:00,352.8890173084354
2012-05-26 11:00:00,463.9563083545223
2012-05-26 12:00:00,512.4166323999673
2012-05-26 13:00:00,526.9112140001151
2012-05-26 14:00:00,477.61028052487615
2012-05-26 15:00:00,488.4385354954631
2012-05-26 16:00:00,477.8078757822109
2012-05-26 17:00:00,419.05453957520604
2012-05-26 18:00:00,381.2583296685671
2012-05-26 19:00:00,298.27845746638644
2012-05-26 20:00:00,235.48994317836207
2012-05-26 21:00:00,190.19762519274974
2012-05-26 22:00:00,166.9059293719265
2012-05-26 23:00:00,160.8659923977406
2012-05-27 00:00:00,98.99005952123436
2012-05-27 01:00:00,103.56557099214706
2012-05-27 02:00:00,60.027305527028275
2012-05-27 03:00:00,34.741106068091916
2012-05-27 04:00:00,10.006521663417239
2012-05-27 05:00:00,11.441340949211611
2012-05-27 06:00:00,24.834501513859454
2012-05-27 07:00:00,47.72301420255215
2012-05-27 08:00:00,103.46733245597818
2012-05-27 09:00:00,195.19402322599154
2012-05-27 10:00:00,319.19419261075797
2012-05-27 11:00:00,363.95821923632445
2012-05-27 12:00:00,430.0790719198196
2012-05-27 13:00:00,458.3731942856441
2012-05-27 14:00:00,433.66375059874366
2012-05-27 15:00:00,440.8371080691095
2012-05-27 16:00:00,440.2783817662868
2012-05-27 17:00:00,424.9548365593154
2012-05-27 18:00:00,345.6040110931683
2012-05-27 19:00:00,284.30054104069063
2012-05-27 20:00:00,252.1954254664935
2012-05-27 21:00:00,114.57714708482185
2012-05-27 22:00:00,82.82075429740019
2012-05-27 23:00:00,55.52763486710278
2012-05-28 00:00:00,126.7734616161024
2012-05-28 01:00:00,47.613002078779566
2012-05-28 02:00:00,31.85463627995725
2012-05-28 03:00:00,12.663830999254486
2012-05-28 04:00:00,11.899815629456555
2012-05-28 05:00:00,15.767967623524932
2012-05-28 06:00:00,52.81081125796662
2012-05-28 07:00:00,75.17382404461198
2012-05-28 08:00:00,252.29386671406098
2012-05-28 09:00:00,238.23927872172175
2012-05-28 10:00:00,319.5203606894344
2012-05-28 11:00:00,387.6113576771762
2012-05-28 12:00:00,466.22093811108215
2012-05-28 13:00:00,400.33279158596054
2012-05-28 14:00:00,371.67666060219057
2012-05-28 15:00:00,374.39044280662443
2012-05-28 16:00:00,373.78595558921364
2012-05-28 17:00:00,350.3851914930313
2012-05-28 18:00:00,325.78422947506283
2012-05-28 19:00:00,264.91304444017004
2012-05-28 20:00:00,191.97721351425116
2012-05-28 21:00:00,163.05452071434038
2012-05-28 22:00:00,140.3926683622342
2012-05-28 23:00:00,75.86756507270843
2012-05-29 00:00:00,44.97079900910038
2012-05-29 01:00:00,14.731180738425175
2012-05-29 02:00:00,6.60444050434305
2012-05-29 03:00:00,4.3713549130113405
2012-05-29 04:00:00,5.939715634790448
2012-05-29 05:00:00,30.517407405494485
2012-05-29 06:00:00,148.97474041145034
2012-05-29 07:00:00,355.35905862382305
2012-05-29 08:00:00,519.0888758873878
2012-05-29 09:00:00,251.80501604830306
2012-05-29 10:00:00,135.20938090047497
2012-05-29 11:00:00,174.27475388436844
2012-05-29 12:00:00,201.97786143531565
2012-05-29 13:00:00,168.26675377469078
2012-05-29 14:00:00,157.03274213628288
2012-05-29 15:00:00,170.0753320744805
2012-05-29 16:00:00,286.7757457879011
2012-05-29 17:00:00,503.2725777558725
2012-05-29 18:00:00,504.9372298111167
2012-05-29 19:00:00,426.8903313219932
2012-05-29 20:00:00,250.8598820283504
2012-05-29 21:00:00,107.33707514091249
2012-05-29 22:00:00,123.68879049142333
2012-05-29 23:00:00,47.426942984470905
2012-05-30 00:00:00,22.88446699355227
2012-05-30 01:00:00,10.631715740728586
2012-05-30 02:00:00,5.281938548071072
2012-05-30 03:00:00,3.2585547630006975
2012-05-30 04:00:00,4.502892123391011
2012-05-30 05:00:00,37.30614268676277
2012-05-30 06:00:00,171.10821102564591
2012-05-30 07:00:00,271.4502712013224
2012-05-30 08:00:00,631.3837753900207
2012-05-30 09:00:00,337.7101165437151
2012-05-30 10:00:00,166.3320879339042
2012-05-30 11:00:00,207.27803543817467
2012-05-30 12:00:00,231.78649208337663
2012-05-30 13:00:00,226.68736220649797
2012-05-30 14:00:00,211.90362706133683
2012-05-30 15:00:00,227.40000208447194
2012-05-30 16:00:00,303.6607576318985
2012-05-30 17:00:00,622.8771085765524
2012-05-30 18:00:00,631.1001511608024
2012-05-30 19:00:00,452.6679851557422
2012-05-30 20:00:00,295.06034620043636
2012-05-30 21:00:00,248.92533155941226
2012-05-30 22:00:00,184.21359519002223
2012-05-30 23:00:00,117.21055670799579
2012-05-31 00:00:00,55.435472777719674
2012-05-31 01:00:00,19.787368220340923
2012-05-31 02:00:00,11.397912140957558
2012-05-31 03:00:00,5.644939691685352
2012-05-31 04:00:00,6.094891656927853
2012-05-31 05:00:00,32.81136927737609
2012-05-31 06:00:00,165.4649896328037
2012-05-31 07:00:00,401.44334293308356
2012-05-31 08:00:00,593.9029384700906
2012-05-31 09:00:00,298.8990323694423
2012-05-31 10:00:00,170.47078912911437
2012-05-31 11:00:00,215.504642534685
2012-05-31 12:00:00,263.2600581812021
2012-05-31 13:00:00,252.60715062429531
2012-05-31 14:00:00,232.0612276878623
2012-05-31 15:00:00,240.04018716300882
2012-05-31 16:00:00,366.95600338039816
2012-05-31 17:00:00,695.7992501669206
2012-05-31 18:00:00,635.6553561965709
2012-05-31 19:00:00,508.87580025230574
2012-05-31 20:00:00,329.1179568732568
2012-05-31 21:00:00,250.7581373699387
2012-05-31 22:00:00,172.63804846589082
2012-05-31 23:00:00,126.79347255679765
2012-06-20 00:00:00,48.090489700113146
2012-06-20 01:00:00,18.55771001547684
2012-06-20 02:00:00,6.829246976760426
2012-06-20 03:00:00,5.300233930886764
2012-06-20 04:00:00,5.843834887409457
2012-06-20 05:00:00,31.797133350031537
2012-06-20 06:00:00,118.33922262921146
2012-06-20 07:00:00,287.8591977357052
2012-06-20 08:00:00,596.3214143686062
2012-06-20 09:00:00,308.8963686829822
2012-06-20 10:00:00,156.99693451966056
2012-06-20 11:00:00,159.02290541414314
2012-06-20 12:00:00,201.93185537267485
2012-06-20 13:00:00,204.95411132696628
2012-06-20 14:00:00,189.7845511887816
2012-06-20 15:00:00,179.00825815293638
2012-06-20 16:00:00,251.23828352017216
2012-06-20 17:00:00,516.6099226103124
2012-06-20 18:00:00,502.5503656099564
2012-06-20 19:00:00,468.23189494949025
2012-06-20 20:00:00,273.9402284429298
2012-06-20 21:00:00,221.08333812020769
2012-06-20 22:00:00,156.06079779781786
2012-06-20 23:00:00,103.08073692598283
2012-06-21 00:00:00,51.93343761555072
2012-06-21 01:00:00,19.169704597933865
2012-06-21 02:00:00,10.317107541851415
2012-06-21 03:00:00,6.094164369266601
2012-06-21 04:00:00,5.921190757749184
2012-06-21 05:00:00,32.83264003089831
2012-06-21 06:00:00,147.72770207604563
2012-06-21 07:00:00,379.3072994525672
2012-06-21 08:00:00,582.0196660004473
2012-06-21 09:00:00,263.5007359151145
2012-06-21 10:00:00,175.33586357097016
2012-06-21 11:00:00,207.5803335926001
2012-06-21 12:00:00,233.29032685896314
2012-06-21 13:00:00,232.28703357448737
2012-06-21 14:00:00,208.0077945666526
2012-06-21 15:00:00,218.9528429002136
2012-06-21 16:00:00,357.54452397002717
2012-06-21 17:00:00,676.6287941842263
2012-06-21 18:00:00,680.2637697899555
2012-06-21 19:00:00,487.4097131128877
2012-06-21 20:00:00,372.19837509807246
2012-06-21 21:00:00,245.90881991665844
2012-06-21 22:00:00,184.37805783080873
2012-06-21 23:00:00,129.14050956616663
2012-06-22 00:00:00,65.03985834396104
2012-06-22 01:00:00,30.601446352386997
2012-06-22 02:00:00,14.01720533354704
2012-06-22 03:00:00,7.936509501993397
2012-06-22 04:00:00,7.533750153581075
2012-06-22 05:00:00,37.10604005865912
2012-06-22 06:00:00,134.05861332378706
2012-06-22 07:00:00,358.0174104608411
2012-06-22 08:00:00,594.2960394700673
2012-06-22 09:00:00,260.73625011056566
2012-06-22 10:00:00,188.86988936344835
2012-06-22 11:00:00,235.82049889772216
2012-06-22 12:00:00,283.14267797784044
2012-06-22 13:00:00,277.53603427426526
2012-06-22 14:00:00,258.5717288454987
2012-06-22 15:00:00,242.32753583330484
2012-06-22 16:00:00,366.4213246226986
2012-06-22 17:00:00,669.0593664689121
2012-06-22 18:00:00,603.9747178864628
2012-06-22 19:00:00,393.95352548172053
2012-06-22 20:00:00,287.7393435847705
2012-06-22 21:00:00,168.37854318105283
2012-06-22 22:00:00,242.1987773811784
2012-06-22 23:00:00,139.61264622010617
2012-06-23 00:00:00,112.25586863369747
2012-06-23 01:00:00,117.62358986435757
2012-06-23 02:00:00,71.7987624641602
2012-06-23 03:00:00,32.46683098169944
2012-06-23 04:00:00,9.92468557988637
2012-06-23 05:00:00,10.586053975518167
2012-06-23 06:00:00,24.833379929265703
2012-06-23 07:00:00,57.53643839749805
2012-06-23 08:00:00,130.75174571437637
2012-06-23 09:00:00,241.35777251614155
2012-06-23 10:00:00,349.05646328500126
2012-06-23 11:00:00,442.0965537032441
2012-06-23 12:00:00,534.2263069511162
2012-06-23 13:00:00,509.46653721530015
2012-06-23 14:00:00,500.50676942297054
2012-06-23 15:00:00,475.0214016819201
2012-06-23 16:00:00,434.1923741544659
2012-06-23 17:00:00,401.415224322965
2012-06-23 18:00:00,374.2132382336857
2012-06-23 19:00:00,320.8959596913345
2012-06-23 20:00:00,262.3907836324424
2012-06-23 21:00:00,230.10222049296948
2012-06-23 22:00:00,195.2853679360131
2012-06-23 23:00:00,178.71720961183152
2012-06-24 00:00:00,95.75058685573202
2012-06-24 01:00:00,107.01989219225209
2012-06-24 02:00:00,84.37812202851846
2012-06-24 03:00:00,39.87534572272528
2012-06-24 04:00:00,12.185517304950702
2012-06-24 05:00:00,12.651841474715471
2012-06-24 06:00:00,17.69307538078306
2012-06-24 07:00:00,50.301374606456754
2012-06-24 08:00:00,105.7202548124753
2012-06-24 09:00:00,213.3492712415223
2012-06-24 10:00:00,334.7052870395777
2012-06-24 11:00:00,401.1343503471612
2012-06-24 12:00:00,441.0416195318435
2012-06-24 13:00:00,443.6389520448093
2012-06-24 14:00:00,388.54784699426
2012-06-24 15:00:00,417.1794422981745
2012-06-24 16:00:00,399.8261642881229
2012-06-24 17:00:00,421.9160654262702
2012-06-24 18:00:00,344.483800703141
2012-06-24 19:00:00,295.9054675662979
2012-06-24 20:00:00,259.1032129962615
2012-06-24 21:00:00,195.11046973698544
2012-06-24 22:00:00,160.60202781389836
2012-06-24 23:00:00,102.47432568306567
2012-06-25 00:00:00,45.553182622020856
2012-06-25 01:00:00,15.65193993165184
2012-06-25 02:00:00,8.200362655725334
2012-06-25 03:00:00,5.70903616288413
2012-06-25 04:00:00,5.921892804571039
2012-06-25 05:00:00,30.077048458634874
2012-06-25 06:00:00,143.54310838784008
2012-06-25 07:00:00,367.7592350058459
2012-06-25 08:00:00,561.7852678779379
2012-06-25 09:00:00,262.97022943435525
2012-06-25 10:00:00,150.75835375684667
2012-06-25 11:00:00,176.5027744258525
2012-06-25 12:00:00,220.4279423703136
2012-06-25 13:00:00,199.00705294715283
2012-06-25 14:00:00,195.29550960035309
2012-06-25 15:00:00,202.54283481037888
2012-06-25 16:00:00,320.83028432854974
2012-06-25 17:00:00,538.7033599647019
2012-06-25 18:00:00,547.3344550155165
2012-06-25 19:00:00,413.4588076631897
2012-06-25 20:00:00,271.13663534693654
2012-06-25 21:00:00,230.38386167366093
2012-06-25 22:00:00,163.04711602121463
2012-06-25 23:00:00,99.69888153468946
2012-06-26 00:00:00,50.579496818299695
2012-06-26 01:00:00,17.58356391205008
2012-06-26 02:00:00,7.65300488237321
2012-06-26 03:00:00,5.527174467821968
2012-06-26 04:00:00,5.861067058346861
2012-06-26 05:00:00,33.12684647206216
2012-06-26 06:00:00,151.9094204908927
2012-06-26 07:00:00,439.206532917381
2012-06-26 08:00:00,553.6182771369229
2012-06-26 09:00:00,271.3449144329695
2012-06-26 10:00:00,172.84873090359352
2012-06-26 11:00:00,209.41566647123358
2012-06-26 12:00:00,254.92210919798347
2012-06-26 13:00:00,231.38688198801827
2012-06-26 14:00:00,205.07589240131074
2012-06-26 15:00:00,222.4322019008748
2012-06-26 16:00:00,368.67062232891845
2012-06-26 17:00:00,609.9920039147871
2012-06-26 18:00:00,655.7396420314933
2012-06-26 19:00:00,465.05522185314305
2012-06-26 20:00:00,363.30320128739294
2012-06-26 21:00:00,269.12872393444525
2012-06-26 22:00:00,189.19850024703007
2012-06-26 23:00:00,122.4002928289443
2012-06-27 00:00:00,55.62991933758204
2012-06-27 01:00:00,20.78481637123423
2012-06-27 02:00:00,7.641960624208263
2012-06-27 03:00:00,6.809345255517727
2012-06-27 04:00:00,6.944181220841743
2012-06-27 05:00:00,37.00940627200549
2012-06-27 06:00:00,161.20028106470576
2012-06-27 07:00:00,422.44643388872237
2012-06-27 08:00:00,637.7530840153225
2012-06-27 09:00:00,299.1399069408736
2012-06-27 10:00:00,187.1474074877409
2012-06-27 11:00:00,180.8814370585089
2012-06-27 12:00:00,218.69838577090442
2012-06-27 13:00:00,211.38320382326896
2012-06-27 14:00:00,180.1577317714111
2012-06-27 15:00:00,212.74369105299368
2012-06-27 16:00:00,310.65773114758895
2012-06-27 17:00:00,571.2659153642038
2012-06-27 18:00:00,631.7838600378384
2012-06-27 19:00:00,467.23629270962147
2012-06-27 20:00:00,355.3115288980595
2012-06-27 21:00:00,275.01880563659785
2012-06-27 22:00:00,193.14482735666934
2012-06-27 23:00:00,133.29878671104512
2012-06-28 00:00:00,54.31177914331706
2012-06-28 01:00:00,20.620007148000596
2012-06-28 02:00:00,11.185649067773813
2012-06-28 03:00:00,6.610207986671639
2012-06-28 04:00:00,6.439018980549917
2012-06-28 05:00:00,34.85061167086087
2012-06-28 06:00:00,167.27487190839167
2012-06-28 07:00:00,434.06460932440854
2012-06-28 08:00:00,625.7281800033935
2012-06-28 09:00:00,257.1282058276042
2012-06-28 10:00:00,170.40704801447242
2012-06-28 11:00:00,198.34665762170263
2012-06-28 12:00:00,220.93571436318578
2012-06-28 13:00:00,212.25362578950146
2012-06-28 14:00:00,175.81651229763327
2012-06-28 15:00:00,191.0754538991642
2012-06-28 16:00:00,329.60572554238917
2012-06-28 17:00:00,615.1174026056879
2012-06-28 18:00:00,621.7076691051948
2012-06-28 19:00:00,438.6614575008271
2012-06-28 20:00:00,361.3224562108828
2012-06-28 21:00:00,258.7685920830661
2012-06-28 22:00:00,191.00259803426067
2012-06-28 23:00:00,133.5733448998137
2012-06-29 00:00:00,64.58170736084253
2012-06-29 01:00:00,31.90256170128307
2012-06-29 02:00:00,13.77368195166316
2012-06-29 03:00:00,7.846464774925543
2012-06-29 04:00:00,6.582274871580039
2012-06-29 05:00:00,35.97544209201221
2012-06-29 06:00:00,121.96645601897919
2012-06-29 07:00:00,362.4401083434107
2012-06-29 08:00:00,615.5194433231126
2012-06-29 09:00:00,256.66561290090533
2012-06-29 10:00:00,209.07341710872294
2012-06-29 11:00:00,240.1896652362273
2012-06-29 12:00:00,293.03613804939346
2012-06-29 13:00:00,245.0139401930478
2012-06-29 14:00:00,225.4689296672447
2012-06-29 15:00:00,252.7455686923941
2012-06-29 16:00:00,333.1476588715895
2012-06-29 17:00:00,576.0626788334029
2012-06-29 18:00:00,532.7806414879954
2012-06-29 19:00:00,396.31365301007
2012-06-29 20:00:00,307.7979352817689
2012-06-29 21:00:00,238.81188866152527
2012-06-29 22:00:00,152.5904481113414
2012-06-29 23:00:00,101.01684743780675
2012-06-30 00:00:00,53.820857901554376
2012-06-30 01:00:00,66.9649186067241
2012-06-30 02:00:00,62.7768468754916
2012-06-30 03:00:00,27.9749717850047
2012-06-30 04:00:00,7.093989608092562
2012-06-30 05:00:00,9.565241994076214
2012-06-30 06:00:00,19.92378996143832
2012-06-30 07:00:00,57.75059361868349
2012-06-30 08:00:00,109.66796797806838
2012-06-30 09:00:00,207.87581556139193
2012-06-30 10:00:00,330.0273736497968
2012-06-30 11:00:00,405.1354421636739
2012-06-30 12:00:00,484.59130359541876
2012-06-30 13:00:00,478.88255733445726
2012-06-30 14:00:00,465.2468090695336
2012-06-30 15:00:00,479.403774516352
2012-06-30 16:00:00,408.47632104112716
2012-06-30 17:00:00,444.5720032290907
2012-06-30 18:00:00,418.7554920971138
2012-06-30 19:00:00,335.76926667732266
2012-06-30 20:00:00,253.56721827327246
2012-06-30 21:00:00,203.49560823957688
2012-06-30 22:00:00,184.04534414525932
2012-06-30 23:00:00,175.2781170895114
2012-07-20 00:00:00,24.772547399036622
2012-07-20 01:00:00,25.378346745783464
2012-07-20 02:00:00,11.632838399823541
2012-07-20 03:00:00,5.902462221182706
2012-07-20 04:00:00,5.1365464685105735
2012-07-20 05:00:00,27.296128744893704
2012-07-20 06:00:00,94.2652023908146
2012-07-20 07:00:00,262.2925086870045
2012-07-20 08:00:00,592.7075045269075
2012-07-20 09:00:00,267.561966907086
2012-07-20 10:00:00,197.37593345716644
2012-07-20 11:00:00,152.76378863378784
2012-07-20 12:00:00,192.00848238569822
2012-07-20 13:00:00,187.94162611992888
2012-07-20 14:00:00,155.68041786038043
2012-07-20 15:00:00,232.61690143038587
2012-07-20 16:00:00,285.6529347864426
2012-07-20 17:00:00,410.59432879631305
2012-07-20 18:00:00,399.54807910551364
2012-07-20 19:00:00,322.7717893341095
2012-07-20 20:00:00,118.22960260709532
2012-07-20 21:00:00,102.60416448722037
2012-07-20 22:00:00,177.67378573994162
2012-07-20 23:00:00,121.98406750567307
2012-07-21 00:00:00,60.445007005441965
2012-07-21 01:00:00,92.17487076091236
2012-07-21 02:00:00,45.63209588190243
2012-07-21 03:00:00,17.27452321428767
2012-07-21 04:00:00,6.390840715561143
2012-07-21 05:00:00,5.863547113508337
2012-07-21 06:00:00,11.667502571837936
2012-07-21 07:00:00,46.855006947525034
2012-07-21 08:00:00,106.22985531589207
2012-07-21 09:00:00,201.83916365695828
2012-07-21 10:00:00,142.97865600486708
2012-07-21 11:00:00,352.0828464472082
2012-07-21 12:00:00,253.21160979003082
2012-07-21 13:00:00,261.47940227651185
2012-07-21 14:00:00,315.42017980389153
2012-07-21 15:00:00,215.52902055452861
2012-07-21 16:00:00,175.4047038899897
2012-07-21 17:00:00,178.97198942613494
2012-07-21 18:00:00,259.4119039559584
2012-07-21 19:00:00,238.07554750240635
2012-07-21 20:00:00,103.73612276785757
2012-07-21 21:00:00,152.24474929059954
2012-07-21 22:00:00,131.72546496286057
2012-07-21 23:00:00,127.0034438943106
2012-07-22 00:00:00,69.73977437560825
2012-07-22 01:00:00,73.02684636569523
2012-07-22 02:00:00,60.3293412066607
2012-07-22 03:00:00,28.5383421818986
2012-07-22 04:00:00,9.248666753700949
2012-07-22 05:00:00,9.929208371526133
2012-07-22 06:00:00,16.673368895609542
2012-07-22 07:00:00,47.28381335965471
2012-07-22 08:00:00,103.76309329369101
2012-07-22 09:00:00,219.618345488932
2012-07-22 10:00:00,335.2410357584098
2012-07-22 11:00:00,401.6759273033784
2012-07-22 12:00:00,443.8614992205796
2012-07-22 13:00:00,423.59791263088874
2012-07-22 14:00:00,425.1735152006593
2012-07-22 15:00:00,448.4801763363736
2012-07-22 16:00:00,436.6966475617101
2012-07-22 17:00:00,400.0495560407022
2012-07-22 18:00:00,341.94917302017353
2012-07-22 19:00:00,283.349891445723
2012-07-22 20:00:00,251.64809085981096
2012-07-22 21:00:00,195.6871156920503
2012-07-22 22:00:00,152.01835465254172
2012-07-22 23:00:00,102.14313227490949
2012-07-23 00:00:00,39.67599060041228
2012-07-23 01:00:00,13.627066406077297
2012-07-23 02:00:00,6.511371709317256
2012-07-23 03:00:00,3.8568378118904496
2012-07-23 04:00:00,4.902333548261499
2012-07-23 05:00:00,21.206423575427014
2012-07-23 06:00:00,125.75308664183343
2012-07-23 07:00:00,371.01604806536034
2012-07-23 08:00:00,530.3100947483778
2012-07-23 09:00:00,267.6588042135986
2012-07-23 10:00:00,159.15649674980736
2012-07-23 11:00:00,173.39035460471314
2012-07-23 12:00:00,206.92307332707367
2012-07-23 13:00:00,212.84796165456797
2012-07-23 14:00:00,191.29914507982843
2012-07-23 15:00:00,197.67622021886422
2012-07-23 16:00:00,325.5357796522865
2012-07-23 17:00:00,595.2767550009182
2012-07-23 18:00:00,614.5270251685841
2012-07-23 19:00:00,427.63743490972047
2012-07-23 20:00:00,310.8240635245853
2012-07-23 21:00:00,232.62432356156935
2012-07-23 22:00:00,163.9457427176864
2012-07-23 23:00:00,92.93203273867987
2012-07-24 00:00:00,49.14241165218092
2012-07-24 01:00:00,16.2372418307261
2012-07-24 02:00:00,7.2601358233542985
2012-07-24 03:00:00,5.438642605203683
2012-07-24 04:00:00,6.319344269650995
2012-07-24 05:00:00,31.742172229918147
2012-07-24 06:00:00,158.98718268809466
2012-07-24 07:00:00,359.71691961847887
2012-07-24 08:00:00,541.9224099407139
2012-07-24 09:00:00,260.11345033974203
2012-07-24 10:00:00,156.4036793778046
2012-07-24 11:00:00,188.9255806183044
2012-07-24 12:00:00,221.2071952628044
2012-07-24 13:00:00,211.9082838221445
2012-07-24 14:00:00,199.06894499404547
2012-07-24 15:00:00,214.9739544197106
2012-07-24 16:00:00,342.198517147707
2012-07-24 17:00:00,642.5671710058169
2012-07-24 18:00:00,632.9488078354009
2012-07-24 19:00:00,447.61340336956476
2012-07-24 20:00:00,344.46167015124155
2012-07-24 21:00:00,244.5835533255202
2012-07-24 22:00:00,170.48905793488825
2012-07-24 23:00:00,109.59333525349088
2012-07-25 00:00:00,51.35152862765796
2012-07-25 01:00:00,18.761246746475774
2012-07-25 02:00:00,7.767948037025551
2012-07-25 03:00:00,6.787609090594472
2012-07-25 04:00:00,6.76435746731336
2012-07-25 05:00:00,34.726274761296885
2012-07-25 06:00:00,166.15123858147723
2012-07-25 07:00:00,399.89217641154744
2012-07-25 08:00:00,652.8214532242421
2012-07-25 09:00:00,292.0611513664521
2012-07-25 10:00:00,181.56811526317256
2012-07-25 11:00:00,196.12237220080257
2012-07-25 12:00:00,245.8113274708758
2012-07-25 13:00:00,221.37160824791917
2012-07-25 14:00:00,208.0009079197893
2012-07-25 15:00:00,230.27541493489446
2012-07-25 16:00:00,304.65343568513146
2012-07-25 17:00:00,650.8242993883039
2012-07-25 18:00:00,647.5804585956198
2012-07-25 19:00:00,505.4918035741162
2012-07-25 20:00:00,332.1006577924756
2012-07-25 21:00:00,270.5786233410579
2012-07-25 22:00:00,186.84674937680438
2012-07-25 23:00:00,119.74899068308298
2012-07-26 00:00:00,54.72159303426448
2012-07-26 01:00:00,20.494909872123117
2012-07-26 02:00:00,10.173830556398217
2012-07-26 03:00:00,6.1338062009864895
2012-07-26 04:00:00,6.126407527433458
2012-07-26 05:00:00,34.98212008815705
2012-07-26 06:00:00,164.32992879988004
2012-07-26 07:00:00,381.2588403845733
2012-07-26 08:00:00,518.9905573561566
2012-07-26 09:00:00,276.1307226508398
2012-07-26 10:00:00,151.71665501629758
2012-07-26 11:00:00,178.63443182502567
2012-07-26 12:00:00,221.7258726534212
2012-07-26 13:00:00,214.14836081951884
2012-07-26 14:00:00,212.19644301341543
2012-07-26 15:00:00,230.7861296747018
2012-07-26 16:00:00,305.47382159213805
2012-07-26 17:00:00,595.5260121165336
2012-07-26 18:00:00,580.7844354467239
2012-07-26 19:00:00,442.0589568987247
2012-07-26 20:00:00,358.42112586902397
2012-07-26 21:00:00,250.24760841818923
2012-07-26 22:00:00,192.9368904176995
2012-07-26 23:00:00,134.0016808892643
2012-07-27 00:00:00,63.68161034052673
2012-07-27 01:00:00,33.238549853041334
2012-07-27 02:00:00,14.454202110412055
2012-07-27 03:00:00,8.014932525594821
2012-07-27 04:00:00,6.678779562943114
2012-07-27 05:00:00,35.523282997877544
2012-07-27 06:00:00,130.26471218827334
2012-07-27 07:00:00,360.7257015168037
2012-07-27 08:00:00,600.9992711408355
2012-07-27 09:00:00,256.2205351635313
2012-07-27 10:00:00,210.60447897264999
2012-07-27 11:00:00,231.10946817351748
2012-07-27 12:00:00,256.11631959955133
2012-07-27 13:00:00,273.8128235915496
2012-07-27 14:00:00,250.91437322200983
2012-07-27 15:00:00,270.8802274542355
2012-07-27 16:00:00,359.49160917216705
2012-07-27 17:00:00,655.1443861250953
2012-07-27 18:00:00,566.5916103577439
2012-07-27 19:00:00,394.611796877086
2012-07-27 20:00:00,309.16058540490246
2012-07-27 21:00:00,246.87131754754708
2012-07-27 22:00:00,227.61186445654326
2012-07-27 23:00:00,156.76561647052338
2012-07-28 00:00:00,110.21868566124448
2012-07-28 01:00:00,113.73000148719701
2012-07-28 02:00:00,77.6878996511325
2012-07-28 03:00:00,33.32833645361521
2012-07-28 04:00:00,10.389372493509539
2012-07-28 05:00:00,11.544301637309156
2012-07-28 06:00:00,24.42016927660581
2012-07-28 07:00:00,57.8087288949474
2012-07-28 08:00:00,130.01693494559913
2012-07-28 09:00:00,239.61556438954963
2012-07-28 10:00:00,333.90945305859833
2012-07-28 11:00:00,445.11452729440435
2012-07-28 12:00:00,528.3085416778385
2012-07-28 13:00:00,521.0800342249443
2012-07-28 14:00:00,505.56610581853056
2012-07-28 15:00:00,513.5394355505856
2012-07-28 16:00:00,467.1529582774358
2012-07-28 17:00:00,425.5408849602816
2012-07-28 18:00:00,402.9067892480661
2012-07-28 19:00:00,355.91638925481476
2012-07-28 20:00:00,241.04572113301515
2012-07-28 21:00:00,231.86463544318968
2012-07-28 22:00:00,204.2901110407839
2012-07-28 23:00:00,184.34895779045303
2012-07-29 00:00:00,79.7690846459491
2012-07-29 01:00:00,109.30370419213298
2012-07-29 02:00:00,88.3529688234159
2012-07-29 03:00:00,38.462723070294864
2012-07-29 04:00:00,11.092474684529146
2012-07-29 05:00:00,11.244320935545485
2012-07-29 06:00:00,17.871056643037157
2012-07-29 07:00:00,46.59926914746338
2012-07-29 08:00:00,107.10972548332911
2012-07-29 09:00:00,197.72262276972816
2012-07-29 10:00:00,328.97117473011576
2012-07-29 11:00:00,370.5059407161668
2012-07-29 12:00:00,424.21399866695975
2012-07-29 13:00:00,445.4658094320573
2012-07-29 14:00:00,432.8990404266619
2012-07-29 15:00:00,476.827386286023
2012-07-29 16:00:00,463.5754774609491
2012-07-29 17:00:00,427.4546924452911
2012-07-29 18:00:00,354.5180762904914
2012-07-29 19:00:00,280.6573683921405
2012-07-29 20:00:00,265.0682512462234
2012-07-29 21:00:00,200.3214254982442
2012-07-29 22:00:00,154.8762773130665
2012-07-29 23:00:00,101.71772205953545
2012-07-30 00:00:00,46.8465304248286
2012-07-30 01:00:00,16.415077130919638
2012-07-30 02:00:00,9.292359159750324
2012-07-30 03:00:00,5.83086388704531
2012-07-30 04:00:00,6.37290034614864
2012-07-30 05:00:00,30.92862721303107
2012-07-30 06:00:00,151.57386949106865
2012-07-30 07:00:00,365.6658101276555
2012-07-30 08:00:00,551.4048935653575
2012-07-30 09:00:00,271.45872419009305
2012-07-30 10:00:00,142.12964195582725
2012-07-30 11:00:00,182.73317330843864
2012-07-30 12:00:00,220.6257934572951
2012-07-30 13:00:00,199.313358625796
2012-07-30 14:00:00,192.41779571961035
2012-07-30 15:00:00,207.0054888566894
2012-07-30 16:00:00,328.9957742741291
2012-07-30 17:00:00,594.5513517652593
2012-07-30 18:00:00,547.7717625359966
2012-07-30 19:00:00,429.40516845886515
2012-07-30 20:00:00,305.78721527782926
2012-07-30 21:00:00,236.28131309905618
2012-07-30 22:00:00,150.1019767132216
2012-07-30 23:00:00,92.7901202679931
2012-07-31 00:00:00,50.4036794875479
2012-07-31 01:00:00,17.13804288808813
2012-07-31 02:00:00,7.550863273617454
2012-07-31 03:00:00,5.465774524077593
2012-07-31 04:00:00,6.370775965131378
2012-07-31 05:00:00,31.183522010274576
2012-07-31 06:00:00,122.9826595172366
2012-07-31 07:00:00,374.2749568979828
2012-07-31 08:00:00,550.382118262146
2012-07-31 09:00:00,258.28761311513426
2012-07-31 10:00:00,170.69820113553962
2012-07-31 11:00:00,186.6795139898107
2012-07-31 12:00:00,227.6056938718575
2012-07-31 13:00:00,213.06593739659948
2012-07-31 14:00:00,196.85343996348456
2012-07-31 15:00:00,222.91183428358727
2012-07-31 16:00:00,344.06976372818883
2012-07-31 17:00:00,626.7860540881936
2012-07-31 18:00:00,647.6985936811188
2012-07-31 19:00:00,382.38227471443935
2012-07-31 20:00:00,233.52594597190472
2012-07-31 21:00:00,245.8943110370352
2012-07-31 22:00:00,171.33313913108736
2012-07-31 23:00:00,102.67219526025546
2012-08-20 00:00:00,39.80247563866114
2012-08-20 01:00:00,15.614072525506263
2012-08-20 02:00:00,8.919217486430382
2012-08-20 03:00:00,4.552943837190598
2012-08-20 04:00:00,5.728348803332325
2012-08-20 05:00:00,25.56261126719879
2012-08-20 06:00:00,145.6125987634776
2012-08-20 07:00:00,363.4628047475819
2012-08-20 08:00:00,528.4244645485986
2012-08-20 09:00:00,279.07885266998716
2012-08-20 10:00:00,158.84691118176215
2012-08-20 11:00:00,189.6038559956485
2012-08-20 12:00:00,221.6313020601741
2012-08-20 13:00:00,208.1408434868812
2012-08-20 14:00:00,183.0985988667611
2012-08-20 15:00:00,208.73477120542375
2012-08-20 16:00:00,316.1187120170146
2012-08-20 17:00:00,573.1622268451376
2012-08-20 18:00:00,424.6082470812238
2012-08-20 19:00:00,427.8454476048887
2012-08-20 20:00:00,258.6846401247529
2012-08-20 21:00:00,233.30492411132866
2012-08-20 22:00:00,138.1819593255931
2012-08-20 23:00:00,81.89590082130788
2012-08-21 00:00:00,41.4966623648961
2012-08-21 01:00:00,13.595930496080454
2012-08-21 02:00:00,4.6783197303227135
2012-08-21 03:00:00,4.554442045745936
2012-08-21 04:00:00,5.175894879336679
2012-08-21 05:00:00,30.417840124550068
2012-08-21 06:00:00,148.52684376830308
2012-08-21 07:00:00,372.9115478229293
2012-08-21 08:00:00,563.1827285968756
2012-08-21 09:00:00,275.7809482149464
2012-08-21 10:00:00,175.472999020576
2012-08-21 11:00:00,187.64043380545246
2012-08-21 12:00:00,233.17643390874053
2012-08-21 13:00:00,223.14446638556413
2012-08-21 14:00:00,206.53665849784267
2012-08-21 15:00:00,227.67705766680803
2012-08-21 16:00:00,357.51062378183786
2012-08-21 17:00:00,628.189963079417
2012-08-21 18:00:00,652.3893763004444
2012-08-21 19:00:00,304.78240207831124
2012-08-21 20:00:00,341.8660425188979
2012-08-21 21:00:00,263.87129526012103
2012-08-21 22:00:00,161.9313387755741
2012-08-21 23:00:00,105.94774038057717
2012-08-22 00:00:00,51.39594859254053
2012-08-22 01:00:00,19.218807137724873
2012-08-22 02:00:00,7.307729457777726
2012-08-22 03:00:00,6.625156179595711
2012-08-22 04:00:00,6.500370301188502
2012-08-22 05:00:00,32.706098376399304
2012-08-22 06:00:00,161.61993486675553
2012-08-22 07:00:00,401.6774280321886
2012-08-22 08:00:00,638.4775817560477
2012-08-22 09:00:00,306.273437088379
2012-08-22 10:00:00,176.31032307157156
2012-08-22 11:00:00,190.39400764686533
2012-08-22 12:00:00,236.47508029027045
2012-08-22 13:00:00,229.5784625629712
2012-08-22 14:00:00,219.35018381393581
2012-08-22 15:00:00,227.55802759291026
2012-08-22 16:00:00,224.45093477287546
2012-08-22 17:00:00,445.96189084496405
2012-08-22 18:00:00,377.1980818740019
2012-08-22 19:00:00,533.8279966727392
2012-08-22 20:00:00,352.16868178523197
2012-08-22 21:00:00,280.9908624338485
2012-08-22 22:00:00,205.0208222849156
2012-08-22 23:00:00,118.87794579646143
2012-08-23 00:00:00,51.79597497763381
2012-08-23 01:00:00,19.336855767942392
2012-08-23 02:00:00,10.563598530253154
2012-08-23 03:00:00,6.166703216886979
2012-08-23 04:00:00,5.922713968846508
2012-08-23 05:00:00,33.15236216141372
2012-08-23 06:00:00,114.67935129196572
2012-08-23 07:00:00,378.62820505998064
2012-08-23 08:00:00,608.6989921988038
2012-08-23 09:00:00,266.05545840731907
2012-08-23 10:00:00,171.0809784439351
2012-08-23 11:00:00,196.39929125415333
2012-08-23 12:00:00,242.38433231280473
2012-08-23 13:00:00,237.46328647682776
2012-08-23 14:00:00,209.23517483327413
2012-08-23 15:00:00,227.8284093180139
2012-08-23 16:00:00,342.55195389370294
2012-08-23 17:00:00,657.0890378467097
2012-08-23 18:00:00,656.6190006104802
2012-08-23 19:00:00,499.46996877974453
2012-08-23 20:00:00,342.4422569303991
2012-08-23 21:00:00,256.12216708873945
2012-08-23 22:00:00,196.78663341067926
2012-08-23 23:00:00,133.97885772116973
2012-08-24 00:00:00,57.85035396691733
2012-08-24 01:00:00,29.353682473572075
2012-08-24 02:00:00,15.186957178399238
2012-08-24 03:00:00,7.749912053427049
2012-08-24 04:00:00,6.510597588374489
2012-08-24 05:00:00,31.74858775573733
2012-08-24 06:00:00,113.17984116115268
2012-08-24 07:00:00,306.50366263828664
2012-08-24 08:00:00,539.4067030679652
2012-08-24 09:00:00,272.98441225654426
2012-08-24 10:00:00,218.41740377891142
2012-08-24 11:00:00,246.13307688605587
2012-08-24 12:00:00,309.3223106852123
2012-08-24 13:00:00,296.4487912359603
2012-08-24 14:00:00,268.93887797250454
2012-08-24 15:00:00,293.47410441172786
2012-08-24 16:00:00,394.7894339360073
2012-08-24 17:00:00,642.1447934439813
2012-08-24 18:00:00,596.1570166205764
2012-08-24 19:00:00,403.9585248070953
2012-08-24 20:00:00,276.50840030459653
2012-08-24 21:00:00,226.32129270291392
2012-08-24 22:00:00,216.2667331082923
2012-08-24 23:00:00,162.82172054147063
2012-08-25 00:00:00,106.0502228152047
2012-08-25 01:00:00,112.90140105906961
2012-08-25 02:00:00,78.92314662652605
2012-08-25 03:00:00,36.222920258439515
2012-08-25 04:00:00,12.114301548389694
2012-08-25 05:00:00,10.917435760259538
2012-08-25 06:00:00,22.880787703030208
2012-08-25 07:00:00,55.50330758817871
2012-08-25 08:00:00,124.78199480853903
2012-08-25 09:00:00,226.07309612845648
2012-08-25 10:00:00,311.22816792654567
2012-08-25 11:00:00,428.52065758531523
2012-08-25 12:00:00,431.9921114128704
2012-08-25 13:00:00,513.7871811750732
2012-08-25 14:00:00,293.6865276691948
2012-08-25 15:00:00,437.474537375683
2012-08-25 16:00:00,405.5594850693486
2012-08-25 17:00:00,380.2795208146454
2012-08-25 18:00:00,325.16908027534515
2012-08-25 19:00:00,273.0607413058146
2012-08-25 20:00:00,123.60971869520047
2012-08-25 21:00:00,167.02474089113448
2012-08-25 22:00:00,143.9834525855331
2012-08-25 23:00:00,152.55750858058593
2012-08-26 00:00:00,74.63447442796895
2012-08-26 01:00:00,87.84020183043289
2012-08-26 02:00:00,60.251416210190335
2012-08-26 03:00:00,28.34635926029427
2012-08-26 04:00:00,9.328112916866832
2012-08-26 05:00:00,9.819845602823685
2012-08-26 06:00:00,13.968647118432088
2012-08-26 07:00:00,48.325796850021646
2012-08-26 08:00:00,107.18762938871956
2012-08-26 09:00:00,202.57913170295143
2012-08-26 10:00:00,275.61679305219457
2012-08-26 11:00:00,346.43559312766706
2012-08-26 12:00:00,314.60150894433457
2012-08-26 13:00:00,256.62529681485614
2012-08-26 14:00:00,352.6832629402726
2012-08-26 15:00:00,198.73844986234354
2012-08-26 16:00:00,172.91126722935707
2012-08-26 17:00:00,312.52717967139944
2012-08-26 18:00:00,263.64703543693815
2012-08-26 19:00:00,225.88663219863636
2012-08-26 20:00:00,192.28288362656016
2012-08-26 21:00:00,196.9899966933816
2012-08-26 22:00:00,131.06734973285094
2012-08-26 23:00:00,99.01648938318061
2012-08-27 00:00:00,47.84746805612868
2012-08-27 01:00:00,13.882229674146355
2012-08-27 02:00:00,7.786915095226446
2012-08-27 03:00:00,4.518188158362401
2012-08-27 04:00:00,6.1970076635901705
2012-08-27 05:00:00,24.864983858294814
2012-08-27 06:00:00,122.3025190418908
2012-08-27 07:00:00,387.12130224536907
2012-08-27 08:00:00,563.6210818960105
2012-08-27 09:00:00,285.2487999134291
2012-08-27 10:00:00,159.58378010975406
2012-08-27 11:00:00,173.9485281388294
2012-08-27 12:00:00,219.5593466063978
2012-08-27 13:00:00,194.2702034255891
2012-08-27 14:00:00,198.8597354922548
2012-08-27 15:00:00,201.40762468382908
2012-08-27 16:00:00,316.9320609811776
2012-08-27 17:00:00,590.0495989324498
2012-08-27 18:00:00,602.2919740194321
2012-08-27 19:00:00,417.542827942064
2012-08-27 20:00:00,326.04148796979877
2012-08-27 21:00:00,233.58708077105115
2012-08-27 22:00:00,163.7745096231823
2012-08-27 23:00:00,91.46994759622322
2012-08-28 00:00:00,44.76769456258391
2012-08-28 01:00:00,13.706453326795327
2012-08-28 02:00:00,6.673906448727798
2012-08-28 03:00:00,4.610508531199912
2012-08-28 04:00:00,6.4422911932186855
2012-08-28 05:00:00,30.432693666927253
2012-08-28 06:00:00,119.45594502291007
2012-08-28 07:00:00,368.6232543533949
2012-08-28 08:00:00,549.172409865368
2012-08-28 09:00:00,231.91412225696482
2012-08-28 10:00:00,160.44007621452548
2012-08-28 11:00:00,183.97898247077092
2012-08-28 12:00:00,227.18938441632054
2012-08-28 13:00:00,218.69472314626992
2012-08-28 14:00:00,203.64378919020746
2012-08-28 15:00:00,211.98016874946097
2012-08-28 16:00:00,343.63993202649584
2012-08-28 17:00:00,595.4299558219656
2012-08-28 18:00:00,655.4517620096038
2012-08-28 19:00:00,465.0702421390134
2012-08-28 20:00:00,360.06779926146635
2012-08-28 21:00:00,256.6591336070376
2012-08-28 22:00:00,179.63987127975446
2012-08-28 23:00:00,119.59083205816927
2012-08-29 00:00:00,54.42798160269934
2012-08-29 01:00:00,20.38170004180411
2012-08-29 02:00:00,7.450813450792273
2012-08-29 03:00:00,6.615480767178764
2012-08-29 04:00:00,6.143876652461263
2012-08-29 05:00:00,33.26890566480074
2012-08-29 06:00:00,156.2596839420075
2012-08-29 07:00:00,433.91914960419695
2012-08-29 08:00:00,621.5323323810599
2012-08-29 09:00:00,274.70780692816
2012-08-29 10:00:00,169.03625696855406
2012-08-29 11:00:00,204.91933119321158
2012-08-29 12:00:00,239.3837683976065
2012-08-29 13:00:00,237.5900695410918
2012-08-29 14:00:00,220.47264904763588
2012-08-29 15:00:00,234.7796656673887
2012-08-29 16:00:00,338.6342371663149
2012-08-29 17:00:00,657.7484002186552
2012-08-29 18:00:00,671.9135804731042
2012-08-29 19:00:00,465.72261494078094
2012-08-29 20:00:00,357.6749506911078
2012-08-29 21:00:00,282.5904717380734
2012-08-29 22:00:00,200.8452152939307
2012-08-29 23:00:00,130.3771510419326
2012-08-30 00:00:00,55.43510974666862
2012-08-30 01:00:00,20.93857217903505
2012-08-30 02:00:00,10.82318378665009
2012-08-30 03:00:00,6.2751090163066445
2012-08-30 04:00:00,6.027959689834819
2012-08-30 05:00:00,33.20427705331034
2012-08-30 06:00:00,151.39896171869708
2012-08-30 07:00:00,432.26190360548907
2012-08-30 08:00:00,634.9196441454847
2012-08-30 09:00:00,265.6879969067786
2012-08-30 10:00:00,174.02429482368578
2012-08-30 11:00:00,198.41819677690955
2012-08-30 12:00:00,242.35133945860298
2012-08-30 13:00:00,232.6299178920811
2012-08-30 14:00:00,217.40826633378487
2012-08-30 15:00:00,224.05730282432333
2012-08-30 16:00:00,346.96569671634705
2012-08-30 17:00:00,669.7716784954773
2012-08-30 18:00:00,693.7345745591988
2012-08-30 19:00:00,491.30016911335633
2012-08-30 20:00:00,358.01507185101883
2012-08-30 21:00:00,256.9169605553446
2012-08-30 22:00:00,188.13877691016884
2012-08-30 23:00:00,131.12488362915417
2012-08-31 00:00:00,65.01327544290754
2012-08-31 01:00:00,33.271084015203044
2012-08-31 02:00:00,12.433245415914836
2012-08-31 03:00:00,6.22564112653137
2012-08-31 04:00:00,5.29927524674491
2012-08-31 05:00:00,27.162360451928727
2012-08-31 06:00:00,94.94372839946253
2012-08-31 07:00:00,261.3833934399901
2012-08-31 08:00:00,578.527685479218
2012-08-31 09:00:00,274.4251589818849
2012-08-31 10:00:00,215.76782895588772
2012-08-31 11:00:00,214.86640268948466
2012-08-31 12:00:00,263.1635574668271
2012-08-31 13:00:00,229.04973902220576
2012-08-31 14:00:00,239.7923556434698
2012-08-31 15:00:00,255.89217648067276
2012-08-31 16:00:00,341.17175561678613
2012-08-31 17:00:00,632.2711404654151
2012-08-31 18:00:00,583.9022556638635
2012-08-31 19:00:00,415.8966214897184
2012-08-31 20:00:00,306.74998862550893
2012-08-31 21:00:00,238.62686797249987
2012-08-31 22:00:00,223.9044123786272
2012-08-31 23:00:00,157.03264735401558
2012-09-20 00:00:00,53.453543205170725
2012-09-20 01:00:00,17.32650730599713
2012-09-20 02:00:00,9.803510266637073
2012-09-20 03:00:00,5.565202928467206
2012-09-20 04:00:00,5.092169808250932
2012-09-20 05:00:00,28.512195144956284
2012-09-20 06:00:00,139.8443118967795
2012-09-20 07:00:00,406.3892189654364
2012-09-20 08:00:00,778.6225118634273
2012-09-20 09:00:00,271.72588709578724
2012-09-20 10:00:00,174.40305893736834
2012-09-20 11:00:00,216.23585694694344
2012-09-20 12:00:00,265.3451920276941
2012-09-20 13:00:00,256.36409112209003
2012-09-20 14:00:00,224.4772203334507
2012-09-20 15:00:00,241.80615874119047
2012-09-20 16:00:00,362.6517620186472
2012-09-20 17:00:00,665.7439602908461
2012-09-20 18:00:00,676.1081909058807
2012-09-20 19:00:00,478.7295453012071
2012-09-20 20:00:00,338.91340486678195
2012-09-20 21:00:00,253.12372324259735
2012-09-20 22:00:00,179.01936168087855
2012-09-20 23:00:00,121.105993951089
2012-09-21 00:00:00,54.911172327818086
2012-09-21 01:00:00,34.63335170146866
2012-09-21 02:00:00,19.956171512623666
2012-09-21 03:00:00,8.556505242000995
2012-09-21 04:00:00,6.938593106180628
2012-09-21 05:00:00,38.97111966967073
2012-09-21 06:00:00,140.37834993113475
2012-09-21 07:00:00,448.8765278731732
2012-09-21 08:00:00,670.5195682613282
2012-09-21 09:00:00,274.59245958929114
2012-09-21 10:00:00,196.0313765603303
2012-09-21 11:00:00,219.6744897896294
2012-09-21 12:00:00,292.71844642617305
2012-09-21 13:00:00,277.0712086222926
2012-09-21 14:00:00,249.29181603731357
2012-09-21 15:00:00,275.6498134891723
2012-09-21 16:00:00,369.0270505995069
2012-09-21 17:00:00,700.6219915918168
2012-09-21 18:00:00,554.723928912162
2012-09-21 19:00:00,349.7434802985204
2012-09-21 20:00:00,277.27011826623885
2012-09-21 21:00:00,205.32157026244573
2012-09-21 22:00:00,189.7753876229069
2012-09-21 23:00:00,122.90725872132289
2012-09-22 00:00:00,104.20193571576868
2012-09-22 01:00:00,96.16348983264616
2012-09-22 02:00:00,60.35728537805921
2012-09-22 03:00:00,35.9539104102692
2012-09-22 04:00:00,10.124720356260488
2012-09-22 05:00:00,10.126731998873078
2012-09-22 06:00:00,22.513651426077463
2012-09-22 07:00:00,53.84678798341365
2012-09-22 08:00:00,122.72196658616771
2012-09-22 09:00:00,243.7697639533485
2012-09-22 10:00:00,321.7797165300751
2012-09-22 11:00:00,441.05236083416276
2012-09-22 12:00:00,507.08006509301913
2012-09-22 13:00:00,503.7515180946152
2012-09-22 14:00:00,499.41100258435773
2012-09-22 15:00:00,497.03793112769114
2012-09-22 16:00:00,454.5584056188618
2012-09-22 17:00:00,409.0896517385415
2012-09-22 18:00:00,399.2253245588232
2012-09-22 19:00:00,334.0971018427909
2012-09-22 20:00:00,243.28381572334226
2012-09-22 21:00:00,226.81687330615532
2012-09-22 22:00:00,194.92422226699793
2012-09-22 23:00:00,184.88954510538903
2012-09-23 00:00:00,111.68515612222387
2012-09-23 01:00:00,109.92164387741161
2012-09-23 02:00:00,77.02162898906339
2012-09-23 03:00:00,35.25545773928005
2012-09-23 04:00:00,12.323853880045032
2012-09-23 05:00:00,11.628485515658479
2012-09-23 06:00:00,14.362085745497383
2012-09-23 07:00:00,53.24841824249552
2012-09-23 08:00:00,125.08581362483767
2012-09-23 09:00:00,242.73393385119132
2012-09-23 10:00:00,387.7775850031857
2012-09-23 11:00:00,440.4439385780927
2012-09-23 12:00:00,521.7291815911569
2012-09-23 13:00:00,516.0487472640859
2012-09-23 14:00:00,491.7971230387017
2012-09-23 15:00:00,524.6198942261667
2012-09-23 16:00:00,490.30685008325383
2012-09-23 17:00:00,478.95614744915
2012-09-23 18:00:00,360.414454501122
2012-09-23 19:00:00,256.2305025675911
2012-09-23 20:00:00,225.85177276124966
2012-09-23 21:00:00,148.34839521798858
2012-09-23 22:00:00,137.0038216699437
2012-09-23 23:00:00,72.55721009081266
2012-09-24 00:00:00,43.281063510502584
2012-09-24 01:00:00,14.318330974239682
2012-09-24 02:00:00,6.545508035927189
2012-09-24 03:00:00,4.733720724652694
2012-09-24 04:00:00,6.413741803864862
2012-09-24 05:00:00,29.761852260627254
2012-09-24 06:00:00,117.31053131471559
2012-09-24 07:00:00,386.3135638933062
2012-09-24 08:00:00,664.255215960713
2012-09-24 09:00:00,305.9922401868392
2012-09-24 10:00:00,188.82647731821046
2012-09-24 11:00:00,203.4851235731176
2012-09-24 12:00:00,240.61318898485956
2012-09-24 13:00:00,235.9935334680859
2012-09-24 14:00:00,203.34929489710726
2012-09-24 15:00:00,238.61197524067617
2012-09-24 16:00:00,370.1350730941117
2012-09-24 17:00:00,649.1099802646746
2012-09-24 18:00:00,617.9634275169925
2012-09-24 19:00:00,371.51691878917416
2012-09-24 20:00:00,277.3133598823118
2012-09-24 21:00:00,199.15903875826552
2012-09-24 22:00:00,151.11516645831145
2012-09-24 23:00:00,80.49321227941907
2012-09-25 00:00:00,45.30062141438803
2012-09-25 01:00:00,13.194325077742034
2012-09-25 02:00:00,5.498536525362064
2012-09-25 03:00:00,4.373152483154329
2012-09-25 04:00:00,6.271550878864327
2012-09-25 05:00:00,27.99177899155521
2012-09-25 06:00:00,133.9290237792232
2012-09-25 07:00:00,365.21554360841793
2012-09-25 08:00:00,697.7675993349313
2012-09-25 09:00:00,337.2572375946873
2012-09-25 10:00:00,188.46815581940646
2012-09-25 11:00:00,207.13654074740063
2012-09-25 12:00:00,266.5481273927764
2012-09-25 13:00:00,263.02737532548656
2012-09-25 14:00:00,230.11827681108284
2012-09-25 15:00:00,253.2603612115265
2012-09-25 16:00:00,390.1279515531139
2012-09-25 17:00:00,753.79717561073
2012-09-25 18:00:00,684.6724543714759
2012-09-25 19:00:00,502.08666298485394
2012-09-25 20:00:00,356.770365484167
2012-09-25 21:00:00,251.42086354825585
2012-09-25 22:00:00,190.41251088204976
2012-09-25 23:00:00,111.94805706833183
2012-09-26 00:00:00,54.99970610680299
2012-09-26 01:00:00,19.61913941208888
2012-09-26 02:00:00,5.830912463702175
2012-09-26 03:00:00,6.977257723951501
2012-09-26 04:00:00,8.838050584399056
2012-09-26 05:00:00,42.81847863962424
2012-09-26 06:00:00,179.68357638219874
2012-09-26 07:00:00,454.9964505232297
2012-09-26 08:00:00,628.3520979477485
2012-09-26 09:00:00,363.45858677082504
2012-09-26 10:00:00,185.31607250296253
2012-09-26 11:00:00,224.84680467097965
2012-09-26 12:00:00,281.6683779422465
2012-09-26 13:00:00,265.40479124794473
2012-09-26 14:00:00,241.60285356931934
2012-09-26 15:00:00,255.58765811647203
2012-09-26 16:00:00,373.55903190936135
2012-09-26 17:00:00,733.5929360265962
2012-09-26 18:00:00,689.8167437751484
2012-09-26 19:00:00,495.704844849421
2012-09-26 20:00:00,343.9305949324543
2012-09-26 21:00:00,273.58333534067935
2012-09-26 22:00:00,85.37953170320021
2012-09-26 23:00:00,105.51608923375757
2012-09-27 00:00:00,57.24448498024993
2012-09-27 01:00:00,20.287471845079068
2012-09-27 02:00:00,9.216757050047121
2012-09-27 03:00:00,6.727400067326008
2012-09-27 04:00:00,7.180016547518052
2012-09-27 05:00:00,40.44626753293669
2012-09-27 06:00:00,174.03587831570013
2012-09-27 07:00:00,434.1323281845429
2012-09-27 08:00:00,645.1286801419154
2012-09-27 09:00:00,318.6266090716784
2012-09-27 10:00:00,172.69500333683487
2012-09-27 11:00:00,189.09874946025414
2012-09-27 12:00:00,233.28214819018274
2012-09-27 13:00:00,227.2579630946944
2012-09-27 14:00:00,207.64150931867567
2012-09-27 15:00:00,227.35357630518564
2012-09-27 16:00:00,356.52650032206225
2012-09-27 17:00:00,581.4210090411198
2012-09-27 18:00:00,565.6731227116381
2012-09-27 19:00:00,485.2235071597119
2012-09-27 20:00:00,304.29304260867707
2012-09-27 21:00:00,144.47938985452703
2012-09-27 22:00:00,101.10848937993579
2012-09-27 23:00:00,73.08717375200406
2012-09-28 00:00:00,36.661754544197784
2012-09-28 01:00:00,23.38772281528721
2012-09-28 02:00:00,9.74205443558632
2012-09-28 03:00:00,7.220506604571666
2012-09-28 04:00:00,6.286585931227458
2012-09-28 05:00:00,39.93836147130535
2012-09-28 06:00:00,99.76717231935184
2012-09-28 07:00:00,277.103199890774
2012-09-28 08:00:00,583.935479726944
2012-09-28 09:00:00,267.11138567300804
2012-09-28 10:00:00,184.35612508883395
2012-09-28 11:00:00,207.53380464770086
2012-09-28 12:00:00,287.2209636565842
2012-09-28 13:00:00,277.3580201805527
2012-09-28 14:00:00,249.41000004373936
2012-09-28 15:00:00,292.9395967868533
2012-09-28 16:00:00,338.1453721984587
2012-09-28 17:00:00,565.8764133676361
2012-09-28 18:00:00,476.780326760875
2012-09-28 19:00:00,233.67079063439732
2012-09-28 20:00:00,165.1837843886503
2012-09-28 21:00:00,138.42186484808576
2012-09-28 22:00:00,185.6792521641762
2012-09-28 23:00:00,119.65413282149015
2012-09-29 00:00:00,128.5903689170413
2012-09-29 01:00:00,125.09342009461828
2012-09-29 02:00:00,63.52427244974338
2012-09-29 03:00:00,28.74261318152495
2012-09-29 04:00:00,13.221407657939881
2012-09-29 05:00:00,10.815086625835962
2012-09-29 06:00:00,25.564195229113558
2012-09-29 07:00:00,61.239234510251535
2012-09-29 08:00:00,163.36983173001119
2012-09-29 09:00:00,289.1850255977507
2012-09-29 10:00:00,426.3604536959378
2012-09-29 11:00:00,514.9534764730503
2012-09-29 12:00:00,596.2722888115836
2012-09-29 13:00:00,585.2426447633715
2012-09-29 14:00:00,601.2258725697438
2012-09-29 15:00:00,623.5622627801957
2012-09-29 16:00:00,560.4954100967678
2012-09-29 17:00:00,430.08871746421494
2012-09-29 18:00:00,403.3582923085134
2012-09-29 19:00:00,294.9085909889245
2012-09-29 20:00:00,221.13392071950665
2012-09-29 21:00:00,184.9979156365951
2012-09-29 22:00:00,165.76591134761554
2012-09-29 23:00:00,149.08896972711318
2012-09-30 00:00:00,91.54863446992759
2012-09-30 01:00:00,94.36758862273231
2012-09-30 02:00:00,70.01510226113768
2012-09-30 03:00:00,34.613320263702846
2012-09-30 04:00:00,11.522076710091463
2012-09-30 05:00:00,9.772528092702446
2012-09-30 06:00:00,13.77033771878108
2012-09-30 07:00:00,43.51566205915248
2012-09-30 08:00:00,126.93077354932329
2012-09-30 09:00:00,248.5980252271586
2012-09-30 10:00:00,366.5773142418009
2012-09-30 11:00:00,461.6449256002277
2012-09-30 12:00:00,517.5875168889731
2012-09-30 13:00:00,527.3881433768418
2012-09-30 14:00:00,502.0344622913785
2012-09-30 15:00:00,533.8688639944952
2012-09-30 16:00:00,519.285164143024
2012-09-30 17:00:00,499.25205269423105
2012-09-30 18:00:00,279.6101937937688
2012-09-30 19:00:00,141.27117410743816
2012-09-30 20:00:00,128.55531640224024
2012-09-30 21:00:00,169.05968527491302
2012-09-30 22:00:00,133.30796806125954
2012-09-30 23:00:00,77.5938351253784
2012-10-20 00:00:00,97.97424194975167
2012-10-20 01:00:00,94.78741828245744
2012-10-20 02:00:00,62.07696766909262
2012-10-20 03:00:00,24.800860006963873
2012-10-20 04:00:00,10.322926028666117
2012-10-20 05:00:00,8.673733504252416
2012-10-20 06:00:00,19.39530753803657
2012-10-20 07:00:00,51.77573388827893
2012-10-20 08:00:00,152.19903115810965
2012-10-20 09:00:00,288.4466422252039
2012-10-20 10:00:00,347.3897792220557
2012-10-20 11:00:00,525.546266748
2012-10-20 12:00:00,579.2139528973546
2012-10-20 13:00:00,599.6064869474019
2012-10-20 14:00:00,565.0964920235994
2012-10-20 15:00:00,607.6417637870877
2012-10-20 16:00:00,554.3351834530612
2012-10-20 17:00:00,522.4045851854958
2012-10-20 18:00:00,365.62383367899463
2012-10-20 19:00:00,297.16280562342007
2012-10-20 20:00:00,240.11617318672123
2012-10-20 21:00:00,177.81984399164025
2012-10-20 22:00:00,128.0593974932233
2012-10-20 23:00:00,122.32106849287464
2012-10-21 00:00:00,69.325637379453255
2012-10-21 01:00:00,78.43188776595203
2012-10-21 02:00:00,65.37472490924043
2012-10-21 03:00:00,29.198495941748135
2012-10-21 04:00:00,9.886187819113331
2012-10-21 05:00:00,9.652067077917367
2012-10-21 06:00:00,13.445379542962707
2012-10-21 07:00:00,45.00342275060527
2012-10-21 08:00:00,102.5483510282084
2012-10-21 09:00:00,227.22040831208656
2012-10-21 10:00:00,311.2020914312007
2012-10-21 11:00:00,366.2803524798693
2012-10-21 12:00:00,517.3480961617388
2012-10-21 13:00:00,541.0407100515886
2012-10-21 14:00:00,484.71390135918693
2012-10-21 15:00:00,503.2577598090273
2012-10-21 16:00:00,511.2791468123276
2012-10-21 17:00:00,438.52176222010127
2012-10-21 18:00:00,310.9060772974801
2012-10-21 19:00:00,243.023891880198
2012-10-21 20:00:00,212.51952326481526
2012-10-21 21:00:00,128.68116681694696
2012-10-21 22:00:00,105.27308356633718
2012-10-21 23:00:00,67.79657051836591
2012-10-22 00:00:00,39.80317356240848
2012-10-22 01:00:00,13.225583187209354
2012-10-22 02:00:00,7.105681857093558
2012-10-22 03:00:00,4.480698785142217
2012-10-22 04:00:00,6.434903662251485
2012-10-22 05:00:00,27.656163749110465
2012-10-22 06:00:00,127.81498899888054
2012-10-22 07:00:00,357.15601062465464
2012-10-22 08:00:00,625.3754014404666
2012-10-22 09:00:00,287.62204759590236
2012-10-22 10:00:00,150.67454386438573
2012-10-22 11:00:00,206.5049324920119
2012-10-22 12:00:00,242.22830746304513
2012-10-22 13:00:00,222.86238608176282
2012-10-22 14:00:00,203.72644331838214
2012-10-22 15:00:00,221.05648622245766
2012-10-22 16:00:00,381.7200331721209
2012-10-22 17:00:00,693.5537702130516
2012-10-22 18:00:00,615.538442208293
2012-10-22 19:00:00,366.975598869467
2012-10-22 20:00:00,273.6114015142524
2012-10-22 21:00:00,189.28317331816095
2012-10-22 22:00:00,133.19671729192092
2012-10-22 23:00:00,76.3651924227114
2012-10-23 00:00:00,41.80091331056262
2012-10-23 01:00:00,13.64257909726181
2012-10-23 02:00:00,5.6923578496386105
2012-10-23 03:00:00,4.451413561078805
2012-10-23 04:00:00,6.1843737102261676
2012-10-23 05:00:00,28.62064388886678
2012-10-23 06:00:00,119.8488579354473
2012-10-23 07:00:00,344.1742501656595
2012-10-23 08:00:00,581.7560042266077
2012-10-23 09:00:00,254.52343358353713
2012-10-23 10:00:00,188.37794451423062
2012-10-23 11:00:00,208.49558891200866
2012-10-23 12:00:00,227.7968329365649
2012-10-23 13:00:00,219.62422640025727
2012-10-23 14:00:00,236.94865307909484
2012-10-23 15:00:00,269.91876905201804
2012-10-23 16:00:00,411.0522690362226
2012-10-23 17:00:00,711.3949727026925
2012-10-23 18:00:00,671.7825036506267
2012-10-23 19:00:00,480.4797631973088
2012-10-23 20:00:00,348.658162987197
2012-10-23 21:00:00,248.30443335142047
2012-10-23 22:00:00,180.00912365897474
2012-10-23 23:00:00,107.6641237738779
2012-10-24 00:00:00,59.496398809434616
2012-10-24 01:00:00,21.253301035004604
2012-10-24 02:00:00,6.673251512173082
2012-10-24 03:00:00,6.4548603788441605
2012-10-24 04:00:00,7.503459956878463
2012-10-24 05:00:00,35.95624388808776
2012-10-24 06:00:00,146.62566555184577
2012-10-24 07:00:00,338.3290598935371
2012-10-24 08:00:00,665.6310511532608
2012-10-24 09:00:00,304.4799102209163
2012-10-24 10:00:00,179.6750741030806
2012-10-24 11:00:00,220.53287528874054
2012-10-24 12:00:00,264.8365676602996
2012-10-24 13:00:00,256.8587555115342
2012-10-24 14:00:00,223.79435723703523
2012-10-24 15:00:00,273.62735573348823
2012-10-24 16:00:00,359.0366594600043
2012-10-24 17:00:00,717.8997704926377
2012-10-24 18:00:00,689.0267980794921
2012-10-24 19:00:00,467.03937719260847
2012-10-24 20:00:00,320.7768506774576
2012-10-24 21:00:00,253.49861094635517
2012-10-24 22:00:00,184.9198573507734
2012-10-24 23:00:00,111.24088220250898
2012-10-25 00:00:00,48.84946648417112
2012-10-25 01:00:00,20.7382837103366
2012-10-25 02:00:00,9.296357405073984
2012-10-25 03:00:00,5.084924067002289
2012-10-25 04:00:00,6.151370641542348
2012-10-25 05:00:00,30.20666279027914
2012-10-25 06:00:00,131.06983850380183
2012-10-25 07:00:00,372.16482858983557
2012-10-25 08:00:00,613.9822476910042
2012-10-25 09:00:00,267.59106689844714
2012-10-25 10:00:00,161.0407450422088
2012-10-25 11:00:00,177.5180210113
2012-10-25 12:00:00,218.73801543204283
2012-10-25 13:00:00,209.90417152330326
2012-10-25 14:00:00,230.39400739923772
2012-10-25 15:00:00,250.48339146908282
2012-10-25 16:00:00,389.2148493892216
2012-10-25 17:00:00,706.6055270908404
2012-10-25 18:00:00,624.3029106832757
2012-10-25 19:00:00,470.416883317608
2012-10-25 20:00:00,254.97819416086335
2012-10-25 21:00:00,183.70697397893997
2012-10-25 22:00:00,158.0766133983084
2012-10-25 23:00:00,109.46375817644481
2012-10-26 00:00:00,53.422225459032774
2012-10-26 01:00:00,26.28487146395853
2012-10-26 02:00:00,12.28825150687917
2012-10-26 03:00:00,7.089726093433027
2012-10-26 04:00:00,7.142422683282582
2012-10-26 05:00:00,33.30386924097221
2012-10-26 06:00:00,108.98544632851913
2012-10-26 07:00:00,355.4139391423214
2012-10-26 08:00:00,641.1037917196468
2012-10-26 09:00:00,282.0812853891732
2012-10-26 10:00:00,173.97972344190515
2012-10-26 11:00:00,199.01545060847045
2012-10-26 12:00:00,249.06893984380358
2012-10-26 13:00:00,241.10453035419255
2012-10-26 14:00:00,223.35847862631599
2012-10-26 15:00:00,240.3559625474238
2012-10-26 16:00:00,319.0720089478921
2012-10-26 17:00:00,518.3262636820511
2012-10-26 18:00:00,448.2782914032894
2012-10-26 19:00:00,293.5752509068738
2012-10-26 20:00:00,236.36525842835528
2012-10-26 21:00:00,196.89138365185735
2012-10-26 22:00:00,169.51841673592142
2012-10-26 23:00:00,135.78516402612723
2012-10-27 00:00:00,104.2130414562889
2012-10-27 01:00:00,87.13522230705834
2012-10-27 02:00:00,59.72683566147475
2012-10-27 03:00:00,33.70299327369905
2012-10-27 04:00:00,10.995572274389474
2012-10-27 05:00:00,9.42627101988853
2012-10-27 06:00:00,21.171762667606586
2012-10-27 07:00:00,64.27112520801035
2012-10-27 08:00:00,158.591633450452
2012-10-27 09:00:00,278.45372998230306
2012-10-27 10:00:00,384.03949009656395
2012-10-27 11:00:00,497.05896237030396
2012-10-27 12:00:00,606.1539760320919
2012-10-27 13:00:00,602.0426519626321
2012-10-27 14:00:00,593.6347707154964
2012-10-27 15:00:00,520.6058991717886
2012-10-27 16:00:00,439.7797982751096
2012-10-27 17:00:00,412.1030524024577
2012-10-27 18:00:00,346.13965452468483
2012-10-27 19:00:00,246.4694102668942
2012-10-27 20:00:00,185.165159071496
2012-10-27 21:00:00,153.76130902239225
2012-10-27 22:00:00,137.98079164430936
2012-10-27 23:00:00,104.34205792021886
2012-10-28 00:00:00,50.4812249854514
2012-10-28 01:00:00,79.96306468227725
2012-10-28 02:00:00,57.283174099518014
2012-10-28 03:00:00,30.627241540198117
2012-10-28 04:00:00,10.835737221582443
2012-10-28 05:00:00,10.207319489189022
2012-10-28 06:00:00,14.39950434171348
2012-10-28 07:00:00,46.539178157987735
2012-10-28 08:00:00,107.97797942501197
2012-10-28 09:00:00,210.23867109853194
2012-10-28 10:00:00,262.48392783160074
2012-10-28 11:00:00,306.7927357177839
2012-10-28 12:00:00,346.7996621116524
2012-10-28 13:00:00,354.0521447436689
2012-10-28 14:00:00,325.19103200908705
2012-10-28 15:00:00,320.9774611932891
2012-10-28 16:00:00,183.98607815837437
2012-10-28 17:00:00,167.92967423406196
2012-10-28 18:00:00,45.86601954181613
2012-10-28 19:00:00,99.98797493846165
2012-10-28 20:00:00,72.21731326339425
2012-10-28 21:00:00,74.61817098621574
2012-10-28 22:00:00,59.56000656686475
2012-10-28 23:00:00,34.368024086204144
2012-10-29 00:00:00,31.96400322384993
2012-10-30 13:00:00,88.59592315018858
2012-10-30 14:00:00,76.9759828917014
2012-10-30 15:00:00,86.50941120651466
2012-10-30 16:00:00,137.29783380293728
2012-10-30 17:00:00,263.8470442220821
2012-10-30 18:00:00,290.1215767225866
2012-10-30 19:00:00,323.7009615237663
2012-10-30 20:00:00,183.7168196248663
2012-10-30 21:00:00,144.37291292023326
2012-10-30 22:00:00,111.03027938478301
2012-10-30 23:00:00,67.83921372177686
2012-10-31 00:00:00,39.717620541124624
2012-10-31 01:00:00,14.57898850226428
2012-10-31 02:00:00,6.029868634302323
2012-10-31 03:00:00,5.060360611374161
2012-10-31 04:00:00,7.384397956706728
2012-10-31 05:00:00,29.424017495010283
2012-10-31 06:00:00,107.76113928148058
2012-10-31 07:00:00,372.53776932729363
2012-10-31 08:00:00,543.4790559424987
2012-10-31 09:00:00,297.40940607364513
2012-10-31 10:00:00,128.57997884673205
2012-10-31 11:00:00,144.615942419093
2012-10-31 12:00:00,194.16529358481637
2012-10-31 13:00:00,192.08900566039145
2012-10-31 14:00:00,179.81184698383436
2012-10-31 15:00:00,180.15126614902258
2012-10-31 16:00:00,304.05563935565334
2012-10-31 17:00:00,534.1405425100089
2012-10-31 18:00:00,485.65788788188763
2012-10-31 19:00:00,365.3091096682091
2012-10-31 20:00:00,243.31605063752096
2012-10-31 21:00:00,188.34660669266123
2012-10-31 22:00:00,131.0185782743273
2012-10-31 23:00:00,83.65131528002894
2012-11-20 00:00:00,35.18306269416904
2012-11-20 01:00:00,13.822840227113419
2012-11-20 02:00:00,4.641716507370628
2012-11-20 03:00:00,4.18133462081393
2012-11-20 04:00:00,6.842966906881418
2012-11-20 05:00:00,30.07806058830746
2012-11-20 06:00:00,122.54467548722499
2012-11-20 07:00:00,319.75288737042393
2012-11-20 08:00:00,608.864549326616
2012-11-20 09:00:00,251.38629259018043
2012-11-20 10:00:00,137.34275556997537
2012-11-20 11:00:00,155.9207504960255
2012-11-20 12:00:00,194.95010971571878
2012-11-20 13:00:00,184.45320598629448
2012-11-20 14:00:00,169.4641923749867
2012-11-20 15:00:00,174.87873818100144
2012-11-20 16:00:00,281.15282768288057
2012-11-20 17:00:00,489.0184019040987
2012-11-20 18:00:00,479.668784075715
2012-11-20 19:00:00,329.2581356750983
2012-11-20 20:00:00,224.4279535406904
2012-11-20 21:00:00,176.00344864051107
2012-11-20 22:00:00,129.4584028457431
2012-11-20 23:00:00,67.25223294577702
2012-11-21 00:00:00,39.270976939496364
2012-11-21 01:00:00,12.438820031548385
2012-11-21 02:00:00,4.754083400381956
2012-11-21 03:00:00,4.039190463441857
2012-11-21 04:00:00,4.925993901853828
2012-11-21 05:00:00,23.415703306913464
2012-11-21 06:00:00,99.62564296053365
2012-11-21 07:00:00,293.92188763402754
2012-11-21 08:00:00,594.9923877881896
2012-11-21 09:00:00,258.30965865990896
2012-11-21 10:00:00,136.49404905483553
2012-11-21 11:00:00,151.1613055951493
2012-11-21 12:00:00,200.82884277939144
2012-11-21 13:00:00,194.29837734659776
2012-11-21 14:00:00,192.4036299275438
2012-11-21 15:00:00,207.78746954602016
2012-11-21 16:00:00,285.03949912688773
2012-11-21 17:00:00,514.973468795059
2012-11-21 18:00:00,466.3248165448434
2012-11-21 19:00:00,356.95015089064464
2012-11-21 20:00:00,226.6969640365515
2012-11-21 21:00:00,177.6927582078721
2012-11-21 22:00:00,131.00130845790048
2012-11-21 23:00:00,73.18006123651914
2012-11-22 00:00:00,84.49802486123168
2012-11-22 01:00:00,46.72432453639869
2012-11-22 02:00:00,26.66457552523666
2012-11-22 03:00:00,13.3051193095532
2012-11-22 04:00:00,7.704407539601607
2012-11-22 05:00:00,12.911372170377529
2012-11-22 06:00:00,16.863812091342734
2012-11-22 07:00:00,48.516473721703434
2012-11-22 08:00:00,106.46250354764528
2012-11-22 09:00:00,236.8021921383376
2012-11-22 10:00:00,327.46071288701916
2012-11-22 11:00:00,423.88926659717
2012-11-22 12:00:00,401.76879816416914
2012-11-22 13:00:00,396.8245462505843
2012-11-22 14:00:00,361.990423346818
2012-11-22 15:00:00,380.1930178749551
2012-11-22 16:00:00,336.22419363157036
2012-11-22 17:00:00,382.59769914289376
2012-11-22 18:00:00,328.30792337261363
2012-11-22 19:00:00,276.4704026685966
2012-11-22 20:00:00,244.62679262311744
2012-11-22 21:00:00,177.22833157919578
2012-11-22 22:00:00,132.11394821366562
2012-11-22 23:00:00,84.99332344878977
2012-11-23 00:00:00,49.81847153083967
2012-11-23 01:00:00,23.280099398605966
2012-11-23 02:00:00,10.00228768424978
2012-11-23 03:00:00,5.9419636625873915
2012-11-23 04:00:00,5.0234166717165865
2012-11-23 05:00:00,23.50739037706479
2012-11-23 06:00:00,78.86601786995428
2012-11-23 07:00:00,244.55092956066636
2012-11-23 08:00:00,545.9032974696468
2012-11-23 09:00:00,258.4089889612153
2012-11-23 10:00:00,175.70968263923794
2012-11-23 11:00:00,207.84882672991125
2012-11-23 12:00:00,282.65654235273985
2012-11-23 13:00:00,275.852924245121
2012-11-23 14:00:00,265.28374860077423
2012-11-23 15:00:00,275.53738205336157
2012-11-23 16:00:00,289.4046547886939
2012-11-23 17:00:00,540.6417190741473
2012-11-23 18:00:00,422.06942050425073
2012-11-23 19:00:00,292.57938494859064
2012-11-23 20:00:00,251.53410503825566
2012-11-23 21:00:00,207.32421276948872
2012-11-23 22:00:00,173.6625701973448
2012-11-23 23:00:00,127.08263431027734
2012-11-24 00:00:00,68.54570524877366
2012-11-24 01:00:00,57.74918180673582
2012-11-24 02:00:00,36.08705135025115
2012-11-24 03:00:00,19.306307466837513
2012-11-24 04:00:00,6.928921991839431
2012-11-24 05:00:00,6.5007454589273195
2012-11-24 06:00:00,14.564632837081287
2012-11-24 07:00:00,43.402141161888
2012-11-24 08:00:00,95.23900862826939
2012-11-24 09:00:00,160.22448051852356
2012-11-24 10:00:00,250.798509295708
2012-11-24 11:00:00,279.8834433110494
2012-11-24 12:00:00,302.38222411050486
2012-11-24 13:00:00,342.4444548078095
2012-11-24 14:00:00,246.45737244395195
2012-11-24 15:00:00,274.9294766643531
2012-11-24 16:00:00,262.64761746367515
2012-11-24 17:00:00,248.59894822390027
2012-11-24 18:00:00,203.74471377160563
2012-11-24 19:00:00,180.71432877768885
2012-11-24 20:00:00,131.7029401973655
2012-11-24 21:00:00,98.14242616531341
2012-11-24 22:00:00,96.21070978181281
2012-11-24 23:00:00,87.85633771769835
2012-11-25 00:00:00,46.363998779332896
2012-11-25 01:00:00,48.7410761542464
2012-11-25 02:00:00,42.268384848668134
2012-11-25 03:00:00,16.552770700595193
2012-11-25 04:00:00,5.6983611903336255
2012-11-25 05:00:00,6.614531138446592
2012-11-25 06:00:00,7.797839919844
2012-11-25 07:00:00,29.53130952913239
2012-11-25 08:00:00,73.5015402498813
2012-11-25 09:00:00,165.40952361242327
2012-11-25 10:00:00,205.98660765197394
2012-11-25 11:00:00,236.88220812501777
2012-11-25 12:00:00,306.1421809124488
2012-11-25 13:00:00,296.0637994312387
2012-11-25 14:00:00,296.039376286171
2012-11-25 15:00:00,272.8121714353693
2012-11-25 16:00:00,295.8224167964698
2012-11-25 17:00:00,236.2984147540971
2012-11-25 18:00:00,174.90544682075648
2012-11-25 19:00:00,165.91420967294434
2012-11-25 20:00:00,119.05964141641077
2012-11-25 21:00:00,102.15408722332835
2012-11-25 22:00:00,73.62975704303784
2012-11-25 23:00:00,42.321894941922345
2012-11-26 00:00:00,23.103975096399246
2012-11-26 01:00:00,7.567371039598131
2012-11-26 02:00:00,4.137601673291407
2012-11-26 03:00:00,2.679631847525947
2012-11-26 04:00:00,3.654017424951926
2012-11-26 05:00:00,17.915398720025646
2012-11-26 06:00:00,73.98426908347322
2012-11-26 07:00:00,244.19872847869314
2012-11-26 08:00:00,427.463551642707
2012-11-26 09:00:00,230.24575523402893
2012-11-26 10:00:00,120.22306731744148
2012-11-26 11:00:00,151.1239606523639
2012-11-26 12:00:00,194.19641255231423
2012-11-26 13:00:00,179.41251502492847
2012-11-26 14:00:00,166.64616391491143
2012-11-26 15:00:00,177.64683939879586
2012-11-26 16:00:00,265.9262945907072
2012-11-26 17:00:00,514.7216082328607
2012-11-26 18:00:00,450.8327901533158
2012-11-26 19:00:00,338.04607003379937
2012-11-26 20:00:00,234.05304577616425
2012-11-26 21:00:00,171.58735762065612
2012-11-26 22:00:00,105.83636381956728
2012-11-26 23:00:00,68.29780415429228
2012-11-27 00:00:00,36.20107990017254
2012-11-27 01:00:00,11.084252187545106
2012-11-27 02:00:00,4.6200828027644505
2012-11-27 03:00:00,2.903902623806077
2012-11-27 04:00:00,4.9662560471161115
2012-11-27 05:00:00,19.653552406799495
2012-11-27 06:00:00,106.51233981895076
2012-11-27 07:00:00,227.97695239352092
2012-11-27 08:00:00,346.77460727843015
2012-11-27 09:00:00,237.90679335413353
2012-11-27 10:00:00,88.5475442882688
2012-11-27 11:00:00,72.66706831510292
2012-11-27 12:00:00,80.18967800392493
2012-11-27 13:00:00,91.37621203018156
2012-11-27 14:00:00,76.57254454220035
2012-11-27 15:00:00,107.29220514231253
2012-11-27 16:00:00,173.8965340473169
2012-11-27 17:00:00,329.6723528126614
2012-11-27 18:00:00,274.12268480416645
2012-11-27 19:00:00,225.5044660548649
2012-11-27 20:00:00,158.8411902014678
2012-11-27 21:00:00,105.1998855263288
2012-11-27 22:00:00,95.8866667576929
2012-11-27 23:00:00,50.79598168718659
2012-11-28 00:00:00,40.13224648332885
2012-11-28 01:00:00,13.957869310918909
2012-11-28 02:00:00,6.095167403197052
2012-11-28 03:00:00,5.166312025732779
2012-11-28 04:00:00,7.335942945419444
2012-11-28 05:00:00,32.61751812488694
2012-11-28 06:00:00,144.35985056440873
2012-11-28 07:00:00,401.474985213244
2012-11-28 08:00:00,513.1745030474972
2012-11-28 09:00:00,229.88679765713647
2012-11-28 10:00:00,123.41198961252437
2012-11-28 11:00:00,136.5724057334628
2012-11-28 12:00:00,198.39762542940127
2012-11-28 13:00:00,182.24929768995887
2012-11-28 14:00:00,168.37802492290209
2012-11-28 15:00:00,174.1081355112866
2012-11-28 16:00:00,269.87053072859914
2012-11-28 17:00:00,500.33642746258147
2012-11-28 18:00:00,411.4289672456295
2012-11-28 19:00:00,313.9754219658922
2012-11-28 20:00:00,206.92500234702442
2012-11-28 21:00:00,161.46910898458407
2012-11-28 22:00:00,103.33739576138831
2012-11-28 23:00:00,63.90419704931745
2012-11-29 00:00:00,33.99466772961076
2012-11-29 01:00:00,10.329545097058066
2012-11-29 02:00:00,4.534190687167285
2012-11-29 04:00:00,3.880519233326347
2012-11-29 05:00:00,18.529702098637326
2012-11-29 06:00:00,79.22704045841078
2012-11-29 07:00:00,228.74164022781116
2012-11-29 08:00:00,459.4899558660681
2012-11-29 09:00:00,220.97614437490415
2012-11-29 10:00:00,125.66923332482497
2012-11-29 11:00:00,175.58708623233736
2012-11-29 12:00:00,220.8147514070139
2012-11-29 13:00:00,203.6796849588513
2012-11-29 14:00:00,193.57306945762588
2012-11-29 15:00:00,209.53108951716294
2012-11-29 16:00:00,291.5520044458543
2012-11-29 17:00:00,569.2524173638525
2012-11-29 18:00:00,434.4802931551665
2012-11-29 19:00:00,302.59376872966703
2012-11-29 20:00:00,236.53462803012732
2012-11-29 21:00:00,137.08104084787288
2012-11-29 22:00:00,114.69786333914305
2012-11-29 23:00:00,88.94855924133756
2012-11-30 00:00:00,39.32252545120434
2012-11-30 01:00:00,19.95410136467798
2012-11-30 02:00:00,9.15822616543884
2012-11-30 03:00:00,4.956726318401888
2012-11-30 04:00:00,4.04487705580959
2012-11-30 05:00:00,19.02030252924427
2012-11-30 06:00:00,62.79363975592189
2012-11-30 07:00:00,197.29229888779338
2012-11-30 08:00:00,476.545731789082
2012-11-30 09:00:00,246.36679631836628
2012-11-30 10:00:00,172.13011900311548
2012-11-30 11:00:00,176.81912177643255
2012-11-30 12:00:00,239.64047747021795
2012-11-30 13:00:00,235.78302923697294
2012-11-30 14:00:00,223.18971770394253
2012-11-30 15:00:00,236.779670788582
2012-11-30 16:00:00,318.72089455932877
2012-11-30 17:00:00,505.5433875542254
2012-11-30 18:00:00,418.34585542550815
2012-11-30 19:00:00,287.4112848680045
2012-11-30 20:00:00,200.87911231012149
2012-11-30 21:00:00,168.06907572336394
2012-11-30 22:00:00,154.90234356131185
2012-11-30 23:00:00,105.24919440477866
2012-12-20 00:00:00,38.45798898861288
2012-12-20 01:00:00,14.015227351053076
2012-12-20 02:00:00,6.439315838416346
2012-12-20 03:00:00,4.398960174886514
2012-12-20 04:00:00,6.235662981544222
2012-12-20 05:00:00,29.735886356694767
2012-12-20 06:00:00,128.2211829307668
2012-12-20 07:00:00,372.16305683950907
2012-12-20 08:00:00,656.8104880116261
2012-12-20 09:00:00,288.3395081803168
2012-12-20 10:00:00,147.38406508678102
2012-12-20 11:00:00,170.1004406500791
2012-12-20 12:00:00,206.39158428665635
2012-12-20 13:00:00,191.5135952045398
2012-12-20 14:00:00,173.6553022708232
2012-12-20 15:00:00,189.67754043168443
2012-12-20 16:00:00,252.7921035491386
2012-12-20 17:00:00,523.056540636843
2012-12-20 18:00:00,470.8630686044718
2012-12-20 19:00:00,234.75460168916504
2012-12-20 20:00:00,182.07047316602748
2012-12-20 21:00:00,132.7951330859373
2012-12-20 22:00:00,96.00278655507935
2012-12-20 23:00:00,59.508850073749194
2012-12-21 00:00:00,19.167833360755328
2012-12-21 01:00:00,12.68370190917094
2012-12-21 02:00:00,6.923287960469533
2012-12-21 03:00:00,2.599504475797494
2012-12-21 04:00:00,2.179517283432009
2012-12-21 05:00:00,11.392755682872707
2012-12-21 06:00:00,50.01457880669894
2012-12-21 07:00:00,170.89929202122454
2012-12-21 08:00:00,353.62700795827095
2012-12-21 09:00:00,187.10828211720528
2012-12-21 10:00:00,102.28930403700977
2012-12-21 11:00:00,90.5171365837588
2012-12-21 12:00:00,128.9622490014854
2012-12-21 13:00:00,113.05106395054698
2012-12-21 14:00:00,103.73335312484795
2012-12-21 15:00:00,101.86808054769233
2012-12-21 16:00:00,135.0624997103055
2012-12-21 17:00:00,236.37215601478934
2012-12-21 18:00:00,193.59065219554486
2012-12-21 19:00:00,145.4559053014165
2012-12-21 20:00:00,106.3743780891491
2012-12-21 21:00:00,92.43271406763859
2012-12-21 22:00:00,81.51200979391866
2012-12-21 23:00:00,54.30486818499436
2012-12-22 00:00:00,28.628432905106056
2012-12-22 01:00:00,26.588660719533443
2012-12-22 02:00:00,22.241035428450612
2012-12-22 03:00:00,8.882067245634572
2012-12-22 04:00:00,3.6457660729116146
2012-12-22 05:00:00,3.594239197781724
2012-12-22 06:00:00,8.022235389545369
2012-12-22 07:00:00,22.68825207156999
2012-12-22 08:00:00,45.59797648978947
2012-12-22 09:00:00,74.48434878883029
2012-12-22 10:00:00,132.62849502171676
2012-12-22 11:00:00,150.63982815442074
2012-12-22 12:00:00,162.48352765673826
2012-12-22 13:00:00,147.59572892164744
2012-12-22 14:00:00,142.65687630575908
2012-12-22 15:00:00,136.0954469062402
2012-12-22 16:00:00,156.08580771103954
2012-12-22 17:00:00,145.97641299383923
2012-12-22 18:00:00,116.87145464709776
2012-12-22 19:00:00,83.54321879300373
2012-12-22 20:00:00,73.56894548971691
2012-12-22 21:00:00,46.62696224519382
2012-12-22 22:00:00,39.824221833489595
2012-12-22 23:00:00,42.480647078816894
2012-12-23 00:00:00,22.743424569364105
2012-12-23 01:00:00,28.54044414176545
2012-12-23 02:00:00,22.51287641744788
2012-12-23 03:00:00,10.041262657125783
2012-12-23 04:00:00,2.6748830819005316
2012-12-23 05:00:00,3.1079298631683954
2012-12-23 06:00:00,4.375734019770329
2012-12-23 07:00:00,14.28167033854563
2012-12-23 08:00:00,34.57759887795152
2012-12-23 09:00:00,57.25127845451746
2012-12-23 10:00:00,105.82427091492893
2012-12-23 11:00:00,128.56693550296418
2012-12-23 12:00:00,168.63007055826338
2012-12-23 13:00:00,168.03664526017425
2012-12-23 14:00:00,176.34052772190964
2012-12-23 15:00:00,201.77395275711004
2012-12-23 16:00:00,207.90756267167635
2012-12-23 17:00:00,156.6079496341127
2012-12-23 18:00:00,124.77986559096944
2012-12-23 19:00:00,99.9615921899623
2012-12-23 20:00:00,80.80832593527415
2012-12-23 21:00:00,58.0689594951235
2012-12-23 22:00:00,46.70328842149757
2012-12-23 23:00:00,27.221679388524784
2012-12-24 00:00:00,14.317091015704237
2012-12-24 01:00:00,4.746310133799469
2012-12-24 02:00:00,2.808208891962217
2012-12-24 03:00:00,1.6653424551630447
2012-12-24 05:00:00,7.933512523375708
2012-12-24 06:00:00,45.809950818562506
2012-12-24 07:00:00,126.0113725230168
2012-12-24 08:00:00,228.99049831708086
2012-12-24 09:00:00,172.9982150808703
2012-12-24 10:00:00,68.41110350946215
2012-12-24 11:00:00,66.08955641389284
2012-12-24 12:00:00,90.67227470582439
2012-12-24 13:00:00,72.63415554575205
2012-12-24 14:00:00,61.830999357262534
2012-12-24 15:00:00,53.41678517954791
2012-12-24 16:00:00,74.32974148121086
2012-12-24 17:00:00,160.50868116999908
2012-12-24 18:00:00,165.17337270573447
2012-12-24 19:00:00,128.5885219392492
2012-12-24 20:00:00,68.04524492650549
2012-12-24 21:00:00,62.29099458850244
2012-12-24 22:00:00,47.14116018411985
2012-12-24 23:00:00,22.17546154356881
2012-12-25 00:00:00,24.962925013870876
2012-12-25 01:00:00,16.496665650687344
2012-12-25 02:00:00,12.369560398794105
2012-12-25 04:00:00,3.9608129971152377
2012-12-25 05:00:00,3.584722340580659
2012-12-25 06:00:00,6.063479258127942
2012-12-25 07:00:00,19.157579750728093
2012-12-25 08:00:00,46.763427151529164
2012-12-25 09:00:00,61.33726666849659
2012-12-25 10:00:00,146.32582125297367
2012-12-25 11:00:00,169.07622394491156
2012-12-25 12:00:00,209.85909923536434
2012-12-25 13:00:00,263.89097321555823
2012-12-25 14:00:00,193.93572691224023
2012-12-25 15:00:00,212.29044178084445
2012-12-25 16:00:00,210.49563519363323
2012-12-25 17:00:00,172.55553459722307
2012-12-25 18:00:00,120.65323208055547
2012-12-25 19:00:00,91.10168143802399
2012-12-25 20:00:00,79.32365705779821
2012-12-25 21:00:00,68.01280424745643
2012-12-25 22:00:00,53.169566160573005
2012-12-25 23:00:00,24.894380176682752
2012-12-26 00:00:00,16.19109287206759
2012-12-26 01:00:00,5.957611073647307
2012-12-26 02:00:00,2.720173340226451
2012-12-26 03:00:00,1.7639783249575158
2012-12-26 04:00:00,1.4005258708501842
2012-12-26 05:00:00,7.503614321413963
2012-12-26 06:00:00,42.214951026124
2012-12-26 07:00:00,65.69763475341526
2012-12-26 08:00:00,112.77476006564703
2012-12-26 09:00:00,84.05355407321309
2012-12-26 10:00:00,30.224091519332713
2012-12-26 11:00:00,27.045618392845657
2012-12-26 12:00:00,32.11593924874236
2012-12-26 13:00:00,31.362318217448408
2012-12-26 14:00:00,18.60998835736482
2012-12-26 15:00:00,41.592321030624376
2012-12-26 16:00:00,58.871487434409005
2012-12-26 17:00:00,76.85345666449881
2012-12-26 18:00:00,74.56748961267736
2012-12-26 19:00:00,101.96301175142732
2012-12-26 20:00:00,51.95924245895947
2012-12-26 21:00:00,72.61163409497566
2012-12-26 22:00:00,16.42181008894818
2012-12-26 23:00:00,20.277632430215093
2012-12-27 00:00:00,10.494184012430468
2012-12-27 01:00:00,3.406281915897527
2012-12-27 02:00:00,2.6666477738954275
2012-12-27 03:00:00,1.9512459575555559
2012-12-27 04:00:00,1.6442492781489084
2012-12-27 05:00:00,12.923405946792979
2012-12-27 06:00:00,53.953452944929474
2012-12-27 07:00:00,161.75654033331426
2012-12-27 08:00:00,281.85593054479915
2012-12-27 09:00:00,181.11475862827248
2012-12-27 10:00:00,74.8971661236741
2012-12-27 11:00:00,72.93574182333413
2012-12-27 12:00:00,93.7328086598014
2012-12-27 13:00:00,93.22003492105071
2012-12-27 14:00:00,65.73014695637542
2012-12-27 15:00:00,67.66901464781292
2012-12-27 16:00:00,118.0214582729746
2012-12-27 17:00:00,241.48549862591724
2012-12-27 18:00:00,228.7006549710743
2012-12-27 19:00:00,136.5432169549988
2012-12-27 20:00:00,119.85904724355521
2012-12-27 21:00:00,88.72561327817412
2012-12-27 22:00:00,52.293103500875226
2012-12-27 23:00:00,42.722338494708836
2012-12-28 00:00:00,22.198752993425213
2012-12-28 01:00:00,12.775820675813868
2012-12-28 02:00:00,6.486501632232244
2012-12-28 03:00:00,3.0587769747535463
2012-12-28 04:00:00,2.6910972569506426
2012-12-28 05:00:00,13.614951235903538
2012-12-28 06:00:00,38.02803137118619
2012-12-28 07:00:00,146.48775700450898
2012-12-28 08:00:00,334.8999560198324
2012-12-28 09:00:00,176.56177590073364
2012-12-28 10:00:00,85.7937246655566
2012-12-28 11:00:00,86.05119374350811
2012-12-28 12:00:00,137.08767127093506
2012-12-28 13:00:00,120.79680530417028
2012-12-28 14:00:00,109.71454579773638
2012-12-28 15:00:00,115.70377558788694
2012-12-28 16:00:00,168.83859266963987
2012-12-28 17:00:00,268.4290093313423
2012-12-28 18:00:00,227.31056942049
2012-12-28 19:00:00,128.39281814195544
2012-12-28 20:00:00,97.2625038660013
2012-12-28 21:00:00,82.02290447527429
2012-12-28 22:00:00,74.2457177392988
2012-12-28 23:00:00,49.25783170696088
2012-12-29 00:00:00,32.752663268931926
2012-12-29 01:00:00,34.84187362050902
2012-12-29 02:00:00,26.532328313953812
2012-12-29 03:00:00,10.543581524601288
2012-12-29 04:00:00,3.6333951212930757
2012-12-29 05:00:00,3.8237782579558464
2012-12-29 06:00:00,8.099161284639557
2012-12-29 07:00:00,23.310219980942435
2012-12-29 08:00:00,58.259821533234316
2012-12-29 09:00:00,76.86255110222498
2012-12-29 10:00:00,88.27224489222809
2012-12-29 11:00:00,70.149866546696
2012-12-29 12:00:00,67.97435957026305
2012-12-29 13:00:00,70.86627489257458
2012-12-29 14:00:00,162.3508215166669
2012-12-29 15:00:00,147.01110557783176
2012-12-29 16:00:00,174.32435717588095
2012-12-29 17:00:00,140.32086030278452
2012-12-29 18:00:00,129.0340729693092
2012-12-29 19:00:00,93.82437397194559
2012-12-29 20:00:00,66.0812228489601
2012-12-29 21:00:00,55.89361491905282
2012-12-29 22:00:00,47.42721417722405
2012-12-29 23:00:00,50.804384551902785
2012-12-30 00:00:00,31.127873129464934
2012-12-30 01:00:00,31.297928431152897
2012-12-30 02:00:00,30.02159758494973
2012-12-30 03:00:00,12.43998556595282
2012-12-30 04:00:00,3.629300236147029
2012-12-30 05:00:00,3.838686097654909
2012-12-30 06:00:00,4.533136179881893
2012-12-30 07:00:00,15.940832894223812
2012-12-30 08:00:00,36.354353679362994
2012-12-30 09:00:00,62.54278932070242
2012-12-30 10:00:00,98.48863412076912
2012-12-30 11:00:00,128.31870281787388
2012-12-30 12:00:00,151.355365633991
2012-12-30 13:00:00,153.17686679561842
2012-12-30 14:00:00,134.7987347356185
2012-12-30 15:00:00,151.35847282435859
2012-12-30 16:00:00,159.86256324629994
2012-12-30 17:00:00,141.92572691990577
2012-12-30 18:00:00,103.36109970543677
2012-12-30 19:00:00,115.94906857332714
2012-12-30 20:00:00,52.90917886328942
2012-12-30 21:00:00,43.1737821709365
2012-12-30 22:00:00,33.550630570038415
2012-12-30 23:00:00,19.927374176734805
2012-12-31 00:00:00,12.902405239484455
2012-12-31 01:00:00,4.32643847708385
2012-12-31 02:00:00,2.5867854210441106
2012-12-31 03:00:00,1.5730589989184272
2012-12-31 04:00:00,1.7046378822576085
2012-12-31 05:00:00,5.961856236999346
2012-12-31 06:00:00,42.4549037020733
2012-12-31 07:00:00,125.84391991507566
2012-12-31 08:00:00,215.4226431090767
2012-12-31 09:00:00,145.09668065653685
2012-12-31 10:00:00,49.31834794623747
2012-12-31 11:00:00,55.30320341685865
2012-12-31 12:00:00,83.83172703597965
2012-12-31 13:00:00,84.39907501784333
2012-12-31 14:00:00,73.70311603181146
2012-12-31 15:00:00,85.85084784949883
2012-12-31 16:00:00,120.22780821158192
2012-12-31 17:00:00,241.62327448786286
2012-12-31 18:00:00,220.53683288563562
2012-12-31 19:00:00,144.01818303400458
2012-12-31 20:00:00,103.88625697865557
2012-12-31 21:00:00,79.8461294490257
2012-12-31 22:00:00,59.23365344045925
2012-12-31 23:00:00,32.127466422879955
