datetime,count
2011-01-20 00:00:00,14.579959476780655
2011-01-20 01:00:00,5.40887377742409
2011-01-20 02:00:00,2.5960156490475077
2011-01-20 03:00:00,1.2717457927809759
2011-01-20 04:00:00,1.3605953391138854
2011-01-20 05:00:00,6.001819890575604
2011-01-20 06:00:00,45.02972256750932
2011-01-20 07:00:00,256.6693876199508
2011-01-20 08:00:00,1072.6124156610167
2011-01-20 09:00:00,547.5617891220038
2011-01-20 10:00:00,223.5105290661462
2011-01-20 11:00:00,348.44726642979765
2011-01-20 12:00:00,468.54186765245396
2011-01-20 13:00:00,440.4012630375432
2011-01-20 14:00:00,429.7506229085948
2011-01-20 15:00:00,451.4170644894572
2011-01-20 16:00:00,676.9017618670224
2011-01-20 17:00:00,1763.673293317562
2011-01-20 18:00:00,780.9803855529533
2011-01-20 19:00:00,449.74262989695376
2011-01-20 20:00:00,218.35624563063502
2011-01-20 21:00:00,154.28864711599903
2011-01-20 22:00:00,90.67848122040287
2011-01-20 23:00:00,37.953488390432945
2011-01-21 00:00:00,20.62434636274649
2011-01-21 01:00:00,9.19952311971551
2011-01-21 02:00:00,4.568903255623125
2011-01-21 03:00:00,1.4198925407804124
2011-01-21 04:00:00,0.8544254760286942
2011-01-21 05:00:00,6.254995018436396
2011-01-21 06:00:00,42.70550994352167
2011-01-21 07:00:00,204.92447289472824
2011-01-21 08:00:00,979.1302576138546
2011-01-21 09:00:00,419.66724714371804
2011-01-21 10:00:00,163.47681891693048
2011-01-21 11:00:00,227.29055137367249
2011-01-21 12:00:00,248.45589499091693
2011-01-21 13:00:00,245.57745286807986
2011-01-21 14:00:00,219.798582480922
2011-01-21 15:00:00,198.62468587705345
2011-01-21 16:00:00,329.6931938388575
2011-01-21 17:00:00,570.569471080943
2011-01-21 18:00:00,405.6544560392407
2011-01-21 19:00:00,177.68611608336766
2011-01-21 20:00:00,78.92547145608896
2011-01-21 21:00:00,66.69196464022582
2011-01-21 22:00:00,45.743360711323106
2011-01-21 23:00:00,33.309141365822796
2011-01-22 00:00:00,22.3633682643108
2011-01-22 01:00:00,11.322281705639673
2011-01-22 02:00:00,11.834444534908636
2011-01-22 03:00:00,3.9063836484062304
2011-01-22 04:00:00,0.717595322214824
2011-01-22 06:00:00,1.2677280883255024
2011-01-22 07:00:00,6.077815596405171
2011-01-22 08:00:00,31.89882885528348
2011-01-22 09:00:00,110.11113370288342
2011-01-22 10:00:00,250.71128006250237
2011-01-22 11:00:00,420.3460374963579
2011-01-22 12:00:00,541.2489797145803
2011-01-22 13:00:00,817.6721923484574
2011-01-22 14:00:00,754.5320401281069
2011-01-22 15:00:00,739.1697731125491
2011-01-22 16:00:00,588.4913788231329
2011-01-22 17:00:00,512.879261099594
2011-01-22 18:00:00,199.42236695984505
2011-01-22 19:00:00,148.74261228094485
2011-01-22 20:00:00,76.8107171663769
2011-01-22 21:00:00,70.49920249488605
2011-01-22 22:00:00,54.52508440130445
2011-01-22 23:00:00,39.92281759850196
2011-01-23 00:00:00,26.34238131546195
2011-01-23 01:00:00,22.967472436354402
2011-01-23 02:00:00,18.24434011110262
2011-01-23 03:00:00,7.0117408055060455
2011-01-23 05:00:00,0.6981278261818505
2011-01-23 06:00:00,1.1369172092992772
2011-01-23 07:00:00,6.334387558698316
2011-01-23 08:00:00,32.07985843747475
2011-01-23 09:00:00,89.94523077627372
2011-01-23 10:00:00,207.24311609511273
2011-01-23 11:00:00,415.592611727714
2011-01-23 12:00:00,463.0026300852369
2011-01-23 13:00:00,455.35136722772233
2011-01-23 14:00:00,516.8506524483703
2011-01-23 15:00:00,496.1607202694985
2011-01-23 16:00:00,518.0362647144841
2011-01-23 17:00:00,285.5411730692199
2011-01-23 18:00:00,187.02418842884987
2011-01-23 19:00:00,106.32587005647541
2011-01-23 20:00:00,68.03659250092156
2011-01-23 21:00:00,50.635694045794416
2011-01-23 22:00:00,30.30999810501434
2011-01-23 23:00:00,12.273367266506012
2011-01-24 00:00:00,6.219543504847884
2011-01-24 01:00:00,1.7438086747859287
2011-01-24 03:00:00,0.577999820755123
2011-01-24 04:00:00,0.7390530509580931
2011-01-24 05:00:00,3.702876148415969
2011-01-24 06:00:00,25.55178007414391
2011-01-24 07:00:00,153.45924281381403
2011-01-24 08:00:00,686.8254500282616
2011-01-24 09:00:00,364.1825155357455
2011-01-24 10:00:00,138.1107453433143
2011-01-24 11:00:00,150.8520993591237
2011-01-24 12:00:00,159.08611707299065
2011-01-24 13:00:00,156.28070401131822
2011-01-24 14:00:00,135.9261627062432
2011-01-24 15:00:00,204.50461913419855
2011-01-24 16:00:00,285.0714129341792
2011-01-24 17:00:00,627.5770885729729
2011-01-24 18:00:00,537.7390677896834
2011-01-24 19:00:00,318.48138548306054
2011-01-24 20:00:00,139.00952441733446
2011-01-24 21:00:00,102.77708042942446
2011-01-24 22:00:00,43.39161678139135
2011-01-24 23:00:00,18.941954117972635
2011-01-25 00:00:00,6.143255119599574
2011-01-25 01:00:00,2.17579616357981
2011-01-25 02:00:00,1.2088438827435228
2011-01-25 04:00:00,1.0146668785862596
2011-01-25 05:00:00,4.2838353505435105
2011-01-25 06:00:00,39.56246205407021
2011-01-25 07:00:00,201.68413838134038
2011-01-25 08:00:00,804.5630642584026
2011-01-25 09:00:00,494.499796421359
2011-01-25 10:00:00,184.05809487636986
2011-01-25 11:00:00,259.4558668925256
2011-01-25 12:00:00,315.2680520786081
2011-01-25 13:00:00,333.0801428966382
2011-01-25 14:00:00,415.68726239363554
2011-01-25 15:00:00,469.3505375788846
2011-01-25 16:00:00,768.8947224278849
2011-01-25 17:00:00,2253.4074969092435
2011-01-25 18:00:00,1374.996813223143
2011-01-25 19:00:00,403.64369534573655
2011-01-25 20:00:00,250.7693727479364
2011-01-25 21:00:00,196.04857524913578
2011-01-25 22:00:00,89.62187314469621
2011-01-25 23:00:00,32.37099970847725
2011-01-26 00:00:00,11.793768756589332
2011-01-26 01:00:00,4.691026252258793
2011-01-26 02:00:00,2.043429057161348
2011-01-26 05:00:00,3.226848989468614
2011-01-26 06:00:00,12.990987203872947
2011-01-26 07:00:00,62.59294625637832
2011-01-26 08:00:00,293.7077362211869
2011-01-26 09:00:00,109.45803200312895
2011-01-26 10:00:00,32.30737946539505
2011-01-26 11:00:00,30.645937733598704
2011-01-26 12:00:00,41.199146243794736
2011-01-26 13:00:00,36.380591602151235
2011-01-26 14:00:00,27.68981460222765
2011-01-26 15:00:00,27.880806969761334
2011-01-26 16:00:00,62.06702427416097
2011-01-26 17:00:00,149.23656035479584
2011-01-27 16:00:00,401.26620117206005
2011-01-27 17:00:00,1027.172551749453
2011-01-27 18:00:00,700.5987929673322
2011-01-27 19:00:00,384.1392422025354
2011-01-27 20:00:00,189.4434295877651
2011-01-27 21:00:00,129.14655922100232
2011-01-27 22:00:00,84.11935843468007
2011-01-27 23:00:00,37.19936432305246
2011-01-28 00:00:00,14.10617281361825
2011-01-28 01:00:00,6.74075684141699
2011-01-28 02:00:00,3.3994262487144917
2011-01-28 03:00:00,1.5396104036695135
2011-01-28 05:00:00,6.235408219807983
2011-01-28 06:00:00,34.75756756265471
2011-01-28 07:00:00,169.28029655691097
2011-01-28 08:00:00,783.8314983287689
2011-01-28 09:00:00,212.17693295064538
2011-01-28 10:00:00,83.56275075459786
2011-01-28 11:00:00,74.21777166349355
2011-01-28 12:00:00,93.7106462416425
2011-01-28 13:00:00,91.97441878692185
2011-01-28 14:00:00,115.51233091673174
2011-01-28 15:00:00,228.42940083080018
2011-01-28 16:00:00,464.1931088944277
2011-01-28 17:00:00,1444.3456818156476
2011-01-28 18:00:00,880.5360829352283
2011-01-28 19:00:00,392.65174887173123
2011-01-28 20:00:00,215.74959205142102
2011-01-28 21:00:00,131.48534541428748
2011-01-28 22:00:00,137.80485657353876
2011-01-28 23:00:00,121.45383626438561
2011-01-29 00:00:00,42.7599445955854
2011-01-29 01:00:00,46.210769329166126
2011-01-29 02:00:00,38.36244411164634
2011-01-29 03:00:00,11.947616392431783
2011-01-29 04:00:00,1.7705837702836755
2011-01-29 06:00:00,3.135001621380715
2011-01-29 07:00:00,13.300196794710786
2011-01-29 08:00:00,79.1897865756402
2011-01-29 09:00:00,267.9848527298424
2011-01-29 10:00:00,492.43301733155215
2011-01-29 11:00:00,680.9756563653623
2011-01-29 12:00:00,870.5609025202477
2011-01-29 13:00:00,1065.3536918137388
2011-01-29 14:00:00,1085.8193044615678
2011-01-29 15:00:00,968.5294694065981
2011-01-29 16:00:00,1556.9085075594785
2011-01-29 17:00:00,1095.922582232281
2011-01-29 18:00:00,444.54906402813197
2011-01-29 19:00:00,186.18867431669645
2011-01-29 20:00:00,144.23496623585447
2011-01-29 21:00:00,113.68414224199176
2011-01-29 22:00:00,82.25162313296879
2011-01-29 23:00:00,62.538938684939566
2011-01-30 00:00:00,40.531920833990625
2011-01-30 01:00:00,33.760221077398484
2011-01-30 02:00:00,31.61457097927399
2011-01-30 03:00:00,8.591301032421748
2011-01-30 04:00:00,1.2354319535507166
2011-01-30 05:00:00,1.1308399122888158
2011-01-30 07:00:00,8.160862141335311
2011-01-30 08:00:00,34.09737266251143
2011-01-30 09:00:00,163.63114839501995
2011-01-30 10:00:00,413.6620749720128
2011-01-30 11:00:00,820.1412611224409
2011-01-30 12:00:00,2590.9011748031394
2011-01-30 13:00:00,2377.632295021775
2011-01-30 14:00:00,2446.6047308140837
2011-01-30 15:00:00,2589.013207183433
2011-01-30 16:00:00,2421.735028521109
2011-01-30 17:00:00,1424.2366527518236
2011-01-30 18:00:00,528.0348440885359
2011-01-30 19:00:00,278.018121135361
2011-01-30 20:00:00,180.5602470617567
2011-01-30 21:00:00,113.66048253553102
2011-01-30 22:00:00,74.99480209992393
2011-01-30 23:00:00,28.16200780105171
2011-01-31 00:00:00,15.482566634963117
2011-01-31 01:00:00,3.481118024539539
2011-01-31 02:00:00,2.387208405021828
2011-01-31 03:00:00,1.252665502980858
2011-01-31 04:00:00,1.4119793576106647
2011-01-31 05:00:00,5.352908308256293
2011-01-31 06:00:00,30.457550559213978
2011-01-31 07:00:00,175.22948678816752
2011-01-31 08:00:00,779.5759035277887
2011-01-31 09:00:00,351.46976267244906
2011-01-31 10:00:00,143.20341421599434
2011-01-31 11:00:00,160.92961856878995
2011-01-31 12:00:00,276.29504333656325
2011-01-31 13:00:00,257.6461108711887
2011-01-31 14:00:00,216.91107001008143
2011-01-31 15:00:00,213.58588130935792
2011-01-31 16:00:00,281.6765383861543
2011-01-31 17:00:00,770.0320148259807
2011-01-31 18:00:00,512.934774726637
2011-01-31 19:00:00,1012.3877632593683
2011-01-31 20:00:00,132.91849949528094
2011-01-31 21:00:00,92.57450389171237
2011-01-31 22:00:00,59.93686605131671
2011-01-31 23:00:00,21.52792389149659
2011-02-20 00:00:00,50.162010900910694
2011-02-20 01:00:00,30.76185285634985
2011-02-20 02:00:00,26.635265943196984
2011-02-20 03:00:00,7.111068300752432
2011-02-20 04:00:00,1.0621763213140727
2011-02-20 06:00:00,1.5586870605002112
2011-02-20 07:00:00,7.254026590764304
2011-02-20 08:00:00,58.77062620106081
2011-02-20 09:00:00,174.6102159430983
2011-02-20 10:00:00,587.8086583284874
2011-02-20 11:00:00,1761.6888117708734
2011-02-20 12:00:00,2938.6427075011993
2011-02-20 13:00:00,4073.3385137326677
2011-02-20 14:00:00,4193.992885423387
2011-02-20 15:00:00,4139.29286235646
2011-02-20 16:00:00,3972.8250241744827
2011-02-20 17:00:00,2470.5904322236133
2011-02-20 18:00:00,1279.9109352866908
2011-02-20 19:00:00,777.3065928889037
2011-02-20 20:00:00,427.22678330426294
2011-02-20 21:00:00,242.18328863085927
2011-02-20 22:00:00,159.96569868492054
2011-02-20 23:00:00,70.12615860123594
2011-02-21 00:00:00,124.52592537218551
2011-02-21 01:00:00,39.44338056575496
2011-02-21 02:00:00,29.113727197302897
2011-02-21 03:00:00,8.130778752823513
2011-02-21 04:00:00,2.723999132847485
2011-02-21 05:00:00,2.416548774574993
2011-02-21 06:00:00,14.964387861447623
2011-02-21 07:00:00,88.66805599928836
2011-02-21 08:00:00,227.60301834094142
2011-02-21 09:00:00,518.5648851516022
2011-02-21 10:00:00,1045.6132703569738
2011-02-21 11:00:00,1914.610634726268
2011-02-21 12:00:00,2063.1165494945662
2011-02-21 13:00:00,432.346701476889
2011-02-21 14:00:00,1739.4364156798247
2011-02-21 15:00:00,1016.3077528542447
2011-02-21 16:00:00,509.146529200102
2011-02-21 17:00:00,739.1792892617277
2011-02-21 18:00:00,269.36265547530706
2011-02-21 19:00:00,181.0651453115571
2011-02-21 20:00:00,64.25537840130546
2011-02-21 21:00:00,28.702018500456898
2011-02-21 22:00:00,22.305091690559472
2011-02-21 23:00:00,8.741265088547399
2011-02-22 06:00:00,16.841232954531907
2011-02-22 07:00:00,93.9158657230537
2011-02-22 08:00:00,478.3304957246064
2011-02-22 09:00:00,239.9367315765355
2011-02-22 10:00:00,159.0886102609628
2011-02-22 11:00:00,189.61416363018984
2011-02-22 12:00:00,303.91537436190674
2011-02-22 13:00:00,307.58450064963694
2011-02-22 14:00:00,240.7586281332733
2011-02-22 15:00:00,312.47620857281737
2011-02-22 16:00:00,404.3713920821539
2011-02-22 17:00:00,895.1633506295391
2011-02-22 18:00:00,771.352993584371
2011-02-22 19:00:00,261.6738800274515
2011-02-22 20:00:00,158.24852680488945
2011-02-22 21:00:00,112.97329826892503
2011-02-22 22:00:00,54.48691191908324
2011-02-22 23:00:00,23.609994000679066
2011-02-23 00:00:00,6.359793287440009
2011-02-23 01:00:00,2.332088251609792
2011-02-23 02:00:00,1.1644651425550636
2011-02-23 03:00:00,0.7920098208445577
2011-02-23 05:00:00,4.226713303268731
2011-02-23 06:00:00,31.670362072383693
2011-02-23 07:00:00,176.70386200880483
2011-02-23 08:00:00,850.0031011911434
2011-02-23 09:00:00,408.4685634664626
2011-02-23 10:00:00,166.7889231069561
2011-02-23 11:00:00,277.0789386496053
2011-02-23 12:00:00,360.04964023712137
2011-02-23 13:00:00,517.103280569525
2011-02-23 14:00:00,520.6037490411861
2011-02-23 15:00:00,670.7238499497361
2011-02-23 16:00:00,959.0911368776896
2011-02-23 17:00:00,2670.080999149901
2011-02-23 18:00:00,1789.4282399092363
2011-02-23 19:00:00,717.5504643785108
2011-02-23 20:00:00,259.6040879188328
2011-02-23 21:00:00,146.73788123525622
2011-02-23 22:00:00,93.58602231466465
2011-02-23 23:00:00,36.491886805725116
2011-02-24 00:00:00,12.149014423501567
2011-02-24 01:00:00,4.278150422504663
2011-02-24 02:00:00,2.5701594011778814
2011-02-24 03:00:00,1.393404074953426
2011-02-24 05:00:00,7.8330236075067
2011-02-24 06:00:00,45.13618100302217
2011-02-24 07:00:00,271.38119706554943
2011-02-24 08:00:00,1509.1715703876032
2011-02-24 09:00:00,414.76885916614424
2011-02-24 10:00:00,177.57546626385772
2011-02-24 11:00:00,331.3611886756858
2011-02-24 12:00:00,621.4892252128227
2011-02-24 13:00:00,639.5313632816295
2011-02-24 14:00:00,597.9308754881149
2011-02-24 15:00:00,236.73245543617824
2011-02-24 16:00:00,412.0811559594772
2011-02-24 17:00:00,1117.1309037707456
2011-02-24 18:00:00,769.9531105928703
2011-02-24 19:00:00,100.753499745315
2011-02-24 20:00:00,196.31948798900845
2011-02-24 21:00:00,169.09257066582396
2011-02-24 22:00:00,38.32365089562663
2011-02-24 23:00:00,46.53979772188416
2011-02-25 00:00:00,6.875968652832919
2011-02-25 01:00:00,6.666310239745697
2011-02-25 02:00:00,2.9058806404786237
2011-02-25 03:00:00,1.8389531643895014
2011-02-25 05:00:00,6.205644483344049
2011-02-25 06:00:00,17.39186104883693
2011-02-25 07:00:00,93.82300228027674
2011-02-25 08:00:00,572.6622551880146
2011-02-25 09:00:00,166.22066354388417
2011-02-25 10:00:00,89.78612992391376
2011-02-25 11:00:00,1743.9135122869534
2011-02-25 12:00:00,1433.73763239392
2011-02-25 13:00:00,1300.3340381989979
2011-02-25 14:00:00,830.7539733309098
2011-02-25 15:00:00,2049.3743123014256
2011-02-25 16:00:00,937.1653818325126
2011-02-25 17:00:00,1658.4531535270642
2011-02-25 18:00:00,1307.2508806507224
2011-02-25 19:00:00,550.8965392433395
2011-02-25 20:00:00,247.86051566259133
2011-02-25 21:00:00,215.46478596525307
2011-02-25 22:00:00,126.03732199271687
2011-02-25 23:00:00,107.9246118540747
2011-02-26 00:00:00,73.71519144798336
2011-02-26 01:00:00,42.08793401261483
2011-02-26 02:00:00,24.20920848123191
2011-02-26 03:00:00,12.579823881735004
2011-02-26 04:00:00,1.709354421284113
2011-02-26 05:00:00,1.1785898853757917
2011-02-26 06:00:00,4.1845310646251335
2011-02-26 07:00:00,17.40890128017684
2011-02-26 08:00:00,123.31149498860844
2011-02-26 09:00:00,351.24156993181975
2011-02-26 10:00:00,1279.4629544393895
2011-02-26 11:00:00,2454.4891664148927
2011-02-26 12:00:00,2966.7373327049804
2011-02-26 13:00:00,3428.5967156936144
2011-02-26 14:00:00,3332.1735156023674
2011-02-26 15:00:00,3707.194937608144
2011-02-26 16:00:00,3467.3875019398074
2011-02-26 17:00:00,2662.674042075255
2011-02-26 18:00:00,1447.9084139903716
2011-02-26 19:00:00,723.8777667948792
2011-02-26 20:00:00,471.05885219212985
2011-02-26 21:00:00,245.53535828482677
2011-02-26 22:00:00,189.74956863740357
2011-02-26 23:00:00,122.89769757194661
2011-02-27 00:00:00,51.65060729887735
2011-02-27 01:00:00,46.58488241595412
2011-02-27 02:00:00,48.84794927159806
2011-02-27 03:00:00,16.114433258836296
2011-02-27 04:00:00,2.3604799933230667
2011-02-27 06:00:00,3.0684411607733617
2011-02-27 07:00:00,16.987626415454397
2011-02-27 08:00:00,93.69240765068244
2011-02-27 09:00:00,492.147683995297
2011-02-27 10:00:00,1313.325913946483
2011-02-27 11:00:00,3292.1680060126373
2011-02-27 12:00:00,4947.635756169321
2011-02-27 13:00:00,5793.2216479133285
2011-02-27 14:00:00,5625.669389854381
2011-02-27 15:00:00,8721.428041271352
2011-02-27 16:00:00,9491.27729411086
2011-02-27 17:00:00,3709.855984161713
2011-02-27 18:00:00,1701.3399045075505
2011-02-27 19:00:00,1254.785835478656
2011-02-27 20:00:00,772.3502583300469
2011-02-27 21:00:00,495.4951534030392
2011-02-27 22:00:00,287.34028463195506
2011-02-27 23:00:00,101.40839768192582
2011-02-28 00:00:00,31.820298884093816
2011-02-28 01:00:00,1.8326023785708976
2011-02-28 03:00:00,0.6925487298111144
2011-02-28 05:00:00,5.073637144434766
2011-02-28 06:00:00,42.94149672151613
2011-02-28 07:00:00,413.5961175259782
2011-02-28 08:00:00,1114.983433554852
2011-02-28 09:00:00,1101.2211439769208
2011-02-28 10:00:00,952.0078496996398
2011-02-28 11:00:00,1538.0468958683246
2011-02-28 12:00:00,2290.752538115577
2011-02-28 13:00:00,186.2216584795617
2011-02-28 14:00:00,62.316726895025965
2011-02-28 15:00:00,73.88678236645525
2011-02-28 16:00:00,193.71564590392137
2011-02-28 17:00:00,322.70346241233165
2011-02-28 18:00:00,802.9397153000942
2011-02-28 19:00:00,195.6211747289258
2011-02-28 20:00:00,110.70618114636437
2011-02-28 21:00:00,192.4289867193625
2011-02-28 22:00:00,27.232019505203898
2011-02-28 23:00:00,32.86650027556177
2011-03-20 00:00:00,144.5374813703492
2011-03-20 01:00:00,62.37417783451489
2011-03-20 02:00:00,54.50607705175567
2011-03-20 03:00:00,19.226877800259036
2011-03-20 04:00:00,2.1299949495715027
2011-03-20 05:00:00,1.3141979796407346
2011-03-20 06:00:00,3.1898537075594002
2011-03-20 07:00:00,14.254509221226224
2011-03-20 08:00:00,133.49011592652442
2011-03-20 09:00:00,573.267096113959
2011-03-20 10:00:00,1225.7863490397253
2011-03-20 11:00:00,2845.1055871282665
2011-03-20 12:00:00,4296.684579389544
2011-03-20 13:00:00,4846.145189614624
2011-03-20 14:00:00,4857.208789234806
2011-03-20 15:00:00,5049.297375538098
2011-03-20 16:00:00,5781.375697212257
2011-03-20 17:00:00,2913.3271545979596
2011-03-20 18:00:00,1405.8283298347149
2011-03-20 19:00:00,830.1335551498469
2011-03-20 20:00:00,510.02620265239216
2011-03-20 21:00:00,265.6705732753915
2011-03-20 22:00:00,175.92183634413456
2011-03-20 23:00:00,31.939048330097634
2011-03-21 00:00:00,26.122258008964085
2011-03-21 01:00:00,8.536240896207898
2011-03-21 02:00:00,4.4848718777618926
2011-03-21 03:00:00,2.1403571681806937
2011-03-21 05:00:00,10.251644220601674
2011-03-21 06:00:00,76.43841586298103
2011-03-21 07:00:00,214.76143663812297
2011-03-21 08:00:00,1906.8816228532735
2011-03-21 09:00:00,1336.323438561393
2011-03-21 10:00:00,867.5874168817189
2011-03-21 11:00:00,1328.141272725462
2011-03-21 12:00:00,2243.6918892664085
2011-03-21 13:00:00,3460.106617956887
2011-03-21 14:00:00,3759.2111904181793
2011-03-21 15:00:00,4646.583811166778
2011-03-21 16:00:00,7279.060700233573
2011-03-21 17:00:00,21431.62399052527
2011-03-21 18:00:00,13270.368159975389
2011-03-21 19:00:00,14270.37730091693
2011-03-21 20:00:00,7197.580055667419
2011-03-21 21:00:00,1212.579532483785
2011-03-21 22:00:00,913.131098977736
2011-03-21 23:00:00,469.58712653889074
2011-03-22 00:00:00,101.76543424204333
2011-03-22 01:00:00,7.90201362256411
2011-03-22 02:00:00,5.418258236321332
2011-03-22 03:00:00,3.2215481751570696
2011-03-22 04:00:00,2.934868944785444
2011-03-22 05:00:00,11.866746352761416
2011-03-22 06:00:00,154.87652061891413
2011-03-22 07:00:00,1812.7899381938892
2011-03-22 08:00:00,5183.226069005959
2011-03-22 09:00:00,1854.6666990927808
2011-03-22 10:00:00,1159.7883153001424
2011-03-22 11:00:00,1520.9317912949423
2011-03-22 12:00:00,3358.9105542013845
2011-03-22 13:00:00,3796.904271960538
2011-03-22 14:00:00,3164.7397354554446
2011-03-22 15:00:00,3716.006608350487
2011-03-22 16:00:00,7423.113582449998
2011-03-22 17:00:00,21482.928512822993
2011-03-22 18:00:00,16194.983137366622
2011-03-22 19:00:00,3709.1654944136612
2011-03-22 20:00:00,1679.9897660728097
2011-03-22 21:00:00,1183.6715443366359
2011-03-22 22:00:00,636.1195483804484
2011-03-22 23:00:00,264.7503875950713
2011-03-23 00:00:00,22.8685136823397
2011-03-23 01:00:00,6.815576054034675
2011-03-23 02:00:00,4.14677046448498
2011-03-23 03:00:00,2.559791218634873
2011-03-23 05:00:00,4.330085063389059
2011-03-23 06:00:00,116.36380881292834
2011-03-23 07:00:00,605.1295713409216
2011-03-23 08:00:00,2595.3992624685884
2011-03-23 09:00:00,1292.6165662988456
2011-03-23 10:00:00,483.118986209034
2011-03-23 11:00:00,493.75600164508415
2011-03-23 12:00:00,606.3152328300365
2011-03-23 13:00:00,196.84145038488623
2011-03-23 14:00:00,807.8182676153232
2011-03-23 15:00:00,1101.946595445322
2011-03-23 16:00:00,2163.6219833870587
2011-03-23 17:00:00,5688.887312379938
2011-03-23 18:00:00,1127.681239529776
2011-03-23 19:00:00,582.4851450976315
2011-03-23 20:00:00,76.79264728764034
2011-03-23 21:00:00,45.75758008117877
2011-03-23 22:00:00,216.54168013912079
2011-03-23 23:00:00,35.02109725822007
2011-03-24 00:00:00,24.16215408243102
2011-03-24 01:00:00,5.113418762204661
2011-03-24 02:00:00,2.75274746829432
2011-03-24 03:00:00,1.7503423996108267
2011-03-24 04:00:00,1.1836519733417101
2011-03-24 05:00:00,7.919087621456301
2011-03-24 06:00:00,84.44668747942141
2011-03-24 07:00:00,134.19030747566353
2011-03-24 08:00:00,560.8324521164443
2011-03-24 09:00:00,607.8842134056462
2011-03-24 10:00:00,215.2915495241905
2011-03-24 11:00:00,465.8474778598528
2011-03-24 12:00:00,698.226854125768
2011-03-24 13:00:00,780.0361826579403
2011-03-24 14:00:00,810.1829010054229
2011-03-24 15:00:00,721.9336998195993
2011-03-24 16:00:00,1217.143937346916
2011-03-24 17:00:00,2904.6665927459067
2011-03-24 18:00:00,2277.6404916278552
2011-03-24 19:00:00,1201.4667877617671
2011-03-24 20:00:00,650.1991585348447
2011-03-24 21:00:00,354.9817680166879
2011-03-24 22:00:00,251.89000462142815
2011-03-24 23:00:00,113.68171411398781
2011-03-25 00:00:00,51.09514058288141
2011-03-25 01:00:00,14.949272609450004
2011-03-25 02:00:00,6.695744671550021
2011-03-25 03:00:00,3.5324691965580133
2011-03-25 04:00:00,2.0443108252090676
2011-03-25 05:00:00,12.581002545218318
2011-03-25 06:00:00,83.43345436758712
2011-03-25 07:00:00,408.36302418906774
2011-03-25 08:00:00,1912.5399003166547
2011-03-25 09:00:00,1242.8959188477058
2011-03-25 10:00:00,652.186575434799
2011-03-25 11:00:00,1158.8756469499517
2011-03-25 12:00:00,1838.739087478407
2011-03-25 13:00:00,1989.5401654272664
2011-03-25 14:00:00,2307.123456428605
2011-03-25 15:00:00,1913.6633956896108
2011-03-25 16:00:00,2692.2778147776307
2011-03-25 17:00:00,4253.5676398044125
2011-03-25 18:00:00,3197.043709559856
2011-03-25 19:00:00,1384.014440347262
2011-03-25 20:00:00,782.0500069255489
2011-03-25 21:00:00,603.5136634268072
2011-03-25 22:00:00,377.7937846155874
2011-03-25 23:00:00,187.00744415035453
2011-03-26 00:00:00,130.02468649536817
2011-03-26 01:00:00,94.33228798043298
2011-03-26 02:00:00,42.5476816564158
2011-03-26 03:00:00,16.128019480382363
2011-03-26 04:00:00,3.3388556950201984
2011-03-26 05:00:00,2.4502712924310575
2011-03-26 06:00:00,9.310810219223518
2011-03-26 07:00:00,27.980303024291793
2011-03-26 08:00:00,193.05595102061682
2011-03-26 09:00:00,754.3212110163363
2011-03-26 10:00:00,1655.114703240604
2011-03-26 11:00:00,3703.225471678662
2011-03-26 12:00:00,5001.711585854729
2011-03-26 13:00:00,6808.808064153541
2011-03-26 14:00:00,7724.082895263545
2011-03-26 15:00:00,7704.079241430731
2011-03-26 16:00:00,6786.667201048503
2011-03-26 17:00:00,3971.8334331484134
2011-03-26 18:00:00,2284.538551831194
2011-03-26 19:00:00,769.8615174693376
2011-03-26 20:00:00,464.2271469490009
2011-03-26 21:00:00,242.64065466893237
2011-03-26 22:00:00,289.944985062453
2011-03-26 23:00:00,143.05173596318323
2011-03-27 00:00:00,125.48845691956485
2011-03-27 01:00:00,78.10671517349262
2011-03-27 02:00:00,54.77305667605254
2011-03-27 03:00:00,19.207841119829546
2011-03-27 04:00:00,4.309933567032377
2011-03-27 06:00:00,3.5734040738645927
2011-03-27 07:00:00,11.442183807750327
2011-03-27 08:00:00,107.86908199298298
2011-03-27 09:00:00,485.58775517742527
2011-03-27 10:00:00,745.4839632770883
2011-03-27 11:00:00,1717.4405417499652
2011-03-27 12:00:00,2147.4582603342315
2011-03-27 13:00:00,4110.663350272076
2011-03-27 14:00:00,6034.528121906871
2011-03-27 15:00:00,5183.813031932259
2011-03-27 16:00:00,6900.32141340451
2011-03-27 17:00:00,3770.143353077531
2011-03-27 18:00:00,1745.63703464311
2011-03-27 19:00:00,1012.1446849999103
2011-03-27 20:00:00,606.5954795398779
2011-03-27 21:00:00,281.62313212324136
2011-03-27 22:00:00,193.3997545028269
2011-03-27 23:00:00,75.46632815120108
2011-03-28 00:00:00,26.495876100491945
2011-03-28 01:00:00,6.407798538726175
2011-03-28 02:00:00,4.185336878299068
2011-03-28 03:00:00,2.2413893324020444
2011-03-28 05:00:00,8.501992147889958
2011-03-28 06:00:00,77.58477566068659
2011-03-28 07:00:00,483.1427834164494
2011-03-28 08:00:00,1847.9239125616098
2011-03-28 09:00:00,804.2238164412187
2011-03-28 10:00:00,573.1830230673929
2011-03-28 11:00:00,506.75939689711436
2011-03-28 12:00:00,662.76727824945
2011-03-28 13:00:00,921.0044101911624
2011-03-28 14:00:00,1037.0768590419766
2011-03-28 15:00:00,1062.2229707294243
2011-03-28 16:00:00,2057.64430573098
2011-03-28 17:00:00,5562.680116501903
2011-03-28 18:00:00,3460.2445112973724
2011-03-28 19:00:00,1896.2944767054669
2011-03-28 20:00:00,1039.35492039518
2011-03-28 21:00:00,694.6134753120915
2011-03-28 22:00:00,275.1406461006533
2011-03-28 23:00:00,98.44808760741796
2011-03-29 00:00:00,29.303654213522357
2011-03-29 01:00:00,5.174682244579608
2011-03-29 02:00:00,2.687014971017197
2011-03-29 03:00:00,1.7580102397370958
2011-03-29 04:00:00,1.7899807784839676
2011-03-29 05:00:00,8.813287225336968
2011-03-29 06:00:00,72.71446609587436
2011-03-29 07:00:00,373.8527706964934
2011-03-29 08:00:00,2006.9956310625219
2011-03-29 09:00:00,1200.419254305908
2011-03-29 10:00:00,655.2119568443302
2011-03-29 11:00:00,743.7665652935223
2011-03-29 12:00:00,1463.9958394384075
2011-03-29 13:00:00,1278.0667527357587
2011-03-29 14:00:00,1293.3499774760987
2011-03-29 15:00:00,1813.296876279506
2011-03-29 16:00:00,3263.870181876338
2011-03-29 17:00:00,9699.614339366717
2011-03-29 18:00:00,5763.256289825916
2011-03-29 19:00:00,2016.726952013319
2011-03-29 20:00:00,1557.869490340273
2011-03-29 21:00:00,873.6562764401933
2011-03-29 22:00:00,470.45545009556525
2011-03-29 23:00:00,133.936289684767
2011-03-30 00:00:00,54.97934960136996
2011-03-30 01:00:00,14.323896811310515
2011-03-30 02:00:00,4.6786362843688005
2011-03-30 03:00:00,2.8858863591893176
2011-03-30 04:00:00,2.503839211374237
2011-03-30 05:00:00,10.94896984003497
2011-03-30 06:00:00,147.49558936202536
2011-03-30 07:00:00,1109.914252705626
2011-03-30 08:00:00,3935.175304814046
2011-03-30 09:00:00,1520.9452428651857
2011-03-30 10:00:00,707.6624213853637
2011-03-30 11:00:00,789.1882649004376
2011-03-30 12:00:00,1247.068236537119
2011-03-30 13:00:00,1365.7202560054197
2011-03-30 14:00:00,970.9511453711959
2011-03-30 15:00:00,211.3072993630693
2011-03-30 16:00:00,265.8063714888004
2011-03-30 17:00:00,557.7598854252606
2011-03-30 18:00:00,887.6732768573598
2011-03-30 19:00:00,439.7319767443981
2011-03-30 20:00:00,99.98489387520239
2011-03-30 21:00:00,187.08917674815385
2011-03-30 22:00:00,60.72295050079206
2011-03-30 23:00:00,25.725066346163032
2011-03-31 00:00:00,10.768434242842888
2011-03-31 01:00:00,5.2777308178741995
2011-03-31 02:00:00,3.8264869350536
2011-03-31 03:00:00,1.4105863737314264
2011-03-31 04:00:00,1.6069173022428995
2011-03-31 05:00:00,6.843147828269605
2011-03-31 06:00:00,37.12905487545445
2011-03-31 07:00:00,250.14636099999203
2011-03-31 08:00:00,1207.3271956110125
2011-03-31 09:00:00,267.7268559540544
2011-03-31 10:00:00,102.0315043652766
2011-03-31 11:00:00,140.8248967431319
2011-03-31 12:00:00,194.84335652119563
2011-03-31 13:00:00,257.8332430284142
2011-03-31 14:00:00,200.66793493287244
2011-03-31 15:00:00,169.5487363642171
2011-03-31 16:00:00,965.2854224689522
2011-03-31 17:00:00,2395.239113639045
2011-03-31 18:00:00,2237.8966493061853
2011-03-31 19:00:00,1191.8233735612348
2011-03-31 20:00:00,146.8321047426488
2011-03-31 21:00:00,332.96500274684416
2011-03-31 22:00:00,82.05647237257323
2011-03-31 23:00:00,30.367841587509044
2011-04-20 00:00:00,90.08494387205236
2011-04-20 01:00:00,11.413583962450536
2011-04-20 02:00:00,5.818127323312554
2011-04-20 03:00:00,3.2224150215387657
2011-04-20 04:00:00,1.8564908954272998
2011-04-20 05:00:00,10.59085622639027
2011-04-20 06:00:00,221.64091812940234
2011-04-20 07:00:00,1778.526383911725
2011-04-20 08:00:00,10613.313152226398
2011-04-20 09:00:00,6387.080080755973
2011-04-20 10:00:00,2988.528548776619
2011-04-20 11:00:00,3495.8444898288017
2011-04-20 12:00:00,5953.454573637862
2011-04-20 13:00:00,5279.512544205093
2011-04-20 14:00:00,4386.111736379444
2011-04-20 15:00:00,6102.09765117916
2011-04-20 16:00:00,10383.490059432515
2011-04-20 17:00:00,29097.40422925351
2011-04-20 18:00:00,27620.764435315185
2011-04-20 19:00:00,17102.135555266206
2011-04-20 20:00:00,9998.767072079709
2011-04-20 21:00:00,5868.192111839736
2011-04-20 22:00:00,3014.150416203476
2011-04-20 23:00:00,1105.2368108565327
2011-04-21 00:00:00,233.537998014104
2011-04-21 01:00:00,38.48805203623316
2011-04-21 02:00:00,14.06725698166477
2011-04-21 03:00:00,3.7670515670931093
2011-04-21 04:00:00,2.5343180156728446
2011-04-21 05:00:00,17.894869933444266
2011-04-21 06:00:00,185.23091098620813
2011-04-21 07:00:00,1892.4468112815398
2011-04-21 08:00:00,4869.796750982267
2011-04-21 09:00:00,2501.2900270356436
2011-04-21 10:00:00,1350.1496868774243
2011-04-21 11:00:00,2001.3778766053795
2011-04-21 12:00:00,4921.782878181333
2011-04-21 13:00:00,4380.774325041728
2011-04-21 14:00:00,3760.7570575211953
2011-04-21 15:00:00,4385.295718660542
2011-04-21 16:00:00,7875.5949912973565
2011-04-21 17:00:00,23469.129230691193
2011-04-21 18:00:00,14393.326004681929
2011-04-21 19:00:00,7309.661675636435
2011-04-21 20:00:00,3318.100774863149
2011-04-21 21:00:00,1725.85918056699
2011-04-21 22:00:00,1362.5605155745482
2011-04-21 23:00:00,492.9082536639368
2011-04-22 00:00:00,131.92598622335933
2011-04-22 01:00:00,37.58085694200482
2011-04-22 02:00:00,14.07827795087371
2011-04-22 03:00:00,5.296415441616887
2011-04-22 04:00:00,3.264601408004885
2011-04-22 05:00:00,17.84748600092267
2011-04-22 06:00:00,196.9050432619447
2011-04-22 07:00:00,1294.1498625242825
2011-04-22 08:00:00,4897.924028345856
2011-04-22 09:00:00,933.3998071237211
2011-04-22 10:00:00,1550.8637824692742
2011-04-22 11:00:00,479.23325996402366
2011-04-22 12:00:00,891.4367202045321
2011-04-22 13:00:00,344.84479952918616
2011-04-22 14:00:00,255.74287811251872
2011-04-22 15:00:00,347.59060176629293
2011-04-22 16:00:00,643.3076004696743
2011-04-22 17:00:00,798.9711575484312
2011-04-22 18:00:00,502.40250854976546
2011-04-22 19:00:00,237.7170369276042
2011-04-22 20:00:00,168.29659472073504
2011-04-22 21:00:00,126.9122656919707
2011-04-22 22:00:00,95.52543202157216
2011-04-22 23:00:00,95.22434257271516
2011-04-23 00:00:00,146.3894911089604
2011-04-23 01:00:00,100.89124242043862
2011-04-23 02:00:00,46.11021020921581
2011-04-23 03:00:00,15.917475325933156
2011-04-23 04:00:00,3.125350446850712
2011-04-23 05:00:00,2.896808127661779
2011-04-23 06:00:00,16.470694294918083
2011-04-23 07:00:00,26.054443629797184
2011-04-23 08:00:00,263.35859443768214
2011-04-23 09:00:00,778.8136550281744
2011-04-23 10:00:00,3206.7371484200817
2011-04-23 11:00:00,7550.840048833927
2011-04-23 12:00:00,17280.2199959759
2011-04-23 13:00:00,16679.322309948806
2011-04-23 14:00:00,23668.29738791824
2011-04-23 15:00:00,28691.465973123006
2011-04-23 16:00:00,27560.6269475725
2011-04-23 17:00:00,22253.101986683254
2011-04-23 18:00:00,16932.427419850123
2011-04-23 19:00:00,9037.251657838586
2011-04-23 20:00:00,3609.7968419552326
2011-04-23 21:00:00,2760.539313332839
2011-04-23 22:00:00,2780.102569619984
2011-04-23 23:00:00,1524.0905362700282
2011-04-24 00:00:00,1092.222988437999
2011-04-24 01:00:00,507.6163195324885
2011-04-24 02:00:00,312.38554378316405
2011-04-24 03:00:00,101.74706915057365
2011-04-24 04:00:00,10.22644298044402
2011-04-24 05:00:00,9.22660761837756
2011-04-24 06:00:00,24.078237837926057
2011-04-24 07:00:00,99.44845140986551
2011-04-24 08:00:00,884.7141579027218
2011-04-24 09:00:00,4034.274964521987
2011-04-24 10:00:00,17343.483515532625
2011-04-24 11:00:00,26120.995699823066
2011-04-24 12:00:00,37808.53806017889
2011-04-24 13:00:00,37249.029183220395
2011-04-24 14:00:00,33600.35306463727
2011-04-24 15:00:00,35830.3108224834
2011-04-24 16:00:00,28773.01398321449
2011-04-24 17:00:00,26677.57000877396
2011-04-24 18:00:00,19123.81569991543
2011-04-24 19:00:00,3413.2087234784813
2011-04-24 20:00:00,2180.2088632604664
2011-04-24 21:00:00,817.3322659425867
2011-04-24 22:00:00,409.127329156081
2011-04-24 23:00:00,191.9333183740853
2011-04-25 00:00:00,40.58933690953914
2011-04-25 01:00:00,17.159472838558592
2011-04-25 02:00:00,7.291980569057485
2011-04-25 03:00:00,2.808719068739283
2011-04-25 04:00:00,3.2195132680479013
2011-04-25 05:00:00,11.722109790421877
2011-04-25 06:00:00,224.67739965570772
2011-04-25 07:00:00,1944.5518359322243
2011-04-25 08:00:00,10106.796410147517
2011-04-25 09:00:00,6076.061333415935
2011-04-25 10:00:00,3696.795018656153
2011-04-25 11:00:00,4669.274511779569
2011-04-25 12:00:00,7032.207603317899
2011-04-25 13:00:00,6691.9289288316695
2011-04-25 14:00:00,5826.897031659469
2011-04-25 15:00:00,6499.1657158448825
2011-04-25 16:00:00,11203.374508700943
2011-04-25 17:00:00,33583.68275407636
2011-04-25 18:00:00,30085.241282410574
2011-04-25 19:00:00,18029.92907530911
2011-04-25 20:00:00,10500.751780906296
2011-04-25 21:00:00,4928.879145561775
2011-04-25 22:00:00,2315.8278245486936
2011-04-25 23:00:00,666.5887259775438
2011-04-26 00:00:00,224.94992885740913
2011-04-26 01:00:00,33.08696154855232
2011-04-26 02:00:00,6.999816861112636
2011-04-26 03:00:00,3.390403943911404
2011-04-26 04:00:00,4.947594179199212
2011-04-26 05:00:00,22.834146853869537
2011-04-26 06:00:00,457.0931776541546
2011-04-26 07:00:00,3615.3332145428053
2011-04-26 08:00:00,8373.344983096707
2011-04-26 09:00:00,4985.926872478574
2011-04-26 10:00:00,3015.340484522674
2011-04-26 11:00:00,3561.372312983255
2011-04-26 12:00:00,5780.129770868364
2011-04-26 13:00:00,4941.459472673757
2011-04-26 14:00:00,4895.278743682657
2011-04-26 15:00:00,5404.823779908585
2011-04-26 16:00:00,10447.260582414423
2011-04-26 17:00:00,31212.149366727528
2011-04-26 18:00:00,23287.835479057267
2011-04-26 19:00:00,12071.023615260947
2011-04-26 20:00:00,6737.636141877546
2011-04-26 21:00:00,3814.5560297828206
2011-04-26 22:00:00,1653.1458470018101
2011-04-26 23:00:00,645.8085745252499
2011-04-27 00:00:00,187.60031581058288
2011-04-27 01:00:00,34.63867618724647
2011-04-27 02:00:00,8.057475707508363
2011-04-27 03:00:00,3.278546533793755
2011-04-27 04:00:00,3.5381822582550426
2011-04-27 05:00:00,16.93270773391854
2011-04-27 06:00:00,369.20517761328756
2011-04-27 07:00:00,2643.8843928373817
2011-04-27 08:00:00,6453.47249516155
2011-04-27 09:00:00,2237.9659236454045
2011-04-27 10:00:00,1853.5127861404617
2011-04-27 11:00:00,2806.8095582323554
2011-04-27 12:00:00,4306.1147234528335
2011-04-27 13:00:00,3441.466749130256
2011-04-27 14:00:00,4392.512507440821
2011-04-27 15:00:00,4481.99444031439
2011-04-27 16:00:00,8200.858500260138
2011-04-27 17:00:00,7246.459681461962
2011-04-27 18:00:00,6721.767901185163
2011-04-27 19:00:00,10615.839643193309
2011-04-27 20:00:00,4936.381557433011
2011-04-27 21:00:00,2549.6182199671334
2011-04-27 22:00:00,1290.249052753022
2011-04-27 23:00:00,513.1868487834735
2011-04-28 00:00:00,214.2871979361041
2011-04-28 01:00:00,26.630178865851242
2011-04-28 02:00:00,6.002137725166355
2011-04-28 03:00:00,4.028215848451706
2011-04-28 04:00:00,3.7057433570538136
2011-04-28 05:00:00,24.497035748766372
2011-04-28 06:00:00,444.1919967684289
2011-04-28 07:00:00,3233.3432526860934
2011-04-28 08:00:00,7736.967178133356
2011-04-28 09:00:00,1139.0988018025091
2011-04-28 10:00:00,1327.8117575791082
2011-04-28 11:00:00,2138.2528599905518
2011-04-28 12:00:00,4368.100288491559
2011-04-28 13:00:00,2726.2665272266604
2011-04-28 14:00:00,3199.676317148423
2011-04-28 15:00:00,4936.406040970025
2011-04-28 16:00:00,8907.88824588952
2011-04-28 17:00:00,26056.603814861806
2011-04-28 18:00:00,23184.761054189337
2011-04-28 19:00:00,14256.491153839519
2011-04-28 20:00:00,7434.47621060835
2011-04-28 21:00:00,5020.932327262035
2011-04-28 22:00:00,3083.8779575566473
2011-04-28 23:00:00,1256.0602508566478
2011-04-29 00:00:00,383.3833664992895
2011-04-29 01:00:00,96.48345240122924
2011-04-29 02:00:00,38.785136309073195
2011-04-29 03:00:00,10.300322343234452
2011-04-29 04:00:00,5.139392073920079
2011-04-29 05:00:00,35.63464009588393
2011-04-29 06:00:00,700.2318311210017
2011-04-29 07:00:00,5598.460223797462
2011-04-29 08:00:00,15931.056041299511
2011-04-29 09:00:00,7943.8156575338135
2011-04-29 10:00:00,4996.296779824032
2011-04-29 11:00:00,8038.469024981211
2011-04-29 12:00:00,9611.549749484664
2011-04-29 13:00:00,9213.716530568616
2011-04-29 14:00:00,9106.00232755865
2011-04-29 15:00:00,7212.149183033758
2011-04-29 16:00:00,10265.301228697408
2011-04-29 17:00:00,21719.64407169288
2011-04-29 18:00:00,16107.597282966848
2011-04-29 19:00:00,7399.183872628656
2011-04-29 20:00:00,4604.583343157035
2011-04-29 21:00:00,3014.488501368923
2011-04-29 22:00:00,1880.0851331951794
2011-04-29 23:00:00,1048.8857037719254
2011-04-30 00:00:00,643.0591593762318
2011-04-30 01:00:00,415.2336272321662
2011-04-30 02:00:00,232.44143865935752
2011-04-30 03:00:00,48.24199292386458
2011-04-30 04:00:00,9.05354496531989
2011-04-30 05:00:00,8.611644388834263
2011-04-30 06:00:00,44.38398980688004
2011-04-30 07:00:00,159.8313798263731
2011-04-30 08:00:00,884.7995388501816
2011-04-30 09:00:00,2596.3151103511464
2011-04-30 10:00:00,9977.509428984806
2011-04-30 11:00:00,15995.710461665813
2011-04-30 12:00:00,26327.565435415134
2011-04-30 13:00:00,33050.38064522868
2011-04-30 14:00:00,32254.447987525065
2011-04-30 15:00:00,40424.82239021535
2011-04-30 16:00:00,32913.1114673789
2011-04-30 17:00:00,26757.63456793611
2011-04-30 18:00:00,18940.47256554769
2011-04-30 19:00:00,12470.041723088327
2011-04-30 20:00:00,2888.0104570693866
2011-04-30 21:00:00,2125.4586724883493
2011-04-30 22:00:00,1446.7703719566282
2011-04-30 23:00:00,1148.7839786919244
2011-05-20 00:00:00,174.50588333544013
2011-05-20 01:00:00,35.541324126985835
2011-05-20 02:00:00,13.502834421226828
2011-05-20 03:00:00,5.354886141018413
2011-05-20 04:00:00,3.7805801850206406
2011-05-20 05:00:00,23.28805777016048
2011-05-20 06:00:00,520.7226605735566
2011-05-20 07:00:00,5495.391005322083
2011-05-20 08:00:00,14458.894992516722
2011-05-20 09:00:00,7448.01082673891
2011-05-20 10:00:00,4997.793505550503
2011-05-20 11:00:00,5529.776864781099
2011-05-20 12:00:00,9409.739897238574
2011-05-20 13:00:00,5715.24284832919
2011-05-20 14:00:00,8391.961956321333
2011-05-20 15:00:00,8910.133713805288
2011-05-20 16:00:00,15026.509827209744
2011-05-20 17:00:00,31314.162738498242
2011-05-20 18:00:00,28428.14680971221
2011-05-20 19:00:00,14548.811918034122
2011-05-20 20:00:00,7529.943792170713
2011-05-20 21:00:00,5390.523094059079
2011-05-20 22:00:00,4071.5393177531655
2011-05-20 23:00:00,2437.198908360785
2011-05-21 00:00:00,1738.3531881633992
2011-05-21 01:00:00,1081.2194723529522
2011-05-21 02:00:00,666.8364803857771
2011-05-21 03:00:00,121.1958603506298
2011-05-21 04:00:00,11.405611732309131
2011-05-21 05:00:00,10.911597147157218
2011-05-21 06:00:00,101.49685896109546
2011-05-21 07:00:00,581.0410961686235
2011-05-21 08:00:00,2584.153867308788
2011-05-21 09:00:00,8458.983057975352
2011-05-21 10:00:00,17497.91588750432
2011-05-21 11:00:00,29226.621000149586
2011-05-21 12:00:00,39825.48816659156
2011-05-21 13:00:00,40436.57169830113
2011-05-21 14:00:00,40779.79922256412
2011-05-21 15:00:00,42636.54428605906
2011-05-21 16:00:00,34160.34108336971
2011-05-21 17:00:00,29684.811404438744
2011-05-21 18:00:00,23201.77971200232
2011-05-21 19:00:00,18544.28964223753
2011-05-21 20:00:00,9943.381102214002
2011-05-21 21:00:00,6497.602574688578
2011-05-21 22:00:00,4207.806640579291
2011-05-21 23:00:00,2839.5647485893405
2011-05-22 00:00:00,1217.7138675820083
2011-05-22 01:00:00,575.3031057707295
2011-05-22 02:00:00,393.6775855075083
2011-05-22 03:00:00,87.92454025514023
2011-05-22 04:00:00,7.6630269278617815
2011-05-22 05:00:00,8.812943987816356
2011-05-22 06:00:00,51.856919244445514
2011-05-22 07:00:00,308.92288563861797
2011-05-22 08:00:00,2078.5426150101152
2011-05-22 09:00:00,6901.166459707449
2011-05-22 10:00:00,15871.44308164665
2011-05-22 11:00:00,27595.905139073006
2011-05-22 12:00:00,35472.257608695145
2011-05-22 13:00:00,34618.514108152114
2011-05-22 14:00:00,14213.35475488132
2011-05-22 15:00:00,33791.32138607259
2011-05-22 16:00:00,34864.90098037442
2011-05-22 17:00:00,29434.94591365385
2011-05-22 18:00:00,22509.677418749343
2011-05-22 19:00:00,15281.369889861975
2011-05-22 20:00:00,9163.525074132576
2011-05-22 21:00:00,5389.761804191781
2011-05-22 22:00:00,2873.608583736032
2011-05-22 23:00:00,854.9172531114419
2011-05-23 00:00:00,149.84064228973062
2011-05-23 01:00:00,31.956140708470045
2011-05-23 02:00:00,10.698056961752652
2011-05-23 03:00:00,3.017164442894381
2011-05-23 04:00:00,4.361155231973689
2011-05-23 05:00:00,18.508246716175336
2011-05-23 06:00:00,250.03332147297186
2011-05-23 07:00:00,2556.8539263461303
2011-05-23 08:00:00,7840.849186015652
2011-05-23 09:00:00,3402.6077343556426
2011-05-23 10:00:00,3483.209552893425
2011-05-23 11:00:00,3981.3657633095163
2011-05-23 12:00:00,6169.546568876335
2011-05-23 13:00:00,5703.998739319329
2011-05-23 14:00:00,4270.273733592112
2011-05-23 15:00:00,4921.5654560929515
2011-05-23 16:00:00,9992.277890254703
2011-05-23 17:00:00,20895.58319802297
2011-05-23 18:00:00,25039.308819790465
2011-05-23 19:00:00,18307.814691449184
2011-05-23 20:00:00,6753.49953871899
2011-05-23 21:00:00,3147.8100405616296
2011-05-23 22:00:00,1009.5825653338521
2011-05-23 23:00:00,473.63321615976395
2011-05-24 00:00:00,64.51820335245606
2011-05-24 01:00:00,12.553487314183561
2011-05-24 02:00:00,4.067353389251598
2011-05-24 03:00:00,2.6461470642353353
2011-05-24 04:00:00,5.276345220351499
2011-05-24 05:00:00,14.864574536253365
2011-05-24 06:00:00,279.501773342531
2011-05-24 07:00:00,2911.518978792994
2011-05-24 08:00:00,4318.297745531394
2011-05-24 09:00:00,5349.347907430317
2011-05-24 10:00:00,3291.2853162278407
2011-05-24 11:00:00,4101.196965893512
2011-05-24 12:00:00,5584.613385656802
2011-05-24 13:00:00,5554.320907048615
2011-05-24 14:00:00,4915.232136439518
2011-05-24 15:00:00,3392.60061457527
2011-05-24 16:00:00,10982.825116451357
2011-05-24 17:00:00,31334.42180804322
2011-05-24 18:00:00,25398.077846871172
2011-05-24 19:00:00,16103.63673022189
2011-05-24 20:00:00,8832.119107931805
2011-05-24 21:00:00,4338.022476315936
2011-05-24 22:00:00,616.7786860131806
2011-05-24 23:00:00,977.7220543801004
2011-05-25 00:00:00,67.90061670265845
2011-05-25 01:00:00,18.28193144485758
2011-05-25 02:00:00,6.639241564959311
2011-05-25 03:00:00,3.944155693496435
2011-05-25 04:00:00,3.2011478351187783
2011-05-25 05:00:00,32.082305229485584
2011-05-25 06:00:00,425.8624794750895
2011-05-25 07:00:00,5914.82073376859
2011-05-25 08:00:00,14385.951785458732
2011-05-25 09:00:00,5935.005794050965
2011-05-25 10:00:00,3275.0008624449038
2011-05-25 11:00:00,3772.4745429524137
2011-05-25 12:00:00,6051.281649023675
2011-05-25 13:00:00,5500.4024165912915
2011-05-25 14:00:00,4840.791027555094
2011-05-25 15:00:00,5379.839377411696
2011-05-25 16:00:00,9625.463381867774
2011-05-25 17:00:00,26979.207278652546
2011-05-25 18:00:00,26896.224939816002
2011-05-25 19:00:00,15171.865356549832
2011-05-25 20:00:00,9278.756034465172
2011-05-25 21:00:00,4952.305086805296
2011-05-25 22:00:00,3262.505983295253
2011-05-25 23:00:00,1216.5731976835643
2011-05-26 00:00:00,308.77835595910676
2011-05-26 01:00:00,59.46734829591951
2011-05-26 02:00:00,15.66435819118283
2011-05-26 03:00:00,6.026684873906938
2011-05-26 04:00:00,5.957288075184831
2011-05-26 05:00:00,26.771643373785484
2011-05-26 06:00:00,242.22618626023595
2011-05-26 07:00:00,2251.403382751706
2011-05-26 08:00:00,12611.377254639201
2011-05-26 09:00:00,6657.8514332985405
2011-05-26 10:00:00,2950.746698006507
2011-05-26 11:00:00,4061.9265952017386
2011-05-26 12:00:00,6202.375749106093
2011-05-26 13:00:00,5448.931497555119
2011-05-26 14:00:00,4934.293615413381
2011-05-26 15:00:00,5019.861086144679
2011-05-26 16:00:00,9083.815434471937
2011-05-26 17:00:00,29254.117353761372
2011-05-26 18:00:00,25395.616665518577
2011-05-26 19:00:00,14282.021584656639
2011-05-26 20:00:00,11229.846905366969
2011-05-26 21:00:00,5963.175946443217
2011-05-26 22:00:00,3693.632564647624
2011-05-26 23:00:00,1594.5817980381776
2011-05-27 00:00:00,495.8200285631064
2011-05-27 01:00:00,106.79740257034307
2011-05-27 02:00:00,37.442583780795694
2011-05-27 03:00:00,8.08035694046903
2011-05-27 04:00:00,7.175227993627367
2011-05-27 05:00:00,50.32394493707458
2011-05-27 06:00:00,874.4903494060535
2011-05-27 07:00:00,7572.688653312267
2011-05-27 08:00:00,16541.671871076083
2011-05-27 09:00:00,8586.068578972796
2011-05-27 10:00:00,5154.308727126749
2011-05-27 11:00:00,6306.753528640645
2011-05-27 12:00:00,9030.308342725739
2011-05-27 13:00:00,10970.654028076902
2011-05-27 14:00:00,8440.302008195184
2011-05-27 15:00:00,9070.708185258647
2011-05-27 16:00:00,13672.182324998716
2011-05-27 17:00:00,34326.86743571027
2011-05-27 18:00:00,26340.486910822012
2011-05-27 19:00:00,6136.0149774385045
2011-05-27 20:00:00,8192.772797290922
2011-05-27 21:00:00,4946.6657536875255
2011-05-27 22:00:00,4729.731159527113
2011-05-27 23:00:00,1882.1933697314234
2011-05-28 00:00:00,1418.463264489449
2011-05-28 01:00:00,759.6676176144477
2011-05-28 02:00:00,365.05920128455136
2011-05-28 03:00:00,121.40383751337014
2011-05-28 04:00:00,14.021171527531079
2011-05-28 05:00:00,14.444664070958884
2011-05-28 06:00:00,115.57371254430265
2011-05-28 07:00:00,489.8286122418432
2011-05-28 08:00:00,2924.441251155937
2011-05-28 09:00:00,8108.257422577671
2011-05-28 10:00:00,18557.222291362403
2011-05-28 11:00:00,28604.864272497267
2011-05-28 12:00:00,41669.52811422661
2011-05-28 13:00:00,42060.792714876
2011-05-28 14:00:00,38435.95839771436
2011-05-28 15:00:00,40088.31312872799
2011-05-28 16:00:00,31904.87532591815
2011-05-28 17:00:00,27574.3828130023
2011-05-28 18:00:00,24060.631469374464
2011-05-28 19:00:00,16608.782205134645
2011-05-28 20:00:00,11007.756199062605
2011-05-28 21:00:00,5965.771597165184
2011-05-28 22:00:00,4661.079260287665
2011-05-28 23:00:00,2647.356732872732
2011-05-29 00:00:00,1495.3476260137948
2011-05-29 01:00:00,964.803646175183
2011-05-29 02:00:00,547.6242118172561
2011-05-29 03:00:00,182.48506835522772
2011-05-29 04:00:00,14.710458040612764
2011-05-29 05:00:00,9.8974578084905
2011-05-29 06:00:00,55.54270816011775
2011-05-29 07:00:00,212.07520912405937
2011-05-29 08:00:00,1137.3012343657172
2011-05-29 09:00:00,2154.2055547906866
2011-05-29 10:00:00,11348.997908149338
2011-05-29 11:00:00,15168.514569269473
2011-05-29 12:00:00,32355.09781306719
2011-05-29 13:00:00,27757.257114379772
2011-05-29 14:00:00,25911.70430886023
2011-05-29 15:00:00,25967.417478337575
2011-05-29 16:00:00,25384.756406328896
2011-05-29 17:00:00,21560.196320300205
2011-05-29 18:00:00,17539.034828846718
2011-05-29 19:00:00,14183.596515394232
2011-05-29 20:00:00,7993.359107582002
2011-05-29 21:00:00,5401.707947980692
2011-05-29 22:00:00,2449.394041594065
2011-05-29 23:00:00,1092.6645149202923
2011-05-30 00:00:00,506.280667063917
2011-05-30 01:00:00,251.7714731706684
2011-05-30 02:00:00,111.41146586069536
2011-05-30 03:00:00,29.609644453340433
2011-05-30 04:00:00,7.233513045292377
2011-05-30 05:00:00,7.478539868000611
2011-05-30 06:00:00,71.44708891897001
2011-05-30 07:00:00,288.8031025141349
2011-05-30 08:00:00,1888.3308146863792
2011-05-30 09:00:00,5578.774325495274
2011-05-30 10:00:00,9486.550747431545
2011-05-30 11:00:00,13912.852786610358
2011-05-30 12:00:00,16641.98229540749
2011-05-30 13:00:00,16959.47603391629
2011-05-30 14:00:00,14367.03152364454
2011-05-30 15:00:00,14490.82918657167
2011-05-30 16:00:00,14376.254047024231
2011-05-30 17:00:00,14487.432513600163
2011-05-30 18:00:00,11389.86167070084
2011-05-30 19:00:00,7658.271237598539
2011-05-30 20:00:00,7209.75138920538
2011-05-30 21:00:00,3949.0750498030675
2011-05-30 22:00:00,2352.193920133814
2011-05-30 23:00:00,604.3819045247332
2011-05-31 00:00:00,223.77359101251128
2011-05-31 01:00:00,28.502717127797098
2011-05-31 02:00:00,6.330721628626619
2011-05-31 03:00:00,2.3412184179307833
2011-05-31 04:00:00,5.93469420697617
2011-05-31 05:00:00,37.648902652422315
2011-05-31 06:00:00,736.2399440755802
2011-05-31 07:00:00,5600.5600085887145
2011-05-31 08:00:00,14064.641842779614
2011-05-31 09:00:00,5911.0379555305335
2011-05-31 10:00:00,2860.2432912440518
2011-05-31 11:00:00,2830.187209499239
2011-05-31 12:00:00,4490.872066700632
2011-05-31 13:00:00,4157.962887836663
2011-05-31 14:00:00,3705.6975148884403
2011-05-31 15:00:00,4322.438451345724
2011-05-31 16:00:00,7338.664856077164
2011-05-31 17:00:00,24861.314055325878
2011-05-31 18:00:00,22274.569877614813
2011-05-31 19:00:00,15919.539424175206
2011-05-31 20:00:00,9203.186570375461
2011-05-31 21:00:00,5249.7641464950075
2011-05-31 22:00:00,3032.5776017053136
2011-05-31 23:00:00,1034.7138452499757
2011-06-20 00:00:00,262.8195417758536
2011-06-20 01:00:00,35.868412936657215
2011-06-20 02:00:00,11.831430455365354
2011-06-20 03:00:00,3.4163620105042147
2011-06-20 04:00:00,5.929134737309132
2011-06-20 05:00:00,32.757583922178085
2011-06-20 06:00:00,475.9581809129309
2011-06-20 07:00:00,1314.2773862519552
2011-06-20 08:00:00,4627.712526943116
2011-06-20 09:00:00,5175.508539335857
2011-06-20 10:00:00,2721.7354925240124
2011-06-20 11:00:00,3449.928797361293
2011-06-20 12:00:00,5971.840555870411
2011-06-20 13:00:00,5969.444913511259
2011-06-20 14:00:00,6184.083273051655
2011-06-20 15:00:00,6833.678851390781
2011-06-20 16:00:00,12294.19568981733
2011-06-20 17:00:00,32394.334887846704
2011-06-20 18:00:00,30752.28765386883
2011-06-20 19:00:00,18446.926266903345
2011-06-20 20:00:00,10083.252060068688
2011-06-20 21:00:00,5424.11160068605
2011-06-20 22:00:00,2334.3735573686745
2011-06-20 23:00:00,868.3610855159689
2011-06-21 00:00:00,233.8826245794495
2011-06-21 01:00:00,32.20368568341808
2011-06-21 02:00:00,6.978555728248533
2011-06-21 03:00:00,2.6124594003340182
2011-06-21 04:00:00,4.080787317536855
2011-06-21 05:00:00,19.779193887303773
2011-06-21 06:00:00,263.6034171059319
2011-06-21 07:00:00,1117.804838051286
2011-06-21 08:00:00,6120.854874790711
2011-06-21 09:00:00,2029.5870025431075
2011-06-21 10:00:00,1332.0171116312795
2011-06-21 11:00:00,2781.1889941514137
2011-06-21 12:00:00,5875.558227732621
2011-06-21 13:00:00,5952.161757454116
2011-06-21 14:00:00,6091.456947945044
2011-06-21 15:00:00,7187.314840595514
2011-06-21 16:00:00,12600.59276814897
2011-06-21 17:00:00,36121.4952810581
2011-06-21 18:00:00,27621.95060642068
2011-06-21 19:00:00,15795.296185098307
2011-06-21 20:00:00,6628.6145402435295
2011-06-21 21:00:00,6404.701394562187
2011-06-21 22:00:00,3260.2350473282586
2011-06-21 23:00:00,1501.3442048238285
2011-06-22 00:00:00,254.89243465475596
2011-06-22 01:00:00,43.79909547327142
2011-06-22 02:00:00,9.874733556807355
2011-06-22 03:00:00,6.419302331672024
2011-06-22 04:00:00,4.297253355168248
2011-06-22 05:00:00,28.954759661977974
2011-06-22 06:00:00,534.6341857981171
2011-06-22 07:00:00,4483.9091534754925
2011-06-22 08:00:00,13282.663421009967
2011-06-22 09:00:00,4479.396971183699
2011-06-22 10:00:00,2974.386382892459
2011-06-22 11:00:00,3924.7802159461476
2011-06-22 12:00:00,6053.939337733668
2011-06-22 13:00:00,4946.282302307193
2011-06-22 14:00:00,4934.303607102797
2011-06-22 15:00:00,5466.71429955042
2011-06-22 16:00:00,9096.535751539253
2011-06-22 17:00:00,29176.122015203255
2011-06-22 18:00:00,27339.874626022694
2011-06-22 19:00:00,17859.28516646727
2011-06-22 20:00:00,9375.102862260434
2011-06-22 21:00:00,4697.168195834954
2011-06-22 22:00:00,2311.753471446412
2011-06-22 23:00:00,1021.7771295844857
2011-06-23 00:00:00,223.38302613576258
2011-06-23 01:00:00,57.5705684677523
2011-06-23 02:00:00,16.85840018896668
2011-06-23 03:00:00,5.049208834247171
2011-06-23 04:00:00,5.786846809028915
2011-06-23 05:00:00,62.10810531740864
2011-06-23 06:00:00,912.5544101983523
2011-06-23 07:00:00,5558.745849032653
2011-06-23 08:00:00,13558.932838976583
2011-06-23 09:00:00,5635.660855152597
2011-06-23 10:00:00,3069.765304295031
2011-06-23 11:00:00,2213.7574930815013
2011-06-23 12:00:00,5654.604018778667
2011-06-23 13:00:00,5521.905497676222
2011-06-23 14:00:00,4753.16450315991
2011-06-23 15:00:00,5398.717386056087
2011-06-23 16:00:00,9870.700541998318
2011-06-23 17:00:00,21988.101231395416
2011-06-23 18:00:00,21760.533567211536
2011-06-23 19:00:00,14601.375170159237
2011-06-23 20:00:00,10908.218707836755
2011-06-23 21:00:00,6807.230284833404
2011-06-23 22:00:00,3457.496222497457
2011-06-23 23:00:00,1485.3224389446907
2011-06-24 00:00:00,392.053573388893
2011-06-24 01:00:00,69.76181864091059
2011-06-24 02:00:00,17.659484507749006
2011-06-24 03:00:00,8.416302882153731
2011-06-24 04:00:00,5.75772021276757
2011-06-24 05:00:00,34.84240506325957
2011-06-24 06:00:00,605.9888603743811
2011-06-24 07:00:00,3809.087319350261
2011-06-24 08:00:00,17163.3068105879
2011-06-24 09:00:00,8450.548087413747
2011-06-24 10:00:00,5626.934406317876
2011-06-24 11:00:00,7699.233690385404
2011-06-24 12:00:00,10644.339641768844
2011-06-24 13:00:00,11521.187925690458
2011-06-24 14:00:00,9230.847348978083
2011-06-24 15:00:00,11552.824363858628
2011-06-24 16:00:00,19079.867674102363
2011-06-24 17:00:00,44800.724876204986
2011-06-24 18:00:00,36206.70726503337
2011-06-24 19:00:00,23426.285390377845
2011-06-24 20:00:00,11621.601639993156
2011-06-24 21:00:00,7438.2361477871755
2011-06-24 22:00:00,5646.679644194651
2011-06-24 23:00:00,3647.378283454382
2011-06-25 00:00:00,2978.091417385856
2011-06-25 01:00:00,1728.8676636033701
2011-06-25 02:00:00,941.9870278370558
2011-06-25 03:00:00,183.46787258128353
2011-06-25 04:00:00,21.492081386894508
2011-06-25 05:00:00,21.868125028193855
2011-06-25 06:00:00,118.47654631620108
2011-06-25 07:00:00,551.5670857154411
2011-06-25 08:00:00,3605.4031646590024
2011-06-25 09:00:00,10701.869048219596
2011-06-25 10:00:00,24002.759821370735
2011-06-25 11:00:00,32923.67985493884
2011-06-25 12:00:00,47715.00982973977
2011-06-25 13:00:00,52135.74342014529
2011-06-25 14:00:00,46058.89859533375
2011-06-25 15:00:00,48796.056074340726
2011-06-25 16:00:00,38664.57447431487
2011-06-25 17:00:00,39819.76945622608
2011-06-25 18:00:00,30582.455529597482
2011-06-25 19:00:00,21289.113748279655
2011-06-25 20:00:00,14265.22864528732
2011-06-25 21:00:00,9194.804102073795
2011-06-25 22:00:00,6712.850369836055
2011-06-25 23:00:00,3637.5689140404597
2011-06-26 00:00:00,1940.355511410092
2011-06-26 01:00:00,1352.275375315766
2011-06-26 02:00:00,855.2584148378269
2011-06-26 03:00:00,201.93305766642055
2011-06-26 04:00:00,19.603845245408614
2011-06-26 05:00:00,19.23079386529556
2011-06-26 06:00:00,67.21977941290906
2011-06-26 07:00:00,341.54156216058976
2011-06-26 08:00:00,2184.034856354099
2011-06-26 09:00:00,8308.136870628525
2011-06-26 10:00:00,19530.308355383553
2011-06-26 11:00:00,30322.566642987767
2011-06-26 12:00:00,43570.42967597629
2011-06-26 13:00:00,41909.33118549159
2011-06-26 14:00:00,41580.424413814275
2011-06-26 15:00:00,40016.985098065954
2011-06-26 16:00:00,38856.25748298266
2011-06-26 17:00:00,31373.313358829364
2011-06-26 18:00:00,22876.023644886707
2011-06-26 19:00:00,16628.603423347657
2011-06-26 20:00:00,11061.074935105387
2011-06-26 21:00:00,6506.110554367259
2011-06-26 22:00:00,4115.040911315566
2011-06-26 23:00:00,1768.6898293305178
2011-06-27 00:00:00,154.42653112377226
2011-06-27 01:00:00,34.03757767653307
2011-06-27 02:00:00,15.709070248324947
2011-06-27 03:00:00,5.9687122728753526
2011-06-27 04:00:00,5.313326448178148
2011-06-27 05:00:00,30.272702687770288
2011-06-27 06:00:00,579.3777407556687
2011-06-27 07:00:00,4662.903290408648
2011-06-27 08:00:00,14389.789189113812
2011-06-27 09:00:00,6142.971128237403
2011-06-27 10:00:00,3454.9878503902137
2011-06-27 11:00:00,4318.302290398305
2011-06-27 12:00:00,6291.326586229382
2011-06-27 13:00:00,6473.857856638163
2011-06-27 14:00:00,5860.269234652211
2011-06-27 15:00:00,6020.399279738269
2011-06-27 16:00:00,12231.721280374793
2011-06-27 17:00:00,34444.3052722667
2011-06-27 18:00:00,31777.307372757215
2011-06-27 19:00:00,23078.316648770055
2011-06-27 20:00:00,11470.082442319128
2011-06-27 21:00:00,5973.4014823505795
2011-06-27 22:00:00,3221.064640606178
2011-06-27 23:00:00,1098.0030785300194
2011-06-28 00:00:00,224.32181428219056
2011-06-28 01:00:00,44.73267478913398
2011-06-28 02:00:00,10.14259587373746
2011-06-28 03:00:00,4.204657745869913
2011-06-28 04:00:00,7.506473637380187
2011-06-28 05:00:00,48.23012249876124
2011-06-28 06:00:00,603.3390738134958
2011-06-28 07:00:00,4328.221083808024
2011-06-28 08:00:00,11997.765701015942
2011-06-28 09:00:00,5489.219090315577
2011-06-28 10:00:00,3907.4354433700523
2011-06-28 11:00:00,4181.246026613026
2011-06-28 12:00:00,5820.349775847606
2011-06-28 13:00:00,5649.884873610311
2011-06-28 14:00:00,5197.638483573969
2011-06-28 15:00:00,5447.249685874208
2011-06-28 16:00:00,10269.636033130704
2011-06-28 17:00:00,22997.502822744656
2011-06-28 18:00:00,23103.197318797582
2011-06-28 19:00:00,15125.74541124862
2011-06-28 20:00:00,10830.642271589772
2011-06-28 21:00:00,6538.623374166328
2011-06-28 22:00:00,3378.4261870345103
2011-06-28 23:00:00,1422.0913016768436
2011-06-29 00:00:00,185.6415932367338
2011-06-29 01:00:00,32.48033586131224
2011-06-29 02:00:00,8.09852242414305
2011-06-29 03:00:00,4.7203886197908345
2011-06-29 04:00:00,4.491702832496238
2011-06-29 05:00:00,29.86257890956774
2011-06-29 06:00:00,758.4383434359958
2011-06-29 07:00:00,5648.079292441722
2011-06-29 08:00:00,14423.989482487432
2011-06-29 09:00:00,5719.548085148586
2011-06-29 10:00:00,3286.9742244583763
2011-06-29 11:00:00,4766.666114823386
2011-06-29 12:00:00,6690.994103898802
2011-06-29 13:00:00,5551.231218354548
2011-06-29 14:00:00,5416.307891639768
2011-06-29 15:00:00,6372.025884679495
2011-06-29 16:00:00,10825.40594254403
2011-06-29 17:00:00,30538.443422461136
2011-06-29 18:00:00,30361.22419557971
2011-06-29 19:00:00,17866.257143650328
2011-06-29 20:00:00,11071.200692521097
2011-06-29 21:00:00,6609.191247105532
2011-06-29 22:00:00,3806.382268558761
2011-06-29 23:00:00,1489.6614302942414
2011-06-30 00:00:00,354.75109443121755
2011-06-30 01:00:00,55.07313931016617
2011-06-30 02:00:00,16.457942588766745
2011-06-30 03:00:00,6.5148659853358435
2011-06-30 04:00:00,7.6096430630346825
2011-06-30 05:00:00,44.667572467986865
2011-06-30 06:00:00,875.0856777814762
2011-06-30 07:00:00,5839.295654090988
2011-06-30 08:00:00,15367.253713006525
2011-06-30 09:00:00,6842.172850265662
2011-06-30 10:00:00,3731.7234975113074
2011-06-30 11:00:00,5458.441573642978
2011-06-30 12:00:00,7635.951779293382
2011-06-30 13:00:00,7472.225923263186
2011-06-30 14:00:00,6636.179249190406
2011-06-30 15:00:00,7041.354702703601
2011-06-30 16:00:00,12952.924039206628
2011-06-30 17:00:00,34329.65553024879
2011-06-30 18:00:00,33615.02989360158
2011-06-30 19:00:00,23104.11449737915
2011-06-30 20:00:00,13649.934010902054
2011-06-30 21:00:00,7472.920853630302
2011-06-30 22:00:00,4556.406836705038
2011-06-30 23:00:00,1665.4897249929686
2011-07-20 00:00:00,175.40528108696049
2011-07-20 01:00:00,30.269917631612785
2011-07-20 02:00:00,7.2371217727187265
2011-07-20 03:00:00,5.245152033289179
2011-07-20 04:00:00,4.4597256954135975
2011-07-20 05:00:00,41.117139377924126
2011-07-20 06:00:00,488.2615776336693
2011-07-20 07:00:00,3285.290384659339
2011-07-20 08:00:00,12110.585159901477
2011-07-20 09:00:00,5246.21134301486
2011-07-20 10:00:00,2883.5723855904034
2011-07-20 11:00:00,3541.7453930716556
2011-07-20 12:00:00,5057.150588064729
2011-07-20 13:00:00,4351.470028869358
2011-07-20 14:00:00,3839.457149580651
2011-07-20 15:00:00,4819.720836147127
2011-07-20 16:00:00,7548.374574372973
2011-07-20 17:00:00,23058.259773504647
2011-07-20 18:00:00,23304.87922953125
2011-07-20 19:00:00,12645.849964559518
2011-07-20 20:00:00,7701.056780253617
2011-07-20 21:00:00,5205.18445020744
2011-07-20 22:00:00,3429.20461915634
2011-07-20 23:00:00,1329.4923621162425
2011-07-21 00:00:00,270.9040205620106
2011-07-21 01:00:00,30.139226378576396
2011-07-21 02:00:00,9.657044523164506
2011-07-21 03:00:00,5.3869497012313605
2011-07-21 04:00:00,4.825396126142052
2011-07-21 05:00:00,32.92444640902543
2011-07-21 06:00:00,497.37357923002355
2011-07-21 07:00:00,3654.4309772174925
2011-07-21 08:00:00,10809.411826953085
2011-07-21 09:00:00,4259.793560603065
2011-07-21 10:00:00,2239.6129936697116
2011-07-21 11:00:00,2653.6846824321237
2011-07-21 12:00:00,3900.6994273261635
2011-07-21 13:00:00,3871.332165132541
2011-07-21 14:00:00,3384.0094712295795
2011-07-21 15:00:00,3927.3404375840805
2011-07-21 16:00:00,6282.324712642258
2011-07-21 17:00:00,17497.210282256932
2011-07-21 18:00:00,17371.56933284247
2011-07-21 19:00:00,11696.963082138765
2011-07-21 20:00:00,8056.905831552808
2011-07-21 21:00:00,4762.128937811217
2011-07-21 22:00:00,3239.8092709020307
2011-07-21 23:00:00,1573.5144134981374
2011-07-22 00:00:00,412.1356332848685
2011-07-22 01:00:00,111.09717044541621
2011-07-22 02:00:00,22.972311433529825
2011-07-22 03:00:00,7.671323433615088
2011-07-22 04:00:00,7.692109648018723
2011-07-22 05:00:00,54.74931250183493
2011-07-22 06:00:00,831.5822546515323
2011-07-22 07:00:00,5159.562767269638
2011-07-22 08:00:00,12380.881812891383
2011-07-22 09:00:00,5543.07785469003
2011-07-22 10:00:00,3109.044488122356
2011-07-22 11:00:00,4407.0463507560025
2011-07-22 12:00:00,5120.113559206034
2011-07-22 13:00:00,5265.85759864203
2011-07-22 14:00:00,4163.806073407068
2011-07-22 15:00:00,5062.912400501957
2011-07-22 16:00:00,7434.65106776711
2011-07-22 17:00:00,26290.570581096254
2011-07-22 18:00:00,23738.20769137332
2011-07-22 19:00:00,16127.069077438908
2011-07-22 20:00:00,8110.248748197646
2011-07-22 21:00:00,6318.708531128072
2011-07-22 22:00:00,4386.3348975532535
2011-07-22 23:00:00,3245.45909724962
2011-07-23 00:00:00,2076.5136913824863
2011-07-23 01:00:00,1404.6869012037193
2011-07-23 02:00:00,728.1400995915016
2011-07-23 03:00:00,168.38061986260428
2011-07-23 04:00:00,21.7908848986153
2011-07-23 05:00:00,23.980337557128447
2011-07-23 06:00:00,109.46766135676037
2011-07-23 07:00:00,518.3088717334641
2011-07-23 08:00:00,2499.2337066741734
2011-07-23 09:00:00,7400.226727989235
2011-07-23 10:00:00,16854.43018017992
2011-07-23 11:00:00,23674.99811473318
2011-07-23 12:00:00,23934.777457884313
2011-07-23 13:00:00,22810.865919534157
2011-07-23 14:00:00,20361.028479440574
2011-07-23 15:00:00,20459.945759899492
2011-07-23 16:00:00,19259.665417367087
2011-07-23 17:00:00,16875.681317863506
2011-07-23 18:00:00,14591.367452525506
2011-07-23 19:00:00,15341.069485374886
2011-07-23 20:00:00,11281.63322271236
2011-07-23 21:00:00,6941.431852582182
2011-07-23 22:00:00,5395.798958155071
2011-07-23 23:00:00,3743.0516846756163
2011-07-24 00:00:00,1927.8771188085072
2011-07-24 01:00:00,1230.8138934819842
2011-07-24 02:00:00,742.3237235022274
2011-07-24 03:00:00,176.94416914826522
2011-07-24 04:00:00,19.023238650536435
2011-07-24 05:00:00,19.66894652797277
2011-07-24 06:00:00,60.95491756499978
2011-07-24 07:00:00,371.63997409426986
2011-07-24 08:00:00,1811.5200297340034
2011-07-24 09:00:00,6090.4735285953
2011-07-24 10:00:00,12333.019118375974
2011-07-24 11:00:00,20543.825781517306
2011-07-24 12:00:00,21373.764955153696
2011-07-24 13:00:00,28422.82141949294
2011-07-24 14:00:00,25527.781789297354
2011-07-24 15:00:00,22251.230236384275
2011-07-24 16:00:00,20836.274740917863
2011-07-24 17:00:00,19358.048484032835
2011-07-24 18:00:00,15666.798137005278
2011-07-24 19:00:00,12484.377983152965
2011-07-24 20:00:00,8656.162447230372
2011-07-24 21:00:00,5623.519922326967
2011-07-24 22:00:00,3570.2647202675153
2011-07-24 23:00:00,1465.581758820194
2011-07-25 00:00:00,266.15540850386
2011-07-25 01:00:00,43.106166941694475
2011-07-25 02:00:00,10.162567022523668
2011-07-25 03:00:00,5.451608452728647
2011-07-25 04:00:00,6.026230346576414
2011-07-25 05:00:00,36.85514815279305
2011-07-25 06:00:00,430.02100594156764
2011-07-25 07:00:00,3922.096924410372
2011-07-25 08:00:00,11308.554784872938
2011-07-25 09:00:00,5302.240665834716
2011-07-25 10:00:00,3010.690840552586
2011-07-25 11:00:00,3671.1803661860645
2011-07-25 12:00:00,5238.925847482314
2011-07-25 13:00:00,4716.817039131734
2011-07-25 14:00:00,3652.9157315717066
2011-07-25 15:00:00,3047.9721533846355
2011-07-25 16:00:00,6867.704378366904
2011-07-25 17:00:00,29190.047631169327
2011-07-25 18:00:00,28029.1395899294
2011-07-25 19:00:00,18867.32429895839
2011-07-25 20:00:00,10816.12261096967
2011-07-25 21:00:00,3551.945069348984
2011-07-25 22:00:00,1867.2620843646018
2011-07-25 23:00:00,712.3697736131419
2011-07-26 00:00:00,257.14571479419084
2011-07-26 01:00:00,40.015545416296554
2011-07-26 02:00:00,7.8772868869332
2011-07-26 03:00:00,4.683419697196051
2011-07-26 04:00:00,5.896496678556302
2011-07-26 05:00:00,35.098901381190544
2011-07-26 06:00:00,546.8503904724663
2011-07-26 07:00:00,6097.568810011477
2011-07-26 08:00:00,15880.418461643567
2011-07-26 09:00:00,7124.602109694471
2011-07-26 10:00:00,4271.999679513549
2011-07-26 11:00:00,4563.481336881449
2011-07-26 12:00:00,6406.105776717288
2011-07-26 13:00:00,6665.383783048597
2011-07-26 14:00:00,6232.282113266247
2011-07-26 15:00:00,6303.392302026398
2011-07-26 16:00:00,13196.895045975833
2011-07-26 17:00:00,36349.88128610265
2011-07-26 18:00:00,32255.60893059522
2011-07-26 19:00:00,20458.924158212234
2011-07-26 20:00:00,11868.814274752895
2011-07-26 21:00:00,7038.722520782168
2011-07-26 22:00:00,3899.251802939377
2011-07-26 23:00:00,1539.9874938200926
2011-07-27 00:00:00,302.7718260109257
2011-07-27 01:00:00,51.182221679594726
2011-07-27 02:00:00,12.44444747748324
2011-07-27 03:00:00,6.202884084984279
2011-07-27 04:00:00,6.41512279231988
2011-07-27 05:00:00,56.06503292878364
2011-07-27 06:00:00,944.6324590784317
2011-07-27 07:00:00,5725.64848210901
2011-07-27 08:00:00,14442.186979782715
2011-07-27 09:00:00,6686.909971893516
2011-07-27 10:00:00,3341.8776878641957
2011-07-27 11:00:00,4105.002919333755
2011-07-27 12:00:00,6393.95074553305
2011-07-27 13:00:00,5436.1461885404515
2011-07-27 14:00:00,5613.789496346788
2011-07-27 15:00:00,6103.370941284589
2011-07-27 16:00:00,10977.068307877584
2011-07-27 17:00:00,30211.46574159692
2011-07-27 18:00:00,27942.693715305337
2011-07-27 19:00:00,18076.10457567313
2011-07-27 20:00:00,10282.70323567472
2011-07-27 21:00:00,5898.3383656031
2011-07-27 22:00:00,3450.925188012961
2011-07-27 23:00:00,1436.5036541571978
2011-07-28 00:00:00,355.59614097359776
2011-07-28 01:00:00,58.059703771554155
2011-07-28 02:00:00,17.976116133909144
2011-07-28 03:00:00,6.312324167888852
2011-07-28 04:00:00,7.8915587875527216
2011-07-28 05:00:00,64.4453553218476
2011-07-28 06:00:00,956.972733752524
2011-07-28 07:00:00,6902.397471896024
2011-07-28 08:00:00,14341.891042083333
2011-07-28 09:00:00,6941.751428306884
2011-07-28 10:00:00,3170.0361303299064
2011-07-28 11:00:00,3567.08447651843
2011-07-28 12:00:00,5153.626641689581
2011-07-28 13:00:00,5129.666129383429
2011-07-28 14:00:00,4789.319094060385
2011-07-28 15:00:00,5159.166816168571
2011-07-28 16:00:00,10002.725231059649
2011-07-28 17:00:00,28553.38806977014
2011-07-28 18:00:00,22792.61785188773
2011-07-28 19:00:00,18008.026174569142
2011-07-28 20:00:00,10542.80529429452
2011-07-28 21:00:00,6347.7052960397705
2011-07-28 22:00:00,4100.357821412723
2011-07-28 23:00:00,1697.208632873134
2011-07-29 00:00:00,386.94286325058846
2011-07-29 01:00:00,103.01587222034556
2011-07-29 02:00:00,23.66963347293282
2011-07-29 03:00:00,8.639081894501036
2011-07-29 04:00:00,6.069498583274291
2011-07-29 05:00:00,39.06129875294293
2011-07-29 06:00:00,455.7984408884623
2011-07-29 07:00:00,4444.700546492524
2011-07-29 08:00:00,11453.585480654709
2011-07-29 09:00:00,6964.963457799314
2011-07-29 10:00:00,3506.302126421956
2011-07-29 11:00:00,4170.822071340057
2011-07-29 12:00:00,5377.231561513122
2011-07-29 13:00:00,5808.606811211742
2011-07-29 14:00:00,5307.014315636001
2011-07-29 15:00:00,5924.047746819584
2011-07-29 16:00:00,9633.475093141997
2011-07-29 17:00:00,20332.780396146416
2011-07-29 18:00:00,19195.023512240037
2011-07-29 19:00:00,13731.331340963603
2011-07-29 20:00:00,9306.840611337984
2011-07-29 21:00:00,7502.806043262768
2011-07-29 22:00:00,6321.007682081992
2011-07-29 23:00:00,3398.5951804822366
2011-07-30 00:00:00,2734.775180271253
2011-07-30 01:00:00,1639.8598057535685
2011-07-30 02:00:00,950.660296315791
2011-07-30 03:00:00,203.85113710593794
2011-07-30 04:00:00,24.919252915371533
2011-07-30 05:00:00,21.879385180786144
2011-07-30 06:00:00,102.84373191502928
2011-07-30 07:00:00,599.0683985885637
2011-07-30 08:00:00,3138.9693405258254
2011-07-30 09:00:00,8498.57366561952
2011-07-30 10:00:00,20070.689693018816
2011-07-30 11:00:00,31689.884916937746
2011-07-30 12:00:00,42162.6725320488
2011-07-30 13:00:00,37253.22104501205
2011-07-30 14:00:00,30446.42966845376
2011-07-30 15:00:00,32143.658839713495
2011-07-30 16:00:00,29724.711014284876
2011-07-30 17:00:00,25242.447162444038
2011-07-30 18:00:00,23078.73766331981
2011-07-30 19:00:00,25158.447657921748
2011-07-30 20:00:00,12561.155016808198
2011-07-30 21:00:00,8144.136038921663
2011-07-30 22:00:00,5611.365966874351
2011-07-30 23:00:00,4165.896428728983
2011-07-31 00:00:00,2172.4890326789314
2011-07-31 01:00:00,1510.9635263801222
2011-07-31 02:00:00,883.249924567142
2011-07-31 03:00:00,195.2020130638513
2011-07-31 04:00:00,20.721794110419832
2011-07-31 05:00:00,22.023813312211562
2011-07-31 06:00:00,71.4007491957122
2011-07-31 07:00:00,425.0716850682228
2011-07-31 08:00:00,2248.345163251998
2011-07-31 09:00:00,7073.836578890768
2011-07-31 10:00:00,17960.13367078914
2011-07-31 11:00:00,25980.726377521685
2011-07-31 12:00:00,29671.405427719445
2011-07-31 13:00:00,30236.766776258053
2011-07-31 14:00:00,29092.423104984846
2011-07-31 15:00:00,23121.76930781537
2011-07-31 16:00:00,22380.039440663215
2011-07-31 17:00:00,19633.517755954155
2011-07-31 18:00:00,17971.103328674733
2011-07-31 19:00:00,15029.35352840353
2011-07-31 20:00:00,9945.17165420145
2011-07-31 21:00:00,6083.718223963207
2011-07-31 22:00:00,3418.564627699114
2011-07-31 23:00:00,1714.3846356035335
2011-08-20 00:00:00,994.5772032336404
2011-08-20 01:00:00,917.7779166457095
2011-08-20 02:00:00,671.4498611401647
2011-08-20 03:00:00,170.4038447246862
2011-08-20 04:00:00,8.500540284153574
2011-08-20 05:00:00,14.81135812461503
2011-08-20 06:00:00,53.43714129369385
2011-08-20 07:00:00,339.16689175845255
2011-08-20 08:00:00,3000.178925656599
2011-08-20 09:00:00,9284.48786969364
2011-08-20 10:00:00,22134.397571756992
2011-08-20 11:00:00,32447.721374775632
2011-08-20 12:00:00,44516.193610076225
2011-08-20 13:00:00,46047.04000741622
2011-08-20 14:00:00,40760.75550787308
2011-08-20 15:00:00,44174.292864839015
2011-08-20 16:00:00,39642.27464229981
2011-08-20 17:00:00,33385.51861473507
2011-08-20 18:00:00,27547.068655486382
2011-08-20 19:00:00,22822.793583875762
2011-08-20 20:00:00,14360.083244343023
2011-08-20 21:00:00,8468.072409208347
2011-08-20 22:00:00,4902.341965165705
2011-08-20 23:00:00,4103.502026256648
2011-08-21 00:00:00,2214.3294054546454
2011-08-21 01:00:00,1145.906237994925
2011-08-21 02:00:00,744.2404262599873
2011-08-21 03:00:00,180.39937251662292
2011-08-21 04:00:00,14.893354986793023
2011-08-21 05:00:00,10.908338336083808
2011-08-21 06:00:00,34.85979499858599
2011-08-21 07:00:00,255.45687269377092
2011-08-21 08:00:00,1762.4858991591743
2011-08-21 09:00:00,7875.257959289618
2011-08-21 10:00:00,17824.451846116877
2011-08-21 11:00:00,22376.63768871565
2011-08-21 12:00:00,29693.12235861112
2011-08-21 13:00:00,30443.506253378393
2011-08-21 14:00:00,10541.733118903587
2011-08-21 15:00:00,18857.738658770457
2011-08-21 16:00:00,28656.433699592068
2011-08-21 17:00:00,23125.196539908797
2011-08-21 18:00:00,14390.028849204355
2011-08-21 19:00:00,16813.31501398654
2011-08-21 20:00:00,8693.04288131357
2011-08-21 21:00:00,5432.912807266731
2011-08-21 22:00:00,2696.3076818569184
2011-08-21 23:00:00,1793.193176195789
2011-08-22 00:00:00,276.350962174707
2011-08-22 01:00:00,43.17921088108525
2011-08-22 02:00:00,14.025936555266524
2011-08-22 03:00:00,6.905616619992127
2011-08-22 04:00:00,8.551670430728095
2011-08-22 05:00:00,58.73718505846098
2011-08-22 06:00:00,867.4537445598856
2011-08-22 07:00:00,6067.225782007474
2011-08-22 08:00:00,14144.345866398495
2011-08-22 09:00:00,7355.671937793751
2011-08-22 10:00:00,3873.7480425497415
2011-08-22 11:00:00,5118.030298160128
2011-08-22 12:00:00,7680.624445445328
2011-08-22 13:00:00,6274.1399974311225
2011-08-22 14:00:00,6528.804580077494
2011-08-22 15:00:00,7290.2364994236195
2011-08-22 16:00:00,13453.0731432308
2011-08-22 17:00:00,38746.725765542935
2011-08-22 18:00:00,34914.15450057357
2011-08-22 19:00:00,23692.74979886044
2011-08-22 20:00:00,11516.104397889221
2011-08-22 21:00:00,6005.029422903091
2011-08-22 22:00:00,2890.9884052560064
2011-08-22 23:00:00,1068.6954188428656
2011-08-23 00:00:00,315.3775295748635
2011-08-23 01:00:00,35.448276330789604
2011-08-23 02:00:00,12.442811223047935
2011-08-23 03:00:00,5.09234183022959
2011-08-23 04:00:00,8.69740798393929
2011-08-23 05:00:00,43.81325431590476
2011-08-23 06:00:00,690.1530950557471
2011-08-23 07:00:00,5722.576641974913
2011-08-23 08:00:00,11924.612874801845
2011-08-23 09:00:00,5845.0719080298695
2011-08-23 10:00:00,3972.7025145386606
2011-08-23 11:00:00,5266.563995359429
2011-08-23 12:00:00,6820.9061143590125
2011-08-23 13:00:00,7088.628629377531
2011-08-23 14:00:00,7042.4921103402085
2011-08-23 15:00:00,8172.38793123415
2011-08-23 16:00:00,14663.018857213057
2011-08-23 17:00:00,42184.913216574416
2011-08-23 18:00:00,38295.21357790304
2011-08-23 19:00:00,20715.247051862276
2011-08-23 20:00:00,10171.5226717951
2011-08-23 21:00:00,5975.66188940152
2011-08-23 22:00:00,3732.7813113936827
2011-08-23 23:00:00,1395.7810623268117
2011-08-24 00:00:00,259.1891027456619
2011-08-24 01:00:00,47.67059732702363
2011-08-24 02:00:00,10.808136319296153
2011-08-24 03:00:00,5.10710251959533
2011-08-24 04:00:00,6.020659482326916
2011-08-24 05:00:00,43.8109795692527
2011-08-24 06:00:00,574.3322503973734
2011-08-24 07:00:00,4943.535040001622
2011-08-24 08:00:00,12954.083603845867
2011-08-24 09:00:00,5096.812976352613
2011-08-24 10:00:00,3302.5664076102667
2011-08-24 11:00:00,4045.48792662505
2011-08-24 12:00:00,5694.727646556451
2011-08-24 13:00:00,5246.917235958646
2011-08-24 14:00:00,4815.771706704271
2011-08-24 15:00:00,5215.352612270224
2011-08-24 16:00:00,9994.495981195581
2011-08-24 17:00:00,27696.329001971928
2011-08-24 18:00:00,25893.717648466645
2011-08-24 19:00:00,16996.61186903537
2011-08-24 20:00:00,9549.407252820316
2011-08-24 21:00:00,5884.036903799069
2011-08-24 22:00:00,3324.919749160839
2011-08-24 23:00:00,1251.302731764369
2011-08-25 00:00:00,277.6601161159683
2011-08-25 01:00:00,50.74520377217963
2011-08-25 02:00:00,16.095690104488973
2011-08-25 03:00:00,5.456556758187192
2011-08-25 04:00:00,4.999980228783307
2011-08-25 05:00:00,33.23743939551445
2011-08-25 06:00:00,479.10836619416466
2011-08-25 07:00:00,3672.510814362314
2011-08-25 08:00:00,11135.899600885974
2011-08-25 09:00:00,4851.577599402011
2011-08-25 10:00:00,2745.535523685775
2011-08-25 11:00:00,1541.3703782372888
2011-08-25 12:00:00,2425.894990271013
2011-08-25 13:00:00,4137.298519009991
2011-08-25 14:00:00,4123.999688908991
2011-08-25 15:00:00,4958.076109507501
2011-08-25 16:00:00,5876.740188336227
2011-08-25 17:00:00,15847.033340102134
2011-08-25 18:00:00,12991.309959536447
2011-08-25 19:00:00,10718.286040734023
2011-08-25 20:00:00,6779.121669818826
2011-08-25 21:00:00,4259.368747429325
2011-08-25 22:00:00,2110.333937027908
2011-08-25 23:00:00,981.08121567627
2011-08-26 00:00:00,260.683288746126
2011-08-26 01:00:00,68.66003596977491
2011-08-26 02:00:00,19.249761507183912
2011-08-26 03:00:00,6.300485090670404
2011-08-26 04:00:00,5.569681862627849
2011-08-26 05:00:00,25.539430132103522
2011-08-26 06:00:00,383.27080749599253
2011-08-26 07:00:00,3418.563869408342
2011-08-26 08:00:00,10848.112959113412
2011-08-26 09:00:00,7560.451171706989
2011-08-26 10:00:00,4843.926670514763
2011-08-26 11:00:00,6114.786226923145
2011-08-26 12:00:00,9205.199142381165
2011-08-26 13:00:00,9392.329449621651
2011-08-26 14:00:00,7964.532009929006
2011-08-26 15:00:00,9729.228424829333
2011-08-26 16:00:00,16841.285639417474
2011-08-26 17:00:00,34866.72867459582
2011-08-26 18:00:00,23527.352176581982
2011-08-26 19:00:00,14230.67027814335
2011-08-26 20:00:00,7891.826536020442
2011-08-26 21:00:00,5616.804458505191
2011-08-26 22:00:00,4515.101891365046
2011-08-26 23:00:00,2177.225219998947
2011-08-27 00:00:00,1663.7940627510898
2011-08-27 01:00:00,1109.6298311954363
2011-08-27 02:00:00,569.8190087580804
2011-08-27 03:00:00,140.73358835227808
2011-08-27 04:00:00,14.15752272857701
2011-08-27 05:00:00,11.500732891368179
2011-08-27 06:00:00,51.93432533540238
2011-08-27 07:00:00,245.2042526700714
2011-08-27 08:00:00,1698.219816525869
2011-08-27 09:00:00,3840.742833669492
2011-08-27 10:00:00,8874.46614542126
2011-08-27 11:00:00,3908.0744166897825
2011-08-27 12:00:00,7176.801063923594
2011-08-27 13:00:00,8496.915976715112
2011-08-27 14:00:00,2595.6928442690923
2011-08-27 15:00:00,3072.7574789811288
2011-08-27 16:00:00,2888.8557890948045
2011-08-27 17:00:00,2106.8191441943463
2011-08-28 07:00:00,64.26118479923632
2011-08-28 08:00:00,305.426793087089
2011-08-28 09:00:00,6633.623365376796
2011-08-28 10:00:00,13805.145896082071
2011-08-28 11:00:00,26817.011445543496
2011-08-28 12:00:00,35098.426348168185
2011-08-28 13:00:00,38639.18207149816
2011-08-28 14:00:00,32945.761821232954
2011-08-28 15:00:00,33246.26355910738
2011-08-28 16:00:00,34160.54467620152
2011-08-28 17:00:00,33233.74323712789
2011-08-28 18:00:00,26067.95295990863
2011-08-28 19:00:00,18109.884391313804
2011-08-28 20:00:00,12481.300690184442
2011-08-28 21:00:00,7316.965084344574
2011-08-28 22:00:00,3607.509145602784
2011-08-28 23:00:00,1435.3391115738389
2011-08-29 00:00:00,271.6913076798082
2011-08-29 01:00:00,42.68098505951088
2011-08-29 02:00:00,14.092507023954173
2011-08-29 03:00:00,5.119895919582835
2011-08-29 04:00:00,7.549116457407808
2011-08-29 05:00:00,46.99543506396726
2011-08-29 06:00:00,617.9784534840255
2011-08-29 07:00:00,5938.730071815262
2011-08-29 08:00:00,14080.562575502237
2011-08-29 09:00:00,6553.66589155588
2011-08-29 10:00:00,3976.9526569722643
2011-08-29 11:00:00,5121.003621420408
2011-08-29 12:00:00,7423.619094688444
2011-08-29 13:00:00,5889.531083542948
2011-08-29 14:00:00,6009.662606636984
2011-08-29 15:00:00,7441.464888215258
2011-08-29 16:00:00,13760.632916901166
2011-08-29 17:00:00,36845.21375400166
2011-08-29 18:00:00,33637.10345220615
2011-08-29 19:00:00,23496.980722890483
2011-08-29 20:00:00,10629.312517692179
2011-08-29 21:00:00,5991.270677200825
2011-08-29 22:00:00,3090.095779881332
2011-08-29 23:00:00,1039.1614797270765
2011-08-30 00:00:00,228.4640318282029
2011-08-30 01:00:00,34.189136215984774
2011-08-30 02:00:00,11.853363666221
2011-08-30 03:00:00,4.999601512174478
2011-08-30 04:00:00,8.458938589613073
2011-08-30 05:00:00,55.144980997497576
2011-08-30 06:00:00,667.7677126422954
2011-08-30 07:00:00,4678.94274543265
2011-08-30 08:00:00,14544.636835087651
2011-08-30 09:00:00,6986.932518395025
2011-08-30 10:00:00,4339.588162316262
2011-08-30 11:00:00,5305.695154427192
2011-08-30 12:00:00,6749.342002539864
2011-08-30 13:00:00,7200.444553141742
2011-08-30 14:00:00,7048.458576834259
2011-08-30 15:00:00,7983.729175095708
2011-08-30 16:00:00,15040.025934597685
2011-08-30 17:00:00,39758.41834669898
2011-08-30 18:00:00,36498.85312358274
2011-08-30 19:00:00,20380.693565755944
2011-08-30 20:00:00,10314.447684013157
2011-08-30 21:00:00,5865.9710879720915
2011-08-30 22:00:00,3287.3232264282087
2011-08-30 23:00:00,1324.2523141060483
2011-08-31 00:00:00,230.48749449240213
2011-08-31 01:00:00,40.30420320030577
2011-08-31 02:00:00,10.536732269215394
2011-08-31 03:00:00,5.4552482977302965
2011-08-31 04:00:00,5.528764541350098
2011-08-31 05:00:00,32.36386158611745
2011-08-31 06:00:00,539.3680159316466
2011-08-31 07:00:00,3825.809921541206
2011-08-31 08:00:00,11591.022516257406
2011-08-31 09:00:00,5065.585607194185
2011-08-31 10:00:00,3264.96518042365
2011-08-31 11:00:00,4290.857242462267
2011-08-31 12:00:00,6136.718956674227
2011-08-31 13:00:00,5978.2628732121275
2011-08-31 14:00:00,5499.515441857216
2011-08-31 15:00:00,6291.977366324427
2011-08-31 16:00:00,10724.867374959269
2011-08-31 17:00:00,29842.648784410205
2011-08-31 18:00:00,28636.52234228984
2011-08-31 19:00:00,15890.466064182552
2011-08-31 20:00:00,9830.187409043563
2011-08-31 21:00:00,5890.421926642452
2011-08-31 22:00:00,2723.9292428211256
2011-08-31 23:00:00,973.404810773909
2011-09-20 00:00:00,179.157531209115
2011-09-20 01:00:00,17.337551017821443
2011-09-20 02:00:00,5.987190379951717
2011-09-20 03:00:00,3.0033252165735864
2011-09-20 04:00:00,5.194313584268536
2011-09-20 05:00:00,19.278318808713713
2011-09-20 06:00:00,254.55136599342907
2011-09-20 07:00:00,2245.776306788965
2011-09-20 08:00:00,1437.068149964191
2011-09-20 09:00:00,509.3513640533156
2011-09-20 10:00:00,457.0560048344788
2011-09-20 11:00:00,510.7123263398964
2011-09-20 12:00:00,1062.695649265902
2011-09-20 13:00:00,1143.529995612494
2011-09-20 14:00:00,1507.0618900075121
2011-09-20 15:00:00,3887.8971270277757
2011-09-20 16:00:00,4899.439227999751
2011-09-20 17:00:00,16439.756348017676
2011-09-20 18:00:00,14380.156643073144
2011-09-20 19:00:00,6686.409643160227
2011-09-20 20:00:00,2427.394384607634
2011-09-20 21:00:00,1688.3172539454265
2011-09-20 22:00:00,930.8025103307023
2011-09-20 23:00:00,412.52367595229924
2011-09-21 00:00:00,53.60836549393038
2011-09-21 01:00:00,13.800863693529832
2011-09-21 02:00:00,5.060398471707219
2011-09-21 03:00:00,2.5350682613249873
2011-09-21 04:00:00,2.2309180689352495
2011-09-21 05:00:00,12.086557125023473
2011-09-21 06:00:00,143.19576920466218
2011-09-21 07:00:00,954.7884324223952
2011-09-21 08:00:00,3465.748978362559
2011-09-21 09:00:00,1064.1993954979912
2011-09-21 10:00:00,977.2023422759206
2011-09-21 11:00:00,1906.5469302736847
2011-09-21 12:00:00,3731.0237894687925
2011-09-21 13:00:00,4382.647623626871
2011-09-21 14:00:00,4460.750134249725
2011-09-21 15:00:00,5223.73863012997
2011-09-21 16:00:00,8997.198585069089
2011-09-21 17:00:00,14265.120830708225
2011-09-21 18:00:00,4642.229768929595
2011-09-21 19:00:00,932.2558701230917
2011-09-21 20:00:00,516.090255801609
2011-09-21 21:00:00,893.3743677686226
2011-09-21 22:00:00,651.931232894088
2011-09-21 23:00:00,304.7317054918932
2011-09-22 00:00:00,75.7409335563155
2011-09-22 01:00:00,11.379866574741337
2011-09-22 02:00:00,5.209636576603399
2011-09-22 03:00:00,2.088165301632218
2011-09-22 04:00:00,2.4955447675711278
2011-09-22 05:00:00,13.054524570866167
2011-09-22 06:00:00,166.00633001840464
2011-09-22 07:00:00,1178.2405878980715
2011-09-22 08:00:00,3389.5119915380646
2011-09-22 09:00:00,1208.5563092751675
2011-09-22 10:00:00,1064.165379756663
2011-09-22 11:00:00,1487.4453289426992
2011-09-22 12:00:00,3264.20881389619
2011-09-22 13:00:00,2870.0389200886134
2011-09-22 14:00:00,2918.0511745449603
2011-09-22 15:00:00,4450.671255015174
2011-09-22 16:00:00,10340.694504484285
2011-09-22 17:00:00,21262.726294881984
2011-09-22 18:00:00,10758.930269783066
2011-09-22 19:00:00,6372.2329873693125
2011-09-22 20:00:00,1962.9337017306812
2011-09-22 21:00:00,2284.2348556171914
2011-09-22 22:00:00,493.0251077335354
2011-09-22 23:00:00,334.461626926482
2011-09-23 00:00:00,141.1952612811667
2011-09-23 01:00:00,27.423084645056473
2011-09-23 02:00:00,10.382956611667177
2011-09-23 03:00:00,4.026671122736777
2011-09-23 04:00:00,3.907713844404615
2011-09-23 05:00:00,23.2790194887982
2011-09-23 06:00:00,273.2089823882161
2011-09-23 07:00:00,926.3157483725139
2011-09-23 08:00:00,2862.5243798769484
2011-09-23 09:00:00,848.8274463055102
2011-09-23 10:00:00,453.26060925275345
2011-09-23 11:00:00,569.877159087377
2011-09-23 12:00:00,1304.2035616815333
2011-09-23 13:00:00,843.1859467563155
2011-09-23 14:00:00,657.5193178033195
2011-09-23 15:00:00,1217.7577619086162
2011-09-23 16:00:00,2066.9828667311467
2011-09-23 17:00:00,6310.92816929403
2011-09-23 18:00:00,4923.139897085219
2011-09-23 19:00:00,5089.082126084429
2011-09-23 20:00:00,2697.783122628788
2011-09-23 21:00:00,1517.0996642684906
2011-09-23 22:00:00,1755.569845661555
2011-09-23 23:00:00,751.164306902681
2011-09-24 00:00:00,1322.9739324625828
2011-09-24 01:00:00,756.9597898451838
2011-09-24 02:00:00,496.2662197010271
2011-09-24 03:00:00,148.3769762638283
2011-09-24 04:00:00,18.550327823516533
2011-09-24 05:00:00,12.906410009885612
2011-09-24 06:00:00,64.02789539444713
2011-09-24 07:00:00,380.9224100279827
2011-09-24 08:00:00,1864.5338913151852
2011-09-24 09:00:00,4984.5713127875015
2011-09-24 10:00:00,10658.104364171584
2011-09-24 11:00:00,23666.669458146705
2011-09-24 12:00:00,31080.009842151558
2011-09-24 13:00:00,43516.34791714786
2011-09-24 14:00:00,50593.65856236211
2011-09-24 15:00:00,51557.32227354595
2011-09-24 16:00:00,34625.334613090476
2011-09-24 17:00:00,41789.119953434114
2011-09-24 18:00:00,24370.434549030437
2011-09-24 19:00:00,12825.986547804248
2011-09-24 20:00:00,10164.964096720583
2011-09-24 21:00:00,6746.873426390095
2011-09-24 22:00:00,2995.2385355113624
2011-09-24 23:00:00,1850.4921233070338
2011-09-25 00:00:00,982.5152278516301
2011-09-25 01:00:00,750.2602668284295
2011-09-25 02:00:00,279.4944014946605
2011-09-25 03:00:00,68.01060818609594
2011-09-25 04:00:00,8.463054979411911
2011-09-25 05:00:00,16.0433447494917
2011-09-25 06:00:00,43.57105900644124
2011-09-25 07:00:00,160.73444372188104
2011-09-25 08:00:00,1317.2852171427414
2011-09-25 09:00:00,5791.024093068523
2011-09-25 10:00:00,12135.586111164808
2011-09-25 11:00:00,28107.533929866608
2011-09-25 12:00:00,37466.403226687624
2011-09-25 13:00:00,39720.84566115853
2011-09-25 14:00:00,33943.76834925326
2011-09-25 15:00:00,35585.616409594826
2011-09-25 16:00:00,44592.81586929006
2011-09-25 17:00:00,36305.57272060683
2011-09-25 18:00:00,24919.14693332791
2011-09-25 19:00:00,12547.733353950374
2011-09-25 20:00:00,8484.929535440104
2011-09-25 21:00:00,2743.4109695276165
2011-09-25 22:00:00,2782.8742493409736
2011-09-25 23:00:00,607.6892674097609
2011-09-26 00:00:00,96.66792556555741
2011-09-26 01:00:00,25.578767250196858
2011-09-26 02:00:00,7.948480691798167
2011-09-26 03:00:00,2.8051362127181765
2011-09-26 04:00:00,6.315702152289697
2011-09-26 05:00:00,32.86781006162389
2011-09-26 06:00:00,266.669721934207
2011-09-26 07:00:00,2088.629989102663
2011-09-26 08:00:00,5482.758582149697
2011-09-26 09:00:00,3554.1148102564657
2011-09-26 10:00:00,1717.0044727669
2011-09-26 11:00:00,4490.950810078117
2011-09-26 12:00:00,5802.862674438048
2011-09-26 13:00:00,6158.08137572307
2011-09-26 14:00:00,7116.108930037966
2011-09-26 15:00:00,7740.957443286763
2011-09-26 16:00:00,14564.922725784478
2011-09-26 17:00:00,36391.768394824845
2011-09-26 18:00:00,21875.146858521464
2011-09-26 19:00:00,13798.119008848334
2011-09-26 20:00:00,5802.699947509542
2011-09-26 21:00:00,3232.176078455695
2011-09-26 22:00:00,1180.053985477541
2011-09-26 23:00:00,456.1331868018643
2011-09-27 00:00:00,122.92466138950823
2011-09-27 01:00:00,20.715559705695753
2011-09-27 02:00:00,6.194396902960408
2011-09-27 03:00:00,2.4498208817161644
2011-09-27 04:00:00,6.289448847303327
2011-09-27 05:00:00,19.136446826936226
2011-09-27 06:00:00,285.7319871451413
2011-09-27 07:00:00,2128.4343476427125
2011-09-27 08:00:00,8307.150477312052
2011-09-27 09:00:00,1531.083189374849
2011-09-27 10:00:00,716.0145978864894
2011-09-27 11:00:00,2645.7427361728046
2011-09-27 12:00:00,3233.3009597756272
2011-09-27 13:00:00,5384.9615972620295
2011-09-27 14:00:00,4411.777930956522
2011-09-27 15:00:00,4400.810495700816
2011-09-27 16:00:00,7568.921827437193
2011-09-27 17:00:00,16441.221958206927
2011-09-27 18:00:00,9610.713584419693
2011-09-27 19:00:00,6532.990735329668
2011-09-27 20:00:00,7235.429681677761
2011-09-27 21:00:00,3489.069461931641
2011-09-27 22:00:00,1551.8567634058081
2011-09-27 23:00:00,688.5970686248112
2011-09-28 00:00:00,137.29690901048622
2011-09-28 01:00:00,25.46267078001969
2011-09-28 02:00:00,6.035958695640064
2011-09-28 03:00:00,2.665994280193954
2011-09-28 04:00:00,6.4201300531565
2011-09-28 05:00:00,18.925359259661498
2011-09-28 06:00:00,101.86193933095755
2011-09-28 07:00:00,556.1641952298324
2011-09-28 08:00:00,1593.4018041560748
2011-09-28 09:00:00,590.8808841051937
2011-09-28 10:00:00,1066.3114949222274
2011-09-28 11:00:00,3304.795830519593
2011-09-28 12:00:00,4916.2457834691495
2011-09-28 13:00:00,5546.7423586215145
2011-09-28 14:00:00,5780.929059005331
2011-09-28 15:00:00,6152.661609962175
2011-09-28 16:00:00,10732.934332307816
2011-09-28 17:00:00,27965.0210577702
2011-09-28 18:00:00,7049.998202564657
2011-09-28 19:00:00,3885.5204941182574
2011-09-28 20:00:00,1264.8727404701488
2011-09-28 21:00:00,555.8388324655187
2011-09-28 22:00:00,1456.1739398922919
2011-09-28 23:00:00,449.73468305256836
2011-09-29 00:00:00,95.6514982070124
2011-09-29 01:00:00,11.427516639222398
2011-09-29 02:00:00,4.940537226846808
2011-09-29 03:00:00,2.4492210033875765
2011-09-29 04:00:00,5.491534585304062
2011-09-29 05:00:00,30.038708626910836
2011-09-29 06:00:00,381.0868804930452
2011-09-29 07:00:00,3781.4534554650536
2011-09-29 08:00:00,11120.073528076684
2011-09-29 09:00:00,6020.311305237942
2011-09-29 10:00:00,3577.7617721632537
2011-09-29 11:00:00,5266.694830140071
2011-09-29 12:00:00,7962.865941272037
2011-09-29 13:00:00,7233.520516150322
2011-09-29 14:00:00,6238.248028732684
2011-09-29 15:00:00,6478.476303908021
2011-09-29 16:00:00,12737.514651533063
2011-09-29 17:00:00,31139.69053570669
2011-09-29 18:00:00,25434.38086222972
2011-09-29 19:00:00,14465.210389161524
2011-09-29 20:00:00,9457.097023157334
2011-09-29 21:00:00,4112.5320594200875
2011-09-29 22:00:00,2416.3031709539405
2011-09-29 23:00:00,1071.419217167475
2011-09-30 00:00:00,310.6067044989008
2011-09-30 01:00:00,99.81827810950637
2011-09-30 02:00:00,24.677830489870804
2011-09-30 03:00:00,9.572915980805815
2011-09-30 04:00:00,7.619580940146223
2011-09-30 05:00:00,40.35372374551133
2011-09-30 06:00:00,493.1542336658657
2011-09-30 07:00:00,3763.8702425193733
2011-09-30 08:00:00,13871.752371100067
2011-09-30 09:00:00,7041.625893428226
2011-09-30 10:00:00,5291.206458244979
2011-09-30 11:00:00,7584.275654015057
2011-09-30 12:00:00,10461.399458684115
2011-09-30 13:00:00,10555.258643046973
2011-09-30 14:00:00,8077.268059542171
2011-09-30 15:00:00,9632.794760922417
2011-09-30 16:00:00,16498.859670029487
2011-09-30 17:00:00,35396.649789698415
2011-09-30 18:00:00,18273.901567618614
2011-09-30 19:00:00,9596.690847160036
2011-09-30 20:00:00,6012.825373670099
2011-09-30 21:00:00,3442.114358694137
2011-09-30 22:00:00,2903.473178080697
2011-09-30 23:00:00,1800.723549352055
2011-10-20 00:00:00,96.50590283601419
2011-10-20 01:00:00,24.77419011999284
2011-10-20 02:00:00,6.407486677506338
2011-10-20 03:00:00,3.440187785412711
2011-10-20 04:00:00,3.917859814177439
2011-10-20 05:00:00,24.381096774660367
2011-10-20 06:00:00,246.976071033079
2011-10-20 07:00:00,2041.1252833843366
2011-10-20 08:00:00,7407.031166210153
2011-10-20 09:00:00,2456.1108972109437
2011-10-20 10:00:00,1833.0782738445866
2011-10-20 11:00:00,2376.4664558086624
2011-10-20 12:00:00,3159.9861357506675
2011-10-20 13:00:00,2945.5100024984113
2011-10-20 14:00:00,2160.0237509574417
2011-10-20 15:00:00,2427.5521277990038
2011-10-20 16:00:00,4079.7075054545808
2011-10-20 17:00:00,12138.490494633776
2011-10-20 18:00:00,8032.7282384168675
2011-10-20 19:00:00,5113.957452363613
2011-10-20 20:00:00,2625.3960673669876
2011-10-20 21:00:00,1555.7367544962426
2011-10-20 22:00:00,1039.3776255411226
2011-10-20 23:00:00,566.8378949842228
2011-10-21 00:00:00,178.60849092086536
2011-10-21 01:00:00,59.51551618235047
2011-10-21 02:00:00,18.665234319967777
2011-10-21 03:00:00,7.147801740267161
2011-10-21 04:00:00,6.160807955937056
2011-10-21 05:00:00,29.2217662740126
2011-10-21 06:00:00,308.2031820608196
2011-10-21 07:00:00,2568.8823500904095
2011-10-21 08:00:00,10737.919278564588
2011-10-21 09:00:00,5133.300451582996
2011-10-21 10:00:00,3958.7393076808607
2011-10-21 11:00:00,5245.050694685605
2011-10-21 12:00:00,6971.1189775946505
2011-10-21 13:00:00,6374.479318392251
2011-10-21 14:00:00,6243.521774230265
2011-10-21 15:00:00,6525.204769797487
2011-10-21 16:00:00,10066.242571404297
2011-10-21 17:00:00,15688.037023006826
2011-10-21 18:00:00,7864.039200561331
2011-10-21 19:00:00,4034.6712736322056
2011-10-21 20:00:00,2441.305695653719
2011-10-21 21:00:00,2135.4019837388346
2011-10-21 22:00:00,1925.5523447071002
2011-10-21 23:00:00,988.7368449628858
2011-10-22 00:00:00,1032.60822534042
2011-10-22 01:00:00,667.8615746670309
2011-10-22 02:00:00,368.8266016665063
2011-10-22 03:00:00,96.22454778662807
2011-10-22 04:00:00,14.769342825681635
2011-10-22 05:00:00,11.705160345711846
2011-10-22 06:00:00,50.93178317960355
2011-10-22 07:00:00,276.39830591060655
2011-10-22 08:00:00,1617.6800509921948
2011-10-22 09:00:00,5060.582929905498
2011-10-22 10:00:00,10010.950560151536
2011-10-22 11:00:00,16178.101767910772
2011-10-22 12:00:00,33270.19297563786
2011-10-22 13:00:00,38577.86200792223
2011-10-22 14:00:00,24190.67475188248
2011-10-22 15:00:00,28230.482744777506
2011-10-22 16:00:00,29867.185876366908
2011-10-22 17:00:00,22165.661676864194
2011-10-22 18:00:00,10161.83510761729
2011-10-22 19:00:00,6447.942997462603
2011-10-22 20:00:00,3879.2887903731284
2011-10-22 21:00:00,2305.536335481635
2011-10-22 22:00:00,1806.192207328486
2011-10-22 23:00:00,1175.8288609833976
2011-10-23 00:00:00,522.8824489399625
2011-10-23 01:00:00,362.4163207310707
2011-10-23 02:00:00,250.48653310964875
2011-10-23 03:00:00,91.83790389979985
2011-10-23 04:00:00,10.680605582945661
2011-10-23 05:00:00,7.535335665230523
2011-10-23 06:00:00,19.290696570067773
2011-10-23 07:00:00,139.844461768802
2011-10-23 08:00:00,672.191152779108
2011-10-23 09:00:00,3408.5640771261374
2011-10-23 10:00:00,9721.015267109062
2011-10-23 11:00:00,18785.953570590747
2011-10-23 12:00:00,27837.91319885393
2011-10-23 13:00:00,33019.198126768
2011-10-23 14:00:00,31216.064242029555
2011-10-23 15:00:00,31563.571210923106
2011-10-23 16:00:00,27577.770768140068
2011-10-23 17:00:00,21039.979067658634
2011-10-23 18:00:00,12086.03704816267
2011-10-23 19:00:00,6309.349149040232
2011-10-23 20:00:00,3348.1155251327823
2011-10-23 21:00:00,2285.6343313635107
2011-10-23 22:00:00,1354.9890930652273
2011-10-23 23:00:00,624.3506484172322
2011-10-24 00:00:00,142.27080473855324
2011-10-24 01:00:00,23.842506223341253
2011-10-24 02:00:00,7.851738452205481
2011-10-24 03:00:00,5.254016234448419
2011-10-24 04:00:00,6.767441455981799
2011-10-24 05:00:00,23.99309245366228
2011-10-24 06:00:00,264.6754130421324
2011-10-24 07:00:00,1330.1020830851596
2011-10-24 08:00:00,6692.719296557429
2011-10-24 09:00:00,3097.897783453192
2011-10-24 10:00:00,1585.0971840778323
2011-10-24 11:00:00,3029.921423194949
2011-10-24 12:00:00,5066.641908753626
2011-10-24 13:00:00,4625.041881595333
2011-10-24 14:00:00,4158.737299181185
2011-10-24 15:00:00,5806.473181481656
2011-10-24 16:00:00,9523.089786927192
2011-10-24 17:00:00,24007.485941527342
2011-10-24 18:00:00,22925.46494294994
2011-10-24 19:00:00,2946.31801589769
2011-10-24 20:00:00,3893.760467155
2011-10-24 21:00:00,1820.6849113321932
2011-10-24 22:00:00,1447.0522430104083
2011-10-24 23:00:00,573.0506082001897
2011-10-25 00:00:00,133.64084445117447
2011-10-25 01:00:00,21.826922661689547
2011-10-25 02:00:00,7.300315926035469
2011-10-25 03:00:00,4.063598169154315
2011-10-25 04:00:00,5.555796025353919
2011-10-25 05:00:00,21.98268240360329
2011-10-25 06:00:00,282.6427730724243
2011-10-25 07:00:00,2455.7182995247754
2011-10-25 08:00:00,10773.586858950743
2011-10-25 09:00:00,4908.6752765077845
2011-10-25 10:00:00,2867.0700465941654
2011-10-25 11:00:00,3435.4803635082735
2011-10-25 12:00:00,5049.64429145188
2011-10-25 13:00:00,5302.620183998088
2011-10-25 14:00:00,4782.803361448731
2011-10-25 15:00:00,5602.7297593466665
2011-10-25 16:00:00,10269.296307166609
2011-10-25 17:00:00,28988.136296581848
2011-10-25 18:00:00,17311.94225096487
2011-10-25 19:00:00,6499.873929730829
2011-10-25 20:00:00,4029.7845655778056
2011-10-25 21:00:00,2015.668951170382
2011-10-25 22:00:00,1429.2787515299603
2011-10-25 23:00:00,561.2739894475807
2011-10-26 00:00:00,115.53141145460572
2011-10-26 01:00:00,20.57150700689769
2011-10-26 02:00:00,7.930787409405014
2011-10-26 03:00:00,3.8521854968181324
2011-10-26 04:00:00,4.361857632199734
2011-10-26 05:00:00,31.2811479401062
2011-10-26 06:00:00,370.7339707337989
2011-10-26 07:00:00,3031.6357972832593
2011-10-26 08:00:00,8979.633460120203
2011-10-26 09:00:00,4284.637429777116
2011-10-26 10:00:00,2482.259039488893
2011-10-26 11:00:00,2990.1348530319246
2011-10-26 12:00:00,2060.418352094544
2011-10-26 13:00:00,1723.4816535033817
2011-10-26 14:00:00,2911.7049387002558
2011-10-26 15:00:00,3251.512210339425
2011-10-26 16:00:00,5363.852358498008
2011-10-26 17:00:00,14613.822255860458
2011-10-26 18:00:00,11361.625783063395
2011-10-26 19:00:00,5313.1868242879245
2011-10-26 20:00:00,2729.5565387077695
2011-10-26 21:00:00,2081.280488779572
2011-10-26 22:00:00,1006.6478975696916
2011-10-26 23:00:00,457.5839949343205
2011-10-27 00:00:00,105.71096204029769
2011-10-27 01:00:00,23.26352511461098
2011-10-27 02:00:00,9.225783870308206
2011-10-27 03:00:00,2.845941853360116
2011-10-27 04:00:00,5.400996922942767
2011-10-27 05:00:00,20.74562437410576
2011-10-27 06:00:00,226.3138901310516
2011-10-27 07:00:00,2210.217755159023
2011-10-27 08:00:00,2726.01071391007
2011-10-27 09:00:00,3873.883108452588
2011-10-27 10:00:00,525.4580338943575
2011-10-27 11:00:00,738.678446892167
2011-10-27 12:00:00,1076.5694967629258
2011-10-27 13:00:00,2301.5839318934886
2011-10-27 14:00:00,2672.555728393172
2011-10-27 15:00:00,2937.302083521853
2011-10-27 16:00:00,6986.49679894904
2011-10-27 17:00:00,9371.583703158754
2011-10-27 18:00:00,7146.468844554965
2011-10-27 19:00:00,2764.7245896254435
2011-10-27 20:00:00,1979.554115665179
2011-10-27 21:00:00,1134.3706220846498
2011-10-27 22:00:00,581.8599863821647
2011-10-27 23:00:00,276.7288533508123
2011-10-28 00:00:00,127.42596623608277
2011-10-28 01:00:00,39.076921427656174
2011-10-28 02:00:00,12.837190168871507
2011-10-28 03:00:00,5.259910484631262
2011-10-28 04:00:00,5.042413113126923
2011-10-28 05:00:00,21.295836122415565
2011-10-28 06:00:00,180.86581235530556
2011-10-28 07:00:00,1410.7718863100872
2011-10-28 08:00:00,6206.70645119733
2011-10-28 09:00:00,2958.041978324453
2011-10-28 10:00:00,1939.9563034862583
2011-10-28 11:00:00,2558.030356239005
2011-10-28 12:00:00,3945.470271879334
2011-10-28 13:00:00,3268.0920274316472
2011-10-28 14:00:00,2550.062546572898
2011-10-28 15:00:00,2758.80244121694
2011-10-28 16:00:00,4169.859295138523
2011-10-28 17:00:00,8845.385759968378
2011-10-28 18:00:00,5458.247261156993
2011-10-28 19:00:00,3088.287721856534
2011-10-28 20:00:00,654.6751498737488
2011-10-28 21:00:00,386.66257936488205
2011-10-28 22:00:00,275.9795396289474
2011-10-28 23:00:00,153.78875581804294
2011-10-29 00:00:00,119.66406032028532
2011-10-29 01:00:00,97.97509217345544
2011-10-29 02:00:00,80.9561747619898
2011-10-29 03:00:00,20.8007980533811
2011-10-29 04:00:00,3.67641079422021
2011-10-29 05:00:00,2.6061822902675926
2011-10-29 06:00:00,6.734220274942721
2011-10-29 07:00:00,29.92696876527041
2011-10-29 08:00:00,151.57376375991106
2011-10-29 09:00:00,438.7849905751854
2011-10-29 10:00:00,763.8602605963683
2011-10-29 11:00:00,910.1843268835133
2011-10-29 12:00:00,1174.39711698923
2011-10-29 13:00:00,1036.8736809183463
2011-10-29 14:00:00,1004.0213806159203
2011-10-29 15:00:00,1318.7753877782056
2011-10-29 16:00:00,977.0987855905194
2011-10-29 17:00:00,724.8124796500712
2011-10-29 18:00:00,402.18784357430246
2011-10-29 19:00:00,644.8149503383619
2011-10-29 20:00:00,394.8592916598918
2011-10-29 21:00:00,309.7575260041029
2011-10-29 22:00:00,235.0145082522757
2011-10-29 23:00:00,212.62544220643477
2011-10-30 00:00:00,123.29472948696105
2011-10-30 01:00:00,103.7783795955436
2011-10-30 02:00:00,68.76971478695677
2011-10-30 03:00:00,27.249681729261553
2011-10-30 04:00:00,4.191497124145322
2011-10-30 05:00:00,4.494111468045058
2011-10-30 06:00:00,13.45211494334049
2011-10-30 07:00:00,68.51738485997717
2011-10-30 08:00:00,297.7492931127123
2011-10-30 09:00:00,1698.8730650092634
2011-10-30 10:00:00,5523.9371293484355
2011-10-30 11:00:00,9456.08010566155
2011-10-30 12:00:00,14795.95928661176
2011-10-30 13:00:00,14846.689581975188
2011-10-30 14:00:00,17428.932793758908
2011-10-30 15:00:00,18489.749949323465
2011-10-30 16:00:00,19341.355191470106
2011-10-30 17:00:00,12247.21973820147
2011-10-30 18:00:00,5480.760468097521
2011-10-30 19:00:00,11214.909735647492
2011-10-30 20:00:00,1810.2454073527804
2011-10-30 21:00:00,993.8993727860105
2011-10-30 22:00:00,657.7713877853412
2011-10-30 23:00:00,171.89352601476165
2011-10-31 00:00:00,42.00288360292392
2011-10-31 01:00:00,12.395917400201
2011-10-31 02:00:00,4.190568967739371
2011-10-31 03:00:00,3.247017889412795
2011-10-31 04:00:00,4.29375621701769
2011-10-31 05:00:00,12.266206852328033
2011-10-31 06:00:00,145.24528616729145
2011-10-31 07:00:00,818.0179059968623
2011-10-31 08:00:00,3741.093145101793
2011-10-31 09:00:00,2267.870595057182
2011-10-31 10:00:00,1455.545408973835
2011-10-31 11:00:00,2406.940854662696
2011-10-31 12:00:00,3518.1481550024996
2011-10-31 13:00:00,2629.4819662744176
2011-10-31 14:00:00,2369.0262981016767
2011-10-31 15:00:00,3208.6868435386023
2011-10-31 16:00:00,5074.2761409988625
2011-10-31 17:00:00,14149.676732460843
2011-10-31 18:00:00,8316.08898973198
2011-10-31 19:00:00,4726.272606842261
2011-10-31 20:00:00,2502.9792463700633
2011-10-31 21:00:00,859.8840263378663
2011-10-31 22:00:00,493.5092378294235
2011-10-31 23:00:00,185.05241861317893
2011-11-20 00:00:00,797.1564668180155
2011-11-20 01:00:00,553.1600674726127
2011-11-20 02:00:00,346.1371391365096
2011-11-20 03:00:00,71.57793277162872
2011-11-20 04:00:00,9.559793898920452
2011-11-20 05:00:00,9.197439997875911
2011-11-20 06:00:00,32.015385405724295
2011-11-20 07:00:00,221.08198073274775
2011-11-20 08:00:00,831.4636388502234
2011-11-20 09:00:00,4080.136607221566
2011-11-20 10:00:00,7963.872425058821
2011-11-20 11:00:00,18825.49994619513
2011-11-20 12:00:00,25845.798078352076
2011-11-20 13:00:00,30941.885599505036
2011-11-20 14:00:00,29908.46048279773
2011-11-20 15:00:00,25502.957785090734
2011-11-20 16:00:00,26461.18763015085
2011-11-20 17:00:00,19743.87655512968
2011-11-20 18:00:00,15161.911213955942
2011-11-20 19:00:00,6694.23319672331
2011-11-20 20:00:00,5331.371954845911
2011-11-20 21:00:00,2380.174691965942
2011-11-20 22:00:00,494.6706957927436
2011-11-20 23:00:00,248.64444447058096
2011-11-21 00:00:00,93.75896748541805
2011-11-21 01:00:00,9.058448009197848
2011-11-21 02:00:00,4.5758154925457575
2011-11-21 03:00:00,2.3394468211891084
2011-11-21 04:00:00,3.1570345086767535
2011-11-21 05:00:00,14.202430846723699
2011-11-21 06:00:00,140.1175155952254
2011-11-21 07:00:00,2105.479030406361
2011-11-21 08:00:00,6532.354332122489
2011-11-21 09:00:00,2943.790085943088
2011-11-21 10:00:00,2089.1497359209243
2011-11-21 11:00:00,2758.0008305233287
2011-11-21 12:00:00,3830.230575199124
2011-11-21 13:00:00,3204.1078395376994
2011-11-21 14:00:00,2299.443859543307
2011-11-21 15:00:00,462.24467722022825
2011-11-21 16:00:00,791.0613161422441
2011-11-21 17:00:00,1762.6703601980878
2011-11-21 18:00:00,2021.0896488769324
2011-11-21 19:00:00,773.1527951885353
2011-11-21 20:00:00,541.4384999483059
2011-11-21 21:00:00,424.6525874292527
2011-11-21 22:00:00,252.15440868580356
2011-11-21 23:00:00,112.51684168830913
2011-11-22 00:00:00,23.04815694174204
2011-11-22 01:00:00,6.891007391996563
2011-11-22 02:00:00,3.2847163720032544
2011-11-22 03:00:00,1.773531311619744
2011-11-22 04:00:00,3.3450080034130556
2011-11-22 05:00:00,10.504151368969277
2011-11-22 06:00:00,155.33832205398892
2011-11-22 07:00:00,365.5920103511989
2011-11-22 08:00:00,1353.691364532315
2011-11-22 09:00:00,596.3866383864797
2011-11-22 10:00:00,275.08514908363185
2011-11-22 11:00:00,289.41381599433015
2011-11-22 12:00:00,324.30018497999913
2011-11-22 13:00:00,302.15498523026486
2011-11-22 14:00:00,253.25162023490745
2011-11-22 15:00:00,441.31065494368596
2011-11-22 16:00:00,806.7667960740283
2011-11-22 17:00:00,1734.0005224205531
2011-11-22 18:00:00,1198.443607272281
2011-11-22 19:00:00,1178.4689183017754
2011-11-22 20:00:00,1015.2893024252716
2011-11-22 21:00:00,636.288715910617
2011-11-22 22:00:00,645.7537177807158
2011-11-22 23:00:00,288.9777649854926
2011-11-23 00:00:00,68.1099536748654
2011-11-23 01:00:00,11.23085775595038
2011-11-23 02:00:00,2.8978466188868897
2011-11-23 03:00:00,1.1517694684163213
2011-11-23 04:00:00,2.77359624449584
2011-11-23 05:00:00,16.846522805406334
2011-11-23 06:00:00,149.5621313664925
2011-11-23 07:00:00,1470.7287960852666
2011-11-23 08:00:00,6565.643959677758
2011-11-23 09:00:00,2338.887368918423
2011-11-23 10:00:00,1129.481843511229
2011-11-23 11:00:00,1933.1600238864094
2011-11-23 12:00:00,3475.598726135791
2011-11-23 13:00:00,1932.5112537350856
2011-11-23 14:00:00,1740.6085868388545
2011-11-23 15:00:00,1835.7074789818241
2011-11-23 16:00:00,2509.0376942338435
2011-11-23 17:00:00,1960.5307026330017
2011-11-23 18:00:00,4260.437660877142
2011-11-23 19:00:00,2762.044769771285
2011-11-23 20:00:00,1336.9653790516363
2011-11-23 21:00:00,856.1999289289502
2011-11-23 22:00:00,462.46523758872485
2011-11-23 23:00:00,226.61965708352164
2011-11-24 00:00:00,361.2974708105666
2011-11-24 01:00:00,96.06053556445647
2011-11-24 02:00:00,64.7216704622999
2011-11-24 03:00:00,22.32272420396567
2011-11-24 04:00:00,8.843890199987513
2011-11-24 05:00:00,7.451785541490253
2011-11-24 06:00:00,43.59778757516499
2011-11-24 07:00:00,126.91869465574338
2011-11-24 08:00:00,853.7674733676021
2011-11-24 09:00:00,2405.593972960119
2011-11-24 10:00:00,5109.642717630716
2011-11-24 11:00:00,8874.065117454946
2011-11-24 12:00:00,17162.380536389606
2011-11-24 13:00:00,18541.767515590636
2011-11-24 14:00:00,17006.493981152526
2011-11-24 15:00:00,17976.488040004187
2011-11-24 16:00:00,17965.082739581798
2011-11-24 17:00:00,17152.16075142598
2011-11-24 18:00:00,6202.353954235454
2011-11-24 19:00:00,3585.245246426904
2011-11-24 20:00:00,1619.8205764987845
2011-11-24 21:00:00,1072.7053779620283
2011-11-24 22:00:00,832.3203854105225
2011-11-24 23:00:00,317.1906947589822
2011-11-25 00:00:00,133.24274237011045
2011-11-25 01:00:00,47.49475234945761
2011-11-25 02:00:00,15.001922714250716
2011-11-25 03:00:00,5.953694068434675
2011-11-25 04:00:00,5.745511096874603
2011-11-25 05:00:00,24.952074507176995
2011-11-25 06:00:00,175.74463634514657
2011-11-25 07:00:00,1072.2860837477597
2011-11-25 08:00:00,4510.020007658743
2011-11-25 09:00:00,2965.9555669723027
2011-11-25 10:00:00,2114.2661782527575
2011-11-25 11:00:00,3316.516664410535
2011-11-25 12:00:00,6957.287972549029
2011-11-25 13:00:00,7200.9534965676785
2011-11-25 14:00:00,6931.266588249324
2011-11-25 15:00:00,8090.514435287721
2011-11-25 16:00:00,10990.518613858676
2011-11-25 17:00:00,27957.51022158183
2011-11-25 18:00:00,13424.67208090567
2011-11-25 19:00:00,4965.995950331904
2011-11-25 20:00:00,2488.024984730348
2011-11-25 21:00:00,1360.0805753903896
2011-11-25 22:00:00,972.4804910130766
2011-11-25 23:00:00,664.5851734933152
2011-11-26 00:00:00,763.273762710051
2011-11-26 01:00:00,464.0208166114558
2011-11-26 02:00:00,270.11658727971025
2011-11-26 03:00:00,82.11329898413837
2011-11-26 04:00:00,11.967502525572717
2011-11-26 05:00:00,9.904798168751267
2011-11-26 06:00:00,29.255473511353046
2011-11-26 07:00:00,105.96674942802014
2011-11-26 08:00:00,1042.8870490796457
2011-11-26 09:00:00,3541.289202604111
2011-11-26 10:00:00,7150.648792869639
2011-11-26 11:00:00,16736.43523746585
2011-11-26 12:00:00,24476.36249818461
2011-11-26 13:00:00,34058.60946938238
2011-11-26 14:00:00,28703.377854821265
2011-11-26 15:00:00,29565.936136251716
2011-11-26 16:00:00,21987.251053888383
2011-11-26 17:00:00,17769.028194897237
2011-11-26 18:00:00,7733.638708726607
2011-11-26 19:00:00,4185.716302200933
2011-11-26 20:00:00,3405.123918932713
2011-11-26 21:00:00,1427.7010406899365
2011-11-26 22:00:00,1263.8840730171783
2011-11-26 23:00:00,1023.9867504878505
2011-11-27 00:00:00,648.0543424577114
2011-11-27 01:00:00,473.74146451251244
2011-11-27 02:00:00,266.1520485394038
2011-11-27 03:00:00,93.16885098569735
2011-11-27 04:00:00,11.217714470594094
2011-11-27 05:00:00,7.151927869078236
2011-11-27 06:00:00,29.37359539235266
2011-11-27 07:00:00,126.71025655711055
2011-11-27 08:00:00,625.8023408399065
2011-11-27 09:00:00,4267.030519215683
2011-11-27 10:00:00,9675.112613302954
2011-11-27 11:00:00,16899.43283846209
2011-11-27 12:00:00,35226.734009139684
2011-11-27 13:00:00,37962.6559892209
2011-11-27 14:00:00,37296.172020089114
2011-11-27 15:00:00,44463.55602671426
2011-11-27 16:00:00,30290.252882327324
2011-11-27 17:00:00,26969.212693244226
2011-11-27 18:00:00,12163.100616178357
2011-11-27 19:00:00,6556.664978637366
2011-11-27 20:00:00,4465.897443119664
2011-11-27 21:00:00,2627.851604705721
2011-11-27 22:00:00,1821.9551274614062
2011-11-27 23:00:00,839.3555431559556
2011-11-28 00:00:00,148.72455349142896
2011-11-28 01:00:00,23.349428981575343
2011-11-28 03:00:00,4.241427132713916
2011-11-28 04:00:00,6.572461373653918
2011-11-28 05:00:00,25.603463741249097
2011-11-28 06:00:00,370.1641387460987
2011-11-28 07:00:00,2691.7329661629115
2011-11-28 08:00:00,5224.8216239124185
2011-11-28 09:00:00,2210.3114431583244
2011-11-28 10:00:00,2299.853622291938
2011-11-28 11:00:00,3558.5551296446697
2011-11-28 12:00:00,6442.592970037187
2011-11-28 13:00:00,4795.158908694093
2011-11-28 14:00:00,6100.294877731745
2011-11-28 15:00:00,6366.487017336839
2011-11-28 16:00:00,10068.659199433067
2011-11-28 17:00:00,26768.201217468508
2011-11-28 18:00:00,22037.15637663136
2011-11-28 19:00:00,11293.635797010198
2011-11-28 20:00:00,5600.251975359697
2011-11-28 21:00:00,2340.3453052445425
2011-11-28 22:00:00,1247.888632884145
2011-11-28 23:00:00,509.9980831088037
2011-11-29 00:00:00,186.49026888643544
2011-11-29 01:00:00,32.23990165879177
2011-11-29 02:00:00,5.677314861730606
2011-11-29 03:00:00,3.4060487928046346
2011-11-29 04:00:00,4.811273410184822
2011-11-29 05:00:00,23.67637053847263
2011-11-29 06:00:00,396.55443809949253
2011-11-29 07:00:00,4172.732711834413
2011-11-29 08:00:00,10316.708220068092
2011-11-29 09:00:00,2282.973674872462
2011-11-29 10:00:00,1198.400707762738
2011-11-29 11:00:00,446.3074960999708
2011-11-29 12:00:00,538.3062346397386
2011-11-29 13:00:00,705.2452038665544
2011-11-29 14:00:00,268.6155999794147
2011-11-29 15:00:00,351.319199589122
2011-11-29 16:00:00,697.8393020378682
2011-11-29 17:00:00,3755.6552710529227
2011-11-29 18:00:00,3166.7190940141077
2011-11-29 19:00:00,1727.1468246564125
2011-11-29 20:00:00,851.1826968846955
2011-11-29 21:00:00,613.6675997879408
2011-11-29 22:00:00,515.6661107489732
2011-11-29 23:00:00,240.51287172212918
2011-11-30 00:00:00,76.30589075478656
2011-11-30 01:00:00,14.302981724760665
2011-11-30 02:00:00,5.516978616056371
2011-11-30 03:00:00,3.6385032079308783
2011-11-30 04:00:00,3.919857475524169
2011-11-30 05:00:00,18.042437352049152
2011-11-30 06:00:00,151.46701834318114
2011-11-30 07:00:00,997.4153335480921
2011-11-30 08:00:00,4239.720511921239
2011-11-30 09:00:00,1614.5464210203177
2011-11-30 10:00:00,1059.4077348280678
2011-11-30 11:00:00,1471.8569400250062
2011-11-30 12:00:00,1824.3075301899687
2011-11-30 13:00:00,1598.1072088344504
2011-11-30 14:00:00,1494.2955974670197
2011-11-30 15:00:00,1537.1481938394488
2011-11-30 16:00:00,2534.0872587481904
2011-11-30 17:00:00,5226.734956276675
2011-11-30 18:00:00,4123.9739005741885
2011-11-30 19:00:00,1662.027816382731
2011-11-30 20:00:00,962.4904693635812
2011-11-30 21:00:00,581.2760651884824
2011-11-30 22:00:00,394.793644873824
2011-11-30 23:00:00,153.95742443371645
2011-12-20 00:00:00,105.13042301037177
2011-12-20 01:00:00,19.03551114072643
2011-12-20 02:00:00,5.130760165639918
2011-12-20 03:00:00,3.207335482752723
2011-12-20 04:00:00,5.2514591996514595
2011-12-20 05:00:00,24.32379587364188
2011-12-20 06:00:00,260.14390958556874
2011-12-20 07:00:00,1931.3005341135602
2011-12-20 08:00:00,9843.638593436448
2011-12-20 09:00:00,2564.2813770175912
2011-12-20 10:00:00,1617.5792654756387
2011-12-20 11:00:00,1690.8760896789322
2011-12-20 12:00:00,2970.9856549389997
2011-12-20 13:00:00,2698.227693163656
2011-12-20 14:00:00,2507.172994583125
2011-12-20 15:00:00,2528.343085778065
2011-12-20 16:00:00,4938.566849843258
2011-12-20 17:00:00,11326.96146893921
2011-12-20 18:00:00,6371.252395721032
2011-12-20 19:00:00,3771.1523270709
2011-12-20 20:00:00,1794.6453850110447
2011-12-20 21:00:00,1234.1574727809036
2011-12-20 22:00:00,650.1877361682195
2011-12-20 23:00:00,332.4371782998497
2011-12-21 00:00:00,28.353165787645246
2011-12-21 01:00:00,7.497576247559521
2011-12-21 02:00:00,2.683306466494323
2011-12-21 03:00:00,1.6039809364132054
2011-12-21 04:00:00,1.303930316670967
2011-12-21 05:00:00,8.083889463532698
2011-12-21 06:00:00,64.74158955111837
2011-12-21 07:00:00,488.35663100122935
2011-12-21 08:00:00,402.58142269047045
2011-12-21 09:00:00,727.0836932211338
2011-12-21 10:00:00,578.4466160403873
2011-12-21 11:00:00,667.7402161151059
2011-12-21 12:00:00,145.91486781918078
2011-12-21 13:00:00,60.38760555365399
2011-12-21 14:00:00,637.0846991241618
2011-12-21 15:00:00,728.1513487613267
2011-12-21 16:00:00,83.84726478859055
2011-12-21 17:00:00,236.42015988496644
2011-12-21 18:00:00,696.7606154187066
2011-12-21 19:00:00,1046.2176129382265
2011-12-21 20:00:00,623.3450811209051
2011-12-21 21:00:00,647.029735879942
2011-12-21 22:00:00,492.16297762950245
2011-12-21 23:00:00,223.66707311883883
2011-12-22 00:00:00,73.87687385977736
2011-12-22 01:00:00,7.127903634013579
2011-12-22 02:00:00,6.8490484136556695
2011-12-22 03:00:00,1.998350044256393
2011-12-22 04:00:00,1.73906657538301
2011-12-22 05:00:00,9.426915299261706
2011-12-22 06:00:00,86.08848532501635
2011-12-22 07:00:00,538.1093025267791
2011-12-22 08:00:00,2121.1907696774006
2011-12-22 09:00:00,1020.1479887517409
2011-12-22 10:00:00,410.0363310469426
2011-12-22 11:00:00,711.2256724236776
2011-12-22 12:00:00,1876.5269999029015
2011-12-22 13:00:00,1532.4381037015075
2011-12-22 14:00:00,1471.5154821192446
2011-12-22 15:00:00,1758.4454199770478
2011-12-22 16:00:00,2444.949509497902
2011-12-22 17:00:00,3904.2270153512104
2011-12-22 18:00:00,3375.3770400389926
2011-12-22 19:00:00,1910.30141040757
2011-12-22 20:00:00,371.91704104929977
2011-12-22 21:00:00,247.1240821344602
2011-12-22 22:00:00,51.39409553870477
2011-12-22 23:00:00,42.87164700222416
2011-12-23 00:00:00,11.14173496813147
2011-12-23 01:00:00,5.873023613778482
2011-12-23 02:00:00,3.7053103917163517
2011-12-23 03:00:00,1.0493427436661609
2011-12-23 04:00:00,0.6236452866971992
2011-12-23 05:00:00,6.984306648499711
2011-12-23 06:00:00,92.38052841182413
2011-12-23 07:00:00,791.847937900295
2011-12-23 08:00:00,4095.386886983808
2011-12-23 09:00:00,1897.933956718194
2011-12-23 10:00:00,888.0032084741902
2011-12-23 11:00:00,1001.5919573322577
2011-12-23 12:00:00,1277.3719700997292
2011-12-23 13:00:00,1270.7784395559638
2011-12-23 14:00:00,1197.117967252617
2011-12-23 15:00:00,1232.5101812188523
2011-12-23 16:00:00,1725.6562226350018
2011-12-23 17:00:00,3594.302477514183
2011-12-23 18:00:00,2353.0051863964095
2011-12-23 19:00:00,1075.2835251735926
2011-12-23 20:00:00,412.47547250056726
2011-12-23 21:00:00,363.9152020256491
2011-12-23 22:00:00,300.43393636461303
2011-12-23 23:00:00,213.1481510849786
2011-12-24 00:00:00,146.93043871130328
2011-12-24 01:00:00,99.08857068232015
2011-12-24 02:00:00,70.84842762997525
2011-12-24 03:00:00,18.30258027141295
2011-12-24 04:00:00,3.423351082591317
2011-12-24 05:00:00,2.2168231346417393
2011-12-24 06:00:00,6.084676164204483
2011-12-24 07:00:00,28.98550867805664
2011-12-24 08:00:00,188.81519905827793
2011-12-24 09:00:00,456.29200802123796
2011-12-24 10:00:00,901.6534405844329
2011-12-24 11:00:00,1890.9007890732125
2011-12-24 12:00:00,3957.781700591096
2011-12-24 13:00:00,3889.3222926127723
2011-12-24 14:00:00,3720.946938898979
2011-12-24 15:00:00,3154.4308251919706
2011-12-24 16:00:00,2693.4618536214616
2011-12-24 17:00:00,1528.0277673824942
2011-12-24 18:00:00,1231.477796596209
2011-12-24 19:00:00,731.8748568724832
2011-12-24 20:00:00,266.47004890326446
2011-12-24 21:00:00,190.99038198643177
2011-12-24 22:00:00,131.51606118869628
2011-12-24 23:00:00,105.82968058843085
2011-12-25 00:00:00,70.6675032269944
2011-12-25 01:00:00,44.79046549637815
2011-12-25 02:00:00,36.53049437142219
2011-12-25 03:00:00,13.501666895384213
2011-12-25 05:00:00,1.4171607585064123
2011-12-25 06:00:00,2.562292566275622
2011-12-25 07:00:00,13.216856640209905
2011-12-25 08:00:00,60.612410205376506
2011-12-25 09:00:00,281.9615021773312
2011-12-25 10:00:00,641.810808599766
2011-12-25 11:00:00,1945.8599347716033
2011-12-25 12:00:00,1855.8564990422562
2011-12-25 13:00:00,2307.4342063198424
2011-12-25 14:00:00,3143.2979607036436
2011-12-25 15:00:00,3104.269839135096
2011-12-25 16:00:00,3623.1184757598135
2011-12-25 17:00:00,2484.0434428478716
2011-12-25 18:00:00,931.3913806925215
2011-12-25 19:00:00,694.5672948932565
2011-12-25 20:00:00,397.55226938717465
2011-12-25 21:00:00,298.823334825144
2011-12-25 22:00:00,159.6844043983371
2011-12-25 23:00:00,45.41214704800535
2011-12-26 00:00:00,43.891177581559425
2011-12-26 01:00:00,26.643858246826202
2011-12-26 02:00:00,25.37296421549628
2011-12-26 04:00:00,2.604857251588494
2011-12-26 05:00:00,1.7131702252756018
2011-12-26 06:00:00,7.666938414621557
2011-12-26 07:00:00,42.379175857742936
2011-12-26 08:00:00,240.89070735562663
2011-12-26 09:00:00,510.98390437329664
2011-12-26 10:00:00,711.2608911052274
2011-12-26 11:00:00,947.5558028282336
2011-12-26 12:00:00,2080.1310351908905
2011-12-26 13:00:00,2335.624845893149
2011-12-26 14:00:00,2288.632380585081
2011-12-26 15:00:00,2475.195878401081
2011-12-26 16:00:00,2169.9248157881752
2011-12-26 17:00:00,1587.3126249281434
2011-12-26 18:00:00,900.3175203829616
2011-12-26 19:00:00,533.5103410309507
2011-12-26 20:00:00,314.2559538763213
2011-12-26 21:00:00,121.58897151125966
2011-12-26 22:00:00,80.98797044096251
2011-12-26 23:00:00,26.14904782261695
2011-12-27 00:00:00,15.801844808272516
2011-12-27 01:00:00,4.421885527072793
2011-12-27 02:00:00,1.8750360495687521
2011-12-27 03:00:00,1.3165074954413196
2011-12-27 04:00:00,1.3663347661560439
2011-12-27 05:00:00,6.413741281486419
2011-12-27 06:00:00,61.36770913167328
2011-12-27 07:00:00,442.5786666340006
2011-12-27 08:00:00,2192.245238578661
2011-12-27 09:00:00,384.0639550416038
2011-12-27 10:00:00,350.29094883503035
2011-12-27 11:00:00,137.86198564375877
2011-12-27 12:00:00,154.96857804761652
2011-12-27 13:00:00,100.43251036041647
2011-12-27 14:00:00,120.66652288470358
2011-12-27 15:00:00,151.86377375102916
2011-12-27 16:00:00,216.76176713705195
2011-12-27 17:00:00,748.8594584385146
2011-12-27 18:00:00,1163.5845206110273
2011-12-27 19:00:00,721.2290775652392
2011-12-27 20:00:00,300.2485628410484
2011-12-27 21:00:00,275.7540109301683
2011-12-27 22:00:00,155.62858782068778
2011-12-27 23:00:00,64.78922932173457
2011-12-28 00:00:00,18.54965899215529
2011-12-28 01:00:00,6.566203397797013
2011-12-28 02:00:00,2.352480032256757
2011-12-28 03:00:00,1.56494378827751
2011-12-28 05:00:00,6.556010231771319
2011-12-28 06:00:00,72.52210359086494
2011-12-28 07:00:00,518.3958681875911
2011-12-28 08:00:00,2044.1708842901132
2011-12-28 09:00:00,902.7552276140624
2011-12-28 10:00:00,425.20488904346666
2011-12-28 11:00:00,465.2192883022061
2011-12-28 12:00:00,461.29199073296206
2011-12-28 13:00:00,489.457755745856
2011-12-28 14:00:00,377.46119331367845
2011-12-28 15:00:00,447.6074622592167
2011-12-28 16:00:00,581.3378345267208
2011-12-28 17:00:00,1502.1909789313077
2011-12-28 18:00:00,931.0213107889774
2011-12-28 19:00:00,412.35492572705317
2011-12-28 20:00:00,246.91412778286244
2011-12-28 21:00:00,139.18274370483772
2011-12-28 22:00:00,83.2429261408208
2011-12-28 23:00:00,30.716304581575365
2011-12-29 00:00:00,9.245741432660765
2011-12-29 01:00:00,3.193787848198607
2011-12-29 02:00:00,2.4819280833365682
2011-12-29 03:00:00,1.2536399251808035
2011-12-29 04:00:00,1.272823777481021
2011-12-29 05:00:00,6.356802344617097
2011-12-29 06:00:00,49.47762425184615
2011-12-29 07:00:00,286.0520642036135
2011-12-29 08:00:00,1038.459261563744
2011-12-29 09:00:00,466.4457116329114
2011-12-29 10:00:00,173.9662739420361
2011-12-29 11:00:00,257.77305927312284
2011-12-29 12:00:00,345.7782293776502
2011-12-29 13:00:00,434.7566452159451
2011-12-29 14:00:00,392.4055786119604
2011-12-29 15:00:00,450.14172853237176
2011-12-29 16:00:00,782.7577928264717
2011-12-29 17:00:00,2192.527617224667
2011-12-29 18:00:00,1611.4856231864921
2011-12-29 19:00:00,865.3970781134823
2011-12-29 20:00:00,400.9284894479257
2011-12-29 21:00:00,250.0829824950399
2011-12-29 22:00:00,195.03065282028527
2011-12-29 23:00:00,97.66872270827574
2011-12-30 00:00:00,34.61515115774461
2011-12-30 01:00:00,11.430455214162215
2011-12-30 02:00:00,4.415839140669659
2011-12-30 03:00:00,1.8887156964949376
2011-12-30 04:00:00,1.388142214962011
2011-12-30 05:00:00,6.853818036278145
2011-12-30 06:00:00,62.82412704645885
2011-12-30 07:00:00,416.659086470796
2011-12-30 08:00:00,1562.0464005481385
2011-12-30 09:00:00,887.73551770991
2011-12-30 10:00:00,550.0284579492279
2011-12-30 11:00:00,674.1167648940277
2011-12-30 12:00:00,1086.4181038871664
2011-12-30 13:00:00,1223.3133630948528
2011-12-30 14:00:00,1267.452862456102
2011-12-30 15:00:00,1932.135044119982
2011-12-30 16:00:00,2559.206243577835
2011-12-30 17:00:00,4435.82415443346
2011-12-30 18:00:00,2749.831996530746
2011-12-30 19:00:00,803.3723382175947
2011-12-30 20:00:00,517.5226570101432
2011-12-30 21:00:00,447.89794416746344
2011-12-30 22:00:00,331.9085715961649
2011-12-30 23:00:00,222.86941749084153
2011-12-31 00:00:00,199.6100189235886
2011-12-31 01:00:00,123.76468131700055
2011-12-31 02:00:00,97.06611758578647
2011-12-31 03:00:00,22.07388130482509
2011-12-31 04:00:00,4.177322944508051
2011-12-31 05:00:00,2.3949360811969784
2011-12-31 06:00:00,11.655979461604336
2011-12-31 07:00:00,25.73217442773771
2011-12-31 08:00:00,314.95877741175275
2011-12-31 09:00:00,1108.2827489471629
2011-12-31 10:00:00,2584.1777903837733
2011-12-31 11:00:00,5173.332465543028
2011-12-31 12:00:00,14833.453097469815
2011-12-31 13:00:00,10355.94170792107
2011-12-31 14:00:00,8792.050169930693
2011-12-31 15:00:00,7248.874307424732
2011-12-31 16:00:00,5217.6117364583215
2011-12-31 17:00:00,4071.515900425233
2011-12-31 18:00:00,3095.4101736706243
2011-12-31 19:00:00,1867.5933269499426
2011-12-31 20:00:00,1086.0961310262385
2011-12-31 21:00:00,660.4654397265269
2011-12-31 22:00:00,514.7185704907531
2011-12-31 23:00:00,305.64115916210665
2012-01-20 00:00:00,61.82513709714561
2012-01-20 01:00:00,26.11956659596463
2012-01-20 02:00:00,8.872596416255341
2012-01-20 03:00:00,3.7003619345433214
2012-01-20 04:00:00,2.4588873525866597
2012-01-20 05:00:00,20.469059110367823
2012-01-20 06:00:00,149.62290579270586
2012-01-20 07:00:00,744.9105830907208
2012-01-20 08:00:00,3586.420447785399
2012-01-20 09:00:00,1603.9860790452738
2012-01-20 10:00:00,758.1992684046288
2012-01-20 11:00:00,803.6270807225088
2012-01-20 12:00:00,1008.993527556044
2012-01-20 13:00:00,1474.217988053142
2012-01-20 14:00:00,1013.9466835208166
2012-01-20 15:00:00,1232.6877618992498
2012-01-20 16:00:00,1599.11952497119
2012-01-20 17:00:00,3049.940064311856
2012-01-20 18:00:00,2185.4135369716396
2012-01-20 19:00:00,1015.4959229282388
2012-01-20 20:00:00,530.7915743601243
2012-01-20 21:00:00,401.8882056271953
2012-01-20 22:00:00,276.68279532821975
2012-01-20 23:00:00,98.22395513598025
2012-01-21 00:00:00,85.65970931296769
2012-01-21 01:00:00,43.485472470195326
2012-01-21 02:00:00,39.93756081443916
2012-01-21 03:00:00,11.180120001676112
2012-01-21 04:00:00,3.395929062576609
2012-01-21 05:00:00,2.921792396707233
2012-01-21 06:00:00,3.11174471098022
2012-01-21 07:00:00,15.628783631828748
2012-01-21 08:00:00,123.29891841212574
2012-01-21 09:00:00,385.58769438730286
2012-01-21 10:00:00,398.3185234343093
2012-01-21 11:00:00,2172.937648737301
2012-01-21 12:00:00,3161.4365741972647
2012-01-21 13:00:00,2473.637715933855
2012-01-21 14:00:00,1518.6145164525967
2012-01-21 15:00:00,1633.9971226718858
2012-01-21 16:00:00,1797.0858517715044
2012-01-21 17:00:00,948.8445700354074
2012-01-21 18:00:00,635.1380642196801
2012-01-21 19:00:00,320.98051134087615
2012-01-21 20:00:00,230.87212129190237
2012-01-21 21:00:00,250.12078004291914
2012-01-21 22:00:00,154.54617227404498
2012-01-21 23:00:00,113.22366532687163
2012-01-22 00:00:00,84.38086894546305
2012-01-22 01:00:00,64.68892951242088
2012-01-22 02:00:00,52.2109736412192
2012-01-22 03:00:00,17.762010405744633
2012-01-22 04:00:00,2.8043830386119324
2012-01-22 05:00:00,3.002527941416261
2012-01-22 06:00:00,4.2083659001083005
2012-01-22 07:00:00,19.752893093838516
2012-01-22 08:00:00,112.19754644000346
2012-01-22 09:00:00,470.0964125410404
2012-01-22 10:00:00,955.1101696304625
2012-01-22 11:00:00,819.6117274687031
2012-01-22 12:00:00,1847.0121417770913
2012-01-22 13:00:00,2276.2253414955335
2012-01-22 14:00:00,2100.8336121859684
2012-01-22 15:00:00,1559.2155224569212
2012-01-22 16:00:00,1561.3113751452106
2012-01-22 17:00:00,1268.4328798840465
2012-01-22 18:00:00,357.9151686545492
2012-01-22 19:00:00,219.765715533611
2012-01-22 20:00:00,135.89799401729593
2012-01-22 21:00:00,105.64590407303017
2012-01-22 22:00:00,106.65222059965929
2012-01-22 23:00:00,47.51364278283334
2012-01-23 00:00:00,20.01229008421982
2012-01-23 01:00:00,5.228975916476378
2012-01-23 02:00:00,2.380208625714431
2012-01-23 03:00:00,1.5329915214939556
2012-01-23 04:00:00,1.6285198869651698
2012-01-23 05:00:00,11.533418797328235
2012-01-23 06:00:00,70.75204388881053
2012-01-23 07:00:00,215.80966069367284
2012-01-23 08:00:00,1279.3982465595102
2012-01-23 09:00:00,1344.4811615131348
2012-01-23 10:00:00,312.3339651819139
2012-01-23 11:00:00,450.30909175089545
2012-01-23 12:00:00,367.3014735837233
2012-01-23 13:00:00,187.19627828059788
2012-01-23 14:00:00,177.98346081654694
2012-01-23 15:00:00,284.09555296867114
2012-01-23 16:00:00,929.9247648341286
2012-01-23 17:00:00,2040.7779578821342
2012-01-23 18:00:00,1592.8158832893946
2012-01-23 19:00:00,723.8205242924059
2012-01-23 20:00:00,335.7017194055659
2012-01-23 21:00:00,176.31668753137345
2012-01-23 22:00:00,101.69322567969516
2012-01-23 23:00:00,59.203885001131866
2012-01-24 00:00:00,20.575484466538505
2012-01-24 01:00:00,4.6249640218824295
2012-01-24 02:00:00,1.7151750942979094
2012-01-24 03:00:00,1.706806170417429
2012-01-24 04:00:00,1.5685788147862618
2012-01-24 05:00:00,9.000177194441811
2012-01-24 06:00:00,70.60025817392317
2012-01-24 07:00:00,758.1457940365929
2012-01-24 08:00:00,3183.334238979309
2012-01-24 09:00:00,1741.6529181175292
2012-01-24 10:00:00,661.3728782047731
2012-01-24 11:00:00,995.4209179860247
2012-01-24 12:00:00,1044.1759782922759
2012-01-24 13:00:00,1162.38742321187
2012-01-24 14:00:00,1140.069878201628
2012-01-24 15:00:00,1825.2814018474746
2012-01-24 16:00:00,3683.315431429256
2012-01-24 17:00:00,10649.525980495102
2012-01-24 18:00:00,7478.294959785155
2012-01-24 19:00:00,5429.290498363885
2012-01-24 20:00:00,966.9328369981813
2012-01-24 21:00:00,1007.3921852723887
2012-01-24 22:00:00,351.6439500759258
2012-01-24 23:00:00,170.27288644550745
2012-01-25 00:00:00,23.526969381330066
2012-01-25 01:00:00,11.49448075446548
2012-01-25 02:00:00,4.00488810623903
2012-01-25 03:00:00,2.002596210676994
2012-01-25 04:00:00,2.0381439570510014
2012-01-25 05:00:00,16.07474223523457
2012-01-25 06:00:00,160.89113130666053
2012-01-25 07:00:00,1070.258400503056
2012-01-25 08:00:00,4401.461218066791
2012-01-25 09:00:00,1985.141473587721
2012-01-25 10:00:00,705.7253333732912
2012-01-25 11:00:00,1074.2693966218483
2012-01-25 12:00:00,1797.764458999809
2012-01-25 13:00:00,2104.169888675573
2012-01-25 14:00:00,1660.7407969345393
2012-01-25 15:00:00,2100.05025805911
2012-01-25 16:00:00,2730.657629879571
2012-01-25 17:00:00,7365.749850167579
2012-01-25 18:00:00,4014.5109899754334
2012-01-25 19:00:00,2317.460465978219
2012-01-25 20:00:00,929.2459543680731
2012-01-25 21:00:00,643.0541779050969
2012-01-25 22:00:00,409.3456012849954
2012-01-25 23:00:00,135.58711057704645
2012-01-26 00:00:00,51.12352752241444
2012-01-26 01:00:00,10.769272432967405
2012-01-26 02:00:00,4.9336066735217114
2012-01-26 03:00:00,2.3191435903925397
2012-01-26 04:00:00,2.3983659889002227
2012-01-26 05:00:00,18.1971602248104
2012-01-26 06:00:00,129.50450051841457
2012-01-26 07:00:00,1080.9684641850363
2012-01-26 08:00:00,4407.239290038904
2012-01-26 09:00:00,2351.470932101218
2012-01-26 10:00:00,801.0389328576522
2012-01-26 11:00:00,975.3504598576934
2012-01-26 12:00:00,1425.7630558092474
2012-01-26 13:00:00,1875.4628176224926
2012-01-26 14:00:00,1990.240367406423
2012-01-26 15:00:00,2532.3266832311074
2012-01-26 16:00:00,3253.20538139226
2012-01-26 17:00:00,8749.991969221863
2012-01-26 18:00:00,6690.977219472782
2012-01-26 19:00:00,3025.404318696685
2012-01-26 20:00:00,1426.567326851481
2012-01-26 21:00:00,1127.3945125241676
2012-01-26 22:00:00,749.2077593355598
2012-01-26 23:00:00,320.13848366192383
2012-01-27 00:00:00,92.57878182480421
2012-01-27 01:00:00,23.363315397292588
2012-01-27 02:00:00,12.288434499097352
2012-01-27 03:00:00,2.884662662153237
2012-01-27 04:00:00,1.7144976477701899
2012-01-27 05:00:00,17.282194412906406
2012-01-27 06:00:00,101.32294631960133
2012-01-27 07:00:00,936.4596142493475
2012-01-27 08:00:00,2472.7675495150447
2012-01-27 09:00:00,1150.0948636389262
2012-01-27 10:00:00,463.98270408751785
2012-01-27 11:00:00,3360.9635273510503
2012-01-27 12:00:00,4840.426303144622
2012-01-27 13:00:00,8754.99545766029
2012-01-27 14:00:00,7441.125369682509
2012-01-27 15:00:00,8908.023490568236
2012-01-27 16:00:00,6563.010041153765
2012-01-27 17:00:00,11040.900598791137
2012-01-27 18:00:00,7133.766775090339
2012-01-27 19:00:00,3020.328850223671
2012-01-27 20:00:00,1395.6280337866117
2012-01-27 21:00:00,918.7162086809328
2012-01-27 22:00:00,873.6697823469898
2012-01-27 23:00:00,430.8094252551976
2012-01-28 00:00:00,403.0643063065662
2012-01-28 01:00:00,303.2471821941619
2012-01-28 02:00:00,151.10530048253906
2012-01-28 03:00:00,33.64557148842619
2012-01-28 04:00:00,6.9861005065969835
2012-01-28 05:00:00,4.950447236788506
2012-01-28 06:00:00,15.778331463029701
2012-01-28 07:00:00,58.625345385729865
2012-01-28 08:00:00,339.52137588844795
2012-01-28 09:00:00,1070.5761440081244
2012-01-28 10:00:00,3749.8203156270506
2012-01-28 11:00:00,9200.71860728158
2012-01-28 12:00:00,9493.728288448478
2012-01-28 13:00:00,12826.923181067274
2012-01-28 14:00:00,15178.209492829801
2012-01-28 15:00:00,16391.813180434063
2012-01-28 16:00:00,17998.52187215619
2012-01-28 17:00:00,12139.91424999547
2012-01-28 18:00:00,8648.580203673186
2012-01-28 19:00:00,3735.2713414869945
2012-01-28 20:00:00,2398.3877982317154
2012-01-28 21:00:00,1514.9715612736861
2012-01-28 22:00:00,1099.8711439226067
2012-01-28 23:00:00,666.8203279665531
2012-01-29 00:00:00,371.857171462919
2012-01-29 01:00:00,202.75180510791435
2012-01-29 02:00:00,174.81860378971012
2012-01-29 03:00:00,36.25784101228536
2012-01-29 04:00:00,6.797126864962495
2012-01-29 05:00:00,4.073533856543065
2012-01-29 06:00:00,8.01095204739036
2012-01-29 07:00:00,38.925587564349634
2012-01-29 08:00:00,190.00432789937653
2012-01-29 09:00:00,750.4320443834577
2012-01-29 10:00:00,3414.205251592834
2012-01-29 11:00:00,5839.535023003324
2012-01-29 12:00:00,10497.355663768005
2012-01-29 13:00:00,10199.876629305025
2012-01-29 14:00:00,9374.348453722941
2012-01-29 15:00:00,12393.124416628014
2012-01-29 16:00:00,10664.978663676504
2012-01-29 17:00:00,7327.625980392577
2012-01-29 18:00:00,3769.0499122895235
2012-01-29 19:00:00,1904.6329125438406
2012-01-29 20:00:00,960.5341718642981
2012-01-29 21:00:00,737.5670047928439
2012-01-29 22:00:00,488.2645101203807
2012-01-29 23:00:00,196.43098331023234
2012-01-30 00:00:00,51.0446873416515
2012-01-30 01:00:00,7.920930565465493
2012-01-30 02:00:00,3.315464625823771
2012-01-30 03:00:00,2.386011887140522
2012-01-30 04:00:00,2.762229241639211
2012-01-30 05:00:00,18.94441653927445
2012-01-30 06:00:00,99.07125945877661
2012-01-30 07:00:00,657.5076819062513
2012-01-30 08:00:00,2683.0309958582866
2012-01-30 09:00:00,1424.0837111787057
2012-01-30 10:00:00,579.3556631385052
2012-01-30 11:00:00,997.2767556762377
2012-01-30 12:00:00,1290.5714973790275
2012-01-30 13:00:00,1644.236233334964
2012-01-30 14:00:00,1587.0618378958727
2012-01-30 15:00:00,1535.0185167175978
2012-01-30 16:00:00,2825.339631257403
2012-01-30 17:00:00,7646.048173442458
2012-01-30 18:00:00,5484.145213018509
2012-01-30 19:00:00,2034.168736377274
2012-01-30 20:00:00,948.8841054272395
2012-01-30 21:00:00,671.6141740756375
2012-01-30 22:00:00,292.1406701032565
2012-01-30 23:00:00,88.29017574814468
2012-01-31 00:00:00,50.40794338903105
2012-01-31 01:00:00,9.153278076758607
2012-01-31 02:00:00,3.480063084127369
2012-01-31 03:00:00,2.784275012499585
2012-01-31 04:00:00,2.875872481693729
2012-01-31 05:00:00,19.364715082227047
2012-01-31 06:00:00,153.1736818342517
2012-01-31 07:00:00,915.5687897507277
2012-01-31 08:00:00,4369.319881402018
2012-01-31 09:00:00,2579.6537983393705
2012-01-31 10:00:00,893.2732822511548
2012-01-31 11:00:00,2198.8042138736846
2012-01-31 12:00:00,2492.079895968803
2012-01-31 13:00:00,5326.631223672492
2012-01-31 14:00:00,5437.1939195367095
2012-01-31 15:00:00,6906.496810948662
2012-01-31 16:00:00,12130.008178947892
2012-01-31 17:00:00,33070.29328137778
2012-01-31 18:00:00,28397.858423881033
2012-01-31 19:00:00,10251.383198184858
2012-01-31 20:00:00,1846.9724625671881
2012-01-31 21:00:00,3008.3910869556353
2012-01-31 22:00:00,1130.5015626730658
2012-01-31 23:00:00,473.3581133903498
2012-02-20 00:00:00,179.17558190153315
2012-02-20 01:00:00,71.01030318119068
2012-02-20 02:00:00,45.45622256887005
2012-02-20 03:00:00,11.968917505416014
2012-02-20 05:00:00,3.418562880928193
2012-02-20 06:00:00,11.749896303323736
2012-02-20 07:00:00,50.17754259994228
2012-02-20 08:00:00,185.36052400291138
2012-02-20 09:00:00,467.4682851186519
2012-02-20 10:00:00,979.2926332598664
2012-02-20 11:00:00,2408.7989988051545
2012-02-20 12:00:00,4245.999147971891
2012-02-20 13:00:00,4524.841902622471
2012-02-20 14:00:00,5475.536142514437
2012-02-20 15:00:00,6140.5487501424905
2012-02-20 16:00:00,7956.133344196596
2012-02-20 17:00:00,5466.12632729281
2012-02-20 18:00:00,2702.588712006391
2012-02-20 19:00:00,1580.813048012311
2012-02-20 20:00:00,922.0423538382545
2012-02-20 21:00:00,449.42725471355845
2012-02-20 22:00:00,318.93987810980593
2012-02-20 23:00:00,107.03195274505717
2012-02-21 00:00:00,34.58910957096933
2012-02-21 01:00:00,8.349245015371608
2012-02-21 02:00:00,2.6772903884393604
2012-02-21 04:00:00,1.7773042106293953
2012-02-21 05:00:00,14.045496791338476
2012-02-21 06:00:00,88.36432930256845
2012-02-21 07:00:00,672.1987363467051
2012-02-21 08:00:00,3287.974574680718
2012-02-21 09:00:00,1610.9992440598157
2012-02-21 10:00:00,788.3091488993117
2012-02-21 11:00:00,618.1915514517854
2012-02-21 12:00:00,1214.5517217440713
2012-02-21 13:00:00,1890.7798524373238
2012-02-21 14:00:00,1091.9219544918567
2012-02-21 15:00:00,1767.7144887253407
2012-02-21 16:00:00,3030.3579613710594
2012-02-21 17:00:00,7948.371628325718
2012-02-21 18:00:00,6048.193633489788
2012-02-21 19:00:00,2725.75457128805
2012-02-21 20:00:00,1266.9327047808974
2012-02-21 21:00:00,957.0758616467145
2012-02-21 22:00:00,396.4767833999329
2012-02-21 23:00:00,161.35149215865115
2012-02-22 00:00:00,49.5367750932931
2012-02-22 01:00:00,12.593832916752104
2012-02-22 02:00:00,3.9006794998647316
2012-02-22 03:00:00,2.3176824363985067
2012-02-22 04:00:00,2.6867462338375914
2012-02-22 05:00:00,20.474362447483973
2012-02-22 06:00:00,160.2018099228251
2012-02-22 07:00:00,1435.8465859930686
2012-02-22 08:00:00,5506.581266837035
2012-02-22 09:00:00,2702.7823517712845
2012-02-22 10:00:00,1135.3332194529505
2012-02-22 11:00:00,1541.415084768954
2012-02-22 12:00:00,2462.798198081162
2012-02-22 13:00:00,2916.6715737004306
2012-02-22 14:00:00,2557.077265902465
2012-02-22 15:00:00,5689.7768890457355
2012-02-22 16:00:00,9633.62010131339
2012-02-22 17:00:00,25624.7518866112
2012-02-22 18:00:00,14600.595950651532
2012-02-22 19:00:00,6265.998084268074
2012-02-22 20:00:00,2351.618309729879
2012-02-22 21:00:00,3010.5314123925878
2012-02-22 22:00:00,984.8051009479476
2012-02-22 23:00:00,615.1831593706031
2012-02-23 00:00:00,111.41340764882214
2012-02-23 01:00:00,14.578702942791452
2012-02-23 02:00:00,7.181166932867139
2012-02-23 03:00:00,1.7084349368184382
2012-02-23 04:00:00,2.867854550015841
2012-02-23 05:00:00,26.15784522967782
2012-02-23 06:00:00,151.87765062524673
2012-02-23 07:00:00,1524.2809525437185
2012-02-23 08:00:00,5054.536866092432
2012-02-23 09:00:00,2873.176886437841
2012-02-23 10:00:00,1878.8038675517223
2012-02-23 11:00:00,4684.537667337579
2012-02-23 12:00:00,6508.698242048469
2012-02-23 13:00:00,7843.8305254572515
2012-02-23 14:00:00,7042.328296842132
2012-02-23 15:00:00,8775.844793397055
2012-02-23 16:00:00,14579.644301228924
2012-02-23 17:00:00,37705.47977222219
2012-02-23 18:00:00,31184.61293330392
2012-02-23 19:00:00,11995.17158710772
2012-02-23 20:00:00,4956.311954683777
2012-02-23 21:00:00,1900.005436474502
2012-02-23 22:00:00,1268.411941035846
2012-02-23 23:00:00,661.8174402407161
2012-02-24 00:00:00,192.59357648928764
2012-02-24 01:00:00,49.48249162936615
2012-02-24 02:00:00,8.963251454333244
2012-02-24 03:00:00,5.816378763126728
2012-02-24 04:00:00,3.5170096700633784
2012-02-24 05:00:00,18.466609608243942
2012-02-24 06:00:00,168.03580531810672
2012-02-24 07:00:00,1809.2979735236327
2012-02-24 08:00:00,6838.828564884103
2012-02-24 09:00:00,950.0936060502
2012-02-24 10:00:00,441.7366810094195
2012-02-24 11:00:00,1960.6520433504531
2012-02-24 12:00:00,3495.833591558223
2012-02-24 13:00:00,4197.0992327639915
2012-02-24 14:00:00,5790.141525281813
2012-02-24 15:00:00,497.56650818123364
2012-02-24 16:00:00,723.455862706411
2012-02-24 17:00:00,1795.3464458629253
2012-02-24 18:00:00,4040.334986500921
2012-02-24 19:00:00,3216.038852910346
2012-02-24 20:00:00,2645.147104264995
2012-02-24 21:00:00,1809.8009578965818
2012-02-24 22:00:00,1237.9012161522805
2012-02-24 23:00:00,641.6944833271017
2012-02-25 00:00:00,634.3882979567865
2012-02-25 01:00:00,327.1018199238934
2012-02-25 02:00:00,200.3622129983457
2012-02-25 03:00:00,44.80219172062531
2012-02-25 04:00:00,8.272713528758743
2012-02-25 05:00:00,4.707502676014815
2012-02-25 06:00:00,15.382583191223695
2012-02-25 07:00:00,84.96641456310493
2012-02-25 08:00:00,403.48494550626225
2012-02-25 09:00:00,391.11024937140934
2012-02-25 10:00:00,3019.6501430226062
2012-02-25 11:00:00,4973.6214427394225
2012-02-25 12:00:00,7706.372289612651
2012-02-25 13:00:00,10029.614285414465
2012-02-25 14:00:00,8646.213127434903
2012-02-25 15:00:00,8917.820772642594
2012-02-25 16:00:00,6590.745932456965
2012-02-25 17:00:00,5080.949568282302
2012-02-25 18:00:00,2207.4175995071673
2012-02-25 19:00:00,923.1996158316359
2012-02-25 20:00:00,535.4807790350072
2012-02-25 21:00:00,504.18310819117033
2012-02-25 22:00:00,300.045247632118
2012-02-25 23:00:00,233.93106175604703
2012-02-26 00:00:00,184.7143528057487
2012-02-26 01:00:00,127.15361124042322
2012-02-26 02:00:00,110.39051583514677
2012-02-26 03:00:00,34.1555363548133
2012-02-26 04:00:00,6.38951992618382
2012-02-26 05:00:00,3.818128645511587
2012-02-26 06:00:00,5.6648173461603815
2012-02-26 07:00:00,27.797426857360243
2012-02-26 08:00:00,168.14697409914191
2012-02-26 09:00:00,727.3641144534674
2012-02-26 10:00:00,2967.7348002487074
2012-02-26 11:00:00,5218.601517880154
2012-02-26 12:00:00,9841.988886421695
2012-02-26 13:00:00,11450.422759083776
2012-02-26 14:00:00,12869.44442200295
2012-02-26 15:00:00,13407.391662182059
2012-02-26 16:00:00,11769.874604714963
2012-02-26 17:00:00,8109.920218090427
2012-02-26 18:00:00,4162.205468066715
2012-02-26 19:00:00,2623.215360769152
2012-02-26 20:00:00,1247.0655307654715
2012-02-26 21:00:00,813.7761873808344
2012-02-26 22:00:00,452.1329361172863
2012-02-26 23:00:00,145.0645747367105
2012-02-27 00:00:00,44.30527508591721
2012-02-27 01:00:00,7.982258338309879
2012-02-27 02:00:00,3.6260024821714616
2012-02-27 03:00:00,2.2600734068177863
2012-02-27 04:00:00,2.5551617141644485
2012-02-27 05:00:00,18.869316737513905
2012-02-27 06:00:00,148.6616468790239
2012-02-27 07:00:00,1043.0318401274974
2012-02-27 08:00:00,4141.78406470486
2012-02-27 09:00:00,2020.2307237398395
2012-02-27 10:00:00,1072.3649538137192
2012-02-27 11:00:00,1759.8099567154181
2012-02-27 12:00:00,2767.72386100269
2012-02-27 13:00:00,2337.5256730863416
2012-02-27 14:00:00,4295.013130977394
2012-02-27 15:00:00,6157.53160918146
2012-02-27 16:00:00,10987.665751459645
2012-02-27 17:00:00,26174.421976868376
2012-02-27 18:00:00,19493.23936479437
2012-02-27 19:00:00,10196.015570823423
2012-02-27 20:00:00,4370.358096464889
2012-02-27 21:00:00,2372.6833667772457
2012-02-27 22:00:00,879.3445983451461
2012-02-27 23:00:00,355.7336025622016
2012-02-28 00:00:00,138.7762562752036
2012-02-28 01:00:00,14.298987334020513
2012-02-28 02:00:00,5.258162686936397
2012-02-28 03:00:00,3.0450341368654317
2012-02-28 04:00:00,2.888103180535408
2012-02-28 05:00:00,20.116325591943795
2012-02-28 06:00:00,153.80167834496268
2012-02-28 07:00:00,1148.9608211827033
2012-02-28 08:00:00,3936.075307473586
2012-02-28 09:00:00,2124.799740996178
2012-02-28 10:00:00,1099.8970538674773
2012-02-28 11:00:00,1625.9339107202386
2012-02-28 12:00:00,2775.181384646423
2012-02-28 13:00:00,2634.967826794993
2012-02-28 14:00:00,2770.000847187006
2012-02-28 15:00:00,3634.1734039109506
2012-02-28 16:00:00,6061.672223639974
2012-02-28 17:00:00,14825.135268261469
2012-02-28 18:00:00,11070.614786460725
2012-02-28 19:00:00,5971.487937027342
2012-02-28 20:00:00,2262.71578433782
2012-02-28 21:00:00,1072.1535809084198
2012-02-28 22:00:00,598.272112182244
2012-02-28 23:00:00,186.5017586062126
2012-02-29 00:00:00,65.80399206957067
2012-02-29 01:00:00,14.585844948669262
2012-02-29 02:00:00,4.011420106371957
2012-02-29 03:00:00,2.518225039809903
2012-02-29 05:00:00,16.474414467653677
2012-02-29 06:00:00,136.42558221109667
2012-02-29 07:00:00,841.3603931987786
2012-02-29 08:00:00,5029.44364614942
2012-02-29 09:00:00,559.8931358023665
2012-02-29 10:00:00,192.773113670876
2012-02-29 11:00:00,151.46708975210717
2012-02-29 12:00:00,132.17927965042097
2012-02-29 13:00:00,616.6937308263011
2012-02-29 14:00:00,585.6561698864422
2012-02-29 15:00:00,1162.295040153501
2012-02-29 16:00:00,504.9365864114588
2012-02-29 17:00:00,4548.895985849885
2012-02-29 18:00:00,922.4278786789923
2012-02-29 19:00:00,1881.817896170356
2012-02-29 20:00:00,334.7005744983469
2012-02-29 21:00:00,211.488390200383
2012-02-29 22:00:00,93.53518604867303
2012-02-29 23:00:00,49.445274703483925
2012-03-20 00:00:00,168.125419858837
2012-03-20 01:00:00,23.135404636152774
2012-03-20 02:00:00,5.837893127795881
2012-03-20 03:00:00,2.767875762433775
2012-03-20 04:00:00,3.947337309407386
2012-03-20 05:00:00,24.01346027810684
2012-03-20 06:00:00,285.74245084891254
2012-03-20 07:00:00,555.0108361206508
2012-03-20 08:00:00,9493.03107617721
2012-03-20 09:00:00,4621.130186797096
2012-03-20 10:00:00,2435.506660582411
2012-03-20 11:00:00,3881.8986788352217
2012-03-20 12:00:00,5629.063651851863
2012-03-20 13:00:00,5404.526381563071
2012-03-20 14:00:00,5624.970121962497
2012-03-20 15:00:00,6649.744689948357
2012-03-20 16:00:00,13574.516471623092
2012-03-20 17:00:00,31072.997587572492
2012-03-20 18:00:00,30462.310093543812
2012-03-20 19:00:00,13566.446469984214
2012-03-20 20:00:00,6810.684144271599
2012-03-20 21:00:00,4382.354602411164
2012-03-20 22:00:00,2207.9986237918247
2012-03-20 23:00:00,780.546888608416
2012-03-21 00:00:00,268.0920505155781
2012-03-21 01:00:00,53.173968130780054
2012-03-21 02:00:00,10.086405401062509
2012-03-21 03:00:00,4.538916127635462
2012-03-21 04:00:00,5.150028191662128
2012-03-21 05:00:00,43.821608045953184
2012-03-21 06:00:00,506.6322522213301
2012-03-21 07:00:00,711.9701260448022
2012-03-21 08:00:00,2744.0854900330432
2012-03-21 09:00:00,6880.3328562497145
2012-03-21 10:00:00,4410.448288990016
2012-03-21 11:00:00,5428.960297119562
2012-03-21 12:00:00,8553.520285518496
2012-03-21 13:00:00,6606.744208668292
2012-03-21 14:00:00,6720.157017174164
2012-03-21 15:00:00,7961.479758992879
2012-03-21 16:00:00,16533.988889700104
2012-03-21 17:00:00,40752.118947966665
2012-03-21 18:00:00,39072.080921086
2012-03-21 19:00:00,23026.596019010733
2012-03-21 20:00:00,10757.910828358892
2012-03-21 21:00:00,5454.987825066224
2012-03-21 22:00:00,3151.3671248167634
2012-03-21 23:00:00,1585.4088465207085
2012-03-22 00:00:00,413.5930339981437
2012-03-22 01:00:00,68.84045874792233
2012-03-22 02:00:00,18.651257052873007
2012-03-22 03:00:00,10.05945057166633
2012-03-22 04:00:00,4.3888247123252615
2012-03-22 05:00:00,32.81231321257527
2012-03-22 06:00:00,534.6224482014194
2012-03-22 07:00:00,4117.18522070646
2012-03-22 08:00:00,14217.772807727928
2012-03-22 09:00:00,6724.97901851945
2012-03-22 10:00:00,2191.6323837895625
2012-03-22 11:00:00,3880.4177084193357
2012-03-22 12:00:00,5154.921908820554
2012-03-22 13:00:00,10460.815927283174
2012-03-22 14:00:00,10767.566192419628
2012-03-22 15:00:00,11973.821434334332
2012-03-22 16:00:00,21854.604760693463
2012-03-22 17:00:00,61775.297306007
2012-03-22 18:00:00,56176.98595794003
2012-03-22 19:00:00,30457.666314136903
2012-03-22 20:00:00,14647.840194377488
2012-03-22 21:00:00,9230.249861236225
2012-03-22 22:00:00,4029.180352724855
2012-03-22 23:00:00,2069.976385474758
2012-03-23 00:00:00,590.1405712053131
2012-03-23 01:00:00,107.16066493112783
2012-03-23 02:00:00,24.819954681373236
2012-03-23 03:00:00,12.47629796041357
2012-03-23 04:00:00,6.240426382192534
2012-03-23 05:00:00,39.630501866336026
2012-03-23 06:00:00,720.2121143160731
2012-03-23 07:00:00,4933.610574173721
2012-03-23 08:00:00,15805.001898636763
2012-03-23 09:00:00,9629.340420573897
2012-03-23 10:00:00,5389.525517137388
2012-03-23 11:00:00,12732.268941672519
2012-03-23 12:00:00,21875.40138651257
2012-03-23 13:00:00,22628.16383370439
2012-03-23 14:00:00,19645.68628962494
2012-03-23 15:00:00,22800.207640888864
2012-03-23 16:00:00,38591.52520481078
2012-03-23 17:00:00,76001.95760253101
2012-03-23 18:00:00,67197.87020838202
2012-03-23 19:00:00,37117.589919911836
2012-03-23 20:00:00,19127.179590521024
2012-03-23 21:00:00,11864.438723379428
2012-03-23 22:00:00,8371.032110252558
2012-03-23 23:00:00,4449.944389364801
2012-03-24 00:00:00,3659.8886398439863
2012-03-24 01:00:00,2316.4246058480962
2012-03-24 02:00:00,995.7459785524162
2012-03-24 03:00:00,257.64889909438307
2012-03-24 04:00:00,33.36233066644092
2012-03-24 05:00:00,28.562250044984836
2012-03-24 06:00:00,203.21719962545885
2012-03-24 07:00:00,517.5384368621785
2012-03-24 08:00:00,2005.5469256229171
2012-03-24 09:00:00,12508.281748262807
2012-03-24 10:00:00,17797.401910444078
2012-03-24 11:00:00,17501.56338492156
2012-03-24 12:00:00,8553.22091418039
2012-03-24 13:00:00,7933.661802502479
2012-03-24 14:00:00,6497.084312918932
2012-03-24 15:00:00,4568.7245342415645
2012-03-24 16:00:00,4508.048932419473
2012-03-24 17:00:00,4486.082065083847
2012-03-24 18:00:00,2311.765584614545
2012-03-24 19:00:00,2211.9186289162503
2012-03-24 20:00:00,661.1210464797947
2012-03-24 21:00:00,467.51658885672475
2012-03-24 22:00:00,330.58953084424803
2012-03-24 23:00:00,985.1631102541405
2012-03-25 00:00:00,564.4309646285247
2012-03-25 01:00:00,300.7198461703263
2012-03-25 02:00:00,72.00844334867799
2012-03-25 03:00:00,23.695780192389634
2012-03-25 04:00:00,10.346199476091643
2012-03-25 05:00:00,8.235719767414889
2012-03-25 06:00:00,22.74953638706788
2012-03-25 07:00:00,118.68259135680773
2012-03-25 08:00:00,602.7215038001344
2012-03-25 09:00:00,2175.6417229210383
2012-03-25 10:00:00,5414.847524872484
2012-03-25 11:00:00,7727.294838743516
2012-03-25 12:00:00,10508.33534256313
2012-03-25 13:00:00,16997.287595189835
2012-03-25 14:00:00,18687.105710895463
2012-03-25 15:00:00,15027.39937052907
2012-03-25 16:00:00,51792.39936954808
2012-03-25 17:00:00,38456.93421289423
2012-03-25 18:00:00,23307.556557137395
2012-03-25 19:00:00,13359.345990831764
2012-03-25 20:00:00,7835.204183686308
2012-03-25 21:00:00,6138.5375136964485
2012-03-25 22:00:00,3497.232856817474
2012-03-25 23:00:00,1827.9719984092073
2012-03-26 00:00:00,264.8592387774889
2012-03-26 01:00:00,36.12882755330815
2012-03-26 02:00:00,11.358860271117424
2012-03-26 03:00:00,6.488472382342468
2012-03-26 04:00:00,5.576573216817651
2012-03-26 05:00:00,55.05242371407776
2012-03-26 06:00:00,470.7180411875118
2012-03-26 07:00:00,5640.037048747087
2012-03-26 08:00:00,15502.176542196203
2012-03-26 09:00:00,10189.938447503282
2012-03-26 10:00:00,5132.4290660307515
2012-03-26 11:00:00,6350.4832351602745
2012-03-26 12:00:00,10019.656157813622
2012-03-26 13:00:00,8083.1060929158675
2012-03-26 14:00:00,7718.64498645698
2012-03-26 15:00:00,7614.417855025701
2012-03-26 16:00:00,12022.832684271654
2012-03-26 17:00:00,32462.274553303854
2012-03-26 18:00:00,16523.278466283045
2012-03-26 19:00:00,9506.260280975424
2012-03-26 20:00:00,3077.0293912261404
2012-03-26 21:00:00,1976.262440916288
2012-03-26 22:00:00,852.6305977856535
2012-03-26 23:00:00,238.6746775354727
2012-03-27 00:00:00,80.35539870409264
2012-03-27 01:00:00,11.835503142286292
2012-03-27 02:00:00,4.656213369106985
2012-03-27 03:00:00,2.988401400482911
2012-03-27 04:00:00,3.5510573889335295
2012-03-27 05:00:00,21.545554902768114
2012-03-27 06:00:00,186.1292503126006
2012-03-27 07:00:00,1246.5876758668028
2012-03-27 08:00:00,3724.761030957526
2012-03-27 09:00:00,2795.303541717622
2012-03-27 10:00:00,1152.1881014129917
2012-03-27 11:00:00,1808.0425300316717
2012-03-27 12:00:00,2873.6902400467375
2012-03-27 13:00:00,4474.519763553388
2012-03-27 14:00:00,4647.918555131975
2012-03-27 15:00:00,6098.2748296338505
2012-03-27 16:00:00,9671.247983947254
2012-03-27 17:00:00,23111.946247911146
2012-03-27 18:00:00,18744.77573832514
2012-03-27 19:00:00,9529.521420155708
2012-03-27 20:00:00,5142.849691343196
2012-03-27 21:00:00,2181.8343662119382
2012-03-27 22:00:00,1328.3134293362598
2012-03-27 23:00:00,462.6621645932809
2012-03-28 00:00:00,131.25191871616474
2012-03-28 01:00:00,19.877489134284993
2012-03-28 02:00:00,6.594203418333282
2012-03-28 03:00:00,4.628107230977976
2012-03-28 04:00:00,3.3270830161308997
2012-03-28 05:00:00,33.96256883110784
2012-03-28 06:00:00,385.7180004399698
2012-03-28 07:00:00,3099.745040117963
2012-03-28 08:00:00,13750.491178917551
2012-03-28 09:00:00,5776.790168239306
2012-03-28 10:00:00,5691.9420267760515
2012-03-28 11:00:00,6799.454430289832
2012-03-28 12:00:00,11780.956346554423
2012-03-28 13:00:00,10469.035304602585
2012-03-28 14:00:00,11633.968427690932
2012-03-28 15:00:00,13606.627834653676
2012-03-28 16:00:00,7815.5436054309985
2012-03-28 17:00:00,48842.69104656288
2012-03-28 18:00:00,46594.3120183778
2012-03-28 19:00:00,28465.06068851494
2012-03-28 20:00:00,15899.60410214639
2012-03-28 21:00:00,7801.876367009521
2012-03-28 22:00:00,4544.95302371386
2012-03-28 23:00:00,1623.440569827418
2012-03-29 00:00:00,440.1558449808011
2012-03-29 01:00:00,79.4346234548265
2012-03-29 02:00:00,24.094270344119685
2012-03-29 03:00:00,9.254699172657618
2012-03-29 04:00:00,8.592903646998717
2012-03-29 05:00:00,66.23992871527753
2012-03-29 06:00:00,1059.7725596085056
2012-03-29 07:00:00,8472.244883451778
2012-03-29 08:00:00,25587.949376487926
2012-03-29 09:00:00,12127.249235646525
2012-03-29 10:00:00,4886.109685213337
2012-03-29 11:00:00,7584.417094524667
2012-03-29 12:00:00,9373.532516690364
2012-03-29 13:00:00,9760.969657111773
2012-03-29 14:00:00,8282.199353849166
2012-03-29 15:00:00,11120.78560675235
2012-03-29 16:00:00,20399.306676961125
2012-03-29 17:00:00,48097.073493138065
2012-03-29 18:00:00,31178.200606754384
2012-03-29 19:00:00,17803.24851182719
2012-03-29 20:00:00,8586.868253992405
2012-03-29 21:00:00,3774.9438510714617
2012-03-29 22:00:00,2152.5352232673567
2012-03-29 23:00:00,987.7577152199717
2012-03-30 00:00:00,320.237517788641
2012-03-30 01:00:00,67.60688094183175
2012-03-30 02:00:00,19.66840336067155
2012-03-30 03:00:00,8.405307478204744
2012-03-30 04:00:00,6.4365874185475604
2012-03-30 05:00:00,34.986554416492154
2012-03-30 06:00:00,343.2458861973785
2012-03-30 07:00:00,2707.4832378598417
2012-03-30 08:00:00,9639.456514924934
2012-03-30 09:00:00,7146.419808934852
2012-03-30 10:00:00,3855.6967110405208
2012-03-30 11:00:00,5035.284758989026
2012-03-30 12:00:00,7586.969654811905
2012-03-30 13:00:00,2538.0655764480584
2012-03-30 14:00:00,1899.2790337222698
2012-03-30 15:00:00,2948.069086638382
2012-03-30 16:00:00,3033.1124642819304
2012-03-30 17:00:00,17956.31117736967
2012-03-30 18:00:00,21265.703510982607
2012-03-30 19:00:00,7648.7593722568945
2012-03-30 20:00:00,3935.7998290341006
2012-03-30 21:00:00,2887.800641202769
2012-03-30 22:00:00,2036.835680050191
2012-03-30 23:00:00,1179.0561020385182
2012-03-31 00:00:00,1078.4194715393683
2012-03-31 01:00:00,627.2957302784473
2012-03-31 02:00:00,378.638447583109
2012-03-31 03:00:00,105.9861170306055
2012-03-31 04:00:00,16.356189987977025
2012-03-31 05:00:00,15.35456915964292
2012-03-31 06:00:00,51.648613282577095
2012-03-31 07:00:00,210.77822524027027
2012-03-31 08:00:00,980.3920526993082
2012-03-31 09:00:00,5096.206805173844
2012-03-31 10:00:00,13535.363527634245
2012-03-31 11:00:00,48485.74465031651
2012-03-31 12:00:00,62618.30443988829
2012-03-31 13:00:00,80173.23507003416
2012-03-31 14:00:00,43563.390487250086
2012-03-31 15:00:00,55720.32524691609
2012-03-31 16:00:00,37181.62689300159
2012-03-31 17:00:00,32196.20139984039
2012-03-31 18:00:00,8253.527933614314
2012-03-31 19:00:00,6107.4120141811045
2012-03-31 20:00:00,2769.0441045912507
2012-03-31 21:00:00,2081.933121111851
2012-03-31 22:00:00,1539.6760098093944
2012-03-31 23:00:00,809.3578301115477
2012-04-20 00:00:00,640.5733176661961
2012-04-20 01:00:00,107.35374355582545
2012-04-20 02:00:00,21.12288182591663
2012-04-20 03:00:00,10.026845974237546
2012-04-20 04:00:00,5.501685468703457
2012-04-20 05:00:00,44.34743920389086
2012-04-20 06:00:00,550.8423835939273
2012-04-20 07:00:00,4068.46464226796
2012-04-20 08:00:00,13410.664645694626
2012-04-20 09:00:00,11271.14550467859
2012-04-20 10:00:00,8907.725316308433
2012-04-20 11:00:00,12909.064231391645
2012-04-20 12:00:00,22626.307430103618
2012-04-20 13:00:00,24584.713865267568
2012-04-20 14:00:00,20506.511650249602
2012-04-20 15:00:00,22769.315245992748
2012-04-20 16:00:00,40782.346308126405
2012-04-20 17:00:00,72557.48216021489
2012-04-20 18:00:00,58849.613490038144
2012-04-20 19:00:00,32671.8197270482
2012-04-20 20:00:00,15481.265158398555
2012-04-20 21:00:00,9119.793298823248
2012-04-20 22:00:00,6195.2199020257285
2012-04-20 23:00:00,4397.528612005602
2012-04-21 00:00:00,3388.5623421056393
2012-04-21 01:00:00,1949.4642770320763
2012-04-21 02:00:00,1123.5987672047804
2012-04-21 03:00:00,160.10355195372182
2012-04-21 04:00:00,21.235094561143466
2012-04-21 05:00:00,24.98961203416833
2012-04-21 06:00:00,166.97962034114846
2012-04-21 07:00:00,652.0036276950212
2012-04-21 08:00:00,4613.304331205089
2012-04-21 09:00:00,17079.060567938042
2012-04-21 10:00:00,39765.44307772297
2012-04-21 11:00:00,62080.46598165216
2012-04-21 12:00:00,91159.98565990312
2012-04-21 13:00:00,107786.37777369944
2012-04-21 14:00:00,103300.40131406234
2012-04-21 15:00:00,106456.37480505164
2012-04-21 16:00:00,83919.10804249535
2012-04-21 17:00:00,64168.55808052639
2012-04-21 18:00:00,38643.180391356
2012-04-21 19:00:00,5646.514989876267
2012-04-21 20:00:00,1598.9702502878504
2012-04-21 21:00:00,1051.5139347880183
2012-04-21 22:00:00,3577.4592863371554
2012-04-21 23:00:00,2161.9087319576984
2012-04-22 00:00:00,1522.1616530881972
2012-04-22 01:00:00,819.5373494731257
2012-04-22 02:00:00,745.6420904913714
2012-04-22 03:00:00,128.93403561554538
2012-04-22 04:00:00,20.061747267957763
2012-04-22 05:00:00,18.708460165268818
2012-04-22 06:00:00,68.242235000372375
2012-04-22 07:00:00,99.28376794380125
2012-04-22 08:00:00,320.3144874817475
2012-04-22 09:00:00,1082.7453364483417
2012-04-22 10:00:00,1959.3766313612905
2012-04-22 11:00:00,1758.447502059091
2012-04-22 12:00:00,2952.638640720032
2012-04-22 13:00:00,3905.7641916044927
2012-04-22 14:00:00,2160.8555189571935
2012-04-22 15:00:00,2346.6981750342584
2012-04-22 16:00:00,1630.2508263443447
2012-04-22 17:00:00,714.3988209862964
2012-04-22 18:00:00,419.8672592765465
2012-04-22 19:00:00,293.7207839403054
2012-04-22 20:00:00,222.8545606369673
2012-04-22 21:00:00,199.88110413756
2012-04-22 22:00:00,74.42374264836789
2012-04-22 23:00:00,68.12364840889249
2012-04-23 00:00:00,24.767214714706313
2012-04-23 01:00:00,4.116233440264588
2012-04-23 02:00:00,2.920692741125402
2012-04-23 03:00:00,2.518391927121882
2012-04-23 04:00:00,1.7957171422041143
2012-04-23 05:00:00,11.6951676565672
2012-04-23 06:00:00,176.98345651150254
2012-04-23 07:00:00,532.8413751068662
2012-04-23 08:00:00,5416.9964623100805
2012-04-23 09:00:00,2801.817530605285
2012-04-23 10:00:00,1095.4997316150611
2012-04-23 11:00:00,1343.5136258090454
2012-04-23 12:00:00,863.564301863465
2012-04-23 13:00:00,818.5450328707049
2012-04-23 14:00:00,665.9683476722445
2012-04-23 15:00:00,2524.765830267364
2012-04-23 16:00:00,740.208474231637
2012-04-23 17:00:00,2068.683211459325
2012-04-23 18:00:00,1969.0730731114559
2012-04-23 19:00:00,3002.1221541776104
2012-04-23 20:00:00,1368.5525850445515
2012-04-23 21:00:00,683.7289546668354
2012-04-23 22:00:00,563.4049138984383
2012-04-23 23:00:00,252.6464030252843
2012-04-24 00:00:00,70.48763878785498
2012-04-24 01:00:00,11.814772382978965
2012-04-24 02:00:00,3.420665531242409
2012-04-24 03:00:00,3.132773650401811
2012-04-24 04:00:00,3.0599848057979298
2012-04-24 05:00:00,24.28857429500742
2012-04-24 06:00:00,228.19539925253275
2012-04-24 07:00:00,1912.5509591735579
2012-04-24 08:00:00,7776.497325504845
2012-04-24 09:00:00,5593.413885702899
2012-04-24 10:00:00,3333.9129433440544
2012-04-24 11:00:00,6477.63337967056
2012-04-24 12:00:00,10066.908634405238
2012-04-24 13:00:00,9449.247851046226
2012-04-24 14:00:00,8172.7488469436075
2012-04-24 15:00:00,9361.38122620957
2012-04-24 16:00:00,15668.229725410254
2012-04-24 17:00:00,45470.923178008656
2012-04-24 18:00:00,34229.58931511008
2012-04-24 19:00:00,15603.023405156853
2012-04-24 20:00:00,8148.915562042043
2012-04-24 21:00:00,4518.232088561075
2012-04-24 22:00:00,2264.3841801770286
2012-04-24 23:00:00,883.6910492418862
2012-04-25 00:00:00,273.7908914300027
2012-04-25 01:00:00,37.18322556424584
2012-04-25 02:00:00,7.6509665300581355
2012-04-25 03:00:00,3.9023061862754154
2012-04-25 04:00:00,4.004362621713562
2012-04-25 05:00:00,35.620220848333325
2012-04-25 06:00:00,391.7230303118562
2012-04-25 07:00:00,3166.6943192868016
2012-04-25 08:00:00,12704.984803806115
2012-04-25 09:00:00,7580.905285241462
2012-04-25 10:00:00,8106.264486408631
2012-04-25 11:00:00,9795.446849170714
2012-04-25 12:00:00,13584.425959623306
2012-04-25 13:00:00,12415.080052216674
2012-04-25 14:00:00,10479.169722971834
2012-04-25 15:00:00,13932.823602574608
2012-04-25 16:00:00,21993.617993877917
2012-04-25 17:00:00,57608.518076679255
2012-04-25 18:00:00,54977.303233170554
2012-04-25 19:00:00,30418.832177139262
2012-04-25 20:00:00,15030.03576850228
2012-04-25 21:00:00,6709.625191812511
2012-04-25 22:00:00,3626.017827160529
2012-04-25 23:00:00,1427.2231913723585
2012-04-26 00:00:00,369.96643032013225
2012-04-26 01:00:00,65.46529072537993
2012-04-26 02:00:00,19.964034782430193
2012-04-26 03:00:00,7.533256248623882
2012-04-26 04:00:00,7.173943519278622
2012-04-26 05:00:00,64.10732872911875
2012-04-26 06:00:00,989.6961395719372
2012-04-26 07:00:00,1373.214644335212
2012-04-26 08:00:00,5105.675293734879
2012-04-26 09:00:00,1905.1047020134758
2012-04-26 10:00:00,2750.959068107918
2012-04-26 11:00:00,2908.6595602544626
2012-04-26 12:00:00,7671.482337428972
2012-04-26 13:00:00,6405.20350284364
2012-04-26 14:00:00,7085.517206622207
2012-04-26 15:00:00,4802.895576254445
2012-04-26 16:00:00,9532.914456517918
2012-04-26 17:00:00,46072.731645783344
2012-04-26 18:00:00,27513.005261206126
2012-04-26 19:00:00,14148.413353275031
2012-04-26 20:00:00,12290.709395109308
2012-04-26 21:00:00,4828.290367778794
2012-04-26 22:00:00,4031.4252591517948
2012-04-26 23:00:00,1465.3974047373083
2012-04-27 00:00:00,508.7286612977911
2012-04-27 01:00:00,97.25291306432136
2012-04-27 02:00:00,36.65313448100372
2012-04-27 03:00:00,9.580277028807773
2012-04-27 04:00:00,6.79509875186609
2012-04-27 05:00:00,67.57058985797156
2012-04-27 06:00:00,636.3287286810926
2012-04-27 07:00:00,4821.99090774278
2012-04-27 08:00:00,19059.44894111494
2012-04-27 09:00:00,9156.778981382504
2012-04-27 10:00:00,7068.203037070033
2012-04-27 11:00:00,9166.651866343558
2012-04-27 12:00:00,18874.83007018187
2012-04-27 13:00:00,17810.68571168749
2012-04-27 14:00:00,15139.815928430442
2012-04-27 15:00:00,18009.082438824003
2012-04-27 16:00:00,33176.12088097455
2012-04-27 17:00:00,65578.64962060262
2012-04-27 18:00:00,43304.881103213855
2012-04-27 19:00:00,20010.824279368884
2012-04-27 20:00:00,9529.574023496549
2012-04-27 21:00:00,4724.891950797647
2012-04-27 22:00:00,3657.75767299603
2012-04-27 23:00:00,1863.670251983772
2012-04-28 00:00:00,1551.4437614991052
2012-04-28 01:00:00,530.0713114195889
2012-04-28 02:00:00,438.67280108647986
2012-04-28 03:00:00,84.44716142059525
2012-04-28 04:00:00,19.653025787518857
2012-04-28 05:00:00,14.818839625841152
2012-04-28 06:00:00,69.7853435436046
2012-04-28 07:00:00,326.0567210549828
2012-04-28 08:00:00,2829.4141929771968
2012-04-28 09:00:00,6865.910835890454
2012-04-28 10:00:00,14980.77414681067
2012-04-28 11:00:00,22925.78897816511
2012-04-28 12:00:00,29062.472523817978
2012-04-28 13:00:00,32378.588552884303
2012-04-28 14:00:00,47927.6987732539
2012-04-28 15:00:00,40334.113013789036
2012-04-28 16:00:00,31714.6829497151
2012-04-28 17:00:00,23848.564753410363
2012-04-28 18:00:00,4310.258412193473
2012-04-28 19:00:00,1860.3746188103573
2012-04-28 20:00:00,3093.2020597844626
2012-04-28 21:00:00,706.2165275892993
2012-04-28 22:00:00,1651.2482609457516
2012-04-28 23:00:00,1469.8339648986096
2012-04-29 00:00:00,279.9895879436834
2012-04-29 01:00:00,538.0655017250336
2012-04-29 02:00:00,226.3569300438008
2012-04-29 03:00:00,83.40524455861457
2012-04-29 04:00:00,12.823628109969299
2012-04-29 05:00:00,12.35486459340982
2012-04-29 06:00:00,36.26657287621305
2012-04-29 07:00:00,149.0252987490488
2012-04-29 08:00:00,1611.4179808964193
2012-04-29 09:00:00,5983.789501539656
2012-04-29 10:00:00,16511.951603569345
2012-04-29 11:00:00,44763.478411183736
2012-04-29 12:00:00,76619.31977574223
2012-04-29 13:00:00,68974.91823501211
2012-04-29 14:00:00,75597.80653909077
2012-04-29 15:00:00,77930.7456550409
2012-04-29 16:00:00,80646.20384479225
2012-04-29 17:00:00,66096.20089815436
2012-04-29 18:00:00,47750.11303157016
2012-04-29 19:00:00,29527.55703668824
2012-04-29 20:00:00,17621.738950377407
2012-04-29 21:00:00,8981.204957649938
2012-04-29 22:00:00,4387.184316606221
2012-04-29 23:00:00,1875.855556663127
2012-04-30 00:00:00,247.48334531198316
2012-04-30 01:00:00,30.179547984331784
2012-04-30 02:00:00,11.737616542374612
2012-04-30 03:00:00,4.848340173732077
2012-04-30 04:00:00,4.532799088011399
2012-04-30 05:00:00,31.41802711486927
2012-04-30 06:00:00,477.23433765836035
2012-04-30 07:00:00,4105.460758735788
2012-04-30 08:00:00,12452.790538632877
2012-04-30 09:00:00,5937.572585871325
2012-04-30 10:00:00,3392.0274850098767
2012-04-30 11:00:00,4622.306855654497
2012-04-30 12:00:00,6807.186465546914
2012-04-30 13:00:00,9585.233069440377
2012-04-30 14:00:00,7832.714657227531
2012-04-30 15:00:00,9346.01819864582
2012-04-30 16:00:00,17632.621390225097
2012-04-30 17:00:00,49045.57799593445
2012-04-30 18:00:00,33283.42868206042
2012-04-30 19:00:00,16580.20676807832
2012-04-30 20:00:00,7046.1909346411685
2012-04-30 21:00:00,4006.3934586681107
2012-04-30 22:00:00,2692.965541114008
2012-04-30 23:00:00,940.8048313828741
2012-05-20 00:00:00,3912.224173963675
2012-05-20 01:00:00,2153.6817176817913
2012-05-20 02:00:00,1162.6772730820496
2012-05-20 03:00:00,275.04917673605786
2012-05-20 04:00:00,32.10667124284719
2012-05-20 05:00:00,32.26707932626297
2012-05-20 06:00:00,156.1683652811511
2012-05-20 07:00:00,743.2253124646013
2012-05-20 08:00:00,4647.344736844731
2012-05-20 09:00:00,19624.31704123175
2012-05-20 10:00:00,47374.8345035074
2012-05-20 11:00:00,70755.03217414216
2012-05-20 12:00:00,105374.91496982602
2012-05-20 13:00:00,102395.05763225099
2012-05-20 14:00:00,82427.8580388885
2012-05-20 15:00:00,77075.68827676914
2012-05-20 16:00:00,76007.02942761526
2012-05-20 17:00:00,63275.07539009152
2012-05-20 18:00:00,45511.16669220204
2012-05-20 19:00:00,25518.558449910215
2012-05-20 20:00:00,17510.303818805165
2012-05-20 21:00:00,8283.003749899495
2012-05-20 22:00:00,5268.596237741953
2012-05-20 23:00:00,681.2394698753941
2012-05-21 00:00:00,59.038921589283355
2012-05-21 01:00:00,12.979749594127128
2012-05-21 02:00:00,5.456773603505373
2012-05-21 03:00:00,3.4348546790678296
2012-05-21 04:00:00,3.1389697056527277
2012-05-21 05:00:00,17.72911868470513
2012-05-21 06:00:00,178.8634354861406
2012-05-21 07:00:00,1154.341629730009
2012-05-21 08:00:00,3377.1051645103944
2012-05-21 09:00:00,1641.9760722373765
2012-05-21 10:00:00,790.1018507807645
2012-05-21 11:00:00,6066.362066950865
2012-05-21 12:00:00,6746.020793026747
2012-05-21 13:00:00,2017.9790763213146
2012-05-21 14:00:00,1730.8644420228704
2012-05-21 15:00:00,9440.752739216126
2012-05-21 16:00:00,17096.37261023245
2012-05-21 17:00:00,46421.986283191945
2012-05-21 18:00:00,46414.925040071124
2012-05-21 19:00:00,28410.61729211396
2012-05-21 20:00:00,13350.986528071995
2012-05-21 21:00:00,7426.176111666475
2012-05-21 22:00:00,3700.4928869550376
2012-05-21 23:00:00,1293.839496970743
2012-05-22 00:00:00,284.8279794307485
2012-05-22 01:00:00,33.49317049476372
2012-05-22 02:00:00,7.354134982798964
2012-05-22 03:00:00,4.460848338204605
2012-05-22 04:00:00,5.53374461096076
2012-05-22 05:00:00,16.886167372259404
2012-05-22 06:00:00,201.82767958153462
2012-05-22 07:00:00,1397.9223284517157
2012-05-22 08:00:00,11583.355644971522
2012-05-22 09:00:00,7929.8020718794305
2012-05-22 10:00:00,4865.767086953472
2012-05-22 11:00:00,5102.106804513928
2012-05-22 12:00:00,7456.708428872353
2012-05-22 13:00:00,8024.534401868335
2012-05-22 14:00:00,7373.274739733149
2012-05-22 15:00:00,11148.065198335198
2012-05-22 16:00:00,20640.519615892357
2012-05-22 17:00:00,56819.40227921693
2012-05-22 18:00:00,52862.15192371649
2012-05-22 19:00:00,25026.961690388944
2012-05-22 20:00:00,13637.6542458077
2012-05-22 21:00:00,7066.7188875599195
2012-05-22 22:00:00,4589.976039306268
2012-05-22 23:00:00,1793.8909551615575
2012-05-23 00:00:00,409.0331004673961
2012-05-23 01:00:00,63.85551596782189
2012-05-23 02:00:00,11.034966262307888
2012-05-23 03:00:00,8.066711914387788
2012-05-23 04:00:00,3.058885695601403
2012-05-23 05:00:00,16.399008160307634
2012-05-23 06:00:00,929.0027798052921
2012-05-23 07:00:00,8406.048326032678
2012-05-23 08:00:00,20531.345357412323
2012-05-23 09:00:00,10222.483795548484
2012-05-23 10:00:00,5920.486243208136
2012-05-23 11:00:00,8021.455243015178
2012-05-23 12:00:00,12948.303375905305
2012-05-23 13:00:00,11202.81279687982
2012-05-23 14:00:00,9986.234142552632
2012-05-23 15:00:00,11696.983677396323
2012-05-23 16:00:00,8284.795236845013
2012-05-23 17:00:00,15973.728456390745
2012-05-23 18:00:00,17198.068813613252
2012-05-23 19:00:00,18651.822690967514
2012-05-23 20:00:00,10395.242868145597
2012-05-23 21:00:00,6108.686674284269
2012-05-23 22:00:00,4239.2087539494605
2012-05-23 23:00:00,1795.5475903107713
2012-05-24 00:00:00,446.1925539237196
2012-05-24 01:00:00,52.21739019041386
2012-05-24 02:00:00,13.600782655623721
2012-05-24 03:00:00,5.646964684299897
2012-05-24 04:00:00,6.593271837109683
2012-05-24 05:00:00,47.084214882530716
2012-05-24 06:00:00,794.941893661433
2012-05-24 07:00:00,11294.618546461119
2012-05-24 08:00:00,28339.665156785366
2012-05-24 09:00:00,14920.156272310984
2012-05-24 10:00:00,7143.264828236758
2012-05-24 11:00:00,10345.593000299483
2012-05-24 12:00:00,15195.305247092696
2012-05-24 13:00:00,17014.960530614815
2012-05-24 14:00:00,12259.296441650527
2012-05-24 15:00:00,14011.222151141576
2012-05-24 16:00:00,23123.939291730203
2012-05-24 17:00:00,61135.3451748041
2012-05-24 18:00:00,57520.054692956546
2012-05-24 19:00:00,29653.996852749806
2012-05-24 20:00:00,14392.82811878054
2012-05-24 21:00:00,3563.1336882260994
2012-05-24 22:00:00,4590.483071528313
2012-05-24 23:00:00,2102.942296267023
2012-05-25 00:00:00,697.5919109562686
2012-05-25 01:00:00,153.17274199557335
2012-05-25 02:00:00,24.264071460935963
2012-05-25 03:00:00,7.55520368118491
2012-05-25 04:00:00,6.966923384508747
2012-05-25 05:00:00,55.195126400588194
2012-05-25 06:00:00,826.7329696295809
2012-05-25 07:00:00,6983.766557229064
2012-05-25 08:00:00,18509.121724652457
2012-05-25 09:00:00,10658.517523693876
2012-05-25 10:00:00,9772.374941153972
2012-05-25 11:00:00,12466.503231084158
2012-05-25 12:00:00,20658.215083612275
2012-05-25 13:00:00,21966.19185452788
2012-05-25 14:00:00,17133.19457270849
2012-05-25 15:00:00,20317.14355012939
2012-05-25 16:00:00,33744.14121863096
2012-05-25 17:00:00,65149.611523811385
2012-05-25 18:00:00,57084.077050428234
2012-05-25 19:00:00,30499.24765327875
2012-05-25 20:00:00,18032.768889190884
2012-05-25 21:00:00,10649.325532308452
2012-05-25 22:00:00,9544.220598466949
2012-05-25 23:00:00,5069.354995438353
2012-05-26 00:00:00,4075.3617807537157
2012-05-26 01:00:00,2309.7709324973694
2012-05-26 02:00:00,855.7596318973024
2012-05-26 03:00:00,226.42143984127895
2012-05-26 04:00:00,28.746837911799176
2012-05-26 05:00:00,34.975358372295545
2012-05-26 06:00:00,186.39064461843117
2012-05-26 07:00:00,688.7524744181047
2012-05-26 08:00:00,5688.127478246423
2012-05-26 09:00:00,15128.083760663347
2012-05-26 10:00:00,35256.61249934349
2012-05-26 11:00:00,67607.04763028411
2012-05-26 12:00:00,86712.2942103036
2012-05-26 13:00:00,86822.32709940462
2012-05-26 14:00:00,73381.1346868278
2012-05-26 15:00:00,77486.58738368965
2012-05-26 16:00:00,74265.41699641697
2012-05-26 17:00:00,56859.22945203283
2012-05-26 18:00:00,46122.51647798949
2012-05-26 19:00:00,26934.075865464463
2012-05-26 20:00:00,22109.35403768793
2012-05-26 21:00:00,11763.618230854514
2012-05-26 22:00:00,9576.554353342799
2012-05-26 23:00:00,6534.283424749567
2012-05-27 00:00:00,3543.349437568095
2012-05-27 01:00:00,2298.5614414429897
2012-05-27 02:00:00,1161.1025533180925
2012-05-27 03:00:00,269.2387323960195
2012-05-27 04:00:00,29.303131427290182
2012-05-27 05:00:00,33.6807845066034
2012-05-27 06:00:00,195.43658435528394
2012-05-27 07:00:00,687.8878017377546
2012-05-27 08:00:00,3653.8002643121604
2012-05-27 09:00:00,13026.469912733408
2012-05-27 10:00:00,39214.58481614167
2012-05-27 11:00:00,53815.78626582461
2012-05-27 12:00:00,75468.69697768071
2012-05-27 13:00:00,77299.66740700418
2012-05-27 14:00:00,73578.01484220997
2012-05-27 15:00:00,70239.22532819334
2012-05-27 16:00:00,66264.43867742509
2012-05-27 17:00:00,56352.04763236986
2012-05-27 18:00:00,39736.98703229722
2012-05-27 19:00:00,27624.38182049502
2012-05-27 20:00:00,20390.946627825055
2012-05-27 21:00:00,3994.7814855159436
2012-05-27 22:00:00,1502.8947263862287
2012-05-27 23:00:00,683.8790883097868
2012-05-28 00:00:00,1291.993590706039
2012-05-28 01:00:00,522.3582636620279
2012-05-28 02:00:00,222.34502131880527
2012-05-28 03:00:00,56.0350722435133
2012-05-28 04:00:00,17.90502924254827
2012-05-28 05:00:00,23.08374878774681
2012-05-28 06:00:00,232.26988854298753
2012-05-28 07:00:00,828.6735002892486
2012-05-28 08:00:00,3631.876278510487
2012-05-28 09:00:00,10041.19731315356
2012-05-28 10:00:00,21017.517083544553
2012-05-28 11:00:00,31596.04755300262
2012-05-28 12:00:00,46723.56074994555
2012-05-28 13:00:00,35529.06186665338
2012-05-28 14:00:00,34042.43902177567
2012-05-28 15:00:00,35021.16031069818
2012-05-28 16:00:00,33131.05627763121
2012-05-28 17:00:00,31494.795273848693
2012-05-28 18:00:00,23265.387846032987
2012-05-28 19:00:00,18142.65461693989
2012-05-28 20:00:00,10419.697843967462
2012-05-28 21:00:00,6154.100986263489
2012-05-28 22:00:00,3758.4023560912315
2012-05-28 23:00:00,1339.233768140702
2012-05-29 00:00:00,351.2515144971064
2012-05-29 01:00:00,44.21225872000943
2012-05-29 02:00:00,10.512499127326645
2012-05-29 03:00:00,4.8392956746195965
2012-05-29 04:00:00,7.447925076089787
2012-05-29 05:00:00,67.90282571761931
2012-05-29 06:00:00,1167.2071871113797
2012-05-29 07:00:00,9382.831973998145
2012-05-29 08:00:00,22734.875599059113
2012-05-29 09:00:00,11163.732560100381
2012-05-29 10:00:00,5471.097174350855
2012-05-29 11:00:00,7624.044280532796
2012-05-29 12:00:00,12182.817554932632
2012-05-29 13:00:00,11899.654722439425
2012-05-29 14:00:00,9978.516371189458
2012-05-29 15:00:00,10782.066540367687
2012-05-29 16:00:00,18210.193129022988
2012-05-29 17:00:00,54826.23386015283
2012-05-29 18:00:00,45690.00279234708
2012-05-29 19:00:00,26252.797576252135
2012-05-29 20:00:00,5750.33991458663
2012-05-29 21:00:00,572.5156369688665
2012-05-29 22:00:00,2424.2502083729964
2012-05-29 23:00:00,255.13588897666176
2012-05-30 00:00:00,76.9914661121599
2012-05-30 01:00:00,16.560232997837872
2012-05-30 02:00:00,4.122002951976927
2012-05-30 03:00:00,2.4197841467439765
2012-05-30 04:00:00,6.23174378884554
2012-05-30 05:00:00,72.36498434342607
2012-05-30 06:00:00,1234.1228360680295
2012-05-30 07:00:00,2625.1595723626233
2012-05-30 08:00:00,26689.762193710198
2012-05-30 09:00:00,12958.982337555834
2012-05-30 10:00:00,5943.849672999893
2012-05-30 11:00:00,9219.071778293679
2012-05-30 12:00:00,14705.844965479146
2012-05-30 13:00:00,13018.513286462927
2012-05-30 14:00:00,11858.332860639492
2012-05-30 15:00:00,13415.445095877392
2012-05-30 16:00:00,22504.602743350362
2012-05-30 17:00:00,55221.177083327195
2012-05-30 18:00:00,58059.6392181251
2012-05-30 19:00:00,32151.76486800371
2012-05-30 20:00:00,10716.755056644164
2012-05-30 21:00:00,9465.429952639952
2012-05-30 22:00:00,5276.155576947076
2012-05-30 23:00:00,2164.9137951296343
2012-05-31 00:00:00,531.780430521129
2012-05-31 01:00:00,79.2517447812647
2012-05-31 02:00:00,18.03201632842164
2012-05-31 03:00:00,6.501275030676328
2012-05-31 04:00:00,7.916414661822358
2012-05-31 05:00:00,85.96098731528284
2012-05-31 06:00:00,1471.103497047411
2012-05-31 07:00:00,11809.190702085265
2012-05-31 08:00:00,27591.981217780452
2012-05-31 09:00:00,15919.121224203138
2012-05-31 10:00:00,8769.420002846935
2012-05-31 11:00:00,12962.308902662351
2012-05-31 12:00:00,19284.547430076946
2012-05-31 13:00:00,19131.875973372167
2012-05-31 14:00:00,15772.580197446403
2012-05-31 15:00:00,15531.469547630008
2012-05-31 16:00:00,28065.4989365446
2012-05-31 17:00:00,78518.9588578905
2012-05-31 18:00:00,71305.53035209632
2012-05-31 19:00:00,40242.3965947585
2012-05-31 20:00:00,23344.281317225454
2012-05-31 21:00:00,12539.123455545992
2012-05-31 22:00:00,7681.907943400602
2012-05-31 23:00:00,3069.057976522568
2012-06-20 00:00:00,380.0250811613929
2012-06-20 01:00:00,60.414129189339235
2012-06-20 02:00:00,12.487388504269182
2012-06-20 03:00:00,7.229837734446456
2012-06-20 04:00:00,6.66839202621487
2012-06-20 05:00:00,74.50214156330506
2012-06-20 06:00:00,884.0750688099246
2012-06-20 07:00:00,6751.581558149977
2012-06-20 08:00:00,22451.263122935685
2012-06-20 09:00:00,11680.645721376944
2012-06-20 10:00:00,6999.883976467564
2012-06-20 11:00:00,8102.964219106667
2012-06-20 12:00:00,11918.749603693
2012-06-20 13:00:00,10958.10774640097
2012-06-20 14:00:00,9358.158584137636
2012-06-20 15:00:00,9686.828223264616
2012-06-20 16:00:00,16531.080811141943
2012-06-20 17:00:00,40242.548619765286
2012-06-20 18:00:00,39673.12232369432
2012-06-20 19:00:00,25704.77036066423
2012-06-20 20:00:00,15419.220188630747
2012-06-20 21:00:00,9421.627623270015
2012-06-20 22:00:00,5782.397465652656
2012-06-20 23:00:00,2194.271324960461
2012-06-21 00:00:00,558.4747005983619
2012-06-21 01:00:00,76.2834376661023
2012-06-21 02:00:00,17.373935334500832
2012-06-21 03:00:00,7.697512461980022
2012-06-21 04:00:00,8.589214169390262
2012-06-21 05:00:00,84.297968846778
2012-06-21 06:00:00,986.2079989991752
2012-06-21 07:00:00,7382.580217247363
2012-06-21 08:00:00,22994.523861489477
2012-06-21 09:00:00,15180.86070439242
2012-06-21 10:00:00,6947.071898282908
2012-06-21 11:00:00,10253.290535821434
2012-06-21 12:00:00,12531.287306700124
2012-06-21 13:00:00,11336.65026296924
2012-06-21 14:00:00,12926.807908912415
2012-06-21 15:00:00,11111.06147196334
2012-06-21 16:00:00,22432.059015057628
2012-06-21 17:00:00,56512.14226036139
2012-06-21 18:00:00,59393.56653972544
2012-06-21 19:00:00,32485.842775494864
2012-06-21 20:00:00,21026.82623489352
2012-06-21 21:00:00,14179.557505777615
2012-06-21 22:00:00,6937.700487675637
2012-06-21 23:00:00,3120.2444220745792
2012-06-22 00:00:00,804.1254931137141
2012-06-22 01:00:00,192.32185334324768
2012-06-22 02:00:00,28.816738379281652
2012-06-22 03:00:00,11.069473477424017
2012-06-22 04:00:00,10.502198390323
2012-06-22 05:00:00,114.79531474920879
2012-06-22 06:00:00,1285.9558660599057
2012-06-22 07:00:00,11737.532857387863
2012-06-22 08:00:00,33940.35823843475
2012-06-22 09:00:00,18106.52350049401
2012-06-22 10:00:00,13271.976003501622
2012-06-22 11:00:00,18750.311175409668
2012-06-22 12:00:00,20492.82295013853
2012-06-22 13:00:00,21100.58019099938
2012-06-22 14:00:00,18022.220388076967
2012-06-22 15:00:00,18885.521993084687
2012-06-22 16:00:00,33235.8656760162
2012-06-22 17:00:00,86512.4377318897
2012-06-22 18:00:00,66799.95119764275
2012-06-22 19:00:00,33974.539040292424
2012-06-22 20:00:00,18649.09562390489
2012-06-22 21:00:00,6385.395446714101
2012-06-22 22:00:00,10879.516544388716
2012-06-22 23:00:00,4834.958208459427
2012-06-23 00:00:00,2696.803949631308
2012-06-23 01:00:00,2292.3573494341617
2012-06-23 02:00:00,712.0704392115999
2012-06-23 03:00:00,170.40380383564028
2012-06-23 04:00:00,20.15470612352113
2012-06-23 05:00:00,18.82154690395629
2012-06-23 06:00:00,130.85007948177838
2012-06-23 07:00:00,753.3077552300406
2012-06-23 08:00:00,6135.116457149396
2012-06-23 09:00:00,20128.042880808127
2012-06-23 10:00:00,50283.56561609289
2012-06-23 11:00:00,74693.10060339319
2012-06-23 12:00:00,91965.17599047381
2012-06-23 13:00:00,106544.63582957204
2012-06-23 14:00:00,105738.31645723368
2012-06-23 15:00:00,93405.90354053077
2012-06-23 16:00:00,82190.15604704275
2012-06-23 17:00:00,73118.24474744778
2012-06-23 18:00:00,55052.4608330648
2012-06-23 19:00:00,43351.065146461944
2012-06-23 20:00:00,28347.130292368285
2012-06-23 21:00:00,18372.301688028
2012-06-23 22:00:00,12627.261168840823
2012-06-23 23:00:00,8129.166289152928
2012-06-24 00:00:00,4075.0879168250967
2012-06-24 01:00:00,2549.99078419971
2012-06-24 02:00:00,1340.5015082083062
2012-06-24 03:00:00,248.92789768382323
2012-06-24 04:00:00,29.61881350360492
2012-06-24 05:00:00,32.07388676453594
2012-06-24 06:00:00,109.84785089048538
2012-06-24 07:00:00,626.7879992419705
2012-06-24 08:00:00,3813.260824563268
2012-06-24 09:00:00,16442.76838184339
2012-06-24 10:00:00,41847.933521389976
2012-06-24 11:00:00,65575.57565603426
2012-06-24 12:00:00,91017.16371060486
2012-06-24 13:00:00,85733.50171151552
2012-06-24 14:00:00,75929.14273824442
2012-06-24 15:00:00,71897.6005084865
2012-06-24 16:00:00,72383.36071508708
2012-06-24 17:00:00,60615.340826853375
2012-06-24 18:00:00,48199.28222247872
2012-06-24 19:00:00,30984.94357091215
2012-06-24 20:00:00,20987.920510542714
2012-06-24 21:00:00,13354.500103229684
2012-06-24 22:00:00,7721.324391130255
2012-06-24 23:00:00,2728.6136569348373
2012-06-25 00:00:00,550.2133118027026
2012-06-25 01:00:00,70.24607703621456
2012-06-25 02:00:00,18.458406192073486
2012-06-25 03:00:00,7.584284362747749
2012-06-25 04:00:00,8.456685375531723
2012-06-25 05:00:00,104.42517356565543
2012-06-25 06:00:00,928.4826425225754
2012-06-25 07:00:00,9650.980952790962
2012-06-25 08:00:00,22516.89102742357
2012-06-25 09:00:00,12573.118558612563
2012-06-25 10:00:00,7869.452234427536
2012-06-25 11:00:00,11182.190513784548
2012-06-25 12:00:00,14496.163767793772
2012-06-25 13:00:00,14555.424951127736
2012-06-25 14:00:00,12849.42856386773
2012-06-25 15:00:00,13650.614102713254
2012-06-25 16:00:00,26980.04643517352
2012-06-25 17:00:00,63208.82513962614
2012-06-25 18:00:00,63445.329205462825
2012-06-25 19:00:00,38395.72403675405
2012-06-25 20:00:00,20804.330359467265
2012-06-25 21:00:00,12493.350626107125
2012-06-25 22:00:00,6241.565888569009
2012-06-25 23:00:00,1941.0373973368262
2012-06-26 00:00:00,627.4733597123775
2012-06-26 01:00:00,66.07897305304718
2012-06-26 02:00:00,16.147457353816133
2012-06-26 03:00:00,7.131902145316495
2012-06-26 04:00:00,10.38798924754843
2012-06-26 05:00:00,99.93543970571777
2012-06-26 06:00:00,1287.5555634259122
2012-06-26 07:00:00,9454.664848795735
2012-06-26 08:00:00,25027.604793376137
2012-06-26 09:00:00,10603.8619278057
2012-06-26 10:00:00,8351.593418441058
2012-06-26 11:00:00,11204.578045776341
2012-06-26 12:00:00,15298.302252151398
2012-06-26 13:00:00,15556.233856291825
2012-06-26 14:00:00,14409.999344010903
2012-06-26 15:00:00,16612.405381413762
2012-06-26 16:00:00,29432.106062441388
2012-06-26 17:00:00,83982.3564527882
2012-06-26 18:00:00,77845.79408356371
2012-06-26 19:00:00,46584.13463767227
2012-06-26 20:00:00,25103.16480321714
2012-06-26 21:00:00,15323.73096405528
2012-06-26 22:00:00,8070.12455737113
2012-06-26 23:00:00,2594.2920654549434
2012-06-27 00:00:00,595.5837826276766
2012-06-27 01:00:00,83.65745982865805
2012-06-27 02:00:00,16.926235413201383
2012-06-27 03:00:00,8.356767351631346
2012-06-27 04:00:00,9.093450386834654
2012-06-27 05:00:00,106.24026722793145
2012-06-27 06:00:00,1112.1256915926683
2012-06-27 07:00:00,10268.995897039578
2012-06-27 08:00:00,26989.11062651316
2012-06-27 09:00:00,14858.334878137548
2012-06-27 10:00:00,9246.532553864428
2012-06-27 11:00:00,12107.069827453906
2012-06-27 12:00:00,16465.82335289785
2012-06-27 13:00:00,14268.542002135478
2012-06-27 14:00:00,12906.674569318073
2012-06-27 15:00:00,14667.971256530207
2012-06-27 16:00:00,23918.44241155684
2012-06-27 17:00:00,66239.38244340071
2012-06-27 18:00:00,65427.944506477004
2012-06-27 19:00:00,40349.38643639591
2012-06-27 20:00:00,24473.064110516145
2012-06-27 21:00:00,13875.359672660796
2012-06-27 22:00:00,7357.306864746082
2012-06-27 23:00:00,2900.6274579310125
2012-06-28 00:00:00,679.9543808294463
2012-06-28 01:00:00,99.08300649816397
2012-06-28 02:00:00,25.764440920616906
2012-06-28 03:00:00,10.508717289296364
2012-06-28 04:00:00,9.103373937959926
2012-06-28 05:00:00,103.56273795124719
2012-06-28 06:00:00,1380.5510882807496
2012-06-28 07:00:00,11097.648558539853
2012-06-28 08:00:00,31351.004140037636
2012-06-28 09:00:00,16050.6949070423
2012-06-28 10:00:00,8841.220723623965
2012-06-28 11:00:00,13698.55833092539
2012-06-28 12:00:00,15117.0264401753
2012-06-28 13:00:00,15328.854850638476
2012-06-28 14:00:00,13851.094516274763
2012-06-28 15:00:00,15566.155947081235
2012-06-28 16:00:00,28348.081668307525
2012-06-28 17:00:00,67859.34759580308
2012-06-28 18:00:00,65759.5957686912
2012-06-28 19:00:00,40975.84187242558
2012-06-28 20:00:00,26902.382734068222
2012-06-28 21:00:00,14446.61054085814
2012-06-28 22:00:00,8245.615032806125
2012-06-28 23:00:00,3697.011044911277
2012-06-29 00:00:00,1009.3676414953109
2012-06-29 01:00:00,230.06724861892786
2012-06-29 02:00:00,47.25789726168088
2012-06-29 03:00:00,14.491713530717675
2012-06-29 04:00:00,11.590586688156465
2012-06-29 05:00:00,125.34092009133566
2012-06-29 06:00:00,1588.9978508527797
2012-06-29 07:00:00,12257.778423786036
2012-06-29 08:00:00,32369.831767917516
2012-06-29 09:00:00,19150.195247353713
2012-06-29 10:00:00,9341.888195736043
2012-06-29 11:00:00,11042.116041232985
2012-06-29 12:00:00,14493.33482630397
2012-06-29 13:00:00,14306.650276432141
2012-06-29 14:00:00,11473.268516918191
2012-06-29 15:00:00,12226.405718110584
2012-06-29 16:00:00,20686.43678202082
2012-06-29 17:00:00,45491.65692012939
2012-06-29 18:00:00,35854.37469315641
2012-06-29 19:00:00,26946.743055845705
2012-06-29 20:00:00,13580.693343452602
2012-06-29 21:00:00,10891.268310502586
2012-06-29 22:00:00,4281.890622155102
2012-06-29 23:00:00,2757.259135783317
2012-06-30 00:00:00,646.6416863754661
2012-06-30 01:00:00,425.7749019282635
2012-06-30 02:00:00,644.942688358494
2012-06-30 03:00:00,144.90025115239277
2012-06-30 04:00:00,11.690139733912275
2012-06-30 05:00:00,26.218903306859282
2012-06-30 06:00:00,114.99729028023405
2012-06-30 07:00:00,657.2588955493433
2012-06-30 08:00:00,3317.9398298137276
2012-06-30 09:00:00,10871.974216625802
2012-06-30 10:00:00,39464.69673342824
2012-06-30 11:00:00,59208.343638258266
2012-06-30 12:00:00,77278.07421152372
2012-06-30 13:00:00,83032.79268641227
2012-06-30 14:00:00,75348.74326706213
2012-06-30 15:00:00,80276.34200081909
2012-06-30 16:00:00,62032.206371420965
2012-06-30 17:00:00,59084.31717183813
2012-06-30 18:00:00,39930.47215772748
2012-06-30 19:00:00,33885.025279871224
2012-06-30 20:00:00,22153.22362174036
2012-06-30 21:00:00,14582.574375492113
2012-06-30 22:00:00,9598.167555619963
2012-06-30 23:00:00,6656.960156329751
2012-07-20 00:00:00,169.38863911484316
2012-07-20 01:00:00,128.61204618600954
2012-07-20 02:00:00,24.005370912603432
2012-07-20 03:00:00,9.591252594255629
2012-07-20 04:00:00,8.943485686652439
2012-07-20 05:00:00,75.00403338242172
2012-07-20 06:00:00,874.2472147012919
2012-07-20 07:00:00,6556.115804031772
2012-07-20 08:00:00,23350.98644488999
2012-07-20 09:00:00,12620.381140394657
2012-07-20 10:00:00,7991.466700856654
2012-07-20 11:00:00,6121.603888329493
2012-07-20 12:00:00,5900.5413811862445
2012-07-20 13:00:00,4903.033351946807
2012-07-20 14:00:00,3522.6161585741197
2012-07-20 15:00:00,10748.09631379984
2012-07-20 16:00:00,19240.749978227803
2012-07-20 17:00:00,28446.653998076104
2012-07-20 18:00:00,37458.39096216338
2012-07-20 19:00:00,12651.414241427845
2012-07-20 20:00:00,2385.0643047240737
2012-07-20 21:00:00,1647.2266899121278
2012-07-20 22:00:00,4549.549140050351
2012-07-20 23:00:00,2414.6457462943204
2012-07-21 00:00:00,627.2278531915724
2012-07-21 01:00:00,1151.593219522743
2012-07-21 02:00:00,231.60903259194671
2012-07-21 03:00:00,51.596488156885606
2012-07-21 04:00:00,6.604384667343064
2012-07-21 05:00:00,7.5074368484625795
2012-07-21 06:00:00,22.834917524391166
2012-07-21 07:00:00,351.880676496718
2012-07-21 08:00:00,2416.953190798024
2012-07-21 09:00:00,7605.532572724162
2012-07-21 10:00:00,3829.0196929050567
2012-07-21 11:00:00,26266.37448157868
2012-07-21 12:00:00,12132.10220679728
2012-07-21 13:00:00,13905.604003613022
2012-07-21 14:00:00,24214.212645128926
2012-07-21 15:00:00,7591.432422905717
2012-07-21 16:00:00,6666.421735655249
2012-07-21 17:00:00,6920.621057578591
2012-07-21 18:00:00,12820.28687946976
2012-07-21 19:00:00,12157.342093920963
2012-07-21 20:00:00,2375.7923618801287
2012-07-21 21:00:00,4752.018256758796
2012-07-21 22:00:00,3368.6751024693954
2012-07-21 23:00:00,2192.535289588754
2012-07-22 00:00:00,1237.412189556535
2012-07-22 01:00:00,863.1543104389643
2012-07-22 02:00:00,578.6062904925052
2012-07-22 03:00:00,153.80459145620452
2012-07-22 04:00:00,16.916901649862055
2012-07-22 05:00:00,17.488623982821792
2012-07-22 06:00:00,65.9617882535863
2012-07-22 07:00:00,344.3650753680653
2012-07-22 08:00:00,2512.077588220249
2012-07-22 09:00:00,13552.577319998392
2012-07-22 10:00:00,29136.038904464243
2012-07-22 11:00:00,43145.58609652662
2012-07-22 12:00:00,65374.51352417207
2012-07-22 13:00:00,67528.03559917348
2012-07-22 14:00:00,65092.55583662107
2012-07-22 15:00:00,66485.81558937964
2012-07-22 16:00:00,62487.458411829706
2012-07-22 17:00:00,54484.55792486888
2012-07-22 18:00:00,41892.211233045164
2012-07-22 19:00:00,29284.753598532083
2012-07-22 20:00:00,19054.440191486723
2012-07-22 21:00:00,8801.584719426848
2012-07-22 22:00:00,7015.214969588003
2012-07-22 23:00:00,2534.38149093365
2012-07-23 00:00:00,310.86316264702384
2012-07-23 01:00:00,40.48165114834758
2012-07-23 02:00:00,8.134415257345653
2012-07-23 03:00:00,3.644230385285173
2012-07-23 04:00:00,5.665098619010576
2012-07-23 05:00:00,41.45653502414083
2012-07-23 06:00:00,738.0680678355816
2012-07-23 07:00:00,7144.779727223866
2012-07-23 08:00:00,17662.080214852846
2012-07-23 09:00:00,10417.255403234527
2012-07-23 10:00:00,6292.1421623130855
2012-07-23 11:00:00,10204.841419348018
2012-07-23 12:00:00,14121.953416451817
2012-07-23 13:00:00,12190.241022474203
2012-07-23 14:00:00,10675.934966600953
2012-07-23 15:00:00,15254.530651608045
2012-07-23 16:00:00,24408.06596368399
2012-07-23 17:00:00,63598.49062301647
2012-07-23 18:00:00,59749.67088504262
2012-07-23 19:00:00,39090.21960567447
2012-07-23 20:00:00,19124.71666731795
2012-07-23 21:00:00,10208.544461846594
2012-07-23 22:00:00,5511.502703437899
2012-07-23 23:00:00,1800.3443374747674
2012-07-24 00:00:00,534.2924772469515
2012-07-24 01:00:00,57.837129857269076
2012-07-24 02:00:00,10.920789471371755
2012-07-24 03:00:00,6.923238452235403
2012-07-24 04:00:00,7.3688112262266126
2012-07-24 05:00:00,80.04722014958084
2012-07-24 06:00:00,998.761482874372
2012-07-24 07:00:00,10746.785617817752
2012-07-24 08:00:00,23771.17739511637
2012-07-24 09:00:00,10504.669084053641
2012-07-24 10:00:00,7505.5082307068205
2012-07-24 11:00:00,7886.346481829302
2012-07-24 12:00:00,11493.91513286155
2012-07-24 13:00:00,10927.008958555669
2012-07-24 14:00:00,10002.665562555323
2012-07-24 15:00:00,14700.225162653047
2012-07-24 16:00:00,27551.780132113203
2012-07-24 17:00:00,70929.22255391316
2012-07-24 18:00:00,59181.832334585546
2012-07-24 19:00:00,34737.699063272164
2012-07-24 20:00:00,18072.219401013353
2012-07-24 21:00:00,10901.011460020383
2012-07-24 22:00:00,6235.551421367499
2012-07-24 23:00:00,2641.812084298121
2012-07-25 00:00:00,572.6772686185019
2012-07-25 01:00:00,83.80958423912438
2012-07-25 02:00:00,18.072630734788227
2012-07-25 03:00:00,7.941232412536105
2012-07-25 04:00:00,7.184430957115671
2012-07-25 05:00:00,93.94324125818741
2012-07-25 06:00:00,1290.9845970345882
2012-07-25 07:00:00,11326.17885354413
2012-07-25 08:00:00,30756.64281451402
2012-07-25 09:00:00,15557.345444362165
2012-07-25 10:00:00,8265.167026245988
2012-07-25 11:00:00,10655.094060651632
2012-07-25 12:00:00,15341.05116222645
2012-07-25 13:00:00,14457.839709863758
2012-07-25 14:00:00,12756.551176213887
2012-07-25 15:00:00,15525.842655862825
2012-07-25 16:00:00,27441.701193945948
2012-07-25 17:00:00,61180.9652204706
2012-07-25 18:00:00,65372.71823852786
2012-07-25 19:00:00,40447.40592934461
2012-07-25 20:00:00,23102.119821783468
2012-07-25 21:00:00,12909.669014714947
2012-07-25 22:00:00,6813.973198898693
2012-07-25 23:00:00,2618.788068437646
2012-07-26 00:00:00,635.9587605153218
2012-07-26 01:00:00,92.11175364683199
2012-07-26 02:00:00,24.32966579198953
2012-07-26 03:00:00,8.720513383549244
2012-07-26 04:00:00,10.116261387479618
2012-07-26 05:00:00,124.70345070308962
2012-07-26 06:00:00,1295.511722337562
2012-07-26 07:00:00,12488.499874757019
2012-07-26 08:00:00,23837.096065111
2012-07-26 09:00:00,12125.612557342754
2012-07-26 10:00:00,7168.028738580525
2012-07-26 11:00:00,8914.115050886634
2012-07-26 12:00:00,12557.892470956
2012-07-26 13:00:00,11110.094731499383
2012-07-26 14:00:00,8648.137911634965
2012-07-26 15:00:00,8525.606218679563
2012-07-26 16:00:00,15342.030543385872
2012-07-26 17:00:00,45422.78822391695
2012-07-26 18:00:00,37038.552007794075
2012-07-26 19:00:00,24920.88076504684
2012-07-26 20:00:00,18150.270270395773
2012-07-26 21:00:00,11026.08870019627
2012-07-26 22:00:00,6418.981529882894
2012-07-26 23:00:00,3087.4215938218636
2012-07-27 00:00:00,804.8881243811015
2012-07-27 01:00:00,187.51597456350692
2012-07-27 02:00:00,32.317945221259556
2012-07-27 03:00:00,13.092958709460223
2012-07-27 04:00:00,8.610877774695336
2012-07-27 05:00:00,83.2455463519269
2012-07-27 06:00:00,1101.2442911391934
2012-07-27 07:00:00,12424.874089320272
2012-07-27 08:00:00,29370.439001220966
2012-07-27 09:00:00,18239.570351724695
2012-07-27 10:00:00,10684.243529078087
2012-07-27 11:00:00,16194.067005138042
2012-07-27 12:00:00,20442.769470623287
2012-07-27 13:00:00,22755.99796271644
2012-07-27 14:00:00,17560.045082183107
2012-07-27 15:00:00,23686.2523569001
2012-07-27 16:00:00,38171.89197449646
2012-07-27 17:00:00,72199.79625042524
2012-07-27 18:00:00,69191.9013000617
2012-07-27 19:00:00,40181.556091847124
2012-07-27 20:00:00,20112.269282539917
2012-07-27 21:00:00,13376.995189255791
2012-07-27 22:00:00,10685.285694073687
2012-07-27 23:00:00,5699.478057954605
2012-07-28 00:00:00,4515.0624706359995
2012-07-28 01:00:00,2576.210565096763
2012-07-28 02:00:00,1166.4557824308301
2012-07-28 03:00:00,229.44855995330286
2012-07-28 04:00:00,25.86535563415072
2012-07-28 05:00:00,36.47173487529444
2012-07-28 06:00:00,199.08998557090692
2012-07-28 07:00:00,1059.933669093079
2012-07-28 08:00:00,5751.1040291420395
2012-07-28 09:00:00,17764.098082228295
2012-07-28 10:00:00,41417.52320788743
2012-07-28 11:00:00,67451.80961703646
2012-07-28 12:00:00,83855.25816910503
2012-07-28 13:00:00,78051.6159156273
2012-07-28 14:00:00,79961.23281676034
2012-07-28 15:00:00,76242.43830543787
2012-07-28 16:00:00,72544.48777716812
2012-07-28 17:00:00,66670.05979708268
2012-07-28 18:00:00,50660.427404003065
2012-07-28 19:00:00,28008.245110024785
2012-07-28 20:00:00,15887.440772971684
2012-07-28 21:00:00,12190.5282232629
2012-07-28 22:00:00,8355.08920461741
2012-07-28 23:00:00,5585.611097239199
2012-07-29 00:00:00,2427.9195891355757
2012-07-29 01:00:00,1771.796267124407
2012-07-29 02:00:00,1264.6584889173364
2012-07-29 03:00:00,287.1223677833393
2012-07-29 04:00:00,27.856621208539572
2012-07-29 05:00:00,29.941312428535685
2012-07-29 06:00:00,104.39290368298443
2012-07-29 07:00:00,761.0592936019895
2012-07-29 08:00:00,3776.2416823813955
2012-07-29 09:00:00,16490.498324713313
2012-07-29 10:00:00,35810.711910948856
2012-07-29 11:00:00,61971.137449620575
2012-07-29 12:00:00,79341.36117542094
2012-07-29 13:00:00,77452.63926974351
2012-07-29 14:00:00,76784.88851930488
2012-07-29 15:00:00,76339.13625653075
2012-07-29 16:00:00,71636.87742019589
2012-07-29 17:00:00,62670.235353626565
2012-07-29 18:00:00,44165.31140511694
2012-07-29 19:00:00,34238.345974408076
2012-07-29 20:00:00,18202.590228024394
2012-07-29 21:00:00,11120.83870464453
2012-07-29 22:00:00,6651.254149922405
2012-07-29 23:00:00,2605.015281509248
2012-07-30 00:00:00,488.44157294676205
2012-07-30 01:00:00,62.15415793231807
2012-07-30 02:00:00,15.605797972571263
2012-07-30 03:00:00,6.431801443726552
2012-07-30 04:00:00,7.233067234781642
2012-07-30 05:00:00,76.52925888286377
2012-07-30 06:00:00,993.3183740320201
2012-07-30 07:00:00,8158.32608398878
2012-07-30 08:00:00,18757.109510385562
2012-07-30 09:00:00,9693.349678688417
2012-07-30 10:00:00,6266.044970884202
2012-07-30 11:00:00,10084.336881324634
2012-07-30 12:00:00,12262.447378851073
2012-07-30 13:00:00,14629.413417536818
2012-07-30 14:00:00,13043.685051780298
2012-07-30 15:00:00,15277.554069133963
2012-07-30 16:00:00,26840.334833227553
2012-07-30 17:00:00,67431.16301567946
2012-07-30 18:00:00,57516.12778879622
2012-07-30 19:00:00,39074.832638736836
2012-07-30 20:00:00,17327.09643297238
2012-07-30 21:00:00,9564.794905827217
2012-07-30 22:00:00,4382.874311046141
2012-07-30 23:00:00,1749.9362005595838
2012-07-31 00:00:00,438.1648980955535
2012-07-31 01:00:00,51.66809330721691
2012-07-31 02:00:00,10.443274247322897
2012-07-31 03:00:00,6.767815613178965
2012-07-31 04:00:00,7.45308568179034
2012-07-31 05:00:00,82.75120849670262
2012-07-31 06:00:00,760.4282807921253
2012-07-31 07:00:00,8063.4913784117125
2012-07-31 08:00:00,20299.186170312347
2012-07-31 09:00:00,11615.252269304827
2012-07-31 10:00:00,6559.764792205806
2012-07-31 11:00:00,8676.121728340973
2012-07-31 12:00:00,13633.983818280063
2012-07-31 13:00:00,14123.12800118501
2012-07-31 14:00:00,12970.457280109844
2012-07-31 15:00:00,13088.531451331744
2012-07-31 16:00:00,24749.21731881569
2012-07-31 17:00:00,71146.55100492627
2012-07-31 18:00:00,64082.414588335814
2012-07-31 19:00:00,16906.089791441635
2012-07-31 20:00:00,8725.92426299058
2012-07-31 21:00:00,8339.448991954087
2012-07-31 22:00:00,6259.099067048622
2012-07-31 23:00:00,1645.743720744408
2012-08-20 00:00:00,237.98699707081738
2012-08-20 01:00:00,45.64293295944929
2012-08-20 02:00:00,12.852621338712263
2012-08-20 03:00:00,5.360633524645441
2012-08-20 04:00:00,6.7032722733774035
2012-08-20 05:00:00,48.39580910200652
2012-08-20 06:00:00,758.1338947740813
2012-08-20 07:00:00,6329.310755261319
2012-08-20 08:00:00,16937.006406097913
2012-08-20 09:00:00,9700.188968958548
2012-08-20 10:00:00,5690.332632475499
2012-08-20 11:00:00,8824.578087170888
2012-08-20 12:00:00,12648.001625017052
2012-08-20 13:00:00,13356.547763709048
2012-08-20 14:00:00,13580.595993004517
2012-08-20 15:00:00,15068.285360433447
2012-08-20 16:00:00,25958.70059694042
2012-08-20 17:00:00,62782.994344172745
2012-08-20 18:00:00,31228.180225828255
2012-08-20 19:00:00,21149.38402365875
2012-08-20 20:00:00,6286.150164866472
2012-08-20 21:00:00,5564.73955863824
2012-08-20 22:00:00,2134.283188142634
2012-08-20 23:00:00,787.9485282639496
2012-08-21 00:00:00,239.11157906186435
2012-08-21 01:00:00,32.524783799196086
2012-08-21 02:00:00,5.954073801838739
2012-08-21 03:00:00,5.785777764809809
2012-08-21 04:00:00,7.439965588801743
2012-08-21 05:00:00,59.62423559828256
2012-08-21 06:00:00,749.8290713023273
2012-08-21 07:00:00,7725.919316825432
2012-08-21 08:00:00,20506.199535530406
2012-08-21 09:00:00,10196.682117410563
2012-08-21 10:00:00,7681.419027817669
2012-08-21 11:00:00,9982.342725708404
2012-08-21 12:00:00,14394.480592250024
2012-08-21 13:00:00,14393.674920060565
2012-08-21 14:00:00,14109.283024368233
2012-08-21 15:00:00,15855.894546091686
2012-08-21 16:00:00,29140.03159680647
2012-08-21 17:00:00,72816.94584624472
2012-08-21 18:00:00,69763.83191245803
2012-08-21 19:00:00,10543.818230437382
2012-08-21 20:00:00,14555.881731227055
2012-08-21 21:00:00,9062.546667359757
2012-08-21 22:00:00,4007.8010224893937
2012-08-21 23:00:00,1447.4509986783312
2012-08-22 00:00:00,324.99134708737114
2012-08-22 01:00:00,53.7307458659867
2012-08-22 02:00:00,10.64940843030508
2012-08-22 03:00:00,7.0950177866916855
2012-08-22 04:00:00,6.5450806170388045
2012-08-22 05:00:00,73.94612905705613
2012-08-22 06:00:00,1115.2466468521482
2012-08-22 07:00:00,7534.927420723584
2012-08-22 08:00:00,21941.547173089133
2012-08-22 09:00:00,11687.919895544728
2012-08-22 10:00:00,7256.5193715121695
2012-08-22 11:00:00,9255.996764746957
2012-08-22 12:00:00,13600.270404084373
2012-08-22 13:00:00,13104.220868511746
2012-08-22 14:00:00,12251.984482574895
2012-08-22 15:00:00,14238.293816925114
2012-08-22 16:00:00,10362.243099173975
2012-08-22 17:00:00,30168.831158764082
2012-08-22 18:00:00,24878.928396518964
2012-08-22 19:00:00,27126.75608740846
2012-08-22 20:00:00,15119.714919083357
2012-08-22 21:00:00,8545.782669079992
2012-08-22 22:00:00,4883.112934506367
2012-08-22 23:00:00,1535.9146230486474
2012-08-23 00:00:00,420.6711383644932
2012-08-23 01:00:00,59.313863338652816
2012-08-23 02:00:00,16.180948939420652
2012-08-23 03:00:00,7.28023970470177
2012-08-23 04:00:00,7.549702319525251
2012-08-23 05:00:00,74.84176589054108
2012-08-23 06:00:00,586.32797903376445
2012-08-23 07:00:00,5876.906455389233
2012-08-23 08:00:00,23673.344020883953
2012-08-23 09:00:00,11876.57265345663
2012-08-23 10:00:00,7356.669479268408
2012-08-23 11:00:00,12161.863550764037
2012-08-23 12:00:00,16246.589274664308
2012-08-23 13:00:00,16795.783271490156
2012-08-23 14:00:00,13988.744778315446
2012-08-23 15:00:00,14896.14694281744
2012-08-23 16:00:00,28906.27508819886
2012-08-23 17:00:00,72296.52957704364
2012-08-23 18:00:00,64596.046631359444
2012-08-23 19:00:00,40034.68620765561
2012-08-23 20:00:00,21925.54367300237
2012-08-23 21:00:00,13001.885116647876
2012-08-23 22:00:00,7344.44517263206
2012-08-23 23:00:00,2489.6509418053233
2012-08-24 00:00:00,756.9148469412467
2012-08-24 01:00:00,136.13847114540698
2012-08-24 02:00:00,36.20753262832448
2012-08-24 03:00:00,10.409196477177103
2012-08-24 04:00:00,8.494691332658139
2012-08-24 05:00:00,89.30631887229644
2012-08-24 06:00:00,763.0608977083868
2012-08-24 07:00:00,7444.871454153437
2012-08-24 08:00:00,24927.49169966223
2012-08-24 09:00:00,16940.88879599218
2012-08-24 10:00:00,10972.27699304647
2012-08-24 11:00:00,16314.325191002128
2012-08-24 12:00:00,22099.14168827537
2012-08-24 13:00:00,24289.145659715785
2012-08-24 14:00:00,20693.09302777491
2012-08-24 15:00:00,23399.91538050657
2012-08-24 16:00:00,36596.98471660166
2012-08-24 17:00:00,82856.43420529796
2012-08-24 18:00:00,58065.306234229065
2012-08-24 19:00:00,37316.3914994941
2012-08-24 20:00:00,19619.21856428204
2012-08-24 21:00:00,12639.862639255336
2012-08-24 22:00:00,9916.261058783704
2012-08-24 23:00:00,5294.521688945606
2012-08-25 00:00:00,4020.9655098024814
2012-08-25 01:00:00,2236.6223681543784
2012-08-25 02:00:00,1092.2028638631175
2012-08-25 03:00:00,249.79314500752554
2012-08-25 04:00:00,31.36018191152544
2012-08-25 05:00:00,31.50546029401269
2012-08-25 06:00:00,133.68166159023355
2012-08-25 07:00:00,656.881960510247
2012-08-25 08:00:00,4946.76240140748
2012-08-25 09:00:00,16340.01673441025
2012-08-25 10:00:00,38685.0492825147
2012-08-25 11:00:00,58516.44886007443
2012-08-25 12:00:00,43928.38399400133
2012-08-25 13:00:00,89725.15607292793
2012-08-25 14:00:00,31465.391374491286
2012-08-25 15:00:00,53798.97032861724
2012-08-25 16:00:00,53314.55929314673
2012-08-25 17:00:00,42554.36278437304
2012-08-25 18:00:00,32184.98963936419
2012-08-25 19:00:00,19564.68760228732
2012-08-25 20:00:00,3228.9460755625037
2012-08-25 21:00:00,7002.430050694094
2012-08-25 22:00:00,4745.481306926461
2012-08-25 23:00:00,2931.509046501455
2012-08-26 00:00:00,1767.0957818631223
2012-08-26 01:00:00,1131.2404851915608
2012-08-26 02:00:00,576.0351207336672
2012-08-26 03:00:00,156.38140859298582
2012-08-26 04:00:00,15.409123112400053
2012-08-26 05:00:00,19.686161639665627
2012-08-26 06:00:00,49.81735538208752
2012-08-26 07:00:00,380.3158629060312
2012-08-26 08:00:00,2619.370316066432
2012-08-26 09:00:00,12196.60794945311
2012-08-26 10:00:00,33977.152489210275
2012-08-26 11:00:00,49261.09336388376
2012-08-26 12:00:00,30783.87464651424
2012-08-26 13:00:00,20038.93186757271
2012-08-26 14:00:00,34098.893692548474
2012-08-26 15:00:00,6556.570833208159
2012-08-26 16:00:00,6767.923868283141
2012-08-26 17:00:00,23243.659783954812
2012-08-26 18:00:00,15562.169554591654
2012-08-26 19:00:00,12388.054721071177
2012-08-26 20:00:00,9632.780446294975
2012-08-26 21:00:00,7682.050599354956
2012-08-26 22:00:00,3573.9538489652673
2012-08-26 23:00:00,1756.3913940209993
2012-08-27 00:00:00,297.73886096025603
2012-08-27 01:00:00,36.22490953126564
2012-08-27 02:00:00,11.362039126676454
2012-08-27 03:00:00,5.322937036517133
2012-08-27 04:00:00,7.726562598472085
2012-08-27 05:00:00,52.48898443610959
2012-08-27 06:00:00,615.0489332688926
2012-08-27 07:00:00,6863.324367974029
2012-08-27 08:00:00,15939.27613832387
2012-08-27 09:00:00,9034.342699616682
2012-08-27 10:00:00,6449.822220063411
2012-08-27 11:00:00,9162.564232616054
2012-08-27 12:00:00,12341.435800685902
2012-08-27 13:00:00,12529.30859367571
2012-08-27 14:00:00,12200.03179469549
2012-08-27 15:00:00,14788.079998778563
2012-08-27 16:00:00,26226.920984262884
2012-08-27 17:00:00,72246.724481762285
2012-08-27 18:00:00,61645.53700370022
2012-08-27 19:00:00,33327.060744703784
2012-08-27 20:00:00,17223.202312664656
2012-08-27 21:00:00,9688.919489401804
2012-08-27 22:00:00,3083.2116603432446
2012-08-27 23:00:00,1320.6205327975263
2012-08-28 00:00:00,350.01397167875194
2012-08-28 01:00:00,43.91979253028807
2012-08-28 02:00:00,11.333621697662155
2012-08-28 03:00:00,6.477492170531168
2012-08-28 04:00:00,7.842242230972755
2012-08-28 05:00:00,67.07816359447266
2012-08-28 06:00:00,716.7642304696539
2012-08-28 07:00:00,6535.682316176371
2012-08-28 08:00:00,13617.320690864619
2012-08-28 09:00:00,8894.488093323807
2012-08-28 10:00:00,7605.768359185238
2012-08-28 11:00:00,10972.062229873614
2012-08-28 12:00:00,14157.877864224023
2012-08-28 13:00:00,14997.017557767713
2012-08-28 14:00:00,13097.434188693136
2012-08-28 15:00:00,17188.030336019376
2012-08-28 16:00:00,30133.76636233474
2012-08-28 17:00:00,79006.45591592445
2012-08-28 18:00:00,69567.61737485653
2012-08-28 19:00:00,41984.35167635559
2012-08-28 20:00:00,20520.46640356276
2012-08-28 21:00:00,13112.110321166932
2012-08-28 22:00:00,6972.843894674314
2012-08-28 23:00:00,2527.9359500360115
2012-08-29 00:00:00,492.4471445668263
2012-08-29 01:00:00,69.65069115050173
2012-08-29 02:00:00,13.1699326799924
2012-08-29 03:00:00,6.7063771220178365
2012-08-29 04:00:00,6.862803263509334
2012-08-29 05:00:00,93.86260531307151
2012-08-29 06:00:00,1272.4871614932815
2012-08-29 07:00:00,8700.21892451408
2012-08-29 08:00:00,27686.210896380067
2012-08-29 09:00:00,13591.71432218113
2012-08-29 10:00:00,8042.945238330195
2012-08-29 11:00:00,9708.713831296458
2012-08-29 12:00:00,14382.748051406299
2012-08-29 13:00:00,12609.499235694893
2012-08-29 14:00:00,12609.522096221577
2012-08-29 15:00:00,15435.9030133294
2012-08-29 16:00:00,27400.99325359122
2012-08-29 17:00:00,69930.04082241029
2012-08-29 18:00:00,64631.23804467709
2012-08-29 19:00:00,39573.37573542341
2012-08-29 20:00:00,17890.092636559435
2012-08-29 21:00:00,12189.351377851428
2012-08-29 22:00:00,6342.338707768236
2012-08-29 23:00:00,2338.9979958913277
2012-08-30 00:00:00,496.77225214506893
2012-08-30 01:00:00,79.3518532089562
2012-08-30 02:00:00,17.831080942847933
2012-08-30 03:00:00,7.132252183449327
2012-08-30 04:00:00,7.728021869245975
2012-08-30 05:00:00,98.89342713258938
2012-08-30 06:00:00,1041.1045901343643
2012-08-30 07:00:00,10067.66848905297
2012-08-30 08:00:00,25453.81303916443
2012-08-30 09:00:00,13939.85812555629
2012-08-30 10:00:00,7890.37754324974
2012-08-30 11:00:00,12563.143230517071
2012-08-30 12:00:00,16426.364012983526
2012-08-30 13:00:00,15667.500093129656
2012-08-30 14:00:00,14424.154039142419
2012-08-30 15:00:00,16290.091537397671
2012-08-30 16:00:00,31294.894033949833
2012-08-30 17:00:00,82016.96276675264
2012-08-30 18:00:00,69587.07351422844
2012-08-30 19:00:00,40952.47998978849
2012-08-30 20:00:00,21633.290772711996
2012-08-30 21:00:00,12122.123053107622
2012-08-30 22:00:00,6926.721942042061
2012-08-30 23:00:00,3212.0570252847397
2012-08-31 00:00:00,720.4270532940944
2012-08-31 01:00:00,167.84203925728383
2012-08-31 02:00:00,28.146375542615615
2012-08-31 03:00:00,11.3986720966166
2012-08-31 04:00:00,9.133833148561756
2012-08-31 05:00:00,78.74046380861985
2012-08-31 06:00:00,687.8303397552502
2012-08-31 07:00:00,5051.301437757662
2012-08-31 08:00:00,24642.9777663265
2012-08-31 09:00:00,14810.938808529563
2012-08-31 10:00:00,10689.01124544242
2012-08-31 11:00:00,19015.972064748614
2012-08-31 12:00:00,26053.48400331285
2012-08-31 13:00:00,24199.705349273347
2012-08-31 14:00:00,19282.268339424187
2012-08-31 15:00:00,20759.622569914332
2012-08-31 16:00:00,35414.640512547354
2012-08-31 17:00:00,75020.69038615406
2012-08-31 18:00:00,71478.64769467272
2012-08-31 19:00:00,40123.955170704714
2012-08-31 20:00:00,22195.10506566657
2012-08-31 21:00:00,13735.254813975796
2012-08-31 22:00:00,11170.3257750868
2012-08-31 23:00:00,6146.813602385762
2012-09-20 00:00:00,518.444136063082
2012-09-20 01:00:00,70.17699416311251
2012-09-20 02:00:00,30.748847668412772
2012-09-20 03:00:00,8.823308156428231
2012-09-20 04:00:00,6.994740218571813
2012-09-20 05:00:00,83.31251901749432
2012-09-20 06:00:00,688.2843272770712
2012-09-20 07:00:00,9028.742918240378
2012-09-20 08:00:00,32514.693962316334
2012-09-20 09:00:00,11025.589294283125
2012-09-20 10:00:00,6901.90207885412
2012-09-20 11:00:00,10958.401160693973
2012-09-20 12:00:00,14737.377364465772
2012-09-20 13:00:00,13751.364996126618
2012-09-20 14:00:00,13629.803604314366
2012-09-20 15:00:00,16405.17785454208
2012-09-20 16:00:00,27349.37790092106
2012-09-20 17:00:00,66777.1984685995
2012-09-20 18:00:00,58341.563747983964
2012-09-20 19:00:00,25586.64734894099
2012-09-20 20:00:00,13286.700603966361
2012-09-20 21:00:00,8917.102031364217
2012-09-20 22:00:00,4882.272884302353
2012-09-20 23:00:00,2036.4168161233863
2012-09-21 00:00:00,589.9333493062564
2012-09-21 01:00:00,178.76746872679036
2012-09-21 02:00:00,53.83209374686468
2012-09-21 03:00:00,17.59853444866603
2012-09-21 04:00:00,11.04254215348608
2012-09-21 05:00:00,101.30463801381904
2012-09-21 06:00:00,1282.7648423508847
2012-09-21 07:00:00,10566.8334029487
2012-09-21 08:00:00,27626.161759815892
2012-09-21 09:00:00,13115.169946518976
2012-09-21 10:00:00,11178.734627179123
2012-09-21 11:00:00,16850.677345407894
2012-09-21 12:00:00,23679.614794994486
2012-09-21 13:00:00,26497.236346021135
2012-09-21 14:00:00,21916.030069629727
2012-09-21 15:00:00,27658.718668236204
2012-09-21 16:00:00,43629.9306132279
2012-09-21 17:00:00,78206.96156201587
2012-09-21 18:00:00,63080.79978231355
2012-09-21 19:00:00,31856.20904580449
2012-09-21 20:00:00,16651.73125423968
2012-09-21 21:00:00,11361.360523141293
2012-09-21 22:00:00,8826.70596681415
2012-09-21 23:00:00,4712.969860848303
2012-09-22 00:00:00,3419.2082419263074
2012-09-22 01:00:00,1168.100478000634
2012-09-22 02:00:00,704.6057390385406
2012-09-22 03:00:00,158.0677204603478
2012-09-22 04:00:00,16.93656531639245
2012-09-22 05:00:00,19.612607576468534
2012-09-22 06:00:00,88.57059881769817
2012-09-22 07:00:00,675.8259471316941
2012-09-22 08:00:00,4399.504121052919
2012-09-22 09:00:00,16846.594901368077
2012-09-22 10:00:00,40755.05505046766
2012-09-22 11:00:00,70963.31257505661
2012-09-22 12:00:00,98985.19591606913
2012-09-22 13:00:00,98723.0503811793
2012-09-22 14:00:00,97111.53669561255
2012-09-22 15:00:00,93954.26525602146
2012-09-22 16:00:00,82555.24721397056
2012-09-22 17:00:00,70768.07126110807
2012-09-22 18:00:00,55177.69139450841
2012-09-22 19:00:00,39308.67778647485
2012-09-22 20:00:00,27164.712602332605
2012-09-22 21:00:00,13501.723744345674
2012-09-22 22:00:00,9404.644071044551
2012-09-22 23:00:00,7300.7830213819725
2012-09-23 00:00:00,5341.816096120244
2012-09-23 01:00:00,1875.6864655350862
2012-09-23 02:00:00,1305.3117209085194
2012-09-23 03:00:00,179.91679545482268
2012-09-23 04:00:00,24.775655855331454
2012-09-23 05:00:00,22.742791763101675
2012-09-23 06:00:00,73.07861102846617
2012-09-23 07:00:00,591.7524589314067
2012-09-23 08:00:00,3039.2476131853446
2012-09-23 09:00:00,12275.924349084591
2012-09-23 10:00:00,39987.61941691215
2012-09-23 11:00:00,61057.87241695646
2012-09-23 12:00:00,95357.04291668822
2012-09-23 13:00:00,120753.89192176788
2012-09-23 14:00:00,113359.81046486157
2012-09-23 15:00:00,104784.7202657689
2012-09-23 16:00:00,94842.19091827418
2012-09-23 17:00:00,56540.931557841366
2012-09-23 18:00:00,41683.039794316246
2012-09-23 19:00:00,21066.546006583256
2012-09-23 20:00:00,14327.833457977735
2012-09-23 21:00:00,7383.279388968812
2012-09-23 22:00:00,5762.1509381517835
2012-09-23 23:00:00,1648.0100291429699
2012-09-24 00:00:00,330.7038852471139
2012-09-24 01:00:00,48.73875158099726
2012-09-24 02:00:00,14.213702572888351
2012-09-24 03:00:00,7.092071443779093
2012-09-24 04:00:00,10.68009758823178
2012-09-24 05:00:00,72.46342741198379
2012-09-24 06:00:00,967.6546455016302
2012-09-24 07:00:00,7676.877096325086
2012-09-24 08:00:00,25938.420239759333
2012-09-24 09:00:00,13093.239282088547
2012-09-24 10:00:00,8003.06741419324
2012-09-24 11:00:00,10962.715070774599
2012-09-24 12:00:00,14749.832391379125
2012-09-24 13:00:00,17832.5645533653
2012-09-24 14:00:00,14696.188690039105
2012-09-24 15:00:00,16205.813602348022
2012-09-24 16:00:00,23015.332197169297
2012-09-24 17:00:00,59160.785879839044
2012-09-24 18:00:00,50437.901141127455
2012-09-24 19:00:00,20476.493439439142
2012-09-24 20:00:00,11177.396468516807
2012-09-24 21:00:00,5659.311664419111
2012-09-24 22:00:00,2890.337619763547
2012-09-24 23:00:00,1077.952798045603
2012-09-25 00:00:00,334.3177702596807
2012-09-25 01:00:00,37.35650504672092
2012-09-25 02:00:00,9.189913985163171
2012-09-25 03:00:00,5.2789322342035145
2012-09-25 04:00:00,10.413732684837585
2012-09-25 05:00:00,64.55812131554036
2012-09-25 06:00:00,560.0157035685842
2012-09-25 07:00:00,5196.868870396654
2012-09-25 08:00:00,21708.108573766545
2012-09-25 09:00:00,13668.994084421669
2012-09-25 10:00:00,7481.159120074847
2012-09-25 11:00:00,12671.371591575435
2012-09-25 12:00:00,17175.848710629383
2012-09-25 13:00:00,16995.916936310736
2012-09-25 14:00:00,17417.146192411477
2012-09-25 15:00:00,19954.32614692184
2012-09-25 16:00:00,34648.811185677165
2012-09-25 17:00:00,83003.59029776564
2012-09-25 18:00:00,69861.55289770744
2012-09-25 19:00:00,32790.1648545527
2012-09-25 20:00:00,20556.07365065664
2012-09-25 21:00:00,11653.413888181189
2012-09-25 22:00:00,6830.953659523457
2012-09-25 23:00:00,2661.8820417786255
2012-09-26 00:00:00,429.9128979556667
2012-09-26 01:00:00,57.490627510785515
2012-09-26 02:00:00,11.621374054157512
2012-09-26 03:00:00,6.234442741632699
2012-09-26 04:00:00,12.398053353754761
2012-09-26 05:00:00,94.46818305386016
2012-09-26 06:00:00,1171.0681309525455
2012-09-26 07:00:00,8567.9931523551
2012-09-26 08:00:00,22180.9706597518
2012-09-26 09:00:00,14769.798923743669
2012-09-26 10:00:00,7035.706925582952
2012-09-26 11:00:00,11811.46081264216
2012-09-26 12:00:00,18263.04421504804
2012-09-26 13:00:00,16520.239390249244
2012-09-26 14:00:00,15008.17725411364
2012-09-26 15:00:00,16982.209607105364
2012-09-26 16:00:00,29474.772094867025
2012-09-26 17:00:00,70723.51266839898
2012-09-26 18:00:00,65067.31828815321
2012-09-26 19:00:00,36418.14205654699
2012-09-26 20:00:00,20665.661451769138
2012-09-26 21:00:00,11199.568317648862
2012-09-26 22:00:00,2387.5818541319045
2012-09-26 23:00:00,1526.1438229450155
2012-09-27 00:00:00,505.8330344612129
2012-09-27 01:00:00,88.00551945169774
2012-09-27 02:00:00,16.789980442865282
2012-09-27 03:00:00,8.42984460773401
2012-09-27 04:00:00,14.270442039633535
2012-09-27 05:00:00,86.8081507013888
2012-09-27 06:00:00,1022.9997353123756
2012-09-27 07:00:00,10553.69404308035
2012-09-27 08:00:00,29175.499497708413
2012-09-27 09:00:00,17108.005427469783
2012-09-27 10:00:00,9793.600726030763
2012-09-27 11:00:00,14912.444821330671
2012-09-27 12:00:00,20416.828308133543
2012-09-27 13:00:00,17751.57856017494
2012-09-27 14:00:00,16953.12571366366
2012-09-27 15:00:00,16736.520881717053
2012-09-27 16:00:00,26181.89229120416
2012-09-27 17:00:00,53893.71382263952
2012-09-27 18:00:00,51470.01769492338
2012-09-27 19:00:00,32578.05429384777
2012-09-27 20:00:00,18148.213605511795
2012-09-27 21:00:00,2057.7061981808715
2012-09-27 22:00:00,1235.603504159411
2012-09-27 23:00:00,946.1301791450801
2012-09-28 00:00:00,159.1862164411812
2012-09-28 01:00:00,51.91252282422821
2012-09-28 02:00:00,13.650502318617782
2012-09-28 03:00:00,8.34445111268838
2012-09-28 04:00:00,10.663289257583111
2012-09-28 05:00:00,84.07892135472981
2012-09-28 06:00:00,633.5288665083688
2012-09-28 07:00:00,4977.430276396993
2012-09-28 08:00:00,25386.980669639786
2012-09-28 09:00:00,12611.851036845434
2012-09-28 10:00:00,9418.701952996822
2012-09-28 11:00:00,17541.92862589872
2012-09-28 12:00:00,29902.43012188959
2012-09-28 13:00:00,30314.702909496642
2012-09-28 14:00:00,26940.190629733992
2012-09-28 15:00:00,29753.83674496193
2012-09-28 16:00:00,44994.33491406855
2012-09-28 17:00:00,87491.00605660207
2012-09-28 18:00:00,61710.10673041508
2012-09-28 19:00:00,18494.89146401363
2012-09-28 20:00:00,10953.297667919145
2012-09-28 21:00:00,7167.648885328045
2012-09-28 22:00:00,6624.757531402545
2012-09-28 23:00:00,3809.883576251248
2012-09-29 00:00:00,4299.894526594343
2012-09-29 01:00:00,2523.312161097398
2012-09-29 02:00:00,1169.1635955265997
2012-09-29 03:00:00,184.7671942662691
2012-09-29 04:00:00,35.94328761112482
2012-09-29 05:00:00,29.770134391471665
2012-09-29 06:00:00,167.7434808283959
2012-09-29 07:00:00,824.6807478508059
2012-09-29 08:00:00,4501.20650107124
2012-09-29 09:00:00,15552.411872472325
2012-09-29 10:00:00,50676.94029413718
2012-09-29 11:00:00,75102.28284308861
2012-09-29 12:00:00,141044.6480823991
2012-09-29 13:00:00,139281.5879255756
2012-09-29 14:00:00,136187.5511407952
2012-09-29 15:00:00,124350.48187198924
2012-09-29 16:00:00,121550.91822923212
2012-09-29 17:00:00,91907.39519146796
2012-09-29 18:00:00,47438.23322172372
2012-09-29 19:00:00,27731.891898827285
2012-09-29 20:00:00,15887.122048604328
2012-09-29 21:00:00,12057.029350590536
2012-09-29 22:00:00,6592.02016814451
2012-09-29 23:00:00,5618.627101996734
2012-09-30 00:00:00,2968.6031604547834
2012-09-30 01:00:00,1919.9166998074281
2012-09-30 02:00:00,950.4950954324408
2012-09-30 03:00:00,186.53363506610702
2012-09-30 04:00:00,24.401985537474914
2012-09-30 05:00:00,24.444302413983795
2012-09-30 06:00:00,86.13596742637819
2012-09-30 07:00:00,510.20053080026446
2012-09-30 08:00:00,3036.181271564422
2012-09-30 09:00:00,16333.508098757487
2012-09-30 10:00:00,46717.81727194328
2012-09-30 11:00:00,83009.99440844747
2012-09-30 12:00:00,111683.50309305279
2012-09-30 13:00:00,117590.8818062903
2012-09-30 14:00:00,106956.58318487747
2012-09-30 15:00:00,105506.10320536037
2012-09-30 16:00:00,103367.0252636488
2012-09-30 17:00:00,80632.06760945717
2012-09-30 18:00:00,22811.76537405853
2012-09-30 19:00:00,5911.458950172174
2012-09-30 20:00:00,3793.641361404158
2012-09-30 21:00:00,6142.134653420055
2012-09-30 22:00:00,3807.2489880936832
2012-09-30 23:00:00,1746.3439494828474
2012-10-20 00:00:00,2920.378742475706
2012-10-20 01:00:00,2058.8718646281886
2012-10-20 02:00:00,781.4118390814548
2012-10-20 03:00:00,163.05204181204817
2012-10-20 04:00:00,27.034335813622505
2012-10-20 05:00:00,21.645261031375924
2012-10-20 06:00:00,130.7701276763858
2012-10-20 07:00:00,614.5918842294169
2012-10-20 08:00:00,4914.67990173723
2012-10-20 09:00:00,18531.00059256904
2012-10-20 10:00:00,56636.077173258906
2012-10-20 11:00:00,76971.72827840886
2012-10-20 12:00:00,109441.78193514209
2012-10-20 13:00:00,116564.18323702081
2012-10-20 14:00:00,111659.49301612355
2012-10-20 15:00:00,101719.77748851458
2012-10-20 16:00:00,77569.14791895068
2012-10-20 17:00:00,71221.18796165512
2012-10-20 18:00:00,41281.08544981361
2012-10-20 19:00:00,23546.91392352765
2012-10-20 20:00:00,13412.520449497377
2012-10-20 21:00:00,7173.226886407067
2012-10-20 22:00:00,4817.875185386377
2012-10-20 23:00:00,3453.064653089924
2012-10-21 00:00:00,2171.140706161999
2012-10-21 01:00:00,1136.7537105795814
2012-10-21 02:00:00,642.1082127343702
2012-10-21 03:00:00,137.3342393573868
2012-10-21 04:00:00,20.241626598004764
2012-10-21 05:00:00,19.367679202041007
2012-10-21 06:00:00,73.79408134647294
2012-10-21 07:00:00,418.2924445541022
2012-10-21 08:00:00,2322.52855307279
2012-10-21 09:00:00,13012.70679219084
2012-10-21 10:00:00,30867.431978187837
2012-10-21 11:00:00,58761.87548968361
2012-10-21 12:00:00,82483.49743062348
2012-10-21 13:00:00,90454.1776342705
2012-10-21 14:00:00,85606.06200842067
2012-10-21 15:00:00,77675.30113086292
2012-10-21 16:00:00,72960.06984928396
2012-10-21 17:00:00,54518.90119861268
2012-10-21 18:00:00,32767.366032196893
2012-10-21 19:00:00,16932.78466686618
2012-10-21 20:00:00,8934.247157210075
2012-10-21 21:00:00,4654.030262295317
2012-10-21 22:00:00,3123.6496467333227
2012-10-21 23:00:00,1446.776447317435
2012-10-22 00:00:00,232.14924158867825
2012-10-22 01:00:00,37.84857060599749
2012-10-22 02:00:00,10.610914208397235
2012-10-22 03:00:00,5.79564652985547
2012-10-22 04:00:00,9.841247584064238
2012-10-22 05:00:00,59.589042133089904
2012-10-22 06:00:00,461.02845053448885
2012-10-22 07:00:00,4850.411721054201
2012-10-22 08:00:00,18999.535651859664
2012-10-22 09:00:00,11920.427506260348
2012-10-22 10:00:00,7233.216057314398
2012-10-22 11:00:00,11589.35854944845
2012-10-22 12:00:00,15992.888572976466
2012-10-22 13:00:00,18077.706935059734
2012-10-22 14:00:00,15792.024394024847
2012-10-22 15:00:00,17187.592402316266
2012-10-22 16:00:00,29602.28870740995
2012-10-22 17:00:00,73601.74417042843
2012-10-22 18:00:00,41334.49833824891
2012-10-22 19:00:00,19919.69322431798
2012-10-22 20:00:00,8941.488657280233
2012-10-22 21:00:00,4726.245799621139
2012-10-22 22:00:00,2244.296224322544
2012-10-22 23:00:00,912.1288690513361
2012-10-23 00:00:00,237.26380463140916
2012-10-23 01:00:00,41.64333560168564
2012-10-23 02:00:00,7.8885127033400195
2012-10-23 03:00:00,6.407268398353645
2012-10-23 04:00:00,9.225194695043953
2012-10-23 05:00:00,66.74081218915363
2012-10-23 06:00:00,518.8261725897416
2012-10-23 07:00:00,4567.775501747707
2012-10-23 08:00:00,21091.999045779452
2012-10-23 09:00:00,9995.09276053662
2012-10-23 10:00:00,7422.6249947400565
2012-10-23 11:00:00,11720.051790393172
2012-10-23 12:00:00,15746.493000096449
2012-10-23 13:00:00,14565.123884315635
2012-10-23 14:00:00,18742.8024832255
2012-10-23 15:00:00,20057.247280632
2012-10-23 16:00:00,33254.28940660368
2012-10-23 17:00:00,85007.16903521036
2012-10-23 18:00:00,61497.749969944336
2012-10-23 19:00:00,29621.128300963854
2012-10-23 20:00:00,12971.99708567119
2012-10-23 21:00:00,7565.760639669271
2012-10-23 22:00:00,4490.664353652705
2012-10-23 23:00:00,1786.9897259789068
2012-10-24 00:00:00,439.00854695064953
2012-10-24 01:00:00,64.04697773384213
2012-10-24 02:00:00,10.625147303547207
2012-10-24 03:00:00,8.032487723966009
2012-10-24 04:00:00,10.491957784754257
2012-10-24 05:00:00,76.26603135156515
2012-10-24 06:00:00,852.6523985279204
2012-10-24 07:00:00,6337.311107558547
2012-10-24 08:00:00,20324.20676861786
2012-10-24 09:00:00,10922.35746123655
2012-10-24 10:00:00,5881.854951098956
2012-10-24 11:00:00,8825.279243290925
2012-10-24 12:00:00,15214.677528020069
2012-10-24 13:00:00,16363.029280141904
2012-10-24 14:00:00,17698.64861658793
2012-10-24 15:00:00,19191.5555196073
2012-10-24 16:00:00,33122.69755604951
2012-10-24 17:00:00,67523.73743627852
2012-10-24 18:00:00,63223.60755871937
2012-10-24 19:00:00,31939.70614679248
2012-10-24 20:00:00,17524.144031494925
2012-10-24 21:00:00,9733.06432323605
2012-10-24 22:00:00,5738.249182760315
2012-10-24 23:00:00,1612.5582146734594
2012-10-25 00:00:00,581.471484580141
2012-10-25 01:00:00,82.37175167706977
2012-10-25 02:00:00,15.768680133944306
2012-10-25 03:00:00,7.1335883547562
2012-10-25 04:00:00,12.096344466735154
2012-10-25 05:00:00,72.93809478075268
2012-10-25 06:00:00,677.5375592302862
2012-10-25 07:00:00,5464.084926921329
2012-10-25 08:00:00,19080.401503100617
2012-10-25 09:00:00,7887.603470017532
2012-10-25 10:00:00,4721.929369042965
2012-10-25 11:00:00,6339.321451389714
2012-10-25 12:00:00,8705.366140771564
2012-10-25 13:00:00,7439.535578383884
2012-10-25 14:00:00,13211.927391182284
2012-10-25 15:00:00,14242.710802654488
2012-10-25 16:00:00,27257.10501390571
2012-10-25 17:00:00,62050.92970073357
2012-10-25 18:00:00,29685.295807033468
2012-10-25 19:00:00,13119.715238107672
2012-10-25 20:00:00,6372.626868058206
2012-10-25 21:00:00,3903.148766163239
2012-10-25 22:00:00,3167.466743635129
2012-10-25 23:00:00,1470.604715299002
2012-10-26 00:00:00,495.16987360830336
2012-10-26 01:00:00,100.77577405366354
2012-10-26 02:00:00,23.43874515511204
2012-10-26 03:00:00,10.251872527991077
2012-10-26 04:00:00,13.921246793372582
2012-10-26 05:00:00,75.65477885301159
2012-10-26 06:00:00,786.7875676992429
2012-10-26 07:00:00,6443.405753156894
2012-10-26 08:00:00,18443.165563036884
2012-10-26 09:00:00,10624.305535974918
2012-10-26 10:00:00,5839.5201685916345
2012-10-26 11:00:00,10362.0315748838
2012-10-26 12:00:00,14807.30836596218
2012-10-26 13:00:00,14695.924279653562
2012-10-26 14:00:00,19305.45133554652
2012-10-26 15:00:00,21990.93850004079
2012-10-26 16:00:00,23754.02457902447
2012-10-26 17:00:00,37677.2804719898
2012-10-26 18:00:00,27750.296323623854
2012-10-26 19:00:00,11907.07656867182
2012-10-26 20:00:00,8283.894072890807
2012-10-26 21:00:00,5225.818366396235
2012-10-26 22:00:00,4201.591891119953
2012-10-26 23:00:00,3489.8050619418236
2012-10-27 00:00:00,2732.735244051376
2012-10-27 01:00:00,1308.0395136226211
2012-10-27 02:00:00,552.2731857714331
2012-10-27 03:00:00,204.87889067956007
2012-10-27 04:00:00,22.488784341853528
2012-10-27 05:00:00,20.414461071213623
2012-10-27 06:00:00,107.38847419411817
2012-10-27 07:00:00,724.9204213477242
2012-10-27 08:00:00,4291.112694013619
2012-10-27 09:00:00,13176.055098435021
2012-10-27 10:00:00,37623.25763336859
2012-10-27 11:00:00,66046.12338555318
2012-10-27 12:00:00,136233.74915868416
2012-10-27 13:00:00,141469.99349212577
2012-10-27 14:00:00,135023.50626920394
2012-10-27 15:00:00,66661.65464527658
2012-10-27 16:00:00,54123.795914401264
2012-10-27 17:00:00,44930.299455804525
2012-10-27 18:00:00,32883.08132255334
2012-10-27 19:00:00,17238.465393229428
2012-10-27 20:00:00,10566.412519701827
2012-10-27 21:00:00,6985.082626948588
2012-10-27 22:00:00,5700.958943858554
2012-10-27 23:00:00,3953.0701959315643
2012-10-28 00:00:00,1291.074989378305
2012-10-28 01:00:00,1162.7733160011408
2012-10-28 02:00:00,728.7816639262029
2012-10-28 03:00:00,140.77134039820925
2012-10-28 04:00:00,20.240045440754297
2012-10-28 05:00:00,19.73963324244231
2012-10-28 06:00:00,87.59159634674445
2012-10-28 07:00:00,469.66405920146155
2012-10-28 08:00:00,2047.333202724115
2012-10-28 09:00:00,9900.344812540185
2012-10-28 10:00:00,21817.784989435375
2012-10-28 11:00:00,35768.675293512606
2012-10-28 12:00:00,37768.79015951088
2012-10-28 13:00:00,39644.25456933495
2012-10-28 14:00:00,36236.99494675867
2012-10-28 15:00:00,33176.00713940279
2012-10-28 16:00:00,13085.524034443379
2012-10-28 17:00:00,7122.514876941711
2012-10-28 18:00:00,1280.1724129290137
2012-10-28 19:00:00,1098.7264479143435
2012-10-28 20:00:00,554.2708578738192
2012-10-28 21:00:00,582.1374421472087
2012-10-28 22:00:00,437.42862777405674
2012-10-28 23:00:00,170.70956833912078
2012-10-29 00:00:00,48.63863408346708
2012-10-30 13:00:00,708.6985237667509
2012-10-30 14:00:00,552.9827677453877
2012-10-30 15:00:00,659.6952999382852
2012-10-30 16:00:00,1168.4597714319655
2012-10-30 17:00:00,2894.689200203258
2012-10-30 18:00:00,2371.140754658083
2012-10-30 19:00:00,10852.932753810273
2012-10-30 20:00:00,1487.2680398528719
2012-10-30 21:00:00,1058.5750898364088
2012-10-30 22:00:00,897.4635452865227
2012-10-30 23:00:00,430.2118233558087
2012-10-31 00:00:00,113.79894326853542
2012-10-31 01:00:00,25.85929068676613
2012-10-31 02:00:00,6.066907205381262
2012-10-31 03:00:00,5.653748128101749
2012-10-31 04:00:00,6.277656488460274
2012-10-31 05:00:00,42.248352458295514
2012-10-31 06:00:00,357.68682738162033
2012-10-31 07:00:00,2508.330605738875
2012-10-31 08:00:00,11227.10962681883
2012-10-31 09:00:00,5734.896319164728
2012-10-31 10:00:00,2711.3086537161234
2012-10-31 11:00:00,3095.3103713515493
2012-10-31 12:00:00,6062.02318804092
2012-10-31 13:00:00,6136.640702058557
2012-10-31 14:00:00,5152.761122139445
2012-10-31 15:00:00,6831.7106798250225
2012-10-31 16:00:00,8960.843853655482
2012-10-31 17:00:00,18483.30253973716
2012-10-31 18:00:00,13697.636373287374
2012-10-31 19:00:00,6854.581762159851
2012-10-31 20:00:00,3733.066441588489
2012-10-31 21:00:00,2635.3361390367463
2012-10-31 22:00:00,1496.8599932360057
2012-10-31 23:00:00,604.307968552338
2012-11-20 00:00:00,138.80068939765303
2012-11-20 01:00:00,28.263619974202634
2012-11-20 02:00:00,5.180578301306165
2012-11-20 03:00:00,4.2704367834759704
2012-11-20 04:00:00,8.415668981858772
2012-11-20 05:00:00,45.73052738568507
2012-11-20 06:00:00,379.61330894561837
2012-11-20 07:00:00,3459.426786080286
2012-11-20 08:00:00,13925.030764059706
2012-11-20 09:00:00,5516.174602643264
2012-11-20 10:00:00,3339.4283074490404
2012-11-20 11:00:00,4193.921930073425
2012-11-20 12:00:00,5369.984695054173
2012-11-20 13:00:00,6185.310258023462
2012-11-20 14:00:00,5494.479044148365
2012-11-20 15:00:00,8600.289150704837
2012-11-20 16:00:00,8929.994048516275
2012-11-20 17:00:00,15383.972049310869
2012-11-20 18:00:00,12291.13658790553
2012-11-20 19:00:00,6162.470998504737
2012-11-20 20:00:00,2720.1125381222264
2012-11-20 21:00:00,2317.814841978859
2012-11-20 22:00:00,1456.9023959162846
2012-11-20 23:00:00,424.54754461816975
2012-11-21 00:00:00,129.22628372413675
2012-11-21 01:00:00,28.073528691935913
2012-11-21 02:00:00,7.341376736723405
2012-11-21 03:00:00,6.38405193100047
2012-11-21 04:00:00,7.200177581552843
2012-11-21 05:00:00,47.868885127187816
2012-11-21 06:00:00,310.46756761942675
2012-11-21 07:00:00,2089.4337064140987
2012-11-21 08:00:00,9258.044548285965
2012-11-21 09:00:00,5114.899197556444
2012-11-21 10:00:00,3130.9350610421393
2012-11-21 11:00:00,4504.666401920171
2012-11-21 12:00:00,7686.99371968424
2012-11-21 13:00:00,7100.043152104731
2012-11-21 14:00:00,7933.999478279629
2012-11-21 15:00:00,10582.693493977187
2012-11-21 16:00:00,11894.026894923252
2012-11-21 17:00:00,21346.787459793515
2012-11-21 18:00:00,20776.63151709361
2012-11-21 19:00:00,6635.352688619813
2012-11-21 20:00:00,2950.137025327708
2012-11-21 21:00:00,2410.829036803169
2012-11-21 22:00:00,1190.784435229113
2012-11-21 23:00:00,423.0751412308896
2012-11-22 00:00:00,841.6077673710238
2012-11-22 01:00:00,272.0254014284978
2012-11-22 02:00:00,111.98847354905048
2012-11-22 03:00:00,25.052598019304387
2012-11-22 04:00:00,10.420465540867271
2012-11-22 05:00:00,10.962864700284245
2012-11-22 06:00:00,60.3541116773639
2012-11-22 07:00:00,203.197083734443
2012-11-22 08:00:00,1109.7825749725314
2012-11-22 09:00:00,3916.7228473298314
2012-11-22 10:00:00,12119.54892972339
2012-11-22 11:00:00,28993.42335960922
2012-11-22 12:00:00,39746.85487565047
2012-11-22 13:00:00,53258.739980288236
2012-11-22 14:00:00,53405.832877274384
2012-11-22 15:00:00,47767.94684584192
2012-11-22 16:00:00,47404.41102521164
2012-11-22 17:00:00,25396.462403338293
2012-11-22 18:00:00,11953.413854315231
2012-11-22 19:00:00,4868.44643810149
2012-11-22 20:00:00,2798.8567718230393
2012-11-22 21:00:00,2022.365408432507
2012-11-22 22:00:00,1131.6806563729135
2012-11-22 23:00:00,439.988501390186
2012-11-23 00:00:00,179.41128001176338
2012-11-23 01:00:00,63.40228224284515
2012-11-23 02:00:00,16.20051632143359
2012-11-23 03:00:00,5.752188515361313
2012-11-23 04:00:00,8.252840326939124
2012-11-23 05:00:00,43.8479069210298
2012-11-23 06:00:00,330.9086670445055
2012-11-23 07:00:00,2350.5940534304573
2012-11-23 08:00:00,7973.325080436538
2012-11-23 09:00:00,6560.99665754981
2012-11-23 10:00:00,4885.946778264251
2012-11-23 11:00:00,8450.79844454716
2012-11-23 12:00:00,13943.330686512945
2012-11-23 13:00:00,17460.665319233514
2012-11-23 14:00:00,17490.587152166605
2012-11-23 15:00:00,17378.16001633733
2012-11-23 16:00:00,23758.81796813994
2012-11-23 17:00:00,51144.123285549605
2012-11-23 18:00:00,27887.760655393504
2012-11-23 19:00:00,13873.692992670565
2012-11-23 20:00:00,9835.648083188004
2012-11-23 21:00:00,5833.4725696088535
2012-11-23 22:00:00,3596.5024864646944
2012-11-23 23:00:00,2288.1776615750696
2012-11-24 00:00:00,2072.4144260515777
2012-11-24 01:00:00,665.9650035155778
2012-11-24 02:00:00,292.07311740042877
2012-11-24 03:00:00,77.0801459202304
2012-11-24 04:00:00,13.636556370421832
2012-11-24 05:00:00,10.876543154275078
2012-11-24 06:00:00,42.69773141184267
2012-11-24 07:00:00,168.65928542963857
2012-11-24 08:00:00,671.7121614959785
2012-11-24 09:00:00,2199.125566151597
2012-11-24 10:00:00,7098.229698441594
2012-11-24 11:00:00,13160.253976540174
2012-11-24 12:00:00,13382.895686049056
2012-11-24 13:00:00,31194.35457584024
2012-11-24 14:00:00,23051.294082772507
2012-11-24 15:00:00,18366.844275934418
2012-11-24 16:00:00,14629.072186271565
2012-11-24 17:00:00,7704.640886745379
2012-11-24 18:00:00,4572.268735644556
2012-11-24 19:00:00,3097.5669370501746
2012-11-24 20:00:00,1617.4708303090356
2012-11-24 21:00:00,1361.384762727775
2012-11-24 22:00:00,1039.2689090262497
2012-11-24 23:00:00,820.0481123091142
2012-11-25 00:00:00,359.8405730431404
2012-11-25 01:00:00,304.65441465508997
2012-11-25 02:00:00,158.27081739111873
2012-11-25 03:00:00,68.11731938559133
2012-11-25 04:00:00,10.594494787761397
2012-11-25 05:00:00,7.757582049781843
2012-11-25 06:00:00,21.02559059181115
2012-11-25 07:00:00,89.75482679353772
2012-11-25 08:00:00,417.6665091902275
2012-11-25 09:00:00,2284.52816297968
2012-11-25 10:00:00,6362.986989636571
2012-11-25 11:00:00,8659.916873517885
2012-11-25 12:00:00,11395.037192862525
2012-11-25 13:00:00,12739.152901288497
2012-11-25 14:00:00,15966.096516477182
2012-11-25 15:00:00,15669.493327549215
2012-11-25 16:00:00,17368.272207089554
2012-11-25 17:00:00,11232.245863633296
2012-11-25 18:00:00,4299.570609155607
2012-11-25 19:00:00,2780.57893462565
2012-11-25 20:00:00,1516.407034734228
2012-11-25 21:00:00,1197.3558377165439
2012-11-25 22:00:00,763.5469342477863
2012-11-25 23:00:00,225.22925592944986
2012-11-26 00:00:00,65.03676486808676
2012-11-26 01:00:00,16.025544524232263
2012-11-26 02:00:00,6.214937941787811
2012-11-26 03:00:00,3.9475896410677587
2012-11-26 04:00:00,5.539047595341578
2012-11-26 05:00:00,46.52826544740274
2012-11-26 06:00:00,233.76202532960914
2012-11-26 07:00:00,1988.982983736454
2012-11-26 08:00:00,7142.5508330550065
2012-11-26 09:00:00,4986.926582247471
2012-11-26 10:00:00,2641.044076302355
2012-11-26 11:00:00,4978.7614709206455
2012-11-26 12:00:00,9834.884875796266
2012-11-26 13:00:00,8290.399559092884
2012-11-26 14:00:00,7156.563227064519
2012-11-26 15:00:00,7888.086755544719
2012-11-26 16:00:00,12000.268134031618
2012-11-26 17:00:00,28008.60694543456
2012-11-26 18:00:00,13341.72774990831
2012-11-26 19:00:00,6192.048658480902
2012-11-26 20:00:00,3196.810632156828
2012-11-26 21:00:00,1904.774769049865
2012-11-26 22:00:00,841.4110549319358
2012-11-26 23:00:00,271.83775879949286
2012-11-27 00:00:00,117.52511077689027
2012-11-27 01:00:00,21.33563607648564
2012-11-27 02:00:00,5.295605965235689
2012-11-27 03:00:00,3.2694716218436395
2012-11-27 04:00:00,5.318652054509273
2012-11-27 05:00:00,33.73712799603566
2012-11-27 06:00:00,282.6659362117596
2012-11-27 07:00:00,970.3045241517784
2012-11-27 08:00:00,3542.573964713495
2012-11-27 09:00:00,3775.291092007611
2012-11-27 10:00:00,581.5019222065674
2012-11-27 11:00:00,454.9221538363373
2012-11-27 12:00:00,579.9144005650481
2012-11-27 13:00:00,763.0401184022222
2012-11-27 14:00:00,473.38078103039055
2012-11-27 15:00:00,2044.055108750947
2012-11-27 16:00:00,3373.1477234776085
2012-11-27 17:00:00,6955.966919688382
2012-11-27 18:00:00,4050.7588187852125
2012-11-27 19:00:00,1963.1782848168848
2012-11-27 20:00:00,1369.3943200155568
2012-11-27 21:00:00,762.6029087753384
2012-11-27 22:00:00,616.7380032986749
2012-11-27 23:00:00,198.57013444408472
2012-11-28 00:00:00,89.95538227271958
2012-11-28 01:00:00,19.741791102007387
2012-11-28 02:00:00,5.896403318394503
2012-11-28 03:00:00,3.7301853060850343
2012-11-28 04:00:00,6.527674476943966
2012-11-28 05:00:00,39.50027213611604
2012-11-28 06:00:00,309.7304843028141
2012-11-28 07:00:00,2174.354817723036
2012-11-28 08:00:00,8888.127168171563
2012-11-28 09:00:00,4195.965631042434
2012-11-28 10:00:00,2354.91249213061
2012-11-28 11:00:00,3196.1491906134606
2012-11-28 12:00:00,4412.063364178623
2012-11-28 13:00:00,4432.535257001724
2012-11-28 14:00:00,4148.22487645297
2012-11-28 15:00:00,4966.840274160816
2012-11-28 16:00:00,7659.0718517455125
2012-11-28 17:00:00,17672.214314768513
2012-11-28 18:00:00,9168.470186767807
2012-11-28 19:00:00,4917.765551255029
2012-11-28 20:00:00,2794.1193380991435
2012-11-28 21:00:00,1581.5140726458471
2012-11-28 22:00:00,893.321120892714
2012-11-28 23:00:00,301.8442281971251
2012-11-29 00:00:00,113.04713611579078
2012-11-29 01:00:00,20.337382110132825
2012-11-29 02:00:00,7.610405019633213
2012-11-29 04:00:00,7.024107414064627
2012-11-29 05:00:00,38.27964512284058
2012-11-29 06:00:00,275.4958960548243
2012-11-29 07:00:00,1765.8490667875587
2012-11-29 08:00:00,7445.627243902582
2012-11-29 09:00:00,3871.0924697734877
2012-11-29 10:00:00,2240.420440956159
2012-11-29 11:00:00,4662.539077801076
2012-11-29 12:00:00,6573.128617871607
2012-11-29 13:00:00,7831.156050439871
2012-11-29 14:00:00,4551.465596908318
2012-11-29 15:00:00,4860.554504243434
2012-11-29 16:00:00,8105.966442208014
2012-11-29 17:00:00,17592.30264546137
2012-11-29 18:00:00,10181.261280403467
2012-11-29 19:00:00,4203.196428471966
2012-11-29 20:00:00,2546.287015794428
2012-11-29 21:00:00,1202.5535473454488
2012-11-29 22:00:00,784.3283800013087
2012-11-29 23:00:00,465.4010560515458
2012-11-30 00:00:00,143.12438356520943
2012-11-30 01:00:00,51.93527954348281
2012-11-30 02:00:00,14.048095959459395
2012-11-30 03:00:00,6.468470340193629
2012-11-30 04:00:00,5.872516796790861
2012-11-30 05:00:00,39.02105135424304
2012-11-30 06:00:00,204.34074384105253
2012-11-30 07:00:00,1724.1053923476518
2012-11-30 08:00:00,5680.366144270161
2012-11-30 09:00:00,4714.573234104839
2012-11-30 10:00:00,2942.579968505635
2012-11-30 11:00:00,5731.595543898926
2012-11-30 12:00:00,9416.943050357255
2012-11-30 13:00:00,10317.15031875107
2012-11-30 14:00:00,8957.224921798685
2012-11-30 15:00:00,12192.254445375915
2012-11-30 16:00:00,15652.088286621038
2012-11-30 17:00:00,21499.377489166265
2012-11-30 18:00:00,10206.871997411756
2012-11-30 19:00:00,4682.430221957443
2012-11-30 20:00:00,2452.8489167971957
2012-11-30 21:00:00,1772.8815380560004
2012-11-30 22:00:00,1440.4165851245414
2012-11-30 23:00:00,795.5589878407618
2012-12-20 00:00:00,162.77961642329797
2012-12-20 01:00:00,33.485469426726915
2012-12-20 02:00:00,9.271750366084401
2012-12-20 03:00:00,5.102898796182912
2012-12-20 04:00:00,7.48431479268728
2012-12-20 05:00:00,43.84416000529703
2012-12-20 06:00:00,353.4546338382745
2012-12-20 07:00:00,2748.9741816011033
2012-12-20 08:00:00,10128.344170564786
2012-12-20 09:00:00,4601.388529963488
2012-12-20 10:00:00,2092.665660949291
2012-12-20 11:00:00,3246.4774293289984
2012-12-20 12:00:00,5389.509316569365
2012-12-20 13:00:00,4510.378953319557
2012-12-20 14:00:00,4163.207814955004
2012-12-20 15:00:00,3647.6585290851863
2012-12-20 16:00:00,5797.004562500353
2012-12-20 17:00:00,12031.312341507066
2012-12-20 18:00:00,8468.069726095753
2012-12-20 19:00:00,1895.9860848351145
2012-12-20 20:00:00,1255.7427240182813
2012-12-20 21:00:00,832.526695456614
2012-12-20 22:00:00,297.9368120675564
2012-12-20 23:00:00,248.94679617049346
2012-12-21 00:00:00,24.496606642043687
2012-12-21 01:00:00,9.943958947372005
2012-12-21 02:00:00,7.690292910116328
2012-12-21 03:00:00,1.7928575189683678
2012-12-21 04:00:00,2.2575976633115973
2012-12-21 05:00:00,19.033962303508883
2012-12-21 06:00:00,147.50106874689112
2012-12-21 07:00:00,1212.402642087654
2012-12-21 08:00:00,6108.035448417189
2012-12-21 09:00:00,3163.312145092614
2012-12-21 10:00:00,1634.3969493506834
2012-12-21 11:00:00,1875.8146250813961
2012-12-21 12:00:00,2523.9429926042653
2012-12-21 13:00:00,2761.698059220175
2012-12-21 14:00:00,1925.6244929536456
2012-12-21 15:00:00,1901.2352569983227
2012-12-21 16:00:00,3199.3126125021836
2012-12-21 17:00:00,4564.692179978835
2012-12-21 18:00:00,2809.941470542253
2012-12-21 19:00:00,1682.1585832145338
2012-12-21 20:00:00,946.2389415301232
2012-12-21 21:00:00,588.895287425286
2012-12-21 22:00:00,500.07845408229633
2012-12-21 23:00:00,304.2846914437939
2012-12-22 00:00:00,174.0532283149104
2012-12-22 01:00:00,128.81575831988215
2012-12-22 02:00:00,95.33566889672247
2012-12-22 03:00:00,23.338022391724873
2012-12-22 04:00:00,6.4902643353062155
2012-12-22 05:00:00,3.6649143341804757
2012-12-22 06:00:00,13.018982791838674
2012-12-22 07:00:00,66.8282503450854
2012-12-22 08:00:00,263.2684363945477
2012-12-22 09:00:00,1168.4002841295744
2012-12-22 10:00:00,3166.035791571661
2012-12-22 11:00:00,5546.035478668157
2012-12-22 12:00:00,6182.883809176373
2012-12-22 13:00:00,9612.196928422632
2012-12-22 14:00:00,8943.059265772055
2012-12-22 15:00:00,7175.3664340549185
2012-12-22 16:00:00,6464.307298742717
2012-12-22 17:00:00,4449.247427386067
2012-12-22 18:00:00,1538.6285343821346
2012-12-22 19:00:00,911.7369846757945
2012-12-22 20:00:00,765.4856992432989
2012-12-22 21:00:00,337.7656887292147
2012-12-22 22:00:00,266.48050288793473
2012-12-22 23:00:00,234.85391313878887
2012-12-23 00:00:00,144.9445523480862
2012-12-23 01:00:00,120.16758140019331
2012-12-23 02:00:00,91.52089643057121
2012-12-23 03:00:00,31.111004128170055
2012-12-23 04:00:00,5.815632031000703
2012-12-23 05:00:00,3.4742303764699707
2012-12-23 06:00:00,6.508262401556406
2012-12-23 07:00:00,33.68957789078602
2012-12-23 08:00:00,134.48420057711962
2012-12-23 09:00:00,948.3028762349785
2012-12-23 10:00:00,2022.0640644306818
2012-12-23 11:00:00,3818.303952651408
2012-12-23 12:00:00,8193.891242275473
2012-12-23 13:00:00,9973.521673995661
2012-12-23 14:00:00,10926.6151010832
2012-12-23 15:00:00,11865.453540871275
2012-12-23 16:00:00,10329.45181148359
2012-12-23 17:00:00,5457.320782494589
2012-12-23 18:00:00,2955.670339346264
2012-12-23 19:00:00,1693.5571850570145
2012-12-23 20:00:00,634.9436305550221
2012-12-23 21:00:00,432.84165662777343
2012-12-23 22:00:00,308.1441345127458
2012-12-23 23:00:00,133.9816471147607
2012-12-24 00:00:00,25.612996871589072
2012-12-24 01:00:00,6.180089385121715
2012-12-24 02:00:00,3.0688502263814783
2012-12-24 03:00:00,1.8115981065887745
2012-12-24 05:00:00,17.882023984722615
2012-12-24 06:00:00,97.78094771976615
2012-12-24 07:00:00,673.6249027001875
2012-12-24 08:00:00,2383.717926828976
2012-12-24 09:00:00,1797.5455154443769
2012-12-24 10:00:00,565.7122918933237
2012-12-24 11:00:00,856.9644394552054
2012-12-24 12:00:00,1433.5297548112778
2012-12-24 13:00:00,381.96896661531804
2012-12-24 14:00:00,223.67365452546733
2012-12-24 15:00:00,321.553232597305
2012-12-24 16:00:00,538.2394423811959
2012-12-24 17:00:00,1136.479964177363
2012-12-24 18:00:00,745.6330624207316
2012-12-24 19:00:00,785.7737681881935
2012-12-24 20:00:00,216.33938871072593
2012-12-24 21:00:00,119.72022553639623
2012-12-24 22:00:00,125.39270558135297
2012-12-24 23:00:00,27.784724344275958
2012-12-25 00:00:00,51.54530519087108
2012-12-25 01:00:00,67.7533006919255
2012-12-25 02:00:00,37.839029339205474
2012-12-25 04:00:00,5.222573790491057
2012-12-25 05:00:00,3.3966599456515407
2012-12-25 06:00:00,10.415330225186393
2012-12-25 07:00:00,49.63638424145555
2012-12-25 08:00:00,376.4346704909865
2012-12-25 09:00:00,851.0169591114667
2012-12-25 10:00:00,2720.0542190434758
2012-12-25 11:00:00,4138.371464979065
2012-12-25 12:00:00,5747.072412372023
2012-12-25 13:00:00,9001.40040123044
2012-12-25 14:00:00,7873.511221542381
2012-12-25 15:00:00,7543.349219863241
2012-12-25 16:00:00,8158.218429264935
2012-12-25 17:00:00,3985.5352584773423
2012-12-25 18:00:00,2221.864531039504
2012-12-25 19:00:00,1285.9254020357134
2012-12-25 20:00:00,731.7286075084443
2012-12-25 21:00:00,469.805220951215
2012-12-25 22:00:00,387.08224156539393
2012-12-25 23:00:00,118.30224833906139
2012-12-26 00:00:00,44.56283157892609
2012-12-26 01:00:00,8.790295969451082
2012-12-26 02:00:00,3.362258229852915
2012-12-26 03:00:00,1.7148089825948334
2012-12-26 04:00:00,1.6382361167000137
2012-12-26 05:00:00,16.73830594152466
2012-12-26 06:00:00,107.70512511604105
2012-12-26 07:00:00,163.7129523847774
2012-12-26 08:00:00,777.2566222992507
2012-12-26 09:00:00,337.1447669081911
2012-12-26 10:00:00,118.84407115511371
2012-12-26 11:00:00,93.49979212018015
2012-12-26 12:00:00,166.48987801451554
2012-12-26 13:00:00,149.26885757396516
2012-12-26 14:00:00,112.84607478247418
2012-12-26 15:00:00,193.8257668470466
2012-12-26 16:00:00,305.7005379039932
2012-12-26 17:00:00,634.158942074636
2012-12-26 18:00:00,489.24860428669825
2012-12-26 19:00:00,253.4650936157096
2012-12-26 20:00:00,107.63460285885674
2012-12-26 21:00:00,391.32851601042665
2012-12-26 22:00:00,41.43497228144914
2012-12-26 23:00:00,36.448137260431864
2012-12-27 00:00:00,12.343276380931554
2012-12-27 01:00:00,3.109438555138273
2012-12-27 02:00:00,1.9018538376246654
2012-12-27 03:00:00,1.8962726683365598
2012-12-27 04:00:00,2.082914974820074
2012-12-27 05:00:00,20.221511075859212
2012-12-27 06:00:00,104.60709535444153
2012-12-27 07:00:00,1119.0320075586924
2012-12-27 08:00:00,3997.222695653561
2012-12-27 09:00:00,1731.9155601989921
2012-12-27 10:00:00,936.6827489789637
2012-12-27 11:00:00,993.3362949339291
2012-12-27 12:00:00,1326.1746429055459
2012-12-27 13:00:00,1378.868562934024
2012-12-27 14:00:00,726.9007132962191
2012-12-27 15:00:00,760.8120162926008
2012-12-27 16:00:00,1248.855162630755
2012-12-27 17:00:00,3049.2179971039495
2012-12-27 18:00:00,2308.9575079937813
2012-12-27 19:00:00,1166.2418648486864
2012-12-27 20:00:00,790.4303238248293
2012-12-27 21:00:00,453.31356489212357
2012-12-27 22:00:00,256.2538791849326
2012-12-27 23:00:00,127.96143236887978
2012-12-28 00:00:00,60.668026073280515
2012-12-28 01:00:00,26.028538707824623
2012-12-28 02:00:00,9.286003116214717
2012-12-28 03:00:00,3.362967716609832
2012-12-28 04:00:00,2.6737125777281947
2012-12-28 05:00:00,17.297226661683624
2012-12-28 06:00:00,108.2181283581352
2012-12-28 07:00:00,876.7189405037659
2012-12-28 08:00:00,5037.93676909747
2012-12-28 09:00:00,2400.7216722198386
2012-12-28 10:00:00,1207.6512203554385
2012-12-28 11:00:00,1634.4529510867296
2012-12-28 12:00:00,2380.24720402922
2012-12-28 13:00:00,2406.930103410815
2012-12-28 14:00:00,1967.2937013642581
2012-12-28 15:00:00,2134.7264405843566
2012-12-28 16:00:00,3391.4555691235632
2012-12-28 17:00:00,4699.265893855516
2012-12-28 18:00:00,3108.139029788613
2012-12-28 19:00:00,1190.1689568280333
2012-12-28 20:00:00,552.8195014791839
2012-12-28 21:00:00,473.4180147006175
2012-12-28 22:00:00,373.8742599995378
2012-12-28 23:00:00,230.96135427442067
2012-12-29 00:00:00,241.3075653040405
2012-12-29 01:00:00,173.99583512278093
2012-12-29 02:00:00,121.77082658375932
2012-12-29 03:00:00,26.183879208600143
2012-12-29 04:00:00,6.5565954442085355
2012-12-29 05:00:00,4.333572171687435
2012-12-29 06:00:00,14.517251711442004
2012-12-29 07:00:00,69.0937236708305
2012-12-29 08:00:00,414.5447360869831
2012-12-29 09:00:00,1311.6287801217416
2012-12-29 10:00:00,1217.124366116124
2012-12-29 11:00:00,891.0798305695122
2012-12-29 12:00:00,1285.4952786421106
2012-12-29 13:00:00,1235.6094004678312
2012-12-29 14:00:00,4402.292217434736
2012-12-29 15:00:00,3811.5195390969916
2012-12-29 16:00:00,8574.610227414538
2012-12-29 17:00:00,3643.3891538467724
2012-12-29 18:00:00,3088.3355180343233
2012-12-29 19:00:00,1616.4212813221259
2012-12-29 20:00:00,750.4211120553033
2012-12-29 21:00:00,537.1175933049226
2012-12-29 22:00:00,288.0724697029537
2012-12-29 23:00:00,315.31199836284617
2012-12-30 00:00:00,201.5515134917999
2012-12-30 01:00:00,121.01883044090513
2012-12-30 02:00:00,123.46813798548656
2012-12-30 03:00:00,26.869343646158335
2012-12-30 04:00:00,5.736343454900704
2012-12-30 05:00:00,3.1552793887582773
2012-12-30 06:00:00,5.980456695379185
2012-12-30 07:00:00,43.26327059173152
2012-12-30 08:00:00,178.71561105754563
2012-12-30 09:00:00,841.4912249730077
2012-12-30 10:00:00,1832.1394718986082
2012-12-30 11:00:00,3618.0809106811553
2012-12-30 12:00:00,5301.308633535767
2012-12-30 13:00:00,5703.000348857032
2012-12-30 14:00:00,6420.525296107399
2012-12-30 15:00:00,5649.232430828642
2012-12-30 16:00:00,5270.531941337465
2012-12-30 17:00:00,2899.6789585210313
2012-12-30 18:00:00,1179.8502083407823
2012-12-30 19:00:00,2394.2555112691593
2012-12-30 20:00:00,335.92986281605073
2012-12-30 21:00:00,305.2212328190644
2012-12-30 22:00:00,198.17815311319077
2012-12-30 23:00:00,76.00355373979046
2012-12-31 00:00:00,26.679320437823087
2012-12-31 01:00:00,6.532601069289384
2012-12-31 02:00:00,2.8736853526863064
2012-12-31 03:00:00,1.9857439844959082
2012-12-31 04:00:00,2.0221499103578187
2012-12-31 05:00:00,13.652167453357675
2012-12-31 06:00:00,90.32267782331186
2012-12-31 07:00:00,615.871296332792
2012-12-31 08:00:00,2193.3279857943808
2012-12-31 09:00:00,1427.1910171949633
2012-12-31 10:00:00,548.6452281728117
2012-12-31 11:00:00,660.2593448440224
2012-12-31 12:00:00,1224.3460062087984
2012-12-31 13:00:00,1050.012729547227
2012-12-31 14:00:00,1019.304688330776
2012-12-31 15:00:00,1171.0690721747437
2012-12-31 16:00:00,1336.4640597155742
2012-12-31 17:00:00,3153.815934156823
2012-12-31 18:00:00,2301.2287109354297
2012-12-31 19:00:00,1279.2655664977672
2012-12-31 20:00:00,616.8244718262112
2012-12-31 21:00:00,476.13402728675567
2012-12-31 22:00:00,277.34647598540926
2012-12-31 23:00:00,89.5744402307867
