datetime,count
2011-01-20 00:00:00,10.719980187658928
2011-01-20 01:00:00,3.980656005661422
2011-01-20 02:00:00,1.9598618361916549
2011-01-20 03:00:00,1.6077430734104812
2011-01-20 04:00:00,1.4224570037561697
2011-01-20 05:00:00,7.085866556260533
2011-01-20 06:00:00,37.173856899572954
2011-01-20 07:00:00,109.16423549634897
2011-01-20 08:00:00,223.29814487516484
2011-01-20 09:00:00,113.47476090891222
2011-01-20 10:00:00,47.1396617528886
2011-01-20 11:00:00,53.311728368112526
2011-01-20 12:00:00,68.49432579794362
2011-01-20 13:00:00,65.2343936795704
2011-01-20 14:00:00,57.77756199140973
2011-01-20 15:00:00,64.22949602604106
2011-01-20 16:00:00,95.42299854502154
2011-01-20 17:00:00,195.83452639684427
2011-01-20 18:00:00,164.0825417167602
2011-01-20 19:00:00,115.66825159496916
2011-01-20 20:00:00,81.86072917050917
2011-01-20 21:00:00,57.22597227580587
2011-01-20 22:00:00,40.29279938682026
2011-01-20 23:00:00,26.902892314994222
2011-01-21 00:00:00,11.466646215105303
2011-01-21 01:00:00,6.389008551254525
2011-01-21 02:00:00,1.867488047653915
2011-01-21 03:00:00,1.1482450314676338
2011-01-21 04:00:00,1.0710300354696218
2011-01-21 05:00:00,5.270067200200716
2011-01-21 06:00:00,29.833143499974252
2011-01-21 07:00:00,78.3320972909219
2011-01-21 08:00:00,180.94786291907283
2011-01-21 09:00:00,109.99752569183384
2011-01-21 10:00:00,44.40821475327326
2011-01-21 11:00:00,45.95444879039052
2011-01-21 12:00:00,53.89218050566902
2011-01-21 13:00:00,52.418638319720564
2011-01-21 14:00:00,43.34256157897025
2011-01-21 15:00:00,47.79880031607673
2011-01-21 16:00:00,79.22552494751429
2011-01-21 17:00:00,119.44308030747577
2011-01-21 18:00:00,98.29117919722815
2011-01-21 19:00:00,64.73592499052936
2011-01-21 20:00:00,42.96931486503432
2011-01-21 21:00:00,31.741740562855778
2011-01-21 22:00:00,26.310272676030348
2011-01-21 23:00:00,17.48383358029717
2011-01-22 00:00:00,16.985641262859417
2011-01-22 01:00:00,8.979877794069067
2011-01-22 02:00:00,11.960998039087224
2011-01-22 03:00:00,3.928308880509638
2011-01-22 04:00:00,1.1500499005587936
2011-01-22 06:00:00,1.9553191878037057
2011-01-22 07:00:00,6.918545902562208
2011-01-22 08:00:00,20.128668648273504
2011-01-22 09:00:00,31.490790520189137
2011-01-22 10:00:00,47.50873117568674
2011-01-22 11:00:00,52.1664641385471
2011-01-22 12:00:00,64.22672292342054
2011-01-22 13:00:00,70.26370793084368
2011-01-22 14:00:00,67.56261334966483
2011-01-22 15:00:00,62.70586030552463
2011-01-22 16:00:00,63.39435465427714
2011-01-22 17:00:00,61.17048650083973
2011-01-22 18:00:00,48.605960192255814
2011-01-22 19:00:00,42.06828057235353
2011-01-22 20:00:00,31.80701339194802
2011-01-22 21:00:00,28.442137239420497
2011-01-22 22:00:00,26.302161913392997
2011-01-22 23:00:00,18.277845898368323
2011-01-23 00:00:00,16.677429966650404
2011-01-23 01:00:00,10.264045707263096
2011-01-23 02:00:00,12.101054831679116
2011-01-23 03:00:00,5.183956590792728
2011-01-23 05:00:00,1.2370453760806561
2011-01-23 06:00:00,1.5128695869553972
2011-01-23 07:00:00,6.653955495297816
2011-01-23 08:00:00,17.26206383078108
2011-01-23 09:00:00,28.660289767475515
2011-01-23 10:00:00,50.06589224059935
2011-01-23 11:00:00,62.002808397457684
2011-01-23 12:00:00,66.52265277384485
2011-01-23 13:00:00,64.07874718235023
2011-01-23 14:00:00,68.14809421579072
2011-01-23 15:00:00,67.16575951889212
2011-01-23 16:00:00,66.58579075471495
2011-01-23 17:00:00,55.39624505168389
2011-01-23 18:00:00,44.969244435406345
2011-01-23 19:00:00,37.85635700919268
2011-01-23 20:00:00,29.55984753602884
2011-01-23 21:00:00,24.736618159640607
2011-01-23 22:00:00,18.26686415028044
2011-01-23 23:00:00,10.463648265024387
2011-01-24 00:00:00,5.890713716302318
2011-01-24 01:00:00,1.0343766651647215
2011-01-24 03:00:00,0.6333290669817424
2011-01-24 04:00:00,1.017026370457998
2011-01-24 05:00:00,4.069291590827779
2011-01-24 06:00:00,22.94561148681722
2011-01-24 07:00:00,68.16847371175899
2011-01-24 08:00:00,151.97231751547562
2011-01-24 09:00:00,80.31620048730124
2011-01-24 10:00:00,30.300691865050283
2011-01-24 11:00:00,30.091693196571317
2011-01-24 12:00:00,39.066791816504455
2011-01-24 13:00:00,40.53964539942316
2011-01-24 14:00:00,35.16432867572623
2011-01-24 15:00:00,43.70220125440664
2011-01-24 16:00:00,66.54743213384047
2011-01-24 17:00:00,122.44375756079634
2011-01-24 18:00:00,133.8281777374937
2011-01-24 19:00:00,91.4485813561124
2011-01-24 20:00:00,59.395171207627804
2011-01-24 21:00:00,45.97578652890973
2011-01-24 22:00:00,28.168243320844013
2011-01-24 23:00:00,14.787664977397878
2011-01-25 00:00:00,8.220100573921624
2011-01-25 01:00:00,2.68184989552581
2011-01-25 02:00:00,1.056056217172416
2011-01-25 04:00:00,0.7819333768416161
2011-01-25 05:00:00,5.458675809935083
2011-01-25 06:00:00,30.184711825937843
2011-01-25 07:00:00,88.94708099263677
2011-01-25 08:00:00,179.41822511429115
2011-01-25 09:00:00,106.01521545107808
2011-01-25 10:00:00,43.71686103484078
2011-01-25 11:00:00,46.02185813287177
2011-01-25 12:00:00,55.65797990997359
2011-01-25 13:00:00,55.09947732699574
2011-01-25 14:00:00,52.68822598770729
2011-01-25 15:00:00,58.035392302342544
2011-01-25 16:00:00,90.34347886447598
2011-01-25 17:00:00,196.00004711377284
2011-01-25 18:00:00,182.54794943480246
2011-01-25 19:00:00,113.4801964503467
2011-01-25 20:00:00,76.14221167559624
2011-01-25 21:00:00,55.6279178228547
2011-01-25 22:00:00,38.589070228454204
2011-01-25 23:00:00,21.51491488781057
2011-01-26 00:00:00,9.328857418976224
2011-01-26 01:00:00,4.212563769909968
2011-01-26 02:00:00,0.8931240422531089
2011-01-26 05:00:00,2.7458629309950044
2011-01-26 06:00:00,15.662997977444961
2011-01-26 07:00:00,43.74814908725944
2011-01-26 08:00:00,98.90242227987318
2011-01-26 09:00:00,50.68142229943456
2011-01-26 10:00:00,18.84948936806521
2011-01-26 11:00:00,17.386097162976423
2011-01-26 12:00:00,20.873617466244355
2011-01-26 13:00:00,19.976248929943846
2011-01-26 14:00:00,17.361456428091437
2011-01-26 15:00:00,18.130820815032095
2011-01-26 16:00:00,29.69238390215745
2011-01-26 17:00:00,59.98704200813968
2011-01-27 16:00:00,80.47854787554913
2011-01-27 17:00:00,172.35010057785155
2011-01-27 18:00:00,158.4461920507682
2011-01-27 19:00:00,109.8558333818768
2011-01-27 20:00:00,70.64755093157137
2011-01-27 21:00:00,53.33549696932562
2011-01-27 22:00:00,38.721919380232954
2011-01-27 23:00:00,23.83480438472195
2011-01-28 00:00:00,10.220025501555423
2011-01-28 01:00:00,5.6554113481607455
2011-01-28 02:00:00,2.3815467134442247
2011-01-28 03:00:00,1.615331986211004
2011-01-28 05:00:00,6.2751937944513205
2011-01-28 06:00:00,26.237601888626045
2011-01-28 07:00:00,76.51426991302691
2011-01-28 08:00:00,171.9487832962502
2011-01-28 09:00:00,80.32258491541792
2011-01-28 10:00:00,34.1070020137606
2011-01-28 11:00:00,29.955966018905084
2011-01-28 12:00:00,35.41179510938994
2011-01-28 13:00:00,34.70156921055637
2011-01-28 14:00:00,32.756564000343744
2011-01-28 15:00:00,47.78508985035495
2011-01-28 16:00:00,74.35609511810178
2011-01-28 17:00:00,155.74997426371434
2011-01-28 18:00:00,126.24262675006993
2011-01-28 19:00:00,91.80021615828817
2011-01-28 20:00:00,61.76212778227878
2011-01-28 21:00:00,41.871434558015274
2011-01-28 22:00:00,46.01477197690408
2011-01-28 23:00:00,33.58095166180783
2011-01-29 00:00:00,24.239022745471363
2011-01-29 01:00:00,21.924924085188653
2011-01-29 02:00:00,16.195906277253535
2011-01-29 03:00:00,6.480881093953003
2011-01-29 04:00:00,2.512571310720584
2011-01-29 06:00:00,3.0643076225389074
2011-01-29 07:00:00,11.542866748020321
2011-01-29 08:00:00,32.31297002486599
2011-01-29 09:00:00,48.32007748305454
2011-01-29 10:00:00,66.30874717328781
2011-01-29 11:00:00,72.35545242014805
2011-01-29 12:00:00,80.21793623401622
2011-01-29 13:00:00,86.05911150879798
2011-01-29 14:00:00,79.26761579375794
2011-01-29 15:00:00,80.66746955537448
2011-01-29 16:00:00,94.95628512348964
2011-01-29 17:00:00,76.24310304717461
2011-01-29 18:00:00,67.88032986029438
2011-01-29 19:00:00,53.51530333395937
2011-01-29 20:00:00,38.31462024404147
2011-01-29 21:00:00,32.793735310421816
2011-01-29 22:00:00,29.24771721148601
2011-01-29 23:00:00,22.785495344029528
2011-01-30 00:00:00,20.065192503624946
2011-01-30 01:00:00,18.0050604706091
2011-01-30 02:00:00,15.398782624024719
2011-01-30 03:00:00,6.588978715724992
2011-01-30 04:00:00,2.7857981993294123
2011-01-30 05:00:00,1.5958857651180285
2011-01-30 07:00:00,6.834877287199369
2011-01-30 08:00:00,18.04754923588054
2011-01-30 09:00:00,35.55913145997062
2011-01-30 10:00:00,50.8295152405859
2011-01-30 11:00:00,62.03604886851347
2011-01-30 12:00:00,115.51993416745373
2011-01-30 13:00:00,107.59617354985653
2011-01-30 14:00:00,99.97113579323097
2011-01-30 15:00:00,99.99454980409314
2011-01-30 16:00:00,97.37719791667124
2011-01-30 17:00:00,88.2950008966316
2011-01-30 18:00:00,69.65220101454567
2011-01-30 19:00:00,58.144767694530955
2011-01-30 20:00:00,40.16192051602386
2011-01-30 21:00:00,35.19533810082838
2011-01-30 22:00:00,25.353667106000024
2011-01-30 23:00:00,16.17745515191462
2011-01-31 00:00:00,8.836479773349135
2011-01-31 01:00:00,2.5495907510776767
2011-01-31 02:00:00,1.4775596857579905
2011-01-31 03:00:00,0.9388161235050828
2011-01-31 04:00:00,0.38374805098756215
2011-01-31 05:00:00,4.178968739581763
2011-01-31 06:00:00,28.358501107083352
2011-01-31 07:00:00,85.34932676641839
2011-01-31 08:00:00,170.95797980934583
2011-01-31 09:00:00,86.36082354740908
2011-01-31 10:00:00,35.79949697403932
2011-01-31 11:00:00,35.015483932646646
2011-01-31 12:00:00,51.482702789496805
2011-01-31 13:00:00,45.95844847182804
2011-01-31 14:00:00,39.44366812757473
2011-01-31 15:00:00,41.43118822146748
2011-01-31 16:00:00,64.82996360028395
2011-01-31 17:00:00,136.4642232540518
2011-01-31 18:00:00,137.160987112794
2011-01-31 19:00:00,130.52186528168673
2011-01-31 20:00:00,54.15372236866487
2011-01-31 21:00:00,40.143353527594506
2011-01-31 22:00:00,30.047880738847134
2011-01-31 23:00:00,15.980213122683786
2011-02-20 00:00:00,25.084933425520067
2011-02-20 01:00:00,19.795263887171505
2011-02-20 02:00:00,14.272097804114832
2011-02-20 03:00:00,5.828449040641418
2011-02-20 04:00:00,0.7827965102774682
2011-02-20 06:00:00,1.9376550436365543
2011-02-20 07:00:00,7.748682268979432
2011-02-20 08:00:00,23.898556082297457
2011-02-20 09:00:00,41.838119118746185
2011-02-20 10:00:00,70.28446115809068
2011-02-20 11:00:00,91.01936044092955
2011-02-20 12:00:00,116.6692355648801
2011-02-20 13:00:00,127.44217668900106
2011-02-20 14:00:00,130.32459795575653
2011-02-20 15:00:00,134.0450749906173
2011-02-20 16:00:00,131.6714217769304
2011-02-20 17:00:00,113.97665543501343
2011-02-20 18:00:00,91.44234693901177
2011-02-20 19:00:00,76.86914957746535
2011-02-20 20:00:00,51.25261274381658
2011-02-20 21:00:00,41.09620212794997
2011-02-20 22:00:00,31.796056785314754
2011-02-20 23:00:00,20.769698211233887
2011-02-21 00:00:00,29.12066401696938
2011-02-21 01:00:00,13.278073656176964
2011-02-21 02:00:00,9.466559150107035
2011-02-21 03:00:00,3.6540469067648482
2011-02-21 04:00:00,1.908826159273704
2011-02-21 05:00:00,2.878920580481335
2011-02-21 06:00:00,8.312778922343963
2011-02-21 07:00:00,23.100364221065362
2011-02-21 08:00:00,49.33214811668015
2011-02-21 09:00:00,55.21828287679444
2011-02-21 10:00:00,74.30242502516235
2011-02-21 11:00:00,92.78249375997528
2011-02-21 12:00:00,100.11825392323956
2011-02-21 13:00:00,33.98356045428417
2011-02-21 14:00:00,82.19326998742562
2011-02-21 15:00:00,83.44806835078734
2011-02-21 16:00:00,39.269469535172526
2011-02-21 17:00:00,78.59598743568026
2011-02-21 18:00:00,48.083436771872655
2011-02-21 19:00:00,45.17613632806524
2011-02-21 20:00:00,24.329856665956186
2011-02-21 21:00:00,18.79552287946035
2011-02-21 22:00:00,14.764086450166689
2011-02-21 23:00:00,9.041268233389394
2011-02-22 06:00:00,19.535854978616435
2011-02-22 07:00:00,56.92100442587429
2011-02-22 08:00:00,135.500968556434
2011-02-22 09:00:00,75.64698868470335
2011-02-22 10:00:00,38.42573253573468
2011-02-22 11:00:00,41.82417862010955
2011-02-22 12:00:00,53.42070242565624
2011-02-22 13:00:00,53.826512660785255
2011-02-22 14:00:00,44.27677176376224
2011-02-22 15:00:00,51.47083731837102
2011-02-22 16:00:00,79.54710844471641
2011-02-22 17:00:00,161.32634150912511
2011-02-22 18:00:00,159.25554959705008
2011-02-22 19:00:00,97.81463083828923
2011-02-22 20:00:00,71.68774947301033
2011-02-22 21:00:00,51.54936025784175
2011-02-22 22:00:00,35.431805831923356
2011-02-22 23:00:00,18.572032850567005
2011-02-23 00:00:00,8.854469302216456
2011-02-23 01:00:00,3.6469586636190328
2011-02-23 02:00:00,1.2449144427926202
2011-02-23 03:00:00,1.3465062345610588
2011-02-23 05:00:00,5.79157755557614
2011-02-23 06:00:00,32.19253660246304
2011-02-23 07:00:00,93.86845728711234
2011-02-23 08:00:00,214.1185321599141
2011-02-23 09:00:00,112.12997103951147
2011-02-23 10:00:00,43.09078983674297
2011-02-23 11:00:00,49.49467139809267
2011-02-23 12:00:00,61.3490114077438
2011-02-23 13:00:00,68.739627087564
2011-02-23 14:00:00,62.79037635113785
2011-02-23 15:00:00,70.21984577162718
2011-02-23 16:00:00,95.35369803050347
2011-02-23 17:00:00,202.01215113891323
2011-02-23 18:00:00,202.87840467132426
2011-02-23 19:00:00,131.1477490452033
2011-02-23 20:00:00,85.41524245838202
2011-02-23 21:00:00,54.248708991335846
2011-02-23 22:00:00,41.23080240108777
2011-02-23 23:00:00,23.94439699434004
2011-02-24 00:00:00,10.302333757002488
2011-02-24 01:00:00,4.1450845079688685
2011-02-24 02:00:00,1.6380864475983419
2011-02-24 03:00:00,1.5025810269991922
2011-02-24 05:00:00,6.87903906419156
2011-02-24 06:00:00,35.80257631638279
2011-02-24 07:00:00,105.64197700924065
2011-02-24 08:00:00,225.60571071584383
2011-02-24 09:00:00,103.12130684183158
2011-02-24 10:00:00,46.15279998826933
2011-02-24 11:00:00,55.86193796962657
2011-02-24 12:00:00,75.05811650295252
2011-02-24 13:00:00,73.86921909858009
2011-02-24 14:00:00,63.89077832825326
2011-02-24 15:00:00,44.86280844219904
2011-02-24 16:00:00,65.97706596006842
2011-02-24 17:00:00,135.95996328962383
2011-02-24 18:00:00,133.33439277485078
2011-02-24 19:00:00,44.45199801591608
2011-02-24 20:00:00,59.74068950722651
2011-02-24 21:00:00,49.58406772917276
2011-02-24 22:00:00,19.21688661601857
2011-02-24 23:00:00,25.32010517880665
2011-02-25 00:00:00,6.475595432157807
2011-02-25 01:00:00,4.925546829054547
2011-02-25 02:00:00,2.56394366510981
2011-02-25 03:00:00,1.473576409137942
2011-02-25 05:00:00,6.44863181051538
2011-02-25 06:00:00,20.404484671288813
2011-02-25 07:00:00,35.09471012968506
2011-02-25 08:00:00,129.2165826638968
2011-02-25 09:00:00,45.4774143922672
2011-02-25 10:00:00,27.784896553199836
2011-02-25 11:00:00,102.12719250121995
2011-02-25 12:00:00,82.26162670066734
2011-02-25 13:00:00,78.56463597359735
2011-02-25 14:00:00,63.09774557396436
2011-02-25 15:00:00,108.15729248777893
2011-02-25 16:00:00,111.40815792174712
2011-02-25 17:00:00,184.7271888838268
2011-02-25 18:00:00,161.24308587364737
2011-02-25 19:00:00,110.57784432020826
2011-02-25 20:00:00,73.45543219483983
2011-02-25 21:00:00,61.41336650129849
2011-02-25 22:00:00,45.866115917933726
2011-02-25 23:00:00,34.27213671098865
2011-02-26 00:00:00,26.476929927737874
2011-02-26 01:00:00,22.142205561113357
2011-02-26 02:00:00,15.224215469439955
2011-02-26 03:00:00,6.564176780708795
2011-02-26 04:00:00,1.797848448847044
2011-02-26 05:00:00,1.8651499752456753
2011-02-26 06:00:00,1.5236411197673505
2011-02-26 07:00:00,12.535448395870397
2011-02-26 08:00:00,32.927302757212175
2011-02-26 09:00:00,53.77809977041813
2011-02-26 10:00:00,89.42508805760178
2011-02-26 11:00:00,102.41035737480746
2011-02-26 12:00:00,123.75448946605968
2011-02-26 13:00:00,125.21451368179045
2011-02-26 14:00:00,115.6879232530939
2011-02-26 15:00:00,134.25325609186336
2011-02-26 16:00:00,136.5098623852878
2011-02-26 17:00:00,119.69643566043646
2011-02-26 18:00:00,100.54563374009942
2011-02-26 19:00:00,75.13185258643902
2011-02-26 20:00:00,56.343686519211424
2011-02-26 21:00:00,45.642951001650424
2011-02-26 22:00:00,36.32848740465042
2011-02-26 23:00:00,32.126864104258054
2011-02-27 00:00:00,18.574934558941575
2011-02-27 01:00:00,18.846038332337997
2011-02-27 02:00:00,13.478061292979199
2011-02-27 03:00:00,6.444771205533773
2011-02-27 04:00:00,1.9555152371409323
2011-02-27 06:00:00,1.441245475256413
2011-02-27 07:00:00,8.003273427387061
2011-02-27 08:00:00,19.82801994292654
2011-02-27 09:00:00,43.26409169098541
2011-02-27 10:00:00,76.4642018785773
2011-02-27 11:00:00,119.61159481365382
2011-02-27 12:00:00,146.6482969880046
2011-02-27 13:00:00,137.37063063902062
2011-02-27 14:00:00,151.06535301701803
2011-02-27 15:00:00,188.14319183554892
2011-02-27 16:00:00,187.42658373927404
2011-02-27 17:00:00,125.22601966053438
2011-02-27 18:00:00,97.21284558618348
2011-02-27 19:00:00,86.55916563973472
2011-02-27 20:00:00,66.96583624190541
2011-02-27 21:00:00,54.031460814085236
2011-02-27 22:00:00,38.498165574842595
2011-02-27 23:00:00,23.248726519592243
2011-02-28 00:00:00,11.76998282026609
2011-02-28 01:00:00,1.4364887136944626
2011-02-28 03:00:00,0.49484219539322694
2011-02-28 05:00:00,5.836288810601607
2011-02-28 06:00:00,33.14174906258716
2011-02-28 07:00:00,97.29092390131296
2011-02-28 08:00:00,160.2634962556355
2011-02-28 09:00:00,108.13383890792012
2011-02-28 10:00:00,66.4367047277958
2011-02-28 11:00:00,81.90573597080042
2011-02-28 12:00:00,104.07901560473123
2011-02-28 13:00:00,32.76396370986962
2011-02-28 14:00:00,19.382874834058132
2011-02-28 15:00:00,21.986788237532366
2011-02-28 16:00:00,39.13971844951296
2011-02-28 17:00:00,66.73735757225484
2011-02-28 18:00:00,108.22443537430604
2011-02-28 19:00:00,49.70002094712999
2011-02-28 20:00:00,33.11525827197102
2011-02-28 21:00:00,44.06017276261403
2011-02-28 22:00:00,14.516692373714172
2011-02-28 23:00:00,16.809465679373186
2011-03-20 00:00:00,30.91415158534329
2011-03-20 01:00:00,25.051072669194756
2011-03-20 02:00:00,18.5052453239008
2011-03-20 03:00:00,8.247505521900669
2011-03-20 04:00:00,1.2739356675696563
2011-03-20 05:00:00,1.9364973192795558
2011-03-20 06:00:00,2.412703467376143
2011-03-20 07:00:00,9.221924920429357
2011-03-20 08:00:00,29.262304928335155
2011-03-20 09:00:00,55.98558024475479
2011-03-20 10:00:00,77.56669802488972
2011-03-20 11:00:00,116.81581792890648
2011-03-20 12:00:00,142.58430500040234
2011-03-20 13:00:00,137.32284912725936
2011-03-20 14:00:00,129.56261381218047
2011-03-20 15:00:00,140.8756217366895
2011-03-20 16:00:00,141.51041127918876
2011-03-20 17:00:00,120.08641779219056
2011-03-20 18:00:00,98.68044878364404
2011-03-20 19:00:00,78.24083669450647
2011-03-20 20:00:00,59.9760584977763
2011-03-20 21:00:00,44.28411579759025
2011-03-20 22:00:00,33.01603411536739
2011-03-20 23:00:00,11.882162563259937
2011-03-21 00:00:00,6.296080472487303
2011-03-21 01:00:00,2.2297477110416604
2011-03-21 02:00:00,2.498545544511182
2011-03-21 03:00:00,0.5831671845574004
2011-03-21 05:00:00,6.933841581463822
2011-03-21 06:00:00,29.93706548195719
2011-03-21 07:00:00,48.738022270970966
2011-03-21 08:00:00,145.0656041093706
2011-03-21 09:00:00,86.58152187487966
2011-03-21 10:00:00,60.16407438120762
2011-03-21 11:00:00,68.2201003541652
2011-03-21 12:00:00,133.67936097613313
2011-03-21 13:00:00,148.21052837577673
2011-03-21 14:00:00,148.7071976918509
2011-03-21 15:00:00,158.96371656186602
2011-03-21 16:00:00,198.35604304530753
2011-03-21 17:00:00,462.1446979272739
2011-03-21 18:00:00,496.06777945959055
2011-03-21 19:00:00,284.37688876648247
2011-03-21 20:00:00,237.94125505181313
2011-03-21 21:00:00,111.67746332451222
2011-03-21 22:00:00,88.3508513191
2011-03-21 23:00:00,52.06693658882313
2011-03-22 00:00:00,22.281557483475193
2011-03-22 01:00:00,4.753937166980026
2011-03-22 02:00:00,3.2509038939677644
2011-03-22 03:00:00,2.425537557118015
2011-03-22 04:00:00,2.798300373484489
2011-03-22 05:00:00,14.73045473874805
2011-03-22 06:00:00,73.36766925745732
2011-03-22 07:00:00,224.3509621407379
2011-03-22 08:00:00,358.11175860463464
2011-03-22 09:00:00,167.06577447603405
2011-03-22 10:00:00,83.52109618881695
2011-03-22 11:00:00,101.38064252483738
2011-03-22 12:00:00,147.19725559390525
2011-03-22 13:00:00,156.33885327699494
2011-03-22 14:00:00,133.81217256263398
2011-03-22 15:00:00,146.69741085980493
2011-03-22 16:00:00,237.3201577917954
2011-03-22 17:00:00,458.34159960725844
2011-03-22 18:00:00,399.796846246059
2011-03-22 19:00:00,223.4472195063749
2011-03-22 20:00:00,144.57719032792411
2011-03-22 21:00:00,99.25890353184117
2011-03-22 22:00:00,78.86025926396132
2011-03-22 23:00:00,44.76189373841136
2011-03-23 00:00:00,10.450349682829879
2011-03-23 01:00:00,4.58279856171925
2011-03-23 02:00:00,2.9021290197862455
2011-03-23 03:00:00,2.0165393874640336
2011-03-23 05:00:00,6.340272752182323
2011-03-23 06:00:00,53.149308463892346
2011-03-23 07:00:00,141.76595766304266
2011-03-23 08:00:00,274.54894722305943
2011-03-23 09:00:00,139.47863674150503
2011-03-23 10:00:00,58.95615662724361
2011-03-23 11:00:00,59.88131184965188
2011-03-23 12:00:00,71.77308055646228
2011-03-23 13:00:00,38.76019962093545
2011-03-23 14:00:00,86.96251368875603
2011-03-23 15:00:00,98.22978371427033
2011-03-23 16:00:00,156.80005355597993
2011-03-23 17:00:00,311.73704860630795
2011-03-23 18:00:00,167.4898875192935
2011-03-23 19:00:00,113.8124637495657
2011-03-23 20:00:00,34.837892515823874
2011-03-23 21:00:00,22.547251965075496
2011-03-23 22:00:00,53.6986062728519
2011-03-23 23:00:00,17.580429733114556
2011-03-24 00:00:00,12.286503071347068
2011-03-24 01:00:00,4.252276953620193
2011-03-24 02:00:00,3.733033231120139
2011-03-24 03:00:00,1.4994953570339495
2011-03-24 04:00:00,0.9813578169728437
2011-03-24 05:00:00,10.765642561295898
2011-03-24 06:00:00,51.436816653253025
2011-03-24 07:00:00,91.76537650314073
2011-03-24 08:00:00,153.99528443770353
2011-03-24 09:00:00,114.0476813996251
2011-03-24 10:00:00,41.23457365857786
2011-03-24 11:00:00,53.77921214311975
2011-03-24 12:00:00,76.79698005239348
2011-03-24 13:00:00,78.09274436676513
2011-03-24 14:00:00,68.02163342653147
2011-03-24 15:00:00,71.70596577125644
2011-03-24 16:00:00,110.39304461076017
2011-03-24 17:00:00,219.22310089723808
2011-03-24 18:00:00,203.16889660859016
2011-03-24 19:00:00,155.05351038192288
2011-03-24 20:00:00,111.28137492536284
2011-03-24 21:00:00,75.68577441945207
2011-03-24 22:00:00,59.4956132383857
2011-03-24 23:00:00,35.51142361400591
2011-03-25 00:00:00,14.883899431257749
2011-03-25 01:00:00,7.943887069698376
2011-03-25 02:00:00,4.2168500954952535
2011-03-25 03:00:00,2.04639709197689
2011-03-25 04:00:00,0.6308266026624649
2011-03-25 05:00:00,10.573760370245758
2011-03-25 06:00:00,38.310265722242505
2011-03-25 07:00:00,104.47751684703995
2011-03-25 08:00:00,251.92498865716016
2011-03-25 09:00:00,140.10747465879984
2011-03-25 10:00:00,69.46720106022089
2011-03-25 11:00:00,78.85551227727878
2011-03-25 12:00:00,109.60917143062865
2011-03-25 13:00:00,115.98395285752906
2011-03-25 14:00:00,116.10250746133886
2011-03-25 15:00:00,105.60327243088028
2011-03-25 16:00:00,137.38760233599723
2011-03-25 17:00:00,222.10785755815473
2011-03-25 18:00:00,203.61716141081354
2011-03-25 19:00:00,129.44605457941384
2011-03-25 20:00:00,90.66936210764806
2011-03-25 21:00:00,69.73978659880234
2011-03-25 22:00:00,63.62328213840167
2011-03-25 23:00:00,40.36958194156546
2011-03-26 00:00:00,31.525826467253392
2011-03-26 01:00:00,25.40173838275565
2011-03-26 02:00:00,19.30262370125579
2011-03-26 03:00:00,7.52148652122273
2011-03-26 04:00:00,1.3950711477143114
2011-03-26 05:00:00,2.6652702058986995
2011-03-26 06:00:00,6.074026451262662
2011-03-26 07:00:00,15.598678127758086
2011-03-26 08:00:00,43.590133983668856
2011-03-26 09:00:00,72.6199689641412
2011-03-26 10:00:00,102.37274659034387
2011-03-26 11:00:00,139.52130231858297
2011-03-26 12:00:00,154.74036811114706
2011-03-26 13:00:00,171.25777896414223
2011-03-26 14:00:00,191.70442515505306
2011-03-26 15:00:00,202.9074244664234
2011-03-26 16:00:00,185.063485856309
2011-03-26 17:00:00,141.9132449567554
2011-03-26 18:00:00,117.60664983879298
2011-03-26 19:00:00,83.0045858080998
2011-03-26 20:00:00,65.01343900925534
2011-03-26 21:00:00,48.811306623041006
2011-03-26 22:00:00,48.44184582233084
2011-03-26 23:00:00,35.30733104699038
2011-03-27 00:00:00,32.056561760468085
2011-03-27 01:00:00,23.895369435643495
2011-03-27 02:00:00,18.24764806319269
2011-03-27 03:00:00,7.941078095936116
2011-03-27 04:00:00,2.2518377718474363
2011-03-27 06:00:00,4.169838121925458
2011-03-27 07:00:00,10.603856995902632
2011-03-27 08:00:00,27.718990534800355
2011-03-27 09:00:00,56.43062251790654
2011-03-27 10:00:00,72.78967702303977
2011-03-27 11:00:00,98.20030102094101
2011-03-27 12:00:00,108.56150359253367
2011-03-27 13:00:00,136.09861022063623
2011-03-27 14:00:00,153.59193800453906
2011-03-27 15:00:00,141.24988935170143
2011-03-27 16:00:00,163.3042282439597
2011-03-27 17:00:00,131.83086133720005
2011-03-27 18:00:00,103.7535465412006
2011-03-27 19:00:00,84.60383019963116
2011-03-27 20:00:00,65.86450943945904
2011-03-27 21:00:00,47.397753099063706
2011-03-27 22:00:00,35.93930497989989
2011-03-27 23:00:00,23.237094108604133
2011-03-28 00:00:00,8.717815321616818
2011-03-28 01:00:00,2.598720595807357
2011-03-28 02:00:00,1.452523734652644
2011-03-28 03:00:00,0.7713205456304025
2011-03-28 05:00:00,6.560493390940948
2011-03-28 06:00:00,24.728402844155323
2011-03-28 07:00:00,78.6511801182066
2011-03-28 08:00:00,185.95785455851686
2011-03-28 09:00:00,91.95613947741309
2011-03-28 10:00:00,44.22248454900887
2011-03-28 11:00:00,38.674273505733765
2011-03-28 12:00:00,54.05746568645675
2011-03-28 13:00:00,62.85447592397807
2011-03-28 14:00:00,66.70894056876847
2011-03-28 15:00:00,59.70837764091385
2011-03-28 16:00:00,111.0350432763527
2011-03-28 17:00:00,175.2853037084867
2011-03-28 18:00:00,157.27838418166363
2011-03-28 19:00:00,129.33887601125488
2011-03-28 20:00:00,93.43823685648069
2011-03-28 21:00:00,70.06025381779226
2011-03-28 22:00:00,45.44530930329862
2011-03-28 23:00:00,20.331830252830905
2011-03-29 00:00:00,11.42996560512631
2011-03-29 01:00:00,2.8407691600812295
2011-03-29 02:00:00,1.4991615601406592
2011-03-29 03:00:00,1.1100177185656488
2011-03-29 04:00:00,1.5253073911535016
2011-03-29 05:00:00,9.232018512369185
2011-03-29 06:00:00,39.44212176316199
2011-03-29 07:00:00,127.59063920405255
2011-03-29 08:00:00,259.23438867199025
2011-03-29 09:00:00,139.61168873147398
2011-03-29 10:00:00,63.05233575929873
2011-03-29 11:00:00,66.79932369246484
2011-03-29 12:00:00,98.31481631192088
2011-03-29 13:00:00,86.03658131384506
2011-03-29 14:00:00,91.78582896358105
2011-03-29 15:00:00,111.98258984363902
2011-03-29 16:00:00,176.77239033828803
2011-03-29 17:00:00,360.2708909377768
2011-03-29 18:00:00,323.19612384461107
2011-03-29 19:00:00,171.24823757709015
2011-03-29 20:00:00,154.18243929370016
2011-03-29 21:00:00,99.58407793426744
2011-03-29 22:00:00,76.61293383835654
2011-03-29 23:00:00,34.73387937295007
2011-03-30 00:00:00,16.475312333988263
2011-03-30 01:00:00,7.271749879210177
2011-03-30 02:00:00,3.74663918699986
2011-03-30 03:00:00,1.910051054134848
2011-03-30 04:00:00,1.6393273938227044
2011-03-30 05:00:00,10.724312304097717
2011-03-30 06:00:00,56.959349126162316
2011-03-30 07:00:00,165.18396517373318
2011-03-30 08:00:00,299.262723368055
2011-03-30 09:00:00,138.67447193885545
2011-03-30 10:00:00,67.16496309968554
2011-03-30 11:00:00,69.31218671118282
2011-03-30 12:00:00,92.01660886556616
2011-03-30 13:00:00,102.41572989984148
2011-03-30 14:00:00,74.39304733935121
2011-03-30 15:00:00,33.543502152315874
2011-03-30 16:00:00,50.1207389866802
2011-03-30 17:00:00,128.97634960714345
2011-03-30 18:00:00,175.87321672329463
2011-03-30 19:00:00,123.94665908823309
2011-03-30 20:00:00,53.50446572369736
2011-03-30 21:00:00,59.9085119610882
2011-03-30 22:00:00,35.3352300974644
2011-03-30 23:00:00,18.733454097588776
2011-03-31 00:00:00,10.169679368078848
2011-03-31 01:00:00,5.891336098127138
2011-03-31 02:00:00,2.176938684275339
2011-03-31 03:00:00,1.919090700285395
2011-03-31 04:00:00,1.6554192343524057
2011-03-31 05:00:00,10.312895340405083
2011-03-31 06:00:00,33.82424528234356
2011-03-31 07:00:00,119.48262636865026
2011-03-31 08:00:00,205.9550538775401
2011-03-31 09:00:00,108.8508436323075
2011-03-31 10:00:00,46.58955507831065
2011-03-31 11:00:00,33.62660830581781
2011-03-31 12:00:00,40.43535748414059
2011-03-31 13:00:00,43.614562771255606
2011-03-31 14:00:00,36.924345369379
2011-03-31 15:00:00,34.621049798728414
2011-03-31 16:00:00,99.91923995881828
2011-03-31 17:00:00,205.00936707768074
2011-03-31 18:00:00,201.1635104154253
2011-03-31 19:00:00,147.86810185034346
2011-03-31 20:00:00,54.31877543554699
2011-03-31 21:00:00,70.93359861149817
2011-03-31 22:00:00,34.11888476161188
2011-03-31 23:00:00,25.583777692489384
2011-04-20 00:00:00,21.72222800448795
2011-04-20 01:00:00,7.463934209412952
2011-04-20 02:00:00,3.1955388578157593
2011-04-20 03:00:00,2.432871417661459
2011-04-20 04:00:00,1.5269901964336228
2011-04-20 05:00:00,14.783362365188118
2011-04-20 06:00:00,73.68911224785427
2011-04-20 07:00:00,209.4766326719226
2011-04-20 08:00:00,437.37577344413506
2011-04-20 09:00:00,237.43184959101603
2011-04-20 10:00:00,127.46367041364095
2011-04-20 11:00:00,139.5925707064605
2011-04-20 12:00:00,187.89070065037396
2011-04-20 13:00:00,175.0440831511339
2011-04-20 14:00:00,157.5397957322558
2011-04-20 15:00:00,177.3032834211987
2011-04-20 16:00:00,248.2998985131072
2011-04-20 17:00:00,461.2808390319326
2011-04-20 18:00:00,505.4612540571411
2011-04-20 19:00:00,374.1389605115062
2011-04-20 20:00:00,275.3771186873687
2011-04-20 21:00:00,188.10453189159168
2011-04-20 22:00:00,142.53846735096027
2011-04-20 23:00:00,79.35214701474936
2011-04-21 00:00:00,30.564131973364006
2011-04-21 01:00:00,12.31191456712175
2011-04-21 02:00:00,8.207328369139779
2011-04-21 03:00:00,2.337155028168627
2011-04-21 04:00:00,1.7726327953890397
2011-04-21 05:00:00,14.648768029585888
2011-04-21 06:00:00,69.09518452483753
2011-04-21 07:00:00,225.3203565798147
2011-04-21 08:00:00,382.97516006836673
2011-04-21 09:00:00,186.62284557407094
2011-04-21 10:00:00,90.30864427293136
2011-04-21 11:00:00,112.00857245521468
2011-04-21 12:00:00,168.7118674662338
2011-04-21 13:00:00,155.15629547747315
2011-04-21 14:00:00,143.71899424866024
2011-04-21 15:00:00,164.83657008038585
2011-04-21 16:00:00,251.99495066025088
2011-04-21 17:00:00,451.69780094605346
2011-04-21 18:00:00,407.24383945121645
2011-04-21 19:00:00,267.8622674873243
2011-04-21 20:00:00,192.9561884876605
2011-04-21 21:00:00,126.54789090966021
2011-04-21 22:00:00,103.41399416130301
2011-04-21 23:00:00,63.28014111862643
2011-04-22 00:00:00,25.33620819284632
2011-04-22 01:00:00,11.271639939757286
2011-04-22 02:00:00,7.496329027255734
2011-04-22 03:00:00,1.9880376571873786
2011-04-22 04:00:00,1.5855437656000244
2011-04-22 05:00:00,11.366692681959327
2011-04-22 06:00:00,50.123246109967624
2011-04-22 07:00:00,145.86098398699028
2011-04-22 08:00:00,308.64433164264636
2011-04-22 09:00:00,98.60878072291757
2011-04-22 10:00:00,100.98552427840929
2011-04-22 11:00:00,55.55795016498578
2011-04-22 12:00:00,73.90264766745801
2011-04-22 13:00:00,54.23440059554942
2011-04-22 14:00:00,45.109487005892554
2011-04-22 15:00:00,53.106885574834514
2011-04-22 16:00:00,76.70781318777586
2011-04-22 17:00:00,112.46283110440959
2011-04-22 18:00:00,101.02202029988288
2011-04-22 19:00:00,68.15033168075264
2011-04-22 20:00:00,49.492834961361744
2011-04-22 21:00:00,38.06593673556911
2011-04-22 22:00:00,28.26710080911733
2011-04-22 23:00:00,29.558340305219673
2011-04-23 00:00:00,37.0423866154682
2011-04-23 01:00:00,30.491494368653957
2011-04-23 02:00:00,27.659149189364463
2011-04-23 03:00:00,7.272686063093308
2011-04-23 04:00:00,2.9687699441722577
2011-04-23 05:00:00,3.1726672588525338
2011-04-23 06:00:00,11.317197328743307
2011-04-23 07:00:00,13.172507784263118
2011-04-23 08:00:00,52.948726454812366
2011-04-23 09:00:00,69.24366072483221
2011-04-23 10:00:00,135.68703254141545
2011-04-23 11:00:00,200.1756087299314
2011-04-23 12:00:00,293.6240031082649
2011-04-23 13:00:00,302.2267099507259
2011-04-23 14:00:00,355.1379067960393
2011-04-23 15:00:00,430.53799852710233
2011-04-23 16:00:00,417.1805368902556
2011-04-23 17:00:00,398.87180636863377
2011-04-23 18:00:00,293.79464539968535
2011-04-23 19:00:00,191.36855026242404
2011-04-23 20:00:00,144.8971068590406
2011-04-23 21:00:00,110.63995257566499
2011-04-23 22:00:00,121.12883666231534
2011-04-23 23:00:00,92.55766361033817
2011-04-24 00:00:00,84.60382917861654
2011-04-24 01:00:00,60.40071219623369
2011-04-24 02:00:00,44.6509579625556
2011-04-24 03:00:00,22.52919294444725
2011-04-24 04:00:00,6.4203792580567605
2011-04-24 05:00:00,6.170392283166542
2011-04-24 06:00:00,8.887048779763553
2011-04-24 07:00:00,20.01626661487456
2011-04-24 08:00:00,70.56545107939088
2011-04-24 09:00:00,143.40115845859845
2011-04-24 10:00:00,285.2409718006214
2011-04-24 11:00:00,380.72117083139227
2011-04-24 12:00:00,394.7968218357061
2011-04-24 13:00:00,386.30210634539503
2011-04-24 14:00:00,394.9822490124212
2011-04-24 15:00:00,402.8616770259878
2011-04-24 16:00:00,360.59472658615914
2011-04-24 17:00:00,349.271906356367
2011-04-24 18:00:00,281.3917891482612
2011-04-24 19:00:00,102.36384485154761
2011-04-24 20:00:00,76.98978648448285
2011-04-24 21:00:00,62.86633190119574
2011-04-24 22:00:00,39.32867738395673
2011-04-24 23:00:00,26.75452694587932
2011-04-25 00:00:00,12.112703522596867
2011-04-25 01:00:00,6.912604481359126
2011-04-25 02:00:00,3.70865447562249
2011-04-25 03:00:00,1.7580246357346578
2011-04-25 04:00:00,3.913899648903533
2011-04-25 05:00:00,12.076853831272427
2011-04-25 06:00:00,61.904466193040065
2011-04-25 07:00:00,201.78678965205233
2011-04-25 08:00:00,459.705301624307
2011-04-25 09:00:00,248.88723684586023
2011-04-25 10:00:00,150.77852215101203
2011-04-25 11:00:00,176.61073005632875
2011-04-25 12:00:00,215.98253060935767
2011-04-25 13:00:00,214.35658241859875
2011-04-25 14:00:00,190.03763652715477
2011-04-25 15:00:00,199.5458300090063
2011-04-25 16:00:00,241.72139908165144
2011-04-25 17:00:00,460.5916817469475
2011-04-25 18:00:00,452.39815925903736
2011-04-25 19:00:00,314.85492092434697
2011-04-25 20:00:00,219.89584687433342
2011-04-25 21:00:00,177.7151785641715
2011-04-25 22:00:00,126.429868490523
2011-04-25 23:00:00,60.97949395211622
2011-04-26 00:00:00,28.869468299211892
2011-04-26 01:00:00,8.673092969242001
2011-04-26 02:00:00,3.0185190085209426
2011-04-26 03:00:00,2.15974292135106
2011-04-26 04:00:00,3.905184415026733
2011-04-26 05:00:00,20.02659630788441
2011-04-26 06:00:00,98.34983788088591
2011-04-26 07:00:00,250.6769733220186
2011-04-26 08:00:00,386.5855994974423
2011-04-26 09:00:00,244.8777478007284
2011-04-26 10:00:00,129.22625480066347
2011-04-26 11:00:00,147.4934985184577
2011-04-26 12:00:00,187.59600886973593
2011-04-26 13:00:00,176.6926947262611
2011-04-26 14:00:00,165.4915228445106
2011-04-26 15:00:00,185.13514175849423
2011-04-26 16:00:00,266.01579915656504
2011-04-26 17:00:00,520.6202495255964
2011-04-26 18:00:00,482.8751132178604
2011-04-26 19:00:00,352.36332246234343
2011-04-26 20:00:00,242.58102500455217
2011-04-26 21:00:00,172.16311720202145
2011-04-26 22:00:00,113.6375138609406
2011-04-26 23:00:00,66.28187458161963
2011-04-27 00:00:00,30.232587275285262
2011-04-27 01:00:00,11.853409058146688
2011-04-27 02:00:00,3.7955550355378986
2011-04-27 03:00:00,2.583454510448265
2011-04-27 04:00:00,3.3089975602246584
2011-04-27 05:00:00,17.86959303000589
2011-04-27 06:00:00,97.62905947632743
2011-04-27 07:00:00,230.0094233286822
2011-04-27 08:00:00,357.01292737220376
2011-04-27 09:00:00,159.04226708313058
2011-04-27 10:00:00,98.58136071072629
2011-04-27 11:00:00,130.96111681405768
2011-04-27 12:00:00,183.99747283847523
2011-04-27 13:00:00,170.82373957446035
2011-04-27 14:00:00,162.7143597415518
2011-04-27 15:00:00,161.36833557495964
2011-04-27 16:00:00,244.45958719869742
2011-04-27 17:00:00,219.38391639049505
2011-04-27 18:00:00,223.13726763142887
2011-04-27 19:00:00,325.0310724804715
2011-04-27 20:00:00,206.16928741197563
2011-04-27 21:00:00,137.5551707708221
2011-04-27 22:00:00,96.5594441448156
2011-04-27 23:00:00,53.627499347582756
2011-04-28 00:00:00,32.81913492212203
2011-04-28 01:00:00,7.884737585549453
2011-04-28 02:00:00,8.606435111149842
2011-04-28 03:00:00,3.355103107019861
2011-04-28 04:00:00,3.31348558643278
2011-04-28 05:00:00,19.52991332781118
2011-04-28 06:00:00,101.86175687101418
2011-04-28 07:00:00,287.7654487598369
2011-04-28 08:00:00,412.41222058714175
2011-04-28 09:00:00,108.33762254186324
2011-04-28 10:00:00,91.11455150774323
2011-04-28 11:00:00,113.39491430691693
2011-04-28 12:00:00,172.0358052378167
2011-04-28 13:00:00,135.01220360731764
2011-04-28 14:00:00,134.25507914225173
2011-04-28 15:00:00,181.21231329148486
2011-04-28 16:00:00,275.25002659971506
2011-04-28 17:00:00,521.269114124309
2011-04-28 18:00:00,498.0091845611683
2011-04-28 19:00:00,333.3745116053384
2011-04-28 20:00:00,250.50375874127073
2011-04-28 21:00:00,193.88307146441161
2011-04-28 22:00:00,142.9162758819136
2011-04-28 23:00:00,94.93035143891039
2011-04-29 00:00:00,38.81427316875495
2011-04-29 01:00:00,19.159376373219786
2011-04-29 02:00:00,10.18059328377653
2011-04-29 03:00:00,3.6573366749196423
2011-04-29 04:00:00,3.176995548428723
2011-04-29 05:00:00,18.68294902692032
2011-04-29 06:00:00,86.16095929154051
2011-04-29 07:00:00,291.96419804203225
2011-04-29 08:00:00,477.42225977224575
2011-04-29 09:00:00,261.63840202621964
2011-04-29 10:00:00,155.0854466350343
2011-04-29 11:00:00,212.61418710258636
2011-04-29 12:00:00,227.11491004143562
2011-04-29 13:00:00,223.34360950418468
2011-04-29 14:00:00,217.42345992913664
2011-04-29 15:00:00,196.85368001558857
2011-04-29 16:00:00,267.6600768055498
2011-04-29 17:00:00,424.95421110693843
2011-04-29 18:00:00,400.0482867132356
2011-04-29 19:00:00,242.90701906526635
2011-04-29 20:00:00,172.31726054177955
2011-04-29 21:00:00,135.56782078477826
2011-04-29 22:00:00,109.46290400277378
2011-04-29 23:00:00,79.12905065555944
2011-04-30 00:00:00,61.977982891795655
2011-04-30 01:00:00,55.097201517747834
2011-04-30 02:00:00,39.54468778367913
2011-04-30 03:00:00,14.509669664913877
2011-04-30 04:00:00,2.741291863223715
2011-04-30 05:00:00,4.903622117539566
2011-04-30 06:00:00,15.565668810891829
2011-04-30 07:00:00,30.17396093758338
2011-04-30 08:00:00,77.64195471721762
2011-04-30 09:00:00,130.78217501071384
2011-04-30 10:00:00,227.83302130949738
2011-04-30 11:00:00,294.620976304932
2011-04-30 12:00:00,373.6286313736647
2011-04-30 13:00:00,394.8266547473215
2011-04-30 14:00:00,398.7132111512968
2011-04-30 15:00:00,437.0261139906801
2011-04-30 16:00:00,412.60019239148676
2011-04-30 17:00:00,372.02463501959517
2011-04-30 18:00:00,307.42942113167913
2011-04-30 19:00:00,263.9554644574385
2011-04-30 20:00:00,141.34563969063493
2011-04-30 21:00:00,122.6279977018282
2011-04-30 22:00:00,98.08008357368288
2011-04-30 23:00:00,80.7561259755802
2011-05-20 00:00:00,27.415547719461486
2011-05-20 01:00:00,11.792027299420559
2011-05-20 02:00:00,6.5440800118660585
2011-05-20 03:00:00,2.6553805918638416
2011-05-20 04:00:00,2.3844947868105253
2011-05-20 05:00:00,16.482273148776876
2011-05-20 06:00:00,83.5004581275648
2011-05-20 07:00:00,284.1363638617898
2011-05-20 08:00:00,509.9095722164092
2011-05-20 09:00:00,282.45076583957916
2011-05-20 10:00:00,161.78185563007992
2011-05-20 11:00:00,167.42045353867127
2011-05-20 12:00:00,229.1404655369256
2011-05-20 13:00:00,144.23242515327806
2011-05-20 14:00:00,217.82679225953478
2011-05-20 15:00:00,215.72050092869804
2011-05-20 16:00:00,310.86342927130386
2011-05-20 17:00:00,528.1126090226751
2011-05-20 18:00:00,485.9311294075208
2011-05-20 19:00:00,331.2052305439213
2011-05-20 20:00:00,223.48200402851901
2011-05-20 21:00:00,173.01603315680663
2011-05-20 22:00:00,176.61272517452505
2011-05-20 23:00:00,130.66102234381626
2011-05-21 00:00:00,107.62335865611365
2011-05-21 01:00:00,91.387535338511
2011-05-21 02:00:00,71.01487623961276
2011-05-21 03:00:00,25.269555385093984
2011-05-21 04:00:00,5.036427545008499
2011-05-21 05:00:00,6.618735137795881
2011-05-21 06:00:00,24.09810437965717
2011-05-21 07:00:00,63.15043459119103
2011-05-21 08:00:00,121.76545132549909
2011-05-21 09:00:00,211.2297888387668
2011-05-21 10:00:00,320.5581118739534
2011-05-21 11:00:00,396.27931906070216
2011-05-21 12:00:00,456.95106454117877
2011-05-21 13:00:00,466.23285692816853
2011-05-21 14:00:00,454.8967236342123
2011-05-21 15:00:00,455.01073584448204
2011-05-21 16:00:00,393.71839133395736
2011-05-21 17:00:00,350.5858222783476
2011-05-21 18:00:00,300.21507431873
2011-05-21 19:00:00,283.99106301587824
2011-05-21 20:00:00,207.01862071750622
2011-05-21 21:00:00,195.39044150157272
2011-05-21 22:00:00,157.40721795435294
2011-05-21 23:00:00,122.0901775232827
2011-05-22 00:00:00,84.48584107211714
2011-05-22 01:00:00,63.99039466890531
2011-05-22 02:00:00,55.70503471685009
2011-05-22 03:00:00,18.790002007418536
2011-05-22 04:00:00,5.44875717993898
2011-05-22 05:00:00,5.086780640185862
2011-05-22 06:00:00,14.39380851814517
2011-05-22 07:00:00,35.98010122070532
2011-05-22 08:00:00,114.02890472736945
2011-05-22 09:00:00,190.7978171767915
2011-05-22 10:00:00,285.68236354384834
2011-05-22 11:00:00,340.0160261650017
2011-05-22 12:00:00,364.91863983453374
2011-05-22 13:00:00,369.97933260857076
2011-05-22 14:00:00,196.66613765623936
2011-05-22 15:00:00,359.24381779416206
2011-05-22 16:00:00,427.0150364792137
2011-05-22 17:00:00,372.71686488263106
2011-05-22 18:00:00,297.87899913117076
2011-05-22 19:00:00,239.4100705191433
2011-05-22 20:00:00,197.370283916368
2011-05-22 21:00:00,167.6890516020051
2011-05-22 22:00:00,114.6966963833907
2011-05-22 23:00:00,63.69902097653927
2011-05-23 00:00:00,26.199094385496466
2011-05-23 01:00:00,9.38888163374357
2011-05-23 02:00:00,2.9191373697847514
2011-05-23 03:00:00,1.7331840656953705
2011-05-23 04:00:00,4.642949188391945
2011-05-23 05:00:00,16.746644805587195
2011-05-23 06:00:00,68.64870214821124
2011-05-23 07:00:00,244.47090882821664
2011-05-23 08:00:00,421.0146848491875
2011-05-23 09:00:00,200.59378238434078
2011-05-23 10:00:00,135.03385674643192
2011-05-23 11:00:00,142.58305260972566
2011-05-23 12:00:00,183.89213617825172
2011-05-23 13:00:00,150.77948931079226
2011-05-23 14:00:00,125.65892489417061
2011-05-23 15:00:00,148.05248029413565
2011-05-23 16:00:00,215.94614998755137
2011-05-23 17:00:00,357.7862757907994
2011-05-23 18:00:00,467.3115183202908
2011-05-23 19:00:00,390.2383420019614
2011-05-23 20:00:00,236.2260325112998
2011-05-23 21:00:00,163.25808802891103
2011-05-23 22:00:00,100.55337595627158
2011-05-23 23:00:00,57.43108350037148
2011-05-24 00:00:00,20.661981110628645
2011-05-24 01:00:00,7.196677153365436
2011-05-24 02:00:00,4.755345839930756
2011-05-24 03:00:00,2.4562880369665714
2011-05-24 04:00:00,4.775115129030301
2011-05-24 05:00:00,16.942274008999938
2011-05-24 06:00:00,82.82258498589148
2011-05-24 07:00:00,192.8403482936172
2011-05-24 08:00:00,273.2701581431108
2011-05-24 09:00:00,246.2450102294542
2011-05-24 10:00:00,133.86956936105787
2011-05-24 11:00:00,159.09416567340625
2011-05-24 12:00:00,187.25466727566769
2011-05-24 13:00:00,184.62505051944328
2011-05-24 14:00:00,157.74869348546108
2011-05-24 15:00:00,132.00108838983934
2011-05-24 16:00:00,269.4258127542428
2011-05-24 17:00:00,575.9336424367483
2011-05-24 18:00:00,513.3147898269339
2011-05-24 19:00:00,382.0410799713152
2011-05-24 20:00:00,274.1774437297734
2011-05-24 21:00:00,204.12886781221465
2011-05-24 22:00:00,67.6217237403644
2011-05-24 23:00:00,73.23443932920524
2011-05-25 00:00:00,15.446834121108553
2011-05-25 01:00:00,8.279501200962619
2011-05-25 02:00:00,3.5374527495395367
2011-05-25 03:00:00,3.267876059990558
2011-05-25 04:00:00,2.923897022975751
2011-05-25 05:00:00,21.998334866559343
2011-05-25 06:00:00,98.10796507521403
2011-05-25 07:00:00,379.7665756483454
2011-05-25 08:00:00,454.03729440591735
2011-05-25 09:00:00,257.3439950094819
2011-05-25 10:00:00,138.92977372740387
2011-05-25 11:00:00,149.71485130734993
2011-05-25 12:00:00,208.63417597136905
2011-05-25 13:00:00,193.5393177105741
2011-05-25 14:00:00,168.10720452182775
2011-05-25 15:00:00,175.70099721424134
2011-05-25 16:00:00,247.83737692396835
2011-05-25 17:00:00,513.4118808900757
2011-05-25 18:00:00,514.0899600673175
2011-05-25 19:00:00,381.34694436188255
2011-05-25 20:00:00,278.9133078516202
2011-05-25 21:00:00,197.98170090474142
2011-05-25 22:00:00,146.53145805450077
2011-05-25 23:00:00,97.95538416436175
2011-05-26 00:00:00,40.6561302945427
2011-05-26 01:00:00,16.450388981143316
2011-05-26 02:00:00,8.174251844818542
2011-05-26 03:00:00,4.070446594845391
2011-05-26 04:00:00,5.826517289862059
2011-05-26 05:00:00,21.067058504347276
2011-05-26 06:00:00,77.84560147615716
2011-05-26 07:00:00,254.9628884776488
2011-05-26 08:00:00,456.49084984002525
2011-05-26 09:00:00,258.51661702690114
2011-05-26 10:00:00,141.09871484308889
2011-05-26 11:00:00,158.5080857026397
2011-05-26 12:00:00,183.43515432908353
2011-05-26 13:00:00,177.53343596546065
2011-05-26 14:00:00,159.7487045729026
2011-05-26 15:00:00,153.2859419474239
2011-05-26 16:00:00,238.62587135812265
2011-05-26 17:00:00,490.22701953077956
2011-05-26 18:00:00,463.51910064067357
2011-05-26 19:00:00,335.2156578792466
2011-05-26 20:00:00,285.88383056255253
2011-05-26 21:00:00,208.08651725384925
2011-05-26 22:00:00,163.8795318356402
2011-05-26 23:00:00,102.44895175797788
2011-05-27 00:00:00,42.988161704649414
2011-05-27 01:00:00,17.884348523352955
2011-05-27 02:00:00,18.183426855000317
2011-05-27 03:00:00,4.822983133531496
2011-05-27 04:00:00,4.206872633292469
2011-05-27 05:00:00,22.49661002420731
2011-05-27 06:00:00,110.6225812730853
2011-05-27 07:00:00,368.62514055015515
2011-05-27 08:00:00,490.0510262177609
2011-05-27 09:00:00,283.09678731128395
2011-05-27 10:00:00,166.92443240202573
2011-05-27 11:00:00,162.33712230084683
2011-05-27 12:00:00,214.40137883544534
2011-05-27 13:00:00,252.34400839379498
2011-05-27 14:00:00,211.43840746247804
2011-05-27 15:00:00,222.79165045060012
2011-05-27 16:00:00,280.4882068437056
2011-05-27 17:00:00,502.2258419231848
2011-05-27 18:00:00,393.81820002772747
2011-05-27 19:00:00,200.10773647670248
2011-05-27 20:00:00,216.48397115167143
2011-05-27 21:00:00,174.08889351041992
2011-05-27 22:00:00,175.91631709258562
2011-05-27 23:00:00,106.27365881597166
2011-05-28 00:00:00,95.59825469877144
2011-05-28 01:00:00,72.18649842770526
2011-05-28 02:00:00,45.050251109563774
2011-05-28 03:00:00,23.65283780471804
2011-05-28 04:00:00,7.032409973753737
2011-05-28 05:00:00,7.6969182314695885
2011-05-28 06:00:00,25.139778207486252
2011-05-28 07:00:00,48.96249197754683
2011-05-28 08:00:00,133.90802349781404
2011-05-28 09:00:00,231.26458714777198
2011-05-28 10:00:00,326.1189209472923
2011-05-28 11:00:00,367.7647795331518
2011-05-28 12:00:00,461.14232460440826
2011-05-28 13:00:00,432.6958301822094
2011-05-28 14:00:00,449.5271857037904
2011-05-28 15:00:00,456.5401671557408
2011-05-28 16:00:00,426.12302537757733
2011-05-28 17:00:00,379.4229866322822
2011-05-28 18:00:00,315.0081072291826
2011-05-28 19:00:00,272.38232167640984
2011-05-28 20:00:00,226.29392022755167
2011-05-28 21:00:00,179.29037989927377
2011-05-28 22:00:00,148.29390667419952
2011-05-28 23:00:00,112.87898953850016
2011-05-29 00:00:00,86.74466721009904
2011-05-29 01:00:00,72.6593433386076
2011-05-29 02:00:00,54.287754979397356
2011-05-29 03:00:00,27.145218302075943
2011-05-29 04:00:00,7.466855220759937
2011-05-29 05:00:00,6.783492176437376
2011-05-29 06:00:00,13.954766102058871
2011-05-29 07:00:00,29.421719443259565
2011-05-29 08:00:00,71.24190042361262
2011-05-29 09:00:00,112.70830920889243
2011-05-29 10:00:00,216.54971199313306
2011-05-29 11:00:00,230.32833226478132
2011-05-29 12:00:00,352.1043084090391
2011-05-29 13:00:00,377.9997967065362
2011-05-29 14:00:00,360.1290955783122
2011-05-29 15:00:00,359.71949034742806
2011-05-29 16:00:00,353.49319229592413
2011-05-29 17:00:00,335.9714013979179
2011-05-29 18:00:00,278.2876697137841
2011-05-29 19:00:00,234.23310727069185
2011-05-29 20:00:00,201.46598809028183
2011-05-29 21:00:00,159.8870428339987
2011-05-29 22:00:00,106.68101376461217
2011-05-29 23:00:00,68.22299053583419
2011-05-30 00:00:00,66.70441538732237
2011-05-30 01:00:00,38.30681488538866
2011-05-30 02:00:00,27.89428534211178
2011-05-30 03:00:00,10.325547606050987
2011-05-30 04:00:00,7.087682992379291
2011-05-30 05:00:00,8.722923636267534
2011-05-30 06:00:00,30.845077007479563
2011-05-30 07:00:00,55.58856853807161
2011-05-30 08:00:00,131.46717914275382
2011-05-30 09:00:00,182.83738138653717
2011-05-30 10:00:00,225.34234566680863
2011-05-30 11:00:00,283.26119044659504
2011-05-30 12:00:00,321.81267703848323
2011-05-30 13:00:00,329.5117783994168
2011-05-30 14:00:00,289.40321410416755
2011-05-30 15:00:00,296.2675527101993
2011-05-30 16:00:00,260.66628811820766
2011-05-30 17:00:00,279.9770381102439
2011-05-30 18:00:00,263.70327527869455
2011-05-30 19:00:00,244.10393558461445
2011-05-30 20:00:00,192.54406834581027
2011-05-30 21:00:00,154.0651559654903
2011-05-30 22:00:00,111.4929983700224
2011-05-30 23:00:00,64.10246833933424
2011-05-31 00:00:00,35.65973359173625
2011-05-31 01:00:00,9.984521950948427
2011-05-31 02:00:00,7.330148387720257
2011-05-31 03:00:00,2.307118359435219
2011-05-31 04:00:00,4.855052723884908
2011-05-31 05:00:00,23.86616660104035
2011-05-31 06:00:00,120.75876614886236
2011-05-31 07:00:00,332.6001660100671
2011-05-31 08:00:00,454.2330119901825
2011-05-31 09:00:00,246.52239703912622
2011-05-31 10:00:00,142.7967274409504
2011-05-31 11:00:00,135.68174415847108
2011-05-31 12:00:00,181.27602105104967
2011-05-31 13:00:00,168.96041283158996
2011-05-31 14:00:00,146.14391237457718
2011-05-31 15:00:00,165.91142609645934
2011-05-31 16:00:00,252.35158976465604
2011-05-31 17:00:00,486.8339727139354
2011-05-31 18:00:00,459.17487804963355
2011-05-31 19:00:00,362.3127867136431
2011-05-31 20:00:00,260.65712521647436
2011-05-31 21:00:00,188.9828595126183
2011-05-31 22:00:00,145.89746949260098
2011-05-31 23:00:00,92.19511465904512
2011-06-20 00:00:00,34.51961759474824
2011-06-20 01:00:00,10.012445312292199
2011-06-20 02:00:00,6.074985684527181
2011-06-20 03:00:00,1.634780657384896
2011-06-20 04:00:00,4.173701536900643
2011-06-20 05:00:00,15.634154882157896
2011-06-20 06:00:00,73.94588997431319
2011-06-20 07:00:00,161.17558194699353
2011-06-20 08:00:00,285.0375573307157
2011-06-20 09:00:00,225.00923160718006
2011-06-20 10:00:00,130.6829485368722
2011-06-20 11:00:00,154.70592890010215
2011-06-20 12:00:00,187.04003170282937
2011-06-20 13:00:00,213.98379000739493
2011-06-20 14:00:00,202.64438791463817
2011-06-20 15:00:00,221.45736694357504
2011-06-20 16:00:00,298.0584519664578
2011-06-20 17:00:00,546.3717538248558
2011-06-20 18:00:00,539.7346931271429
2011-06-20 19:00:00,373.70965282507706
2011-06-20 20:00:00,255.36188105797362
2011-06-20 21:00:00,222.0685563082231
2011-06-20 22:00:00,140.41553378976872
2011-06-20 23:00:00,75.57915682987054
2011-06-21 00:00:00,33.36953588311187
2011-06-21 01:00:00,8.076034568301036
2011-06-21 02:00:00,2.5783476802141494
2011-06-21 03:00:00,1.942305517058797
2011-06-21 04:00:00,4.5414776156058885
2011-06-21 05:00:00,18.02183002893486
2011-06-21 06:00:00,91.39892563224193
2011-06-21 07:00:00,176.72325812664644
2011-06-21 08:00:00,349.5653383538126
2011-06-21 09:00:00,158.1912395603699
2011-06-21 10:00:00,102.64536817265305
2011-06-21 11:00:00,144.62150793748123
2011-06-21 12:00:00,198.40170145166945
2011-06-21 13:00:00,193.9616503119704
2011-06-21 14:00:00,178.26946024577202
2011-06-21 15:00:00,193.39999059538582
2011-06-21 16:00:00,285.3926415876554
2011-06-21 17:00:00,546.0993739288677
2011-06-21 18:00:00,479.87642205483917
2011-06-21 19:00:00,304.51934584199535
2011-06-21 20:00:00,201.74130797311284
2011-06-21 21:00:00,180.57969960837534
2011-06-21 22:00:00,143.22823576740785
2011-06-21 23:00:00,91.31347940094135
2011-06-22 00:00:00,32.249375927966014
2011-06-22 01:00:00,13.294314916435747
2011-06-22 02:00:00,2.5093321217352416
2011-06-22 03:00:00,4.202125418957043
2011-06-22 04:00:00,3.973554910152363
2011-06-22 05:00:00,18.809512020500183
2011-06-22 06:00:00,100.25245017764802
2011-06-22 07:00:00,285.1933001739275
2011-06-22 08:00:00,434.1006164698695
2011-06-22 09:00:00,200.35703753909152
2011-06-22 10:00:00,124.47913709774784
2011-06-22 11:00:00,152.40595296028218
2011-06-22 12:00:00,179.483657070574
2011-06-22 13:00:00,169.36796742690794
2011-06-22 14:00:00,158.79211983404053
2011-06-22 15:00:00,169.67058048258687
2011-06-22 16:00:00,240.6035466926031
2011-06-22 17:00:00,489.8103029217659
2011-06-22 18:00:00,485.54921601138636
2011-06-22 19:00:00,344.993860919011
2011-06-22 20:00:00,247.9844399254335
2011-06-22 21:00:00,181.47654511359892
2011-06-22 22:00:00,127.04636905795893
2011-06-22 23:00:00,77.73815936825778
2011-06-23 00:00:00,32.16934127165148
2011-06-23 01:00:00,13.357312681662435
2011-06-23 02:00:00,7.647296580215135
2011-06-23 03:00:00,3.77478205891561
2011-06-23 04:00:00,4.819940086497613
2011-06-23 05:00:00,23.41559551042588
2011-06-23 06:00:00,115.05365747663778
2011-06-23 07:00:00,286.4122807006817
2011-06-23 08:00:00,445.7650479585886
2011-06-23 09:00:00,212.79217069219644
2011-06-23 10:00:00,126.79221145556546
2011-06-23 11:00:00,111.52278488915354
2011-06-23 12:00:00,172.00464296603582
2011-06-23 13:00:00,172.97027671612895
2011-06-23 14:00:00,149.75128612232425
2011-06-23 15:00:00,169.83425811926463
2011-06-23 16:00:00,262.7836224665111
2011-06-23 17:00:00,507.6027021197188
2011-06-23 18:00:00,530.1886638536188
2011-06-23 19:00:00,375.35191455367334
2011-06-23 20:00:00,264.00982110182275
2011-06-23 21:00:00,195.7480810498818
2011-06-23 22:00:00,134.36483135110836
2011-06-23 23:00:00,99.95602878637754
2011-06-24 00:00:00,42.60780997472978
2011-06-24 01:00:00,15.444141358117125
2011-06-24 02:00:00,10.814942309474526
2011-06-24 03:00:00,5.024328397610372
2011-06-24 04:00:00,4.697188532262915
2011-06-24 05:00:00,19.87026411055799
2011-06-24 06:00:00,98.91281708720544
2011-06-24 07:00:00,244.72111563961823
2011-06-24 08:00:00,446.5185639350297
2011-06-24 09:00:00,282.5502263746445
2011-06-24 10:00:00,169.08508089889997
2011-06-24 11:00:00,202.4332081922671
2011-06-24 12:00:00,242.4353234913311
2011-06-24 13:00:00,258.04932769232903
2011-06-24 14:00:00,222.3332585065172
2011-06-24 15:00:00,253.22570316105444
2011-06-24 16:00:00,352.52128525530105
2011-06-24 17:00:00,595.5805129445646
2011-06-24 18:00:00,502.30927504609474
2011-06-24 19:00:00,378.46051373706837
2011-06-24 20:00:00,267.2933010744598
2011-06-24 21:00:00,217.97108812129923
2011-06-24 22:00:00,179.93933689734143
2011-06-24 23:00:00,146.9450408044062
2011-06-25 00:00:00,127.6136379922986
2011-06-25 01:00:00,102.98244188226236
2011-06-25 02:00:00,72.94175700699402
2011-06-25 03:00:00,30.24777576900359
2011-06-25 04:00:00,5.233160418213735
2011-06-25 05:00:00,9.319842932223754
2011-06-25 06:00:00,18.49781055039718
2011-06-25 07:00:00,52.447638097482056
2011-06-25 08:00:00,132.89514971478786
2011-06-25 09:00:00,218.8825913000988
2011-06-25 10:00:00,326.6060047991874
2011-06-25 11:00:00,397.02052826538755
2011-06-25 12:00:00,451.4473300421074
2011-06-25 13:00:00,448.81042825000316
2011-06-25 14:00:00,425.67462216029764
2011-06-25 15:00:00,445.6523994724253
2011-06-25 16:00:00,437.1880982316143
2011-06-25 17:00:00,391.961391567079
2011-06-25 18:00:00,332.3238865335928
2011-06-25 19:00:00,286.657368622768
2011-06-25 20:00:00,226.63497028506998
2011-06-25 21:00:00,200.94676041746493
2011-06-25 22:00:00,160.12277645559365
2011-06-25 23:00:00,118.9264024369671
2011-06-26 00:00:00,107.7779564605527
2011-06-26 01:00:00,94.84238658448501
2011-06-26 02:00:00,72.67940194435253
2011-06-26 03:00:00,32.44346713724702
2011-06-26 04:00:00,6.379166833828022
2011-06-26 05:00:00,8.119089191435748
2011-06-26 06:00:00,12.404492987542872
2011-06-26 07:00:00,38.19310656188924
2011-06-26 08:00:00,92.95897776720764
2011-06-26 09:00:00,207.2104485762087
2011-06-26 10:00:00,308.70646409775924
2011-06-26 11:00:00,384.6584542315664
2011-06-26 12:00:00,436.8434265738735
2011-06-26 13:00:00,415.572461054604
2011-06-26 14:00:00,466.7973426558243
2011-06-26 15:00:00,408.85055075018977
2011-06-26 16:00:00,388.57335174436434
2011-06-26 17:00:00,377.6083979748996
2011-06-26 18:00:00,280.1771813056167
2011-06-26 19:00:00,237.5631056893385
2011-06-26 20:00:00,195.29011476577648
2011-06-26 21:00:00,162.99950422087255
2011-06-26 22:00:00,122.70249216382015
2011-06-26 23:00:00,89.64338978629644
2011-06-27 00:00:00,20.578181338740396
2011-06-27 01:00:00,10.152783153627837
2011-06-27 02:00:00,4.781572736483348
2011-06-27 03:00:00,2.0084890762917875
2011-06-27 04:00:00,4.690956570420754
2011-06-27 05:00:00,19.012058132814037
2011-06-27 06:00:00,97.33413279837526
2011-06-27 07:00:00,286.85040058471054
2011-06-27 08:00:00,413.35112181010766
2011-06-27 09:00:00,211.57083824789774
2011-06-27 10:00:00,137.09760478732096
2011-06-27 11:00:00,159.86496154607326
2011-06-27 12:00:00,190.27314763996972
2011-06-27 13:00:00,180.77843396021655
2011-06-27 14:00:00,181.9426933521006
2011-06-27 15:00:00,176.51160080085606
2011-06-27 16:00:00,314.34161596161573
2011-06-27 17:00:00,597.784597342657
2011-06-27 18:00:00,542.1675136449488
2011-06-27 19:00:00,391.9774809182011
2011-06-27 20:00:00,286.0685134396533
2011-06-27 21:00:00,201.2911992761249
2011-06-27 22:00:00,142.40713856216058
2011-06-27 23:00:00,81.78564324318559
2011-06-28 00:00:00,30.61903333434611
2011-06-28 01:00:00,10.144877029165741
2011-06-28 02:00:00,2.5594831368295017
2011-06-28 03:00:00,2.623225450112348
2011-06-28 04:00:00,4.782077136495272
2011-06-28 05:00:00,20.924920614750288
2011-06-28 06:00:00,104.75377128588987
2011-06-28 07:00:00,291.03705466223306
2011-06-28 08:00:00,422.967143478169
2011-06-28 09:00:00,211.84318442652403
2011-06-28 10:00:00,137.67354592792185
2011-06-28 11:00:00,150.90515313584064
2011-06-28 12:00:00,181.94402425377518
2011-06-28 13:00:00,182.7632022762337
2011-06-28 14:00:00,159.1624617991275
2011-06-28 15:00:00,178.27861846660198
2011-06-28 16:00:00,251.15805536545778
2011-06-28 17:00:00,417.7292534497107
2011-06-28 18:00:00,410.2491913361548
2011-06-28 19:00:00,340.47897955203257
2011-06-28 20:00:00,260.40250306541736
2011-06-28 21:00:00,194.62448011045586
2011-06-28 22:00:00,152.43691532298166
2011-06-28 23:00:00,91.82217250551804
2011-06-29 00:00:00,27.44751192601457
2011-06-29 01:00:00,9.38954801555919
2011-06-29 02:00:00,5.70433974998434
2011-06-29 03:00:00,4.07960305414877
2011-06-29 04:00:00,3.7889177298061645
2011-06-29 05:00:00,21.873800915087713
2011-06-29 06:00:00,124.25645199981847
2011-06-29 07:00:00,339.57335603101905
2011-06-29 08:00:00,477.14454767569634
2011-06-29 09:00:00,233.50063139629302
2011-06-29 10:00:00,131.5618784388501
2011-06-29 11:00:00,159.99891229971385
2011-06-29 12:00:00,197.02913335094252
2011-06-29 13:00:00,180.17163191650684
2011-06-29 14:00:00,175.68332584150593
2011-06-29 15:00:00,197.56985287347948
2011-06-29 16:00:00,266.8204571199311
2011-06-29 17:00:00,519.5642162258193
2011-06-29 18:00:00,526.0987163160347
2011-06-29 19:00:00,388.9757394047612
2011-06-29 20:00:00,277.02050945761573
2011-06-29 21:00:00,209.93910365860395
2011-06-29 22:00:00,161.36592332097044
2011-06-29 23:00:00,96.50644354438309
2011-06-30 00:00:00,38.41740116065445
2011-06-30 01:00:00,15.992380206744308
2011-06-30 02:00:00,7.168243615485774
2011-06-30 03:00:00,4.472144208907048
2011-06-30 04:00:00,5.85220252639307
2011-06-30 05:00:00,24.649379979101244
2011-06-30 06:00:00,126.96139056443772
2011-06-30 07:00:00,338.7951409214047
2011-06-30 08:00:00,504.68873649680097
2011-06-30 09:00:00,239.25606860682439
2011-06-30 10:00:00,141.07080143232307
2011-06-30 11:00:00,176.77050204356163
2011-06-30 12:00:00,223.0754774419065
2011-06-30 13:00:00,212.17990213325217
2011-06-30 14:00:00,182.153050872971
2011-06-30 15:00:00,207.68973796849002
2011-06-30 16:00:00,313.4741877553929
2011-06-30 17:00:00,569.1296657314006
2011-06-30 18:00:00,554.4195559957058
2011-06-30 19:00:00,409.6694590028985
2011-06-30 20:00:00,299.5940205831531
2011-06-30 21:00:00,231.5610323098923
2011-06-30 22:00:00,173.62994207064304
2011-06-30 23:00:00,112.4106145375583
2011-07-20 00:00:00,30.36875925332645
2011-07-20 01:00:00,11.47809162369124
2011-07-20 02:00:00,2.376961983137488
2011-07-20 03:00:00,4.136004863336798
2011-07-20 04:00:00,4.11886579093064
2011-07-20 05:00:00,23.747647353351525
2011-07-20 06:00:00,96.38025335059747
2011-07-20 07:00:00,273.5323309380013
2011-07-20 08:00:00,392.7009441671164
2011-07-20 09:00:00,220.04276451094756
2011-07-20 10:00:00,117.77388904505747
2011-07-20 11:00:00,151.8916832282212
2011-07-20 12:00:00,168.26160082303102
2011-07-20 13:00:00,166.0855274377696
2011-07-20 14:00:00,143.01565918722974
2011-07-20 15:00:00,169.92431990623555
2011-07-20 16:00:00,232.40032011393203
2011-07-20 17:00:00,472.1034404686154
2011-07-20 18:00:00,472.0896717176606
2011-07-20 19:00:00,337.33394113952687
2011-07-20 20:00:00,224.09736483557663
2011-07-20 21:00:00,187.17145249049014
2011-07-20 22:00:00,140.56657205354784
2011-07-20 23:00:00,81.50978248107506
2011-07-21 00:00:00,29.812645497797277
2011-07-21 01:00:00,10.697694925252046
2011-07-21 02:00:00,7.587713159982049
2011-07-21 03:00:00,3.7016649610929115
2011-07-21 04:00:00,4.927456375740988
2011-07-21 05:00:00,20.49103788548361
2011-07-21 06:00:00,99.32486142813146
2011-07-21 07:00:00,260.7532542201311
2011-07-21 08:00:00,403.5769699618716
2011-07-21 09:00:00,175.80615037542663
2011-07-21 10:00:00,105.60849836110293
2011-07-21 11:00:00,121.39070180758644
2011-07-21 12:00:00,163.63927983940218
2011-07-21 13:00:00,159.42324343661363
2011-07-21 14:00:00,144.55215275789772
2011-07-21 15:00:00,155.70590735169105
2011-07-21 16:00:00,224.9993947102351
2011-07-21 17:00:00,419.9323577292053
2011-07-21 18:00:00,421.0038584177253
2011-07-21 19:00:00,311.14818881489566
2011-07-21 20:00:00,245.60074915425693
2011-07-21 21:00:00,167.8243604999035
2011-07-21 22:00:00,146.3577856421014
2011-07-21 23:00:00,102.63365991022243
2011-07-22 00:00:00,43.17271583433183
2011-07-22 01:00:00,23.001110327360397
2011-07-22 02:00:00,9.223313721190804
2011-07-22 03:00:00,4.553085527801773
2011-07-22 04:00:00,4.234195324691249
2011-07-22 05:00:00,22.84991375699543
2011-07-22 06:00:00,97.98025024886704
2011-07-22 07:00:00,277.47983083280957
2011-07-22 08:00:00,414.2138876399976
2011-07-22 09:00:00,238.07715603457538
2011-07-22 10:00:00,147.55448411511387
2011-07-22 11:00:00,175.33695561646095
2011-07-22 12:00:00,188.26510304117113
2011-07-22 13:00:00,185.82348647690068
2011-07-22 14:00:00,154.63131306531074
2011-07-22 15:00:00,178.1695430840425
2011-07-22 16:00:00,221.1118471429979
2011-07-22 17:00:00,489.2308314768624
2011-07-22 18:00:00,437.6160063069593
2011-07-22 19:00:00,309.4212052438402
2011-07-22 20:00:00,221.86519313709496
2011-07-22 21:00:00,190.20055071155844
2011-07-22 22:00:00,151.43292373610652
2011-07-22 23:00:00,127.66295909373011
2011-07-23 00:00:00,105.28967364292475
2011-07-23 01:00:00,97.0587178780242
2011-07-23 02:00:00,68.42554456112524
2011-07-23 03:00:00,29.415615389980285
2011-07-23 04:00:00,6.44246826956489
2011-07-23 05:00:00,9.163219871305476
2011-07-23 06:00:00,18.56698773319623
2011-07-23 07:00:00,51.874553521924774
2011-07-23 08:00:00,117.80715199127765
2011-07-23 09:00:00,202.44598093778444
2011-07-23 10:00:00,267.9892259190318
2011-07-23 11:00:00,336.2819779215687
2011-07-23 12:00:00,388.8269349856731
2011-07-23 13:00:00,356.6797809329531
2011-07-23 14:00:00,330.0656775449258
2011-07-23 15:00:00,326.6482197393763
2011-07-23 16:00:00,359.8487497012852
2011-07-23 17:00:00,311.50956887760265
2011-07-23 18:00:00,254.63828198058852
2011-07-23 19:00:00,243.59271217655808
2011-07-23 20:00:00,209.70159842689924
2011-07-23 21:00:00,174.82240968163413
2011-07-23 22:00:00,148.64964730711714
2011-07-23 23:00:00,129.3093999284285
2011-07-24 00:00:00,101.30730721401746
2011-07-24 01:00:00,90.98466053935894
2011-07-24 02:00:00,67.43307937185423
2011-07-24 03:00:00,29.245981461704833
2011-07-24 04:00:00,5.847321117361154
2011-07-24 05:00:00,8.147514648509997
2011-07-24 06:00:00,11.156386296257798
2011-07-24 07:00:00,38.292676278995955
2011-07-24 08:00:00,87.47623563994527
2011-07-24 09:00:00,173.03417526341426
2011-07-24 10:00:00,232.42824916875654
2011-07-24 11:00:00,313.9346757317063
2011-07-24 12:00:00,334.66393939836087
2011-07-24 13:00:00,345.65360615116765
2011-07-24 14:00:00,317.71045434819587
2011-07-24 15:00:00,308.34879901169313
2011-07-24 16:00:00,313.86349999616175
2011-07-24 17:00:00,332.63479474722953
2011-07-24 18:00:00,256.0119487469625
2011-07-24 19:00:00,221.02105280898857
2011-07-24 20:00:00,184.4375533853298
2011-07-24 21:00:00,165.60687862422077
2011-07-24 22:00:00,116.69709045862174
2011-07-24 23:00:00,72.32033503471939
2011-07-25 00:00:00,30.537956875608778
2011-07-25 01:00:00,9.401757309619786
2011-07-25 02:00:00,4.857295309418895
2011-07-25 03:00:00,2.1525372649768406
2011-07-25 04:00:00,4.716100481378549
2011-07-25 05:00:00,19.52151093316052
2011-07-25 06:00:00,89.59209406481185
2011-07-25 07:00:00,237.84224479004783
2011-07-25 08:00:00,360.1720828536623
2011-07-25 09:00:00,200.44904562332584
2011-07-25 10:00:00,128.16786819504682
2011-07-25 11:00:00,133.03337366890082
2011-07-25 12:00:00,165.87660565951137
2011-07-25 13:00:00,169.13660210348291
2011-07-25 14:00:00,145.92102832729785
2011-07-25 15:00:00,138.75343831978125
2011-07-25 16:00:00,239.978321121024
2011-07-25 17:00:00,489.7944572825472
2011-07-25 18:00:00,503.02663150784497
2011-07-25 19:00:00,380.86983298454396
2011-07-25 20:00:00,259.4453253506343
2011-07-25 21:00:00,166.3557644259392
2011-07-25 22:00:00,123.53471952029193
2011-07-25 23:00:00,74.62667520095219
2011-07-26 00:00:00,33.79307848969658
2011-07-26 01:00:00,10.86948246453668
2011-07-26 02:00:00,3.9587296395223124
2011-07-26 03:00:00,1.440196748866478
2011-07-26 04:00:00,5.055337667081048
2011-07-26 05:00:00,18.897269643798154
2011-07-26 06:00:00,104.72770520663629
2011-07-26 07:00:00,321.8570671990126
2011-07-26 08:00:00,467.6485587101446
2011-07-26 09:00:00,230.94607341732615
2011-07-26 10:00:00,140.64109273979318
2011-07-26 11:00:00,156.62419058412596
2011-07-26 12:00:00,189.96511364921798
2011-07-26 13:00:00,186.30949138779314
2011-07-26 14:00:00,172.12337791455894
2011-07-26 15:00:00,185.9522935803264
2011-07-26 16:00:00,262.8457997143041
2011-07-26 17:00:00,538.5643079374221
2011-07-26 18:00:00,513.6968114931631
2011-07-26 19:00:00,354.5022863087281
2011-07-26 20:00:00,264.01452526248886
2011-07-26 21:00:00,194.9215223904909
2011-07-26 22:00:00,159.02623692695275
2011-07-26 23:00:00,94.84587318806011
2011-07-27 00:00:00,32.75868061511179
2011-07-27 01:00:00,13.54026562018199
2011-07-27 02:00:00,6.565539108855117
2011-07-27 03:00:00,4.198543464197894
2011-07-27 04:00:00,5.513639289176888
2011-07-27 05:00:00,24.78633126675051
2011-07-27 06:00:00,128.27472754828548
2011-07-27 07:00:00,332.13141890202786
2011-07-27 08:00:00,482.241125023507
2011-07-27 09:00:00,228.83888544353482
2011-07-27 10:00:00,129.31633337691704
2011-07-27 11:00:00,146.23369036250514
2011-07-27 12:00:00,186.91988297592562
2011-07-27 13:00:00,176.27915605162676
2011-07-27 14:00:00,173.85439184408838
2011-07-27 15:00:00,178.233334259236
2011-07-27 16:00:00,269.0599950987405
2011-07-27 17:00:00,506.6233926135689
2011-07-27 18:00:00,547.44430330698
2011-07-27 19:00:00,371.933038400878
2011-07-27 20:00:00,270.4802591994561
2011-07-27 21:00:00,212.21975202860366
2011-07-27 22:00:00,144.75663524287924
2011-07-27 23:00:00,96.59601140874139
2011-07-28 00:00:00,39.48713309932792
2011-07-28 01:00:00,14.626727758545748
2011-07-28 02:00:00,7.197020482867768
2011-07-28 03:00:00,3.6434636307291393
2011-07-28 04:00:00,6.224868303257139
2011-07-28 05:00:00,26.0651882562794
2011-07-28 06:00:00,136.24932601866936
2011-07-28 07:00:00,345.1429052903716
2011-07-28 08:00:00,468.42518135976997
2011-07-28 09:00:00,221.85424222224236
2011-07-28 10:00:00,129.47542318749177
2011-07-28 11:00:00,139.04002661589035
2011-07-28 12:00:00,187.77211228104443
2011-07-28 13:00:00,173.36562440478207
2011-07-28 14:00:00,148.4682686119356
2011-07-28 15:00:00,169.93015829620808
2011-07-28 16:00:00,269.6342367110119
2011-07-28 17:00:00,514.5744056094384
2011-07-28 18:00:00,475.4636975729795
2011-07-28 19:00:00,357.12263059992114
2011-07-28 20:00:00,269.7879271988105
2011-07-28 21:00:00,198.23924735086464
2011-07-28 22:00:00,152.03292151821546
2011-07-28 23:00:00,95.33226582961528
2011-07-29 00:00:00,41.4739714962745
2011-07-29 01:00:00,22.61319445801476
2011-07-29 02:00:00,5.0757048794187325
2011-07-29 03:00:00,3.9226056515584724
2011-07-29 04:00:00,4.387460579772215
2011-07-29 05:00:00,20.44440705313414
2011-07-29 06:00:00,84.85102770255689
2011-07-29 07:00:00,255.2863614254603
2011-07-29 08:00:00,388.0295942285222
2011-07-29 09:00:00,236.4846771637136
2011-07-29 10:00:00,143.31289852370364
2011-07-29 11:00:00,160.56502423265957
2011-07-29 12:00:00,190.352577434603
2011-07-29 13:00:00,191.65009011917132
2011-07-29 14:00:00,167.03114574598285
2011-07-29 15:00:00,186.91452713511393
2011-07-29 16:00:00,247.45968844194172
2011-07-29 17:00:00,391.443964488153
2011-07-29 18:00:00,393.0902424172437
2011-07-29 19:00:00,292.9865233724199
2011-07-29 20:00:00,226.10961677827027
2011-07-29 21:00:00,192.1080016394396
2011-07-29 22:00:00,167.3030967783522
2011-07-29 23:00:00,132.5807072304766
2011-07-30 00:00:00,112.19841198657235
2011-07-30 01:00:00,99.53574487424281
2011-07-30 02:00:00,75.3593167319015
2011-07-30 03:00:00,30.431839612385748
2011-07-30 04:00:00,6.575003099886928
2011-07-30 05:00:00,9.209128875956315
2011-07-30 06:00:00,18.237343679739013
2011-07-30 07:00:00,51.71267966206709
2011-07-30 08:00:00,128.65999966249598
2011-07-30 09:00:00,200.69386942532122
2011-07-30 10:00:00,282.45437646746467
2011-07-30 11:00:00,377.3191669895566
2011-07-30 12:00:00,450.76112419254184
2011-07-30 13:00:00,416.6718715107494
2011-07-30 14:00:00,407.05162372361724
2011-07-30 15:00:00,406.5831001432914
2011-07-30 16:00:00,396.33536198966897
2011-07-30 17:00:00,383.1263482348579
2011-07-30 18:00:00,310.0194060369998
2011-07-30 19:00:00,290.8006013205464
2011-07-30 20:00:00,223.6967772243791
2011-07-30 21:00:00,182.09679094902287
2011-07-30 22:00:00,163.1045909578948
2011-07-30 23:00:00,132.07201164285348
2011-07-31 00:00:00,106.8346631584624
2011-07-31 01:00:00,93.04297425664159
2011-07-31 02:00:00,70.92882273644119
2011-07-31 03:00:00,28.35818417184076
2011-07-31 04:00:00,6.1687312297546075
2011-07-31 05:00:00,8.351995759848299
2011-07-31 06:00:00,11.886698150932082
2011-07-31 07:00:00,42.06385298379403
2011-07-31 08:00:00,96.35885496737303
2011-07-31 09:00:00,182.70703812093495
2011-07-31 10:00:00,283.6566277892714
2011-07-31 11:00:00,343.18294665689837
2011-07-31 12:00:00,378.9281534670566
2011-07-31 13:00:00,402.29682794812686
2011-07-31 14:00:00,388.0481379943092
2011-07-31 15:00:00,324.25829889869203
2011-07-31 16:00:00,311.90320129437504
2011-07-31 17:00:00,290.1396049404648
2011-07-31 18:00:00,259.033871336223
2011-07-31 19:00:00,232.59449041852935
2011-07-31 20:00:00,193.76953446966945
2011-07-31 21:00:00,161.0720752869125
2011-07-31 22:00:00,113.61830900948702
2011-07-31 23:00:00,79.18900460352113
2011-08-20 00:00:00,85.83557167391875
2011-08-20 01:00:00,81.42992661482317
2011-08-20 02:00:00,61.02531115240639
2011-08-20 03:00:00,29.01131301125221
2011-08-20 04:00:00,5.543212954751451
2011-08-20 05:00:00,8.202194271092141
2011-08-20 06:00:00,15.195201642763626
2011-08-20 07:00:00,42.99627616806668
2011-08-20 08:00:00,126.32742391025656
2011-08-20 09:00:00,223.13572549302864
2011-08-20 10:00:00,329.4914673609559
2011-08-20 11:00:00,389.3862948988501
2011-08-20 12:00:00,474.3031377876084
2011-08-20 13:00:00,476.66544112168606
2011-08-20 14:00:00,419.92465622549196
2011-08-20 15:00:00,412.39157037189966
2011-08-20 16:00:00,421.70746551748266
2011-08-20 17:00:00,394.854253272271
2011-08-20 18:00:00,326.8349958259715
2011-08-20 19:00:00,280.833830625083
2011-08-20 20:00:00,225.04096929617282
2011-08-20 21:00:00,188.1444988359046
2011-08-20 22:00:00,128.48485282707833
2011-08-20 23:00:00,129.27607836076447
2011-08-21 00:00:00,94.82839336072158
2011-08-21 01:00:00,82.4533343964013
2011-08-21 02:00:00,65.10967693406889
2011-08-21 03:00:00,28.03726879700212
2011-08-21 04:00:00,4.146561169288504
2011-08-21 05:00:00,6.402174527938032
2011-08-21 06:00:00,8.313167443896564
2011-08-21 07:00:00,29.977001273303976
2011-08-21 08:00:00,84.2403915397455
2011-08-21 09:00:00,169.64721261832932
2011-08-21 10:00:00,257.67902508060035
2011-08-21 11:00:00,316.8161834881121
2011-08-21 12:00:00,355.966018365537
2011-08-21 13:00:00,362.2073074540882
2011-08-21 14:00:00,206.02212126805603
2011-08-21 15:00:00,291.36461897638617
2011-08-21 16:00:00,365.9302961008955
2011-08-21 17:00:00,369.4634394806367
2011-08-21 18:00:00,265.93232658856584
2011-08-21 19:00:00,245.06765989622633
2011-08-21 20:00:00,181.83913604686597
2011-08-21 21:00:00,151.11230398030239
2011-08-21 22:00:00,101.68956476362247
2011-08-21 23:00:00,77.94042432951258
2011-08-22 00:00:00,36.152849540951365
2011-08-22 01:00:00,11.651335015530407
2011-08-22 02:00:00,5.735301160030567
2011-08-22 03:00:00,2.557171247610252
2011-08-22 04:00:00,3.752118542554793
2011-08-22 05:00:00,23.271641352488338
2011-08-22 06:00:00,113.54751629096295
2011-08-22 07:00:00,314.73112064345946
2011-08-22 08:00:00,457.82668739566304
2011-08-22 09:00:00,233.70256208789434
2011-08-22 10:00:00,142.0637824158381
2011-08-22 11:00:00,171.01039064578504
2011-08-22 12:00:00,207.85062034335903
2011-08-22 13:00:00,198.9375155735032
2011-08-22 14:00:00,185.34448151151787
2011-08-22 15:00:00,208.02572248677942
2011-08-22 16:00:00,299.759798450671
2011-08-22 17:00:00,568.185055819702
2011-08-22 18:00:00,555.5652983229786
2011-08-22 19:00:00,391.795338444708
2011-08-22 20:00:00,281.5113206270221
2011-08-22 21:00:00,206.80598252005768
2011-08-22 22:00:00,142.55216515740767
2011-08-22 23:00:00,81.77073065745853
2011-08-23 00:00:00,37.21000560638213
2011-08-23 01:00:00,10.708503093106787
2011-08-23 02:00:00,3.0924226835400765
2011-08-23 03:00:00,2.6652365578045916
2011-08-23 04:00:00,5.186187929616762
2011-08-23 05:00:00,21.86679345368163
2011-08-23 06:00:00,116.65935661455147
2011-08-23 07:00:00,336.54556704346396
2011-08-23 08:00:00,440.15785397963674
2011-08-23 09:00:00,207.84238250732218
2011-08-23 10:00:00,146.90886746195176
2011-08-23 11:00:00,186.96424969768282
2011-08-23 12:00:00,221.48556552457188
2011-08-23 13:00:00,214.64961579247768
2011-08-23 14:00:00,204.4994681698763
2011-08-23 15:00:00,214.9530395074094
2011-08-23 16:00:00,329.17552653441805
2011-08-23 17:00:00,600.6373535450335
2011-08-23 18:00:00,566.4787293152543
2011-08-23 19:00:00,385.73329092018474
2011-08-23 20:00:00,275.0602913117795
2011-08-23 21:00:00,204.03742966300302
2011-08-23 22:00:00,163.77727464393058
2011-08-23 23:00:00,94.78530962888131
2011-08-24 00:00:00,37.703736584789766
2011-08-24 01:00:00,14.432223148014046
2011-08-24 02:00:00,3.8591102077486776
2011-08-24 03:00:00,4.210364628186976
2011-08-24 04:00:00,3.862222498411425
2011-08-24 05:00:00,23.69898331136838
2011-08-24 06:00:00,117.583243647302
2011-08-24 07:00:00,339.9586514201613
2011-08-24 08:00:00,491.2917232668601
2011-08-24 09:00:00,218.0113739166414
2011-08-24 10:00:00,135.85037247838898
2011-08-24 11:00:00,156.22561221076796
2011-08-24 12:00:00,198.44742411409965
2011-08-24 13:00:00,183.58485907501543
2011-08-24 14:00:00,167.6951702946223
2011-08-24 15:00:00,184.45893568804485
2011-08-24 16:00:00,265.6824324690309
2011-08-24 17:00:00,519.1475688391349
2011-08-24 18:00:00,528.0325214376863
2011-08-24 19:00:00,366.42097657295767
2011-08-24 20:00:00,275.1419611764773
2011-08-24 21:00:00,206.89549037230827
2011-08-24 22:00:00,155.8439757433324
2011-08-24 23:00:00,94.43970166281875
2011-08-25 00:00:00,34.083575849975
2011-08-25 01:00:00,12.556919918228733
2011-08-25 02:00:00,8.8028086086719
2011-08-25 03:00:00,4.127043592872623
2011-08-25 04:00:00,4.032459470792582
2011-08-25 05:00:00,20.83557126249731
2011-08-25 06:00:00,96.9880142496378
2011-08-25 07:00:00,261.1227965522814
2011-08-25 08:00:00,418.92726099514886
2011-08-25 09:00:00,208.8391831502973
2011-08-25 10:00:00,115.04875242103428
2011-08-25 11:00:00,103.89492369258066
2011-08-25 12:00:00,133.30489756588062
2011-08-25 13:00:00,190.40970855777192
2011-08-25 14:00:00,145.84161052099884
2011-08-25 15:00:00,169.69200665229113
2011-08-25 16:00:00,237.23089925275116
2011-08-25 17:00:00,443.0443855379036
2011-08-25 18:00:00,408.8447660063293
2011-08-25 19:00:00,313.57487032422364
2011-08-25 20:00:00,238.2989555025076
2011-08-25 21:00:00,194.57051820532158
2011-08-25 22:00:00,132.96672176811387
2011-08-25 23:00:00,97.077378945289
2011-08-26 00:00:00,40.104907935509075
2011-08-26 01:00:00,20.71846862970316
2011-08-26 02:00:00,5.936250819252007
2011-08-26 03:00:00,4.2666981005403555
2011-08-26 04:00:00,4.7260825617971465
2011-08-26 05:00:00,17.90057763540604
2011-08-26 06:00:00,82.96895251514465
2011-08-26 07:00:00,260.82061313145726
2011-08-26 08:00:00,439.83248462044463
2011-08-26 09:00:00,248.06288334680812
2011-08-26 10:00:00,177.42514088494784
2011-08-26 11:00:00,182.69069576975818
2011-08-26 12:00:00,238.23527831251198
2011-08-26 13:00:00,234.28435152495624
2011-08-26 14:00:00,223.1094674564876
2011-08-26 15:00:00,219.09894168705773
2011-08-26 16:00:00,355.1445600414614
2011-08-26 17:00:00,498.0562083197479
2011-08-26 18:00:00,405.96606623052236
2011-08-26 19:00:00,337.0191124958906
2011-08-26 20:00:00,231.9059744210805
2011-08-26 21:00:00,180.76179937435785
2011-08-26 22:00:00,166.55170570160377
2011-08-26 23:00:00,118.89186669677262
2011-08-27 00:00:00,97.21597041847853
2011-08-27 01:00:00,85.01614584284972
2011-08-27 02:00:00,59.24666749466819
2011-08-27 03:00:00,24.473957690583365
2011-08-27 04:00:00,4.057394020772762
2011-08-27 05:00:00,6.925693564064431
2011-08-27 06:00:00,12.499365733951333
2011-08-27 07:00:00,32.52624639708098
2011-08-27 08:00:00,95.03280364756343
2011-08-27 09:00:00,136.4006161180233
2011-08-27 10:00:00,225.78098359565
2011-08-27 11:00:00,129.6188466679817
2011-08-27 12:00:00,168.38058554667566
2011-08-27 13:00:00,161.21273994958688
2011-08-27 14:00:00,111.35068572589563
2011-08-27 15:00:00,115.19709994568127
2011-08-27 16:00:00,109.97462851974268
2011-08-27 17:00:00,95.67628251647244
2011-08-28 07:00:00,14.548584110071946
2011-08-28 08:00:00,35.54970120588346
2011-08-28 09:00:00,163.70318539362955
2011-08-28 10:00:00,264.6490673308479
2011-08-28 11:00:00,374.9652703443414
2011-08-28 12:00:00,385.331669171989
2011-08-28 13:00:00,398.95028053985027
2011-08-28 14:00:00,379.3812727474226
2011-08-28 15:00:00,365.36609699690393
2011-08-28 16:00:00,375.8660606752276
2011-08-28 17:00:00,365.08848823531537
2011-08-28 18:00:00,297.56740806429224
2011-08-28 19:00:00,261.2004489119773
2011-08-28 20:00:00,208.4419907811491
2011-08-28 21:00:00,181.5805679350665
2011-08-28 22:00:00,119.75456087325261
2011-08-28 23:00:00,86.78272555491682
2011-08-29 00:00:00,37.85140073559455
2011-08-29 01:00:00,11.595204709153542
2011-08-29 02:00:00,4.8308592380202855
2011-08-29 03:00:00,2.8675962075096666
2011-08-29 04:00:00,4.984805803626751
2011-08-29 05:00:00,21.889981537014652
2011-08-29 06:00:00,117.7201535066409
2011-08-29 07:00:00,321.1003236796126
2011-08-29 08:00:00,466.64649570257194
2011-08-29 09:00:00,230.1424871793012
2011-08-29 10:00:00,143.77203202840295
2011-08-29 11:00:00,181.53190110264416
2011-08-29 12:00:00,194.95077315881036
2011-08-29 13:00:00,184.68551015696443
2011-08-29 14:00:00,184.7214891481774
2011-08-29 15:00:00,222.5910393749794
2011-08-29 16:00:00,303.1661343449335
2011-08-29 17:00:00,538.4540995010707
2011-08-29 18:00:00,551.8056270786935
2011-08-29 19:00:00,393.983076580895
2011-08-29 20:00:00,278.6992311048584
2011-08-29 21:00:00,206.72847216470876
2011-08-29 22:00:00,158.39811337210895
2011-08-29 23:00:00,85.75439351127135
2011-08-30 00:00:00,34.84213842602611
2011-08-30 01:00:00,11.256684456416354
2011-08-30 02:00:00,2.7902201323333493
2011-08-30 03:00:00,3.1169988733308482
2011-08-30 04:00:00,4.393599726561751
2011-08-30 05:00:00,21.55113555368046
2011-08-30 06:00:00,122.06484393259763
2011-08-30 07:00:00,326.30621224370833
2011-08-30 08:00:00,489.34884148678594
2011-08-30 09:00:00,227.38958700580673
2011-08-30 10:00:00,149.91597879613195
2011-08-30 11:00:00,174.7516487925532
2011-08-30 12:00:00,208.37589293840892
2011-08-30 13:00:00,210.44367998820462
2011-08-30 14:00:00,196.78068143495486
2011-08-30 15:00:00,208.8432707046777
2011-08-30 16:00:00,311.9501264294643
2011-08-30 17:00:00,588.2184290403748
2011-08-30 18:00:00,577.1255796907253
2011-08-30 19:00:00,406.76371380745553
2011-08-30 20:00:00,271.1427206579948
2011-08-30 21:00:00,201.7962501869663
2011-08-30 22:00:00,146.88632227917003
2011-08-30 23:00:00,86.41373284067005
2011-08-31 00:00:00,32.7911427130508
2011-08-31 01:00:00,13.221343508534074
2011-08-31 02:00:00,1.9413683501778323
2011-08-31 03:00:00,3.6453916082735782
2011-08-31 04:00:00,3.929566342693921
2011-08-31 05:00:00,21.896165821333057
2011-08-31 06:00:00,108.13074813109839
2011-08-31 07:00:00,284.9752259116403
2011-08-31 08:00:00,447.4816794586502
2011-08-31 09:00:00,224.89153239362648
2011-08-31 10:00:00,140.82449709449514
2011-08-31 11:00:00,165.111053891438
2011-08-31 12:00:00,212.2920830264047
2011-08-31 13:00:00,204.4812016087692
2011-08-31 14:00:00,192.07913048016258
2011-08-31 15:00:00,205.26606462777227
2011-08-31 16:00:00,298.0983552249831
2011-08-31 17:00:00,581.9288857162064
2011-08-31 18:00:00,555.6356089240612
2011-08-31 19:00:00,345.87351583204077
2011-08-31 20:00:00,294.12849941998536
2011-08-31 21:00:00,215.12848558036393
2011-08-31 22:00:00,142.0617172675494
2011-08-31 23:00:00,85.17211543525484
2011-09-20 00:00:00,31.172670998659697
2011-09-20 01:00:00,7.711985914415572
2011-09-20 02:00:00,2.356540941442825
2011-09-20 03:00:00,2.9006591020272356
2011-09-20 04:00:00,3.3239212358036485
2011-09-20 05:00:00,17.114688065638656
2011-09-20 06:00:00,86.37258565558002
2011-09-20 07:00:00,239.1639376192324
2011-09-20 08:00:00,163.58286746267194
2011-09-20 09:00:00,76.58972609404833
2011-09-20 10:00:00,59.014634501008615
2011-09-20 11:00:00,63.96103669744371
2011-09-20 12:00:00,102.45307125048106
2011-09-20 13:00:00,102.76743494873166
2011-09-20 14:00:00,118.08422510900624
2011-09-20 15:00:00,164.9738745427229
2011-09-20 16:00:00,230.08028861581795
2011-09-20 17:00:00,507.5618045650209
2011-09-20 18:00:00,479.3482750484563
2011-09-20 19:00:00,274.41172281124295
2011-09-20 20:00:00,153.62780570373673
2011-09-20 21:00:00,117.05790574468222
2011-09-20 22:00:00,86.62927839987893
2011-09-20 23:00:00,52.617144297031714
2011-09-21 00:00:00,16.69628051205527
2011-09-21 01:00:00,7.979489418055381
2011-09-21 02:00:00,1.2351708963432262
2011-09-21 03:00:00,1.6855678317011273
2011-09-21 04:00:00,2.4122211904042654
2011-09-21 05:00:00,12.536386161665888
2011-09-21 06:00:00,62.27739459323393
2011-09-21 07:00:00,164.7920817253507
2011-09-21 08:00:00,258.66785971687324
2011-09-21 09:00:00,118.11063489005758
2011-09-21 10:00:00,95.4255668512108
2011-09-21 11:00:00,132.15614589320438
2011-09-21 12:00:00,166.85102033846945
2011-09-21 13:00:00,173.63315591637286
2011-09-21 14:00:00,157.34382591883133
2011-09-21 15:00:00,184.09768069744771
2011-09-21 16:00:00,260.0363817108248
2011-09-21 17:00:00,325.63416594823894
2011-09-21 18:00:00,245.46725968117164
2011-09-21 19:00:00,107.83713441206815
2011-09-21 20:00:00,77.60365013293541
2011-09-21 21:00:00,96.30243180976966
2011-09-21 22:00:00,81.39357520561894
2011-09-21 23:00:00,54.90527579417689
2011-09-22 00:00:00,22.496821511858123
2011-09-22 01:00:00,8.782318024384717
2011-09-22 02:00:00,3.2896292760687875
2011-09-22 03:00:00,2.5570790888893535
2011-09-22 04:00:00,4.051950260985683
2011-09-22 05:00:00,16.1160782210943
2011-09-22 06:00:00,65.3938084408172
2011-09-22 07:00:00,171.66897217979928
2011-09-22 08:00:00,249.10568856744905
2011-09-22 09:00:00,130.01354180024043
2011-09-22 10:00:00,94.12951399272495
2011-09-22 11:00:00,104.79570911387871
2011-09-22 12:00:00,159.7393631405319
2011-09-22 13:00:00,148.06586106466688
2011-09-22 14:00:00,137.77069295292966
2011-09-22 15:00:00,170.66977966320735
2011-09-22 16:00:00,268.9245816678851
2011-09-22 17:00:00,471.4583326180223
2011-09-22 18:00:00,449.9361540163044
2011-09-22 19:00:00,282.602662933612
2011-09-22 20:00:00,161.38457704920802
2011-09-22 21:00:00,152.29880708877758
2011-09-22 22:00:00,76.7832767398347
2011-09-22 23:00:00,58.162750784276525
2011-09-23 00:00:00,31.8845360169778
2011-09-23 01:00:00,15.782491135743857
2011-09-23 02:00:00,7.514197797628521
2011-09-23 03:00:00,3.4138294458211624
2011-09-23 04:00:00,4.826928378432661
2011-09-23 05:00:00,21.439144026319912
2011-09-23 06:00:00,87.57154912862475
2011-09-23 07:00:00,157.01038174323998
2011-09-23 08:00:00,271.62020931447074
2011-09-23 09:00:00,125.9978062441799
2011-09-23 10:00:00,72.76697833697156
2011-09-23 11:00:00,80.91731540172911
2011-09-23 12:00:00,116.26671982907865
2011-09-23 13:00:00,95.38598083710896
2011-09-23 14:00:00,84.52480724013017
2011-09-23 15:00:00,114.97122453000208
2011-09-23 16:00:00,171.06070176820114
2011-09-23 17:00:00,335.37589369773514
2011-09-23 18:00:00,296.850924305502
2011-09-23 19:00:00,255.2535091714388
2011-09-23 20:00:00,186.72157975194506
2011-09-23 21:00:00,115.59439788908213
2011-09-23 22:00:00,127.07185397618528
2011-09-23 23:00:00,74.21376107312831
2011-09-24 00:00:00,107.8229845616072
2011-09-24 01:00:00,72.94419996298271
2011-09-24 02:00:00,52.81502148422007
2011-09-24 03:00:00,27.538147939535747
2011-09-24 04:00:00,10.47524770090806
2011-09-24 05:00:00,6.7833506325404755
2011-09-24 06:00:00,19.738148541975722
2011-09-24 07:00:00,47.76150724166668
2011-09-24 08:00:00,117.25368834837022
2011-09-24 09:00:00,182.1579954544892
2011-09-24 10:00:00,259.90075612774876
2011-09-24 11:00:00,346.3691024654625
2011-09-24 12:00:00,403.11904604835206
2011-09-24 13:00:00,509.6097103390747
2011-09-24 14:00:00,466.5765955346335
2011-09-24 15:00:00,458.8104242896511
2011-09-24 16:00:00,434.1263729335626
2011-09-24 17:00:00,430.3249565417894
2011-09-24 18:00:00,346.8963766075661
2011-09-24 19:00:00,231.04622380974155
2011-09-24 20:00:00,211.713234741594
2011-09-24 21:00:00,180.37393316840632
2011-09-24 22:00:00,133.89309834231972
2011-09-24 23:00:00,106.69544670745701
2011-09-25 00:00:00,84.39322002081211
2011-09-25 01:00:00,74.864003364215293
2011-09-25 02:00:00,54.15512870285274
2011-09-25 03:00:00,19.20770384268846
2011-09-25 04:00:00,7.955912908563386
2011-09-25 05:00:00,7.732996967556604
2011-09-25 06:00:00,14.292287495137636
2011-09-25 07:00:00,31.818381176401765
2011-09-25 08:00:00,89.06745208758966
2011-09-25 09:00:00,179.02570674159915
2011-09-25 10:00:00,263.15122075183046
2011-09-25 11:00:00,363.17224178900483
2011-09-25 12:00:00,413.6097653801854
2011-09-25 13:00:00,410.2331734187303
2011-09-25 14:00:00,385.5620320902045
2011-09-25 15:00:00,392.8080504688112
2011-09-25 16:00:00,458.07881166230356
2011-09-25 17:00:00,421.9607012875675
2011-09-25 18:00:00,327.1844512280401
2011-09-25 19:00:00,235.42727565471043
2011-09-25 20:00:00,190.31085862194655
2011-09-25 21:00:00,125.7374176533373
2011-09-25 22:00:00,109.457563010845
2011-09-25 23:00:00,56.639483430184164
2011-09-26 00:00:00,25.463882424199525
2011-09-26 01:00:00,9.484169686432066
2011-09-26 02:00:00,3.642425043352672
2011-09-26 03:00:00,2.168657335266959
2011-09-26 04:00:00,6.853695629964177
2011-09-26 05:00:00,22.11022104420666
2011-09-26 06:00:00,92.69622696592194
2011-09-26 07:00:00,261.12837221097783
2011-09-26 08:00:00,361.1123070216605
2011-09-26 09:00:00,200.59985972813064
2011-09-26 10:00:00,112.49228470860498
2011-09-26 11:00:00,174.60262053957734
2011-09-26 12:00:00,198.51885482275858
2011-09-26 13:00:00,196.00290277638513
2011-09-26 14:00:00,198.68392541155322
2011-09-26 15:00:00,215.50383021726088
2011-09-26 16:00:00,323.04284224490164
2011-09-26 17:00:00,626.4183212075905
2011-09-26 18:00:00,520.7671713391859
2011-09-26 19:00:00,363.9099285727067
2011-09-26 20:00:00,245.94269569116443
2011-09-26 21:00:00,177.80270576695153
2011-09-26 22:00:00,108.44139199189718
2011-09-26 23:00:00,63.13016122223844
2011-09-27 00:00:00,27.090595306846893
2011-09-27 01:00:00,9.070321078585966
2011-09-27 02:00:00,3.692570295570868
2011-09-27 03:00:00,2.469673411387626
2011-09-27 04:00:00,5.975905402797016
2011-09-27 05:00:00,15.83934103427898
2011-09-27 06:00:00,92.29593481226914
2011-09-27 07:00:00,253.70885697875144
2011-09-27 08:00:00,379.2159069531836
2011-09-27 09:00:00,146.0275292528048
2011-09-27 10:00:00,77.667371866762565
2011-09-27 11:00:00,134.46193099393363
2011-09-27 12:00:00,158.53277977385466
2011-09-27 13:00:00,174.98041624414535
2011-09-27 14:00:00,171.22276868748796
2011-09-27 15:00:00,176.84143648730557
2011-09-27 16:00:00,250.34978525923844
2011-09-27 17:00:00,463.34503950562276
2011-09-27 18:00:00,406.48551303697997
2011-09-27 19:00:00,297.0129288715799
2011-09-27 20:00:00,262.54089078885755
2011-09-27 21:00:00,190.4719865438275
2011-09-27 22:00:00,124.82998123685792
2011-09-27 23:00:00,77.13024469265922
2011-09-28 00:00:00,31.536593293738044
2011-09-28 01:00:00,13.408789039972907
2011-09-28 02:00:00,3.2721016109087104
2011-09-28 03:00:00,3.472471463626297
2011-09-28 04:00:00,6.145953439437783
2011-09-28 05:00:00,21.402495838783228
2011-09-28 06:00:00,48.12566225668229
2011-09-28 07:00:00,120.27571623368479
2011-09-28 08:00:00,185.85851771131308
2011-09-28 09:00:00,93.78648020076422
2011-09-28 10:00:00,101.4114579704281
2011-09-28 11:00:00,150.95443249851382
2011-09-28 12:00:00,203.5021003662023
2011-09-28 13:00:00,197.9597427727353
2011-09-28 14:00:00,182.61380463406198
2011-09-28 15:00:00,215.70420972484263
2011-09-28 16:00:00,289.33542451583315
2011-09-28 17:00:00,558.0594093217356
2011-09-28 18:00:00,267.4478621856435
2011-09-28 19:00:00,173.57324476069022
2011-09-28 20:00:00,104.63975346222115
2011-09-28 21:00:00,80.42620774407695
2011-09-28 22:00:00,131.34604525300713
2011-09-28 23:00:00,70.25396729142695
2011-09-29 00:00:00,27.34206504463366
2011-09-29 01:00:00,9.005564804764598
2011-09-29 02:00:00,5.913761565999433
2011-09-29 03:00:00,3.462928922227297
2011-09-29 04:00:00,6.192370192807677
2011-09-29 05:00:00,23.010417489857307
2011-09-29 06:00:00,112.27856699570879
2011-09-29 07:00:00,320.22323989320154
2011-09-29 08:00:00,493.70414654907813
2011-09-29 09:00:00,243.45199965503858
2011-09-29 10:00:00,147.91598406063426
2011-09-29 11:00:00,169.87798181336598
2011-09-29 12:00:00,242.36973067925683
2011-09-29 13:00:00,211.90904526628694
2011-09-29 14:00:00,193.57540145760723
2011-09-29 15:00:00,205.82465218306763
2011-09-29 16:00:00,315.3626610037852
2011-09-29 17:00:00,584.5105643274344
2011-09-29 18:00:00,549.6032678767058
2011-09-29 19:00:00,378.40719690847556
2011-09-29 20:00:00,290.30335241080564
2011-09-29 21:00:00,208.843214693129
2011-09-29 22:00:00,154.94681587467784
2011-09-29 23:00:00,98.06719744645194
2011-09-30 00:00:00,40.41327889962105
2011-09-30 01:00:00,23.436378863780284
2011-09-30 02:00:00,9.656260517148995
2011-09-30 03:00:00,5.5324056028316235
2011-09-30 04:00:00,5.436942331504544
2011-09-30 05:00:00,23.994877503873735
2011-09-30 06:00:00,103.1423040308332
2011-09-30 07:00:00,279.83668760199896
2011-09-30 08:00:00,478.39891168107323
2011-09-30 09:00:00,277.31387613595757
2011-09-30 10:00:00,190.61584693201306
2011-09-30 11:00:00,224.7968979578556
2011-09-30 12:00:00,247.91491394668128
2011-09-30 13:00:00,239.15206968345177
2011-09-30 14:00:00,204.0664981098898
2011-09-30 15:00:00,246.8654716196263
2011-09-30 16:00:00,351.5623759649691
2011-09-30 17:00:00,555.0399809203185
2011-09-30 18:00:00,436.62673783786187
2011-09-30 19:00:00,300.93928361285595
2011-09-30 20:00:00,225.56786649356945
2011-09-30 21:00:00,165.46586075383277
2011-09-30 22:00:00,151.9392767302235
2011-09-30 23:00:00,115.07299614835625
2011-10-20 00:00:00,23.89178474751717
2011-10-20 01:00:00,8.964456082217323
2011-10-20 02:00:00,3.3835462916389565
2011-10-20 03:00:00,3.748014386147967
2011-10-20 04:00:00,5.268386541442583
2011-10-20 05:00:00,22.132293007337026
2011-10-20 06:00:00,90.78897930512034
2011-10-20 07:00:00,287.9921598443128
2011-10-20 08:00:00,437.7341623417548
2011-10-20 09:00:00,175.69589720239256
2011-10-20 10:00:00,129.39099348957802
2011-10-20 11:00:00,145.0568639669036
2011-10-20 12:00:00,179.17287562127206
2011-10-20 13:00:00,184.56101209590372
2011-10-20 14:00:00,138.4099837005442
2011-10-20 15:00:00,156.65581335259847
2011-10-20 16:00:00,243.5231788640675
2011-10-20 17:00:00,469.33366704016385
2011-10-20 18:00:00,416.59024491982126
2011-10-20 19:00:00,314.48314585212603
2011-10-20 20:00:00,216.9891521485734
2011-10-20 21:00:00,160.28780766961168
2011-10-20 22:00:00,122.65473361251392
2011-10-20 23:00:00,80.22805233166468
2011-10-21 00:00:00,33.95382259872955
2011-10-21 01:00:00,18.958108104505904
2011-10-21 02:00:00,8.333689686125963
2011-10-21 03:00:00,4.409542098560901
2011-10-21 04:00:00,3.9717259700577165
2011-10-21 05:00:00,20.4905925161072
2011-10-21 06:00:00,95.33540357376692
2011-10-21 07:00:00,279.189756996271
2011-10-21 08:00:00,495.32313763778586
2011-10-21 09:00:00,285.2736822022117
2011-10-21 10:00:00,168.12217241099415
2011-10-21 11:00:00,199.8323557489232
2011-10-21 12:00:00,242.42013621101415
2011-10-21 13:00:00,220.5708066833448
2011-10-21 14:00:00,205.8572846222362
2011-10-21 15:00:00,232.07495947903536
2011-10-21 16:00:00,325.851637436888
2011-10-21 17:00:00,454.8264383310339
2011-10-21 18:00:00,341.8841318726455
2011-10-21 19:00:00,237.52014948173965
2011-10-21 20:00:00,171.54592649457908
2011-10-21 21:00:00,139.074419951252
2011-10-21 22:00:00,133.35599711560963
2011-10-21 23:00:00,92.19703484967872
2011-10-22 00:00:00,80.17652730278022
2011-10-22 01:00:00,67.46110487504859
2011-10-22 02:00:00,50.22153677637708
2011-10-22 03:00:00,20.60911082706389
2011-10-22 04:00:00,5.9267472626098945
2011-10-22 05:00:00,6.504377622110203
2011-10-22 06:00:00,13.070228663669393
2011-10-22 07:00:00,40.82893214305691
2011-10-22 08:00:00,108.79813894838058
2011-10-22 09:00:00,168.20035493150553
2011-10-22 10:00:00,242.3306319032301
2011-10-22 11:00:00,304.16011383133775
2011-10-22 12:00:00,466.85077070757745
2011-10-22 13:00:00,483.19768771851716
2011-10-22 14:00:00,362.22225558780184
2011-10-22 15:00:00,410.16681987120757
2011-10-22 16:00:00,415.49585881015105
2011-10-22 17:00:00,372.88818278121806
2011-10-22 18:00:00,255.23225779372655
2011-10-22 19:00:00,203.30921262542256
2011-10-22 20:00:00,153.09549596386987
2011-10-22 21:00:00,124.74130948606849
2011-10-22 22:00:00,108.58753351466837
2011-10-22 23:00:00,90.62012099317846
2011-10-23 00:00:00,65.62349079822944
2011-10-23 01:00:00,57.63555908836192
2011-10-23 02:00:00,40.65023787011073
2011-10-23 03:00:00,20.09789620411638
2011-10-23 04:00:00,5.596164513624053
2011-10-23 05:00:00,5.3888404958743745
2011-10-23 06:00:00,9.131233976460372
2011-10-23 07:00:00,25.751616009994823
2011-10-23 08:00:00,68.14118182751935
2011-10-23 09:00:00,139.2170445169207
2011-10-23 10:00:00,216.1005337716276
2011-10-23 11:00:00,318.5383556802128
2011-10-23 12:00:00,388.0906575717293
2011-10-23 13:00:00,403.44345434425315
2011-10-23 14:00:00,381.84739796190604
2011-10-23 15:00:00,395.00642041711137
2011-10-23 16:00:00,391.7679128305829
2011-10-23 17:00:00,374.38535403585854
2011-10-23 18:00:00,312.33432007322494
2011-10-23 19:00:00,216.97910224329064
2011-10-23 20:00:00,151.1893794171724
2011-10-23 21:00:00,121.16716221551343
2011-10-23 22:00:00,86.70479698992517
2011-10-23 23:00:00,57.96425268729577
2011-10-24 00:00:00,28.710322312617155
2011-10-24 01:00:00,8.37175265593705
2011-10-24 02:00:00,2.53289483120195
2011-10-24 03:00:00,2.7232916532675056
2011-10-24 04:00:00,4.720836387285252
2011-10-24 05:00:00,20.365205142207223
2011-10-24 06:00:00,92.76706794680946
2011-10-24 07:00:00,221.31323284632427
2011-10-24 08:00:00,417.974819365464
2011-10-24 09:00:00,189.47242757761902
2011-10-24 10:00:00,107.87054332497601
2011-10-24 11:00:00,152.5495281782283
2011-10-24 12:00:00,187.968403110971
2011-10-24 13:00:00,181.54318499125787
2011-10-24 14:00:00,159.4207340096356
2011-10-24 15:00:00,192.01512888794147
2011-10-24 16:00:00,282.706111698396
2011-10-24 17:00:00,558.5370203526461
2011-10-24 18:00:00,527.8606929349844
2011-10-24 19:00:00,233.64306238715335
2011-10-24 20:00:00,231.5426627160732
2011-10-24 21:00:00,152.39095743840934
2011-10-24 22:00:00,123.01545903341508
2011-10-24 23:00:00,67.81590563930978
2011-10-25 00:00:00,28.907913743506064
2011-10-25 01:00:00,9.253543893154433
2011-10-25 02:00:00,2.4611229680776425
2011-10-25 03:00:00,2.812644017242126
2011-10-25 04:00:00,5.364836354186722
2011-10-25 05:00:00,20.253678549524892
2011-10-25 06:00:00,96.62021282344287
2011-10-25 07:00:00,278.30546570956875
2011-10-25 08:00:00,514.5187262761849
2011-10-25 09:00:00,222.1843153789477
2011-10-25 10:00:00,137.19479338244625
2011-10-25 11:00:00,148.5441932412329
2011-10-25 12:00:00,197.52763628732177
2011-10-25 13:00:00,188.83709482711072
2011-10-25 14:00:00,178.00955094022106
2011-10-25 15:00:00,199.3890445854006
2011-10-25 16:00:00,279.3196064152065
2011-10-25 17:00:00,587.1217312890991
2011-10-25 18:00:00,512.2538529704091
2011-10-25 19:00:00,305.7064311188011
2011-10-25 20:00:00,233.6851231891957
2011-10-25 21:00:00,156.81945219974673
2011-10-25 22:00:00,124.73326221780508
2011-10-25 23:00:00,72.81380459364873
2011-10-26 00:00:00,28.60420493131133
2011-10-26 01:00:00,11.610353230174692
2011-10-26 02:00:00,4.31271105223258
2011-10-26 03:00:00,3.718573941887877
2011-10-26 04:00:00,4.332485434614505
2011-10-26 05:00:00,22.14626879694095
2011-10-26 06:00:00,111.17823657703237
2011-10-26 07:00:00,308.9289739544013
2011-10-26 08:00:00,477.4234065094791
2011-10-26 09:00:00,219.2337590780299
2011-10-26 10:00:00,127.13715750016546
2011-10-26 11:00:00,158.02252693893908
2011-10-26 12:00:00,108.05974248023358
2011-10-26 13:00:00,104.04672723109074
2011-10-26 14:00:00,161.30239230036366
2011-10-26 15:00:00,178.58202234366337
2011-10-26 16:00:00,251.11580918424323
2011-10-26 17:00:00,477.7520060274089
2011-10-26 18:00:00,501.99314439305647
2011-10-26 19:00:00,328.9950387031913
2011-10-26 20:00:00,231.16037736454268
2011-10-26 21:00:00,169.08444746662883
2011-10-26 22:00:00,108.6664072286709
2011-10-26 23:00:00,66.04549111210764
2011-10-27 00:00:00,27.077325850434303
2011-10-27 01:00:00,11.76467500313697
2011-10-27 02:00:00,5.473979318029237
2011-10-27 03:00:00,2.8156052222649732
2011-10-27 04:00:00,5.060298400253245
2011-10-27 05:00:00,19.48196189430894
2011-10-27 06:00:00,89.08972059762037
2011-10-27 07:00:00,262.14332780917437
2011-10-27 08:00:00,356.23455476533275
2011-10-27 09:00:00,227.17038669135067
2011-10-27 10:00:00,85.91856401869846
2011-10-27 11:00:00,96.34853835124689
2011-10-27 12:00:00,110.94283642662658
2011-10-27 13:00:00,157.02207727498984
2011-10-27 14:00:00,158.25824382143392
2011-10-27 15:00:00,160.78425847169143
2011-10-27 16:00:00,267.75245971987874
2011-10-27 17:00:00,461.1710950223122
2011-10-27 18:00:00,418.1831822093536
2011-10-27 19:00:00,264.77993199823084
2011-10-27 20:00:00,204.11077888942572
2011-10-27 21:00:00,137.61006671504268
2011-10-27 22:00:00,105.58031376796286
2011-10-27 23:00:00,69.06805695970844
2011-10-28 00:00:00,30.853975024076597
2011-10-28 01:00:00,16.367069292899384
2011-10-28 02:00:00,9.253173029863131
2011-10-28 03:00:00,3.4046413201813572
2011-10-28 04:00:00,3.2483550469314553
2011-10-28 05:00:00,18.714018027422778
2011-10-28 06:00:00,83.89251823277799
2011-10-28 07:00:00,236.7500668490236
2011-10-28 08:00:00,437.3614898018964
2011-10-28 09:00:00,257.9426543771177
2011-10-28 10:00:00,138.46349808497035
2011-10-28 11:00:00,155.5295648783551
2011-10-28 12:00:00,196.2400586724896
2011-10-28 13:00:00,174.76600049359448
2011-10-28 14:00:00,147.1437580830389
2011-10-28 15:00:00,170.661507297336
2011-10-28 16:00:00,242.95665167563814
2011-10-28 17:00:00,403.55040066065703
2011-10-28 18:00:00,323.24439697989277
2011-10-28 19:00:00,229.70868065222473
2011-10-28 20:00:00,100.65220271293295
2011-10-28 21:00:00,72.81048540334255
2011-10-28 22:00:00,59.682813336727115
2011-10-28 23:00:00,40.21851729069918
2011-10-29 00:00:00,30.74207666843027
2011-10-29 01:00:00,30.71673437380979
2011-10-29 02:00:00,25.25601290244157
2011-10-29 03:00:00,8.07380690297048
2011-10-29 04:00:00,2.7597330389285943
2011-10-29 05:00:00,2.994996313432052
2011-10-29 06:00:00,6.976037017167146
2011-10-29 07:00:00,20.430040460639848
2011-10-29 08:00:00,39.19422537254681
2011-10-29 09:00:00,55.411803277317425
2011-10-29 10:00:00,95.90713962131257
2011-10-29 11:00:00,102.62379611007982
2011-10-29 12:00:00,111.55248496117318
2011-10-29 13:00:00,88.67342629413017
2011-10-29 14:00:00,104.02948202607269
2011-10-29 15:00:00,116.58714746762915
2011-10-29 16:00:00,94.8369143883082
2011-10-29 17:00:00,89.19535357796714
2011-10-29 18:00:00,82.16010874326665
2011-10-29 19:00:00,89.61798452515346
2011-10-29 20:00:00,77.91255157678924
2011-10-29 21:00:00,61.94868207297435
2011-10-29 22:00:00,63.95906753479153
2011-10-29 23:00:00,58.63240300125019
2011-10-30 00:00:00,46.596458702930875
2011-10-30 01:00:00,40.83842843241357
2011-10-30 02:00:00,26.46161087736503
2011-10-30 03:00:00,15.490012885174288
2011-10-30 04:00:00,2.9542682499810025
2011-10-30 05:00:00,3.7869359538275034
2011-10-30 06:00:00,7.167164679835878
2011-10-30 07:00:00,22.265297338087677
2011-10-30 08:00:00,54.45405687569741
2011-10-30 09:00:00,107.30906246598353
2011-10-30 10:00:00,189.18636600333917
2011-10-30 11:00:00,226.10319001168983
2011-10-30 12:00:00,271.43796059811984
2011-10-30 13:00:00,270.15118223465305
2011-10-30 14:00:00,274.13670825170135
2011-10-30 15:00:00,288.50512266022264
2011-10-30 16:00:00,287.0241385274272
2011-10-30 17:00:00,255.1632613043822
2011-10-30 18:00:00,199.65273160048
2011-10-30 19:00:00,216.3416370570923
2011-10-30 20:00:00,116.9663233262971
2011-10-30 21:00:00,88.607649513856515
2011-10-30 22:00:00,68.90208370700172
2011-10-30 23:00:00,36.33027303114716
2011-10-31 00:00:00,18.27062651931001
2011-10-31 01:00:00,5.82043917188722
2011-10-31 02:00:00,1.9317664152380776
2011-10-31 03:00:00,2.389911178311406
2011-10-31 04:00:00,3.8964503645793886
2011-10-31 05:00:00,14.005801624763869
2011-10-31 06:00:00,54.76967637402513
2011-10-31 07:00:00,197.73453953574807
2011-10-31 08:00:00,398.96248819465825
2011-10-31 09:00:00,208.153800719116
2011-10-31 10:00:00,106.84588161940326
2011-10-31 11:00:00,134.48511813125668
2011-10-31 12:00:00,167.23817217969918
2011-10-31 13:00:00,151.75375313053604
2011-10-31 14:00:00,131.56761954523606
2011-10-31 15:00:00,164.28929442177733
2011-10-31 16:00:00,228.1587934120738
2011-10-31 17:00:00,473.17772870379497
2011-10-31 18:00:00,417.5826357630359
2011-10-31 19:00:00,277.4645673560543
2011-10-31 20:00:00,200.67848975912898
2011-10-31 21:00:00,121.64278650089743
2011-10-31 22:00:00,88.1127550884691
2011-10-31 23:00:00,49.33467720087067
2011-11-20 00:00:00,74.77740607999833
2011-11-20 01:00:00,62.24609079691772
2011-11-20 02:00:00,44.96021709996323
2011-11-20 03:00:00,17.08924606164111
2011-11-20 04:00:00,4.942757682297356
2011-11-20 05:00:00,5.631615313689273
2011-11-20 06:00:00,11.724076705285068
2011-11-20 07:00:00,31.49050443626057
2011-11-20 08:00:00,68.66784263937852
2011-11-20 09:00:00,154.782626917921
2011-11-20 10:00:00,214.09227650863556
2011-11-20 11:00:00,337.5269022970232
2011-11-20 12:00:00,386.1504120566121
2011-11-20 13:00:00,361.1876780096769
2011-11-20 14:00:00,372.78570964102664
2011-11-20 15:00:00,334.4232478797102
2011-11-20 16:00:00,357.1532523542736
2011-11-20 17:00:00,310.3204269744021
2011-11-20 18:00:00,253.04988330951565
2011-11-20 19:00:00,215.26508706165677
2011-11-20 20:00:00,165.54211453021423
2011-11-20 21:00:00,130.2150030997899
2011-11-20 22:00:00,58.876032340355934
2011-11-20 23:00:00,41.45017882410838
2011-11-21 00:00:00,23.486899748928394
2011-11-21 01:00:00,7.130282864296051
2011-11-21 02:00:00,4.317952369669322
2011-11-21 03:00:00,1.6413094533584511
2011-11-21 04:00:00,3.3145864081961327
2011-11-21 05:00:00,15.062839847038214
2011-11-21 06:00:00,71.51701251977826
2011-11-21 07:00:00,247.09317397862242
2011-11-21 08:00:00,428.7832332292307
2011-11-21 09:00:00,171.75891566275556
2011-11-21 10:00:00,124.49051177817996
2011-11-21 11:00:00,140.59645296978655
2011-11-21 12:00:00,186.57679551071377
2011-11-21 13:00:00,178.71481459551012
2011-11-21 14:00:00,137.35038853755236
2011-11-21 15:00:00,77.980261864230485
2011-11-21 16:00:00,119.73679178905994
2011-11-21 17:00:00,214.96315278348706
2011-11-21 18:00:00,270.9157787674397
2011-11-21 19:00:00,159.30149017137893
2011-11-21 20:00:00,125.49302479116189
2011-11-21 21:00:00,93.58126386362144
2011-11-21 22:00:00,66.81958204179767
2011-11-21 23:00:00,40.67287077599304
2011-11-22 00:00:00,14.421217934786625
2011-11-22 01:00:00,6.574827433181178
2011-11-22 02:00:00,2.814046894337067
2011-11-22 03:00:00,1.6253909864636098
2011-11-22 04:00:00,4.297437100784784
2011-11-22 05:00:00,13.66533551848725
2011-11-22 06:00:00,79.38320167459503
2011-11-22 07:00:00,144.0842096896917
2011-11-22 08:00:00,256.5830815596375
2011-11-22 09:00:00,136.16511595202354
2011-11-22 10:00:00,67.33470056283517
2011-11-22 11:00:00,63.805341420008396
2011-11-22 12:00:00,65.12482623499598
2011-11-22 13:00:00,65.0807407329928
2011-11-22 14:00:00,57.0141928385699
2011-11-22 15:00:00,79.2906310429736
2011-11-22 16:00:00,121.46978803826968
2011-11-22 17:00:00,215.48040916135704
2011-11-22 18:00:00,198.2862455185944
2011-11-22 19:00:00,172.63860096633914
2011-11-22 20:00:00,140.88283706149323
2011-11-22 21:00:00,100.83975300510896
2011-11-22 22:00:00,97.71631487654902
2011-11-22 23:00:00,55.16997271580901
2011-11-23 00:00:00,22.792814881637074
2011-11-23 01:00:00,6.893268794719075
2011-11-23 02:00:00,2.549614279000355
2011-11-23 03:00:00,1.4585650693753247
2011-11-23 04:00:00,3.6834349089719187
2011-11-23 05:00:00,18.175384126589556
2011-11-23 06:00:00,75.4654836113693
2011-11-23 07:00:00,211.3293020912457
2011-11-23 08:00:00,443.92075254576787
2011-11-23 09:00:00,181.31295539364217
2011-11-23 10:00:00,99.71589649683347
2011-11-23 11:00:00,137.79714109396838
2011-11-23 12:00:00,182.68932291188787
2011-11-23 13:00:00,142.29395793055537
2011-11-23 14:00:00,130.72898356615494
2011-11-23 15:00:00,136.24837972392532
2011-11-23 16:00:00,197.6362107531748
2011-11-23 17:00:00,208.456496180875
2011-11-23 18:00:00,350.7052537258921
2011-11-23 19:00:00,265.3640027061895
2011-11-23 20:00:00,192.82296511729456
2011-11-23 21:00:00,134.98330733947273
2011-11-23 22:00:00,96.51712719617889
2011-11-23 23:00:00,57.90240108655821
2011-11-24 00:00:00,64.68742692720875
2011-11-24 01:00:00,35.17972816050181
2011-11-24 02:00:00,18.87975388805213
2011-11-24 03:00:00,9.770227453527667
2011-11-24 04:00:00,5.480060058812006
2011-11-24 05:00:00,7.8852872698753735
2011-11-24 06:00:00,22.63152972097655
2011-11-24 07:00:00,46.11959913197131
2011-11-24 08:00:00,113.10844006437893
2011-11-24 09:00:00,129.36136126137558
2011-11-24 10:00:00,191.30366091160917
2011-11-24 11:00:00,225.9791539171126
2011-11-24 12:00:00,328.6943916400839
2011-11-24 13:00:00,336.8715070023082
2011-11-24 14:00:00,334.4202685784757
2011-11-24 15:00:00,351.47475422244673
2011-11-24 16:00:00,347.88927984980194
2011-11-24 17:00:00,333.9781239358236
2011-11-24 18:00:00,216.05154669838367
2011-11-24 19:00:00,187.52475650452376
2011-11-24 20:00:00,142.3623256982771
2011-11-24 21:00:00,106.72648410895663
2011-11-24 22:00:00,83.263514821447
2011-11-24 23:00:00,55.802002203531934
2011-11-25 00:00:00,31.613146515745658
2011-11-25 01:00:00,18.517257066369446
2011-11-25 02:00:00,7.1761679794509705
2011-11-25 03:00:00,4.4172523477783
2011-11-25 04:00:00,3.5485038367903465
2011-11-25 05:00:00,21.235308717967982
2011-11-25 06:00:00,52.80264676776751
2011-11-25 07:00:00,215.107663037462
2011-11-25 08:00:00,376.0935866382442
2011-11-25 09:00:00,267.19867870007084
2011-11-25 10:00:00,148.24502443707726
2011-11-25 11:00:00,162.64084737742178
2011-11-25 12:00:00,246.37001502823875
2011-11-25 13:00:00,239.67123168280085
2011-11-25 14:00:00,213.05133247765562
2011-11-25 15:00:00,233.9080120312317
2011-11-25 16:00:00,345.66771590763165
2011-11-25 17:00:00,567.9720326456672
2011-11-25 18:00:00,422.43169406576095
2011-11-25 19:00:00,268.35753216116865
2011-11-25 20:00:00,178.55275100984406
2011-11-25 21:00:00,136.26792085302503
2011-11-25 22:00:00,116.86681318956052
2011-11-25 23:00:00,86.16795836027586
2011-11-26 00:00:00,73.84831101072217
2011-11-26 01:00:00,60.14839334289337
2011-11-26 02:00:00,39.934476165280444
2011-11-26 03:00:00,18.535951871036954
2011-11-26 04:00:00,5.645271469784063
2011-11-26 05:00:00,5.6988644714261625
2011-11-26 06:00:00,13.09456389816379
2011-11-26 07:00:00,28.48027326894656
2011-11-26 08:00:00,92.79298654246031
2011-11-26 09:00:00,142.389991736605
2011-11-26 10:00:00,223.74683740323195
2011-11-26 11:00:00,285.3246402721518
2011-11-26 12:00:00,379.15955765877806
2011-11-26 13:00:00,453.7083933885925
2011-11-26 14:00:00,394.10163736785125
2011-11-26 15:00:00,397.43733320520323
2011-11-26 16:00:00,351.7699202502418
2011-11-26 17:00:00,325.5346782868535
2011-11-26 18:00:00,211.20662799208753
2011-11-26 19:00:00,165.93397151904028
2011-11-26 20:00:00,136.63492783640484
2011-11-26 21:00:00,105.64730113907119
2011-11-26 22:00:00,96.52814160352789
2011-11-26 23:00:00,87.8645418578723
2011-11-27 00:00:00,70.589578661249
2011-11-27 01:00:00,63.35123131524348
2011-11-27 02:00:00,44.53529679994902
2011-11-27 03:00:00,19.696495631225915
2011-11-27 04:00:00,5.279142653375581
2011-11-27 05:00:00,5.393333982533906
2011-11-27 06:00:00,11.751339838768907
2011-11-27 07:00:00,26.97743185256604
2011-11-27 08:00:00,59.695676130429554
2011-11-27 09:00:00,168.46017542272543
2011-11-27 10:00:00,259.0160900411854
2011-11-27 11:00:00,333.25850407078417
2011-11-27 12:00:00,410.30163320885356
2011-11-27 13:00:00,422.62078650439315
2011-11-27 14:00:00,395.0118354832012
2011-11-27 15:00:00,416.22230991578
2011-11-27 16:00:00,376.5287352101334
2011-11-27 17:00:00,353.81551847299323
2011-11-27 18:00:00,291.49680808043456
2011-11-27 19:00:00,212.6617391389041
2011-11-27 20:00:00,179.60686432694547
2011-11-27 21:00:00,137.39486485868454
2011-11-27 22:00:00,105.49441259863588
2011-11-27 23:00:00,72.26365300253472
2011-11-28 00:00:00,29.71040377756093
2011-11-28 01:00:00,7.354418227997474
2011-11-28 03:00:00,2.6940786353428767
2011-11-28 04:00:00,4.5850942248040765
2011-11-28 05:00:00,21.34406553792187
2011-11-28 06:00:00,99.40081436841035
2011-11-28 07:00:00,275.4931558022896
2011-11-28 08:00:00,401.11283703623155
2011-11-28 09:00:00,170.70726844292233
2011-11-28 10:00:00,128.3861991122984
2011-11-28 11:00:00,152.18650770573717
2011-11-28 12:00:00,218.10828573528272
2011-11-28 13:00:00,185.1102862587848
2011-11-28 14:00:00,205.37207941197582
2011-11-28 15:00:00,199.06339639715313
2011-11-28 16:00:00,280.4734804298896
2011-11-28 17:00:00,547.6708248487511
2011-11-28 18:00:00,515.2369365324143
2011-11-28 19:00:00,343.22045330154714
2011-11-28 20:00:00,227.67612914964056
2011-11-28 21:00:00,162.6736067629049
2011-11-28 22:00:00,115.08735632565028
2011-11-28 23:00:00,63.857417496947676
2011-11-29 00:00:00,32.77759221984224
2011-11-29 01:00:00,10.306770080647004
2011-11-29 02:00:00,3.474967859577848
2011-11-29 03:00:00,2.9359467504578007
2011-11-29 04:00:00,5.218046332597958
2011-11-29 05:00:00,21.46748594491169
2011-11-29 06:00:00,95.95866624044938
2011-11-29 07:00:00,311.7704160852069
2011-11-29 08:00:00,432.3512407995249
2011-11-29 09:00:00,169.08965767920608
2011-11-29 10:00:00,91.01488021700699
2011-11-29 11:00:00,76.05038650371299
2011-11-29 12:00:00,80.62906399292103
2011-11-29 13:00:00,99.02928339200487
2011-11-29 14:00:00,63.888194488933614
2011-11-29 15:00:00,70.5452559834454
2011-11-29 16:00:00,123.2188879982465
2011-11-29 17:00:00,326.43719866695994
2011-11-29 18:00:00,300.5656027162248
2011-11-29 19:00:00,204.72099168764856
2011-11-29 20:00:00,162.9752738524173
2011-11-29 21:00:00,117.36144376521726
2011-11-29 22:00:00,87.08032625948789
2011-11-29 23:00:00,56.26238810189202
2011-11-30 00:00:00,25.491324173338135
2011-11-30 01:00:00,7.757035308807259
2011-11-30 02:00:00,3.6007627244202345
2011-11-30 03:00:00,3.282375003964363
2011-11-30 04:00:00,3.344675984777119
2011-11-30 05:00:00,18.886778012618823
2011-11-30 06:00:00,57.43832110057587
2011-11-30 07:00:00,225.89010417710185
2011-11-30 08:00:00,412.07118117171694
2011-11-30 09:00:00,209.07998915764423
2011-11-30 10:00:00,106.10767296306257
2011-11-30 11:00:00,122.2331137870769
2011-11-30 12:00:00,146.80005098456826
2011-11-30 13:00:00,139.2768422208866
2011-11-30 14:00:00,122.17367863390307
2011-11-30 15:00:00,138.1318067332876
2011-11-30 16:00:00,207.15990956485004
2011-11-30 17:00:00,365.09159565874995
2011-11-30 18:00:00,370.30974416805907
2011-11-30 19:00:00,233.81513548708003
2011-11-30 20:00:00,169.15517850593537
2011-11-30 21:00:00,127.86208797924527
2011-11-30 22:00:00,88.54687382278826
2011-11-30 23:00:00,56.79229652909383
2011-12-20 00:00:00,26.468636178762456
2011-12-20 01:00:00,8.732682080119034
2011-12-20 02:00:00,2.729355087318156
2011-12-20 03:00:00,2.246795885338999
2011-12-20 04:00:00,6.61273602475169
2011-12-20 05:00:00,20.147128433638144
2011-12-20 06:00:00,98.11335249042315
2011-12-20 07:00:00,279.0855311036657
2011-12-20 08:00:00,473.0733143932969
2011-12-20 09:00:00,223.35018881081294
2011-12-20 10:00:00,104.4879085739415
2011-12-20 11:00:00,118.97411495941718
2011-12-20 12:00:00,158.55471649228906
2011-12-20 13:00:00,156.2765453492926
2011-12-20 14:00:00,141.96699767515207
2011-12-20 15:00:00,150.64879591251236
2011-12-20 16:00:00,255.28160752070744
2011-12-20 17:00:00,459.56686416306997
2011-12-20 18:00:00,386.1579244713337
2011-12-20 19:00:00,284.07891988342806
2011-12-20 20:00:00,200.35085024503314
2011-12-20 21:00:00,141.31022486168885
2011-12-20 22:00:00,99.11564984203544
2011-12-20 23:00:00,60.92082715542737
2011-12-21 00:00:00,12.707094728206688
2011-12-21 01:00:00,5.139237999770565
2011-12-21 02:00:00,2.104303925243131
2011-12-21 03:00:00,1.425690749698431
2011-12-21 04:00:00,1.1321418495736117
2011-12-21 05:00:00,7.746948942635882
2011-12-21 06:00:00,38.10172288193803
2011-12-21 07:00:00,109.39989048466092
2011-12-21 08:00:00,106.08341588650129
2011-12-21 09:00:00,110.87754775538407
2011-12-21 10:00:00,49.97409770439233
2011-12-21 11:00:00,53.90022753946977
2011-12-21 12:00:00,28.5757800603208
2011-12-21 13:00:00,22.954862416147932
2011-12-21 14:00:00,52.370372811661426
2011-12-21 15:00:00,57.29348771931214
2011-12-21 16:00:00,27.784241650940572
2011-12-21 17:00:00,59.98707364226627
2011-12-21 18:00:00,112.42234563668872
2011-12-21 19:00:00,112.93722199778378
2011-12-21 20:00:00,74.64122794828359
2011-12-21 21:00:00,68.90267301452873
2011-12-21 22:00:00,58.8883954720246
2011-12-21 23:00:00,33.87182814984582
2011-12-22 00:00:00,15.666745787944778
2011-12-22 01:00:00,4.746698377338998
2011-12-22 02:00:00,2.837807636234256
2011-12-22 03:00:00,1.9406668929786195
2011-12-22 04:00:00,1.5578484207006518
2011-12-22 05:00:00,8.558676589628229
2011-12-22 06:00:00,42.294958628365016
2011-12-22 07:00:00,109.26938410958097
2011-12-22 08:00:00,211.8863993124741
2011-12-22 09:00:00,116.10049204924154
2011-12-22 10:00:00,54.77637360563594
2011-12-22 11:00:00,60.135547556438155
2011-12-22 12:00:00,92.91813066813097
2011-12-22 13:00:00,88.75202180047648
2011-12-22 14:00:00,77.78414790634726
2011-12-22 15:00:00,86.13025280803585
2011-12-22 16:00:00,121.29799495128682
2011-12-22 17:00:00,223.88612549675418
2011-12-22 18:00:00,224.60937026281292
2011-12-22 19:00:00,149.40800155370636
2011-12-22 20:00:00,67.4038049220082
2011-12-22 21:00:00,49.72714813267305
2011-12-22 22:00:00,26.943842804647367
2011-12-22 23:00:00,20.334787724223037
2011-12-23 00:00:00,7.94960622784018
2011-12-23 01:00:00,6.220055739291028
2011-12-23 02:00:00,2.614508920576944
2011-12-23 03:00:00,1.0847496920444037
2011-12-23 04:00:00,0.6904048283137892
2011-12-23 05:00:00,7.270998473402979
2011-12-23 06:00:00,39.87612553096577
2011-12-23 07:00:00,114.71027975844099
2011-12-23 08:00:00,255.4909005704814
2011-12-23 09:00:00,163.54257532707905
2011-12-23 10:00:00,79.54082681851865
2011-12-23 11:00:00,84.35260455849433
2011-12-23 12:00:00,95.87346814964398
2011-12-23 13:00:00,101.57479679545146
2011-12-23 14:00:00,85.21068806369172
2011-12-23 15:00:00,94.40852957446072
2011-12-23 16:00:00,128.1172946643517
2011-12-23 17:00:00,215.09051547580896
2011-12-23 18:00:00,188.81340122241102
2011-12-23 19:00:00,124.28700695623043
2011-12-23 20:00:00,78.54877799013124
2011-12-23 21:00:00,60.14479662082648
2011-12-23 22:00:00,56.2397281421917
2011-12-23 23:00:00,42.927713492099116
2011-12-24 00:00:00,31.961122893373034
2011-12-24 01:00:00,25.616532725023
2011-12-24 02:00:00,21.24598558199434
2011-12-24 03:00:00,8.142370171143924
2011-12-24 04:00:00,2.051599991572726
2011-12-24 05:00:00,2.1857723210117204
2011-12-24 06:00:00,3.8238697394504553
2011-12-24 07:00:00,14.474672141142854
2011-12-24 08:00:00,42.25408917917851
2011-12-24 09:00:00,59.83601349766519
2011-12-24 10:00:00,90.94445585851862
2011-12-24 11:00:00,109.5900725091904
2011-12-24 12:00:00,142.3324504719111
2011-12-24 13:00:00,138.13252472715362
2011-12-24 14:00:00,130.09034887186345
2011-12-24 15:00:00,124.6375149444981
2011-12-24 16:00:00,117.68867652232053
2011-12-24 17:00:00,97.60530807134764
2011-12-24 18:00:00,88.62788278668306
2011-12-24 19:00:00,76.27510598304184
2011-12-24 20:00:00,48.87000689760671
2011-12-24 21:00:00,42.319446071820884
2011-12-24 22:00:00,33.5945145207567
2011-12-24 23:00:00,30.64432343137524
2011-12-25 00:00:00,24.4840042663622
2011-12-25 01:00:00,21.31643605223292
2011-12-25 02:00:00,14.621770302379709
2011-12-25 03:00:00,6.643927775846773
2011-12-25 05:00:00,1.7390042562524621
2011-12-25 06:00:00,2.012222401287561
2011-12-25 07:00:00,7.908646040621102
2011-12-25 08:00:00,21.342513952769202
2011-12-25 09:00:00,39.654828407687795
2011-12-25 10:00:00,63.24321213552986
2011-12-25 11:00:00,93.4353175329831
2011-12-25 12:00:00,89.60065840596845
2011-12-25 13:00:00,109.35733324912998
2011-12-25 14:00:00,113.66310654900035
2011-12-25 15:00:00,117.10835169310556
2011-12-25 16:00:00,127.58796773676079
2011-12-25 17:00:00,117.20495765370484
2011-12-25 18:00:00,82.10304629073369
2011-12-25 19:00:00,74.37267692691677
2011-12-25 20:00:00,55.60241496354128
2011-12-25 21:00:00,42.989610777433
2011-12-25 22:00:00,32.99301309531302
2011-12-25 23:00:00,18.269235453794817
2011-12-26 00:00:00,18.64803446995469
2011-12-26 01:00:00,11.523695433318217
2011-12-26 02:00:00,9.174012327510932
2011-12-26 04:00:00,1.5621193106830176
2011-12-26 05:00:00,2.685352874262305
2011-12-26 06:00:00,5.6873196760690226
2011-12-26 07:00:00,19.257241898499515
2011-12-26 08:00:00,48.45568624303513
2011-12-26 09:00:00,52.391759080248995
2011-12-26 10:00:00,68.1303231073145
2011-12-26 11:00:00,79.93034954036537
2011-12-26 12:00:00,105.18661063403844
2011-12-26 13:00:00,117.19042644477518
2011-12-26 14:00:00,105.12344364067553
2011-12-26 15:00:00,113.49967395075039
2011-12-26 16:00:00,104.84454735109992
2011-12-26 17:00:00,99.40948795899904
2011-12-26 18:00:00,85.77690202803947
2011-12-26 19:00:00,72.43577586779499
2011-12-26 20:00:00,51.48939000861291
2011-12-26 21:00:00,31.148779481366233
2011-12-26 22:00:00,23.82294719794049
2011-12-26 23:00:00,14.552425892185115
2011-12-27 00:00:00,10.216030237056128
2011-12-27 01:00:00,3.024553743681429
2011-12-27 02:00:00,0.9041834422895203
2011-12-27 03:00:00,1.088524656624395
2011-12-27 04:00:00,1.0681667750901107
2011-12-27 05:00:00,5.614221017068385
2011-12-27 06:00:00,42.83085684531053
2011-12-27 07:00:00,113.25120104819231
2011-12-27 08:00:00,237.89360313039313
2011-12-27 09:00:00,67.62735934922911
2011-12-27 10:00:00,53.32246389764065
2011-12-27 11:00:00,28.449191675558346
2011-12-27 12:00:00,28.848857160306785
2011-12-27 13:00:00,24.926039378420878
2011-12-27 14:00:00,27.655159950896483
2011-12-27 15:00:00,29.920078294547757
2011-12-27 16:00:00,45.5161011249264
2011-12-27 17:00:00,111.35390222939348
2011-12-27 18:00:00,151.6075802441066
2011-12-27 19:00:00,115.94929215741611
2011-12-27 20:00:00,70.67615630971979
2011-12-27 21:00:00,56.19890716362001
2011-12-27 22:00:00,43.042711755796844
2011-12-27 23:00:00,21.629945927173672
2011-12-28 00:00:00,10.118872112688608
2011-12-28 01:00:00,4.465855355688094
2011-12-28 02:00:00,2.336428532326003
2011-12-28 03:00:00,1.5437013303682763
2011-12-28 05:00:00,8.247380532089904
2011-12-28 06:00:00,48.66203197770715
2011-12-28 07:00:00,128.79926998817456
2011-12-28 08:00:00,249.38734629172166
2011-12-28 09:00:00,127.51818486611079
2011-12-28 10:00:00,55.69747931343122
2011-12-28 11:00:00,62.01404248147699
2011-12-28 12:00:00,66.25652365939
2011-12-28 13:00:00,70.10604365725956
2011-12-28 14:00:00,59.11862772869206
2011-12-28 15:00:00,65.43793692939397
2011-12-28 16:00:00,89.35645221866575
2011-12-28 17:00:00,187.40199172353465
2011-12-28 18:00:00,172.83021944357796
2011-12-28 19:00:00,114.55152140113537
2011-12-28 20:00:00,80.81194342549868
2011-12-28 21:00:00,55.77287898922606
2011-12-28 22:00:00,43.71625920631938
2011-12-28 23:00:00,23.015826815226223
2011-12-29 00:00:00,9.586429016218881
2011-12-29 01:00:00,4.083052928442515
2011-12-29 02:00:00,1.6463991022766116
2011-12-29 03:00:00,1.3869423617826908
2011-12-29 04:00:00,0.9169642205483817
2011-12-29 05:00:00,7.036093922882736
2011-12-29 06:00:00,36.35250058966448
2011-12-29 07:00:00,113.36040463093295
2011-12-29 08:00:00,218.27707713309644
2011-12-29 09:00:00,113.73975463821546
2011-12-29 10:00:00,44.760844311719154
2011-12-29 11:00:00,48.223241263958066
2011-12-29 12:00:00,59.39308980422337
2011-12-29 13:00:00,65.76941333976748
2011-12-29 14:00:00,54.06568400244051
2011-12-29 15:00:00,63.347948783639005
2011-12-29 16:00:00,101.30938280082091
2011-12-29 17:00:00,202.89930372115214
2011-12-29 18:00:00,193.6640334649011
2011-12-29 19:00:00,136.92450726392846
2011-12-29 20:00:00,93.80553056739305
2011-12-29 21:00:00,66.89505990194888
2011-12-29 22:00:00,51.51965766658059
2011-12-29 23:00:00,34.38390222641263
2011-12-30 00:00:00,14.565483054742849
2011-12-30 01:00:00,6.83414882258409
2011-12-30 02:00:00,3.264175830181104
2011-12-30 03:00:00,1.8766269022119955
2011-12-30 04:00:00,1.1072858367492853
2011-12-30 05:00:00,6.611601538655859
2011-12-30 06:00:00,33.589628308173744
2011-12-30 07:00:00,97.91439799217764
2011-12-30 08:00:00,211.53797362951784
2011-12-30 09:00:00,115.7728061626719
2011-12-30 10:00:00,65.41722865822703
2011-12-30 11:00:00,73.02966576410805
2011-12-30 12:00:00,97.16896473867938
2011-12-30 13:00:00,92.23897209388235
2011-12-30 14:00:00,84.83643745618114
2011-12-30 15:00:00,100.22098535084977
2011-12-30 16:00:00,141.08185296203231
2011-12-30 17:00:00,229.65155769140853
2011-12-30 18:00:00,189.9614594910718
2011-12-30 19:00:00,114.81494930276395
2011-12-30 20:00:00,77.82433772748861
2011-12-30 21:00:00,63.05836301832949
2011-12-30 22:00:00,58.189873626553954
2011-12-30 23:00:00,42.378643846665554
2011-12-31 00:00:00,35.26050684504054
2011-12-31 01:00:00,29.198121838265138
2011-12-31 02:00:00,22.863125149687022
2011-12-31 03:00:00,8.338093993411759
2011-12-31 04:00:00,1.751744701566699
2011-12-31 05:00:00,2.219472900335695
2011-12-31 06:00:00,6.196124765415135
2011-12-31 07:00:00,9.291356983908964
2011-12-31 08:00:00,43.47398403495122
2011-12-31 09:00:00,69.04482065427138
2011-12-31 10:00:00,109.63148390306908
2011-12-31 11:00:00,146.32715215763153
2011-12-31 12:00:00,246.95056375593322
2011-12-31 13:00:00,208.30985339021447
2011-12-31 14:00:00,190.10511402577225
2011-12-31 15:00:00,179.85555071144483
2011-12-31 16:00:00,160.07456567063244
2011-12-31 17:00:00,134.18446006789821
2011-12-31 18:00:00,121.32482276530905
2011-12-31 19:00:00,97.4656472761291
2011-12-31 20:00:00,74.96744315626651
2011-12-31 21:00:00,59.88839585300347
2011-12-31 22:00:00,55.6704256544388
2011-12-31 23:00:00,41.82124706568942
2012-01-20 00:00:00,26.04724103627683
2012-01-20 01:00:00,13.819006607998
2012-01-20 02:00:00,5.856236548708317
2012-01-20 03:00:00,3.8395188515037284
2012-01-20 04:00:00,3.143367432749784
2012-01-20 05:00:00,17.339740249412998
2012-01-20 06:00:00,69.15342370394455
2012-01-20 07:00:00,210.99737245996909
2012-01-20 08:00:00,470.2183270122221
2012-01-20 09:00:00,243.51426381646306
2012-01-20 10:00:00,105.85739956975729
2012-01-20 11:00:00,95.85582342493207
2012-01-20 12:00:00,119.17727030332117
2012-01-20 13:00:00,143.89743178098578
2012-01-20 14:00:00,115.83341313589827
2012-01-20 15:00:00,128.6508647727542
2012-01-20 16:00:00,189.59294563871367
2012-01-20 17:00:00,328.91733783249566
2012-01-20 18:00:00,282.3858376634295
2012-01-20 19:00:00,201.43479073390264
2012-01-20 20:00:00,127.05779618591477
2012-01-20 21:00:00,99.30474227353092
2012-01-20 22:00:00,76.02683857554055
2012-01-20 23:00:00,45.97162567813649
2012-01-21 00:00:00,43.19668040083514
2012-01-21 01:00:00,37.837557771806175
2012-01-21 02:00:00,22.777743256734134
2012-01-21 03:00:00,10.578372208507952
2012-01-21 04:00:00,5.857283632968647
2012-01-21 05:00:00,3.039884918881159
2012-01-21 06:00:00,4.780995930563086
2012-01-21 07:00:00,15.976477626892347
2012-01-21 08:00:00,60.049340840009165
2012-01-21 09:00:00,80.14667552753303
2012-01-21 10:00:00,86.3519647252697
2012-01-21 11:00:00,149.9647521209369
2012-01-21 12:00:00,189.2062931252723
2012-01-21 13:00:00,171.74024079725166
2012-01-21 14:00:00,118.08833546817984
2012-01-21 15:00:00,118.00779767400701
2012-01-21 16:00:00,130.28918360701277
2012-01-21 17:00:00,118.42230638635912
2012-01-21 18:00:00,121.98020022835715
2012-01-21 19:00:00,89.1242359708276
2012-01-21 20:00:00,72.66221857711335
2012-01-21 21:00:00,70.29127040192502
2012-01-21 22:00:00,61.67243526561542
2012-01-21 23:00:00,49.60781366820986
2012-01-22 00:00:00,42.589570113613256
2012-01-22 01:00:00,36.8263440596423
2012-01-22 02:00:00,30.17997124476245
2012-01-22 03:00:00,11.840702450214422
2012-01-22 04:00:00,2.9811743532209842
2012-01-22 05:00:00,3.09751401800825
2012-01-22 06:00:00,4.373208017524112
2012-01-22 07:00:00,16.57087518964035
2012-01-22 08:00:00,45.56739207917907
2012-01-22 09:00:00,81.15490743290508
2012-01-22 10:00:00,120.74075940432115
2012-01-22 11:00:00,102.11816032870175
2012-01-22 12:00:00,155.66235298859328
2012-01-22 13:00:00,158.9829584343011
2012-01-22 14:00:00,150.0515418982256
2012-01-22 15:00:00,141.25936538437907
2012-01-22 16:00:00,142.6471633354477
2012-01-22 17:00:00,141.46655795523034
2012-01-22 18:00:00,83.74011582076132
2012-01-22 19:00:00,72.55636219150006
2012-01-22 20:00:00,55.476648647289316
2012-01-22 21:00:00,47.27424138893338
2012-01-22 22:00:00,47.12798343890953
2012-01-22 23:00:00,26.08001670737664
2012-01-23 00:00:00,16.77081758265143
2012-01-23 01:00:00,5.055570899275825
2012-01-23 02:00:00,2.3366531604067404
2012-01-23 03:00:00,1.8707540822928057
2012-01-23 04:00:00,1.020065314419943
2012-01-23 05:00:00,13.477834041818554
2012-01-23 06:00:00,60.11678162418973
2012-01-23 07:00:00,123.60141738948175
2012-01-23 08:00:00,284.2169465596951
2012-01-23 09:00:00,207.27378555860372
2012-01-23 10:00:00,69.52968402196244
2012-01-23 11:00:00,73.74722070877623
2012-01-23 12:00:00,78.46829204055112
2012-01-23 13:00:00,56.3215478235579
2012-01-23 14:00:00,51.69785734636706
2012-01-23 15:00:00,66.498919449699315
2012-01-23 16:00:00,139.2895603934685
2012-01-23 17:00:00,283.3773091040863
2012-01-23 18:00:00,294.22521369276524
2012-01-23 19:00:00,206.5467157530831
2012-01-23 20:00:00,110.58424781558352
2012-01-23 21:00:00,67.80290562514197
2012-01-23 22:00:00,48.56534932418795
2012-01-23 23:00:00,34.5618293795715
2012-01-24 00:00:00,13.37209349282452
2012-01-24 01:00:00,6.115709728835644
2012-01-24 02:00:00,2.5838261328560166
2012-01-24 03:00:00,2.161660744600439
2012-01-24 04:00:00,2.846225940263757
2012-01-24 05:00:00,13.367624993176403
2012-01-24 06:00:00,80.39593339949369
2012-01-24 07:00:00,222.79128408026048
2012-01-24 08:00:00,441.84597601518425
2012-01-24 09:00:00,235.04965364569932
2012-01-24 10:00:00,97.00105190285078
2012-01-24 11:00:00,105.96996550481013
2012-01-24 12:00:00,124.96695720906528
2012-01-24 13:00:00,130.68739653325883
2012-01-24 14:00:00,121.09945350535361
2012-01-24 15:00:00,138.71564734724944
2012-01-24 16:00:00,232.3593096332827
2012-01-24 17:00:00,490.97727654415587
2012-01-24 18:00:00,443.76179495027844
2012-01-24 19:00:00,326.54780808955184
2012-01-24 20:00:00,178.61080988300444
2012-01-24 21:00:00,149.79474541300712
2012-01-24 22:00:00,93.69612307407762
2012-01-24 23:00:00,57.02031061210036
2012-01-25 00:00:00,17.801161071319186
2012-01-25 01:00:00,9.662512006951607
2012-01-25 02:00:00,3.646849576488326
2012-01-25 03:00:00,3.5960558962657214
2012-01-25 04:00:00,2.3808035603113926
2012-01-25 05:00:00,14.65808802470894
2012-01-25 06:00:00,81.25565171097398
2012-01-25 07:00:00,244.84456486829885
2012-01-25 08:00:00,486.0939102987493
2012-01-25 09:00:00,249.22486054963903
2012-01-25 10:00:00,93.47000169959706
2012-01-25 11:00:00,106.91240869377047
2012-01-25 12:00:00,155.1328026887444
2012-01-25 13:00:00,153.4728637092351
2012-01-25 14:00:00,131.88469003201945
2012-01-25 15:00:00,143.4794676884997
2012-01-25 16:00:00,215.44757517967443
2012-01-25 17:00:00,448.0703512095566
2012-01-25 18:00:00,421.3082045877455
2012-01-25 19:00:00,268.0944773795323
2012-01-25 20:00:00,194.53891745218652
2012-01-25 21:00:00,137.9104498606096
2012-01-25 22:00:00,104.71299091118144
2012-01-25 23:00:00,54.95996844172145
2012-01-26 00:00:00,24.054671381351266
2012-01-26 01:00:00,9.501426308819568
2012-01-26 02:00:00,4.811263453518768
2012-01-26 03:00:00,3.330571277557847
2012-01-26 04:00:00,3.117023434143939
2012-01-26 05:00:00,20.65722856061394
2012-01-26 06:00:00,95.3622865453404
2012-01-26 07:00:00,263.7645034429094
2012-01-26 08:00:00,530.8053308614268
2012-01-26 09:00:00,256.9204453277496
2012-01-26 10:00:00,109.60269151025076
2012-01-26 11:00:00,103.49737986583484
2012-01-26 12:00:00,148.08662321287278
2012-01-26 13:00:00,150.59689673986202
2012-01-26 14:00:00,138.34176843474623
2012-01-26 15:00:00,153.45983247314803
2012-01-26 16:00:00,225.45096738129874
2012-01-26 17:00:00,440.06704341521225
2012-01-26 18:00:00,423.9310340513019
2012-01-26 19:00:00,287.115294266528
2012-01-26 20:00:00,200.42380915056168
2012-01-26 21:00:00,153.89324369487687
2012-01-26 22:00:00,120.36169116923158
2012-01-26 23:00:00,70.25304614966956
2012-01-27 00:00:00,30.084933060310284
2012-01-27 01:00:00,16.148672223849786
2012-01-27 02:00:00,6.533854065531166
2012-01-27 03:00:00,2.73694239494022
2012-01-27 04:00:00,1.7517454258283671
2012-01-27 05:00:00,16.28335320213637
2012-01-27 06:00:00,58.115798052134714
2012-01-27 07:00:00,161.85999105291978
2012-01-27 08:00:00,226.15806939110266
2012-01-27 09:00:00,135.04452159906896
2012-01-27 10:00:00,61.97883615255539
2012-01-27 11:00:00,147.15321395579412
2012-01-27 12:00:00,188.40683635192178
2012-01-27 13:00:00,236.82435113646866
2012-01-27 14:00:00,197.10723758250356
2012-01-27 15:00:00,222.85558963157212
2012-01-27 16:00:00,273.6168125472015
2012-01-27 17:00:00,451.0375414200227
2012-01-27 18:00:00,376.8407579106273
2012-01-27 19:00:00,268.8454472311744
2012-01-27 20:00:00,165.55010967637045
2012-01-27 21:00:00,115.76163549709125
2012-01-27 22:00:00,117.71338303264423
2012-01-27 23:00:00,80.49676521272963
2012-01-28 00:00:00,68.45298740077153
2012-01-28 01:00:00,57.8846817113239
2012-01-28 02:00:00,33.152137543975
2012-01-28 03:00:00,13.721890843038988
2012-01-28 04:00:00,4.343890408515318
2012-01-28 05:00:00,4.5976895155339825
2012-01-28 06:00:00,3.8145568507065337
2012-01-28 07:00:00,24.87037519219715
2012-01-28 08:00:00,77.45993550830848
2012-01-28 09:00:00,98.36287116816591
2012-01-28 10:00:00,162.17632586577622
2012-01-28 11:00:00,221.60415193312875
2012-01-28 12:00:00,243.11257054784076
2012-01-28 13:00:00,272.26956380321707
2012-01-28 14:00:00,263.5853997511431
2012-01-28 15:00:00,268.60876137034654
2012-01-28 16:00:00,270.28344550991744
2012-01-28 17:00:00,247.85117150917435
2012-01-28 18:00:00,224.75072126475177
2012-01-28 19:00:00,159.5298201533417
2012-01-28 20:00:00,140.01845546798904
2012-01-28 21:00:00,117.48379359066516
2012-01-28 22:00:00,99.20785908433756
2012-01-28 23:00:00,78.51679173923046
2012-01-29 00:00:00,61.982080110028
2012-01-29 01:00:00,51.92263538160891
2012-01-29 02:00:00,40.66856788715291
2012-01-29 03:00:00,16.416841402876916
2012-01-29 04:00:00,4.067080138864144
2012-01-29 05:00:00,3.80934656702556
2012-01-29 06:00:00,4.988906406227999
2012-01-29 07:00:00,19.73017456604733
2012-01-29 08:00:00,50.73046308129955
2012-01-29 09:00:00,88.91548617744097
2012-01-29 10:00:00,163.77094308056223
2012-01-29 11:00:00,198.26591844551757
2012-01-29 12:00:00,236.48088733768714
2012-01-29 13:00:00,225.4475100888606
2012-01-29 14:00:00,214.47990854510454
2012-01-29 15:00:00,248.98736804859897
2012-01-29 16:00:00,239.327567080106
2012-01-29 17:00:00,224.33392792263282
2012-01-29 18:00:00,176.61689016228806
2012-01-29 19:00:00,144.59072813035763
2012-01-29 20:00:00,106.94513345098309
2012-01-29 21:00:00,87.16838747528168
2012-01-29 22:00:00,67.46645988589512
2012-01-29 23:00:00,46.48975071931257
2012-01-30 00:00:00,21.914083424210567
2012-01-30 01:00:00,4.450634127373837
2012-01-30 02:00:00,2.4836386559409585
2012-01-30 03:00:00,2.1209101584711676
2012-01-30 04:00:00,2.2933528094596114
2012-01-30 05:00:00,15.084353528873164
2012-01-30 06:00:00,70.57805049091507
2012-01-30 07:00:00,207.35110389321767
2012-01-30 08:00:00,404.7947902372825
2012-01-30 09:00:00,211.23863814947853
2012-01-30 10:00:00,83.09765242452758
2012-01-30 11:00:00,98.69606897633979
2012-01-30 12:00:00,120.61765290166953
2012-01-30 13:00:00,136.06527122831417
2012-01-30 14:00:00,124.66634859359988
2012-01-30 15:00:00,128.2465504847218
2012-01-30 16:00:00,211.4654035148532
2012-01-30 17:00:00,431.45352715899423
2012-01-30 18:00:00,436.7845903059614
2012-01-30 19:00:00,277.6635024261057
2012-01-30 20:00:00,182.56623224423467
2012-01-30 21:00:00,136.2126372423851
2012-01-30 22:00:00,89.555398088498393
2012-01-30 23:00:00,44.091482573458585
2012-01-31 00:00:00,22.677024581330834
2012-01-31 01:00:00,5.9382983400589096
2012-01-31 02:00:00,2.526622220592738
2012-01-31 03:00:00,2.505518913024638
2012-01-31 04:00:00,3.2144848307496314
2012-01-31 05:00:00,18.63273298926669
2012-01-31 06:00:00,101.87247457763725
2012-01-31 07:00:00,252.16927040125032
2012-01-31 08:00:00,450.10258602471777
2012-01-31 09:00:00,264.1253197051552
2012-01-31 10:00:00,105.46677934590069
2012-01-31 11:00:00,124.84600279029452
2012-01-31 12:00:00,155.78591832733682
2012-01-31 13:00:00,176.71972161010586
2012-01-31 14:00:00,156.22031364978275
2012-01-31 15:00:00,197.50888855854697
2012-01-31 16:00:00,297.5890824196466
2012-01-31 17:00:00,609.8966990160117
2012-01-31 18:00:00,585.4564283150628
2012-01-31 19:00:00,357.5885894431875
2012-01-31 20:00:00,209.4828382089696
2012-01-31 21:00:00,175.75409112786062
2012-01-31 22:00:00,117.84763623818772
2012-01-31 23:00:00,70.37191102221162
2012-02-20 00:00:00,54.11942384937171
2012-02-20 01:00:00,23.185133729730367
2012-02-20 02:00:00,14.819689750684205
2012-02-20 03:00:00,7.732182246179405
2012-02-20 05:00:00,4.178378309118284
2012-02-20 06:00:00,9.53329060298109
2012-02-20 07:00:00,32.93741805088828
2012-02-20 08:00:00,73.48685031531136
2012-02-20 09:00:00,75.69989276094783
2012-02-20 10:00:00,101.53782148867177
2012-02-20 11:00:00,139.2421906150933
2012-02-20 12:00:00,181.5775250141351
2012-02-20 13:00:00,181.4192331122257
2012-02-20 14:00:00,178.6579168164657
2012-02-20 15:00:00,199.40234383074738
2012-02-20 16:00:00,221.26340649286965
2012-02-20 17:00:00,208.93940734706644
2012-02-20 18:00:00,177.718925548693
2012-02-20 19:00:00,161.1205256347898
2012-02-20 20:00:00,115.04955616390079
2012-02-20 21:00:00,82.67581685725202
2012-02-20 22:00:00,62.97602028600098
2012-02-20 23:00:00,36.50879388681063
2012-02-21 00:00:00,19.727589837262105
2012-02-21 01:00:00,6.038658760021945
2012-02-21 02:00:00,1.7618754309788962
2012-02-21 04:00:00,2.9733801875830377
2012-02-21 05:00:00,15.897383939446122
2012-02-21 06:00:00,71.39642799551271
2012-02-21 07:00:00,205.51880470291994
2012-02-21 08:00:00,455.962398442756
2012-02-21 09:00:00,235.2583273828539
2012-02-21 10:00:00,94.90043385533941
2012-02-21 11:00:00,92.49496092943737
2012-02-21 12:00:00,129.66857680200133
2012-02-21 13:00:00,141.21555923354492
2012-02-21 14:00:00,109.95119291951353
2012-02-21 15:00:00,133.70545674971578
2012-02-21 16:00:00,217.51685804083593
2012-02-21 17:00:00,459.6522988639465
2012-02-21 18:00:00,438.8390225380774
2012-02-21 19:00:00,291.15879224389545
2012-02-21 20:00:00,187.02961352681208
2012-02-21 21:00:00,144.0150531307718
2012-02-21 22:00:00,99.10972948477153
2012-02-21 23:00:00,56.15275428915495
2012-02-22 00:00:00,24.60063610823675
2012-02-22 01:00:00,10.232808269126872
2012-02-22 02:00:00,3.446058579502804
2012-02-22 03:00:00,3.098438616944768
2012-02-22 04:00:00,2.3108233835557765
2012-02-22 05:00:00,20.57428178746029
2012-02-22 06:00:00,105.30597893415514
2012-02-22 07:00:00,285.20033546678394
2012-02-22 08:00:00,549.5478975779502
2012-02-22 09:00:00,283.8000246563708
2012-02-22 10:00:00,120.98159286095263
2012-02-22 11:00:00,128.6567542721715
2012-02-22 12:00:00,162.59302054042007
2012-02-22 13:00:00,161.13300494070802
2012-02-22 14:00:00,145.55244308330447
2012-02-22 15:00:00,178.31308392069084
2012-02-22 16:00:00,295.26030742471437
2012-02-22 17:00:00,591.7430249478268
2012-02-22 18:00:00,500.35853455289
2012-02-22 19:00:00,333.44970068140356
2012-02-22 20:00:00,217.3248774495908
2012-02-22 21:00:00,170.81939178739748
2012-02-22 22:00:00,116.05816215374172
2012-02-22 23:00:00,72.2806042896792
2012-02-23 00:00:00,28.229029111324703
2012-02-23 01:00:00,8.986762366295002
2012-02-23 02:00:00,5.8547445771108695
2012-02-23 03:00:00,2.668331704970022
2012-02-23 04:00:00,2.3627801143845217
2012-02-23 05:00:00,22.88190288134661
2012-02-23 06:00:00,103.53489802079967
2012-02-23 07:00:00,297.35106180981194
2012-02-23 08:00:00,533.8523688597157
2012-02-23 09:00:00,292.64828527064043
2012-02-23 10:00:00,126.06906304268446
2012-02-23 11:00:00,160.28384489796835
2012-02-23 12:00:00,202.12874367926304
2012-02-23 13:00:00,216.80244878401464
2012-02-23 14:00:00,194.4927262527779
2012-02-23 15:00:00,218.00763713877978
2012-02-23 16:00:00,321.0381738375062
2012-02-23 17:00:00,640.4790783460168
2012-02-23 18:00:00,628.1074737762658
2012-02-23 19:00:00,389.2507756132348
2012-02-23 20:00:00,268.5364252441926
2012-02-23 21:00:00,179.0183968801379
2012-02-23 22:00:00,135.16578273733754
2012-02-23 23:00:00,84.881873568288
2012-02-24 00:00:00,35.48897471975023
2012-02-24 01:00:00,20.298642014677032
2012-02-24 02:00:00,7.5912865622804055
2012-02-24 03:00:00,5.048498538820816
2012-02-24 04:00:00,3.248812984708452
2012-02-24 05:00:00,18.873107928840298
2012-02-24 06:00:00,87.64397664907872
2012-02-24 07:00:00,259.8408010386918
2012-02-24 08:00:00,538.2682368364801
2012-02-24 09:00:00,143.10219013927792
2012-02-24 10:00:00,81.14107346731873
2012-02-24 11:00:00,143.92215246331097
2012-02-24 12:00:00,192.7786228403647
2012-02-24 13:00:00,199.28412533222877
2012-02-24 14:00:00,196.50140879435006
2012-02-24 15:00:00,84.4488037724573
2012-02-24 16:00:00,119.04364087217988
2012-02-24 17:00:00,196.42634584978777
2012-02-24 18:00:00,300.035264231439
2012-02-24 19:00:00,247.6950082723472
2012-02-24 20:00:00,193.17237192089797
2012-02-24 21:00:00,138.0485524885308
2012-02-24 22:00:00,126.12769523357397
2012-02-24 23:00:00,89.27247512714595
2012-02-25 00:00:00,75.38750267379362
2012-02-25 01:00:00,56.192011646037614
2012-02-25 02:00:00,40.298747149522505
2012-02-25 03:00:00,14.47601297145351
2012-02-25 04:00:00,4.006976107404418
2012-02-25 05:00:00,3.7448804035670027
2012-02-25 06:00:00,9.18656475124651
2012-02-25 07:00:00,33.23293604257144
2012-02-25 08:00:00,77.32273842599929
2012-02-25 09:00:00,70.33899415315813
2012-02-25 10:00:00,163.4092411195831
2012-02-25 11:00:00,197.2481628069966
2012-02-25 12:00:00,226.92237026244845
2012-02-25 13:00:00,250.37353108851784
2012-02-25 14:00:00,218.45430908721045
2012-02-25 15:00:00,240.64397298029132
2012-02-25 16:00:00,200.87043209375963
2012-02-25 17:00:00,204.5864777546952
2012-02-25 18:00:00,170.04245806509778
2012-02-25 19:00:00,135.30809045064282
2012-02-25 20:00:00,94.48099082327113
2012-02-25 21:00:00,84.00233220263745
2012-02-25 22:00:00,70.01625432323958
2012-02-25 23:00:00,62.96146000527502
2012-02-26 00:00:00,54.542936902172656
2012-02-26 01:00:00,44.940170587151236
2012-02-26 02:00:00,32.822105209995684
2012-02-26 03:00:00,16.04322094486814
2012-02-26 04:00:00,2.6526260069000513
2012-02-26 05:00:00,3.7701288966063466
2012-02-26 06:00:00,4.720340424308132
2012-02-26 07:00:00,16.598808439459102
2012-02-26 08:00:00,48.04505473374064
2012-02-26 09:00:00,92.56664895893437
2012-02-26 10:00:00,161.34934021643457
2012-02-26 11:00:00,197.65936523540663
2012-02-26 12:00:00,241.07142123801836
2012-02-26 13:00:00,232.910259915094
2012-02-26 14:00:00,221.89404067738366
2012-02-26 15:00:00,240.0235542458918
2012-02-26 16:00:00,259.87529561182686
2012-02-26 17:00:00,225.83805812945948
2012-02-26 18:00:00,173.0135119621442
2012-02-26 19:00:00,161.33403490122103
2012-02-26 20:00:00,111.01062296495081
2012-02-26 21:00:00,92.88070168291165
2012-02-26 22:00:00,67.66440672120092
2012-02-26 23:00:00,41.24577426880396
2012-02-27 00:00:00,21.43541475475533
2012-02-27 01:00:00,5.9472617576007005
2012-02-27 02:00:00,2.5001213146562433
2012-02-27 03:00:00,2.4421791989221653
2012-02-27 04:00:00,3.1102790765381396
2012-02-27 05:00:00,15.876356512732643
2012-02-27 06:00:00,73.72617067119333
2012-02-27 07:00:00,224.59552620578947
2012-02-27 08:00:00,454.932431751487
2012-02-27 09:00:00,239.94986104859132
2012-02-27 10:00:00,103.80334029707907
2012-02-27 11:00:00,126.92525532185293
2012-02-27 12:00:00,161.28114417811366
2012-02-27 13:00:00,152.660654850582
2012-02-27 14:00:00,152.40145090370942
2012-02-27 15:00:00,187.9753526700655
2012-02-27 16:00:00,293.24879076053844
2012-02-27 17:00:00,586.0639472420083
2012-02-27 18:00:00,566.5136777304486
2012-02-27 19:00:00,367.47124675012475
2012-02-27 20:00:00,240.6907284635635
2012-02-27 21:00:00,171.9647108929699
2012-02-27 22:00:00,110.16043137825021
2012-02-27 23:00:00,61.2220227069853
2012-02-28 00:00:00,28.840272803940824
2012-02-28 01:00:00,8.946125297881549
2012-02-28 02:00:00,2.579498181071398
2012-02-28 03:00:00,2.5823735549141817
2012-02-28 04:00:00,4.066528614723459
2012-02-28 05:00:00,20.015368705050545
2012-02-28 06:00:00,98.16837981644525
2012-02-28 07:00:00,272.0069109734901
2012-02-28 08:00:00,478.8632766566878
2012-02-28 09:00:00,275.4891544465477
2012-02-28 10:00:00,107.80331600923877
2012-02-28 11:00:00,119.31093655141811
2012-02-28 12:00:00,161.84680026419105
2012-02-28 13:00:00,158.00646750224
2012-02-28 14:00:00,143.25079914166525
2012-02-28 15:00:00,155.32097299503076
2012-02-28 16:00:00,247.16127622574538
2012-02-28 17:00:00,494.5295928126598
2012-02-28 18:00:00,471.68254547963136
2012-02-28 19:00:00,315.4281393277283
2012-02-28 20:00:00,218.31595915714303
2012-02-28 21:00:00,148.47124358881044
2012-02-28 22:00:00,107.09493488855895
2012-02-28 23:00:00,57.53177790561025
2012-02-29 00:00:00,26.276541809094734
2012-02-29 01:00:00,10.424355242572924
2012-02-29 02:00:00,3.662578335892998
2012-02-29 03:00:00,3.301160921390798
2012-02-29 05:00:00,17.679132073962485
2012-02-29 06:00:00,99.82135904705177
2012-02-29 07:00:00,229.7512489042488
2012-02-29 08:00:00,528.2658345566148
2012-02-29 09:00:00,105.86650173818988
2012-02-29 10:00:00,44.62567811873379
2012-02-29 11:00:00,37.27250206513271
2012-02-29 12:00:00,37.21987192899137
2012-02-29 13:00:00,96.43988228043936
2012-02-29 14:00:00,84.88734478539828
2012-02-29 15:00:00,117.60763189142268
2012-02-29 16:00:00,93.84397970139511
2012-02-29 17:00:00,390.2563321346957
2012-02-29 18:00:00,189.55741269302885
2012-02-29 19:00:00,270.45329178970235
2012-02-29 20:00:00,94.72817732807609
2012-02-29 21:00:00,69.88758770613131
2012-02-29 22:00:00,45.785927107543934
2012-02-29 23:00:00,28.549500848932478
2012-03-20 00:00:00,33.185274927430314
2012-03-20 01:00:00,10.06420220577556
2012-03-20 02:00:00,2.7680197189049824
2012-03-20 03:00:00,3.0532578682034317
2012-03-20 04:00:00,5.562570936440964
2012-03-20 05:00:00,19.393117473512778
2012-03-20 06:00:00,103.095442089042
2012-03-20 07:00:00,141.1576176519777
2012-03-20 08:00:00,499.9607323818745
2012-03-20 09:00:00,251.95262925609177
2012-03-20 10:00:00,124.25115502904455
2012-03-20 11:00:00,157.9501811149172
2012-03-20 12:00:00,206.5181488948249
2012-03-20 13:00:00,202.38450069323665
2012-03-20 14:00:00,174.88477254711665
2012-03-20 15:00:00,187.11629571588716
2012-03-20 16:00:00,303.16103085546075
2012-03-20 17:00:00,621.9681643428736
2012-03-20 18:00:00,584.5351673388903
2012-03-20 19:00:00,413.1498702713229
2012-03-20 20:00:00,286.58038480658627
2012-03-20 21:00:00,201.38086959932986
2012-03-20 22:00:00,143.58574375936146
2012-03-20 23:00:00,80.48885367446559
2012-03-21 00:00:00,38.698138620958936
2012-03-21 01:00:00,17.04606930859629
2012-03-21 02:00:00,4.782649969092317
2012-03-21 03:00:00,4.125875571770458
2012-03-21 04:00:00,4.581535850065159
2012-03-21 05:00:00,28.402078644017028
2012-03-21 06:00:00,116.54367124745495
2012-03-21 07:00:00,156.88643973777963
2012-03-21 08:00:00,308.44445304337967
2012-03-21 09:00:00,265.68241116199266
2012-03-21 10:00:00,169.32524404556045
2012-03-21 11:00:00,183.99667305990542
2012-03-21 12:00:00,239.82840620091594
2012-03-21 13:00:00,212.20047134363853
2012-03-21 14:00:00,211.16346816254648
2012-03-21 15:00:00,232.12569182970879
2012-03-21 16:00:00,351.56209883208317
2012-03-21 17:00:00,720.4361606625412
2012-03-21 18:00:00,707.2747965845364
2012-03-21 19:00:00,507.9211781411319
2012-03-21 20:00:00,364.86428027060225
2012-03-21 21:00:00,251.77249813115478
2012-03-21 22:00:00,189.66359938978377
2012-03-21 23:00:00,110.99893744993844
2012-03-22 00:00:00,46.37530602983073
2012-03-22 01:00:00,17.801842627785287
2012-03-22 02:00:00,9.87775882994262
2012-03-22 03:00:00,6.0025728971811745
2012-03-22 04:00:00,3.5528193948668516
2012-03-22 05:00:00,23.562894252917022
2012-03-22 06:00:00,103.95035036529049
2012-03-22 07:00:00,308.8541094555324
2012-03-22 08:00:00,524.9031521467955
2012-03-22 09:00:00,248.91793671140863
2012-03-22 10:00:00,106.69593263556582
2012-03-22 11:00:00,145.59895286193122
2012-03-22 12:00:00,197.1829069863528
2012-03-22 13:00:00,286.1554720824065
2012-03-22 14:00:00,271.1069628541826
2012-03-22 15:00:00,264.23596120411514
2012-03-22 16:00:00,394.5434045734388
2012-03-22 17:00:00,833.1269460878411
2012-03-22 18:00:00,810.6615804952788
2012-03-22 19:00:00,565.1677203821698
2012-03-22 20:00:00,375.09555879964574
2012-03-22 21:00:00,277.0429274958984
2012-03-22 22:00:00,187.58365834203144
2012-03-22 23:00:00,128.9202818830511
2012-03-23 00:00:00,54.07372968140275
2012-03-23 01:00:00,26.27282072617422
2012-03-23 02:00:00,9.665266106612945
2012-03-23 03:00:00,6.562235354047124
2012-03-23 04:00:00,5.248984093356605
2012-03-23 05:00:00,25.438031366604655
2012-03-23 06:00:00,112.1308025004226
2012-03-23 07:00:00,331.7868549179406
2012-03-23 08:00:00,533.487292352773
2012-03-23 09:00:00,320.7672003676407
2012-03-23 10:00:00,188.6728686496935
2012-03-23 11:00:00,258.058176892915
2012-03-23 12:00:00,354.9959984011598
2012-03-23 13:00:00,338.9837250555768
2012-03-23 14:00:00,321.73170044713123
2012-03-23 15:00:00,351.4928990552602
2012-03-23 16:00:00,479.5143877129263
2012-03-23 17:00:00,777.3610139285277
2012-03-23 18:00:00,732.6904083240422
2012-03-23 19:00:00,502.0771252083022
2012-03-23 20:00:00,381.8958525425387
2012-03-23 21:00:00,271.8084544894957
2012-03-23 22:00:00,231.2194504729775
2012-03-23 23:00:00,171.11358280514233
2012-03-24 00:00:00,151.73342614637846
2012-03-24 01:00:00,132.30580152251494
2012-03-24 02:00:00,83.40781806893706
2012-03-24 03:00:00,41.821774865142046
2012-03-24 04:00:00,12.956212243074562
2012-03-24 05:00:00,10.811416589315446
2012-03-24 06:00:00,37.372302994306615
2012-03-24 07:00:00,60.63379121030554
2012-03-24 08:00:00,125.91218489818013
2012-03-24 09:00:00,268.76974001155384
2012-03-24 10:00:00,313.50267141368545
2012-03-24 11:00:00,309.1627768953432
2012-03-24 12:00:00,216.20571729008492
2012-03-24 13:00:00,205.67678864456425
2012-03-24 14:00:00,191.10416698306645
2012-03-24 15:00:00,158.79831798732434
2012-03-24 16:00:00,162.14629443081748
2012-03-24 17:00:00,186.2066080882737
2012-03-24 18:00:00,136.87813502568346
2012-03-24 19:00:00,126.70564866519268
2012-03-24 20:00:00,91.19174630524537
2012-03-24 21:00:00,78.71059671608987
2012-03-24 22:00:00,65.65503843686578
2012-03-24 23:00:00,79.20920443729412
2012-03-25 00:00:00,62.07442315984774
2012-03-25 01:00:00,45.97255350343742
2012-03-25 02:00:00,32.84066697200885
2012-03-25 03:00:00,10.2582932310693
2012-03-25 04:00:00,3.936127635738723
2012-03-25 05:00:00,4.846907824310513
2012-03-25 06:00:00,11.346355972903297
2012-03-25 07:00:00,24.359874679862322
2012-03-25 08:00:00,58.91258931424842
2012-03-25 09:00:00,115.75634610566489
2012-03-25 10:00:00,171.5088596373826
2012-03-25 11:00:00,200.28176210833655
2012-03-25 12:00:00,231.87359275695243
2012-03-25 13:00:00,277.57540058731996
2012-03-25 14:00:00,304.0383120212121
2012-03-25 15:00:00,274.207287431489
2012-03-25 16:00:00,478.72408756346084
2012-03-25 17:00:00,457.01820502937966
2012-03-25 18:00:00,363.0314321860115
2012-03-25 19:00:00,290.7449355064531
2012-03-25 20:00:00,220.86111830478427
2012-03-25 21:00:00,194.53521158618457
2012-03-25 22:00:00,139.29726058094977
2012-03-25 23:00:00,98.8758524324155
2012-03-26 00:00:00,35.21125360956479
2012-03-26 01:00:00,10.73356026135127
2012-03-26 02:00:00,4.6701140272648
2012-03-26 03:00:00,3.423676036133319
2012-03-26 04:00:00,4.11811863076315
2012-03-26 05:00:00,28.85784703451301
2012-03-26 06:00:00,96.26899266837073
2012-03-26 07:00:00,406.8091050929024
2012-03-26 08:00:00,673.2114381079688
2012-03-26 09:00:00,291.54077235226947
2012-03-26 10:00:00,164.90105710787395
2012-03-26 11:00:00,188.38806514205933
2012-03-26 12:00:00,220.86464186957096
2012-03-26 13:00:00,228.02500957757755
2012-03-26 14:00:00,206.53857473946925
2012-03-26 15:00:00,213.79803192443617
2012-03-26 16:00:00,307.36238473856906
2012-03-26 17:00:00,618.9476782776908
2012-03-26 18:00:00,558.8260628447892
2012-03-26 19:00:00,290.22003637437325
2012-03-26 20:00:00,174.26925132779712
2012-03-26 21:00:00,137.29502856275295
2012-03-26 22:00:00,82.17943821725979
2012-03-26 23:00:00,37.30000063199689
2012-03-27 00:00:00,20.73892285115874
2012-03-27 01:00:00,5.584575378084964
2012-03-27 02:00:00,2.1313401293750425
2012-03-27 03:00:00,1.9261805507756222
2012-03-27 04:00:00,3.113897089304981
2012-03-27 05:00:00,13.365492786773887
2012-03-27 06:00:00,70.16823698143838
2012-03-27 07:00:00,224.6842976547269
2012-03-27 08:00:00,413.92347115368415
2012-03-27 09:00:00,201.20557579667056
2012-03-27 10:00:00,90.9947566274414
2012-03-27 11:00:00,112.83777457551
2012-03-27 12:00:00,138.24268367046295
2012-03-27 13:00:00,174.55657957965525
2012-03-27 14:00:00,164.80099479377594
2012-03-27 15:00:00,170.87782089230313
2012-03-27 16:00:00,269.31585705352484
2012-03-27 17:00:00,536.155343890927
2012-03-27 18:00:00,531.3832511090677
2012-03-27 19:00:00,350.1019305936491
2012-03-27 20:00:00,256.2453065583145
2012-03-27 21:00:00,176.09788071712902
2012-03-27 22:00:00,129.49530529026168
2012-03-27 23:00:00,75.424650792466025
2012-03-28 00:00:00,26.27279703537967
2012-03-28 01:00:00,7.808243701638111
2012-03-28 02:00:00,4.412259723562347
2012-03-28 03:00:00,2.7236016266434664
2012-03-28 04:00:00,3.260067516123772
2012-03-28 05:00:00,23.36220503150443
2012-03-28 06:00:00,107.10872027930287
2012-03-28 07:00:00,298.7353349283034
2012-03-28 08:00:00,676.4009128528205
2012-03-28 09:00:00,314.272149481496
2012-03-28 10:00:00,163.8290264874895
2012-03-28 11:00:00,185.31538694732782
2012-03-28 12:00:00,267.77320188362796
2012-03-28 13:00:00,246.05439021129547
2012-03-28 14:00:00,244.8362099316362
2012-03-28 15:00:00,255.93782760363447
2012-03-28 16:00:00,235.29851419885284
2012-03-28 17:00:00,725.1356000898314
2012-03-28 18:00:00,729.1743715925927
2012-03-28 19:00:00,529.7533061640286
2012-03-28 20:00:00,367.8617954276969
2012-03-28 21:00:00,258.2841706139984
2012-03-28 22:00:00,201.82668109990038
2012-03-28 23:00:00,117.95632187728444
2012-03-29 00:00:00,47.420120279208774
2012-03-29 01:00:00,19.07643068836197
2012-03-29 02:00:00,8.347392125247314
2012-03-29 03:00:00,5.136609457453843
2012-03-29 04:00:00,8.241104067298787
2012-03-29 05:00:00,34.07235329715239
2012-03-29 06:00:00,159.577270266823
2012-03-29 07:00:00,465.9536785890411
2012-03-29 08:00:00,803.3310715782444
2012-03-29 09:00:00,317.5854369177988
2012-03-29 10:00:00,162.95866723868664
2012-03-29 11:00:00,195.4346054934177
2012-03-29 12:00:00,246.56707222264285
2012-03-29 13:00:00,234.37871665986376
2012-03-29 14:00:00,209.57425322273355
2012-03-29 15:00:00,258.7324975518674
2012-03-29 16:00:00,379.68679208321475
2012-03-29 17:00:00,743.1445517532451
2012-03-29 18:00:00,623.3326963717074
2012-03-29 19:00:00,445.95847009286143
2012-03-29 20:00:00,298.9460256694006
2012-03-29 21:00:00,211.87480374259857
2012-03-29 22:00:00,151.3643799749689
2012-03-29 23:00:00,98.58233362111824
2012-03-30 00:00:00,40.39159703737082
2012-03-30 01:00:00,16.902608671412683
2012-03-30 02:00:00,9.138712468931764
2012-03-30 03:00:00,3.5389828225284212
2012-03-30 04:00:00,4.527351495711697
2012-03-30 05:00:00,21.42605940094722
2012-03-30 06:00:00,91.94900893690085
2012-03-30 07:00:00,263.06879592148454
2012-03-30 08:00:00,512.4182966649303
2012-03-30 09:00:00,290.96270182344176
2012-03-30 10:00:00,168.91094824688048
2012-03-30 11:00:00,172.80509767471008
2012-03-30 12:00:00,223.80261604357696
2012-03-30 13:00:00,135.3137004301293
2012-03-30 14:00:00,114.40193139648997
2012-03-30 15:00:00,136.9546035389442
2012-03-30 16:00:00,185.74022892882272
2012-03-30 17:00:00,483.4413191604498
2012-03-30 18:00:00,476.8695551842901
2012-03-30 19:00:00,331.9620030470102
2012-03-30 20:00:00,231.44723867064283
2012-03-30 21:00:00,176.2959958911514
2012-03-30 22:00:00,154.4830526009396
2012-03-30 23:00:00,109.87263006006876
2012-03-31 00:00:00,93.75133615026665
2012-03-31 01:00:00,73.56877858455951
2012-03-31 02:00:00,56.930634253059175
2012-03-31 03:00:00,24.53284208708464
2012-03-31 04:00:00,5.147008649509627
2012-03-31 05:00:00,7.817566119047657
2012-03-31 06:00:00,23.5275496145006
2012-03-31 07:00:00,41.31776341503554
2012-03-31 08:00:00,101.6771370113324
2012-03-31 09:00:00,169.31123522298716
2012-03-31 10:00:00,277.48048290185966
2012-03-31 11:00:00,479.1364008409964
2012-03-31 12:00:00,556.7579487948725
2012-03-31 13:00:00,652.6357212600493
2012-03-31 14:00:00,468.73442575977316
2012-03-31 15:00:00,497.21112792359213
2012-03-31 16:00:00,457.44708745684056
2012-03-31 17:00:00,453.66640375759886
2012-03-31 18:00:00,260.3572934555012
2012-03-31 19:00:00,223.16567465999447
2012-03-31 20:00:00,157.4308102698312
2012-03-31 21:00:00,128.98980605980788
2012-03-31 22:00:00,116.18355228737262
2012-03-31 23:00:00,80.23288922990187
2012-04-20 00:00:00,54.856379174099445
2012-04-20 01:00:00,24.683998728740512
2012-04-20 02:00:00,8.9828813002188
2012-04-20 03:00:00,5.356595696552866
2012-04-20 04:00:00,3.645477849904508
2012-04-20 05:00:00,24.827579783943044
2012-04-20 06:00:00,110.79033806872866
2012-04-20 07:00:00,296.3876187067878
2012-04-20 08:00:00,600.5771790264657
2012-04-20 09:00:00,328.03193079352917
2012-04-20 10:00:00,211.834742396972
2012-04-20 11:00:00,295.9524800444982
2012-04-20 12:00:00,358.6051395582184
2012-04-20 13:00:00,354.9804690181694
2012-04-20 14:00:00,322.81705479533446
2012-04-20 15:00:00,348.8437308835256
2012-04-20 16:00:00,517.9538311611376
2012-04-20 17:00:00,800.8934792110542
2012-04-20 18:00:00,680.5111397192461
2012-04-20 19:00:00,496.6356324997515
2012-04-20 20:00:00,332.5234293650915
2012-04-20 21:00:00,261.2353492354432
2012-04-20 22:00:00,220.28559946570772
2012-04-20 23:00:00,177.03191667310384
2012-04-21 00:00:00,146.71152775628394
2012-04-21 01:00:00,126.96235364813343
2012-04-21 02:00:00,90.85965906409257
2012-04-21 03:00:00,33.82936577562092
2012-04-21 04:00:00,9.805586074617095
2012-04-21 05:00:00,10.194572746393138
2012-04-21 06:00:00,35.64653847488604
2012-04-21 07:00:00,61.977093727703085
2012-04-21 08:00:00,189.93885489245253
2012-04-21 09:00:00,331.62943966008334
2012-04-21 10:00:00,470.89179683512464
2012-04-21 11:00:00,527.3853908150331
2012-04-21 12:00:00,646.4140203672205
2012-04-21 13:00:00,681.3945514367742
2012-04-21 14:00:00,666.1394708186863
2012-04-21 15:00:00,690.6788427377462
2012-04-21 16:00:00,593.7377951738198
2012-04-21 17:00:00,532.7514889973155
2012-04-21 18:00:00,431.90884370184676
2012-04-21 19:00:00,191.34531608057176
2012-04-21 20:00:00,113.18759384087616
2012-04-21 21:00:00,87.22533259703356
2012-04-21 22:00:00,155.2558429572397
2012-04-21 23:00:00,108.76167076766457
2012-04-22 00:00:00,100.78222705243485
2012-04-22 01:00:00,72.33317104603323
2012-04-22 02:00:00,70.13749654923578
2012-04-22 03:00:00,28.213356963110257
2012-04-22 04:00:00,5.670917481619627
2012-04-22 05:00:00,7.414305810896503
2012-04-22 06:00:00,17.88451471122338
2012-04-22 07:00:00,20.447471301442068
2012-04-22 08:00:00,43.804768075104406
2012-04-22 09:00:00,76.77829513904398
2012-04-22 10:00:00,107.47667700437177
2012-04-22 11:00:00,109.25191788519558
2012-04-22 12:00:00,130.0485958105944
2012-04-22 13:00:00,128.04593340053052
2012-04-22 14:00:00,120.25448246375402
2012-04-22 15:00:00,113.79124512932839
2012-04-22 16:00:00,108.59523883714942
2012-04-22 17:00:00,74.57022728718958
2012-04-22 18:00:00,63.025491909347856
2012-04-22 19:00:00,50.009590398536574
2012-04-22 20:00:00,42.66775564215707
2012-04-22 21:00:00,39.272242328124214
2012-04-22 22:00:00,22.275940887255175
2012-04-22 23:00:00,22.91263961023973
2012-04-23 00:00:00,9.240384697521268
2012-04-23 01:00:00,2.4286299294231255
2012-04-23 02:00:00,2.1233836085498927
2012-04-23 03:00:00,1.00745753341296
2012-04-23 04:00:00,1.0815800179533308
2012-04-23 05:00:00,6.945060440256671
2012-04-23 06:00:00,59.80440364434808
2012-04-23 07:00:00,105.35096013470303
2012-04-23 08:00:00,348.8383026141039
2012-04-23 09:00:00,159.98749362857455
2012-04-23 10:00:00,74.9830974101883
2012-04-23 11:00:00,82.98624726866773
2012-04-23 12:00:00,64.13274648985683
2012-04-23 13:00:00,63.88940463706947
2012-04-23 14:00:00,60.831066832869695
2012-04-23 15:00:00,107.77129185978202
2012-04-23 16:00:00,65.72977808632932
2012-04-23 17:00:00,140.249082765703
2012-04-23 18:00:00,169.2644261266428
2012-04-23 19:00:00,195.03565005225107
2012-04-23 20:00:00,129.91345539105274
2012-04-23 21:00:00,87.96096971703194
2012-04-23 22:00:00,69.05695897348188
2012-04-23 23:00:00,40.34919666195695
2012-04-24 00:00:00,21.45731793019403
2012-04-24 01:00:00,6.555466433339013
2012-04-24 02:00:00,2.702453867262076
2012-04-24 03:00:00,2.4426263209993824
2012-04-24 04:00:00,2.0254505604671236
2012-04-24 05:00:00,19.51806245677399
2012-04-24 06:00:00,91.91701444062078
2012-04-24 07:00:00,256.06114469918157
2012-04-24 08:00:00,482.12178951295033
2012-04-24 09:00:00,300.72631566860593
2012-04-24 10:00:00,134.09165441257855
2012-04-24 11:00:00,174.91832577441275
2012-04-24 12:00:00,233.38038135460317
2012-04-24 13:00:00,226.07138373617113
2012-04-24 14:00:00,197.04330165264648
2012-04-24 15:00:00,218.48513582484716
2012-04-24 16:00:00,331.583791150666
2012-04-24 17:00:00,720.3325974401552
2012-04-24 18:00:00,616.1880834021023
2012-04-24 19:00:00,408.2256368093193
2012-04-24 20:00:00,287.7648436966757
2012-04-24 21:00:00,200.6531274229882
2012-04-24 22:00:00,152.09961595020906
2012-04-24 23:00:00,85.40437089517789
2012-04-25 00:00:00,35.670060490326065
2012-04-25 01:00:00,12.809261544399513
2012-04-25 02:00:00,5.306997009643767
2012-04-25 03:00:00,2.9702937956436415
2012-04-25 04:00:00,2.5738532604774282
2012-04-25 05:00:00,26.364111488916784
2012-04-25 06:00:00,121.0790381967951
2012-04-25 07:00:00,361.76918849606307
2012-04-25 08:00:00,675.9760076408288
2012-04-25 09:00:00,327.83202850484713
2012-04-25 10:00:00,182.76909774469354
2012-04-25 11:00:00,224.26100746606068
2012-04-25 12:00:00,275.68751624854804
2012-04-25 13:00:00,253.8200881932191
2012-04-25 14:00:00,223.47250004118882
2012-04-25 15:00:00,274.6861339894523
2012-04-25 16:00:00,381.4942129323306
2012-04-25 17:00:00,704.7376019532525
2012-04-25 18:00:00,725.8387087421183
2012-04-25 19:00:00,505.7390289393561
2012-04-25 20:00:00,363.8446115419531
2012-04-25 21:00:00,254.96883968080297
2012-04-25 22:00:00,164.67501209140667
2012-04-25 23:00:00,97.0449852152336
2012-04-26 00:00:00,37.82820311578553
2012-04-26 01:00:00,14.909285563313258
2012-04-26 02:00:00,9.68987881537933
2012-04-26 03:00:00,4.052972632206374
2012-04-26 04:00:00,4.446019526918814
2012-04-26 05:00:00,31.602573540556662
2012-04-26 06:00:00,147.31691469373914
2012-04-26 07:00:00,190.02182264536268
2012-04-26 08:00:00,424.0476560868466
2012-04-26 09:00:00,152.09711467623708
2012-04-26 10:00:00,123.72365540691851
2012-04-26 11:00:00,131.4726028033843
2012-04-26 12:00:00,233.63837580856023
2012-04-26 13:00:00,216.81682553287592
2012-04-26 14:00:00,213.67547799448556
2012-04-26 15:00:00,184.82594936386045
2012-04-26 16:00:00,312.96311767894207
2012-04-26 17:00:00,762.3723878587449
2012-04-26 18:00:00,647.0233297777559
2012-04-26 19:00:00,450.5552365434556
2012-04-26 20:00:00,361.7529597209258
2012-04-26 21:00:00,248.27209248141853
2012-04-26 22:00:00,192.6453590484683
2012-04-26 23:00:00,105.61498359802421
2012-04-27 00:00:00,49.29035359088158
2012-04-27 01:00:00,20.525953538678273
2012-04-27 02:00:00,14.624216075612411
2012-04-27 03:00:00,4.747573512136485
2012-04-27 04:00:00,4.154813177657682
2012-04-27 05:00:00,31.097849244645044
2012-04-27 06:00:00,121.30534056138494
2012-04-27 07:00:00,358.69830715750277
2012-04-27 08:00:00,671.1688191548428
2012-04-27 09:00:00,372.238009333321
2012-04-27 10:00:00,201.89283300135205
2012-04-27 11:00:00,228.22979246762364
2012-04-27 12:00:00,307.95736363980643
2012-04-27 13:00:00,306.96646735216814
2012-04-27 14:00:00,263.46767884258037
2012-04-27 15:00:00,323.8769997630634
2012-04-27 16:00:00,469.38021061609317
2012-04-27 17:00:00,737.3105366374473
2012-04-27 18:00:00,627.8674167687071
2012-04-27 19:00:00,419.0101114337315
2012-04-27 20:00:00,263.42595592601975
2012-04-27 21:00:00,190.8652770353642
2012-04-27 22:00:00,164.10017878268687
2012-04-27 23:00:00,117.73799355869264
2012-04-28 00:00:00,99.88066787087814
2012-04-28 01:00:00,58.75764074482774
2012-04-28 02:00:00,53.365378220019686
2012-04-28 03:00:00,16.7821322420782
2012-04-28 04:00:00,4.605820043694129
2012-04-28 05:00:00,5.961178086688571
2012-04-28 06:00:00,19.990109621505912
2012-04-28 07:00:00,39.081837683818584
2012-04-28 08:00:00,137.95305680379485
2012-04-28 09:00:00,174.94487063206282
2012-04-28 10:00:00,271.1621656758247
2012-04-28 11:00:00,319.4488572871208
2012-04-28 12:00:00,349.9803712756201
2012-04-28 13:00:00,348.03824756416327
2012-04-28 14:00:00,408.114006746324
2012-04-28 15:00:00,383.3358895022693
2012-04-28 16:00:00,379.9730105668775
2012-04-28 17:00:00,312.5122970601179
2012-04-28 18:00:00,153.15112545483765
2012-04-28 19:00:00,129.37242504266382
2012-04-28 20:00:00,153.3796456829882
2012-04-28 21:00:00,79.17020041042792
2012-04-28 22:00:00,113.98657938941298
2012-04-28 23:00:00,102.93655690620633
2012-04-29 00:00:00,45.798752621839625
2012-04-29 01:00:00,66.56828330021685
2012-04-29 02:00:00,47.05181405000398
2012-04-29 03:00:00,21.56289261753546
2012-04-29 04:00:00,5.272470700280548
2012-04-29 05:00:00,6.599517898436496
2012-04-29 06:00:00,12.615946347432075
2012-04-29 07:00:00,23.61360399237973
2012-04-29 08:00:00,95.59624443470447
2012-04-29 09:00:00,176.86609992923502
2012-04-29 10:00:00,263.1086888927398
2012-04-29 11:00:00,402.2036598004181
2012-04-29 12:00:00,524.20327061428
2012-04-29 13:00:00,504.8862877555234
2012-04-29 14:00:00,536.7544683693335
2012-04-29 15:00:00,582.0032885419846
2012-04-29 16:00:00,606.1557201817365
2012-04-29 17:00:00,514.2360816232256
2012-04-29 18:00:00,439.83634134477416
2012-04-29 19:00:00,346.9161584598232
2012-04-29 20:00:00,274.8285055390709
2012-04-29 21:00:00,213.13602622232494
2012-04-29 22:00:00,134.41840024242572
2012-04-29 23:00:00,92.01639704169966
2012-04-30 00:00:00,38.708480741215716
2012-04-30 01:00:00,8.131307447980362
2012-04-30 02:00:00,4.5994431901667525
2012-04-30 03:00:00,2.1267965972649376
2012-04-30 04:00:00,2.396281894430276
2012-04-30 05:00:00,20.09680154079092
2012-04-30 06:00:00,97.11464288017308
2012-04-30 07:00:00,283.6400636384843
2012-04-30 08:00:00,503.55389499121236
2012-04-30 09:00:00,221.45212216285853
2012-04-30 10:00:00,112.39859230158902
2012-04-30 11:00:00,163.4148093270498
2012-04-30 12:00:00,210.75297934388186
2012-04-30 13:00:00,220.06974967962188
2012-04-30 14:00:00,202.92927425944328
2012-04-30 15:00:00,243.8313727712468
2012-04-30 16:00:00,370.0801987983949
2012-04-30 17:00:00,757.4891824469298
2012-04-30 18:00:00,654.6250804143097
2012-04-30 19:00:00,452.2216029609628
2012-04-30 20:00:00,297.31380916239476
2012-04-30 21:00:00,218.26291712475864
2012-04-30 22:00:00,157.9542619740983
2012-04-30 23:00:00,85.25464334176624
2012-05-20 00:00:00,143.69392930144448
2012-05-20 01:00:00,112.09983669361654
2012-05-20 02:00:00,65.9420051929299
2012-05-20 03:00:00,38.18347042489405
2012-05-20 04:00:00,10.717243154390118
2012-05-20 05:00:00,10.542781144040907
2012-05-20 06:00:00,25.327213373451016
2012-05-20 07:00:00,57.96261858559488
2012-05-20 08:00:00,147.34269724439173
2012-05-20 09:00:00,280.9985212544061
2012-05-20 10:00:00,429.50732728159755
2012-05-20 11:00:00,528.2826539271816
2012-05-20 12:00:00,609.8396871413232
2012-05-20 13:00:00,634.5785547763469
2012-05-20 14:00:00,592.3852337025187
2012-05-20 15:00:00,506.9627654995263
2012-05-20 16:00:00,571.6662308714466
2012-05-20 17:00:00,506.194197608532
2012-05-20 18:00:00,424.2834584826919
2012-05-20 19:00:00,356.40357642288933
2012-05-20 20:00:00,277.8661412013415
2012-05-20 21:00:00,223.63291963382264
2012-05-20 22:00:00,164.32571231487842
2012-05-20 23:00:00,58.50855967309057
2012-05-21 00:00:00,18.61010643184928
2012-05-21 01:00:00,5.7720501365463255
2012-05-21 02:00:00,4.178502605082512
2012-05-21 03:00:00,2.434900786321398
2012-05-21 04:00:00,3.695332467313747
2012-05-21 05:00:00,18.12285849702065
2012-05-21 06:00:00,71.35427341631095
2012-05-21 07:00:00,179.19199105273148
2012-05-21 08:00:00,339.97082840284173
2012-05-21 09:00:00,161.46928906939684
2012-05-21 10:00:00,80.8035843837307
2012-05-21 11:00:00,189.52196417008167
2012-05-21 12:00:00,225.1394048359994
2012-05-21 13:00:00,127.45204182490559
2012-05-21 14:00:00,112.30588979681902
2012-05-21 15:00:00,237.62571003864974
2012-05-21 16:00:00,358.26833321731146
2012-05-21 17:00:00,712.4736323358611
2012-05-21 18:00:00,812.9388746609679
2012-05-21 19:00:00,564.4755538886186
2012-05-21 20:00:00,369.24019204453174
2012-05-21 21:00:00,270.98345248651015
2012-05-21 22:00:00,169.0229913111151
2012-05-21 23:00:00,104.0177984115867
2012-05-22 00:00:00,40.21741534562884
2012-05-22 01:00:00,12.09811596159869
2012-05-22 02:00:00,4.299942354586271
2012-05-22 03:00:00,3.916279451413877
2012-05-22 04:00:00,6.400274337245783
2012-05-22 05:00:00,19.26006008290906
2012-05-22 06:00:00,79.00789394801622
2012-05-22 07:00:00,210.80503118514554
2012-05-22 08:00:00,591.079802450391
2012-05-22 09:00:00,300.01740116089485
2012-05-22 10:00:00,173.3076363422336
2012-05-22 11:00:00,186.0569729440135
2012-05-22 12:00:00,246.5777075760638
2012-05-22 13:00:00,228.31467666878876
2012-05-22 14:00:00,222.28785449439513
2012-05-22 15:00:00,281.20005368386194
2012-05-22 16:00:00,429.4277264045984
2012-05-22 17:00:00,777.5079931188096
2012-05-22 18:00:00,801.546599084427
2012-05-22 19:00:00,527.6513380090682
2012-05-22 20:00:00,354.0571097555021
2012-05-22 21:00:00,262.85091740648414
2012-05-22 22:00:00,199.844621727259
2012-05-22 23:00:00,121.88095624185584
2012-05-23 00:00:00,49.16140864318718
2012-05-23 01:00:00,17.27519172212661
2012-05-23 02:00:00,6.413247696731859
2012-05-23 03:00:00,6.145129378684447
2012-05-23 04:00:00,3.2137856613840285
2012-05-23 05:00:00,17.377909246296404
2012-05-23 06:00:00,163.00696460101932
2012-05-23 07:00:00,463.7301290630498
2012-05-23 08:00:00,694.340279687394
2012-05-23 09:00:00,326.3969169470835
2012-05-23 10:00:00,191.81929560349133
2012-05-23 11:00:00,212.984153400049
2012-05-23 12:00:00,286.7678109494612
2012-05-23 13:00:00,271.6776804111117
2012-05-23 14:00:00,269.62026847142596
2012-05-23 15:00:00,259.53323554369194
2012-05-23 16:00:00,286.0359457667601
2012-05-23 17:00:00,413.1514148306334
2012-05-23 18:00:00,422.18094595716764
2012-05-23 19:00:00,464.0865143609065
2012-05-23 20:00:00,324.59134573732524
2012-05-23 21:00:00,234.58346056728934
2012-05-23 22:00:00,180.4017126601009
2012-05-23 23:00:00,117.1656779849241
2012-05-24 00:00:00,48.786771770332045
2012-05-24 01:00:00,16.78668530229754
2012-05-24 02:00:00,5.165833711490334
2012-05-24 03:00:00,4.790554555415962
2012-05-24 04:00:00,7.285605176249866
2012-05-24 05:00:00,32.87247990384316
2012-05-24 06:00:00,151.2845540911313
2012-05-24 07:00:00,507.6394010766815
2012-05-24 08:00:00,753.9219809497938
2012-05-24 09:00:00,376.0888440716151
2012-05-24 10:00:00,209.2716301653112
2012-05-24 11:00:00,261.43188306773385
2012-05-24 12:00:00,319.6630301523157
2012-05-24 13:00:00,311.6142955432082
2012-05-24 14:00:00,264.47917200149607
2012-05-24 15:00:00,278.1359483415125
2012-05-24 16:00:00,411.40283671433747
2012-05-24 17:00:00,784.6993379314342
2012-05-24 18:00:00,774.4819533288279
2012-05-24 19:00:00,545.3840908445271
2012-05-24 20:00:00,360.97086399287525
2012-05-24 21:00:00,171.1758788220643
2012-05-24 22:00:00,206.89767891622503
2012-05-24 23:00:00,136.43980264181752
2012-05-25 00:00:00,58.10100861428662
2012-05-25 01:00:00,29.83748625646455
2012-05-25 02:00:00,16.70475310362907
2012-05-25 03:00:00,5.84732343883375
2012-05-25 04:00:00,6.772229896249532
2012-05-25 05:00:00,32.306388911023426
2012-05-25 06:00:00,132.81564341011884
2012-05-25 07:00:00,382.7915232107118
2012-05-25 08:00:00,598.6179426148746
2012-05-25 09:00:00,355.0667277358519
2012-05-25 10:00:00,268.43248760400166
2012-05-25 11:00:00,313.35275289930496
2012-05-25 12:00:00,384.6915210991876
2012-05-25 13:00:00,390.6071377332718
2012-05-25 14:00:00,351.35125601206016
2012-05-25 15:00:00,340.10969468292865
2012-05-25 16:00:00,467.41064065107054
2012-05-25 17:00:00,752.656661215025
2012-05-25 18:00:00,694.4574362661458
2012-05-25 19:00:00,484.8747295387128
2012-05-25 20:00:00,371.46160392254126
2012-05-25 21:00:00,276.92103358325056
2012-05-25 22:00:00,259.40869148232554
2012-05-25 23:00:00,182.4565081959916
2012-05-26 00:00:00,156.93270074382767
2012-05-26 01:00:00,128.80384723518316
2012-05-26 02:00:00,90.47646195203436
2012-05-26 03:00:00,36.871195237805885
2012-05-26 04:00:00,13.197108008445385
2012-05-26 05:00:00,12.195767121683158
2012-05-26 06:00:00,38.14308993873576
2012-05-26 07:00:00,66.7956702894762
2012-05-26 08:00:00,198.41580707212105
2012-05-26 09:00:00,289.57210902786113
2012-05-26 10:00:00,485.14804176688517
2012-05-26 11:00:00,602.6204751262853
2012-05-26 12:00:00,643.2588920170713
2012-05-26 13:00:00,669.6364891904495
2012-05-26 14:00:00,618.8469204816637
2012-05-26 15:00:00,622.3062804538919
2012-05-26 16:00:00,601.2174966513436
2012-05-26 17:00:00,482.51317903241113
2012-05-26 18:00:00,417.42880723733117
2012-05-26 19:00:00,342.15702732493037
2012-05-26 20:00:00,285.97216092957905
2012-05-26 21:00:00,233.79805845121368
2012-05-26 22:00:00,234.26348657855047
2012-05-26 23:00:00,198.3827340623267
2012-05-27 00:00:00,140.03820546738947
2012-05-27 01:00:00,129.63583327048016
2012-05-27 02:00:00,93.61421391379416
2012-05-27 03:00:00,40.340411797188565
2012-05-27 04:00:00,8.624200923547452
2012-05-27 05:00:00,11.439972642468323
2012-05-27 06:00:00,27.902564972322303
2012-05-27 07:00:00,54.31530010729239
2012-05-27 08:00:00,128.5150741364097
2012-05-27 09:00:00,251.67849892886295
2012-05-27 10:00:00,426.2333015096704
2012-05-27 11:00:00,497.03924690258077
2012-05-27 12:00:00,569.4392970609816
2012-05-27 13:00:00,555.418863262128
2012-05-27 14:00:00,551.6192222063027
2012-05-27 15:00:00,557.9909512927476
2012-05-27 16:00:00,527.016193236703
2012-05-27 17:00:00,493.38117153022523
2012-05-27 18:00:00,401.6716506179473
2012-05-27 19:00:00,349.5835943075602
2012-05-27 20:00:00,298.952230999543
2012-05-27 21:00:00,149.72550524573066
2012-05-27 22:00:00,81.59434686129858
2012-05-27 23:00:00,58.88297282411527
2012-05-28 00:00:00,122.15208310092393
2012-05-28 01:00:00,58.47906915995572
2012-05-28 02:00:00,33.87164667977283
2012-05-28 03:00:00,17.15919454585119
2012-05-28 04:00:00,11.187679225566978
2012-05-28 05:00:00,14.247979740747134
2012-05-28 06:00:00,50.61467932183009
2012-05-28 07:00:00,97.76033723208354
2012-05-28 08:00:00,195.8246085026135
2012-05-28 09:00:00,259.04085632846636
2012-05-28 10:00:00,344.2225685940857
2012-05-28 11:00:00,442.26115913093673
2012-05-28 12:00:00,518.9314527253591
2012-05-28 13:00:00,437.76404286280194
2012-05-28 14:00:00,423.05735135056386
2012-05-28 15:00:00,411.8367108678511
2012-05-28 16:00:00,444.39363117769767
2012-05-28 17:00:00,432.29639522536957
2012-05-28 18:00:00,377.30292440174827
2012-05-28 19:00:00,342.9820897982679
2012-05-28 20:00:00,258.1936165585803
2012-05-28 21:00:00,201.08382213597838
2012-05-28 22:00:00,155.54831760976626
2012-05-28 23:00:00,90.17219226274293
2012-05-29 00:00:00,47.02186449915543
2012-05-29 01:00:00,14.268207770455295
2012-05-29 02:00:00,8.837491065775945
2012-05-29 03:00:00,3.863001897047484
2012-05-29 04:00:00,4.694295325375458
2012-05-29 05:00:00,36.77410177291493
2012-05-29 06:00:00,170.51718568752116
2012-05-29 07:00:00,489.5704801200772
2012-05-29 08:00:00,683.128874920372
2012-05-29 09:00:00,346.6033050376089
2012-05-29 10:00:00,180.12245572314987
2012-05-29 11:00:00,213.98329813701034
2012-05-29 12:00:00,263.82987715091167
2012-05-29 13:00:00,253.35266338976348
2012-05-29 14:00:00,230.86471493906166
2012-05-29 15:00:00,248.19168640716032
2012-05-29 16:00:00,360.66249115912706
2012-05-29 17:00:00,741.3142304025944
2012-05-29 18:00:00,690.6574237715012
2012-05-29 19:00:00,497.19828510176063
2012-05-29 20:00:00,267.17824391834927
2012-05-29 21:00:00,99.1728681121247
2012-05-29 22:00:00,158.27399011992603
2012-05-29 23:00:00,52.79852924347979
2012-05-30 00:00:00,20.023920498701177
2012-05-30 01:00:00,10.185874588375022
2012-05-30 02:00:00,4.331402744554871
2012-05-30 03:00:00,3.05030889429314
2012-05-30 04:00:00,5.227172258912739
2012-05-30 05:00:00,35.000550439114285
2012-05-30 06:00:00,171.08195904894833
2012-05-30 07:00:00,226.67354558724938
2012-05-30 08:00:00,700.5009438731563
2012-05-30 09:00:00,327.20068982503534
2012-05-30 10:00:00,179.4045885906159
2012-05-30 11:00:00,218.36299840162687
2012-05-30 12:00:00,293.28091962944166
2012-05-30 13:00:00,275.93757311626496
2012-05-30 14:00:00,268.39212798387695
2012-05-30 15:00:00,294.14511349572206
2012-05-30 16:00:00,403.09790566080005
2012-05-30 17:00:00,799.3431827746026
2012-05-30 18:00:00,797.9145182284527
2012-05-30 19:00:00,554.4711278768418
2012-05-30 20:00:00,348.4050876683597
2012-05-30 21:00:00,302.5103658148512
2012-05-30 22:00:00,224.258032199651
2012-05-30 23:00:00,137.33723568815185
2012-05-31 00:00:00,51.14625233829803
2012-05-31 01:00:00,20.203699905109083
2012-05-31 02:00:00,12.242325741770701
2012-05-31 03:00:00,5.331257086390638
2012-05-31 04:00:00,7.46217536008416
2012-05-31 05:00:00,38.31164421230887
2012-05-31 06:00:00,183.46721202368238
2012-05-31 07:00:00,503.72234365387084
2012-05-31 08:00:00,753.9791744498417
2012-05-31 09:00:00,383.0133285572249
2012-05-31 10:00:00,215.52683434692383
2012-05-31 11:00:00,250.04336962379278
2012-05-31 12:00:00,326.98897969337116
2012-05-31 13:00:00,330.49139040336553
2012-05-31 14:00:00,269.1865021434579
2012-05-31 15:00:00,294.26746116876353
2012-05-31 16:00:00,431.6329047928449
2012-05-31 17:00:00,847.0692304109904
2012-05-31 18:00:00,785.46850672399
2012-05-31 19:00:00,590.5639931115958
2012-05-31 20:00:00,421.82469998893276
2012-05-31 21:00:00,311.9603017865468
2012-05-31 22:00:00,231.6372826321728
2012-05-31 23:00:00,154.92040685132378
2012-06-20 00:00:00,49.81101408365086
2012-06-20 01:00:00,19.124796416402244
2012-06-20 02:00:00,9.2431659100394
2012-06-20 03:00:00,6.252891166609858
2012-06-20 04:00:00,5.637125102265086
2012-06-20 05:00:00,38.84846107121333
2012-06-20 06:00:00,154.4803734338942
2012-06-20 07:00:00,402.6634314610773
2012-06-20 08:00:00,708.7495750395276
2012-06-20 09:00:00,334.0048036206204
2012-06-20 10:00:00,193.60410909111556
2012-06-20 11:00:00,195.89649347739925
2012-06-20 12:00:00,260.78652265391577
2012-06-20 13:00:00,252.2593069022181
2012-06-20 14:00:00,214.82706027877026
2012-06-20 15:00:00,221.53860738267744
2012-06-20 16:00:00,364.4951615050213
2012-06-20 17:00:00,623.2876421195645
2012-06-20 18:00:00,641.1626415282419
2012-06-20 19:00:00,471.8452107441099
2012-06-20 20:00:00,348.96604824564844
2012-06-20 21:00:00,270.29826853807174
2012-06-20 22:00:00,208.20817704819353
2012-06-20 23:00:00,125.15498910821665
2012-06-21 00:00:00,51.632123098624675
2012-06-21 01:00:00,20.880863046205732
2012-06-21 02:00:00,9.633233649192762
2012-06-21 03:00:00,6.153479583573759
2012-06-21 04:00:00,8.903953680885502
2012-06-21 05:00:00,42.32297054581745
2012-06-21 06:00:00,174.80976476116126
2012-06-21 07:00:00,464.6756701680964
2012-06-21 08:00:00,695.4263667390644
2012-06-21 09:00:00,337.8066775161364
2012-06-21 10:00:00,188.78586683785872
2012-06-21 11:00:00,223.2231517755897
2012-06-21 12:00:00,251.0359901199577
2012-06-21 13:00:00,249.87303091637693
2012-06-21 14:00:00,253.07190195761615
2012-06-21 15:00:00,242.45584493902973
2012-06-21 16:00:00,396.5374891157306
2012-06-21 17:00:00,746.8155727567471
2012-06-21 18:00:00,723.6105233394281
2012-06-21 19:00:00,496.7736042741976
2012-06-21 20:00:00,377.4790127489307
2012-06-21 21:00:00,297.1224579791614
2012-06-21 22:00:00,222.1108648149263
2012-06-21 23:00:00,155.42851002728918
2012-06-22 00:00:00,61.5429751872927
2012-06-22 01:00:00,34.4067887691656
2012-06-22 02:00:00,14.724429099686507
2012-06-22 03:00:00,6.724819492841105
2012-06-22 04:00:00,6.767381457200318
2012-06-22 05:00:00,37.85839865536617
2012-06-22 06:00:00,147.7393454435466
2012-06-22 07:00:00,486.7477467874801
2012-06-22 08:00:00,755.8512234363365
2012-06-22 09:00:00,394.570975402547
2012-06-22 10:00:00,237.95145231052993
2012-06-22 11:00:00,292.21963271243465
2012-06-22 12:00:00,344.29872834232066
2012-06-22 13:00:00,317.5102650702386
2012-06-22 14:00:00,292.20433258456376
2012-06-22 15:00:00,325.6031081728742
2012-06-22 16:00:00,463.87688005846474
2012-06-22 17:00:00,780.8891573375237
2012-06-22 18:00:00,640.8178052745377
2012-06-22 19:00:00,446.3070246254541
2012-06-22 20:00:00,326.0051818718861
2012-06-22 21:00:00,205.03808267679386
2012-06-22 22:00:00,277.0624380008182
2012-06-22 23:00:00,181.16416178929938
2012-06-23 00:00:00,154.4874503704513
2012-06-23 01:00:00,144.8989004232435
2012-06-23 02:00:00,89.54907630328795
2012-06-23 03:00:00,41.64049716570764
2012-06-23 04:00:00,10.089668583042007
2012-06-23 05:00:00,11.564964842509994
2012-06-23 06:00:00,29.310485613967785
2012-06-23 07:00:00,74.81049578533327
2012-06-23 08:00:00,196.26510642508666
2012-06-23 09:00:00,339.6793687405319
2012-06-23 10:00:00,469.6194127949299
2012-06-23 11:00:00,559.395768313513
2012-06-23 12:00:00,618.9925929988317
2012-06-23 13:00:00,672.2395479081365
2012-06-23 14:00:00,669.6525572298353
2012-06-23 15:00:00,650.6742054121776
2012-06-23 16:00:00,636.9157678913629
2012-06-23 17:00:00,571.6725306035847
2012-06-23 18:00:00,474.41383511405377
2012-06-23 19:00:00,411.7100230607633
2012-06-23 20:00:00,337.5043399863104
2012-06-23 21:00:00,322.0627678843238
2012-06-23 22:00:00,248.87067673516125
2012-06-23 23:00:00,194.1531430387116
2012-06-24 00:00:00,154.2507574973234
2012-06-24 01:00:00,131.80793515445453
2012-06-24 02:00:00,99.68188599708512
2012-06-24 03:00:00,43.483487955294024
2012-06-24 04:00:00,9.07554864918043
2012-06-24 05:00:00,13.061912774547551
2012-06-24 06:00:00,19.32721973514502
2012-06-24 07:00:00,58.89589381964273
2012-06-24 08:00:00,145.68094541841873
2012-06-24 09:00:00,290.00306125580533
2012-06-24 10:00:00,403.42824315501684
2012-06-24 11:00:00,563.4513232737299
2012-06-24 12:00:00,617.0534397289996
2012-06-24 13:00:00,598.5726794675904
2012-06-24 14:00:00,561.8962971421212
2012-06-24 15:00:00,565.820440118433
2012-06-24 16:00:00,552.6137564732528
2012-06-24 17:00:00,522.7953540513552
2012-06-24 18:00:00,441.4084350553941
2012-06-24 19:00:00,353.86449523473084
2012-06-24 20:00:00,273.3415962464338
2012-06-24 21:00:00,240.15540460204107
2012-06-24 22:00:00,185.67582433129462
2012-06-24 23:00:00,124.11222844129871
2012-06-25 00:00:00,51.31224976652168
2012-06-25 01:00:00,16.25547103085814
2012-06-25 02:00:00,7.669405003675932
2012-06-25 03:00:00,3.7857891975193145
2012-06-25 04:00:00,6.1700973009724684
2012-06-25 05:00:00,41.20557293966639
2012-06-25 06:00:00,173.28315576697295
2012-06-25 07:00:00,485.5126169641032
2012-06-25 08:00:00,691.3055054989683
2012-06-25 09:00:00,341.6018342856126
2012-06-25 10:00:00,205.2942792376686
2012-06-25 11:00:00,214.87799436151084
2012-06-25 12:00:00,258.40237437003225
2012-06-25 13:00:00,284.97154328984493
2012-06-25 14:00:00,242.68824181761863
2012-06-25 15:00:00,278.9975512309282
2012-06-25 16:00:00,415.5284013289304
2012-06-25 17:00:00,789.3244734532595
2012-06-25 18:00:00,797.5073879023204
2012-06-25 19:00:00,564.6455093344837
2012-06-25 20:00:00,396.3507731015043
2012-06-25 21:00:00,306.60482178595964
2012-06-25 22:00:00,213.2661555142742
2012-06-25 23:00:00,117.42956947655969
2012-06-26 00:00:00,53.65303311988912
2012-06-26 01:00:00,13.461661212062628
2012-06-26 02:00:00,3.649513940319124
2012-06-26 03:00:00,3.7897697811413615
2012-06-26 04:00:00,8.507991571987544
2012-06-26 05:00:00,40.466807395857884
2012-06-26 06:00:00,176.73114083163742
2012-06-26 07:00:00,482.8698011738167
2012-06-26 08:00:00,684.3280731496685
2012-06-26 09:00:00,321.9696778005285
2012-06-26 10:00:00,194.72246410742238
2012-06-26 11:00:00,226.99112569939672
2012-06-26 12:00:00,290.7564064961366
2012-06-26 13:00:00,289.3081970691261
2012-06-26 14:00:00,264.77788906616547
2012-06-26 15:00:00,289.57369657265855
2012-06-26 16:00:00,432.81288173862134
2012-06-26 17:00:00,865.1418085830658
2012-06-26 18:00:00,820.2043636338046
2012-06-26 19:00:00,565.2660580525394
2012-06-26 20:00:00,404.03864419130724
2012-06-26 21:00:00,324.40214188364473
2012-06-26 22:00:00,229.61963484342596
2012-06-26 23:00:00,141.71937137084825
2012-06-27 00:00:00,53.861654899636406
2012-06-27 01:00:00,21.528765998420774
2012-06-27 02:00:00,5.3454367566576515
2012-06-27 03:00:00,6.133737194773155
2012-06-27 04:00:00,9.856278885349262
2012-06-27 05:00:00,44.282580258867824
2012-06-27 06:00:00,193.61464302019328
2012-06-27 07:00:00,518.3260072661067
2012-06-27 08:00:00,752.4658444317058
2012-06-27 09:00:00,352.08169973077787
2012-06-27 10:00:00,203.3219465861544
2012-06-27 11:00:00,238.53972361730152
2012-06-27 12:00:00,313.0814957210613
2012-06-27 13:00:00,276.430347817716
2012-06-27 14:00:00,262.65462021838016
2012-06-27 15:00:00,281.04028709569695
2012-06-27 16:00:00,408.1544330648193
2012-06-27 17:00:00,785.6173647608828
2012-06-27 18:00:00,783.4951943064023
2012-06-27 19:00:00,564.4883243177627
2012-06-27 20:00:00,433.64596650697786
2012-06-27 21:00:00,337.0977042544121
2012-06-27 22:00:00,246.31467077233373
2012-06-27 23:00:00,146.07296942942992
2012-06-28 00:00:00,58.06152094360651
2012-06-28 01:00:00,21.75355093310532
2012-06-28 02:00:00,10.88185681799107
2012-06-28 03:00:00,6.596358419946468
2012-06-28 04:00:00,8.93630262036947
2012-06-28 05:00:00,45.52763827857785
2012-06-28 06:00:00,210.5596030888603
2012-06-28 07:00:00,537.3078788532496
2012-06-28 08:00:00,771.9579818872775
2012-06-28 09:00:00,375.2040939070539
2012-06-28 10:00:00,199.37639139824077
2012-06-28 11:00:00,237.73973818933655
2012-06-28 12:00:00,285.22075930249366
2012-06-28 13:00:00,276.5266491325491
2012-06-28 14:00:00,250.97901324758692
2012-06-28 15:00:00,270.0621339441053
2012-06-28 16:00:00,400.0436289795789
2012-06-28 17:00:00,753.4240876718616
2012-06-28 18:00:00,729.7404815038919
2012-06-28 19:00:00,519.1295208448568
2012-06-28 20:00:00,409.43592839842773
2012-06-28 21:00:00,307.64098719641856
2012-06-28 22:00:00,239.91048152545576
2012-06-28 23:00:00,164.7372564068465
2012-06-29 00:00:00,69.98463515304249
2012-06-29 01:00:00,36.675620277997574
2012-06-29 02:00:00,16.660378493126142
2012-06-29 03:00:00,7.006187468825123
2012-06-29 04:00:00,7.366045730309803
2012-06-29 05:00:00,43.22821412184623
2012-06-29 06:00:00,165.42319495124508
2012-06-29 07:00:00,501.217576796568
2012-06-29 08:00:00,696.9056011939581
2012-06-29 09:00:00,407.1210476746851
2012-06-29 10:00:00,209.5104912150631
2012-06-29 11:00:00,226.49414259016595
2012-06-29 12:00:00,279.67070251525274
2012-06-29 13:00:00,275.15881523044357
2012-06-29 14:00:00,247.2950457288048
2012-06-29 15:00:00,261.2529688773016
2012-06-29 16:00:00,368.979080348974
2012-06-29 17:00:00,575.8606601906137
2012-06-29 18:00:00,491.1014895267723
2012-06-29 19:00:00,408.19259419995194
2012-06-29 20:00:00,283.1778193343781
2012-06-29 21:00:00,225.17559136824167
2012-06-29 22:00:00,177.14693606032822
2012-06-29 23:00:00,149.9611889646399
2012-06-30 00:00:00,74.08248750937031
2012-06-30 01:00:00,75.38068352042146
2012-06-30 02:00:00,79.65755800940357
2012-06-30 03:00:00,33.9440588330949
2012-06-30 04:00:00,8.104569383115699
2012-06-30 05:00:00,11.744698398777274
2012-06-30 06:00:00,25.083940402961964
2012-06-30 07:00:00,66.65700766658676
2012-06-30 08:00:00,167.77466560211832
2012-06-30 09:00:00,275.105050025685
2012-06-30 10:00:00,424.8758489426822
2012-06-30 11:00:00,520.4953801605506
2012-06-30 12:00:00,606.200605180629
2012-06-30 13:00:00,595.4453787913437
2012-06-30 14:00:00,600.5555978320999
2012-06-30 15:00:00,613.2862580364592
2012-06-30 16:00:00,590.0875046984947
2012-06-30 17:00:00,589.9346108194393
2012-06-30 18:00:00,430.5789110742653
2012-06-30 19:00:00,374.8659625911221
2012-06-30 20:00:00,318.8868134062442
2012-06-30 21:00:00,279.37671896103296
2012-06-30 22:00:00,234.40144500990084
2012-06-30 23:00:00,195.2451561007719
2012-07-20 00:00:00,30.464225095978428
2012-07-20 01:00:00,30.371419644380683
2012-07-20 02:00:00,14.288521541560156
2012-07-20 03:00:00,5.341892975771537
2012-07-20 04:00:00,6.97914753991527
2012-07-20 05:00:00,35.046865149735204
2012-07-20 06:00:00,133.26133961664752
2012-07-20 07:00:00,363.053939495376
2012-07-20 08:00:00,685.0410499917044
2012-07-20 09:00:00,395.4031580500649
2012-07-20 10:00:00,235.58892339249593
2012-07-20 11:00:00,191.98368601891997
2012-07-20 12:00:00,212.91566421509032
2012-07-20 13:00:00,194.88895593622377
2012-07-20 14:00:00,195.61881682411746
2012-07-20 15:00:00,264.07893357164664
2012-07-20 16:00:00,397.96716633742864
2012-07-20 17:00:00,521.1212890624372
2012-07-20 18:00:00,655.6345749887313
2012-07-20 19:00:00,392.3936764675002
2012-07-20 20:00:00,148.82554198623703
2012-07-20 21:00:00,119.6368657474721
2012-07-20 22:00:00,216.587556741633
2012-07-20 23:00:00,146.510054507963
2012-07-21 00:00:00,70.93403053818777
2012-07-21 01:00:00,116.94427240613349
2012-07-21 02:00:00,40.29028241694016
2012-07-21 03:00:00,19.358817804715994
2012-07-21 04:00:00,4.803701247202961
2012-07-21 05:00:00,6.745822971936169
2012-07-21 06:00:00,13.849190816995236
2012-07-21 07:00:00,57.67399319718615
2012-07-21 08:00:00,170.4313950649593
2012-07-21 09:00:00,262.7343901892975
2012-07-21 10:00:00,181.8243615339083
2012-07-21 11:00:00,444.99545205270454
2012-07-21 12:00:00,291.26830703779024
2012-07-21 13:00:00,298.27936586853565
2012-07-21 14:00:00,421.80430717754984
2012-07-21 15:00:00,247.11599274627315
2012-07-21 16:00:00,229.38742069927147
2012-07-21 17:00:00,227.99855735227675
2012-07-21 18:00:00,336.6341988836373
2012-07-21 19:00:00,306.5072455002601
2012-07-21 20:00:00,137.27263256791935
2012-07-21 21:00:00,209.99015080767813
2012-07-21 22:00:00,180.47865332295305
2012-07-21 23:00:00,144.40342564704244
2012-07-22 00:00:00,121.71722722838297
2012-07-22 01:00:00,103.79572790419208
2012-07-22 02:00:00,63.53495782286069
2012-07-22 03:00:00,37.94893905686237
2012-07-22 04:00:00,9.056178575172792
2012-07-22 05:00:00,10.51306192289484
2012-07-22 06:00:00,17.44624681086064
2012-07-22 07:00:00,47.51936042798068
2012-07-22 08:00:00,121.41561974401087
2012-07-22 09:00:00,261.27461867065944
2012-07-22 10:00:00,393.0918382601943
2012-07-22 11:00:00,476.6466461458833
2012-07-22 12:00:00,568.013944972286
2012-07-22 13:00:00,540.5542538823127
2012-07-22 14:00:00,632.1175053787538
2012-07-22 15:00:00,640.3906789818486
2012-07-22 16:00:00,596.0675181890904
2012-07-22 17:00:00,499.59976058427384
2012-07-22 18:00:00,424.5540352249983
2012-07-22 19:00:00,379.88412468843296
2012-07-22 20:00:00,316.9332358005421
2012-07-22 21:00:00,257.61552924383375
2012-07-22 22:00:00,181.32455129858022
2012-07-22 23:00:00,124.224094440036
2012-07-23 00:00:00,41.09376631084942
2012-07-23 01:00:00,12.07863016260812
2012-07-23 02:00:00,6.544598118143718
2012-07-23 03:00:00,2.42551664102277
2012-07-23 04:00:00,5.738465599048371
2012-07-23 05:00:00,24.230004124046513
2012-07-23 06:00:00,131.35039519415767
2012-07-23 07:00:00,450.53777919772887
2012-07-23 08:00:00,659.6861713139787
2012-07-23 09:00:00,307.0403877765277
2012-07-23 10:00:00,173.78564052240193
2012-07-23 11:00:00,223.0157047221469
2012-07-23 12:00:00,267.6258156851926
2012-07-23 13:00:00,261.97484349498893
2012-07-23 14:00:00,237.90993950436766
2012-07-23 15:00:00,274.0804985951284
2012-07-23 16:00:00,435.63528565404727
2012-07-23 17:00:00,811.0439489116206
2012-07-23 18:00:00,789.1558546911127
2012-07-23 19:00:00,517.9375719203512
2012-07-23 20:00:00,401.31925889013314
2012-07-23 21:00:00,280.88114783279
2012-07-23 22:00:00,204.674207796845
2012-07-23 23:00:00,120.97579337208869
2012-07-24 00:00:00,53.41242643926823
2012-07-24 01:00:00,15.623076043614166
2012-07-24 02:00:00,6.840003250961077
2012-07-24 03:00:00,4.89019201901057
2012-07-24 04:00:00,7.918249400021412
2012-07-24 05:00:00,39.27362272397221
2012-07-24 06:00:00,170.52817389548434
2012-07-24 07:00:00,494.74633869650614
2012-07-24 08:00:00,645.1084726246438
2012-07-24 09:00:00,287.07534315992507
2012-07-24 10:00:00,171.8155459131494
2012-07-24 11:00:00,178.63293382077444
2012-07-24 12:00:00,238.28879126506104
2012-07-24 13:00:00,215.1436027669986
2012-07-24 14:00:00,206.17150463739767
2012-07-24 15:00:00,251.36240241147868
2012-07-24 16:00:00,398.5292590081169
2012-07-24 17:00:00,798.8428119396632
2012-07-24 18:00:00,765.173575926213
2012-07-24 19:00:00,541.8992444896858
2012-07-24 20:00:00,395.10031322377773
2012-07-24 21:00:00,281.4591034396633
2012-07-24 22:00:00,205.2770137961624
2012-07-24 23:00:00,128.2599878674781
2012-07-25 00:00:00,53.0288726406925
2012-07-25 01:00:00,20.940275398273695
2012-07-25 02:00:00,8.392321286461293
2012-07-25 03:00:00,5.926576116288544
2012-07-25 04:00:00,5.694423381178153
2012-07-25 05:00:00,40.93670140524356
2012-07-25 06:00:00,188.61415511236928
2012-07-25 07:00:00,527.6044200966267
2012-07-25 08:00:00,752.9442190717839
2012-07-25 09:00:00,360.3223312352604
2012-07-25 10:00:00,198.76713916939565
2012-07-25 11:00:00,228.14901161629942
2012-07-25 12:00:00,294.3493988973426
2012-07-25 13:00:00,291.34360882992974
2012-07-25 14:00:00,277.2016709800759
2012-07-25 15:00:00,297.2076054274354
2012-07-25 16:00:00,428.4125063287383
2012-07-25 17:00:00,776.2577848907779
2012-07-25 18:00:00,844.2605020162606
2012-07-25 19:00:00,599.7955828564022
2012-07-25 20:00:00,448.14715582657857
2012-07-25 21:00:00,329.3740774741289
2012-07-25 22:00:00,240.74621925796697
2012-07-25 23:00:00,139.3265463953062
2012-07-26 00:00:00,54.80432383236041
2012-07-26 01:00:00,22.400278052400704
2012-07-26 02:00:00,10.74017258017041
2012-07-26 03:00:00,6.164640861162115
2012-07-26 04:00:00,5.967429013336606
2012-07-26 05:00:00,44.673405400143054
2012-07-26 06:00:00,190.79272597517522
2012-07-26 07:00:00,515.2883857057005
2012-07-26 08:00:00,686.9066410503659
2012-07-26 09:00:00,330.71231753545317
2012-07-26 10:00:00,190.8204520372399
2012-07-26 11:00:00,215.934064549764
2012-07-26 12:00:00,262.01330834435316
2012-07-26 13:00:00,248.5041223548291
2012-07-26 14:00:00,213.8758803146767
2012-07-26 15:00:00,218.48717446298957
2012-07-26 16:00:00,314.15579666088934
2012-07-26 17:00:00,667.8167699360832
2012-07-26 18:00:00,627.9173762313457
2012-07-26 19:00:00,446.5977468244671
2012-07-26 20:00:00,367.6546739212759
2012-07-26 21:00:00,290.7878990794695
2012-07-26 22:00:00,222.8706912457639
2012-07-26 23:00:00,158.8871267150414
2012-07-27 00:00:00,66.01712679601869
2012-07-27 01:00:00,37.24005983194172
2012-07-27 02:00:00,15.8665887738953
2012-07-27 03:00:00,7.955121975348355
2012-07-27 04:00:00,7.564977300101838
2012-07-27 05:00:00,39.06844556377242
2012-07-27 06:00:00,162.9553817144638
2012-07-27 07:00:00,459.59024954634526
2012-07-27 08:00:00,726.3635114733112
2012-07-27 09:00:00,367.90558093499084
2012-07-27 10:00:00,228.0466908940118
2012-07-27 11:00:00,262.49556028869404
2012-07-27 12:00:00,341.17566672210853
2012-07-27 13:00:00,334.05487544735195
2012-07-27 14:00:00,277.9548020355136
2012-07-27 15:00:00,330.8407738253574
2012-07-27 16:00:00,482.0693992813843
2012-07-27 17:00:00,766.2261576509412
2012-07-27 18:00:00,699.8814651852923
2012-07-27 19:00:00,492.6803682965534
2012-07-27 20:00:00,370.42744644748257
2012-07-27 21:00:00,286.5436980006572
2012-07-27 22:00:00,264.61764595793335
2012-07-27 23:00:00,190.4478101640598
2012-07-28 00:00:00,181.8969739752498
2012-07-28 01:00:00,144.4641933714503
2012-07-28 02:00:00,108.07076796956078
2012-07-28 03:00:00,39.95950421104288
2012-07-28 04:00:00,7.670472298947618
2012-07-28 05:00:00,14.632397739367637
2012-07-28 06:00:00,32.2295386491985
2012-07-28 07:00:00,82.27852072447546
2012-07-28 08:00:00,189.27242441499885
2012-07-28 09:00:00,327.4901803603541
2012-07-28 10:00:00,435.2509019184802
2012-07-28 11:00:00,523.5313937491385
2012-07-28 12:00:00,601.0232734452875
2012-07-28 13:00:00,573.6032354973293
2012-07-28 14:00:00,616.3592485214476
2012-07-28 15:00:00,590.0027216650474
2012-07-28 16:00:00,594.1485731699878
2012-07-28 17:00:00,550.6929798060007
2012-07-28 18:00:00,445.3858349938161
2012-07-28 19:00:00,400.3552651841624
2012-07-28 20:00:00,302.25900959070054
2012-07-28 21:00:00,303.5074017390859
2012-07-28 22:00:00,249.44894670885526
2012-07-28 23:00:00,192.8862811542929
2012-07-29 00:00:00,135.81525585158732
2012-07-29 01:00:00,128.18905921091192
2012-07-29 02:00:00,108.67346084698232
2012-07-29 03:00:00,44.73640101550933
2012-07-29 04:00:00,6.511395008928158
2012-07-29 05:00:00,12.408379226816942
2012-07-29 06:00:00,19.629424753897247
2012-07-29 07:00:00,59.89260571795365
2012-07-29 08:00:00,143.06460581843504
2012-07-29 09:00:00,296.8959496244811
2012-07-29 10:00:00,416.1318020241745
2012-07-29 11:00:00,502.6981412115645
2012-07-29 12:00:00,570.5015767952914
2012-07-29 13:00:00,551.8888111071865
2012-07-29 14:00:00,543.326554026237
2012-07-29 15:00:00,604.7795559254571
2012-07-29 16:00:00,591.5117045552793
2012-07-29 17:00:00,528.4640987691956
2012-07-29 18:00:00,423.2769583643095
2012-07-29 19:00:00,388.9746510145337
2012-07-29 20:00:00,304.591365988265
2012-07-29 21:00:00,256.8127306552981
2012-07-29 22:00:00,189.18772194521648
2012-07-29 23:00:00,122.36353903253338
2012-07-30 00:00:00,53.65025586045004
2012-07-30 01:00:00,15.3200253866333
2012-07-30 02:00:00,7.36043211330888
2012-07-30 03:00:00,4.101841156785197
2012-07-30 04:00:00,8.23736061805057
2012-07-30 05:00:00,37.89622338966099
2012-07-30 06:00:00,165.59871725477439
2012-07-30 07:00:00,475.67037775652597
2012-07-30 08:00:00,626.1170882467126
2012-07-30 09:00:00,291.5940041383258
2012-07-30 10:00:00,167.09818393088648
2012-07-30 11:00:00,216.43565809207934
2012-07-30 12:00:00,276.821892853651
2012-07-30 13:00:00,283.9625565087163
2012-07-30 14:00:00,245.01635444824763
2012-07-30 15:00:00,276.17374741726366
2012-07-30 16:00:00,402.5481688476698
2012-07-30 17:00:00,778.5617707853075
2012-07-30 18:00:00,756.4783680010221
2012-07-30 19:00:00,540.0558156606286
2012-07-30 20:00:00,393.5356337053488
2012-07-30 21:00:00,291.32155908540955
2012-07-30 22:00:00,192.01601494328074
2012-07-30 23:00:00,120.43281772179216
2012-07-31 00:00:00,51.724819960411125
2012-07-31 01:00:00,15.632525193714129
2012-07-31 02:00:00,6.945488001998212
2012-07-31 03:00:00,4.807443300469487
2012-07-31 04:00:00,7.851574377987497
2012-07-31 05:00:00,39.921250849352404
2012-07-31 06:00:00,152.91327481299777
2012-07-31 07:00:00,472.44219806517464
2012-07-31 08:00:00,683.2997598727467
2012-07-31 09:00:00,334.07344573699976
2012-07-31 10:00:00,188.6956686298213
2012-07-31 11:00:00,218.76790049208444
2012-07-31 12:00:00,263.921425629834
2012-07-31 13:00:00,254.9624445327076
2012-07-31 14:00:00,241.4860699833343
2012-07-31 15:00:00,278.4803685028219
2012-07-31 16:00:00,406.70415820735684
2012-07-31 17:00:00,794.1750957950834
2012-07-31 18:00:00,760.4130129241843
2012-07-31 19:00:00,433.5026833493539
2012-07-31 20:00:00,304.758622881757
2012-07-31 21:00:00,288.4998202498755
2012-07-31 22:00:00,219.84205061828698
2012-07-31 23:00:00,115.85803421904264
2012-08-20 00:00:00,45.41091645185943
2012-08-20 01:00:00,14.908421453461393
2012-08-20 02:00:00,4.966612165455402
2012-08-20 03:00:00,3.477744753010995
2012-08-20 04:00:00,7.501692362921801
2012-08-20 05:00:00,33.45107332376648
2012-08-20 06:00:00,172.3799504520685
2012-08-20 07:00:00,442.42528984072356
2012-08-20 08:00:00,665.7671113756066
2012-08-20 09:00:00,290.6032750814289
2012-08-20 10:00:00,180.29436251744357
2012-08-20 11:00:00,270.62205740587814
2012-08-20 12:00:00,286.1984391332141
2012-08-20 13:00:00,316.37563039900436
2012-08-20 14:00:00,286.0793897713269
2012-08-20 15:00:00,290.05991882989906
2012-08-20 16:00:00,435.6758958525129
2012-08-20 17:00:00,829.4219570371406
2012-08-20 18:00:00,716.5339503832206
2012-08-20 19:00:00,487.8750647987184
2012-08-20 20:00:00,289.32986678768486
2012-08-20 21:00:00,272.27720496982835
2012-08-20 22:00:00,173.1203351833272
2012-08-20 23:00:00,93.40959753199762
2012-08-21 00:00:00,44.41904927128748
2012-08-21 01:00:00,13.729793894850618
2012-08-21 02:00:00,2.9556500763909934
2012-08-21 03:00:00,3.941988568326045
2012-08-21 04:00:00,7.968880528293683
2012-08-21 05:00:00,38.30997654966375
2012-08-21 06:00:00,180.9952390781042
2012-08-21 07:00:00,499.39448477281866
2012-08-21 08:00:00,697.8002951110508
2012-08-21 09:00:00,310.54331980779705
2012-08-21 10:00:00,209.5966925261465
2012-08-21 11:00:00,227.0083190681582
2012-08-21 12:00:00,283.0161079436293
2012-08-21 13:00:00,278.66446230587405
2012-08-21 14:00:00,275.1949687519524
2012-08-21 15:00:00,276.71469955512225
2012-08-21 16:00:00,435.3407732924805
2012-08-21 17:00:00,843.4023133502455
2012-08-21 18:00:00,792.5796422142481
2012-08-21 19:00:00,337.7988214805103
2012-08-21 20:00:00,377.9316742279299
2012-08-21 21:00:00,289.8242195249844
2012-08-21 22:00:00,203.76160795828065
2012-08-21 23:00:00,117.53801829362315
2012-08-22 00:00:00,49.93268866405809
2012-08-22 01:00:00,19.301848691414687
2012-08-22 02:00:00,6.590486864976514
2012-08-22 03:00:00,6.262835514440424
2012-08-22 04:00:00,6.229632101104862
2012-08-22 05:00:00,41.07299896907929
2012-08-22 06:00:00,184.4770564245739
2012-08-22 07:00:00,485.50288798678525
2012-08-22 08:00:00,738.974072314512
2012-08-22 09:00:00,343.26410008084656
2012-08-22 10:00:00,206.46224429849673
2012-08-22 11:00:00,242.58921515076034
2012-08-22 12:00:00,284.12436290293863
2012-08-22 13:00:00,289.68439689264176
2012-08-22 14:00:00,273.12344782645783
2012-08-22 15:00:00,299.274216058732
2012-08-22 16:00:00,283.9336485039346
2012-08-22 17:00:00,573.7168200032866
2012-08-22 18:00:00,547.2573621195216
2012-08-22 19:00:00,528.1523012037244
2012-08-22 20:00:00,397.51906476416326
2012-08-22 21:00:00,291.41569227137035
2012-08-22 22:00:00,214.80550754983977
2012-08-22 23:00:00,122.29582883630235
2012-08-23 00:00:00,51.33664817981121
2012-08-23 01:00:00,19.710863372208294
2012-08-23 02:00:00,8.39616041908792
2012-08-23 03:00:00,7.071926746454717
2012-08-23 04:00:00,9.18058841631367
2012-08-23 05:00:00,41.342331963089784
2012-08-23 06:00:00,164.72172325095173
2012-08-23 07:00:00,473.5158832703939
2012-08-23 08:00:00,727.3050763988061
2012-08-23 09:00:00,324.93645544667834
2012-08-23 10:00:00,210.25362588008406
2012-08-23 11:00:00,247.61779649033025
2012-08-23 12:00:00,298.4952757247973
2012-08-23 13:00:00,290.997919725171
2012-08-23 14:00:00,249.23582233201222
2012-08-23 15:00:00,294.9539896442743
2012-08-23 16:00:00,451.98388873255954
2012-08-23 17:00:00,840.0255182714665
2012-08-23 18:00:00,833.370127154584
2012-08-23 19:00:00,611.1046580681145
2012-08-23 20:00:00,449.2441984759278
2012-08-23 21:00:00,344.32533520573907
2012-08-23 22:00:00,231.31336817291256
2012-08-23 23:00:00,144.56703022050257
2012-08-24 00:00:00,60.74443662792284
2012-08-24 01:00:00,31.97333120868311
2012-08-24 02:00:00,16.1288886475268
2012-08-24 03:00:00,6.6105572476536905
2012-08-24 04:00:00,7.048308019425719
2012-08-24 05:00:00,41.9079011936239
2012-08-24 06:00:00,147.45085585037032
2012-08-24 07:00:00,420.7780932196214
2012-08-24 08:00:00,707.433213733944
2012-08-24 09:00:00,386.1701731167129
2012-08-24 10:00:00,228.86615055952808
2012-08-24 11:00:00,288.5920367585776
2012-08-24 12:00:00,361.87071292795815
2012-08-24 13:00:00,344.2427740892532
2012-08-24 14:00:00,331.5903968011062
2012-08-24 15:00:00,357.62482118658033
2012-08-24 16:00:00,509.6347175533575
2012-08-24 17:00:00,758.5323966959091
2012-08-24 18:00:00,688.4183317960404
2012-08-24 19:00:00,509.77813642412934
2012-08-24 20:00:00,334.34175344573856
2012-08-24 21:00:00,280.65590284002417
2012-08-24 22:00:00,246.197926382821
2012-08-24 23:00:00,190.44276178242782
2012-08-25 00:00:00,173.75000218187137
2012-08-25 01:00:00,128.8185346610051
2012-08-25 02:00:00,108.69421899637067
2012-08-25 03:00:00,44.965844715165616
2012-08-25 04:00:00,9.69872373140715
2012-08-25 05:00:00,12.681117459869435
2012-08-25 06:00:00,27.660355010432706
2012-08-25 07:00:00,70.66400013621288
2012-08-25 08:00:00,184.95142898578524
2012-08-25 09:00:00,293.3288737060215
2012-08-25 10:00:00,424.66143019480876
2012-08-25 11:00:00,522.5063819529763
2012-08-25 12:00:00,445.23669425722437
2012-08-25 13:00:00,582.127071355696
2012-08-25 14:00:00,399.5389184545442
2012-08-25 15:00:00,546.2384940150974
2012-08-25 16:00:00,568.7759355434271
2012-08-25 17:00:00,513.3163922527162
2012-08-25 18:00:00,431.2042646343466
2012-08-25 19:00:00,334.82666890524746
2012-08-25 20:00:00,148.225425124298
2012-08-25 21:00:00,214.91649539605953
2012-08-25 22:00:00,177.0357360059096
2012-08-25 23:00:00,160.21573567228126
2012-08-26 00:00:00,121.62380893115721
2012-08-26 01:00:00,105.52942887422284
2012-08-26 02:00:00,76.79222468414825
2012-08-26 03:00:00,35.723190040329406
2012-08-26 04:00:00,5.803498503348155
2012-08-26 05:00:00,10.254474840436565
2012-08-26 06:00:00,13.910226547402043
2012-08-26 07:00:00,45.855686802226344
2012-08-26 08:00:00,126.33265423092512
2012-08-26 09:00:00,290.7404529384155
2012-08-26 10:00:00,400.2756399105176
2012-08-26 11:00:00,492.2880140298201
2012-08-26 12:00:00,338.59945430579535
2012-08-26 13:00:00,289.1879223843922
2012-08-26 14:00:00,492.5522986435749
2012-08-26 15:00:00,197.99687615600254
2012-08-26 16:00:00,193.06970467860657
2012-08-26 17:00:00,396.20171877515753
2012-08-26 18:00:00,327.58718067310355
2012-08-26 19:00:00,268.5568979984828
2012-08-26 20:00:00,242.40512439519608
2012-08-26 21:00:00,230.07929580788928
2012-08-26 22:00:00,154.23121275139027
2012-08-26 23:00:00,114.50635284396287
2012-08-27 00:00:00,47.952184034979176
2012-08-27 01:00:00,12.690634831712593
2012-08-27 02:00:00,4.068937022123403
2012-08-27 03:00:00,3.474981735332924
2012-08-27 04:00:00,8.280662571052169
2012-08-27 05:00:00,29.667851111511553
2012-08-27 06:00:00,129.03514079249905
2012-08-27 07:00:00,442.01776892357384
2012-08-27 08:00:00,651.1857407702972
2012-08-27 09:00:00,323.54791457223786
2012-08-27 10:00:00,202.22342536528058
2012-08-27 11:00:00,226.22773535101783
2012-08-27 12:00:00,300.6643695805018
2012-08-27 13:00:00,291.92375211467333
2012-08-27 14:00:00,262.81673744523926
2012-08-27 15:00:00,265.84523476453893
2012-08-27 16:00:00,412.943257349251
2012-08-27 17:00:00,796.8118329370136
2012-08-27 18:00:00,750.7681676404497
2012-08-27 19:00:00,523.4332547092156
2012-08-27 20:00:00,388.18772435610407
2012-08-27 21:00:00,281.47758513950356
2012-08-27 22:00:00,184.57902631985627
2012-08-27 23:00:00,112.2340932721693
2012-08-28 00:00:00,44.182617428498936
2012-08-28 01:00:00,12.897604277397576
2012-08-28 02:00:00,7.168527988464335
2012-08-28 03:00:00,3.154630012840661
2012-08-28 04:00:00,7.777119538442803
2012-08-28 05:00:00,37.35531466283655
2012-08-28 06:00:00,144.5887973134297
2012-08-28 07:00:00,442.8831424294377
2012-08-28 08:00:00,597.2464254718095
2012-08-28 09:00:00,300.7132418969328
2012-08-28 10:00:00,193.31629364832656
2012-08-28 11:00:00,211.0443050605174
2012-08-28 12:00:00,268.16160027647135
2012-08-28 13:00:00,252.89855018337468
2012-08-28 14:00:00,239.7958348786129
2012-08-28 15:00:00,263.7057443686564
2012-08-28 16:00:00,401.1381336900388
2012-08-28 17:00:00,799.4900637047325
2012-08-28 18:00:00,780.1007096245586
2012-08-28 19:00:00,578.4536161373065
2012-08-28 20:00:00,412.29464826343315
2012-08-28 21:00:00,313.83442566995893
2012-08-28 22:00:00,223.90073586027046
2012-08-28 23:00:00,133.2140066616319
2012-08-29 00:00:00,51.990467478999996
2012-08-29 01:00:00,20.304131634072064
2012-08-29 02:00:00,7.0758501504573275
2012-08-29 03:00:00,6.126544295675643
2012-08-29 04:00:00,5.761798987190929
2012-08-29 05:00:00,41.743447006404075
2012-08-29 06:00:00,188.729287682846
2012-08-29 07:00:00,500.85851622388964
2012-08-29 08:00:00,766.1751788523047
2012-08-29 09:00:00,355.85566310939896
2012-08-29 10:00:00,211.60450093621725
2012-08-29 11:00:00,226.9565466897843
2012-08-29 12:00:00,290.952988467954
2012-08-29 13:00:00,269.62034198325716
2012-08-29 14:00:00,271.17222682313104
2012-08-29 15:00:00,281.22453071310656
2012-08-29 16:00:00,461.91189800158116
2012-08-29 17:00:00,790.7893174485391
2012-08-29 18:00:00,856.9511564256858
2012-08-29 19:00:00,586.5970711654866
2012-08-29 20:00:00,413.76430603557617
2012-08-29 21:00:00,329.03998503934616
2012-08-29 22:00:00,228.45656051292877
2012-08-29 23:00:00,139.50452563968418
2012-08-30 00:00:00,51.94834457353663
2012-08-30 01:00:00,20.538625360641547
2012-08-30 02:00:00,9.005604763457688
2012-08-30 03:00:00,6.022764558787023
2012-08-30 04:00:00,8.586841970681093
2012-08-30 05:00:00,41.39100529592987
2012-08-30 06:00:00,188.16345883367032
2012-08-30 07:00:00,514.9927900511391
2012-08-30 08:00:00,730.8371743083803
2012-08-30 09:00:00,362.58475867544024
2012-08-30 10:00:00,206.01214908097944
2012-08-30 11:00:00,252.25891665848468
2012-08-30 12:00:00,304.19175747704566
2012-08-30 13:00:00,297.25802085705345
2012-08-30 14:00:00,282.468861876118
2012-08-30 15:00:00,291.0092079335666
2012-08-30 16:00:00,432.03822165447184
2012-08-30 17:00:00,818.2747401206368
2012-08-30 18:00:00,819.1039753843302
2012-08-30 19:00:00,582.4161555577098
2012-08-30 20:00:00,434.1320225557531
2012-08-30 21:00:00,327.2671230967394
2012-08-30 22:00:00,235.1619639128759
2012-08-30 23:00:00,163.82346783651593
2012-08-31 00:00:00,66.08000574063277
2012-08-31 01:00:00,35.433729126850274
2012-08-31 02:00:00,13.12816465695653
2012-08-31 03:00:00,5.006012641337822
2012-08-31 04:00:00,7.455335614575099
2012-08-31 05:00:00,37.51367669486648
2012-08-31 06:00:00,139.36682658425212
2012-08-31 07:00:00,382.15518285020795
2012-08-31 08:00:00,700.7346093843956
2012-08-31 09:00:00,380.5555872430887
2012-08-31 10:00:00,267.9618241952979
2012-08-31 11:00:00,277.95820894284014
2012-08-31 12:00:00,357.6197217132061
2012-08-31 13:00:00,331.1759719879978
2012-08-31 14:00:00,316.64986929354444
2012-08-31 15:00:00,317.2369602277177
2012-08-31 16:00:00,456.1597388773331
2012-08-31 17:00:00,762.7611494007474
2012-08-31 18:00:00,695.9380693369549
2012-08-31 19:00:00,520.0232550054604
2012-08-31 20:00:00,367.52772389710515
2012-08-31 21:00:00,276.57413333267357
2012-08-31 22:00:00,252.4240709369087
2012-08-31 23:00:00,202.84541449841143
2012-09-20 00:00:00,47.68736984798391
2012-09-20 01:00:00,18.46889643316193
2012-09-20 02:00:00,7.814866021791267
2012-09-20 03:00:00,5.4726475482443036
2012-09-20 04:00:00,4.5137120516769995
2012-09-20 05:00:00,37.349873065014286
2012-09-20 06:00:00,154.8650938253352
2012-09-20 07:00:00,474.94640332709355
2012-09-20 08:00:00,692.1640557130675
2012-09-20 09:00:00,361.17490731621956
2012-09-20 10:00:00,206.75008543111508
2012-09-20 11:00:00,244.24806720139222
2012-09-20 12:00:00,314.0194974550226
2012-09-20 13:00:00,302.0448118671819
2012-09-20 14:00:00,268.135912074528
2012-09-20 15:00:00,300.26952634091225
2012-09-20 16:00:00,466.0997105141043
2012-09-20 17:00:00,849.7339072372254
2012-09-20 18:00:00,833.5470293630385
2012-09-20 19:00:00,566.4309251998532
2012-09-20 20:00:00,426.90993713002223
2012-09-20 21:00:00,305.77485697286517
2012-09-20 22:00:00,237.88850975380797
2012-09-20 23:00:00,154.4043236491175
2012-09-21 00:00:00,65.07328572870227
2012-09-21 01:00:00,32.44498081267698
2012-09-21 02:00:00,13.210156847862509
2012-09-21 03:00:00,7.156467150983148
2012-09-21 04:00:00,6.425811163196748
2012-09-21 05:00:00,36.058409874132614
2012-09-21 06:00:00,164.37682508800475
2012-09-21 07:00:00,448.35780205303615
2012-09-21 08:00:00,781.4799367222139
2012-09-21 09:00:00,427.5419269987848
2012-09-21 10:00:00,252.43406680323704
2012-09-21 11:00:00,320.9611151039647
2012-09-21 12:00:00,405.7160174008286
2012-09-21 13:00:00,388.59692616415265
2012-09-21 14:00:00,346.4459684059701
2012-09-21 15:00:00,386.00885907890614
2012-09-21 16:00:00,548.5972363742969
2012-09-21 17:00:00,854.3436308830721
2012-09-21 18:00:00,758.2880633241223
2012-09-21 19:00:00,510.20804528933036
2012-09-21 20:00:00,355.4657880065261
2012-09-21 21:00:00,288.8633483492972
2012-09-21 22:00:00,258.961986413398
2012-09-21 23:00:00,188.51745788885916
2012-09-22 00:00:00,167.60166552239468
2012-09-22 01:00:00,108.59630238823604
2012-09-22 02:00:00,63.70467020785347
2012-09-22 03:00:00,33.340623674232866
2012-09-22 04:00:00,7.750020776423423
2012-09-22 05:00:00,11.311253678334749
2012-09-22 06:00:00,23.365819884010634
2012-09-22 07:00:00,76.85755272630976
2012-09-22 08:00:00,194.21913233557407
2012-09-22 09:00:00,303.9289183688445
2012-09-22 10:00:00,453.1721914369742
2012-09-22 11:00:00,600.8082058598669
2012-09-22 12:00:00,687.5521397165344
2012-09-22 13:00:00,629.5290143996189
2012-09-22 14:00:00,620.2944323306272
2012-09-22 15:00:00,628.2475931830352
2012-09-22 16:00:00,631.6542260028677
2012-09-22 17:00:00,556.7815480689562
2012-09-22 18:00:00,506.6104987639561
2012-09-22 19:00:00,419.57217785951923
2012-09-22 20:00:00,344.4182402409871
2012-09-22 21:00:00,272.67642160524866
2012-09-22 22:00:00,236.75482660982607
2012-09-22 23:00:00,197.5954403875573
2012-09-23 00:00:00,160.31500125115056
2012-09-23 01:00:00,115.68726148372261
2012-09-23 02:00:00,89.96838714018931
2012-09-23 03:00:00,35.43378395974817
2012-09-23 04:00:00,9.357441238167052
2012-09-23 05:00:00,11.491124032620068
2012-09-23 06:00:00,21.322287579119653
2012-09-23 07:00:00,60.51902033062909
2012-09-23 08:00:00,145.55912871491364
2012-09-23 09:00:00,267.6961228821343
2012-09-23 10:00:00,421.49344912426733
2012-09-23 11:00:00,510.99624812624376
2012-09-23 12:00:00,628.7205938797338
2012-09-23 13:00:00,724.6256660177454
2012-09-23 14:00:00,633.3863166744818
2012-09-23 15:00:00,639.130819938255
2012-09-23 16:00:00,626.2563585455089
2012-09-23 17:00:00,522.8435123847723
2012-09-23 18:00:00,438.9172564231973
2012-09-23 19:00:00,337.5180000278661
2012-09-23 20:00:00,270.0771942851635
2012-09-23 21:00:00,202.55388212814714
2012-09-23 22:00:00,171.3710109598128
2012-09-23 23:00:00,105.29319483630437
2012-09-24 00:00:00,46.77038100589167
2012-09-24 01:00:00,14.812992537856498
2012-09-24 02:00:00,7.013920114676365
2012-09-24 03:00:00,4.2051705606996785
2012-09-24 04:00:00,7.02471329544885
2012-09-24 05:00:00,42.83240978376932
2012-09-24 06:00:00,186.72824654013067
2012-09-24 07:00:00,516.1966837419862
2012-09-24 08:00:00,671.4030639883348
2012-09-24 09:00:00,341.3268367064791
2012-09-24 10:00:00,208.59992323938894
2012-09-24 11:00:00,245.20377907860453
2012-09-24 12:00:00,296.3258320488761
2012-09-24 13:00:00,304.6904809344888
2012-09-24 14:00:00,299.2632874134243
2012-09-24 15:00:00,315.4149121726041
2012-09-24 16:00:00,414.18443353063253
2012-09-24 17:00:00,876.349206545764
2012-09-24 18:00:00,772.4567364554393
2012-09-24 19:00:00,518.563755774007
2012-09-24 20:00:00,376.1921682925942
2012-09-24 21:00:00,276.49449922705
2012-09-24 22:00:00,179.84971175083297
2012-09-24 23:00:00,106.16110845267383
2012-09-25 00:00:00,47.18822758671328
2012-09-25 01:00:00,14.042748377181148
2012-09-25 02:00:00,3.80687075736459
2012-09-25 03:00:00,4.354250682318974
2012-09-25 04:00:00,8.30934493667361
2012-09-25 05:00:00,40.21289843054131
2012-09-25 06:00:00,161.90056988402765
2012-09-25 07:00:00,470.3993426339796
2012-09-25 08:00:00,811.7008282106734
2012-09-25 09:00:00,335.5960626582334
2012-09-25 10:00:00,192.49363472865682
2012-09-25 11:00:00,230.20696883206446
2012-09-25 12:00:00,290.57522613739934
2012-09-25 13:00:00,288.4831657139026
2012-09-25 14:00:00,271.5350677079083
2012-09-25 15:00:00,295.3533282633802
2012-09-25 16:00:00,436.41309529084725
2012-09-25 17:00:00,881.4419233106014
2012-09-25 18:00:00,790.0262193472142
2012-09-25 19:00:00,509.93102730002937
2012-09-25 20:00:00,370.1998196916508
2012-09-25 21:00:00,274.96834830316374
2012-09-25 22:00:00,195.9047226938136
2012-09-25 23:00:00,120.8030218167053
2012-09-26 00:00:00,50.196061253716906
2012-09-26 01:00:00,15.950518185882492
2012-09-26 02:00:00,5.733693607182125
2012-09-26 03:00:00,4.8134192422107365
2012-09-26 04:00:00,10.22099102079533
2012-09-26 05:00:00,41.94362539157501
2012-09-26 06:00:00,189.06182457615054
2012-09-26 07:00:00,489.7565720867114
2012-09-26 08:00:00,684.9284582278968
2012-09-26 09:00:00,366.02485396999725
2012-09-26 10:00:00,212.93945042524462
2012-09-26 11:00:00,256.40490453066343
2012-09-26 12:00:00,328.07078965036374
2012-09-26 13:00:00,298.6709392458684
2012-09-26 14:00:00,274.4977678744224
2012-09-26 15:00:00,303.80514564616936
2012-09-26 16:00:00,420.3680347586834
2012-09-26 17:00:00,824.4498415129927
2012-09-26 18:00:00,815.5317597810188
2012-09-26 19:00:00,573.5773833571401
2012-09-26 20:00:00,415.78343590266377
2012-09-26 21:00:00,298.88486546177063
2012-09-26 22:00:00,112.86980886588995
2012-09-26 23:00:00,114.93010797741762
2012-09-27 00:00:00,55.64903672659271
2012-09-27 01:00:00,21.792150307743803
2012-09-27 02:00:00,6.833521641536475
2012-09-27 03:00:00,6.9385715580725975
2012-09-27 04:00:00,11.339766937483041
2012-09-27 05:00:00,45.78687593301758
2012-09-27 06:00:00,177.54931620662055
2012-09-27 07:00:00,540.2315384597282
2012-09-27 08:00:00,746.2248190736992
2012-09-27 09:00:00,415.4127132858972
2012-09-27 10:00:00,199.82816126674226
2012-09-27 11:00:00,247.8281388587651
2012-09-27 12:00:00,314.4108715113703
2012-09-27 13:00:00,303.90568701216876
2012-09-27 14:00:00,264.12305317485476
2012-09-27 15:00:00,288.4599043980527
2012-09-27 16:00:00,424.3268957693644
2012-09-27 17:00:00,768.5696644958155
2012-09-27 18:00:00,721.278322381057
2012-09-27 19:00:00,580.2596376372346
2012-09-27 20:00:00,378.432244763669
2012-09-27 21:00:00,160.05878196317119
2012-09-27 22:00:00,119.9103451463995
2012-09-27 23:00:00,108.46879275851678
2012-09-28 00:00:00,36.08934876571446
2012-09-28 01:00:00,28.92247749825981
2012-09-28 02:00:00,6.983656535247342
2012-09-28 03:00:00,7.004041680727891
2012-09-28 04:00:00,9.12656409226158
2012-09-28 05:00:00,42.61118198310786
2012-09-28 06:00:00,129.31693885195483
2012-09-28 07:00:00,370.1600961341239
2012-09-28 08:00:00,672.619896531518
2012-09-28 09:00:00,372.5048505720217
2012-09-28 10:00:00,248.13371369455558
2012-09-28 11:00:00,305.61761858155273
2012-09-28 12:00:00,370.8622560316877
2012-09-28 13:00:00,355.07028945065883
2012-09-28 14:00:00,325.43268308590916
2012-09-28 15:00:00,335.7177062863565
2012-09-28 16:00:00,481.73054022524406
2012-09-28 17:00:00,771.516040663312
2012-09-28 18:00:00,644.9862444686142
2012-09-28 19:00:00,401.91629408938127
2012-09-28 20:00:00,298.60097854654333
2012-09-28 21:00:00,223.66570484620942
2012-09-28 22:00:00,208.1246830112796
2012-09-28 23:00:00,153.6997390473011
2012-09-29 00:00:00,167.0310115285905
2012-09-29 01:00:00,138.22237120359307
2012-09-29 02:00:00,81.92464643511512
2012-09-29 03:00:00,34.713020638256594
2012-09-29 04:00:00,15.80143077600756
2012-09-29 05:00:00,12.448316259817952
2012-09-29 06:00:00,38.692765392323494
2012-09-29 07:00:00,83.49687670344291
2012-09-29 08:00:00,203.47875332492413
2012-09-29 09:00:00,321.1644294648499
2012-09-29 10:00:00,476.7554538402275
2012-09-29 11:00:00,562.1021022277741
2012-09-29 12:00:00,713.282322776359
2012-09-29 13:00:00,704.6030155174278
2012-09-29 14:00:00,748.2794709852169
2012-09-29 15:00:00,703.831177519774
2012-09-29 16:00:00,674.9700789723028
2012-09-29 17:00:00,630.2168091032764
2012-09-29 18:00:00,452.27195069357924
2012-09-29 19:00:00,383.40796652810087
2012-09-29 20:00:00,305.73881398342314
2012-09-29 21:00:00,261.67394513993617
2012-09-29 22:00:00,230.28346020372206
2012-09-29 23:00:00,195.09720552133024
2012-09-30 00:00:00,159.15931986328061
2012-09-30 01:00:00,135.83283142540577
2012-09-30 02:00:00,96.82509739728212
2012-09-30 03:00:00,40.10350202496822
2012-09-30 04:00:00,10.772880473792714
2012-09-30 05:00:00,10.460727663678101
2012-09-30 06:00:00,21.759643552127194
2012-09-30 07:00:00,54.81245235693226
2012-09-30 08:00:00,156.3331927776474
2012-09-30 09:00:00,303.14208850712913
2012-09-30 10:00:00,427.1326272784595
2012-09-30 11:00:00,547.3834096615575
2012-09-30 12:00:00,609.8888574073385
2012-09-30 13:00:00,614.0640135699584
2012-09-30 14:00:00,589.3059159330036
2012-09-30 15:00:00,595.6834268085051
2012-09-30 16:00:00,634.145279617589
2012-09-30 17:00:00,547.1078932226453
2012-09-30 18:00:00,404.8246852967189
2012-09-30 19:00:00,238.0849148194114
2012-09-30 20:00:00,195.45327568138728
2012-09-30 21:00:00,230.89179677628533
2012-09-30 22:00:00,175.6752584332335
2012-09-30 23:00:00,113.93017713707518
2012-10-20 00:00:00,162.5401810802522
2012-10-20 01:00:00,137.55860833205617
2012-10-20 02:00:00,83.59559568903424
2012-10-20 03:00:00,33.90647444062954
2012-10-20 04:00:00,10.475634964799399
2012-10-20 05:00:00,10.148697597658288
2012-10-20 06:00:00,22.258781464088596
2012-10-20 07:00:00,66.82482426880254
2012-10-20 08:00:00,207.87416828664385
2012-10-20 09:00:00,343.2926166787367
2012-10-20 10:00:00,502.53619965422314
2012-10-20 11:00:00,587.2232922717709
2012-10-20 12:00:00,716.9160733710551
2012-10-20 13:00:00,671.1942195521126
2012-10-20 14:00:00,689.999453627391
2012-10-20 15:00:00,675.4763503507837
2012-10-20 16:00:00,612.67069067127
2012-10-20 17:00:00,582.948514470208
2012-10-20 18:00:00,456.0419657293462
2012-10-20 19:00:00,386.96222353902004
2012-10-20 20:00:00,305.4092882889976
2012-10-20 21:00:00,237.53588905667925
2012-10-20 22:00:00,184.41301324125905
2012-10-20 23:00:00,150.87317152934946
2012-10-21 00:00:00,125.20568710991729
2012-10-21 01:00:00,99.4281465679801
2012-10-21 02:00:00,72.17556870619268
2012-10-21 03:00:00,30.490389685487266
2012-10-21 04:00:00,8.570112684505258
2012-10-21 05:00:00,9.179732492406352
2012-10-21 06:00:00,20.86942165525361
2012-10-21 07:00:00,50.97572174308101
2012-10-21 08:00:00,124.55384606559777
2012-10-21 09:00:00,278.468431780688
2012-10-21 10:00:00,398.76319785440967
2012-10-21 11:00:00,475.44737048210413
2012-10-21 12:00:00,605.8448238846231
2012-10-21 13:00:00,613.6800499905904
2012-10-21 14:00:00,578.8506230505477
2012-10-21 15:00:00,555.5780193472978
2012-10-21 16:00:00,574.3036266805673
2012-10-21 17:00:00,517.4377504342926
2012-10-21 18:00:00,408.0997465682793
2012-10-21 19:00:00,331.62298667336705
2012-10-21 20:00:00,254.45860659010035
2012-10-21 21:00:00,167.33682600701235
2012-10-21 22:00:00,133.86489619013727
2012-10-21 23:00:00,95.55436355865768
2012-10-22 00:00:00,42.36848057843877
2012-10-22 01:00:00,13.525542944226665
2012-10-22 02:00:00,5.892937654687118
2012-10-22 03:00:00,3.8888160779304717
2012-10-22 04:00:00,6.961464948950707
2012-10-22 05:00:00,36.7995423002827
2012-10-22 06:00:00,155.0005705393443
2012-10-22 07:00:00,459.7612725287825
2012-10-22 08:00:00,799.7255098958356
2012-10-22 09:00:00,348.3669297221387
2012-10-22 10:00:00,222.4054636473165
2012-10-22 11:00:00,247.61448965014347
2012-10-22 12:00:00,320.9734687133749
2012-10-22 13:00:00,329.57337122342295
2012-10-22 14:00:00,269.43013851042315
2012-10-22 15:00:00,321.618766833762
2012-10-22 16:00:00,464.110306899158
2012-10-22 17:00:00,874.519612452201
2012-10-22 18:00:00,775.5427737405753
2012-10-22 19:00:00,515.5236185622989
2012-10-22 20:00:00,384.09614679610456
2012-10-22 21:00:00,265.84907521421445
2012-10-22 22:00:00,177.26351522514514
2012-10-22 23:00:00,98.45399995748389
2012-10-23 00:00:00,42.078902143547886
2012-10-23 01:00:00,14.335710093394583
2012-10-23 02:00:00,3.8609220038164414
2012-10-23 03:00:00,4.82531504000381
2012-10-23 04:00:00,8.041239234028065
2012-10-23 05:00:00,40.62054266335087
2012-10-23 06:00:00,152.7887778919463
2012-10-23 07:00:00,446.2485804070347
2012-10-23 08:00:00,793.9473581081548
2012-10-23 09:00:00,327.4085479610607
2012-10-23 10:00:00,208.82120671642784
2012-10-23 11:00:00,253.24815785838558
2012-10-23 12:00:00,278.90882616305447
2012-10-23 13:00:00,278.0892045192344
2012-10-23 14:00:00,276.0293343832748
2012-10-23 15:00:00,298.49174146358524
2012-10-23 16:00:00,483.62935804247786
2012-10-23 17:00:00,913.0591217235002
2012-10-23 18:00:00,763.6010179115285
2012-10-23 19:00:00,522.2429032844209
2012-10-23 20:00:00,381.8537449179542
2012-10-23 21:00:00,278.54289249530024
2012-10-23 22:00:00,196.66607806528867
2012-10-23 23:00:00,120.6266122542947
2012-10-24 00:00:00,52.29172120557628
2012-10-24 01:00:00,20.562049655000717
2012-10-24 02:00:00,6.151807606558888
2012-10-24 03:00:00,6.666681629974624
2012-10-24 04:00:00,7.732094770338795
2012-10-24 05:00:00,45.10348473441704
2012-10-24 06:00:00,180.9313366173864
2012-10-24 07:00:00,457.2023444044916
2012-10-24 08:00:00,653.2423179636482
2012-10-24 09:00:00,345.440572224905
2012-10-24 10:00:00,203.1934537638133
2012-10-24 11:00:00,247.50215074211874
2012-10-24 12:00:00,313.34722718968874
2012-10-24 13:00:00,324.2467769686482
2012-10-24 14:00:00,279.1688893922426
2012-10-24 15:00:00,333.9095418047626
2012-10-24 16:00:00,485.1279852941879
2012-10-24 17:00:00,905.0220412802371
2012-10-24 18:00:00,869.6356964022566
2012-10-24 19:00:00,533.8823296278338
2012-10-24 20:00:00,389.524331405317
2012-10-24 21:00:00,277.17407284003207
2012-10-24 22:00:00,213.0532200247343
2012-10-24 23:00:00,119.14561021007897
2012-10-25 00:00:00,50.6488055446949
2012-10-25 01:00:00,21.91524238075563
2012-10-25 02:00:00,7.752483612510363
2012-10-25 03:00:00,5.485031527834717
2012-10-25 04:00:00,11.268484687273181
2012-10-25 05:00:00,39.27219656874705
2012-10-25 06:00:00,160.27688344442612
2012-10-25 07:00:00,415.011320406923
2012-10-25 08:00:00,638.5844122310555
2012-10-25 09:00:00,304.4640651830587
2012-10-25 10:00:00,184.31766548942718
2012-10-25 11:00:00,208.4696472858447
2012-10-25 12:00:00,272.7503143589524
2012-10-25 13:00:00,263.15275235474326
2012-10-25 14:00:00,280.91829598316303
2012-10-25 15:00:00,306.2716201940051
2012-10-25 16:00:00,452.0333011214699
2012-10-25 17:00:00,846.8934143375918
2012-10-25 18:00:00,702.4994882201793
2012-10-25 19:00:00,458.21281889691016
2012-10-25 20:00:00,314.0053143522551
2012-10-25 21:00:00,227.703870138601
2012-10-25 22:00:00,183.03896586322878
2012-10-25 23:00:00,124.52024252871814
2012-10-26 00:00:00,58.38531717153904
2012-10-26 01:00:00,27.682232704940173
2012-10-26 02:00:00,9.555193176913027
2012-10-26 03:00:00,6.537541840388824
2012-10-26 04:00:00,9.584923767945448
2012-10-26 05:00:00,36.98351935075177
2012-10-26 06:00:00,140.16941549047
2012-10-26 07:00:00,385.68182707121713
2012-10-26 08:00:00,602.123120806084
2012-10-26 09:00:00,351.55795417746265
2012-10-26 10:00:00,205.63453804159477
2012-10-26 11:00:00,262.6636546688651
2012-10-26 12:00:00,333.4322316850345
2012-10-26 13:00:00,333.82302019882763
2012-10-26 14:00:00,321.5509069022217
2012-10-26 15:00:00,337.66028012987135
2012-10-26 16:00:00,460.668646624464
2012-10-26 17:00:00,678.9417353094341
2012-10-26 18:00:00,580.4559295625157
2012-10-26 19:00:00,396.3338975383461
2012-10-26 20:00:00,287.6146563912244
2012-10-26 21:00:00,229.8811660102744
2012-10-26 22:00:00,197.2287168844066
2012-10-26 23:00:00,165.6763930004475
2012-10-27 00:00:00,156.23845044431454
2012-10-27 01:00:00,115.72202564828679
2012-10-27 02:00:00,79.78516473945672
2012-10-27 03:00:00,39.18187732177824
2012-10-27 04:00:00,15.860159563090445
2012-10-27 05:00:00,11.146641563355335
2012-10-27 06:00:00,34.57820239402717
2012-10-27 07:00:00,79.6575626181264
2012-10-27 08:00:00,212.01578849642226
2012-10-27 09:00:00,320.4384105681486
2012-10-27 10:00:00,469.1450621780935
2012-10-27 11:00:00,574.4410100765178
2012-10-27 12:00:00,755.3191314480873
2012-10-27 13:00:00,742.4439480390354
2012-10-27 14:00:00,700.4035391623028
2012-10-27 15:00:00,576.0900443049973
2012-10-27 16:00:00,532.4493163602411
2012-10-27 17:00:00,502.28167691131557
2012-10-27 18:00:00,400.77073232239496
2012-10-27 19:00:00,326.9725219940249
2012-10-27 20:00:00,256.8908878278735
2012-10-27 21:00:00,217.73029862226804
2012-10-27 22:00:00,192.47783941573056
2012-10-27 23:00:00,155.93844074548858
2012-10-28 00:00:00,99.56969971121399
2012-10-28 01:00:00,106.51263112730103
2012-10-28 02:00:00,84.47066596050126
2012-10-28 03:00:00,36.50904831635366
2012-10-28 04:00:00,13.891487976724441
2012-10-28 05:00:00,11.272785847516372
2012-10-28 06:00:00,23.660747913268633
2012-10-28 07:00:00,56.41484337797597
2012-10-28 08:00:00,127.520542826141
2012-10-28 09:00:00,246.48902497358608
2012-10-28 10:00:00,363.54342409232277
2012-10-28 11:00:00,438.0349954520482
2012-10-28 12:00:00,497.5094642902578
2012-10-28 13:00:00,485.54525311100883
2012-10-28 14:00:00,487.1896159811953
2012-10-28 15:00:00,470.44519970073895
2012-10-28 16:00:00,338.04765868033525
2012-10-28 17:00:00,227.35237120664098
2012-10-28 18:00:00,124.76906417567587
2012-10-28 19:00:00,106.38674972629327
2012-10-28 20:00:00,83.60666448376742
2012-10-28 21:00:00,82.85877879670724
2012-10-28 22:00:00,62.74245155664971
2012-10-28 23:00:00,38.190178464898715
2012-10-29 00:00:00,22.097605860291786
2012-10-30 13:00:00,83.04933021756274
2012-10-30 14:00:00,75.34557610671725
2012-10-30 15:00:00,90.9403350263277
2012-10-30 16:00:00,140.02572417729752
2012-10-30 17:00:00,304.80474824243726
2012-10-30 18:00:00,290.00513781255756
2012-10-30 19:00:00,437.52475762994527
2012-10-30 20:00:00,246.2011625199874
2012-10-30 21:00:00,170.50122133616364
2012-10-30 22:00:00,139.07921989600862
2012-10-30 23:00:00,81.74882884983924
2012-10-31 00:00:00,34.78738810303801
2012-10-31 01:00:00,13.849474656809425
2012-10-31 02:00:00,5.387946652193426
2012-10-31 03:00:00,4.974629519624948
2012-10-31 04:00:00,5.7239671395033715
2012-10-31 05:00:00,34.207238480916224
2012-10-31 06:00:00,150.12613456261437
2012-10-31 07:00:00,376.8976448081234
2012-10-31 08:00:00,698.7838337410359
2012-10-31 09:00:00,364.6058523397592
2012-10-31 10:00:00,180.28190982950744
2012-10-31 11:00:00,177.2383764751416
2012-10-31 12:00:00,244.30170918225144
2012-10-31 13:00:00,246.80197571887547
2012-10-31 14:00:00,202.76160187574982
2012-10-31 15:00:00,241.84741997139122
2012-10-31 16:00:00,327.8195354553071
2012-10-31 17:00:00,634.0621257955947
2012-10-31 18:00:00,610.1902263496431
2012-10-31 19:00:00,396.809586888741
2012-10-31 20:00:00,289.4182592244136
2012-10-31 21:00:00,210.44431309943567
2012-10-31 22:00:00,163.7001903197116
2012-10-31 23:00:00,96.71115128420051
2012-11-20 00:00:00,36.613769620168085
2012-11-20 01:00:00,12.479768932264342
2012-11-20 02:00:00,3.740547177386694
2012-11-20 03:00:00,3.6600727776306807
2012-11-20 04:00:00,6.0704826817937905
2012-11-20 05:00:00,33.80848470192922
2012-11-20 06:00:00,146.86522710347626
2012-11-20 07:00:00,420.6628004142507
2012-11-20 08:00:00,724.4152409449944
2012-11-20 09:00:00,361.51438668104834
2012-11-20 10:00:00,165.01623011265247
2012-11-20 11:00:00,182.23075520722296
2012-11-20 12:00:00,236.13535112804036
2012-11-20 13:00:00,238.82582753096358
2012-11-20 14:00:00,205.18874819089876
2012-11-20 15:00:00,243.66462794010633
2012-11-20 16:00:00,333.89740108778955
2012-11-20 17:00:00,643.1214716831203
2012-11-20 18:00:00,569.2437948483739
2012-11-20 19:00:00,406.74425664580673
2012-11-20 20:00:00,290.1832552886246
2012-11-20 21:00:00,233.03012684364666
2012-11-20 22:00:00,166.65733497917483
2012-11-20 23:00:00,85.76511185540231
2012-11-21 00:00:00,38.54144914583481
2012-11-21 01:00:00,14.706014182528772
2012-11-21 02:00:00,3.414287517459682
2012-11-21 03:00:00,5.288488015778473
2012-11-21 04:00:00,5.189855298552135
2012-11-21 05:00:00,34.26532279821732
2012-11-21 06:00:00,146.28132639657935
2012-11-21 07:00:00,353.0278544910044
2012-11-21 08:00:00,664.0607033488874
2012-11-21 09:00:00,357.09959499692377
2012-11-21 10:00:00,182.61151514315273
2012-11-21 11:00:00,194.0624612036571
2012-11-21 12:00:00,266.67309952637845
2012-11-21 13:00:00,253.2033535188878
2012-11-21 14:00:00,249.67884131324584
2012-11-21 15:00:00,274.8224904408886
2012-11-21 16:00:00,367.779828689496
2012-11-21 17:00:00,675.0642205366288
2012-11-21 18:00:00,691.673671822279
2012-11-21 19:00:00,423.4674122264405
2012-11-21 20:00:00,298.4964841876709
2012-11-21 21:00:00,229.90703510668067
2012-11-21 22:00:00,163.11199526825862
2012-11-21 23:00:00,94.57790269037102
2012-11-22 00:00:00,104.69863424972117
2012-11-22 01:00:00,56.486898457667216
2012-11-22 02:00:00,27.367668840517673
2012-11-22 03:00:00,16.155204809462745
2012-11-22 04:00:00,9.109049461098184
2012-11-22 05:00:00,11.528068838301492
2012-11-22 06:00:00,22.42269898795479
2012-11-22 07:00:00,71.73084557889963
2012-11-22 08:00:00,164.85725818284018
2012-11-22 09:00:00,202.74314574026153
2012-11-22 10:00:00,291.20405234286164
2012-11-22 11:00:00,372.5964464744067
2012-11-22 12:00:00,459.90486778620664
2012-11-22 13:00:00,537.4005135787988
2012-11-22 14:00:00,537.5136772235097
2012-11-22 15:00:00,547.6896459621314
2012-11-22 16:00:00,527.9668404289304
2012-11-22 17:00:00,428.5951438607422
2012-11-22 18:00:00,335.6424556132383
2012-11-22 19:00:00,279.34950907910655
2012-11-22 20:00:00,213.31427216188536
2012-11-22 21:00:00,154.1493182121988
2012-11-22 22:00:00,122.3153364127344
2012-11-22 23:00:00,86.67442315713396
2012-11-23 00:00:00,47.399662706948334
2012-11-23 01:00:00,24.51916844851962
2012-11-23 02:00:00,9.112492768751265
2012-11-23 03:00:00,5.426338955982749
2012-11-23 04:00:00,5.304456184055407
2012-11-23 05:00:00,32.508112433810474
2012-11-23 06:00:00,86.6477034957132
2012-11-23 07:00:00,325.6500861250442
2012-11-23 08:00:00,612.5103928107808
2012-11-23 09:00:00,393.67087779369666
2012-11-23 10:00:00,222.66196286559097
2012-11-23 11:00:00,246.4783416321226
2012-11-23 12:00:00,352.0944424132153
2012-11-23 13:00:00,345.4451405623658
2012-11-23 14:00:00,325.1975338073293
2012-11-23 15:00:00,342.5916585119323
2012-11-23 16:00:00,451.7354166750964
2012-11-23 17:00:00,725.0988823543734
2012-11-23 18:00:00,615.4737020147687
2012-11-23 19:00:00,406.37348012980146
2012-11-23 20:00:00,319.0059825117846
2012-11-23 21:00:00,235.63682701853685
2012-11-23 22:00:00,187.45023377186956
2012-11-23 23:00:00,141.30756509400354
2012-11-24 00:00:00,126.12543376646812
2012-11-24 01:00:00,85.17652246251346
2012-11-24 02:00:00,55.113950479568324
2012-11-24 03:00:00,24.733666797917714
2012-11-24 04:00:00,7.107425518320186
2012-11-24 05:00:00,6.605544197525342
2012-11-24 06:00:00,16.90462780261092
2012-11-24 07:00:00,48.752818454073754
2012-11-24 08:00:00,117.3674742321027
2012-11-24 09:00:00,168.43449029809568
2012-11-24 10:00:00,243.99193097507563
2012-11-24 11:00:00,325.8474142958688
2012-11-24 12:00:00,343.00653890753284
2012-11-24 13:00:00,393.5365105489319
2012-11-24 14:00:00,366.23413348670675
2012-11-24 15:00:00,355.6154100496815
2012-11-24 16:00:00,354.6686266110602
2012-11-24 17:00:00,265.91587671576605
2012-11-24 18:00:00,242.65861706743235
2012-11-24 19:00:00,197.68819613024917
2012-11-24 20:00:00,150.4297071970377
2012-11-24 21:00:00,126.61684584058455
2012-11-24 22:00:00,115.92237542711165
2012-11-24 23:00:00,103.11760104786782
2012-11-25 00:00:00,77.19941112974836
2012-11-25 01:00:00,66.92860845047348
2012-11-25 02:00:00,46.40863911586437
2012-11-25 03:00:00,22.608643890218875
2012-11-25 04:00:00,6.7452857748144
2012-11-25 05:00:00,6.595434399397147
2012-11-25 06:00:00,11.344785203540267
2012-11-25 07:00:00,33.548621589214356
2012-11-25 08:00:00,76.47351802165964
2012-11-25 09:00:00,145.56345980598886
2012-11-25 10:00:00,225.29347603259873
2012-11-25 11:00:00,267.04456317267034
2012-11-25 12:00:00,290.6543824963977
2012-11-25 13:00:00,299.65289900303526
2012-11-25 14:00:00,297.46624127838163
2012-11-25 15:00:00,318.45713103958866
2012-11-25 16:00:00,339.21296971011657
2012-11-25 17:00:00,314.0097575418714
2012-11-25 18:00:00,235.17049296524738
2012-11-25 19:00:00,178.1878758799425
2012-11-25 20:00:00,143.66950381484043
2012-11-25 21:00:00,119.41512205435038
2012-11-25 22:00:00,91.19078348072519
2012-11-25 23:00:00,57.85090265623876
2012-11-26 00:00:00,28.327076458765017
2012-11-26 01:00:00,8.94231948086978
2012-11-26 02:00:00,4.4067856606796205
2012-11-26 03:00:00,3.254827857789619
2012-11-26 04:00:00,5.2221660061067325
2012-11-26 05:00:00,29.15614760646903
2012-11-26 06:00:00,88.05029673947084
2012-11-26 07:00:00,361.017808264185
2012-11-26 08:00:00,603.0660237394035
2012-11-26 09:00:00,337.95062056666313
2012-11-26 10:00:00,166.9382472826822
2012-11-26 11:00:00,194.30404120057142
2012-11-26 12:00:00,275.2088546063485
2012-11-26 13:00:00,262.38958681223744
2012-11-26 14:00:00,226.91106145145045
2012-11-26 15:00:00,249.97376375291344
2012-11-26 16:00:00,400.62550737204174
2012-11-26 17:00:00,768.9783688310328
2012-11-26 18:00:00,634.1481258447824
2012-11-26 19:00:00,419.6413623004463
2012-11-26 20:00:00,294.9009450542604
2012-11-26 21:00:00,210.05462207447636
2012-11-26 22:00:00,141.40050081909698
2012-11-26 23:00:00,73.99127123462188
2012-11-27 00:00:00,35.136191185485416
2012-11-27 01:00:00,10.872497497534734
2012-11-27 02:00:00,3.6324432228184533
2012-11-27 03:00:00,2.7013883021852076
2012-11-27 04:00:00,4.312194792754596
2012-11-27 05:00:00,32.136138049298516
2012-11-27 06:00:00,140.8221176247202
2012-11-27 07:00:00,206.39900423061627
2012-11-27 08:00:00,368.141674862217
2012-11-27 09:00:00,309.90170248321255
2012-11-27 10:00:00,87.85231985962878
2012-11-27 11:00:00,69.26196199337639
2012-11-27 12:00:00,83.95213118649812
2012-11-27 13:00:00,92.10601539393852
2012-11-27 14:00:00,75.74816316793157
2012-11-27 15:00:00,172.66538171763793
2012-11-27 16:00:00,272.0058080842163
2012-11-27 17:00:00,524.8199505494078
2012-11-27 18:00:00,413.5942146255858
2012-11-27 19:00:00,338.3761117335379
2012-11-27 20:00:00,234.1537949739845
2012-11-27 21:00:00,149.4791656912754
2012-11-27 22:00:00,127.54708115281011
2012-11-27 23:00:00,70.76096715687217
2012-11-28 00:00:00,31.76979181477292
2012-11-28 01:00:00,12.388956786491075
2012-11-28 02:00:00,5.3601624255474105
2012-11-28 03:00:00,4.364882266329303
2012-11-28 04:00:00,4.890090426629706
2012-11-28 05:00:00,29.627708295365082
2012-11-28 06:00:00,123.54204513913348
2012-11-28 07:00:00,373.1612294758095
2012-11-28 08:00:00,636.9054212532149
2012-11-28 09:00:00,336.95437512785725
2012-11-28 10:00:00,171.86606837496086
2012-11-28 11:00:00,179.90794530162052
2012-11-28 12:00:00,227.0567209973524
2012-11-28 13:00:00,219.45046688873515
2012-11-28 14:00:00,204.53249708518283
2012-11-28 15:00:00,228.55344769502
2012-11-28 16:00:00,336.2041601430417
2012-11-28 17:00:00,638.2155016939507
2012-11-28 18:00:00,574.3269445478054
2012-11-28 19:00:00,400.7355463251403
2012-11-28 20:00:00,302.0444124162435
2012-11-28 21:00:00,206.17019105929634
2012-11-28 22:00:00,150.85106057240532
2012-11-28 23:00:00,78.55422406141062
2012-11-29 00:00:00,35.38896749924164
2012-11-29 01:00:00,13.033644650358873
2012-11-29 02:00:00,5.472649970911077
2012-11-29 04:00:00,3.769019754969854
2012-11-29 05:00:00,35.14761566230929
2012-11-29 06:00:00,95.30552016483261
2012-11-29 07:00:00,411.7523462474676
2012-11-29 08:00:00,645.5221220031207
2012-11-29 09:00:00,325.14036009163823
2012-11-29 10:00:00,176.6255217823605
2012-11-29 11:00:00,205.54356526456135
2012-11-29 12:00:00,264.02200165008816
2012-11-29 13:00:00,264.7543331447224
2012-11-29 14:00:00,208.72277784240177
2012-11-29 15:00:00,225.3652379928809
2012-11-29 16:00:00,345.95064038510463
2012-11-29 17:00:00,669.7454003256327
2012-11-29 18:00:00,575.6590808694017
2012-11-29 19:00:00,394.85345346685386
2012-11-29 20:00:00,297.6085510503937
2012-11-29 21:00:00,178.28774299887309
2012-11-29 22:00:00,138.3324947663843
2012-11-29 23:00:00,108.94330331436115
2012-11-30 00:00:00,41.91507086498514
2012-11-30 01:00:00,21.851569602230406
2012-11-30 02:00:00,8.918315271407097
2012-11-30 03:00:00,5.981910342670145
2012-11-30 04:00:00,4.797261988842015
2012-11-30 05:00:00,33.69246448791346
2012-11-30 06:00:00,101.96914662455676
2012-11-30 07:00:00,315.802253712539
2012-11-30 08:00:00,582.6363375119155
2012-11-30 09:00:00,362.36012752931845
2012-11-30 10:00:00,202.4814387149729
2012-11-30 11:00:00,218.11788643414013
2012-11-30 12:00:00,303.5267752519676
2012-11-30 13:00:00,290.51681860176143
2012-11-30 14:00:00,252.16331279485746
2012-11-30 15:00:00,289.3314397262196
2012-11-30 16:00:00,426.6203335074276
2012-11-30 17:00:00,641.1681406843825
2012-11-30 18:00:00,500.75159108539196
2012-11-30 19:00:00,357.5014591650364
2012-11-30 20:00:00,251.16791191830885
2012-11-30 21:00:00,181.11050367579662
2012-11-30 22:00:00,173.8252362415617
2012-11-30 23:00:00,116.29371809568951
2012-12-20 00:00:00,41.014665021551814
2012-12-20 01:00:00,17.443497632635015
2012-12-20 02:00:00,7.032181653086099
2012-12-20 03:00:00,4.429146810600789
2012-12-20 04:00:00,6.5895960807275324
2012-12-20 05:00:00,35.89672156809847
2012-12-20 06:00:00,162.71525503474788
2012-12-20 07:00:00,452.89495051827964
2012-12-20 08:00:00,738.6065497357996
2012-12-20 09:00:00,355.8185209829546
2012-12-20 10:00:00,169.77233198348299
2012-12-20 11:00:00,181.97065601886692
2012-12-20 12:00:00,237.60777966500993
2012-12-20 13:00:00,218.50136713960143
2012-12-20 14:00:00,195.13927005692443
2012-12-20 15:00:00,202.70993073178317
2012-12-20 16:00:00,305.3574043188753
2012-12-20 17:00:00,606.275185023731
2012-12-20 18:00:00,566.5237664996732
2012-12-20 19:00:00,262.51997058351645
2012-12-20 20:00:00,179.51810083324128
2012-12-20 21:00:00,132.93944220945667
2012-12-20 22:00:00,83.19815425731598
2012-12-20 23:00:00,73.7890846969662
2012-12-21 00:00:00,14.322549907091647
2012-12-21 01:00:00,8.550860125647034
2012-12-21 02:00:00,5.316178536784305
2012-12-21 03:00:00,1.9184800909775757
2012-12-21 04:00:00,1.8170275821932222
2012-12-21 05:00:00,19.74437223258733
2012-12-21 06:00:00,82.51085623736402
2012-12-21 07:00:00,241.6142558287123
2012-12-21 08:00:00,516.0988230442176
2012-12-21 09:00:00,282.9165303433386
2012-12-21 10:00:00,135.5854562545596
2012-12-21 11:00:00,138.0888124843542
2012-12-21 12:00:00,176.8230096791604
2012-12-21 13:00:00,171.21273523372793
2012-12-21 14:00:00,147.7680846791783
2012-12-21 15:00:00,155.0224341747116
2012-12-21 16:00:00,221.59936612361983
2012-12-21 17:00:00,332.8005165844482
2012-12-21 18:00:00,293.5528462227268
2012-12-21 19:00:00,247.77951638175122
2012-12-21 20:00:00,157.66650395335523
2012-12-21 21:00:00,112.55049027974448
2012-12-21 22:00:00,97.78975585915366
2012-12-21 23:00:00,73.6193157193313
2012-12-22 00:00:00,50.790427246724875
2012-12-22 01:00:00,46.63832896541042
2012-12-22 02:00:00,31.528617717269523
2012-12-22 03:00:00,13.73433400526168
2012-12-22 04:00:00,3.1025500853946917
2012-12-22 05:00:00,3.574311046505842
2012-12-22 06:00:00,7.49846801325055
2012-12-22 07:00:00,28.36813642370356
2012-12-22 08:00:00,70.1737653517876
2012-12-22 09:00:00,113.3093624182593
2012-12-22 10:00:00,158.74373611160496
2012-12-22 11:00:00,223.06801385316118
2012-12-22 12:00:00,229.82220162814426
2012-12-22 13:00:00,249.8900378994716
2012-12-22 14:00:00,227.45258037380552
2012-12-22 15:00:00,206.04112425168913
2012-12-22 16:00:00,217.7361506752725
2012-12-22 17:00:00,212.10247554655848
2012-12-22 18:00:00,155.451364054918
2012-12-22 19:00:00,129.4140268612622
2012-12-22 20:00:00,107.66714891682334
2012-12-22 21:00:00,78.52603815546398
2012-12-22 22:00:00,69.9443011402031
2012-12-22 23:00:00,61.37058698653735
2012-12-23 00:00:00,48.86922702239503
2012-12-23 01:00:00,43.753735392559115
2012-12-23 02:00:00,32.69500020422886
2012-12-23 03:00:00,15.047536821646101
2012-12-23 04:00:00,4.35333021418408
2012-12-23 05:00:00,3.826111363989303
2012-12-23 06:00:00,4.930487381310743
2012-12-23 07:00:00,18.862829260534483
2012-12-23 08:00:00,46.54304841006292
2012-12-23 09:00:00,96.67841850901571
2012-12-23 10:00:00,138.1569110310259
2012-12-23 11:00:00,164.9602619577668
2012-12-23 12:00:00,219.30894380380906
2012-12-23 13:00:00,227.68062468887945
2012-12-23 14:00:00,221.66023113012878
2012-12-23 15:00:00,249.05419942764968
2012-12-23 16:00:00,237.9901722678348
2012-12-23 17:00:00,194.40606430782452
2012-12-23 18:00:00,174.28229869904266
2012-12-23 19:00:00,141.87765953182972
2012-12-23 20:00:00,87.0961151359016
2012-12-23 21:00:00,70.55094563506937
2012-12-23 22:00:00,61.320939803162105
2012-12-23 23:00:00,37.549861654458596
2012-12-24 00:00:00,17.508729079715497
2012-12-24 01:00:00,4.998118337741069
2012-12-24 02:00:00,2.612036814937238
2012-12-24 03:00:00,2.1613766960253455
2012-12-24 05:00:00,15.053453656293067
2012-12-24 06:00:00,69.39891472006902
2012-12-24 07:00:00,215.08726533265047
2012-12-24 08:00:00,385.969476945597
2012-12-24 09:00:00,233.7925109548646
2012-12-24 10:00:00,82.6989505011633
2012-12-24 11:00:00,95.5842867548192
2012-12-24 12:00:00,132.85647106722536
2012-12-24 13:00:00,73.18180004026038
2012-12-24 14:00:00,61.22719455290982
2012-12-24 15:00:00,64.39826037363534
2012-12-24 16:00:00,101.45414082110386
2012-12-24 17:00:00,203.2886806726162
2012-12-24 18:00:00,213.53421875790514
2012-12-24 19:00:00,203.59529147801652
2012-12-24 20:00:00,92.17610338830183
2012-12-24 21:00:00,69.8459391441215
2012-12-24 22:00:00,59.779398180113084
2012-12-24 23:00:00,24.939959330018393
2012-12-25 00:00:00,32.083129199629404
2012-12-25 01:00:00,27.320208706201765
2012-12-25 02:00:00,14.85478325329002
2012-12-25 04:00:00,5.099177405314527
2012-12-25 05:00:00,5.0799015614746335
2012-12-25 06:00:00,10.932219944960599
2012-12-25 07:00:00,36.02709652354779
2012-12-25 08:00:00,90.13685598564003
2012-12-25 09:00:00,95.29071573482648
2012-12-25 10:00:00,144.5847393221802
2012-12-25 11:00:00,172.5174441584505
2012-12-25 12:00:00,201.20217231820882
2012-12-25 13:00:00,213.05907657133815
2012-12-25 14:00:00,195.4272155783624
2012-12-25 15:00:00,200.860293863473
2012-12-25 16:00:00,217.28216948072688
2012-12-25 17:00:00,206.41012568217477
2012-12-25 18:00:00,178.42924800255656
2012-12-25 19:00:00,164.8133939793815
2012-12-25 20:00:00,119.4186800351209
2012-12-25 21:00:00,88.55730884326383
2012-12-25 22:00:00,71.94084424003972
2012-12-25 23:00:00,44.11626335992991
2012-12-26 00:00:00,23.340234967129746
2012-12-26 01:00:00,6.2992954851192
2012-12-26 02:00:00,2.969864722642115
2012-12-26 03:00:00,2.6895059247398065
2012-12-26 04:00:00,1.8532661396964254
2012-12-26 05:00:00,12.46579844814092
2012-12-26 06:00:00,74.31202664041777
2012-12-26 07:00:00,91.90815633476075
2012-12-26 08:00:00,206.30987081225186
2012-12-26 09:00:00,108.43449323440656
2012-12-26 10:00:00,43.033326036038005
2012-12-26 11:00:00,37.935482905264585
2012-12-26 12:00:00,47.51181557537674
2012-12-26 13:00:00,47.21860303121205
2012-12-26 14:00:00,44.814543596085585
2012-12-26 15:00:00,49.63060627787482
2012-12-26 16:00:00,72.85756863065578
2012-12-26 17:00:00,142.53244605204029
2012-12-26 18:00:00,120.412263549676
2012-12-26 19:00:00,95.92280654568158
2012-12-26 20:00:00,61.14173777730448
2012-12-26 21:00:00,106.01819441456844
2012-12-26 22:00:00,33.140637243461285
2012-12-26 23:00:00,26.498250766462508
2012-12-27 00:00:00,12.397677769721367
2012-12-27 01:00:00,4.882113812461134
2012-12-27 02:00:00,2.144839293084131
2012-12-27 03:00:00,3.053532021961323
2012-12-27 04:00:00,2.2936965088230337
2012-12-27 05:00:00,19.456721863593742
2012-12-27 06:00:00,80.45654890823526
2012-12-27 07:00:00,253.63453618200901
2012-12-27 08:00:00,493.0120899743973
2012-12-27 09:00:00,255.0772266281441
2012-12-27 10:00:00,110.03207527918792
2012-12-27 11:00:00,117.50276176675514
2012-12-27 12:00:00,151.01896702401712
2012-12-27 13:00:00,142.08167636269133
2012-12-27 14:00:00,95.93867850599037
2012-12-27 15:00:00,112.51228968178522
2012-12-27 16:00:00,180.7472864426199
2012-12-27 17:00:00,369.24380040976877
2012-12-27 18:00:00,338.0714912934193
2012-12-27 19:00:00,243.73238398473808
2012-12-27 20:00:00,180.76898000022956
2012-12-27 21:00:00,121.06340913161335
2012-12-27 22:00:00,87.47675554215587
2012-12-27 23:00:00,57.59057021562198
2012-12-28 00:00:00,27.530640977933867
2012-12-28 01:00:00,13.973196449689057
2012-12-28 02:00:00,5.267871001468027
2012-12-28 03:00:00,3.5967417625190614
2012-12-28 04:00:00,2.514717236356402
2012-12-28 05:00:00,16.912286431943425
2012-12-28 06:00:00,67.47395906541301
2012-12-28 07:00:00,216.71395258004497
2012-12-28 08:00:00,504.75297843896175
2012-12-28 09:00:00,270.6755277606015
2012-12-28 10:00:00,120.59934376488366
2012-12-28 11:00:00,131.81738615121466
2012-12-28 12:00:00,180.55211354353105
2012-12-28 13:00:00,172.40259208696762
2012-12-28 14:00:00,144.22345540889899
2012-12-28 15:00:00,152.66337005950948
2012-12-28 16:00:00,245.82538572006598
2012-12-28 17:00:00,365.99674324094644
2012-12-28 18:00:00,322.1347158915966
2012-12-28 19:00:00,194.80896253404552
2012-12-28 20:00:00,137.67561323110698
2012-12-28 21:00:00,108.11667322417144
2012-12-28 22:00:00,95.82461475824496
2012-12-28 23:00:00,71.2897802508337
2012-12-29 00:00:00,56.728871918443026
2012-12-29 01:00:00,52.23294829317499
2012-12-29 02:00:00,35.089712491698094
2012-12-29 03:00:00,16.38083336076799
2012-12-29 04:00:00,5.028768017113698
2012-12-29 05:00:00,4.326745650910353
2012-12-29 06:00:00,7.752746757121396
2012-12-29 07:00:00,28.760259500937984
2012-12-29 08:00:00,77.93116184648653
2012-12-29 09:00:00,110.13155202640134
2012-12-29 10:00:00,113.32939708749929
2012-12-29 11:00:00,100.68791388550284
2012-12-29 12:00:00,128.83473569340956
2012-12-29 13:00:00,121.97446896552067
2012-12-29 14:00:00,175.6281835993178
2012-12-29 15:00:00,168.5780559955169
2012-12-29 16:00:00,250.56783575820305
2012-12-29 17:00:00,189.41358951730464
2012-12-29 18:00:00,190.36047232337816
2012-12-29 19:00:00,157.5300290476564
2012-12-29 20:00:00,106.97675494335847
2012-12-29 21:00:00,96.29536459034875
2012-12-29 22:00:00,75.39479043788928
2012-12-29 23:00:00,65.43340876932191
2012-12-30 00:00:00,55.001430271485745
2012-12-30 01:00:00,43.40455059081064
2012-12-30 02:00:00,34.74553498077979
2012-12-30 03:00:00,14.128955382644191
2012-12-30 04:00:00,2.74405788319772
2012-12-30 05:00:00,3.213840250613443
2012-12-30 06:00:00,4.751737315536945
2012-12-30 07:00:00,19.76701178666249
2012-12-30 08:00:00,51.8014153027315
2012-12-30 09:00:00,98.42525299495331
2012-12-30 10:00:00,134.86770709963562
2012-12-30 11:00:00,166.9815694614631
2012-12-30 12:00:00,200.1359967339917
2012-12-30 13:00:00,207.04473295742207
2012-12-30 14:00:00,207.3302629700815
2012-12-30 15:00:00,215.35279817635345
2012-12-30 16:00:00,212.12905946738485
2012-12-30 17:00:00,162.44325206603787
2012-12-30 18:00:00,130.2808021171245
2012-12-30 19:00:00,144.75866331580872
2012-12-30 20:00:00,80.43368165455225
2012-12-30 21:00:00,72.04310669139454
2012-12-30 22:00:00,50.352995723885314
2012-12-30 23:00:00,34.26585950158354
2012-12-31 00:00:00,17.17650987738388
2012-12-31 01:00:00,4.883666919900822
2012-12-31 02:00:00,2.3661156601947924
2012-12-31 03:00:00,1.8893800989284253
2012-12-31 04:00:00,1.3686131202115004
2012-12-31 05:00:00,13.579825916735441
2012-12-31 06:00:00,69.09930838102166
2012-12-31 07:00:00,202.6622066424361
2012-12-31 08:00:00,381.11353241135265
2012-12-31 09:00:00,217.63941706807785
2012-12-31 10:00:00,81.35882241014741
2012-12-31 11:00:00,83.83336567434654
2012-12-31 12:00:00,111.18246589694535
2012-12-31 13:00:00,116.38790190957495
2012-12-31 14:00:00,105.56249511760994
2012-12-31 15:00:00,120.35278453916045
2012-12-31 16:00:00,167.17400778118443
2012-12-31 17:00:00,348.7416074759252
2012-12-31 18:00:00,337.224658179608
2012-12-31 19:00:00,246.60040230436255
2012-12-31 20:00:00,156.93218516653064
2012-12-31 21:00:00,119.96366267343326
2012-12-31 22:00:00,79.91592427662337
2012-12-31 23:00:00,42.711685743557446
