datetime,count
2011-01-20 00:00:00,11.936356817487063
2011-01-20 01:00:00,5.622399974821189
2011-01-20 02:00:00,3.437887200157145
2011-01-20 03:00:00,2.399429397539116
2011-01-20 04:00:00,2.3811297735253905
2011-01-20 05:00:00,7.794130533004894
2011-01-20 06:00:00,37.19161628806058
2011-01-20 07:00:00,106.46078508326468
2011-01-20 08:00:00,217.2204975018973
2011-01-20 09:00:00,122.20621186989749
2011-01-20 10:00:00,53.118768772062005
2011-01-20 11:00:00,58.37745423078615
2011-01-20 12:00:00,74.49033867870351
2011-01-20 13:00:00,73.63088115177607
2011-01-20 14:00:00,63.223960358524906
2011-01-20 15:00:00,64.46114777007598
2011-01-20 16:00:00,96.69988111020005
2011-01-20 17:00:00,199.9836643917605
2011-01-20 18:00:00,159.8250623198449
2011-01-20 19:00:00,115.62287784549798
2011-01-20 20:00:00,81.1868921077194
2011-01-20 21:00:00,60.19043579273726
2011-01-20 22:00:00,41.63500964255838
2011-01-20 23:00:00,26.06938472224527
2011-01-21 00:00:00,13.899056791078975
2011-01-21 01:00:00,8.229816048774136
2011-01-21 02:00:00,4.962935775968926
2011-01-21 03:00:00,2.5034277100207283
2011-01-21 04:00:00,1.974058803292778
2011-01-21 05:00:00,7.286859877921557
2011-01-21 06:00:00,31.557666201627498
2011-01-21 07:00:00,85.45428222558107
2011-01-21 08:00:00,191.38272776580854
2011-01-21 09:00:00,110.49725011682638
2011-01-21 10:00:00,47.39819392733878
2011-01-21 11:00:00,51.76649668760952
2011-01-21 12:00:00,58.448829517468624
2011-01-21 13:00:00,58.33616575152746
2011-01-21 14:00:00,47.82837611286638
2011-01-21 15:00:00,52.363066364579296
2011-01-21 16:00:00,76.17315045247598
2011-01-21 17:00:00,130.5426264182441
2011-01-21 18:00:00,105.13642445073995
2011-01-21 19:00:00,69.32917532538787
2011-01-21 20:00:00,44.242296480919705
2011-01-21 21:00:00,34.33977990160516
2011-01-21 22:00:00,27.917847838952863
2011-01-21 23:00:00,21.582475918135838
2011-01-22 00:00:00,15.812147905670969
2011-01-22 01:00:00,11.750784162921363
2011-01-22 02:00:00,10.502798923316188
2011-01-22 03:00:00,4.807853199196161
2011-01-22 04:00:00,1.806519977148643
2011-01-22 06:00:00,2.8953459530642682
2011-01-22 07:00:00,7.488060428546616
2011-01-22 08:00:00,20.968565033667627
2011-01-22 09:00:00,30.89656791113937
2011-01-22 10:00:00,50.73158007240922
2011-01-22 11:00:00,60.28200460749734
2011-01-22 12:00:00,70.3737675731598
2011-01-22 13:00:00,81.9191268537328
2011-01-22 14:00:00,77.1622513773914
2011-01-22 15:00:00,74.59339242277846
2011-01-22 16:00:00,68.62609739835635
2011-01-22 17:00:00,67.10738160334361
2011-01-22 18:00:00,49.207236636704295
2011-01-22 19:00:00,45.21326465529984
2011-01-22 20:00:00,32.46613524629278
2011-01-22 21:00:00,30.40029460835583
2011-01-22 22:00:00,27.300244636327815
2011-01-22 23:00:00,20.868947591098575
2011-01-23 00:00:00,16.600997885813822
2011-01-23 01:00:00,15.356035047485975
2011-01-23 02:00:00,12.344451482440105
2011-01-23 03:00:00,6.2699455673911295
2011-01-23 05:00:00,1.7478628949349062
2011-01-23 06:00:00,2.4403743442331685
2011-01-23 07:00:00,7.256783225099151
2011-01-23 08:00:00,18.116523614811832
2011-01-23 09:00:00,30.26493850978242
2011-01-23 10:00:00,50.60578403435483
2011-01-23 11:00:00,62.389980206400544
2011-01-23 12:00:00,70.98912978965522
2011-01-23 13:00:00,69.86334353501726
2011-01-23 14:00:00,69.14399788553197
2011-01-23 15:00:00,66.41740205371791
2011-01-23 16:00:00,68.03241353573956
2011-01-23 17:00:00,57.208960155494196
2011-01-23 18:00:00,49.278589987479876
2011-01-23 19:00:00,39.19329581964322
2011-01-23 20:00:00,30.505758400298976
2011-01-23 21:00:00,25.90590297514773
2011-01-23 22:00:00,19.06734164793754
2011-01-23 23:00:00,11.701688991947664
2011-01-24 00:00:00,7.466071834609005
2011-01-24 01:00:00,2.9377740418189386
2011-01-24 03:00:00,1.520912239492295
2011-01-24 04:00:00,1.7321473860125098
2011-01-24 05:00:00,5.000274730415413
2011-01-24 06:00:00,25.388237538624253
2011-01-24 07:00:00,76.4712631419324
2011-01-24 08:00:00,163.83253089275414
2011-01-24 09:00:00,92.37653219763412
2011-01-24 10:00:00,38.19339833700971
2011-01-24 11:00:00,37.42131124126823
2011-01-24 12:00:00,45.09977959369719
2011-01-24 13:00:00,45.85819893779543
2011-01-24 14:00:00,39.01434732879903
2011-01-24 15:00:00,48.07117741448966
2011-01-24 16:00:00,66.80801476067202
2011-01-24 17:00:00,131.44989031225575
2011-01-24 18:00:00,132.99105236404546
2011-01-24 19:00:00,99.17315842896734
2011-01-24 20:00:00,60.277112977657204
2011-01-24 21:00:00,47.65519367592306
2011-01-24 22:00:00,28.765431443350398
2011-01-24 23:00:00,16.79389853029705
2011-01-25 00:00:00,8.07048769882186
2011-01-25 01:00:00,3.6175327588784105
2011-01-25 02:00:00,2.2747707309472958
2011-01-25 04:00:00,2.0767534490701687
2011-01-25 05:00:00,6.104729841037313
2011-01-25 06:00:00,34.423872077191724
2011-01-25 07:00:00,93.61828796746897
2011-01-25 08:00:00,191.8888581500708
2011-01-25 09:00:00,113.5698815141527
2011-01-25 10:00:00,49.213033112840364
2011-01-25 11:00:00,52.14714199874217
2011-01-25 12:00:00,58.99994572005282
2011-01-25 13:00:00,61.28054618527699
2011-01-25 14:00:00,60.90781040510781
2011-01-25 15:00:00,65.33858091098352
2011-01-25 16:00:00,97.38918986356524
2011-01-25 17:00:00,213.82175717908052
2011-01-25 18:00:00,194.72647073724173
2011-01-25 19:00:00,111.51552065451723
2011-01-25 20:00:00,75.53645532918667
2011-01-25 21:00:00,58.37434050071034
2011-01-25 22:00:00,40.410519468795755
2011-01-25 23:00:00,22.50313556989107
2011-01-26 00:00:00,10.925326714417988
2011-01-26 01:00:00,5.328424896378141
2011-01-26 02:00:00,3.0080525674982104
2011-01-26 05:00:00,4.668241441827855
2011-01-26 06:00:00,19.19190447258612
2011-01-26 07:00:00,49.13899894899363
2011-01-26 08:00:00,117.68215146502436
2011-01-26 09:00:00,59.34546101074388
2011-01-26 10:00:00,21.977457367368345
2011-01-26 11:00:00,21.105312536318518
2011-01-26 12:00:00,22.687366961024612
2011-01-26 13:00:00,21.51492163856465
2011-01-26 14:00:00,20.311266643878774
2011-01-26 15:00:00,19.31028997349478
2011-01-26 16:00:00,32.30058241504471
2011-01-26 17:00:00,67.181617350105455
2011-01-27 16:00:00,82.65063703843228
2011-01-27 17:00:00,175.26117595780428
2011-01-27 18:00:00,154.22613881745278
2011-01-27 19:00:00,112.73405794714559
2011-01-27 20:00:00,78.17852299561692
2011-01-27 21:00:00,59.15533533954386
2011-01-27 22:00:00,43.06786153825741
2011-01-27 23:00:00,26.796615630607885
2011-01-28 00:00:00,11.96826189252001
2011-01-28 01:00:00,7.165922183245335
2011-01-28 02:00:00,4.197901473307498
2011-01-28 03:00:00,2.5339100446244816
2011-01-28 05:00:00,7.516651881670534
2011-01-28 06:00:00,29.191425233297497
2011-01-28 07:00:00,80.77104968336322
2011-01-28 08:00:00,184.2373982255921
2011-01-28 09:00:00,85.28655402430489
2011-01-28 10:00:00,36.87953507400765
2011-01-28 11:00:00,33.92495957199415
2011-01-28 12:00:00,35.39809484884709
2011-01-28 13:00:00,34.62772947190935
2011-01-28 14:00:00,37.575393909006095
2011-01-28 15:00:00,54.09902290299203
2011-01-28 16:00:00,86.02713086259271
2011-01-28 17:00:00,170.75927006643903
2011-01-28 18:00:00,137.0024214431072
2011-01-28 19:00:00,97.94429521428627
2011-01-28 20:00:00,64.85279244331726
2011-01-28 21:00:00,48.16966143365737
2011-01-28 22:00:00,44.67042414499361
2011-01-28 23:00:00,36.96867615652195
2011-01-29 00:00:00,23.02021272447177
2011-01-29 01:00:00,22.230107528229635
2011-01-29 02:00:00,17.44722372814299
2011-01-29 03:00:00,8.042951509446176
2011-01-29 04:00:00,2.876816015759495
2011-01-29 06:00:00,4.456791217347359
2011-01-29 07:00:00,11.525702443868088
2011-01-29 08:00:00,32.63196860158399
2011-01-29 09:00:00,49.52741580775995
2011-01-29 10:00:00,69.90802954555542
2011-01-29 11:00:00,77.85688511875752
2011-01-29 12:00:00,83.03046261144402
2011-01-29 13:00:00,94.18841988371899
2011-01-29 14:00:00,90.17810745639788
2011-01-29 15:00:00,82.62751193950712
2011-01-29 16:00:00,100.94234957147839
2011-01-29 17:00:00,84.48470184478045
2011-01-29 18:00:00,67.88135402385599
2011-01-29 19:00:00,51.26879691133401
2011-01-29 20:00:00,42.56444739768485
2011-01-29 21:00:00,37.3897851454315
2011-01-29 22:00:00,32.95807244999418
2011-01-29 23:00:00,28.037786132305953
2011-01-30 00:00:00,22.55660350499352
2011-01-30 01:00:00,20.338518755108357
2011-01-30 02:00:00,17.45919666584021
2011-01-30 03:00:00,7.456133722370963
2011-01-30 04:00:00,2.4209434410203827
2011-01-30 05:00:00,2.3294114267482273
2011-01-30 07:00:00,8.3519018316564
2011-01-30 08:00:00,20.179454341334683
2011-01-30 09:00:00,40.00256583699768
2011-01-30 10:00:00,63.49075042625426
2011-01-30 11:00:00,75.78520398952857
2011-01-30 12:00:00,119.33610895345873
2011-01-30 13:00:00,117.21669771467353
2011-01-30 14:00:00,113.39274664247672
2011-01-30 15:00:00,112.58197261805637
2011-01-30 16:00:00,111.28158004864653
2011-01-30 17:00:00,93.21583621175708
2011-01-30 18:00:00,69.17523647703379
2011-01-30 19:00:00,52.98400438417812
2011-01-30 20:00:00,40.88162628688027
2011-01-30 21:00:00,35.22192175046684
2011-01-30 22:00:00,27.29783692342044
2011-01-30 23:00:00,15.968934310450855
2011-01-31 00:00:00,10.43544292725855
2011-01-31 01:00:00,4.104666790221079
2011-01-31 02:00:00,3.096572995469635
2011-01-31 03:00:00,2.239394443136468
2011-01-31 04:00:00,2.376616429619334
2011-01-31 05:00:00,5.966129197512489
2011-01-31 06:00:00,27.13439783445024
2011-01-31 07:00:00,82.37033358589852
2011-01-31 08:00:00,170.78379224115756
2011-01-31 09:00:00,89.55900564452816
2011-01-31 10:00:00,38.6075104006195
2011-01-31 11:00:00,38.587312563321575
2011-01-31 12:00:00,54.2938219985523
2011-01-31 13:00:00,53.85636751532136
2011-01-31 14:00:00,45.44214815880856
2011-01-31 15:00:00,47.069527531719764
2011-01-31 16:00:00,65.29419622454799
2011-01-31 17:00:00,141.82984237462077
2011-01-31 18:00:00,137.39094805047228
2011-01-31 19:00:00,136.17980687263187
2011-01-31 20:00:00,60.98427577694198
2011-01-31 21:00:00,44.105765405429935
2011-01-31 22:00:00,33.15264743291988
2011-01-31 23:00:00,17.57469579125563
2011-02-20 00:00:00,23.554601104284533
2011-02-20 01:00:00,18.397531836184214
2011-02-20 02:00:00,15.906696400579655
2011-02-20 03:00:00,7.141629633449271
2011-02-20 04:00:00,2.2817327286028073
2011-02-20 06:00:00,2.964155140143844
2011-02-20 07:00:00,8.211781410944676
2011-02-20 08:00:00,24.465810162671218
2011-02-20 09:00:00,40.608167114538574
2011-02-20 10:00:00,68.91042380016806
2011-02-20 11:00:00,97.27934374158966
2011-02-20 12:00:00,124.85963616133212
2011-02-20 13:00:00,138.44190327211913
2011-02-20 14:00:00,137.89792084808735
2011-02-20 15:00:00,135.82847006930768
2011-02-20 16:00:00,136.17450004333577
2011-02-20 17:00:00,114.00683010553553
2011-02-20 18:00:00,90.09307804578576
2011-02-20 19:00:00,73.0202756992775
2011-02-20 20:00:00,54.60281236690223
2011-02-20 21:00:00,41.38206524320369
2011-02-20 22:00:00,32.82787859303385
2011-02-20 23:00:00,21.419273826450876
2011-02-21 00:00:00,31.279671635156088
2011-02-21 01:00:00,14.619694955126716
2011-02-21 02:00:00,11.72048270143273
2011-02-21 03:00:00,5.8392941841448085
2011-02-21 04:00:00,3.365187585511074
2011-02-21 05:00:00,3.4040011168437836
2011-02-21 06:00:00,9.317526892017625
2011-02-21 07:00:00,25.28578234258211
2011-02-21 08:00:00,48.37383634340555
2011-02-21 09:00:00,56.46798086731665
2011-02-21 10:00:00,76.20020696266764
2011-02-21 11:00:00,99.49703321080838
2011-02-21 12:00:00,105.47979276106729
2011-02-21 13:00:00,50.125519925469376
2011-02-21 14:00:00,97.34037161908924
2011-02-21 15:00:00,80.63692872744296
2011-02-21 16:00:00,55.009230772680894
2011-02-21 17:00:00,78.395834766718
2011-02-21 18:00:00,65.75366099135132
2011-02-21 19:00:00,59.1516419542565
2011-02-21 20:00:00,29.11347171262126
2011-02-21 21:00:00,17.849570605776464
2011-02-21 22:00:00,16.77921467882798
2011-02-21 23:00:00,10.137594383361641
2011-02-22 06:00:00,23.906457863296012
2011-02-22 07:00:00,67.5815204220698
2011-02-22 08:00:00,162.06604322310056
2011-02-22 09:00:00,86.21344679580366
2011-02-22 10:00:00,44.142205071185266
2011-02-22 11:00:00,45.806025918484636
2011-02-22 12:00:00,58.9912359521078
2011-02-22 13:00:00,61.783505079720925
2011-02-22 14:00:00,49.72410975655415
2011-02-22 15:00:00,58.05552233521716
2011-02-22 16:00:00,82.10644708429055
2011-02-22 17:00:00,161.66066603646271
2011-02-22 18:00:00,167.22783621173798
2011-02-22 19:00:00,97.31185342736819
2011-02-22 20:00:00,70.88579526197682
2011-02-22 21:00:00,52.62727536117665
2011-02-22 22:00:00,36.07669030361942
2011-02-22 23:00:00,20.658661150576382
2011-02-23 00:00:00,9.307619769923845
2011-02-23 01:00:00,4.29047021416744
2011-02-23 02:00:00,2.341848833645293
2011-02-23 03:00:00,1.8774852024171391
2011-02-23 05:00:00,6.291039797473611
2011-02-23 06:00:00,34.094838672489
2011-02-23 07:00:00,97.58973531881897
2011-02-23 08:00:00,212.54006012225392
2011-02-23 09:00:00,116.53418387265228
2011-02-23 10:00:00,48.84703736590257
2011-02-23 11:00:00,55.36926854535359
2011-02-23 12:00:00,67.48614344873768
2011-02-23 13:00:00,74.10256757289484
2011-02-23 14:00:00,66.15348991688495
2011-02-23 15:00:00,76.8382866832194
2011-02-23 16:00:00,104.91300336337866
2011-02-23 17:00:00,222.2766072785044
2011-02-23 18:00:00,202.51369447288144
2011-02-23 19:00:00,132.6335949944758
2011-02-23 20:00:00,86.50695168270693
2011-02-23 21:00:00,60.151639468938484
2011-02-23 22:00:00,44.016976772519875
2011-02-23 23:00:00,24.76051780041249
2011-02-24 00:00:00,11.530845992924348
2011-02-24 01:00:00,5.265491722180204
2011-02-24 02:00:00,3.3917174743898757
2011-02-24 03:00:00,2.4090188186961914
2011-02-24 05:00:00,8.353087032358989
2011-02-24 06:00:00,36.525303353891466
2011-02-24 07:00:00,102.88981909158557
2011-02-24 08:00:00,240.97645698465584
2011-02-24 09:00:00,102.35128329000405
2011-02-24 10:00:00,47.204422742239665
2011-02-24 11:00:00,54.400242359802334
2011-02-24 12:00:00,77.46312935590397
2011-02-24 13:00:00,75.65215851699459
2011-02-24 14:00:00,67.46273381579597
2011-02-24 15:00:00,43.35951974750718
2011-02-24 16:00:00,66.5236735301966
2011-02-24 17:00:00,131.86424243981892
2011-02-24 18:00:00,143.16863573060292
2011-02-24 19:00:00,53.89741012117228
2011-02-24 20:00:00,65.4847879550892
2011-02-24 21:00:00,56.61430159429237
2011-02-24 22:00:00,24.878066387451465
2011-02-24 23:00:00,26.82445792328995
2011-02-25 00:00:00,7.573943676642386
2011-02-25 01:00:00,6.695783745584358
2011-02-25 02:00:00,3.996192517342604
2011-02-25 03:00:00,2.7979406000745266
2011-02-25 05:00:00,7.864319422797303
2011-02-25 06:00:00,19.154125905006783
2011-02-25 07:00:00,41.86702802343917
2011-02-25 08:00:00,114.6661458139296
2011-02-25 09:00:00,57.60489871260172
2011-02-25 10:00:00,27.950992349998117
2011-02-25 11:00:00,92.29464656915437
2011-02-25 12:00:00,95.15051471693286
2011-02-25 13:00:00,87.11638253026275
2011-02-25 14:00:00,68.59353544188647
2011-02-25 15:00:00,107.31368970475427
2011-02-25 16:00:00,104.1587662449554
2011-02-25 17:00:00,164.09935682002242
2011-02-25 18:00:00,154.59916855392476
2011-02-25 19:00:00,102.94478469425918
2011-02-25 20:00:00,67.93330475281807
2011-02-25 21:00:00,60.548770455063114
2011-02-25 22:00:00,45.342776149878596
2011-02-25 23:00:00,35.80315054685176
2011-02-26 00:00:00,27.52794448670378
2011-02-26 01:00:00,20.417946204153356
2011-02-26 02:00:00,14.559906965405702
2011-02-26 03:00:00,8.240507414720776
2011-02-26 04:00:00,2.8184328991480125
2011-02-26 05:00:00,2.368101651656331
2011-02-26 06:00:00,4.721132182942624
2011-02-26 07:00:00,12.231684205247713
2011-02-26 08:00:00,34.27301344337538
2011-02-26 09:00:00,52.63108469837904
2011-02-26 10:00:00,87.48483729193445
2011-02-26 11:00:00,113.16977106273073
2011-02-26 12:00:00,124.81971058619794
2011-02-26 13:00:00,133.61384827132525
2011-02-26 14:00:00,127.18967060763373
2011-02-26 15:00:00,130.71041779085613
2011-02-26 16:00:00,127.11822935552588
2011-02-26 17:00:00,116.1183577846561
2011-02-26 18:00:00,95.07776682010444
2011-02-26 19:00:00,72.50557167274225
2011-02-26 20:00:00,58.2272823321023
2011-02-26 21:00:00,44.6346694305401
2011-02-26 22:00:00,40.36161183897826
2011-02-26 23:00:00,32.41433092900037
2011-02-27 00:00:00,22.481110113086768
2011-02-27 01:00:00,21.424014280886045
2011-02-27 02:00:00,18.738389064919033
2011-02-27 03:00:00,9.823814919691703
2011-02-27 04:00:00,3.3014079353787795
2011-02-27 06:00:00,3.7708810942370565
2011-02-27 07:00:00,10.781950199148426
2011-02-27 08:00:00,25.958501328582578
2011-02-27 09:00:00,54.69249935362264
2011-02-27 10:00:00,85.47379251272001
2011-02-27 11:00:00,123.49435514046908
2011-02-27 12:00:00,149.7210277059555
2011-02-27 13:00:00,159.41054584331388
2011-02-27 14:00:00,155.64130303555484
2011-02-27 15:00:00,189.05284280999956
2011-02-27 16:00:00,199.15377914779916
2011-02-27 17:00:00,132.9118258664177
2011-02-27 18:00:00,95.94711466036495
2011-02-27 19:00:00,83.74007057098775
2011-02-27 20:00:00,65.14964736813543
2011-02-27 21:00:00,53.60238342604664
2011-02-27 22:00:00,40.880408820859586
2011-02-27 23:00:00,24.263410451355227
2011-02-28 00:00:00,13.675739452894227
2011-02-28 01:00:00,3.0035656795944607
2011-02-28 03:00:00,1.6674237387280395
2011-02-28 05:00:00,6.647334791254026
2011-02-28 06:00:00,32.90753491666721
2011-02-28 07:00:00,93.83037503058011
2011-02-28 08:00:00,156.73189485505821
2011-02-28 09:00:00,105.28511154528464
2011-02-28 10:00:00,66.2679678274365
2011-02-28 11:00:00,84.84228370757008
2011-02-28 12:00:00,108.65946222065469
2011-02-28 13:00:00,33.47150235914434
2011-02-28 14:00:00,20.704287768808086
2011-02-28 15:00:00,22.202848906273054
2011-02-28 16:00:00,41.02941747865577
2011-02-28 17:00:00,64.46061835063732
2011-02-28 18:00:00,106.46467157722319
2011-02-28 19:00:00,53.995755071096916
2011-02-28 20:00:00,35.92451906009271
2011-02-28 21:00:00,50.676299439373295
2011-02-28 22:00:00,17.815063518410483
2011-02-28 23:00:00,18.490611529636507
2011-03-20 00:00:00,31.366577269242402
2011-03-20 01:00:00,22.06294565576553
2011-03-20 02:00:00,20.24644945110013
2011-03-20 03:00:00,10.123357460123692
2011-03-20 04:00:00,3.0206491592309677
2011-03-20 05:00:00,2.454052500700808
2011-03-20 06:00:00,3.900321011286512
2011-03-20 07:00:00,10.13080850832598
2011-03-20 08:00:00,31.18373214662102
2011-03-20 09:00:00,58.00141710770439
2011-03-20 10:00:00,82.54235423263883
2011-03-20 11:00:00,117.50468332493544
2011-03-20 12:00:00,143.93423287042629
2011-03-20 13:00:00,146.33029464828073
2011-03-20 14:00:00,143.71667050993153
2011-03-20 15:00:00,146.6651466971811
2011-03-20 16:00:00,159.53765496503118
2011-03-20 17:00:00,117.35752820289875
2011-03-20 18:00:00,92.8763831907274
2011-03-20 19:00:00,73.72663007997512
2011-03-20 20:00:00,56.005358342280445
2011-03-20 21:00:00,42.3570078734022
2011-03-20 22:00:00,34.844509537951836
2011-03-20 23:00:00,14.470060699197589
2011-03-21 00:00:00,11.767423415244886
2011-03-21 01:00:00,6.048664271719755
2011-03-21 02:00:00,4.3237308012342
2011-03-21 03:00:00,2.926588157309827
2011-03-21 05:00:00,10.386375383977034
2011-03-21 06:00:00,39.045897403951244
2011-03-21 07:00:00,63.903300174822775
2011-03-21 08:00:00,211.04321817127465
2011-03-21 09:00:00,120.9480804699824
2011-03-21 10:00:00,68.49532689330589
2011-03-21 11:00:00,82.12080434594876
2011-03-21 12:00:00,115.29629972251641
2011-03-21 13:00:00,134.64380037312904
2011-03-21 14:00:00,134.45196070747687
2011-03-21 15:00:00,150.11889437914104
2011-03-21 16:00:00,214.79289086589117
2011-03-21 17:00:00,433.4572638594906
2011-03-21 18:00:00,379.69260413373087
2011-03-21 19:00:00,327.4823905106603
2011-03-21 20:00:00,223.07903819203193
2011-03-21 21:00:00,104.45897453582934
2011-03-21 22:00:00,85.15594550262779
2011-03-21 23:00:00,52.85340041255152
2011-03-22 00:00:00,24.63008492420867
2011-03-22 01:00:00,6.464776304473739
2011-03-22 02:00:00,4.895153582045031
2011-03-22 03:00:00,3.842262151313295
2011-03-22 04:00:00,3.732562006757118
2011-03-22 05:00:00,13.190624629055172
2011-03-22 06:00:00,64.54229800655783
2011-03-22 07:00:00,197.09650232499826
2011-03-22 08:00:00,341.01894132569595
2011-03-22 09:00:00,162.19326915391147
2011-03-22 10:00:00,84.14218609204947
2011-03-22 11:00:00,96.41631720552446
2011-03-22 12:00:00,141.18806274769386
2011-03-22 13:00:00,148.47534454422754
2011-03-22 14:00:00,130.62270678572082
2011-03-22 15:00:00,143.472768745464
2011-03-22 16:00:00,225.72850576649464
2011-03-22 17:00:00,462.8640763633111
2011-03-22 18:00:00,435.0869423144759
2011-03-22 19:00:00,220.1955981042028
2011-03-22 20:00:00,146.60363893918677
2011-03-22 21:00:00,112.56500691438681
2011-03-22 22:00:00,78.63028054551519
2011-03-22 23:00:00,46.33354377097411
2011-03-23 00:00:00,12.861193358259985
2011-03-23 01:00:00,6.124116683833761
2011-03-23 02:00:00,4.274751066499174
2011-03-23 03:00:00,3.2526805763592677
2011-03-23 05:00:00,6.776702948844821
2011-03-23 06:00:00,53.730844018191966
2011-03-23 07:00:00,125.84070420220381
2011-03-23 08:00:00,269.72341465620616
2011-03-23 09:00:00,148.06070055093238
2011-03-23 10:00:00,59.301650052507895
2011-03-23 11:00:00,60.115119170903355
2011-03-23 12:00:00,69.28892179423903
2011-03-23 13:00:00,39.45573328244363
2011-03-23 14:00:00,79.25405466817789
2011-03-23 15:00:00,94.79033406402452
2011-03-23 16:00:00,140.3126291572255
2011-03-23 17:00:00,274.2196512654312
2011-03-23 18:00:00,155.7269744944069
2011-03-23 19:00:00,111.65357780824438
2011-03-23 20:00:00,32.54399251393783
2011-03-23 21:00:00,27.64479331523629
2011-03-23 22:00:00,51.104899187128545
2011-03-23 23:00:00,18.78463188043007
2011-03-24 00:00:00,14.205921552982653
2011-03-24 01:00:00,5.318999515705614
2011-03-24 02:00:00,4.030245385413307
2011-03-24 03:00:00,2.8118298421839256
2011-03-24 04:00:00,2.239504997209868
2011-03-24 05:00:00,10.58275573557256
2011-03-24 06:00:00,52.31020659940029
2011-03-24 07:00:00,61.17526833141171
2011-03-24 08:00:00,145.06824021198793
2011-03-24 09:00:00,117.57111786986282
2011-03-24 10:00:00,48.76175925202125
2011-03-24 11:00:00,59.95312449326531
2011-03-24 12:00:00,78.63287224906324
2011-03-24 13:00:00,80.72699560320665
2011-03-24 14:00:00,75.4484656471808
2011-03-24 15:00:00,76.08944071124091
2011-03-24 16:00:00,112.27601566719609
2011-03-24 17:00:00,215.12879800144475
2011-03-24 18:00:00,214.8359255466303
2011-03-24 19:00:00,158.72438863485155
2011-03-24 20:00:00,113.61968073906938
2011-03-24 21:00:00,78.03461444889685
2011-03-24 22:00:00,60.74240244426439
2011-03-24 23:00:00,36.61873839061239
2011-03-25 00:00:00,19.527089870331857
2011-03-25 01:00:00,9.61998746678866
2011-03-25 02:00:00,5.890752190263693
2011-03-25 03:00:00,3.7923343545054284
2011-03-25 04:00:00,2.996852886401915
2011-03-25 05:00:00,10.98629681385297
2011-03-25 06:00:00,42.01256953426038
2011-03-25 07:00:00,112.3557924112913
2011-03-25 08:00:00,250.42580027273127
2011-03-25 09:00:00,146.61025676023445
2011-03-25 10:00:00,76.7777995225067
2011-03-25 11:00:00,86.76133150722764
2011-03-25 12:00:00,116.0183058579361
2011-03-25 13:00:00,117.16237455329545
2011-03-25 14:00:00,109.77404818273115
2011-03-25 15:00:00,111.18283209270815
2011-03-25 16:00:00,146.46170318912863
2011-03-25 17:00:00,234.36301640139868
2011-03-25 18:00:00,210.65101726673396
2011-03-25 19:00:00,135.20587872330535
2011-03-25 20:00:00,96.47532430489599
2011-03-25 21:00:00,79.20595973959055
2011-03-25 22:00:00,67.58506409541265
2011-03-25 23:00:00,45.25893872020374
2011-03-26 00:00:00,34.866033772516374
2011-03-26 01:00:00,27.605441919903647
2011-03-26 02:00:00,19.85485200198999
2011-03-26 03:00:00,9.27588755256368
2011-03-26 04:00:00,3.8325455176315044
2011-03-26 05:00:00,3.3343028238658055
2011-03-26 06:00:00,8.604961539672697
2011-03-26 07:00:00,16.597163345136053
2011-03-26 08:00:00,47.940245706342665
2011-03-26 09:00:00,74.33074035848588
2011-03-26 10:00:00,106.49484711361032
2011-03-26 11:00:00,142.08958157243222
2011-03-26 12:00:00,159.5045938985998
2011-03-26 13:00:00,175.095766274886
2011-03-26 14:00:00,183.4071834585066
2011-03-26 15:00:00,181.81332087723632
2011-03-26 16:00:00,172.24863317416927
2011-03-26 17:00:00,136.56871810723442
2011-03-26 18:00:00,114.61999133585255
2011-03-26 19:00:00,83.3184533533476
2011-03-26 20:00:00,63.787694790814776
2011-03-26 21:00:00,48.54909929110089
2011-03-26 22:00:00,49.98604426962056
2011-03-26 23:00:00,38.40530235032363
2011-03-27 00:00:00,33.00441914539922
2011-03-27 01:00:00,27.117774812584877
2011-03-27 02:00:00,24.193148166556774
2011-03-27 03:00:00,10.14649300126315
2011-03-27 04:00:00,4.437905125717991
2011-03-27 06:00:00,5.198331379935258
2011-03-27 07:00:00,10.615453456576407
2011-03-27 08:00:00,31.02854380467393
2011-03-27 09:00:00,59.032178442241296
2011-03-27 10:00:00,76.1421781058236
2011-03-27 11:00:00,108.12746300214457
2011-03-27 12:00:00,116.62779774246673
2011-03-27 13:00:00,144.8424952258082
2011-03-27 14:00:00,162.3340188771837
2011-03-27 15:00:00,149.21990512509018
2011-03-27 16:00:00,174.12781250649275
2011-03-27 17:00:00,134.910959310307
2011-03-27 18:00:00,105.12725116070578
2011-03-27 19:00:00,84.50553686477022
2011-03-27 20:00:00,66.42136984811293
2011-03-27 21:00:00,48.31798974568379
2011-03-27 22:00:00,39.679544957081276
2011-03-27 23:00:00,23.952505028889547
2011-03-28 00:00:00,13.161530395248656
2011-03-28 01:00:00,5.35353197382091
2011-03-28 02:00:00,4.146032931193816
2011-03-28 03:00:00,2.994546822321301
2011-03-28 05:00:00,8.089876297760233
2011-03-28 06:00:00,41.06389224119065
2011-03-28 07:00:00,116.19525347136022
2011-03-28 08:00:00,225.36988668914918
2011-03-28 09:00:00,109.29660711381106
2011-03-28 10:00:00,60.09999451214092
2011-03-28 11:00:00,57.81722816837056
2011-03-28 12:00:00,71.3030956330223
2011-03-28 13:00:00,79.83121071664641
2011-03-28 14:00:00,75.08437349623804
2011-03-28 15:00:00,78.48907004850264
2011-03-28 16:00:00,121.00051211232359
2011-03-28 17:00:00,248.05943331745024
2011-03-28 18:00:00,223.78586804787423
2011-03-28 19:00:00,167.3123456039929
2011-03-28 20:00:00,109.43463241914108
2011-03-28 21:00:00,82.48433346307321
2011-03-28 22:00:00,54.28503964235653
2011-03-28 23:00:00,29.13117718921027
2011-03-29 00:00:00,14.758574041317287
2011-03-29 01:00:00,4.883358296348868
2011-03-29 02:00:00,3.4652226767434957
2011-03-29 03:00:00,2.6699883166091043
2011-03-29 04:00:00,2.77554609544495
2011-03-29 05:00:00,8.833081631441072
2011-03-29 06:00:00,45.32184379025093
2011-03-29 07:00:00,125.33601374951128
2011-03-29 08:00:00,261.5995082622244
2011-03-29 09:00:00,141.74751490347649
2011-03-29 10:00:00,66.46615265629806
2011-03-29 11:00:00,68.70737672018699
2011-03-29 12:00:00,99.62282574999256
2011-03-29 13:00:00,94.31446364400402
2011-03-29 14:00:00,85.23339693826361
2011-03-29 15:00:00,107.82328404260416
2011-03-29 16:00:00,165.381276388494
2011-03-29 17:00:00,342.07276286225436
2011-03-29 18:00:00,313.4888544472581
2011-03-29 19:00:00,172.72953937617896
2011-03-29 20:00:00,147.0524798937954
2011-03-29 21:00:00,110.28167082547276
2011-03-29 22:00:00,78.64550603838373
2011-03-29 23:00:00,34.14731193635947
2011-03-30 00:00:00,20.004219995985878
2011-03-30 01:00:00,8.79371703793841
2011-03-30 02:00:00,4.7695782029718705
2011-03-30 03:00:00,3.5180360991691524
2011-03-30 04:00:00,3.2673689510599875
2011-03-30 05:00:00,10.601572882786286
2011-03-30 06:00:00,60.97715197667393
2011-03-30 07:00:00,171.93221562498022
2011-03-30 08:00:00,300.78119364510445
2011-03-30 09:00:00,148.96572708378005
2011-03-30 10:00:00,70.48616001854133
2011-03-30 11:00:00,72.83529930884852
2011-03-30 12:00:00,99.76575937770627
2011-03-30 13:00:00,106.32422285252417
2011-03-30 14:00:00,79.84272699196444
2011-03-30 15:00:00,40.504277774554545
2011-03-30 16:00:00,54.08355070865198
2011-03-30 17:00:00,93.8950187775088
2011-03-30 18:00:00,150.4997205598175
2011-03-30 19:00:00,107.8753164324158
2011-03-30 20:00:00,48.4730372028011
2011-03-30 21:00:00,57.348525903026086
2011-03-30 22:00:00,31.134020074527573
2011-03-30 23:00:00,17.150808269453314
2011-03-31 00:00:00,10.531349415941666
2011-03-31 01:00:00,5.951378053767405
2011-03-31 02:00:00,4.93105951329073
2011-03-31 03:00:00,2.5639572692464476
2011-03-31 04:00:00,2.6190185161902417
2011-03-31 05:00:00,9.069077397270027
2011-03-31 06:00:00,33.346011371512155
2011-03-31 07:00:00,93.9475310925817
2011-03-31 08:00:00,222.6292502306559
2011-03-31 09:00:00,76.65742142116181
2011-03-31 10:00:00,35.71796113474526
2011-03-31 11:00:00,37.04438392995076
2011-03-31 12:00:00,43.15996797398749
2011-03-31 13:00:00,48.36447313600445
2011-03-31 14:00:00,42.84634169243646
2011-03-31 15:00:00,39.747491680201584
2011-03-31 16:00:00,110.94143891809966
2011-03-31 17:00:00,212.74037120691236
2011-03-31 18:00:00,215.81714608316167
2011-03-31 19:00:00,161.26139762075542
2011-03-31 20:00:00,57.272024037761575
2011-03-31 21:00:00,76.1681981786756
2011-03-31 22:00:00,35.876925944423455
2011-03-31 23:00:00,19.81286845254612
2011-04-20 00:00:00,24.180149435749456
2011-04-20 01:00:00,8.231085924573978
2011-04-20 02:00:00,5.320857154712205
2011-04-20 03:00:00,3.839639638881448
2011-04-20 04:00:00,2.8188901891213227
2011-04-20 05:00:00,13.15268653046428
2011-04-20 06:00:00,72.30165744626905
2011-04-20 07:00:00,196.31494065294078
2011-04-20 08:00:00,420.5849439476813
2011-04-20 09:00:00,242.31488034105806
2011-04-20 10:00:00,127.52143263869709
2011-04-20 11:00:00,141.00381721940974
2011-04-20 12:00:00,196.08978403862727
2011-04-20 13:00:00,184.89890709394183
2011-04-20 14:00:00,157.19711071784297
2011-04-20 15:00:00,181.08089905999034
2011-04-20 16:00:00,265.4433710470137
2011-04-20 17:00:00,519.6776431299288
2011-04-20 18:00:00,519.2774796253458
2011-04-20 19:00:00,377.15668658980053
2011-04-20 20:00:00,285.06190990547157
2011-04-20 21:00:00,210.62381155979816
2011-04-20 22:00:00,150.58660406632023
2011-04-20 23:00:00,87.25952545156991
2011-04-21 00:00:00,35.88790128653807
2011-04-21 01:00:00,13.822452499286694
2011-04-21 02:00:00,8.561653324534493
2011-04-21 03:00:00,4.085455685015447
2011-04-21 04:00:00,3.3853525198836545
2011-04-21 05:00:00,16.198600346049325
2011-04-21 06:00:00,67.48790204244784
2011-04-21 07:00:00,217.80290873064968
2011-04-21 08:00:00,347.8823244115558
2011-04-21 09:00:00,176.49822836729282
2011-04-21 10:00:00,94.95453548268483
2011-04-21 11:00:00,109.49957538341003
2011-04-21 12:00:00,171.29261539242648
2011-04-21 13:00:00,159.7406646178436
2011-04-21 14:00:00,140.0894966763101
2011-04-21 15:00:00,152.24625302724996
2011-04-21 16:00:00,235.4022604627864
2011-04-21 17:00:00,456.0290876552891
2011-04-21 18:00:00,392.83460506179836
2011-04-21 19:00:00,266.9729178753637
2011-04-21 20:00:00,184.23016618201564
2011-04-21 21:00:00,134.71569956445592
2011-04-21 22:00:00,108.96908424362891
2011-04-21 23:00:00,64.48121594671835
2011-04-22 00:00:00,28.268619426332698
2011-04-22 01:00:00,14.028717313659078
2011-04-22 02:00:00,8.37485801639138
2011-04-22 03:00:00,4.642631831998882
2011-04-22 04:00:00,3.6359734830242005
2011-04-22 05:00:00,12.923648896375102
2011-04-22 06:00:00,57.194340251605844
2011-04-22 07:00:00,156.32814874051533
2011-04-22 08:00:00,303.7359113639835
2011-04-22 09:00:00,114.38519196887478
2011-04-22 10:00:00,99.3681091028777
2011-04-22 11:00:00,58.83296759945312
2011-04-22 12:00:00,80.72374061046865
2011-04-22 13:00:00,51.53354750546271
2011-04-22 14:00:00,43.94289466353588
2011-04-22 15:00:00,52.562254143081795
2011-04-22 16:00:00,77.7071136160545
2011-04-22 17:00:00,109.06363390350094
2011-04-22 18:00:00,93.19775245299094
2011-04-22 19:00:00,66.75843342793175
2011-04-22 20:00:00,51.441838383145104
2011-04-22 21:00:00,39.29644427920148
2011-04-22 22:00:00,32.514745026157
2011-04-22 23:00:00,29.427825583388344
2011-04-23 00:00:00,35.36109957630207
2011-04-23 01:00:00,29.754922957463837
2011-04-23 02:00:00,19.94203574751927
2011-04-23 03:00:00,9.533495575677414
2011-04-23 04:00:00,3.7243523889486205
2011-04-23 05:00:00,3.9863090426071626
2011-04-23 06:00:00,10.892784677777922
2011-04-23 07:00:00,13.75385058384526
2011-04-23 08:00:00,46.37200480176314
2011-04-23 09:00:00,68.69060039079669
2011-04-23 10:00:00,130.35043475131317
2011-04-23 11:00:00,184.60757749299583
2011-04-23 12:00:00,280.2094692159631
2011-04-23 13:00:00,272.1827365574892
2011-04-23 14:00:00,319.8881561118552
2011-04-23 15:00:00,349.9108871926907
2011-04-23 16:00:00,340.6239656918683
2011-04-23 17:00:00,309.15037062789037
2011-04-23 18:00:00,280.77993890264537
2011-04-23 19:00:00,209.135016697909
2011-04-23 20:00:00,135.9018746536532
2011-04-23 21:00:00,120.77615634952508
2011-04-23 22:00:00,123.13918106335682
2011-04-23 23:00:00,92.67391187803375
2011-04-24 00:00:00,78.0559239157185
2011-04-24 01:00:00,54.872479079584565
2011-04-24 02:00:00,43.48769179332865
2011-04-24 03:00:00,21.456659967829236
2011-04-24 04:00:00,6.614340302974014
2011-04-24 05:00:00,6.853494077332694
2011-04-24 06:00:00,10.69459388241787
2011-04-24 07:00:00,21.526315310390167
2011-04-24 08:00:00,69.78278498529835
2011-04-24 09:00:00,145.2474204639671
2011-04-24 10:00:00,273.8628193768762
2011-04-24 11:00:00,330.627442217845
2011-04-24 12:00:00,401.54288908441083
2011-04-24 13:00:00,395.0231874628803
2011-04-24 14:00:00,372.2380996202543
2011-04-24 15:00:00,384.63733829327595
2011-04-24 16:00:00,351.11974516598764
2011-04-24 17:00:00,339.92814603504564
2011-04-24 18:00:00,287.21772011203984
2011-04-24 19:00:00,129.87226609802292
2011-04-24 20:00:00,103.06420599566154
2011-04-24 21:00:00,69.53565330574958
2011-04-24 22:00:00,49.79403073254217
2011-04-24 23:00:00,33.46274664407116
2011-04-25 00:00:00,14.883427030788724
2011-04-25 01:00:00,8.773205126584365
2011-04-25 02:00:00,5.849701113181152
2011-04-25 03:00:00,3.4386054317380363
2011-04-25 04:00:00,3.806238742546277
2011-04-25 05:00:00,11.300605853025555
2011-04-25 06:00:00,60.913839234291785
2011-04-25 07:00:00,171.8995022938971
2011-04-25 08:00:00,409.994459060947
2011-04-25 09:00:00,207.09905726706432
2011-04-25 10:00:00,131.39848971856225
2011-04-25 11:00:00,150.00869550763275
2011-04-25 12:00:00,192.94696882692745
2011-04-25 13:00:00,181.72409740970454
2011-04-25 14:00:00,164.95514275772803
2011-04-25 15:00:00,176.76533707601453
2011-04-25 16:00:00,264.1519121781153
2011-04-25 17:00:00,525.166248948315
2011-04-25 18:00:00,506.8264883986766
2011-04-25 19:00:00,369.24586453998745
2011-04-25 20:00:00,267.997641519587
2011-04-25 21:00:00,181.65532758378032
2011-04-25 22:00:00,120.0596911203738
2011-04-25 23:00:00,62.39412199707735
2011-04-26 00:00:00,33.36280618912008
2011-04-26 01:00:00,12.17310827576808
2011-04-26 02:00:00,5.822025772318026
2011-04-26 03:00:00,3.8821407094686338
2011-04-26 04:00:00,5.314668614876795
2011-04-26 05:00:00,19.45170313043806
2011-04-26 06:00:00,96.75048530382638
2011-04-26 07:00:00,255.80472882138685
2011-04-26 08:00:00,380.451240991115
2011-04-26 09:00:00,210.62847437742298
2011-04-26 10:00:00,122.11629326584415
2011-04-26 11:00:00,138.23247146860112
2011-04-26 12:00:00,184.08043733410108
2011-04-26 13:00:00,170.9044877411196
2011-04-26 14:00:00,160.0801801966326
2011-04-26 15:00:00,174.16919127373978
2011-04-26 16:00:00,274.75497778280135
2011-04-26 17:00:00,541.058536298638
2011-04-26 18:00:00,477.9771313708453
2011-04-26 19:00:00,329.3436578166783
2011-04-26 20:00:00,242.45210587868297
2011-04-26 21:00:00,171.4085628641254
2011-04-26 22:00:00,113.72058475796334
2011-04-26 23:00:00,65.97214728344268
2011-04-27 00:00:00,32.838006767437
2011-04-27 01:00:00,13.436039830906457
2011-04-27 02:00:00,6.569522541367293
2011-04-27 03:00:00,3.883625852502875
2011-04-27 04:00:00,4.316646501755116
2011-04-27 05:00:00,16.849055502869472
2011-04-27 06:00:00,88.97694836542765
2011-04-27 07:00:00,227.02673056971145
2011-04-27 08:00:00,343.0127581944561
2011-04-27 09:00:00,160.8709757734943
2011-04-27 10:00:00,99.95435901577
2011-04-27 11:00:00,124.27325373954811
2011-04-27 12:00:00,167.50870913512136
2011-04-27 13:00:00,152.24885072226112
2011-04-27 14:00:00,158.90821070375756
2011-04-27 15:00:00,164.06639142022712
2011-04-27 16:00:00,245.78105607336795
2011-04-27 17:00:00,269.9273921474806
2011-04-27 18:00:00,272.80646804755384
2011-04-27 19:00:00,323.25214741372884
2011-04-27 20:00:00,206.28920253224442
2011-04-27 21:00:00,147.8755489415972
2011-04-27 22:00:00,98.91249659776703
2011-04-27 23:00:00,59.07882010985088
2011-04-28 00:00:00,35.430577713998616
2011-04-28 01:00:00,11.760299253356843
2011-04-28 02:00:00,5.746172546244921
2011-04-28 03:00:00,4.599332826186473
2011-04-28 04:00:00,4.57252496042256
2011-04-28 05:00:00,20.02327659721861
2011-04-28 06:00:00,83.57475048324004
2011-04-28 07:00:00,228.7172503178778
2011-04-28 08:00:00,343.0366283195126
2011-04-28 09:00:00,126.49014768806398
2011-04-28 10:00:00,91.86461023190256
2011-04-28 11:00:00,108.96923876794015
2011-04-28 12:00:00,167.96325561697392
2011-04-28 13:00:00,130.2425247532993
2011-04-28 14:00:00,132.1196371291892
2011-04-28 15:00:00,166.57557881978582
2011-04-28 16:00:00,267.17314270003726
2011-04-28 17:00:00,524.6420433479504
2011-04-28 18:00:00,494.5822372452113
2011-04-28 19:00:00,361.52339655500305
2011-04-28 20:00:00,245.51660390192484
2011-04-28 21:00:00,199.442564058632
2011-04-28 22:00:00,150.5467372569403
2011-04-28 23:00:00,95.5620487497804
2011-04-29 00:00:00,43.0307797075773
2011-04-29 01:00:00,22.72110452920726
2011-04-29 02:00:00,13.29134251688354
2011-04-29 03:00:00,6.533493590189073
2011-04-29 04:00:00,4.8713489328682344
2011-04-29 05:00:00,20.148362689010483
2011-04-29 06:00:00,91.81214761703637
2011-04-29 07:00:00,277.47713742528197
2011-04-29 08:00:00,456.79511842552137
2011-04-29 09:00:00,249.88194358933288
2011-04-29 10:00:00,156.6404095717911
2011-04-29 11:00:00,196.78297656656096
2011-04-29 12:00:00,226.95061319600904
2011-04-29 13:00:00,222.68318336167565
2011-04-29 14:00:00,206.37811605874907
2011-04-29 15:00:00,197.40706463556847
2011-04-29 16:00:00,267.8792781276816
2011-04-29 17:00:00,424.0643175245785
2011-04-29 18:00:00,366.00733954239695
2011-04-29 19:00:00,235.14689341621616
2011-04-29 20:00:00,179.3974646783717
2011-04-29 21:00:00,140.6661531731625
2011-04-29 22:00:00,118.32690001643985
2011-04-29 23:00:00,82.45242395438297
2011-04-30 00:00:00,59.78479268632227
2011-04-30 01:00:00,50.29874270420859
2011-04-30 02:00:00,36.863420437919224
2011-04-30 03:00:00,15.490984263656156
2011-04-30 04:00:00,6.206689339011278
2011-04-30 05:00:00,6.298093173663073
2011-04-30 06:00:00,15.53891490891705
2011-04-30 07:00:00,30.091159513787098
2011-04-30 08:00:00,75.49860169370106
2011-04-30 09:00:00,115.99890638038532
2011-04-30 10:00:00,209.7416456350568
2011-04-30 11:00:00,259.3392498917169
2011-04-30 12:00:00,338.2317540859989
2011-04-30 13:00:00,374.0547296249879
2011-04-30 14:00:00,363.7949873811709
2011-04-30 15:00:00,407.48825833419784
2011-04-30 16:00:00,367.0867627651647
2011-04-30 17:00:00,341.03754838662906
2011-04-30 18:00:00,295.9955038070212
2011-04-30 19:00:00,244.03851110135292
2011-04-30 20:00:00,120.22168556277896
2011-04-30 21:00:00,103.5774523319844
2011-04-30 22:00:00,86.14930817780368
2011-04-30 23:00:00,76.10326700450707
2011-05-20 00:00:00,31.340262377107194
2011-05-20 01:00:00,14.600929781884638
2011-05-20 02:00:00,8.819218777347027
2011-05-20 03:00:00,4.943852831663153
2011-05-20 04:00:00,4.067052562301834
2011-05-20 05:00:00,16.78010818539243
2011-05-20 06:00:00,84.85496037837325
2011-05-20 07:00:00,293.67290365439027
2011-05-20 08:00:00,453.0914992597517
2011-05-20 09:00:00,245.15443209122367
2011-05-20 10:00:00,157.62645408190926
2011-05-20 11:00:00,167.17414295416154
2011-05-20 12:00:00,226.97306561973937
2011-05-20 13:00:00,179.11537192182118
2011-05-20 14:00:00,204.02884032864304
2011-05-20 15:00:00,217.14145426349953
2011-05-20 16:00:00,309.31024166873635
2011-05-20 17:00:00,506.3667652319109
2011-05-20 18:00:00,446.1286777261384
2011-05-20 19:00:00,317.24056401699164
2011-05-20 20:00:00,219.60099693542486
2011-05-20 21:00:00,182.2505790403791
2011-05-20 22:00:00,162.73792047649832
2011-05-20 23:00:00,119.2208264082635
2011-05-21 00:00:00,97.02489046368765
2011-05-21 01:00:00,78.90928853223649
2011-05-21 02:00:00,59.90366265626224
2011-05-21 03:00:00,23.824547291821638
2011-05-21 04:00:00,7.013194001260885
2011-05-21 05:00:00,7.347062859554925
2011-05-21 06:00:00,22.559110183998598
2011-05-21 07:00:00,56.18130019688108
2011-05-21 08:00:00,122.24258530873261
2011-05-21 09:00:00,202.32044200515062
2011-05-21 10:00:00,279.2236690844237
2011-05-21 11:00:00,353.96844701700536
2011-05-21 12:00:00,413.1091450858491
2011-05-21 13:00:00,411.7163925997237
2011-05-21 14:00:00,409.72952517242925
2011-05-21 15:00:00,421.07549134450153
2011-05-21 16:00:00,377.4990492147831
2011-05-21 17:00:00,354.58571639017663
2011-05-21 18:00:00,318.6525385939487
2011-05-21 19:00:00,284.58778454950885
2011-05-21 20:00:00,210.06763004296437
2011-05-21 21:00:00,173.856913570937
2011-05-21 22:00:00,142.63777677875
2011-05-21 23:00:00,126.09661246458177
2011-05-22 00:00:00,81.84411678080077
2011-05-22 01:00:00,57.36708833609476
2011-05-22 02:00:00,49.58857772845423
2011-05-22 03:00:00,20.373350184814832
2011-05-22 04:00:00,5.796150916096048
2011-05-22 05:00:00,7.046375774618927
2011-05-22 06:00:00,15.657610153634185
2011-05-22 07:00:00,38.926838620783585
2011-05-22 08:00:00,101.57300618938899
2011-05-22 09:00:00,179.12336528607628
2011-05-22 10:00:00,260.62682959578854
2011-05-22 11:00:00,339.88619708584474
2011-05-22 12:00:00,387.6614159814675
2011-05-22 13:00:00,380.8907507783092
2011-05-22 14:00:00,252.1483196102702
2011-05-22 15:00:00,370.332384570455
2011-05-22 16:00:00,380.8717630947303
2011-05-22 17:00:00,356.0936510260385
2011-05-22 18:00:00,314.35344603095837
2011-05-22 19:00:00,260.481730351911
2011-05-22 20:00:00,199.1679671777099
2011-05-22 21:00:00,160.82716394524647
2011-05-22 22:00:00,116.10762153166996
2011-05-22 23:00:00,65.00601567827084
2011-05-23 00:00:00,27.671485877493428
2011-05-23 01:00:00,11.882314124122146
2011-05-23 02:00:00,6.917388422116659
2011-05-23 03:00:00,3.5422952670973418
2011-05-23 04:00:00,4.504102295831213
2011-05-23 05:00:00,15.195883941930227
2011-05-23 06:00:00,65.56765340288625
2011-05-23 07:00:00,203.8690213806294
2011-05-23 08:00:00,367.9491171989145
2011-05-23 09:00:00,172.77421807219088
2011-05-23 10:00:00,126.17167584877419
2011-05-23 11:00:00,134.18523467186168
2011-05-23 12:00:00,176.29598437011822
2011-05-23 13:00:00,169.2141168688615
2011-05-23 14:00:00,139.69631739519622
2011-05-23 15:00:00,152.95080054379528
2011-05-23 16:00:00,247.3567402314086
2011-05-23 17:00:00,415.5341467843272
2011-05-23 18:00:00,460.09851714199897
2011-05-23 19:00:00,383.0289546103461
2011-05-23 20:00:00,217.9750766159449
2011-05-23 21:00:00,150.977325472899
2011-05-23 22:00:00,88.26933205642936
2011-05-23 23:00:00,53.646147028178945
2011-05-24 00:00:00,21.445573840112697
2011-05-24 01:00:00,8.15980580547331
2011-05-24 02:00:00,4.836128927519498
2011-05-24 03:00:00,3.452531769529302
2011-05-24 04:00:00,5.394367224616136
2011-05-24 05:00:00,15.680175312372008
2011-05-24 06:00:00,76.66116651237796
2011-05-24 07:00:00,230.71254541877838
2011-05-24 08:00:00,290.4142169929815
2011-05-24 09:00:00,220.48015346870108
2011-05-24 10:00:00,128.99480884009836
2011-05-24 11:00:00,145.93566774726534
2011-05-24 12:00:00,179.56979443359324
2011-05-24 13:00:00,178.7688949413286
2011-05-24 14:00:00,157.79895802249325
2011-05-24 15:00:00,144.972596982053
2011-05-24 16:00:00,275.52521837174646
2011-05-24 17:00:00,532.1150369197658
2011-05-24 18:00:00,493.1522894183494
2011-05-24 19:00:00,383.8554226907035
2011-05-24 20:00:00,273.3919041476006
2011-05-24 21:00:00,188.57441563912852
2011-05-24 22:00:00,74.96780688936559
2011-05-24 23:00:00,82.90736513959716
2011-05-25 00:00:00,20.504977874681188
2011-05-25 01:00:00,10.394128893914544
2011-05-25 02:00:00,5.869395728936285
2011-05-25 03:00:00,4.470093686339785
2011-05-25 04:00:00,4.077000328626163
2011-05-25 05:00:00,23.39344051999797
2011-05-25 06:00:00,92.83076795718357
2011-05-25 07:00:00,344.0303166202385
2011-05-25 08:00:00,498.26252231337514
2011-05-25 09:00:00,230.1489055231694
2011-05-25 10:00:00,131.5045169369688
2011-05-25 11:00:00,144.88386679663566
2011-05-25 12:00:00,193.15825842393542
2011-05-25 13:00:00,182.22467853343278
2011-05-25 14:00:00,159.94375645047592
2011-05-25 15:00:00,177.23649400528228
2011-05-25 16:00:00,267.8863943414957
2011-05-25 17:00:00,526.2897600825638
2011-05-25 18:00:00,515.7643319728236
2011-05-25 19:00:00,361.12259736210547
2011-05-25 20:00:00,276.983804493208
2011-05-25 21:00:00,198.24062187978754
2011-05-25 22:00:00,156.36424471644622
2011-05-25 23:00:00,93.48083428268558
2011-05-26 00:00:00,41.108556431453025
2011-05-26 01:00:00,17.27422231839455
2011-05-26 02:00:00,9.217250622021448
2011-05-26 03:00:00,5.542301516246857
2011-05-26 04:00:00,5.8698575208375665
2011-05-26 05:00:00,22.65427908709162
2011-05-26 06:00:00,76.88218176623207
2011-05-26 07:00:00,240.14799795104003
2011-05-26 08:00:00,452.08782423269196
2011-05-26 09:00:00,231.59272630972126
2011-05-26 10:00:00,126.08870841324983
2011-05-26 11:00:00,146.0673954959476
2011-05-26 12:00:00,193.7575010996868
2011-05-26 13:00:00,180.02428949972904
2011-05-26 14:00:00,158.97558845788427
2011-05-26 15:00:00,164.27497788179392
2011-05-26 16:00:00,254.64971891681085
2011-05-26 17:00:00,513.7708038064267
2011-05-26 18:00:00,484.910395256314
2011-05-26 19:00:00,351.8330706904638
2011-05-26 20:00:00,289.3536949633844
2011-05-26 21:00:00,206.03057333643818
2011-05-26 22:00:00,158.65708327435493
2011-05-26 23:00:00,105.60834835786758
2011-05-27 00:00:00,50.13111566329169
2011-05-27 01:00:00,23.389797467921255
2011-05-27 02:00:00,14.768978705175943
2011-05-27 03:00:00,6.254671555739888
2011-05-27 04:00:00,6.31137742542893
2011-05-27 05:00:00,25.416258602513967
2011-05-27 06:00:00,105.45872064540387
2011-05-27 07:00:00,332.39534965493607
2011-05-27 08:00:00,485.9732326206721
2011-05-27 09:00:00,258.4417212693805
2011-05-27 10:00:00,160.9951485085702
2011-05-27 11:00:00,177.1615265440417
2011-05-27 12:00:00,223.18501036340703
2011-05-27 13:00:00,243.2629510935374
2011-05-27 14:00:00,200.46382571797133
2011-05-27 15:00:00,218.05602744706366
2011-05-27 16:00:00,295.11962892301193
2011-05-27 17:00:00,516.4399116572645
2011-05-27 18:00:00,435.3242521879279
2011-05-27 19:00:00,227.14056163565832
2011-05-27 20:00:00,229.22677883309885
2011-05-27 21:00:00,175.08609414147867
2011-05-27 22:00:00,169.55003743424885
2011-05-27 23:00:00,108.99965508034299
2011-05-28 00:00:00,89.31576920021976
2011-05-28 01:00:00,70.09961261831752
2011-05-28 02:00:00,50.841681184087065
2011-05-28 03:00:00,25.019732978599983
2011-05-28 04:00:00,8.240389296710951
2011-05-28 05:00:00,9.227337232858401
2011-05-28 06:00:00,25.51629779979589
2011-05-28 07:00:00,51.1333672714244
2011-05-28 08:00:00,136.04635224458838
2011-05-28 09:00:00,202.53289352825772
2011-05-28 10:00:00,287.33711266209843
2011-05-28 11:00:00,350.53918910269374
2011-05-28 12:00:00,422.07811085379603
2011-05-28 13:00:00,421.4646599883498
2011-05-28 14:00:00,397.7304041394998
2011-05-28 15:00:00,407.2823223184327
2011-05-28 16:00:00,364.664707428093
2011-05-28 17:00:00,344.1263420596701
2011-05-28 18:00:00,325.9563055814041
2011-05-28 19:00:00,272.4413632463646
2011-05-28 20:00:00,221.31953460480517
2011-05-28 21:00:00,171.52190947252487
2011-05-28 22:00:00,156.0584328718745
2011-05-28 23:00:00,118.7016242500172
2011-05-29 00:00:00,89.252113359943
2011-05-29 01:00:00,73.88890418730787
2011-05-29 02:00:00,57.40081597096287
2011-05-29 03:00:00,29.51120437164566
2011-05-29 04:00:00,8.33041315676951
2011-05-29 05:00:00,7.891653164273684
2011-05-29 06:00:00,16.590013724173765
2011-05-29 07:00:00,32.59670687220355
2011-05-29 08:00:00,76.61572469118744
2011-05-29 09:00:00,108.95596784768604
2011-05-29 10:00:00,229.9175037242094
2011-05-29 11:00:00,256.3988159502062
2011-05-29 12:00:00,375.84538952969604
2011-05-29 13:00:00,336.51557405322694
2011-05-29 14:00:00,325.46954750785426
2011-05-29 15:00:00,325.7894082957537
2011-05-29 16:00:00,324.4255031300117
2011-05-29 17:00:00,299.113783975775
2011-05-29 18:00:00,275.6550021780656
2011-05-29 19:00:00,254.76241802595408
2011-05-29 20:00:00,196.7447439950627
2011-05-29 21:00:00,158.88156425448932
2011-05-29 22:00:00,108.7657850099531
2011-05-29 23:00:00,72.05729710906303
2011-05-30 00:00:00,52.688093215994556
2011-05-30 01:00:00,34.46794211370096
2011-05-30 02:00:00,22.81154560026551
2011-05-30 03:00:00,11.013709446316717
2011-05-30 04:00:00,5.711839298005238
2011-05-30 05:00:00,7.054234538482961
2011-05-30 06:00:00,22.230703028016425
2011-05-30 07:00:00,44.41649340191408
2011-05-30 08:00:00,112.08895097478255
2011-05-30 09:00:00,165.77107718958493
2011-05-30 10:00:00,206.98313751723822
2011-05-30 11:00:00,247.0075672298797
2011-05-30 12:00:00,273.1591424559881
2011-05-30 13:00:00,273.15034939907883
2011-05-30 14:00:00,249.93664282090748
2011-05-30 15:00:00,254.29594643315244
2011-05-30 16:00:00,257.3854028833163
2011-05-30 17:00:00,267.68866045536834
2011-05-30 18:00:00,239.0476843092976
2011-05-30 19:00:00,212.3522743221984
2011-05-30 20:00:00,182.43020782347952
2011-05-30 21:00:00,140.66660730953257
2011-05-30 22:00:00,109.52597866468354
2011-05-30 23:00:00,57.409892977598986
2011-05-31 00:00:00,35.12680914780663
2011-05-31 01:00:00,11.486813892578784
2011-05-31 02:00:00,5.524625992194541
2011-05-31 03:00:00,3.2962719282538737
2011-05-31 04:00:00,5.792685591377974
2011-05-31 05:00:00,23.572479331578197
2011-05-31 06:00:00,116.17354962856325
2011-05-31 07:00:00,289.90188504650627
2011-05-31 08:00:00,439.41662769914115
2011-05-31 09:00:00,211.91708644792678
2011-05-31 10:00:00,117.38948306661186
2011-05-31 11:00:00,119.95764284641672
2011-05-31 12:00:00,159.13022204588913
2011-05-31 13:00:00,151.84466980969725
2011-05-31 14:00:00,134.51645763519969
2011-05-31 15:00:00,148.1583888744911
2011-05-31 16:00:00,221.2429987467701
2011-05-31 17:00:00,483.5278381749425
2011-05-31 18:00:00,455.35987105007416
2011-05-31 19:00:00,347.229118224031
2011-05-31 20:00:00,257.48322082823773
2011-05-31 21:00:00,185.76160689385333
2011-05-31 22:00:00,140.54792247510574
2011-05-31 23:00:00,81.4856316072768
2011-06-20 00:00:00,34.99880589632552
2011-06-20 01:00:00,12.340416568397208
2011-06-20 02:00:00,7.2302109419156215
2011-06-20 03:00:00,3.8223164786289354
2011-06-20 04:00:00,5.126439396269529
2011-06-20 05:00:00,18.895511222680287
2011-06-20 06:00:00,87.55601456637989
2011-06-20 07:00:00,151.95429731409828
2011-06-20 08:00:00,297.35101785383955
2011-06-20 09:00:00,192.42363777916765
2011-06-20 10:00:00,111.77336660387563
2011-06-20 11:00:00,127.05780435294655
2011-06-20 12:00:00,171.38976529190174
2011-06-20 13:00:00,172.78904629388742
2011-06-20 14:00:00,168.89399828759917
2011-06-20 15:00:00,179.93788354344252
2011-06-20 16:00:00,267.7594723732642
2011-06-20 17:00:00,511.2239789277605
2011-06-20 18:00:00,502.82511846164766
2011-06-20 19:00:00,366.79837291960524
2011-06-20 20:00:00,266.41244797266637
2011-06-20 21:00:00,191.71781728734805
2011-06-20 22:00:00,122.04772806223728
2011-06-20 23:00:00,73.26947296049806
2011-06-21 00:00:00,35.22197588796471
2011-06-21 01:00:00,12.243575555718012
2011-06-21 02:00:00,5.581968769738119
2011-06-21 03:00:00,3.6076227661102513
2011-06-21 04:00:00,5.294312890796794
2011-06-21 05:00:00,19.19599388734963
2011-06-21 06:00:00,91.54840013297564
2011-06-21 07:00:00,181.1884885390465
2011-06-21 08:00:00,362.702901019878
2011-06-21 09:00:00,161.49836675055815
2011-06-21 10:00:00,93.42885754641082
2011-06-21 11:00:00,123.27295270344817
2011-06-21 12:00:00,176.16880196712262
2011-06-21 13:00:00,172.92575650171983
2011-06-21 14:00:00,173.01001725013984
2011-06-21 15:00:00,188.5385974643443
2011-06-21 16:00:00,278.38123647950977
2011-06-21 17:00:00,534.6886258603702
2011-06-21 18:00:00,491.83958091746376
2011-06-21 19:00:00,339.88264918950705
2011-06-21 20:00:00,227.18821182740962
2011-06-21 21:00:00,207.58378022549869
2011-06-21 22:00:00,146.5128190903502
2011-06-21 23:00:00,94.17200172991693
2011-06-22 00:00:00,38.15276343407203
2011-06-22 01:00:00,15.340188424775027
2011-06-22 02:00:00,6.992483654783276
2011-06-22 03:00:00,5.903208977072573
2011-06-22 04:00:00,5.399084145040637
2011-06-22 05:00:00,22.25430137533132
2011-06-22 06:00:00,106.53370003985056
2011-06-22 07:00:00,288.2661134916153
2011-06-22 08:00:00,451.95069547865137
2011-06-22 09:00:00,199.5309859349474
2011-06-22 10:00:00,125.71122115164297
2011-06-22 11:00:00,144.16641389328532
2011-06-22 12:00:00,181.68753022729345
2011-06-22 13:00:00,164.57909567477526
2011-06-22 14:00:00,158.07834602499696
2011-06-22 15:00:00,170.74239230116763
2011-06-22 16:00:00,245.3706136875684
2011-06-22 17:00:00,509.5946239699433
2011-06-22 18:00:00,500.3169566419316
2011-06-22 19:00:00,359.85155049509706
2011-06-22 20:00:00,275.66714615704444
2011-06-22 21:00:00,187.5795358242756
2011-06-22 22:00:00,127.61007860973928
2011-06-22 23:00:00,81.172461188476
2011-06-23 00:00:00,35.77360291202612
2011-06-23 01:00:00,17.068180287626532
2011-06-23 02:00:00,9.449017436815195
2011-06-23 03:00:00,4.83011826160563
2011-06-23 04:00:00,5.905984078450521
2011-06-23 05:00:00,26.005580363871136
2011-06-23 06:00:00,121.62229750226491
2011-06-23 07:00:00,292.259058123894
2011-06-23 08:00:00,452.18795927533165
2011-06-23 09:00:00,214.40724142596844
2011-06-23 10:00:00,121.30571326719758
2011-06-23 11:00:00,114.46342704383778
2011-06-23 12:00:00,178.29402080557287
2011-06-23 13:00:00,176.79231428450396
2011-06-23 14:00:00,157.217399054164
2011-06-23 15:00:00,174.34233700882615
2011-06-23 16:00:00,270.7395753778746
2011-06-23 17:00:00,443.611450761124
2011-06-23 18:00:00,454.32077582306994
2011-06-23 19:00:00,343.7873205623395
2011-06-23 20:00:00,296.0330859794872
2011-06-23 21:00:00,225.67112203120004
2011-06-23 22:00:00,155.15258027002537
2011-06-23 23:00:00,100.51138556701446
2011-06-24 00:00:00,46.73201764558018
2011-06-24 01:00:00,20.849717943880922
2011-06-24 02:00:00,10.671774688612265
2011-06-24 03:00:00,6.66650131128702
2011-06-24 04:00:00,6.202307341518951
2011-06-24 05:00:00,22.21253456842437
2011-06-24 06:00:00,98.83513651739221
2011-06-24 07:00:00,251.79300441460086
2011-06-24 08:00:00,475.1347305884179
2011-06-24 09:00:00,251.7636364134721
2011-06-24 10:00:00,161.19726751606242
2011-06-24 11:00:00,190.41395408760025
2011-06-24 12:00:00,234.1390525963277
2011-06-24 13:00:00,239.28913282554925
2011-06-24 14:00:00,210.26886015162395
2011-06-24 15:00:00,238.3150745146528
2011-06-24 16:00:00,337.3217460718612
2011-06-24 17:00:00,577.2499283329082
2011-06-24 18:00:00,495.23958501766293
2011-06-24 19:00:00,372.34828857088314
2011-06-24 20:00:00,260.9063172162889
2011-06-24 21:00:00,208.25808789394344
2011-06-24 22:00:00,180.30496893815763
2011-06-24 23:00:00,143.49411836608704
2011-06-25 00:00:00,119.06128636772192
2011-06-25 01:00:00,95.8828751229579
2011-06-25 02:00:00,70.50356135877888
2011-06-25 03:00:00,30.006632736650868
2011-06-25 04:00:00,9.656795722028294
2011-06-25 05:00:00,9.986811971266654
2011-06-25 06:00:00,22.985973791127712
2011-06-25 07:00:00,52.7105330592717
2011-06-25 08:00:00,132.84625412978818
2011-06-25 09:00:00,220.56887228403994
2011-06-25 10:00:00,321.86806618572416
2011-06-25 11:00:00,369.49320239580925
2011-06-25 12:00:00,442.13354326219996
2011-06-25 13:00:00,462.00755133778114
2011-06-25 14:00:00,433.425836074141
2011-06-25 15:00:00,443.98206396173657
2011-06-25 16:00:00,397.5498156873268
2011-06-25 17:00:00,406.360061277368
2011-06-25 18:00:00,361.3095126958757
2011-06-25 19:00:00,299.66193985934143
2011-06-25 20:00:00,246.70929463370743
2011-06-25 21:00:00,200.56348980778156
2011-06-25 22:00:00,174.60682812026852
2011-06-25 23:00:00,135.88135744811422
2011-06-26 00:00:00,99.9612821669048
2011-06-26 01:00:00,87.39117409605416
2011-06-26 02:00:00,70.02672091451458
2011-06-26 03:00:00,31.324702532963364
2011-06-26 04:00:00,9.291328508974733
2011-06-26 05:00:00,9.337811879120034
2011-06-26 06:00:00,16.594043104690844
2011-06-26 07:00:00,39.43052841246297
2011-06-26 08:00:00,99.66018429730057
2011-06-26 09:00:00,193.29535304862742
2011-06-26 10:00:00,287.40748498747024
2011-06-26 11:00:00,352.2986921197662
2011-06-26 12:00:00,422.0277459049082
2011-06-26 13:00:00,412.5388248226834
2011-06-26 14:00:00,410.33864669212437
2011-06-26 15:00:00,402.397225318482
2011-06-26 16:00:00,400.08468868969373
2011-06-26 17:00:00,363.5427530847036
2011-06-26 18:00:00,313.55322695612045
2011-06-26 19:00:00,263.72544738062436
2011-06-26 20:00:00,216.53538842448052
2011-06-26 21:00:00,168.83729508483074
2011-06-26 22:00:00,134.6988691359167
2011-06-26 23:00:00,88.73843104873421
2011-06-27 00:00:00,26.737675728397242
2011-06-27 01:00:00,12.337606176849004
2011-06-27 02:00:00,8.121847445652907
2011-06-27 03:00:00,5.049850372395156
2011-06-27 04:00:00,5.404600372076546
2011-06-27 05:00:00,19.153335148438952
2011-06-27 06:00:00,95.75002632063644
2011-06-27 07:00:00,270.2523429756796
2011-06-27 08:00:00,446.621772638543
2011-06-27 09:00:00,203.62012700409508
2011-06-27 10:00:00,122.98858797271723
2011-06-27 11:00:00,139.8878726930917
2011-06-27 12:00:00,176.56994783281243
2011-06-27 13:00:00,177.2758027436126
2011-06-27 14:00:00,166.17785475380452
2011-06-27 15:00:00,168.9584614216465
2011-06-27 16:00:00,271.77716223041233
2011-06-27 17:00:00,526.5495687603348
2011-06-27 18:00:00,523.8048188055814
2011-06-27 19:00:00,393.8969880177493
2011-06-27 20:00:00,273.925511652221
2011-06-27 21:00:00,194.0103510063855
2011-06-27 22:00:00,138.99346878016038
2011-06-27 23:00:00,79.7386280936622
2011-06-28 00:00:00,33.91448811970469
2011-06-28 01:00:00,14.236157127035831
2011-06-28 02:00:00,6.682684093116565
2011-06-28 03:00:00,4.360601233051568
2011-06-28 04:00:00,6.65081058796177
2011-06-28 05:00:00,23.166826423267217
2011-06-28 06:00:00,105.37673695931541
2011-06-28 07:00:00,293.05694074391783
2011-06-28 08:00:00,423.8923616852148
2011-06-28 09:00:00,203.38589643659998
2011-06-28 10:00:00,132.2985024439957
2011-06-28 11:00:00,141.1796190593377
2011-06-28 12:00:00,174.2099627609715
2011-06-28 13:00:00,171.774410811149
2011-06-28 14:00:00,160.1393380515774
2011-06-28 15:00:00,165.62382557077996
2011-06-28 16:00:00,256.0466970350261
2011-06-28 17:00:00,453.36324610350334
2011-06-28 18:00:00,464.9472199739245
2011-06-28 19:00:00,344.78691087078687
2011-06-28 20:00:00,277.4285397458328
2011-06-28 21:00:00,202.4934408613937
2011-06-28 22:00:00,144.10846223312612
2011-06-28 23:00:00,89.77955798523578
2011-06-29 00:00:00,31.554742576479605
2011-06-29 01:00:00,13.349807807635234
2011-06-29 02:00:00,6.768274838999329
2011-06-29 03:00:00,4.9354860513852286
2011-06-29 04:00:00,5.458028832106284
2011-06-29 05:00:00,22.393598012163704
2011-06-29 06:00:00,116.59430685017773
2011-06-29 07:00:00,334.07651652988704
2011-06-29 08:00:00,479.0942822960511
2011-06-29 09:00:00,232.84840575905858
2011-06-29 10:00:00,131.56838568851424
2011-06-29 11:00:00,157.0376627074265
2011-06-29 12:00:00,198.55045295268792
2011-06-29 13:00:00,177.6026858770794
2011-06-29 14:00:00,169.45189173902708
2011-06-29 15:00:00,183.77552417981036
2011-06-29 16:00:00,270.05735810285165
2011-06-29 17:00:00,525.4930193394952
2011-06-29 18:00:00,537.3778249558533
2011-06-29 19:00:00,380.2551843858576
2011-06-29 20:00:00,297.142823283285
2011-06-29 21:00:00,223.0283957931133
2011-06-29 22:00:00,163.9609428392018
2011-06-29 23:00:00,99.47620323784068
2011-06-30 00:00:00,42.87540148397973
2011-06-30 01:00:00,17.164654345217382
2011-06-30 02:00:00,9.311542857941244
2011-06-30 03:00:00,5.653049193044353
2011-06-30 04:00:00,6.666080440146759
2011-06-30 05:00:00,23.798962724115803
2011-06-30 06:00:00,129.12013727507698
2011-06-30 07:00:00,343.565845958798
2011-06-30 08:00:00,499.1373550905069
2011-06-30 09:00:00,241.22423371689067
2011-06-30 10:00:00,138.9217974696562
2011-06-30 11:00:00,165.05967063718006
2011-06-30 12:00:00,205.7604853011321
2011-06-30 13:00:00,200.39515044673618
2011-06-30 14:00:00,182.724701502392
2011-06-30 15:00:00,195.00010892875218
2011-06-30 16:00:00,286.9595275405022
2011-06-30 17:00:00,555.6824661920012
2011-06-30 18:00:00,548.0361727116118
2011-06-30 19:00:00,409.9868470684729
2011-06-30 20:00:00,315.7098871303653
2011-06-30 21:00:00,229.87782149253414
2011-06-30 22:00:00,172.55016406649986
2011-06-30 23:00:00,109.41560026699452
2011-07-20 00:00:00,33.048525153419746
2011-07-20 01:00:00,13.430094721736488
2011-07-20 02:00:00,6.155802724347156
2011-07-20 03:00:00,5.448558692096386
2011-07-20 04:00:00,5.482700660534498
2011-07-20 05:00:00,23.972960031210608
2011-07-20 06:00:00,100.20835905878324
2011-07-20 07:00:00,261.72114219704576
2011-07-20 08:00:00,442.62433479943525
2011-07-20 09:00:00,216.34393078853617
2011-07-20 10:00:00,120.91659976419146
2011-07-20 11:00:00,137.47744436492738
2011-07-20 12:00:00,172.0276431069205
2011-07-20 13:00:00,159.28853057966526
2011-07-20 14:00:00,145.6752469836356
2011-07-20 15:00:00,163.0954885837409
2011-07-20 16:00:00,232.972120144739
2011-07-20 17:00:00,473.8731241983163
2011-07-20 18:00:00,477.2958822790933
2011-07-20 19:00:00,307.82650444220513
2011-07-20 20:00:00,244.3621188374704
2011-07-20 21:00:00,191.8912795840254
2011-07-20 22:00:00,153.09233034260276
2011-07-20 23:00:00,90.83430142701414
2011-07-21 00:00:00,36.27380074417263
2011-07-21 01:00:00,13.022912307960386
2011-07-21 02:00:00,7.510990809175271
2011-07-21 03:00:00,5.079693502983745
2011-07-21 04:00:00,5.381171678469987
2011-07-21 05:00:00,20.98385319958443
2011-07-21 06:00:00,100.06075785339476
2011-07-21 07:00:00,258.2168555539986
2011-07-21 08:00:00,391.21383000476584
2011-07-21 09:00:00,183.00621296314804
2011-07-21 10:00:00,107.66959084882747
2011-07-21 11:00:00,119.67884013505463
2011-07-21 12:00:00,153.8927822949455
2011-07-21 13:00:00,150.15581037908515
2011-07-21 14:00:00,135.66819514162736
2011-07-21 15:00:00,148.74622353173524
2011-07-21 16:00:00,216.9645068135615
2011-07-21 17:00:00,418.46934508882975
2011-07-21 18:00:00,415.19760554679516
2011-07-21 19:00:00,295.2208616093993
2011-07-21 20:00:00,252.60357028962707
2011-07-21 21:00:00,183.93179503610736
2011-07-21 22:00:00,144.48002525925094
2011-07-21 23:00:00,100.78006668458553
2011-07-22 00:00:00,45.023810990496294
2011-07-22 01:00:00,24.28739465790726
2011-07-22 02:00:00,11.28943995170312
2011-07-22 03:00:00,5.965515862478376
2011-07-22 04:00:00,6.500613374435366
2011-07-22 05:00:00,23.981370336428373
2011-07-22 06:00:00,98.42534921400667
2011-07-22 07:00:00,252.97493051549745
2011-07-22 08:00:00,393.3112950901839
2011-07-22 09:00:00,206.14345084108777
2011-07-22 10:00:00,122.50374277812955
2011-07-22 11:00:00,147.96258326294478
2011-07-22 12:00:00,166.51340103678004
2011-07-22 13:00:00,166.10228675634394
2011-07-22 14:00:00,143.21926518835977
2011-07-22 15:00:00,165.3723082085441
2011-07-22 16:00:00,225.640210605702
2011-07-22 17:00:00,448.34697277617374
2011-07-22 18:00:00,399.3653524011095
2011-07-22 19:00:00,300.9835656699938
2011-07-22 20:00:00,218.53298150525478
2011-07-22 21:00:00,187.84379111592736
2011-07-22 22:00:00,154.69703549736715
2011-07-22 23:00:00,134.28105315630222
2011-07-23 00:00:00,100.70922160698339
2011-07-23 01:00:00,87.43690410087635
2011-07-23 02:00:00,61.28399515608838
2011-07-23 03:00:00,27.841477358763484
2011-07-23 04:00:00,9.524949624937568
2011-07-23 05:00:00,10.12682534001404
2011-07-23 06:00:00,21.540405199732632
2011-07-23 07:00:00,49.272819105633964
2011-07-23 08:00:00,112.98839480839179
2011-07-23 09:00:00,183.70624207576805
2011-07-23 10:00:00,270.1744829215743
2011-07-23 11:00:00,312.69691331630145
2011-07-23 12:00:00,316.9209563735615
2011-07-23 13:00:00,306.2579109278202
2011-07-23 14:00:00,292.8175869531361
2011-07-23 15:00:00,289.77642597590403
2011-07-23 16:00:00,281.80731727644235
2011-07-23 17:00:00,266.52270313809635
2011-07-23 18:00:00,253.50375259343343
2011-07-23 19:00:00,255.31966398119772
2011-07-23 20:00:00,220.39873718382088
2011-07-23 21:00:00,175.7202180202791
2011-07-23 22:00:00,157.45648219980103
2011-07-23 23:00:00,134.91170513381292
2011-07-24 00:00:00,96.29140417449054
2011-07-24 01:00:00,79.97399358965427
2011-07-24 02:00:00,63.734220828819026
2011-07-24 03:00:00,29.039213869679358
2011-07-24 04:00:00,8.981372761769013
2011-07-24 05:00:00,9.40036576428263
2011-07-24 06:00:00,15.74006405822888
2011-07-24 07:00:00,40.240714227454724
2011-07-24 08:00:00,89.84453533340229
2011-07-24 09:00:00,168.53866193254095
2011-07-24 10:00:00,232.01845733152152
2011-07-24 11:00:00,293.7586927441165
2011-07-24 12:00:00,299.56950172422705
2011-07-24 13:00:00,343.6193175120111
2011-07-24 14:00:00,323.5823272255516
2011-07-24 15:00:00,302.7463443146806
2011-07-24 16:00:00,296.8939205742756
2011-07-24 17:00:00,288.1832335168572
2011-07-24 18:00:00,259.77498522518704
2011-07-24 19:00:00,230.05500564050715
2011-07-24 20:00:00,191.86735395899103
2011-07-24 21:00:00,157.89388151368593
2011-07-24 22:00:00,124.23515933451398
2011-07-24 23:00:00,80.34558624061913
2011-07-25 00:00:00,34.7020366079501
2011-07-25 01:00:00,13.31287952244544
2011-07-25 02:00:00,6.634920665127886
2011-07-25 03:00:00,4.918406721047798
2011-07-25 04:00:00,5.6959688144687926
2011-07-25 05:00:00,20.102145405691697
2011-07-25 06:00:00,85.61223576763706
2011-07-25 07:00:00,232.33537173481227
2011-07-25 08:00:00,348.5980043554781
2011-07-25 09:00:00,183.19453757752956
2011-07-25 10:00:00,114.01854437358597
2011-07-25 11:00:00,127.56610967294634
2011-07-25 12:00:00,158.95844063024126
2011-07-25 13:00:00,147.97033652740342
2011-07-25 14:00:00,133.2551933282989
2011-07-25 15:00:00,131.3260653870236
2011-07-25 16:00:00,227.87102553782515
2011-07-25 17:00:00,477.116288978753
2011-07-25 18:00:00,483.7882903662314
2011-07-25 19:00:00,363.08827784778504
2011-07-25 20:00:00,265.0842597188886
2011-07-25 21:00:00,165.47702002757973
2011-07-25 22:00:00,115.75508804364364
2011-07-25 23:00:00,68.58100619925172
2011-07-26 00:00:00,36.397640945009
2011-07-26 01:00:00,13.32444271375562
2011-07-26 02:00:00,6.013483305125043
2011-07-26 03:00:00,4.750449066655381
2011-07-26 04:00:00,5.988937219458476
2011-07-26 05:00:00,21.47321374042288
2011-07-26 06:00:00,105.5922515434547
2011-07-26 07:00:00,300.0665339129535
2011-07-26 08:00:00,465.49530682245756
2011-07-26 09:00:00,228.05473399446126
2011-07-26 10:00:00,138.88736173314237
2011-07-26 11:00:00,146.31576387265852
2011-07-26 12:00:00,178.72995868482445
2011-07-26 13:00:00,183.7364122106099
2011-07-26 14:00:00,170.27985294557348
2011-07-26 15:00:00,175.30571638863054
2011-07-26 16:00:00,279.2836404690307
2011-07-26 17:00:00,541.8099202801277
2011-07-26 18:00:00,533.7975784830563
2011-07-26 19:00:00,378.2167692329094
2011-07-26 20:00:00,285.1913516358686
2011-07-26 21:00:00,214.34947744273262
2011-07-26 22:00:00,152.54452680215795
2011-07-26 23:00:00,93.34925705228494
2011-07-27 00:00:00,38.67987141741955
2011-07-27 01:00:00,16.035080626867234
2011-07-27 02:00:00,7.728540381811457
2011-07-27 03:00:00,5.4958596846963195
2011-07-27 04:00:00,6.0538468616501
2011-07-27 05:00:00,24.50658777544543
2011-07-27 06:00:00,128.02913317773877
2011-07-27 07:00:00,331.3172821512467
2011-07-27 08:00:00,488.9124700334397
2011-07-27 09:00:00,235.00116097629302
2011-07-27 10:00:00,128.69238821400094
2011-07-27 11:00:00,144.2746211847413
2011-07-27 12:00:00,191.6126600271399
2011-07-27 13:00:00,175.38552674585588
2011-07-27 14:00:00,170.84932900695
2011-07-27 15:00:00,178.11755658367946
2011-07-27 16:00:00,261.1473120414098
2011-07-27 17:00:00,524.4376300968339
2011-07-27 18:00:00,513.9859555778078
2011-07-27 19:00:00,371.52948172119676
2011-07-27 20:00:00,285.7209981613933
2011-07-27 21:00:00,210.83326043250935
2011-07-27 22:00:00,156.13385858617463
2011-07-27 23:00:00,98.01585494551927
2011-07-28 00:00:00,42.76594321366321
2011-07-28 01:00:00,17.016654384060722
2011-07-28 02:00:00,9.553016594403228
2011-07-28 03:00:00,5.527248033972341
2011-07-28 04:00:00,6.783131036730625
2011-07-28 05:00:00,26.72657433811955
2011-07-28 06:00:00,128.25411055179165
2011-07-28 07:00:00,330.638241040875
2011-07-28 08:00:00,450.5942060654994
2011-07-28 09:00:00,227.62334613120973
2011-07-28 10:00:00,125.41569918823458
2011-07-28 11:00:00,135.0829958212019
2011-07-28 12:00:00,176.16406102791865
2011-07-28 13:00:00,168.70383643303654
2011-07-28 14:00:00,157.60635180652008
2011-07-28 15:00:00,165.82597251659882
2011-07-28 16:00:00,256.15255313698117
2011-07-28 17:00:00,507.7173348380219
2011-07-28 18:00:00,458.71860998355174
2011-07-28 19:00:00,362.98199696875776
2011-07-28 20:00:00,276.5222561747185
2011-07-28 21:00:00,207.57277577778422
2011-07-28 22:00:00,165.58323096046763
2011-07-28 23:00:00,103.28689911235675
2011-07-29 00:00:00,44.264837654758054
2011-07-29 01:00:00,23.848811625058165
2011-07-29 02:00:00,11.473842573076398
2011-07-29 03:00:00,6.571517930622567
2011-07-29 04:00:00,6.109042201615146
2011-07-29 05:00:00,21.8658249330038
2011-07-29 06:00:00,85.09100552434431
2011-07-29 07:00:00,245.74895537619892
2011-07-29 08:00:00,371.80150666476635
2011-07-29 09:00:00,224.436929785405
2011-07-29 10:00:00,128.87077580468377
2011-07-29 11:00:00,142.52541802995057
2011-07-29 12:00:00,164.9506666928138
2011-07-29 13:00:00,171.00727543422835
2011-07-29 14:00:00,156.1273341935858
2011-07-29 15:00:00,173.29692998163458
2011-07-29 16:00:00,239.76968185326456
2011-07-29 17:00:00,385.2236320650757
2011-07-29 18:00:00,369.81775429187394
2011-07-29 19:00:00,285.1002988200602
2011-07-29 20:00:00,229.83439176944864
2011-07-29 21:00:00,199.92095793515398
2011-07-29 22:00:00,182.1269496833725
2011-07-29 23:00:00,136.5418607635841
2011-07-30 00:00:00,113.7915163012234
2011-07-30 01:00:00,92.80742913673298
2011-07-30 02:00:00,68.57870986426866
2011-07-30 03:00:00,30.208868245909663
2011-07-30 04:00:00,10.177277384941238
2011-07-30 05:00:00,9.899573067140674
2011-07-30 06:00:00,20.87913439344962
2011-07-30 07:00:00,52.03666679393163
2011-07-30 08:00:00,124.25885691773055
2011-07-30 09:00:00,197.05918256402566
2011-07-30 10:00:00,294.47213219061666
2011-07-30 11:00:00,361.5820644619681
2011-07-30 12:00:00,413.67480538675545
2011-07-30 13:00:00,387.73043516426105
2011-07-30 14:00:00,350.7104907051058
2011-07-30 15:00:00,361.0161908861144
2011-07-30 16:00:00,347.2485853429224
2011-07-30 17:00:00,322.65964899322813
2011-07-30 18:00:00,312.1904370182476
2011-07-30 19:00:00,323.19252659986665
2011-07-30 20:00:00,231.33054850837328
2011-07-30 21:00:00,187.74571748793937
2011-07-30 22:00:00,159.25406118599915
2011-07-30 23:00:00,140.38474705088544
2011-07-31 00:00:00,101.19038930958953
2011-07-31 01:00:00,88.61904200021215
2011-07-31 02:00:00,67.23175718796863
2011-07-31 03:00:00,29.820576434673217
2011-07-31 04:00:00,9.447009893546399
2011-07-31 05:00:00,9.950869016745148
2011-07-31 06:00:00,16.9842751286503
2011-07-31 07:00:00,42.71919974398651
2011-07-31 08:00:00,98.7486363256508
2011-07-31 09:00:00,176.97223793578235
2011-07-31 10:00:00,273.5893192687197
2011-07-31 11:00:00,324.218174737352
2011-07-31 12:00:00,349.16445282335235
2011-07-31 13:00:00,349.7938201596477
2011-07-31 14:00:00,342.0704426264684
2011-07-31 15:00:00,307.04562767312524
2011-07-31 16:00:00,303.54535780654453
2011-07-31 17:00:00,288.3029436843376
2011-07-31 18:00:00,278.17450586603263
2011-07-31 19:00:00,252.2532349757165
2011-07-31 20:00:00,206.42608986665186
2011-07-31 21:00:00,163.36876310365395
2011-07-31 22:00:00,122.11203823282395
2011-07-31 23:00:00,86.80728397047471
2011-08-20 00:00:00,82.89264692657693
2011-08-20 01:00:00,77.3869770740172
2011-08-20 02:00:00,61.408144869794405
2011-08-20 03:00:00,29.49933327322036
2011-08-20 04:00:00,6.7821515697262855
2011-08-20 05:00:00,8.940437878672899
2011-08-20 06:00:00,16.468923024066992
2011-08-20 07:00:00,42.57606738823926
2011-08-20 08:00:00,123.53312189053065
2011-08-20 09:00:00,204.73620403671654
2011-08-20 10:00:00,307.01904851254085
2011-08-20 11:00:00,366.3814761947561
2011-08-20 12:00:00,427.9325424298412
2011-08-20 13:00:00,432.52126858422344
2011-08-20 14:00:00,406.85785994778905
2011-08-20 15:00:00,423.4434417569478
2011-08-20 16:00:00,401.8193417199808
2011-08-20 17:00:00,371.279868298588
2011-08-20 18:00:00,340.1816523862269
2011-08-20 19:00:00,309.4282795676565
2011-08-20 20:00:00,245.6825198929154
2011-08-20 21:00:00,193.94132422913225
2011-08-20 22:00:00,151.26974868346932
2011-08-20 23:00:00,140.92587552971344
2011-08-21 00:00:00,103.56397408075996
2011-08-21 01:00:00,82.30325426585821
2011-08-21 02:00:00,67.2902044156738
2011-08-21 03:00:00,31.43284179581017
2011-08-21 04:00:00,8.253016565123717
2011-08-21 05:00:00,7.681348653024755
2011-08-21 06:00:00,12.291190916634239
2011-08-21 07:00:00,34.42243707081554
2011-08-21 08:00:00,90.27423144879153
2011-08-21 09:00:00,186.386472345289
2011-08-21 10:00:00,275.34866504540804
2011-08-21 11:00:00,305.00009313641726
2011-08-21 12:00:00,352.969337736836
2011-08-21 13:00:00,356.3752214125485
2011-08-21 14:00:00,218.909162426871
2011-08-21 15:00:00,284.59163546548456
2011-08-21 16:00:00,343.36209133216295
2011-08-21 17:00:00,310.82457807936055
2011-08-21 18:00:00,254.8995844707268
2011-08-21 19:00:00,267.2858224249837
2011-08-21 20:00:00,197.18277735061233
2011-08-21 21:00:00,158.088564528059
2011-08-21 22:00:00,112.11044514701467
2011-08-21 23:00:00,88.90789269538634
2011-08-22 00:00:00,36.05890028393781
2011-08-22 01:00:00,13.770390393425668
2011-08-22 02:00:00,7.726722687298901
2011-08-22 03:00:00,5.367630825489767
2011-08-22 04:00:00,6.509556043687265
2011-08-22 05:00:00,23.606702327642218
2011-08-22 06:00:00,112.84007939038777
2011-08-22 07:00:00,299.09666728666303
2011-08-22 08:00:00,444.0670041689681
2011-08-22 09:00:00,222.05375094989722
2011-08-22 10:00:00,130.65575718535413
2011-08-22 11:00:00,152.04654983780685
2011-08-22 12:00:00,194.23211940213577
2011-08-22 13:00:00,176.10230188951613
2011-08-22 14:00:00,174.72895316287446
2011-08-22 15:00:00,186.01555465909104
2011-08-22 16:00:00,283.4931511924325
2011-08-22 17:00:00,554.7965659907742
2011-08-22 18:00:00,540.8347826930889
2011-08-22 19:00:00,401.8906704140348
2011-08-22 20:00:00,282.4808692200888
2011-08-22 21:00:00,207.12389291424358
2011-08-22 22:00:00,138.45252791254202
2011-08-22 23:00:00,80.83154339701372
2011-08-23 00:00:00,40.22540320075823
2011-08-23 01:00:00,12.97304956587113
2011-08-23 02:00:00,7.358478848001198
2011-08-23 03:00:00,4.808040213294637
2011-08-23 04:00:00,6.938078562666356
2011-08-23 05:00:00,22.642310315429246
2011-08-23 06:00:00,116.02114709901093
2011-08-23 07:00:00,318.64766995526736
2011-08-23 08:00:00,434.44393003301025
2011-08-23 09:00:00,221.9932189857748
2011-08-23 10:00:00,137.13226993161118
2011-08-23 11:00:00,158.4653416071997
2011-08-23 12:00:00,193.26397167882817
2011-08-23 13:00:00,191.42060404744484
2011-08-23 14:00:00,183.87895880465024
2011-08-23 15:00:00,201.78260924237225
2011-08-23 16:00:00,303.08376112932774
2011-08-23 17:00:00,604.8339207124809
2011-08-23 18:00:00,583.6255524116168
2011-08-23 19:00:00,402.5286232593659
2011-08-23 20:00:00,290.43534293725634
2011-08-23 21:00:00,205.9645990617181
2011-08-23 22:00:00,156.93425831382936
2011-08-23 23:00:00,93.43236497032231
2011-08-24 00:00:00,38.777432156396976
2011-08-24 01:00:00,15.839138231155074
2011-08-24 02:00:00,7.212921774748445
2011-08-24 03:00:00,5.2197348132935755
2011-08-24 04:00:00,6.092785080025141
2011-08-24 05:00:00,25.97632273655405
2011-08-24 06:00:00,117.2106475145351
2011-08-24 07:00:00,319.19182432113087
2011-08-24 08:00:00,482.14483086798884
2011-08-24 09:00:00,227.48342605558045
2011-08-24 10:00:00,131.75298939839166
2011-08-24 11:00:00,149.72203724267698
2011-08-24 12:00:00,185.753817055476
2011-08-24 13:00:00,177.4534665483774
2011-08-24 14:00:00,165.2935234085105
2011-08-24 15:00:00,174.78502483992872
2011-08-24 16:00:00,270.06851493672787
2011-08-24 17:00:00,527.9220033073914
2011-08-24 18:00:00,521.166610824168
2011-08-24 19:00:00,378.6493361183647
2011-08-24 20:00:00,283.78684332426184
2011-08-24 21:00:00,213.6026241212088
2011-08-24 22:00:00,154.83166705529817
2011-08-24 23:00:00,90.39567734437009
2011-08-25 00:00:00,38.56557293687539
2011-08-25 01:00:00,15.984827592609417
2011-08-25 02:00:00,9.209209251588163
2011-08-25 03:00:00,5.259365381577902
2011-08-25 04:00:00,5.562922281328518
2011-08-25 05:00:00,22.28233788769881
2011-08-25 06:00:00,104.12247768552518
2011-08-25 07:00:00,269.4922371139472
2011-08-25 08:00:00,414.0652834826134
2011-08-25 09:00:00,201.55385326925963
2011-08-25 10:00:00,118.42408378573776
2011-08-25 11:00:00,101.1761320964278
2011-08-25 12:00:00,126.15075339853627
2011-08-25 13:00:00,155.20758470606566
2011-08-25 14:00:00,146.3623877379447
2011-08-25 15:00:00,164.2419032499272
2011-08-25 16:00:00,223.7341619385804
2011-08-25 17:00:00,419.7568265528515
2011-08-25 18:00:00,381.15593100042753
2011-08-25 19:00:00,300.4252931591146
2011-08-25 20:00:00,251.23523992682107
2011-08-25 21:00:00,188.51080089648394
2011-08-25 22:00:00,136.75847388975563
2011-08-25 23:00:00,92.6840517438296
2011-08-26 00:00:00,40.67560388503911
2011-08-26 01:00:00,21.97594128738568
2011-08-26 02:00:00,11.00650396524767
2011-08-26 03:00:00,6.089090112639312
2011-08-26 04:00:00,6.114326460997432
2011-08-26 05:00:00,19.79591469391838
2011-08-26 06:00:00,91.65217491831068
2011-08-26 07:00:00,260.7912710419769
2011-08-26 08:00:00,423.9523480989759
2011-08-26 09:00:00,245.37243105797882
2011-08-26 10:00:00,149.68313926998195
2011-08-26 11:00:00,171.30603771859808
2011-08-26 12:00:00,215.51634233350077
2011-08-26 13:00:00,215.94845096442936
2011-08-26 14:00:00,193.99434778167097
2011-08-26 15:00:00,219.79232272271324
2011-08-26 16:00:00,318.45320687529863
2011-08-26 17:00:00,510.4668837219208
2011-08-26 18:00:00,399.50357537055623
2011-08-26 19:00:00,301.4515135154415
2011-08-26 20:00:00,222.53820481049442
2011-08-26 21:00:00,180.2947743087597
2011-08-26 22:00:00,160.9956723039035
2011-08-26 23:00:00,119.65471504513786
2011-08-27 00:00:00,95.13733617883166
2011-08-27 01:00:00,81.85049326148513
2011-08-27 02:00:00,59.67634101075412
2011-08-27 03:00:00,26.717716894719654
2011-08-27 04:00:00,7.891899548889061
2011-08-27 05:00:00,7.7316524771591535
2011-08-27 06:00:00,15.824706080385372
2011-08-27 07:00:00,35.654926504189525
2011-08-27 08:00:00,98.6782153892656
2011-08-27 09:00:00,143.14289843446912
2011-08-27 10:00:00,199.24387603930555
2011-08-27 11:00:00,142.9753781043508
2011-08-27 12:00:00,176.97535195146963
2011-08-27 13:00:00,192.2361265789181
2011-08-27 14:00:00,115.03478646961835
2011-08-27 15:00:00,121.39055518511105
2011-08-27 16:00:00,117.90245345065387
2011-08-27 17:00:00,98.64934255773976
2011-08-28 07:00:00,18.51918998645499
2011-08-28 08:00:00,41.619789344570286
2011-08-28 09:00:00,175.42766545323204
2011-08-28 10:00:00,247.40154699513414
2011-08-28 11:00:00,335.60349147095314
2011-08-28 12:00:00,387.34825712875704
2011-08-28 13:00:00,397.88876747913724
2011-08-28 14:00:00,368.290815594524
2011-08-28 15:00:00,369.5304412544024
2011-08-28 16:00:00,374.1617083130818
2011-08-28 17:00:00,371.80525555081283
2011-08-28 18:00:00,332.9705465966214
2011-08-28 19:00:00,276.0640233933704
2011-08-28 20:00:00,229.52320423725493
2011-08-28 21:00:00,178.03284899006235
2011-08-28 22:00:00,129.705168910058
2011-08-28 23:00:00,81.66740692060822
2011-08-29 00:00:00,36.50893537299883
2011-08-29 01:00:00,13.701959739122518
2011-08-29 02:00:00,7.952792255913907
2011-08-29 03:00:00,4.80060164643778
2011-08-29 04:00:00,6.296193721997589
2011-08-29 05:00:00,23.481624652370346
2011-08-29 06:00:00,107.52737878705958
2011-08-29 07:00:00,296.9790016273053
2011-08-29 08:00:00,441.54840606443764
2011-08-29 09:00:00,217.83937398103524
2011-08-29 10:00:00,133.6107178171268
2011-08-29 11:00:00,151.7322159188546
2011-08-29 12:00:00,190.2679107009385
2011-08-29 13:00:00,170.2504244101372
2011-08-29 14:00:00,170.1186375321655
2011-08-29 15:00:00,187.8955706089446
2011-08-29 16:00:00,285.13856789847443
2011-08-29 17:00:00,545.9139999414572
2011-08-29 18:00:00,544.2804546237488
2011-08-29 19:00:00,408.79512465712384
2011-08-29 20:00:00,276.0937310373469
2011-08-29 21:00:00,203.59804167686127
2011-08-29 22:00:00,139.69144604521557
2011-08-29 23:00:00,76.74515718015962
2011-08-30 00:00:00,36.3616661221052
2011-08-30 01:00:00,12.903658064707185
2011-08-30 02:00:00,7.210708731817913
2011-08-30 03:00:00,4.828788063079505
2011-08-30 04:00:00,6.831664925975335
2011-08-30 05:00:00,26.783163887272597
2011-08-30 06:00:00,117.9163498301799
2011-08-30 07:00:00,305.1317893679141
2011-08-30 08:00:00,465.5853304360681
2011-08-30 09:00:00,234.03474565698903
2011-08-30 10:00:00,143.0660723628708
2011-08-30 11:00:00,160.76705176599862
2011-08-30 12:00:00,188.36498336753863
2011-08-30 13:00:00,192.56956157230687
2011-08-30 14:00:00,184.24951283899526
2011-08-30 15:00:00,200.43627164318093
2011-08-30 16:00:00,305.091148355954
2011-08-30 17:00:00,603.6522693764704
2011-08-30 18:00:00,570.9871297629816
2011-08-30 19:00:00,388.31910516761104
2011-08-30 20:00:00,283.3793702730512
2011-08-30 21:00:00,203.99406332890567
2011-08-30 22:00:00,148.44222695100146
2011-08-30 23:00:00,91.3705122236317
2011-08-31 00:00:00,36.359212496460295
2011-08-31 01:00:00,14.81555899934604
2011-08-31 02:00:00,7.237704830740668
2011-08-31 03:00:00,5.615960392057286
2011-08-31 04:00:00,5.927913207036106
2011-08-31 05:00:00,24.218033256519465
2011-08-31 06:00:00,117.42872638197824
2011-08-31 07:00:00,299.42094813654285
2011-08-31 08:00:00,462.50316780197704
2011-08-31 09:00:00,229.68313810291684
2011-08-31 10:00:00,131.79710279972227
2011-08-31 11:00:00,152.21862861162566
2011-08-31 12:00:00,194.32967710946247
2011-08-31 13:00:00,187.1145967333098
2011-08-31 14:00:00,175.05400519686953
2011-08-31 15:00:00,190.14611302932218
2011-08-31 16:00:00,279.5007761031249
2011-08-31 17:00:00,546.0837603431577
2011-08-31 18:00:00,544.6809586767242
2011-08-31 19:00:00,353.47199808351303
2011-08-31 20:00:00,289.23838033542273
2011-08-31 21:00:00,215.38661358333658
2011-08-31 22:00:00,149.25770343299808
2011-08-31 23:00:00,85.05233640005642
2011-09-20 00:00:00,32.77700408511947
2011-09-20 01:00:00,10.027005806474833
2011-09-20 02:00:00,5.429870905243119
2011-09-20 03:00:00,4.050165570270608
2011-09-20 04:00:00,5.663081434364795
2011-09-20 05:00:00,18.995135637520004
2011-09-20 06:00:00,91.83948552085509
2011-09-20 07:00:00,251.45655542070077
2011-09-20 08:00:00,181.0702966999603
2011-09-20 09:00:00,85.94122439181538
2011-09-20 10:00:00,61.12839925783253
2011-09-20 11:00:00,65.03347311215494
2011-09-20 12:00:00,87.29950981871755
2011-09-20 13:00:00,93.25918793018242
2011-09-20 14:00:00,107.84482597720776
2011-09-20 15:00:00,148.54075138587595
2011-09-20 16:00:00,208.6167223300857
2011-09-20 17:00:00,440.19440168067905
2011-09-20 18:00:00,428.18940928303334
2011-09-20 19:00:00,291.71988017167587
2011-09-20 20:00:00,162.60175184424594
2011-09-20 21:00:00,129.03951651814444
2011-09-20 22:00:00,92.69326738471237
2011-09-20 23:00:00,56.86198573714064
2011-09-21 00:00:00,20.078875149630054
2011-09-21 01:00:00,9.576827156086871
2011-09-21 02:00:00,5.142693090922965
2011-09-21 03:00:00,3.6769104085220827
2011-09-21 04:00:00,3.5904887574790596
2011-09-21 05:00:00,13.019406873459834
2011-09-21 06:00:00,62.80757479945592
2011-09-21 07:00:00,164.85174622477038
2011-09-21 08:00:00,278.27708237617327
2011-09-21 09:00:00,118.8910755076777
2011-09-21 10:00:00,89.79533854957978
2011-09-21 11:00:00,111.37478621967277
2011-09-21 12:00:00,153.38331714000316
2011-09-21 13:00:00,156.49059355316987
2011-09-21 14:00:00,157.54984237532796
2011-09-21 15:00:00,171.39276421250878
2011-09-21 16:00:00,254.2492266754276
2011-09-21 17:00:00,360.95403735577975
2011-09-21 18:00:00,252.36954941051687
2011-09-21 19:00:00,118.68375127848806
2011-09-21 20:00:00,82.26838008858915
2011-09-21 21:00:00,100.82423600433094
2011-09-21 22:00:00,82.24524099322335
2011-09-21 23:00:00,55.36900289649281
2011-09-22 00:00:00,24.500812663023773
2011-09-22 01:00:00,9.205341834695716
2011-09-22 02:00:00,5.94640252470597
2011-09-22 03:00:00,3.5167531702096713
2011-09-22 04:00:00,4.105902514468843
2011-09-22 05:00:00,16.285513693035252
2011-09-22 06:00:00,70.29052350689726
2011-09-22 07:00:00,181.29551966233356
2011-09-22 08:00:00,291.3737971441829
2011-09-22 09:00:00,136.02419295899307
2011-09-22 10:00:00,93.63168149505371
2011-09-22 11:00:00,105.92264789128699
2011-09-22 12:00:00,145.5522302633484
2011-09-22 13:00:00,135.93311605977016
2011-09-22 14:00:00,135.71119272523163
2011-09-22 15:00:00,158.0562942994975
2011-09-22 16:00:00,272.45023093461066
2011-09-22 17:00:00,447.0910762461845
2011-09-22 18:00:00,384.52881638912197
2011-09-22 19:00:00,292.76618634491945
2011-09-22 20:00:00,156.54865894477132
2011-09-22 21:00:00,167.22924795888386
2011-09-22 22:00:00,77.54234307570037
2011-09-22 23:00:00,60.717728216650755
2011-09-23 00:00:00,32.61827051381181
2011-09-23 01:00:00,14.924866266244967
2011-09-23 02:00:00,8.28505829197051
2011-09-23 03:00:00,4.5866838317674965
2011-09-23 04:00:00,5.088179872476087
2011-09-23 05:00:00,20.032307793506526
2011-09-23 06:00:00,82.12335053961287
2011-09-23 07:00:00,159.2179177647739
2011-09-23 08:00:00,268.3743608112576
2011-09-23 09:00:00,133.02942120105297
2011-09-23 10:00:00,71.994241186348
2011-09-23 11:00:00,82.80280253818805
2011-09-23 12:00:00,110.94799097339765
2011-09-23 13:00:00,89.0846568727769
2011-09-23 14:00:00,80.8298753170279
2011-09-23 15:00:00,110.49566364811311
2011-09-23 16:00:00,164.89102047088508
2011-09-23 17:00:00,284.39630647930477
2011-09-23 18:00:00,258.8373685575525
2011-09-23 19:00:00,230.69951375254016
2011-09-23 20:00:00,161.3540631169975
2011-09-23 21:00:00,114.98143736065772
2011-09-23 22:00:00,122.49679821511842
2011-09-23 23:00:00,76.72649874017958
2011-09-24 00:00:00,97.78354704848567
2011-09-24 01:00:00,75.21514974053808
2011-09-24 02:00:00,59.62141302661106
2011-09-24 03:00:00,27.72010396821373
2011-09-24 04:00:00,9.47190428746133
2011-09-24 05:00:00,9.084077076429205
2011-09-24 06:00:00,19.642098680963308
2011-09-24 07:00:00,48.86413139912358
2011-09-24 08:00:00,110.70494241619511
2011-09-24 09:00:00,172.61165283451078
2011-09-24 10:00:00,243.64468120302456
2011-09-24 11:00:00,327.8752904142478
2011-09-24 12:00:00,372.8336572864685
2011-09-24 13:00:00,430.6286157443801
2011-09-24 14:00:00,457.88400334658377
2011-09-24 15:00:00,460.6096359337637
2011-09-24 16:00:00,383.5555367900997
2011-09-24 17:00:00,416.2479526211141
2011-09-24 18:00:00,331.9165940986338
2011-09-24 19:00:00,248.99885126765045
2011-09-24 20:00:00,213.1439624358199
2011-09-24 21:00:00,181.0238391803946
2011-09-24 22:00:00,130.03314385716453
2011-09-24 23:00:00,109.29283532643707
2011-09-25 00:00:00,80.77855447275019
2011-09-25 01:00:00,75.20578975371788
2011-09-25 02:00:00,49.88972450340073
2011-09-25 03:00:00,20.72551027899154
2011-09-25 04:00:00,6.780831700879249
2011-09-25 05:00:00,10.131547662701635
2011-09-25 06:00:00,15.00730307868289
2011-09-25 07:00:00,31.70188830846433
2011-09-25 08:00:00,85.81914900846749
2011-09-25 09:00:00,171.7271611397499
2011-09-25 10:00:00,242.52295635950026
2011-09-25 11:00:00,346.4815110195871
2011-09-25 12:00:00,401.113201176552
2011-09-25 13:00:00,405.8330390118632
2011-09-25 14:00:00,376.06004437742877
2011-09-25 15:00:00,384.21331059428786
2011-09-25 16:00:00,433.17701674274065
2011-09-25 17:00:00,392.81721533051507
2011-09-25 18:00:00,330.43685939165397
2011-09-25 19:00:00,243.2270028112473
2011-09-25 20:00:00,198.7127895803964
2011-09-25 21:00:00,126.13910400569173
2011-09-25 22:00:00,119.96467654506785
2011-09-25 23:00:00,60.099610074699775
2011-09-26 00:00:00,25.218076780723244
2011-09-26 01:00:00,11.452426259499278
2011-09-26 02:00:00,6.092544532879742
2011-09-26 03:00:00,3.6669811437261246
2011-09-26 04:00:00,6.30512768764693
2011-09-26 05:00:00,22.428891424857145
2011-09-26 06:00:00,86.81298921794675
2011-09-26 07:00:00,230.6755417449738
2011-09-26 08:00:00,333.8265808729243
2011-09-26 09:00:00,193.622492275328
2011-09-26 10:00:00,101.57600797388527
2011-09-26 11:00:00,154.14691887653527
2011-09-26 12:00:00,175.18654749791597
2011-09-26 13:00:00,177.13221024120693
2011-09-26 14:00:00,189.05059787169654
2011-09-26 15:00:00,196.51621358736975
2011-09-26 16:00:00,299.46412826441417
2011-09-26 17:00:00,555.2093059611473
2011-09-26 18:00:00,456.89251102031244
2011-09-26 19:00:00,347.87702789257145
2011-09-26 20:00:00,228.42979056410306
2011-09-26 21:00:00,168.23378054549934
2011-09-26 22:00:00,103.6573520445396
2011-09-26 23:00:00,61.98246048465947
2011-09-27 00:00:00,29.298859735491416
2011-09-27 01:00:00,10.728246238816054
2011-09-27 02:00:00,5.423820741553002
2011-09-27 03:00:00,3.489880814621858
2011-09-27 04:00:00,6.294068469029357
2011-09-27 05:00:00,18.024445900539448
2011-09-27 06:00:00,93.15559619976017
2011-09-27 07:00:00,245.17438305225505
2011-09-27 08:00:00,384.6333926091591
2011-09-27 09:00:00,150.54581792946203
2011-09-27 10:00:00,76.84267332765637
2011-09-27 11:00:00,123.65228847726002
2011-09-27 12:00:00,136.51065880479516
2011-09-27 13:00:00,174.7355956336769
2011-09-27 14:00:00,155.72250635267676
2011-09-27 15:00:00,157.36081553558222
2011-09-27 16:00:00,240.55637072177643
2011-09-27 17:00:00,425.18238565491873
2011-09-27 18:00:00,368.02433512490586
2011-09-27 19:00:00,274.7443056920225
2011-09-27 20:00:00,257.0825574826206
2011-09-27 21:00:00,169.13427166241257
2011-09-27 22:00:00,121.11588656733679
2011-09-27 23:00:00,76.11752820906847
2011-09-28 00:00:00,32.46059913540994
2011-09-28 01:00:00,13.18598368033941
2011-09-28 02:00:00,5.830845455704891
2011-09-28 03:00:00,3.8944290128372465
2011-09-28 04:00:00,6.638433054586584
2011-09-28 05:00:00,19.98628415694769
2011-09-28 06:00:00,55.21940221895045
2011-09-28 07:00:00,124.64481715712489
2011-09-28 08:00:00,194.21226750714607
2011-09-28 09:00:00,101.651867675135
2011-09-28 10:00:00,92.91189767571444
2011-09-28 11:00:00,135.5445679384833
2011-09-28 12:00:00,173.18219620625794
2011-09-28 13:00:00,189.57951280290914
2011-09-28 14:00:00,182.7367926104141
2011-09-28 15:00:00,195.54218487614838
2011-09-28 16:00:00,295.84861714078596
2011-09-28 17:00:00,540.1140379503951
2011-09-28 18:00:00,273.13781104419144
2011-09-28 19:00:00,196.2031134673795
2011-09-28 20:00:00,114.90637702912525
2011-09-28 21:00:00,83.17013989076182
2011-09-28 22:00:00,123.75543379709755
2011-09-28 23:00:00,68.51237023383231
2011-09-29 00:00:00,29.086828304097754
2011-09-29 01:00:00,9.353708215348355
2011-09-29 02:00:00,5.709030759317362
2011-09-29 03:00:00,3.8433853095575836
2011-09-29 04:00:00,6.426089058552995
2011-09-29 05:00:00,25.25236945085522
2011-09-29 06:00:00,112.20587909538283
2011-09-29 07:00:00,332.73102180950934
2011-09-29 08:00:00,446.76826263933197
2011-09-29 09:00:00,254.9446592263555
2011-09-29 10:00:00,144.0158520049975
2011-09-29 11:00:00,172.6047297829468
2011-09-29 12:00:00,224.24107794213552
2011-09-29 13:00:00,216.47533048803786
2011-09-29 14:00:00,189.07638366847388
2011-09-29 15:00:00,199.62910860386688
2011-09-29 16:00:00,317.88264364796623
2011-09-29 17:00:00,576.8702811277482
2011-09-29 18:00:00,529.8044684425045
2011-09-29 19:00:00,358.58249280911366
2011-09-29 20:00:00,287.43064509065607
2011-09-29 21:00:00,194.86067428108217
2011-09-29 22:00:00,148.081285149738
2011-09-29 23:00:00,99.76141114869463
2011-09-30 00:00:00,43.29955540619829
2011-09-30 01:00:00,25.63483350863381
2011-09-30 02:00:00,11.539781494191976
2011-09-30 03:00:00,6.745000843463442
2011-09-30 04:00:00,6.991324403454468
2011-09-30 05:00:00,25.654320619467978
2011-09-30 06:00:00,97.6708688042367
2011-09-30 07:00:00,275.46944570770114
2011-09-30 08:00:00,493.44349463333305
2011-09-30 09:00:00,267.48712898369763
2011-09-30 10:00:00,168.0070706422014
2011-09-30 11:00:00,200.94567429553098
2011-09-30 12:00:00,250.258316893215
2011-09-30 13:00:00,247.20869637888381
2011-09-30 14:00:00,207.2535578500252
2011-09-30 15:00:00,238.88074199372397
2011-09-30 16:00:00,347.1618529753894
2011-09-30 17:00:00,563.3095869330779
2011-09-30 18:00:00,409.26358966024566
2011-09-30 19:00:00,286.38777284812767
2011-09-30 20:00:00,216.56417612851664
2011-09-30 21:00:00,159.6310802030096
2011-09-30 22:00:00,144.91224553964545
2011-09-30 23:00:00,113.46469769861616
2011-10-20 00:00:00,27.703802891179095
2011-10-20 01:00:00,12.997640498312023
2011-10-20 02:00:00,6.092866879590583
2011-10-20 03:00:00,4.281523401551729
2011-10-20 04:00:00,4.956897190951955
2011-10-20 05:00:00,22.59247091419105
2011-10-20 06:00:00,93.12418804697494
2011-10-20 07:00:00,244.11938315806367
2011-10-20 08:00:00,436.2478439302531
2011-10-20 09:00:00,201.821237122245
2011-10-20 10:00:00,123.35202768376864
2011-10-20 11:00:00,129.11689739175748
2011-10-20 12:00:00,163.9864939281694
2011-10-20 13:00:00,156.8226690710816
2011-10-20 14:00:00,130.4956893766747
2011-10-20 15:00:00,143.46472710657875
2011-10-20 16:00:00,214.07031061285664
2011-10-20 17:00:00,444.30044516118295
2011-10-20 18:00:00,414.10228338597113
2011-10-20 19:00:00,301.7554041434765
2011-10-20 20:00:00,210.3381486150441
2011-10-20 21:00:00,152.35128713458943
2011-10-20 22:00:00,116.82751954245816
2011-10-20 23:00:00,81.06717741339904
2011-10-21 00:00:00,37.520868861515936
2011-10-21 01:00:00,21.336482095369746
2011-10-21 02:00:00,10.264625209656117
2011-10-21 03:00:00,5.93152589119853
2011-10-21 04:00:00,6.166489796811158
2011-10-21 05:00:00,22.431794268413174
2011-10-21 06:00:00,95.73165471269863
2011-10-21 07:00:00,276.30740738702735
2011-10-21 08:00:00,472.0660035968058
2011-10-21 09:00:00,266.8332113947545
2011-10-21 10:00:00,164.88408033882968
2011-10-21 11:00:00,175.8151553045124
2011-10-21 12:00:00,219.58387011557718
2011-10-21 13:00:00,210.0871677580493
2011-10-21 14:00:00,189.4679406809451
2011-10-21 15:00:00,206.284086005365
2011-10-21 16:00:00,287.3414314300258
2011-10-21 17:00:00,455.767339378152
2011-10-21 18:00:00,337.0097092838895
2011-10-21 19:00:00,228.31478891153287
2011-10-21 20:00:00,168.34406651150525
2011-10-21 21:00:00,143.29416576598902
2011-10-21 22:00:00,132.9382022153485
2011-10-21 23:00:00,95.3985329649329
2011-10-22 00:00:00,83.07161940255095
2011-10-22 01:00:00,70.76687599564772
2011-10-22 02:00:00,48.76925754938749
2011-10-22 03:00:00,22.241042480171483
2011-10-22 04:00:00,8.219356926028869
2011-10-22 05:00:00,7.93424344790971
2011-10-22 06:00:00,18.062305319824905
2011-10-22 07:00:00,42.59434607127249
2011-10-22 08:00:00,110.50014409474822
2011-10-22 09:00:00,164.8176743720992
2011-10-22 10:00:00,229.2985585522348
2011-10-22 11:00:00,282.3150269786428
2011-10-22 12:00:00,391.3554017019129
2011-10-22 13:00:00,406.594948188091
2011-10-22 14:00:00,328.6861547517878
2011-10-22 15:00:00,350.71938127860335
2011-10-22 16:00:00,359.7898842871464
2011-10-22 17:00:00,323.5241264297202
2011-10-22 18:00:00,242.55796541430544
2011-10-22 19:00:00,190.8481922925984
2011-10-22 20:00:00,147.08388200993468
2011-10-22 21:00:00,119.02119443488635
2011-10-22 22:00:00,107.73918589742323
2011-10-22 23:00:00,91.31135214390619
2011-10-23 00:00:00,67.90436123291063
2011-10-23 01:00:00,59.234299540211566
2011-10-23 02:00:00,46.969435490586356
2011-10-23 03:00:00,23.242862677943762
2011-10-23 04:00:00,7.315477998429362
2011-10-23 05:00:00,6.974056159201385
2011-10-23 06:00:00,10.909045608617323
2011-10-23 07:00:00,30.430608681484895
2011-10-23 08:00:00,71.83753164379775
2011-10-23 09:00:00,139.45150633133517
2011-10-23 10:00:00,225.2596922365281
2011-10-23 11:00:00,299.6527577835423
2011-10-23 12:00:00,351.9899251276329
2011-10-23 13:00:00,386.44040279165756
2011-10-23 14:00:00,372.1251792392337
2011-10-23 15:00:00,373.96970239230734
2011-10-23 16:00:00,352.45223149629936
2011-10-23 17:00:00,310.7483705957951
2011-10-23 18:00:00,248.70569102025755
2011-10-23 19:00:00,196.85709464760063
2011-10-23 20:00:00,141.25142963095743
2011-10-23 21:00:00,116.85119939898698
2011-10-23 22:00:00,93.4737612511077
2011-10-23 23:00:00,62.04962678654967
2011-10-24 00:00:00,30.954041980230645
2011-10-24 01:00:00,11.420846431098571
2011-10-24 02:00:00,5.990517162807818
2011-10-24 03:00:00,4.943287413287599
2011-10-24 04:00:00,5.906819965733398
2011-10-24 05:00:00,20.93960412025919
2011-10-24 06:00:00,94.22653322463262
2011-10-24 07:00:00,205.23014672840722
2011-10-24 08:00:00,412.1058445353871
2011-10-24 09:00:00,204.58170239468774
2011-10-24 10:00:00,106.20454194869801
2011-10-24 11:00:00,133.3199954333714
2011-10-24 12:00:00,182.33104876788673
2011-10-24 13:00:00,176.32199076298616
2011-10-24 14:00:00,159.03035661771588
2011-10-24 15:00:00,181.57515183478975
2011-10-24 16:00:00,278.3078712319612
2011-10-24 17:00:00,501.0292706767953
2011-10-24 18:00:00,526.8659282544999
2011-10-24 19:00:00,232.31466263440967
2011-10-24 20:00:00,215.25111014468104
2011-10-24 21:00:00,153.84562681754306
2011-10-24 22:00:00,113.67130141833157
2011-10-24 23:00:00,71.16698534180081
2011-10-25 00:00:00,30.963667785709177
2011-10-25 01:00:00,11.219269853604443
2011-10-25 02:00:00,5.592731106120816
2011-10-25 03:00:00,4.367582086095185
2011-10-25 04:00:00,5.652698342483958
2011-10-25 05:00:00,21.067084782155817
2011-10-25 06:00:00,96.91128345731333
2011-10-25 07:00:00,265.33392650511126
2011-10-25 08:00:00,492.08502885171634
2011-10-25 09:00:00,240.96710631596562
2011-10-25 10:00:00,131.5426065666162
2011-10-25 11:00:00,141.82227587318093
2011-10-25 12:00:00,187.7247560169217
2011-10-25 13:00:00,185.9623175054343
2011-10-25 14:00:00,169.01447011845977
2011-10-25 15:00:00,187.98326510777073
2011-10-25 16:00:00,282.7934867051026
2011-10-25 17:00:00,572.8557847981399
2011-10-25 18:00:00,496.42539652137
2011-10-25 19:00:00,286.0326483783755
2011-10-25 20:00:00,223.1073549050917
2011-10-25 21:00:00,157.158669572303
2011-10-25 22:00:00,117.928403339747
2011-10-25 23:00:00,71.89810408456324
2011-10-26 00:00:00,31.039522124745375
2011-10-26 01:00:00,12.086225996330992
2011-10-26 02:00:00,6.078154184224501
2011-10-26 03:00:00,4.451834624268139
2011-10-26 04:00:00,5.180557047323425
2011-10-26 05:00:00,25.219314991455626
2011-10-26 06:00:00,108.17741198987211
2011-10-26 07:00:00,315.34321577064856
2011-10-26 08:00:00,454.0878061060267
2011-10-26 09:00:00,243.60386501124245
2011-10-26 10:00:00,129.2553865633347
2011-10-26 11:00:00,141.52418212273136
2011-10-26 12:00:00,124.54544006938428
2011-10-26 13:00:00,110.93221571741432
2011-10-26 14:00:00,143.70615703825936
2011-10-26 15:00:00,154.43723276062047
2011-10-26 16:00:00,224.22436036732222
2011-10-26 17:00:00,425.6386446735783
2011-10-26 18:00:00,446.9917517479527
2011-10-26 19:00:00,283.953999708382
2011-10-26 20:00:00,201.88208275841646
2011-10-26 21:00:00,154.1526930974041
2011-10-26 22:00:00,105.72895612717637
2011-10-26 23:00:00,65.45932716308666
2011-10-27 00:00:00,30.269923806860255
2011-10-27 01:00:00,13.163701962837088
2011-10-27 02:00:00,7.115574713122096
2011-10-27 03:00:00,3.9120402438144555
2011-10-27 04:00:00,6.009647739989667
2011-10-27 05:00:00,20.594386269960513
2011-10-27 06:00:00,83.45609330379901
2011-10-27 07:00:00,272.74267303268084
2011-10-27 08:00:00,318.9242273123797
2011-10-27 09:00:00,230.10924104687896
2011-10-27 10:00:00,79.74429776148354
2011-10-27 11:00:00,90.65640648770685
2011-10-27 12:00:00,106.2991071894205
2011-10-27 13:00:00,144.92158470706642
2011-10-27 14:00:00,136.25589074902857
2011-10-27 15:00:00,147.25757296932971
2011-10-27 16:00:00,263.73747972777767
2011-10-27 17:00:00,364.3306991221531
2011-10-27 18:00:00,366.27754267172844
2011-10-27 19:00:00,233.69521335983848
2011-10-27 20:00:00,187.88003784868346
2011-10-27 21:00:00,134.5311505465999
2011-10-27 22:00:00,98.73186868559188
2011-10-27 23:00:00,69.27449779118486
2011-10-28 00:00:00,33.68471077307199
2011-10-28 01:00:00,17.723941205755672
2011-10-28 02:00:00,8.67963414065879
2011-10-28 03:00:00,4.913183309378586
2011-10-28 04:00:00,5.269865298431903
2011-10-28 05:00:00,18.974641825087062
2011-10-28 06:00:00,79.10606129948587
2011-10-28 07:00:00,226.13206563304888
2011-10-28 08:00:00,418.4043599686721
2011-10-28 09:00:00,227.738336053914
2011-10-28 10:00:00,134.5375311951362
2011-10-28 11:00:00,149.71356712234174
2011-10-28 12:00:00,197.56564351513242
2011-10-28 13:00:00,179.2853623246077
2011-10-28 14:00:00,148.32779083242252
2011-10-28 15:00:00,166.67811188033454
2011-10-28 16:00:00,240.5525925915737
2011-10-28 17:00:00,408.38868064886987
2011-10-28 18:00:00,334.18958514683266
2011-10-28 19:00:00,227.18839657543236
2011-10-28 20:00:00,116.47407806522982
2011-10-28 21:00:00,83.94384857343552
2011-10-28 22:00:00,67.6731629004416
2011-10-28 23:00:00,48.91648153142236
2011-10-29 00:00:00,37.979315231166815
2011-10-29 01:00:00,36.088129854010745
2011-10-29 02:00:00,28.28718113547443
2011-10-29 03:00:00,12.199202330894337
2011-10-29 04:00:00,4.399133456640153
2011-10-29 05:00:00,4.336368004724022
2011-10-29 06:00:00,8.11951779242965
2011-10-29 07:00:00,20.277464161915713
2011-10-29 08:00:00,48.789489571484715
2011-10-29 09:00:00,70.63230943511947
2011-10-29 10:00:00,101.25000177341687
2011-10-29 11:00:00,115.73584236724855
2011-10-29 12:00:00,115.4318246672526
2011-10-29 13:00:00,103.61110417818318
2011-10-29 14:00:00,110.99046988410603
2011-10-29 15:00:00,133.88862090068938
2011-10-29 16:00:00,117.14984879529554
2011-10-29 17:00:00,102.64680676205523
2011-10-29 18:00:00,92.31273481203085
2011-10-29 19:00:00,110.03558692909044
2011-10-29 20:00:00,83.82710810212238
2011-10-29 21:00:00,71.74196032650175
2011-10-29 22:00:00,65.36164214994315
2011-10-29 23:00:00,60.150227086396114
2011-10-30 00:00:00,46.67545141560451
2011-10-30 01:00:00,42.340970534160384
2011-10-30 02:00:00,30.645273503460498
2011-10-30 03:00:00,14.67195912861272
2011-10-30 04:00:00,5.002585263846995
2011-10-30 05:00:00,5.48677956799125
2011-10-30 06:00:00,9.517523972337896
2011-10-30 07:00:00,24.70944901610225
2011-10-30 08:00:00,57.77236148750403
2011-10-30 09:00:00,112.69488818612493
2011-10-30 10:00:00,185.6062765381519
2011-10-30 11:00:00,232.3142568606073
2011-10-30 12:00:00,288.56331015632816
2011-10-30 13:00:00,279.7174415450354
2011-10-30 14:00:00,288.259680467598
2011-10-30 15:00:00,296.37228000666175
2011-10-30 16:00:00,306.62280163033967
2011-10-30 17:00:00,263.1899303859593
2011-10-30 18:00:00,201.3597143979705
2011-10-30 19:00:00,235.37028048136898
2011-10-30 20:00:00,120.12220227761901
2011-10-30 21:00:00,89.09084072096145
2011-10-30 22:00:00,76.16506298937074
2011-10-30 23:00:00,40.37325021529816
2011-10-31 00:00:00,21.485753453586366
2011-10-31 01:00:00,8.799898026223168
2011-10-31 02:00:00,4.519858688709598
2011-10-31 03:00:00,3.946356724016668
2011-10-31 04:00:00,4.858067913090098
2011-10-31 05:00:00,14.280413005964764
2011-10-31 06:00:00,75.01768277572732
2011-10-31 07:00:00,190.0332889780619
2011-10-31 08:00:00,378.62483118314253
2011-10-31 09:00:00,195.988378086695
2011-10-31 10:00:00,109.76208714176673
2011-10-31 11:00:00,130.49031545811982
2011-10-31 12:00:00,167.1043506072029
2011-10-31 13:00:00,146.78624864393967
2011-10-31 14:00:00,130.88770080267759
2011-10-31 15:00:00,152.33178540631852
2011-10-31 16:00:00,225.91084390573937
2011-10-31 17:00:00,470.45012670504195
2011-10-31 18:00:00,414.4589764845063
2011-10-31 19:00:00,292.32337678179005
2011-10-31 20:00:00,198.5007450913959
2011-10-31 21:00:00,117.93298574248931
2011-10-31 22:00:00,83.10201709045957
2011-10-31 23:00:00,47.41684290471823
2011-11-20 00:00:00,75.64797234168762
2011-11-20 01:00:00,65.93128487954995
2011-11-20 02:00:00,49.83577790419785
2011-11-20 03:00:00,20.067270267071596
2011-11-20 04:00:00,6.738264101731799
2011-11-20 05:00:00,7.178474884944152
2011-11-20 06:00:00,12.600638120588545
2011-11-20 07:00:00,34.388015691679364
2011-11-20 08:00:00,70.67755530067721
2011-11-20 09:00:00,151.90895262515
2011-11-20 10:00:00,205.19629745523304
2011-11-20 11:00:00,292.14017544504605
2011-11-20 12:00:00,345.9204511387197
2011-11-20 13:00:00,381.29950104045827
2011-11-20 14:00:00,365.69667972470563
2011-11-20 15:00:00,342.73877991035886
2011-11-20 16:00:00,349.50590038106725
2011-11-20 17:00:00,311.99783854716986
2011-11-20 18:00:00,279.7619099137945
2011-11-20 19:00:00,190.83552418037456
2011-11-20 20:00:00,172.9300278888463
2011-11-20 21:00:00,115.27062207465777
2011-11-20 22:00:00,60.31936377101101
2011-11-20 23:00:00,41.09264944349013
2011-11-21 00:00:00,25.199348863705527
2011-11-21 01:00:00,7.753886615980578
2011-11-21 02:00:00,4.773252421345973
2011-11-21 03:00:00,3.296129352563379
2011-11-21 04:00:00,4.00192629684457
2011-11-21 05:00:00,14.661281929374413
2011-11-21 06:00:00,66.79414435886707
2011-11-21 07:00:00,234.49674704384296
2011-11-21 08:00:00,381.7283264921382
2011-11-21 09:00:00,188.94642014094728
2011-11-21 10:00:00,111.64813954005578
2011-11-21 11:00:00,124.909349294028
2011-11-21 12:00:00,159.6111500086636
2011-11-21 13:00:00,147.54038680052918
2011-11-21 14:00:00,123.86293503489972
2011-11-21 15:00:00,68.4661512191373
2011-11-21 16:00:00,106.26624100609499
2011-11-21 17:00:00,193.66977401881778
2011-11-21 18:00:00,237.8843288434949
2011-11-21 19:00:00,150.5376190692705
2011-11-21 20:00:00,114.36348650100207
2011-11-21 21:00:00,85.28956888061603
2011-11-21 22:00:00,60.99388375363641
2011-11-21 23:00:00,38.008061912518606
2011-11-22 00:00:00,15.238972328441562
2011-11-22 01:00:00,6.796123633509788
2011-11-22 02:00:00,3.9387567161363197
2011-11-22 03:00:00,2.9504729458735413
2011-11-22 04:00:00,4.232100911754413
2011-11-22 05:00:00,13.443909044688375
2011-11-22 06:00:00,80.23433733392984
2011-11-22 07:00:00,117.72645355591989
2011-11-22 08:00:00,230.337061750352
2011-11-22 09:00:00,116.29813675975662
2011-11-22 10:00:00,58.60657468452638
2011-11-22 11:00:00,61.80916332871497
2011-11-22 12:00:00,59.93616144892206
2011-11-22 13:00:00,57.260558732371784
2011-11-22 14:00:00,55.21180738512588
2011-11-22 15:00:00,68.59041605235417
2011-11-22 16:00:00,111.1792592171329
2011-11-22 17:00:00,202.79191933830606
2011-11-22 18:00:00,189.16116290770125
2011-11-22 19:00:00,168.86403044165587
2011-11-22 20:00:00,138.9975255178409
2011-11-22 21:00:00,101.94823427479204
2011-11-22 22:00:00,88.75384454343954
2011-11-22 23:00:00,54.6189730850823
2011-11-23 00:00:00,23.482374113077768
2011-11-23 01:00:00,8.703171197909569
2011-11-23 02:00:00,3.7582061056737217
2011-11-23 03:00:00,2.369921408763692
2011-11-23 04:00:00,3.8799195426864252
2011-11-23 05:00:00,19.083929450099376
2011-11-23 06:00:00,69.09170138780875
2011-11-23 07:00:00,210.2207786767735
2011-11-23 08:00:00,381.2037363142744
2011-11-23 09:00:00,183.30860460253155
2011-11-23 10:00:00,93.91322710871594
2011-11-23 11:00:00,115.79371359405592
2011-11-23 12:00:00,172.29254426948953
2011-11-23 13:00:00,140.09282317021868
2011-11-23 14:00:00,127.06060297214741
2011-11-23 15:00:00,133.79841516539037
2011-11-23 16:00:00,189.94843747994207
2011-11-23 17:00:00,188.08764675575534
2011-11-23 18:00:00,341.2905471293286
2011-11-23 19:00:00,261.06611292884645
2011-11-23 20:00:00,187.22255330569766
2011-11-23 21:00:00,131.57578026811376
2011-11-23 22:00:00,95.88544478343793
2011-11-23 23:00:00,60.08447543886007
2011-11-24 00:00:00,69.498278276906035
2011-11-24 01:00:00,32.4179687929132
2011-11-24 02:00:00,22.972004384664757
2011-11-24 03:00:00,10.855623532160163
2011-11-24 04:00:00,7.413489039141283
2011-11-24 05:00:00,7.852394320499673
2011-11-24 06:00:00,25.35409331355
2011-11-24 07:00:00,52.01699424177996
2011-11-24 08:00:00,121.37807599306485
2011-11-24 09:00:00,148.48817468033192
2011-11-24 10:00:00,200.55533042433493
2011-11-24 11:00:00,251.02110685884907
2011-11-24 12:00:00,334.05149968703796
2011-11-24 13:00:00,320.9714163444788
2011-11-24 14:00:00,304.36402636555255
2011-11-24 15:00:00,304.13253495642124
2011-11-24 16:00:00,320.3285304730742
2011-11-24 17:00:00,315.7901287798904
2011-11-24 18:00:00,236.2680582015339
2011-11-24 19:00:00,191.64735068156122
2011-11-24 20:00:00,135.19249479188437
2011-11-24 21:00:00,109.88798661603853
2011-11-24 22:00:00,98.71592862741977
2011-11-24 23:00:00,58.459268906064345
2011-11-25 00:00:00,34.839436755089615
2011-11-25 01:00:00,20.118144801950514
2011-11-25 02:00:00,9.550655865649183
2011-11-25 03:00:00,5.401118003717711
2011-11-25 04:00:00,5.899381554649443
2011-11-25 05:00:00,22.73149932350319
2011-11-25 06:00:00,75.9085421374832
2011-11-25 07:00:00,212.28644110053725
2011-11-25 08:00:00,417.70515623334563
2011-11-25 09:00:00,239.14468495104688
2011-11-25 10:00:00,143.74697516739747
2011-11-25 11:00:00,158.70968080689238
2011-11-25 12:00:00,234.8538371221813
2011-11-25 13:00:00,220.7269698864137
2011-11-25 14:00:00,196.1506094296186
2011-11-25 15:00:00,221.66592048632492
2011-11-25 16:00:00,296.96855329094103
2011-11-25 17:00:00,513.8005148237133
2011-11-25 18:00:00,424.9118550199691
2011-11-25 19:00:00,240.56363636342854
2011-11-25 20:00:00,181.17274514422215
2011-11-25 21:00:00,135.74630594337646
2011-11-25 22:00:00,120.42479011595205
2011-11-25 23:00:00,89.3946871908237
2011-11-26 00:00:00,76.84990822354852
2011-11-26 01:00:00,64.70421559459842
2011-11-26 02:00:00,45.88049629870174
2011-11-26 03:00:00,21.48085679420143
2011-11-26 04:00:00,7.619342216276607
2011-11-26 05:00:00,7.690799209217918
2011-11-26 06:00:00,14.658014458698291
2011-11-26 07:00:00,32.07139327211084
2011-11-26 08:00:00,97.69348684828925
2011-11-26 09:00:00,150.1648520371449
2011-11-26 10:00:00,209.92804400408897
2011-11-26 11:00:00,291.5175863627195
2011-11-26 12:00:00,344.6066519726645
2011-11-26 13:00:00,386.1986397129152
2011-11-26 14:00:00,356.00472339430024
2011-11-26 15:00:00,361.9755373664731
2011-11-26 16:00:00,326.37296699331887
2011-11-26 17:00:00,297.1649355891444
2011-11-26 18:00:00,222.36391915522725
2011-11-26 19:00:00,176.34140920607928
2011-11-26 20:00:00,142.7865978218432
2011-11-26 21:00:00,101.81889429109637
2011-11-26 22:00:00,95.86006668506151
2011-11-26 23:00:00,88.77133969763895
2011-11-27 00:00:00,71.14711254483157
2011-11-27 01:00:00,63.467071155314194
2011-11-27 02:00:00,47.23087706480332
2011-11-27 03:00:00,23.412307083820167
2011-11-27 04:00:00,7.370583101488242
2011-11-27 05:00:00,6.860237101767425
2011-11-27 06:00:00,12.610535479947265
2011-11-27 07:00:00,30.14184975125328
2011-11-27 08:00:00,66.95824647317423
2011-11-27 09:00:00,148.11072262001244
2011-11-27 10:00:00,217.66529199481363
2011-11-27 11:00:00,279.1649785200989
2011-11-27 12:00:00,404.6196716613632
2011-11-27 13:00:00,412.8937130222465
2011-11-27 14:00:00,403.39149754681426
2011-11-27 15:00:00,433.920588279689
2011-11-27 16:00:00,369.72999752932344
2011-11-27 17:00:00,361.13617286807516
2011-11-27 18:00:00,250.98419843769497
2011-11-27 19:00:00,186.204288631446
2011-11-27 20:00:00,150.72087100618307
2011-11-27 21:00:00,118.04372241484664
2011-11-27 22:00:00,100.75465560412276
2011-11-27 23:00:00,66.48157416997533
2011-11-28 00:00:00,30.543986277595657
2011-11-28 01:00:00,11.234882602069183
2011-11-28 03:00:00,4.493497033444932
2011-11-28 04:00:00,5.882533931295814
2011-11-28 05:00:00,21.678499626762523
2011-11-28 06:00:00,100.7110780816636
2011-11-28 07:00:00,267.57304484731446
2011-11-28 08:00:00,361.55573244163094
2011-11-28 09:00:00,186.81291825043368
2011-11-28 10:00:00,118.4834776489455
2011-11-28 11:00:00,141.46379322607626
2011-11-28 12:00:00,200.15188888775765
2011-11-28 13:00:00,176.6217047595739
2011-11-28 14:00:00,177.8347910842965
2011-11-28 15:00:00,191.6473918308293
2011-11-28 16:00:00,273.9044826612001
2011-11-28 17:00:00,533.4110150295649
2011-11-28 18:00:00,506.3292878271348
2011-11-28 19:00:00,355.1450948837974
2011-11-28 20:00:00,230.46998570791922
2011-11-28 21:00:00,157.5593009791988
2011-11-28 22:00:00,105.30508864928397
2011-11-28 23:00:00,61.36096964840425
2011-11-29 00:00:00,33.19127066720094
2011-11-29 01:00:00,12.666146188046888
2011-11-29 02:00:00,5.051942518931353
2011-11-29 03:00:00,3.9417140733885727
2011-11-29 04:00:00,5.513601619626599
2011-11-29 05:00:00,20.295304894952906
2011-11-29 06:00:00,94.53602143780084
2011-11-29 07:00:00,305.5575479625706
2011-11-29 08:00:00,415.39182155221147
2011-11-29 09:00:00,172.5210030824249
2011-11-29 10:00:00,95.03056216182117
2011-11-29 11:00:00,68.48100630099793
2011-11-29 12:00:00,73.62446391387014
2011-11-29 13:00:00,80.5604357716758
2011-11-29 14:00:00,59.17609330144174
2011-11-29 15:00:00,65.12983692793146
2011-11-29 16:00:00,109.68391375267821
2011-11-29 17:00:00,298.4958792374589
2011-11-29 18:00:00,293.7860519631005
2011-11-29 19:00:00,201.58494966786643
2011-11-29 20:00:00,154.02157326231426
2011-11-29 21:00:00,113.65957506722852
2011-11-29 22:00:00,87.0684402503075
2011-11-29 23:00:00,52.46289999638837
2011-11-30 00:00:00,27.244810873217304
2011-11-30 01:00:00,10.014282366775412
2011-11-30 02:00:00,5.449739895331247
2011-11-30 03:00:00,4.36532893820746
2011-11-30 04:00:00,4.816696032318195
2011-11-30 05:00:00,20.580035230283556
2011-11-30 06:00:00,82.77943594227501
2011-11-30 07:00:00,231.82944980661705
2011-11-30 08:00:00,429.60249817876377
2011-11-30 09:00:00,186.01362109437966
2011-11-30 10:00:00,107.90505843166676
2011-11-30 11:00:00,123.24573026697816
2011-11-30 12:00:00,149.8394644253873
2011-11-30 13:00:00,140.1391070913887
2011-11-30 14:00:00,125.5824897104303
2011-11-30 15:00:00,136.93068710009902
2011-11-30 16:00:00,194.25464405345892
2011-11-30 17:00:00,386.69213744900856
2011-11-30 18:00:00,372.6877639109952
2011-11-30 19:00:00,223.7034069395253
2011-11-30 20:00:00,163.64550123213837
2011-11-30 21:00:00,121.42033766160684
2011-11-30 22:00:00,90.09056406610439
2011-11-30 23:00:00,55.78753908380933
2011-12-20 00:00:00,29.54034816299361
2011-12-20 01:00:00,10.644307019738939
2011-12-20 02:00:00,4.929815456625978
2011-12-20 03:00:00,3.797678448035576
2011-12-20 04:00:00,5.74107747477028
2011-12-20 05:00:00,19.951825092233356
2011-12-20 06:00:00,99.06858354013622
2011-12-20 07:00:00,265.17582729094147
2011-12-20 08:00:00,478.748594931348
2011-12-20 09:00:00,210.66438465450847
2011-12-20 10:00:00,112.38666342269654
2011-12-20 11:00:00,121.78051265705524
2011-12-20 12:00:00,159.09767972203468
2011-12-20 13:00:00,152.90724693719224
2011-12-20 14:00:00,138.4297719541235
2011-12-20 15:00:00,145.56749242785423
2011-12-20 16:00:00,228.76880365288486
2011-12-20 17:00:00,463.85607904074715
2011-12-20 18:00:00,387.8803031123959
2011-12-20 19:00:00,267.5727691132286
2011-12-20 20:00:00,190.62592961411778
2011-12-20 21:00:00,138.98353382477137
2011-12-20 22:00:00,98.5968023022952
2011-12-20 23:00:00,61.65782858313904
2011-12-21 00:00:00,14.696489529136008
2011-12-21 01:00:00,6.430923402063863
2011-12-21 02:00:00,3.475816797535651
2011-12-21 03:00:00,2.644495267592464
2011-12-21 04:00:00,2.373797975409871
2011-12-21 05:00:00,9.02623291611359
2011-12-21 06:00:00,41.31883762393865
2011-12-21 07:00:00,118.67373088164959
2011-12-21 08:00:00,102.20240664935999
2011-12-21 09:00:00,119.88639818123477
2011-12-21 10:00:00,59.366754779654954
2011-12-21 11:00:00,63.05694192045311
2011-12-21 12:00:00,32.09240026491622
2011-12-21 13:00:00,22.34464187999639
2011-12-21 14:00:00,63.8631978363734
2011-12-21 15:00:00,70.21555642847882
2011-12-21 16:00:00,30.34873782503896
2011-12-21 17:00:00,61.557547851491236
2011-12-21 18:00:00,120.12546131567551
2011-12-21 19:00:00,118.7915376205506
2011-12-21 20:00:00,83.62934054030197
2011-12-21 21:00:00,81.90983176560263
2011-12-21 22:00:00,68.97235651617228
2011-12-21 23:00:00,41.335180670133205
2011-12-22 00:00:00,20.04914654182103
2011-12-22 01:00:00,6.607676731055317
2011-12-22 02:00:00,5.4986862546450865
2011-12-22 03:00:00,2.94305872357441
2011-12-22 04:00:00,2.6815692870045478
2011-12-22 05:00:00,10.030258852188414
2011-12-22 06:00:00,50.51263436221659
2011-12-22 07:00:00,121.74287153007144
2011-12-22 08:00:00,253.00860487964766
2011-12-22 09:00:00,140.23529258068623
2011-12-22 10:00:00,55.1063997903443
2011-12-22 11:00:00,68.77458904631943
2011-12-22 12:00:00,111.78083661340231
2011-12-22 13:00:00,102.07666437738172
2011-12-22 14:00:00,92.71278036332288
2011-12-22 15:00:00,101.31406301649216
2011-12-22 16:00:00,140.8961792586928
2011-12-22 17:00:00,233.35689914556673
2011-12-22 18:00:00,235.91678049822352
2011-12-22 19:00:00,163.1935029527738
2011-12-22 20:00:00,73.80295399414415
2011-12-22 21:00:00,55.2222547816913
2011-12-22 22:00:00,26.79112718929499
2011-12-22 23:00:00,21.74997821019482
2011-12-23 00:00:00,9.039002932865042
2011-12-23 01:00:00,6.598744772400739
2011-12-23 02:00:00,4.177398581512875
2011-12-23 03:00:00,2.112543059569899
2011-12-23 04:00:00,1.5797929165467273
2011-12-23 05:00:00,8.447631163218738
2011-12-23 06:00:00,41.347048819875795
2011-12-23 07:00:00,123.97068414769019
2011-12-23 08:00:00,268.82878901477716
2011-12-23 09:00:00,162.03317664655904
2011-12-23 10:00:00,76.24093388122299
2011-12-23 11:00:00,79.90348754127507
2011-12-23 12:00:00,96.12895552455745
2011-12-23 13:00:00,96.39539097551707
2011-12-23 14:00:00,85.9058538537135
2011-12-23 15:00:00,93.6705203814488
2011-12-23 16:00:00,124.08748292156483
2011-12-23 17:00:00,216.51613125109955
2011-12-23 18:00:00,178.25628966770782
2011-12-23 19:00:00,123.5665404380093
2011-12-23 20:00:00,75.68305945122383
2011-12-23 21:00:00,64.18061567957612
2011-12-23 22:00:00,55.1917739653568
2011-12-23 23:00:00,43.69584081762258
2011-12-24 00:00:00,31.96081312247966
2011-12-24 01:00:00,26.798091518450175
2011-12-24 02:00:00,20.661161673902516
2011-12-24 03:00:00,9.491960269849981
2011-12-24 04:00:00,3.748635700818114
2011-12-24 05:00:00,3.1100449383066087
2011-12-24 06:00:00,5.694672259496365
2011-12-24 07:00:00,13.665393413922041
2011-12-24 08:00:00,40.95261001387993
2011-12-24 09:00:00,57.10731322595848
2011-12-24 10:00:00,83.25826624148633
2011-12-24 11:00:00,103.43718173177281
2011-12-24 12:00:00,139.79651287785614
2011-12-24 13:00:00,140.08158540653648
2011-12-24 14:00:00,134.80605871237452
2011-12-24 15:00:00,123.17388380866927
2011-12-24 16:00:00,115.55139057048703
2011-12-24 17:00:00,99.50989390001496
2011-12-24 18:00:00,92.9849123205752
2011-12-24 19:00:00,75.04356532530899
2011-12-24 20:00:00,48.35294032567971
2011-12-24 21:00:00,42.1166676594779
2011-12-24 22:00:00,36.13191029809531
2011-12-24 23:00:00,31.61619565768794
2011-12-25 00:00:00,25.33989300817577
2011-12-25 01:00:00,21.619943459679693
2011-12-25 02:00:00,17.465486369467563
2011-12-25 03:00:00,8.363592982869466
2011-12-25 05:00:00,2.6268750087280157
2011-12-25 06:00:00,3.6020767684195527
2011-12-25 07:00:00,10.006326962365225
2011-12-25 08:00:00,24.84531757748801
2011-12-25 09:00:00,47.45911666376923
2011-12-25 10:00:00,72.1984870507963
2011-12-25 11:00:00,101.45602203358959
2011-12-25 12:00:00,100.79081937648884
2011-12-25 13:00:00,108.0104896669525
2011-12-25 14:00:00,122.85013326726887
2011-12-25 15:00:00,120.68192227612556
2011-12-25 16:00:00,131.50968255078152
2011-12-25 17:00:00,113.56578759480561
2011-12-25 18:00:00,78.32899285825503
2011-12-25 19:00:00,69.34074532752622
2011-12-25 20:00:00,52.448214105745514
2011-12-25 21:00:00,44.609026802508765
2011-12-25 22:00:00,35.32309058358655
2011-12-25 23:00:00,18.366288514884012
2011-12-26 00:00:00,21.31164334053029
2011-12-26 01:00:00,12.672467844066205
2011-12-26 02:00:00,10.591331816005098
2011-12-26 04:00:00,3.2749815984452217
2011-12-26 05:00:00,2.8706109973968967
2011-12-26 06:00:00,7.232637251912513
2011-12-26 07:00:00,18.68930974523282
2011-12-26 08:00:00,46.633572831504154
2011-12-26 09:00:00,54.40017544850649
2011-12-26 10:00:00,67.06626431924873
2011-12-26 11:00:00,74.89037588733187
2011-12-26 12:00:00,104.70379511058209
2011-12-26 13:00:00,108.01168155799579
2011-12-26 14:00:00,105.75532680661308
2011-12-26 15:00:00,109.20602805436417
2011-12-26 16:00:00,105.59564277274436
2011-12-26 17:00:00,98.35871269121637
2011-12-26 18:00:00,83.54704659244469
2011-12-26 19:00:00,67.07631792229814
2011-12-26 20:00:00,49.76094660919358
2011-12-26 21:00:00,31.984317166982787
2011-12-26 22:00:00,26.27475870446926
2011-12-26 23:00:00,15.387975128938344
2011-12-27 00:00:00,11.97764144214295
2011-12-27 01:00:00,4.688915047034104
2011-12-27 02:00:00,2.7717149519628568
2011-12-27 03:00:00,2.311163412519983
2011-12-27 04:00:00,2.373279904278893
2011-12-27 05:00:00,7.591065909993946
2011-12-27 06:00:00,40.6878975520404
2011-12-27 07:00:00,114.21460711596
2011-12-27 08:00:00,236.9475070943392
2011-12-27 09:00:00,79.04871345090875
2011-12-27 10:00:00,51.93720025754063
2011-12-27 11:00:00,33.77556855884479
2011-12-27 12:00:00,35.76298301128938
2011-12-27 13:00:00,29.646003502073498
2011-12-27 14:00:00,30.22599690944096
2011-12-27 15:00:00,33.3668099597317
2011-12-27 16:00:00,47.95634407539882
2011-12-27 17:00:00,103.49423343609806
2011-12-27 18:00:00,160.839440885643
2011-12-27 19:00:00,127.43816703581754
2011-12-27 20:00:00,78.11267997494895
2011-12-27 21:00:00,66.09997055068396
2011-12-27 22:00:00,47.07550226632424
2011-12-27 23:00:00,25.7634058687687
2011-12-28 00:00:00,13.023464202139388
2011-12-28 01:00:00,6.154412883485477
2011-12-28 02:00:00,3.2315392181550067
2011-12-28 03:00:00,2.6099182518586517
2011-12-28 05:00:00,8.134787130334065
2011-12-28 06:00:00,43.97334370125032
2011-12-28 07:00:00,127.76978329272436
2011-12-28 08:00:00,247.22628174257991
2011-12-28 09:00:00,132.15882139664768
2011-12-28 10:00:00,59.83501520911139
2011-12-28 11:00:00,61.58318078165455
2011-12-28 12:00:00,72.34081607215472
2011-12-28 13:00:00,73.91327670900792
2011-12-28 14:00:00,60.6148304243071
2011-12-28 15:00:00,66.58571795767193
2011-12-28 16:00:00,91.07468533124812
2011-12-28 17:00:00,194.1456023938106
2011-12-28 18:00:00,172.12296458333816
2011-12-28 19:00:00,117.40315504412807
2011-12-28 20:00:00,83.63985222265845
2011-12-28 21:00:00,59.432586507115
2011-12-28 22:00:00,44.57111561542838
2011-12-28 23:00:00,23.002297768934792
2011-12-29 00:00:00,10.674799366154412
2011-12-29 01:00:00,4.738731529479451
2011-12-29 02:00:00,3.4242753936826364
2011-12-29 03:00:00,2.278276958953996
2011-12-29 04:00:00,2.3096251861760173
2011-12-29 05:00:00,7.682140042902568
2011-12-29 06:00:00,38.49131593534894
2011-12-29 07:00:00,113.76715007830182
2011-12-29 08:00:00,221.8504546124037
2011-12-29 09:00:00,117.19176730348795
2011-12-29 10:00:00,48.70244227541383
2011-12-29 11:00:00,53.02812398942542
2011-12-29 12:00:00,65.43059920563984
2011-12-29 13:00:00,73.71923097636841
2011-12-29 14:00:00,61.93234492177456
2011-12-29 15:00:00,66.87853244934213
2011-12-29 16:00:00,103.61107008048712
2011-12-29 17:00:00,206.4716187948508
2011-12-29 18:00:00,194.4482384297653
2011-12-29 19:00:00,135.4003288096477
2011-12-29 20:00:00,93.85541335430328
2011-12-29 21:00:00,69.73159403733447
2011-12-29 22:00:00,53.47279361909077
2011-12-29 23:00:00,34.77364555040827
2011-12-30 00:00:00,17.003504062009426
2011-12-30 01:00:00,8.684897208005061
2011-12-30 02:00:00,4.868818876420392
2011-12-30 03:00:00,2.9139888643058707
2011-12-30 04:00:00,2.43219003006763
2011-12-30 05:00:00,8.389781859506764
2011-12-30 06:00:00,36.68916168203201
2011-12-30 07:00:00,112.05252769543694
2011-12-30 08:00:00,226.43268346383957
2011-12-30 09:00:00,135.00421861581356
2011-12-30 10:00:00,66.1667402694218
2011-12-30 11:00:00,69.64701524132892
2011-12-30 12:00:00,95.48243440255168
2011-12-30 13:00:00,98.01686297661831
2011-12-30 14:00:00,89.20469607290288
2011-12-30 15:00:00,111.6134125880715
2011-12-30 16:00:00,145.16456935341392
2011-12-30 17:00:00,234.31587672652466
2011-12-30 18:00:00,193.3744039515682
2011-12-30 19:00:00,112.23310327823603
2011-12-30 20:00:00,80.20980686106623
2011-12-30 21:00:00,66.12569649528776
2011-12-30 22:00:00,59.98023871488868
2011-12-30 23:00:00,42.30064300877984
2011-12-31 00:00:00,35.33626738963276
2011-12-31 01:00:00,27.80199435899295
2011-12-31 02:00:00,23.063989960075773
2011-12-31 03:00:00,10.409112872325924
2011-12-31 04:00:00,4.128035379267455
2011-12-31 05:00:00,3.1974495556872347
2011-12-31 06:00:00,7.328323407816331
2011-12-31 07:00:00,11.371709243515989
2011-12-31 08:00:00,46.028989743041336
2011-12-31 09:00:00,73.0118771793071
2011-12-31 10:00:00,110.15670038420629
2011-12-31 11:00:00,153.32431973986434
2011-12-31 12:00:00,249.46543643344017
2011-12-31 13:00:00,207.35034904643788
2011-12-31 14:00:00,190.999157812622
2011-12-31 15:00:00,174.56844623415327
2011-12-31 16:00:00,152.79298441968854
2011-12-31 17:00:00,137.6666813388971
2011-12-31 18:00:00,126.12711441554626
2011-12-31 19:00:00,99.72001294873628
2011-12-31 20:00:00,75.08391470901864
2011-12-31 21:00:00,59.649623450137796
2011-12-31 22:00:00,54.31296721909168
2011-12-31 23:00:00,42.996301462361906
2012-01-20 00:00:00,27.323692614255673
2012-01-20 01:00:00,15.757808027810261
2012-01-20 02:00:00,7.291897607756756
2012-01-20 03:00:00,4.524598338357796
2012-01-20 04:00:00,3.689682684168292
2012-01-20 05:00:00,18.280373332134072
2012-01-20 06:00:00,71.19110396667739
2012-01-20 07:00:00,203.3890455132023
2012-01-20 08:00:00,441.28783340177966
2012-01-20 09:00:00,235.96696573751157
2012-01-20 10:00:00,105.74219399268198
2012-01-20 11:00:00,100.24261522049206
2012-01-20 12:00:00,119.4208406610946
2012-01-20 13:00:00,143.63566249136045
2012-01-20 14:00:00,109.58446490626221
2012-01-20 15:00:00,133.24891330662675
2012-01-20 16:00:00,175.87740151516704
2012-01-20 17:00:00,318.85760079263673
2012-01-20 18:00:00,264.51649823106965
2012-01-20 19:00:00,179.50675261583487
2012-01-20 20:00:00,122.89008594418904
2012-01-20 21:00:00,97.14943083230509
2012-01-20 22:00:00,76.34605966110358
2012-01-20 23:00:00,52.38710527380396
2012-01-21 00:00:00,44.47677783699829
2012-01-21 01:00:00,36.285775415372676
2012-01-21 02:00:00,26.99534084371114
2012-01-21 03:00:00,11.577442979859345
2012-01-21 04:00:00,4.797666102632927
2012-01-21 05:00:00,4.189611287129334
2012-01-21 06:00:00,6.242332667386727
2012-01-21 07:00:00,18.07850490911096
2012-01-21 08:00:00,57.451517183390095
2012-01-21 09:00:00,79.0713599600843
2012-01-21 10:00:00,91.4814330683769
2012-01-21 11:00:00,162.20826669546867
2012-01-21 12:00:00,183.68277509841647
2012-01-21 13:00:00,168.7546031929557
2012-01-21 14:00:00,145.6200814518876
2012-01-21 15:00:00,146.94010180590163
2012-01-21 16:00:00,141.83063763630295
2012-01-21 17:00:00,115.62583252821993
2012-01-21 18:00:00,107.3408358466311
2012-01-21 19:00:00,95.35743660501558
2012-01-21 20:00:00,71.76217391912449
2012-01-21 21:00:00,66.6259112953766
2012-01-21 22:00:00,53.825519432987576
2012-01-21 23:00:00,51.574463297088855
2012-01-22 00:00:00,40.535699116855255
2012-01-22 01:00:00,33.11420011836126
2012-01-22 02:00:00,26.44262185261029
2012-01-22 03:00:00,12.656804733360149
2012-01-22 04:00:00,4.3018312588674386
2012-01-22 05:00:00,4.343274656869479
2012-01-22 06:00:00,5.897767953083354
2012-01-22 07:00:00,16.896937495925872
2012-01-22 08:00:00,43.62818259445808
2012-01-22 09:00:00,77.6280262066115
2012-01-22 10:00:00,105.05346637100294
2012-01-22 11:00:00,120.79444402168396
2012-01-22 12:00:00,152.11268668690062
2012-01-22 13:00:00,160.4428993987843
2012-01-22 14:00:00,153.91376362267656
2012-01-22 15:00:00,138.89475162520517
2012-01-22 16:00:00,144.69361591691907
2012-01-22 17:00:00,129.96100889678794
2012-01-22 18:00:00,89.0233696875988
2012-01-22 19:00:00,77.08796401275482
2012-01-22 20:00:00,59.25208850186493
2012-01-22 21:00:00,49.37437456084699
2012-01-22 22:00:00,43.96981281774646
2012-01-22 23:00:00,27.771739898026574
2012-01-23 00:00:00,17.683118402142714
2012-01-23 01:00:00,6.344783289375671
2012-01-23 02:00:00,3.459513441120991
2012-01-23 03:00:00,2.8615691885769454
2012-01-23 04:00:00,2.843357735619585
2012-01-23 05:00:00,13.596241805264274
2012-01-23 06:00:00,60.0748410693462
2012-01-23 07:00:00,109.7078715731863
2012-01-23 08:00:00,299.39333187336683
2012-01-23 09:00:00,196.2576246602514
2012-01-23 10:00:00,63.71240323419167
2012-01-23 11:00:00,72.0051246767035
2012-01-23 12:00:00,69.5944693233347
2012-01-23 13:00:00,49.95570995272919
2012-01-23 14:00:00,53.793332283514786
2012-01-23 15:00:00,65.5189879026375
2012-01-23 16:00:00,132.18620043121993
2012-01-23 17:00:00,264.37469065023316
2012-01-23 18:00:00,261.2175398487905
2012-01-23 19:00:00,182.41130105970944
2012-01-23 20:00:00,109.59441679370367
2012-01-23 21:00:00,72.69260766651986
2012-01-23 22:00:00,49.64935875050706
2012-01-23 23:00:00,31.59747086185781
2012-01-24 00:00:00,15.996458550593045
2012-01-24 01:00:00,6.362934560494084
2012-01-24 02:00:00,3.251147015497178
2012-01-24 03:00:00,3.0376179221848147
2012-01-24 04:00:00,2.8376509126850284
2012-01-24 05:00:00,13.448788809801211
2012-01-24 06:00:00,69.4428850634802
2012-01-24 07:00:00,211.83509298981284
2012-01-24 08:00:00,412.71888441157483
2012-01-24 09:00:00,230.11993001643785
2012-01-24 10:00:00,90.94662050139338
2012-01-24 11:00:00,104.2600872894889
2012-01-24 12:00:00,112.45664581879396
2012-01-24 13:00:00,121.5699370692457
2012-01-24 14:00:00,112.36209902692227
2012-01-24 15:00:00,135.95460781890796
2012-01-24 16:00:00,219.99746135058632
2012-01-24 17:00:00,477.00294840723143
2012-01-24 18:00:00,451.6608201159903
2012-01-24 19:00:00,333.7476203036389
2012-01-24 20:00:00,178.35272671450414
2012-01-24 21:00:00,149.02231304977695
2012-01-24 22:00:00,93.44231853768099
2012-01-24 23:00:00,54.971026995084415
2012-01-25 00:00:00,18.76188621582857
2012-01-25 01:00:00,9.994946509816375
2012-01-25 02:00:00,4.611266114465313
2012-01-25 03:00:00,3.427623765206265
2012-01-25 04:00:00,3.0930185628084974
2012-01-25 05:00:00,17.57745475713659
2012-01-25 06:00:00,81.87895201374114
2012-01-25 07:00:00,253.64652079627479
2012-01-25 08:00:00,493.16173927461057
2012-01-25 09:00:00,244.30678362884683
2012-01-25 10:00:00,91.59697157030686
2012-01-25 11:00:00,107.23005236041183
2012-01-25 12:00:00,153.15314071790038
2012-01-25 13:00:00,159.66090702852168
2012-01-25 14:00:00,137.01296307112403
2012-01-25 15:00:00,150.60225736216432
2012-01-25 16:00:00,207.76337604946792
2012-01-25 17:00:00,441.73182046625493
2012-01-25 18:00:00,384.71521859688914
2012-01-25 19:00:00,275.2987255558617
2012-01-25 20:00:00,177.6759192942169
2012-01-25 21:00:00,132.74589146883125
2012-01-25 22:00:00,98.92738360580915
2012-01-25 23:00:00,52.90464204571739
2012-01-26 00:00:00,25.336678481223885
2012-01-26 01:00:00,10.152276452747907
2012-01-26 02:00:00,5.3621593394388745
2012-01-26 03:00:00,3.608883090633374
2012-01-26 04:00:00,3.578213275156787
2012-01-26 05:00:00,19.922393602694875
2012-01-26 06:00:00,86.7606005963255
2012-01-26 07:00:00,259.24284379683155
2012-01-26 08:00:00,493.7780881201103
2012-01-26 09:00:00,253.8141234782731
2012-01-26 10:00:00,98.08152398722942
2012-01-26 11:00:00,108.44770797784955
2012-01-26 12:00:00,130.25312162119153
2012-01-26 13:00:00,140.41868615565073
2012-01-26 14:00:00,136.20807709270395
2012-01-26 15:00:00,156.44637394390026
2012-01-26 16:00:00,213.76410208383032
2012-01-26 17:00:00,435.5228471293838
2012-01-26 18:00:00,416.93747594635477
2012-01-26 19:00:00,264.95448602147917
2012-01-26 20:00:00,182.6929714695643
2012-01-26 21:00:00,141.9675319545299
2012-01-26 22:00:00,115.92295546170888
2012-01-26 23:00:00,68.1356955178792
2012-01-27 00:00:00,30.777892134317902
2012-01-27 01:00:00,15.998143348530434
2012-01-27 02:00:00,9.222722357754478
2012-01-27 03:00:00,4.119347817946489
2012-01-27 04:00:00,2.871733212572541
2012-01-27 05:00:00,18.86478347217224
2012-01-27 06:00:00,61.19502150117324
2012-01-27 07:00:00,180.35582340603463
2012-01-27 08:00:00,263.3327014706091
2012-01-27 09:00:00,140.07278406251598
2012-01-27 10:00:00,66.72619708117102
2012-01-27 11:00:00,155.26960357496932
2012-01-27 12:00:00,188.90447128440414
2012-01-27 13:00:00,248.10579552269297
2012-01-27 14:00:00,209.0645700785093
2012-01-27 15:00:00,240.80695651263102
2012-01-27 16:00:00,263.94960067672764
2012-01-27 17:00:00,447.5237404971332
2012-01-27 18:00:00,358.5671686817807
2012-01-27 19:00:00,239.31973755639527
2012-01-27 20:00:00,161.34748424550992
2012-01-27 21:00:00,117.7874359254898
2012-01-27 22:00:00,114.83414705786291
2012-01-27 23:00:00,77.8126955093482
2012-01-28 00:00:00,65.19702690646126
2012-01-28 01:00:00,59.20326618339442
2012-01-28 02:00:00,35.49678844408329
2012-01-28 03:00:00,16.22303941189615
2012-01-28 04:00:00,6.101127835644257
2012-01-28 05:00:00,5.591152944837988
2012-01-28 06:00:00,10.613274511746814
2012-01-28 07:00:00,26.791199831814072
2012-01-28 08:00:00,79.78033012410451
2012-01-28 09:00:00,103.47577986992438
2012-01-28 10:00:00,175.75952785429806
2012-01-28 11:00:00,237.1910155413969
2012-01-28 12:00:00,247.40197319576197
2012-01-28 13:00:00,277.5121256998589
2012-01-28 14:00:00,283.4446375226448
2012-01-28 15:00:00,287.9725189001168
2012-01-28 16:00:00,304.06361446656507
2012-01-28 17:00:00,267.32536564538026
2012-01-28 18:00:00,242.01880206330267
2012-01-28 19:00:00,177.4912691625612
2012-01-28 20:00:00,134.7919149301906
2012-01-28 21:00:00,110.3124365496855
2012-01-28 22:00:00,99.98006089676811
2012-01-28 23:00:00,78.2923509240222
2012-01-29 00:00:00,60.64398774103993
2012-01-29 01:00:00,45.827909294569274
2012-01-29 02:00:00,40.256281286548415
2012-01-29 03:00:00,16.811501014013555
2012-01-29 04:00:00,5.995746255917165
2012-01-29 05:00:00,4.655674932074933
2012-01-29 06:00:00,7.355489554737661
2012-01-29 07:00:00,20.91615819397423
2012-01-29 08:00:00,51.61181850172962
2012-01-29 09:00:00,91.65769074961354
2012-01-29 10:00:00,169.01846342760996
2012-01-29 11:00:00,197.5519142461617
2012-01-29 12:00:00,245.69735484065035
2012-01-29 13:00:00,241.04026992499416
2012-01-29 14:00:00,226.85205330314335
2012-01-29 15:00:00,249.1126013344085
2012-01-29 16:00:00,241.83198021730533
2012-01-29 17:00:00,215.20690440891528
2012-01-29 18:00:00,175.06943326157725
2012-01-29 19:00:00,133.9484994442256
2012-01-29 20:00:00,102.01346236788676
2012-01-29 21:00:00,85.18782624415147
2012-01-29 22:00:00,67.51081048783827
2012-01-29 23:00:00,42.921974914534054
2012-01-30 00:00:00,22.142401902364742
2012-01-30 01:00:00,6.847746171814967
2012-01-30 02:00:00,3.9908036937951863
2012-01-30 03:00:00,3.300343306010368
2012-01-30 04:00:00,3.489054072849604
2012-01-30 05:00:00,14.7682141570891
2012-01-30 06:00:00,66.23181344518092
2012-01-30 07:00:00,193.16885961827896
2012-01-30 08:00:00,377.85156480565666
2012-01-30 09:00:00,194.37886854619398
2012-01-30 10:00:00,80.70226135876881
2012-01-30 11:00:00,97.60700455607098
2012-01-30 12:00:00,118.77446168314974
2012-01-30 13:00:00,130.4499150294967
2012-01-30 14:00:00,118.42970859557138
2012-01-30 15:00:00,121.00363944632538
2012-01-30 16:00:00,193.058339196428
2012-01-30 17:00:00,406.46350354730487
2012-01-30 18:00:00,409.4762725520828
2012-01-30 19:00:00,269.5935944669805
2012-01-30 20:00:00,173.55597450487912
2012-01-30 21:00:00,129.6613141955312
2012-01-30 22:00:00,81.29241222968629
2012-01-30 23:00:00,39.82497581445962
2012-01-31 00:00:00,24.49515436673922
2012-01-31 01:00:00,7.557122161790932
2012-01-31 02:00:00,4.171799668595427
2012-01-31 03:00:00,3.632107329692696
2012-01-31 04:00:00,3.6761518541847336
2012-01-31 05:00:00,17.709468653431898
2012-01-31 06:00:00,90.82902078543574
2012-01-31 07:00:00,233.18552079824715
2012-01-31 08:00:00,467.29796416410545
2012-01-31 09:00:00,251.77629370908215
2012-01-31 10:00:00,100.2331028693873
2012-01-31 11:00:00,130.79331580613564
2012-01-31 12:00:00,153.3368922295784
2012-01-31 13:00:00,195.459809282902
2012-01-31 14:00:00,179.39990678446833
2012-01-31 15:00:00,205.12870567738895
2012-01-31 16:00:00,313.81770262606307
2012-01-31 17:00:00,627.5052957148595
2012-01-31 18:00:00,604.3282737255428
2012-01-31 19:00:00,374.4682162324324
2012-01-31 20:00:00,203.7491232477824
2012-01-31 21:00:00,194.16305714899596
2012-01-31 22:00:00,125.12624127552962
2012-01-31 23:00:00,73.77258687532725
2012-02-20 00:00:00,57.61469171790453
2012-02-20 01:00:00,27.597715846028194
2012-02-20 02:00:00,18.228426208087036
2012-02-20 03:00:00,9.541172979468008
2012-02-20 05:00:00,5.0427410001725566
2012-02-20 06:00:00,12.335383995375741
2012-02-20 07:00:00,33.66961601503441
2012-02-20 08:00:00,71.31439301379874
2012-02-20 09:00:00,76.0472638037269
2012-02-20 10:00:00,103.07132814613787
2012-02-20 11:00:00,147.85092734293988
2012-02-20 12:00:00,185.19037664231917
2012-02-20 13:00:00,187.15257393861594
2012-02-20 14:00:00,194.8401850667082
2012-02-20 15:00:00,203.00063237296416
2012-02-20 16:00:00,230.834855851107
2012-02-20 17:00:00,206.94270954302286
2012-02-20 18:00:00,176.34403243555954
2012-02-20 19:00:00,147.9530550332257
2012-02-20 20:00:00,105.73249952091035
2012-02-20 21:00:00,76.40791528924257
2012-02-20 22:00:00,64.37313192605656
2012-02-20 23:00:00,36.7934052084936
2012-02-21 00:00:00,21.13011398048483
2012-02-21 01:00:00,7.592359774408948
2012-02-21 02:00:00,3.541850006167917
2012-02-21 04:00:00,3.0253717594749054
2012-02-21 05:00:00,16.168309184026405
2012-02-21 06:00:00,70.68687373425449
2012-02-21 07:00:00,210.80096219807427
2012-02-21 08:00:00,455.06934540305616
2012-02-21 09:00:00,228.33957582728206
2012-02-21 10:00:00,101.47414625138533
2012-02-21 11:00:00,90.26358954965701
2012-02-21 12:00:00,125.43872992262354
2012-02-21 13:00:00,148.92915286004555
2012-02-21 14:00:00,111.17694908641118
2012-02-21 15:00:00,137.65343816388628
2012-02-21 16:00:00,205.05736556260345
2012-02-21 17:00:00,432.53348568812237
2012-02-21 18:00:00,420.5214498142923
2012-02-21 19:00:00,276.9135976110311
2012-02-21 20:00:00,185.60079015865097
2012-02-21 21:00:00,149.83291593435268
2012-02-21 22:00:00,94.21723670551712
2012-02-21 23:00:00,51.70696807531028
2012-02-22 00:00:00,24.653799875825992
2012-02-22 01:00:00,10.507976652347269
2012-02-22 02:00:00,4.568784723538611
2012-02-22 03:00:00,3.6319710721658116
2012-02-22 04:00:00,3.6785873424218014
2012-02-22 05:00:00,21.143432884446618
2012-02-22 06:00:00,92.47616622059394
2012-02-22 07:00:00,280.57722781310076
2012-02-22 08:00:00,528.7319648869156
2012-02-22 09:00:00,277.8255038268015
2012-02-22 10:00:00,117.89016058234866
2012-02-22 11:00:00,123.83299137598011
2012-02-22 12:00:00,161.60015138886018
2012-02-22 13:00:00,165.65653826074444
2012-02-22 14:00:00,145.67486512697545
2012-02-22 15:00:00,196.9857109208929
2012-02-22 16:00:00,289.81126032423697
2012-02-22 17:00:00,567.2980926899494
2012-02-22 18:00:00,509.14659788113033
2012-02-22 19:00:00,341.73991874978327
2012-02-22 20:00:00,215.00343604137618
2012-02-22 21:00:00,191.81639305052127
2012-02-22 22:00:00,118.40541410801916
2012-02-22 23:00:00,78.7438614540955
2012-02-23 00:00:00,32.24283468155366
2012-02-23 01:00:00,10.956814877297088
2012-02-23 02:00:00,6.551186272654229
2012-02-23 03:00:00,3.106717900669171
2012-02-23 04:00:00,3.6939550987026695
2012-02-23 05:00:00,23.894084093817014
2012-02-23 06:00:00,96.90956998831606
2012-02-23 07:00:00,282.5526013548554
2012-02-23 08:00:00,536.1047371013586
2012-02-23 09:00:00,266.27153489346017
2012-02-23 10:00:00,122.43433502155682
2012-02-23 11:00:00,170.84960767467607
2012-02-23 12:00:00,221.99544779018328
2012-02-23 13:00:00,225.61416690933314
2012-02-23 14:00:00,206.88185701968868
2012-02-23 15:00:00,232.69396005857618
2012-02-23 16:00:00,350.04878166496025
2012-02-23 17:00:00,662.8142781968634
2012-02-23 18:00:00,638.771027231339
2012-02-23 19:00:00,405.52404239446616
2012-02-23 20:00:00,269.3202800565416
2012-02-23 21:00:00,177.78847833405908
2012-02-23 22:00:00,133.54810401553922
2012-02-23 23:00:00,90.99812664756642
2012-02-24 00:00:00,41.10205442153825
2012-02-24 01:00:00,21.582393545089953
2012-02-24 02:00:00,7.646740954226874
2012-02-24 03:00:00,5.898001079054351
2012-02-24 04:00:00,4.198304258933172
2012-02-24 05:00:00,20.504067313136016
2012-02-24 06:00:00,79.3359284262603
2012-02-24 07:00:00,240.65188257400257
2012-02-24 08:00:00,436.73017441112097
2012-02-24 09:00:00,157.8615275037387
2012-02-24 10:00:00,71.98580494549579
2012-02-24 11:00:00,131.35326945926593
2012-02-24 12:00:00,172.62770475943202
2012-02-24 13:00:00,193.66883657415
2012-02-24 14:00:00,190.4843999090162
2012-02-24 15:00:00,76.9666791894866
2012-02-24 16:00:00,109.89512090963608
2012-02-24 17:00:00,205.5839876722268
2012-02-24 18:00:00,297.0992846143165
2012-02-24 19:00:00,241.04785272429427
2012-02-24 20:00:00,191.94148183521682
2012-02-24 21:00:00,138.79664843373308
2012-02-24 22:00:00,121.5710378053247
2012-02-24 23:00:00,85.53549221420579
2012-02-25 00:00:00,73.81592872730423
2012-02-25 01:00:00,55.571260146660265
2012-02-25 02:00:00,40.76023309230331
2012-02-25 03:00:00,18.008453634948864
2012-02-25 04:00:00,6.508868317554855
2012-02-25 05:00:00,5.217054152904993
2012-02-25 06:00:00,11.393373097720836
2012-02-25 07:00:00,32.85790037996098
2012-02-25 08:00:00,78.14986963478594
2012-02-25 09:00:00,73.72767496407472
2012-02-25 10:00:00,171.56622772078578
2012-02-25 11:00:00,194.49684832295088
2012-02-25 12:00:00,222.57897602980995
2012-02-25 13:00:00,252.14368735973153
2012-02-25 14:00:00,231.3176749481567
2012-02-25 15:00:00,236.96437010590105
2012-02-25 16:00:00,205.1181558869741
2012-02-25 17:00:00,198.90998364008135
2012-02-25 18:00:00,159.95016468115165
2012-02-25 19:00:00,124.54801821460809
2012-02-25 20:00:00,91.57232312769536
2012-02-25 21:00:00,83.47484357331776
2012-02-25 22:00:00,69.99824821887006
2012-02-25 23:00:00,62.90522205966997
2012-02-26 00:00:00,51.260907088069935
2012-02-26 01:00:00,40.38857735233239
2012-02-26 02:00:00,35.35991487152044
2012-02-26 03:00:00,17.116570211813197
2012-02-26 04:00:00,5.876180938198836
2012-02-26 05:00:00,4.5391107691683406
2012-02-26 06:00:00,6.370023686556316
2012-02-26 07:00:00,18.162100664661757
2012-02-26 08:00:00,47.9280843414492
2012-02-26 09:00:00,88.80663734587694
2012-02-26 10:00:00,160.66855635248862
2012-02-26 11:00:00,196.56011271353663
2012-02-26 12:00:00,249.77279728883306
2012-02-26 13:00:00,255.45355968483312
2012-02-26 14:00:00,261.5940801778375
2012-02-26 15:00:00,260.01081226466226
2012-02-26 16:00:00,254.6913072007879
2012-02-26 17:00:00,223.42342190637632
2012-02-26 18:00:00,182.76844245486785
2012-02-26 19:00:00,155.296447392993
2012-02-26 20:00:00,110.58896046101218
2012-02-26 21:00:00,91.88689831148488
2012-02-26 22:00:00,70.15996576125828
2012-02-26 23:00:00,39.737131171261474
2012-02-27 00:00:00,22.20236599036619
2012-02-27 01:00:00,7.173432364227992
2012-02-27 02:00:00,4.050123480515012
2012-02-27 03:00:00,3.354336390432007
2012-02-27 04:00:00,3.497369144282535
2012-02-27 05:00:00,16.851703026159186
2012-02-27 06:00:00,74.0707348248566
2012-02-27 07:00:00,222.58824856960447
2012-02-27 08:00:00,455.46602692924387
2012-02-27 09:00:00,210.99148935094783
2012-02-27 10:00:00,96.53692611476663
2012-02-27 11:00:00,114.79540000104154
2012-02-27 12:00:00,150.2204830370735
2012-02-27 13:00:00,140.7518760147378
2012-02-27 14:00:00,163.0947914489959
2012-02-27 15:00:00,187.79929414236435
2012-02-27 16:00:00,290.5357683693874
2012-02-27 17:00:00,557.0044054867255
2012-02-27 18:00:00,536.4252453233604
2012-02-27 19:00:00,376.676027575417
2012-02-27 20:00:00,236.66509374130658
2012-02-27 21:00:00,172.43755471975882
2012-02-27 22:00:00,107.86210104941149
2012-02-27 23:00:00,62.5689566334756
2012-02-28 00:00:00,33.4929108258472
2012-02-28 01:00:00,10.019028513039002
2012-02-28 02:00:00,4.910483805568902
2012-02-28 03:00:00,3.876039681105347
2012-02-28 04:00:00,3.659415556950461
2012-02-28 05:00:00,17.982369662694683
2012-02-28 06:00:00,86.82198637240363
2012-02-28 07:00:00,262.73217498858725
2012-02-28 08:00:00,472.39754598491317
2012-02-28 09:00:00,257.58473704519724
2012-02-28 10:00:00,107.15109652100858
2012-02-28 11:00:00,119.48098508652872
2012-02-28 12:00:00,161.00483926547588
2012-02-28 13:00:00,162.77029268299265
2012-02-28 14:00:00,146.69251378065204
2012-02-28 15:00:00,170.5772860259211
2012-02-28 16:00:00,257.1442391279012
2012-02-28 17:00:00,529.8094459607595
2012-02-28 18:00:00,510.70670843739157
2012-02-28 19:00:00,335.79090775996
2012-02-28 20:00:00,211.32480557281255
2012-02-28 21:00:00,154.48507687234874
2012-02-28 22:00:00,108.82678642032167
2012-02-28 23:00:00,54.11756216828552
2012-02-29 00:00:00,27.507409950171034
2012-02-29 01:00:00,10.788476052840618
2012-02-29 02:00:00,4.5839761337971066
2012-02-29 03:00:00,3.9236440499696608
2012-02-29 05:00:00,18.741937581254614
2012-02-29 06:00:00,87.15230143250488
2012-02-29 07:00:00,220.26603370827974
2012-02-29 08:00:00,500.09535369906166
2012-02-29 09:00:00,132.5064412106797
2012-02-29 10:00:00,53.14091031018591
2012-02-29 11:00:00,47.138064191071976
2012-02-29 12:00:00,42.010422463272874
2012-02-29 13:00:00,88.73105249140366
2012-02-29 14:00:00,82.06751881301497
2012-02-29 15:00:00,107.90065634185036
2012-02-29 16:00:00,87.49692849670951
2012-02-29 17:00:00,338.5154176933817
2012-02-29 18:00:00,176.26148880869107
2012-02-29 19:00:00,239.97153820547598
2012-02-29 20:00:00,97.11430828897731
2012-02-29 21:00:00,71.62322833199991
2012-02-29 22:00:00,46.308408368657354
2012-02-29 23:00:00,29.943439411513474
2012-03-20 00:00:00,36.411637530590625
2012-03-20 01:00:00,12.09600145135503
2012-03-20 02:00:00,5.419490833865427
2012-03-20 03:00:00,4.059378486127198
2012-03-20 04:00:00,4.932264507150567
2012-03-20 05:00:00,23.717136151695797
2012-03-20 06:00:00,101.55289157015505
2012-03-20 07:00:00,144.1637709923086
2012-03-20 08:00:00,515.4276280388417
2012-03-20 09:00:00,265.0347283338461
2012-03-20 10:00:00,137.0773559467539
2012-03-20 11:00:00,158.54681641158402
2012-03-20 12:00:00,193.1177670578823
2012-03-20 13:00:00,187.9900760100473
2012-03-20 14:00:00,179.63629306185123
2012-03-20 15:00:00,203.81751722590383
2012-03-20 16:00:00,331.5249514555569
2012-03-20 17:00:00,600.4845107439519
2012-03-20 18:00:00,618.3133915493951
2012-03-20 19:00:00,428.2647075362064
2012-03-20 20:00:00,287.7290050354237
2012-03-20 21:00:00,222.10952029654044
2012-03-20 22:00:00,157.97555345108148
2012-03-20 23:00:00,83.41604203905007
2012-03-21 00:00:00,42.10207903756435
2012-03-21 01:00:00,18.10504098236785
2012-03-21 02:00:00,7.247143695268982
2012-03-21 03:00:00,5.02450111352067
2012-03-21 04:00:00,5.362326373200103
2012-03-21 05:00:00,31.687339589501438
2012-03-21 06:00:00,120.50987254564896
2012-03-21 07:00:00,139.1506955446543
2012-03-21 08:00:00,270.30775652653324
2012-03-21 09:00:00,284.1027452050086
2012-03-21 10:00:00,163.90040351677808
2012-03-21 11:00:00,178.05959550173452
2012-03-21 12:00:00,242.49504559980016
2012-03-21 13:00:00,210.95963207767397
2012-03-21 14:00:00,205.57497692716925
2012-03-21 15:00:00,234.0653219160951
2012-03-21 16:00:00,381.01949716227807
2012-03-21 17:00:00,671.9024086017105
2012-03-21 18:00:00,669.5914360145933
2012-03-21 19:00:00,498.2250235640058
2012-03-21 20:00:00,362.22990574123776
2012-03-21 21:00:00,261.20482150422293
2012-03-21 22:00:00,184.06168228064232
2012-03-21 23:00:00,122.00740428326192
2012-03-22 00:00:00,50.8915369486073
2012-03-22 01:00:00,20.03599181308793
2012-03-22 02:00:00,10.398748120227943
2012-03-22 03:00:00,7.422272637738985
2012-03-22 04:00:00,4.9713889220340395
2012-03-22 05:00:00,27.019646970811934
2012-03-22 06:00:00,119.7076135782275
2012-03-22 07:00:00,332.0475506589853
2012-03-22 08:00:00,628.5120278459806
2012-03-22 09:00:00,290.2828439228856
2012-03-22 10:00:00,121.67709144777174
2012-03-22 11:00:00,155.7146354422762
2012-03-22 12:00:00,196.93202148638483
2012-03-22 13:00:00,262.1996663899853
2012-03-22 14:00:00,246.5669446201133
2012-03-22 15:00:00,264.66319045367663
2012-03-22 16:00:00,408.1392459313581
2012-03-22 17:00:00,775.5661212012051
2012-03-22 18:00:00,741.3014660433442
2012-03-22 19:00:00,541.3569969671302
2012-03-22 20:00:00,381.90675317606986
2012-03-22 21:00:00,301.6187410116073
2012-03-22 22:00:00,203.26473672408633
2012-03-22 23:00:00,138.85355718356183
2012-03-23 00:00:00,62.846967365634555
2012-03-23 01:00:00,28.018323355474433
2012-03-23 02:00:00,13.366007142522008
2012-03-23 03:00:00,8.022207209583824
2012-03-23 04:00:00,6.046525440684226
2012-03-23 05:00:00,29.640484496297773
2012-03-23 06:00:00,120.9679704978251
2012-03-23 07:00:00,320.33121007108366
2012-03-23 08:00:00,588.5433075512989
2012-03-23 09:00:00,300.0559129228972
2012-03-23 10:00:00,181.60655933549694
2012-03-23 11:00:00,256.56748291581795
2012-03-23 12:00:00,352.1527347124696
2012-03-23 13:00:00,344.120519375023
2012-03-23 14:00:00,303.22301994126985
2012-03-23 15:00:00,344.9567482327202
2012-03-23 16:00:00,492.98797745130935
2012-03-23 17:00:00,781.5425720374637
2012-03-23 18:00:00,699.7641585724833
2012-03-23 19:00:00,507.661419489785
2012-03-23 20:00:00,357.8919774165876
2012-03-23 21:00:00,277.92630274073565
2012-03-23 22:00:00,238.35750699078
2012-03-23 23:00:00,174.0203193221218
2012-03-24 00:00:00,146.16325986152896
2012-03-24 01:00:00,125.44481266360259
2012-03-24 02:00:00,83.85603497955691
2012-03-24 03:00:00,40.95558658904813
2012-03-24 04:00:00,13.545078217256783
2012-03-24 05:00:00,14.242851573399195
2012-03-24 06:00:00,38.39162048519004
2012-03-24 07:00:00,57.10767946416584
2012-03-24 08:00:00,128.92537212884477
2012-03-24 09:00:00,261.4334796825457
2012-03-24 10:00:00,303.1905366774988
2012-03-24 11:00:00,298.7254999609794
2012-03-24 12:00:00,215.48971742437368
2012-03-24 13:00:00,202.56639139201604
2012-03-24 14:00:00,181.58603333835464
2012-03-24 15:00:00,152.06073895499884
2012-03-24 16:00:00,152.55669319565297
2012-03-24 17:00:00,152.91521815537024
2012-03-24 18:00:00,128.67032026817867
2012-03-24 19:00:00,126.7296492679306
2012-03-24 20:00:00,82.93715383195917
2012-03-24 21:00:00,71.35141927592909
2012-03-24 22:00:00,61.69735741001517
2012-03-24 23:00:00,85.47933017514227
2012-03-25 00:00:00,61.932060308045635
2012-03-25 01:00:00,51.69165601771782
2012-03-25 02:00:00,26.490033185332106
2012-03-25 03:00:00,12.535963116689146
2012-03-25 04:00:00,6.941961372137549
2012-03-25 05:00:00,7.5869040095521125
2012-03-25 06:00:00,12.804014763772859
2012-03-25 07:00:00,27.267934700384416
2012-03-25 08:00:00,65.02642434287166
2012-03-25 09:00:00,115.15164596546163
2012-03-25 10:00:00,168.27795399576598
2012-03-25 11:00:00,201.6648063579852
2012-03-25 12:00:00,234.80520637512865
2012-03-25 13:00:00,281.274837927474
2012-03-25 14:00:00,292.32148564203777
2012-03-25 15:00:00,268.3162627345298
2012-03-25 16:00:00,479.68442396684486
2012-03-25 17:00:00,415.5845381952892
2012-03-25 18:00:00,341.65151848386506
2012-03-25 19:00:00,272.35248051109016
2012-03-25 20:00:00,207.99683619417863
2012-03-25 21:00:00,185.741004521395
2012-03-25 22:00:00,137.57086550069423
2012-03-25 23:00:00,96.89682820693444
2012-03-26 00:00:00,39.483504418073935
2012-03-26 01:00:00,13.97672848315743
2012-03-26 02:00:00,7.170253147174098
2012-03-26 03:00:00,5.645276194292787
2012-03-26 04:00:00,5.17969443872677
2012-03-26 05:00:00,33.53332944183492
2012-03-26 06:00:00,123.03737815783566
2012-03-26 07:00:00,375.2718976503585
2012-03-26 08:00:00,599.4272761276792
2012-03-26 09:00:00,291.60270211942725
2012-03-26 10:00:00,155.11474148759623
2012-03-26 11:00:00,171.06068918485744
2012-03-26 12:00:00,226.99406338765525
2012-03-26 13:00:00,201.87221489841232
2012-03-26 14:00:00,190.6850575458337
2012-03-26 15:00:00,194.47235007542832
2012-03-26 16:00:00,272.410239830648
2012-03-26 17:00:00,555.6635483087293
2012-03-26 18:00:00,489.3218880835776
2012-03-26 19:00:00,358.9617228441504
2012-03-26 20:00:00,197.00256429158313
2012-03-26 21:00:00,150.69301612353814
2012-03-26 22:00:00,91.70210352330844
2012-03-26 23:00:00,45.65294869053589
2012-03-27 00:00:00,23.676316042073083
2012-03-27 01:00:00,7.518958320583513
2012-03-27 02:00:00,4.511841336377148
2012-03-27 03:00:00,3.531864473727005
2012-03-27 04:00:00,3.8569717728177633
2012-03-27 05:00:00,15.924477135076005
2012-03-27 06:00:00,76.7354070924167
2012-03-27 07:00:00,228.46818395441662
2012-03-27 08:00:00,397.0172967076528
2012-03-27 09:00:00,212.8631402750734
2012-03-27 10:00:00,98.07625103517621
2012-03-27 11:00:00,112.7630292051394
2012-03-27 12:00:00,145.12849997754847
2012-03-27 13:00:00,179.7134473722989
2012-03-27 14:00:00,165.34759045101458
2012-03-27 15:00:00,193.28181817192797
2012-03-27 16:00:00,281.4986646183701
2012-03-27 17:00:00,561.0603892268736
2012-03-27 18:00:00,555.241321495231
2012-03-27 19:00:00,366.05537835869376
2012-03-27 20:00:00,258.039357419499
2012-03-27 21:00:00,176.85030697224633
2012-03-27 22:00:00,130.8534268148522
2012-03-27 23:00:00,70.33485689926765
2012-03-28 00:00:00,30.312266426370247
2012-03-28 01:00:00,10.25236251684921
2012-03-28 02:00:00,5.5933192493522395
2012-03-28 03:00:00,4.5739882145106785
2012-03-28 04:00:00,3.8064997737281105
2012-03-28 05:00:00,21.928350826557644
2012-03-28 06:00:00,104.25722369500558
2012-03-28 07:00:00,303.23855770547254
2012-03-28 08:00:00,617.8836286743908
2012-03-28 09:00:00,293.827636637996
2012-03-28 10:00:00,175.85266751996048
2012-03-28 11:00:00,195.0256032439901
2012-03-28 12:00:00,266.15312760544174
2012-03-28 13:00:00,256.24186876625726
2012-03-28 14:00:00,251.56148698569524
2012-03-28 15:00:00,271.36459777203487
2012-03-28 16:00:00,241.0717552145426
2012-03-28 17:00:00,743.2159716510723
2012-03-28 18:00:00,738.2326523519313
2012-03-28 19:00:00,530.5937351969641
2012-03-28 20:00:00,389.36448582250466
2012-03-28 21:00:00,267.1752300570946
2012-03-28 22:00:00,204.1246795751893
2012-03-28 23:00:00,117.27433920231363
2012-03-29 00:00:00,51.18041767832108
2012-03-29 01:00:00,21.12252456829933
2012-03-29 02:00:00,11.509278941239462
2012-03-29 03:00:00,6.738211775423272
2012-03-29 04:00:00,6.553234665361332
2012-03-29 05:00:00,36.35845584279122
2012-03-29 06:00:00,156.61358396240874
2012-03-29 07:00:00,449.1132779164662
2012-03-29 08:00:00,725.0215390611858
2012-03-29 09:00:00,340.13991320594175
2012-03-29 10:00:00,162.24057789838741
2012-03-29 11:00:00,201.92322583253315
2012-03-29 12:00:00,242.49107278991497
2012-03-29 13:00:00,243.85298721816133
2012-03-29 14:00:00,212.15337794576874
2012-03-29 15:00:00,245.71639461033683
2012-03-29 16:00:00,378.29691559926994
2012-03-29 17:00:00,692.1354853881872
2012-03-29 18:00:00,618.2381774119108
2012-03-29 19:00:00,440.48153561273693
2012-03-29 20:00:00,299.5644882820813
2012-03-29 21:00:00,209.11119310581194
2012-03-29 22:00:00,153.33597595172537
2012-03-29 23:00:00,98.99134984942988
2012-03-30 00:00:00,45.47237356771727
2012-03-30 01:00:00,20.14062137130236
2012-03-30 02:00:00,10.247600727761654
2012-03-30 03:00:00,6.087617699297011
2012-03-30 04:00:00,5.391644676699675
2012-03-30 05:00:00,22.503305307720368
2012-03-30 06:00:00,89.85233843918108
2012-03-30 07:00:00,272.5837696524061
2012-03-30 08:00:00,491.2248426235131
2012-03-30 09:00:00,304.13574204521547
2012-03-30 10:00:00,163.03746374619544
2012-03-30 11:00:00,177.40267061447764
2012-03-30 12:00:00,228.7598613451426
2012-03-30 13:00:00,128.09306944391963
2012-03-30 14:00:00,109.10697518125593
2012-03-30 15:00:00,141.25500383940567
2012-03-30 16:00:00,167.18405669703822
2012-03-30 17:00:00,491.88200253760976
2012-03-30 18:00:00,486.0740508046009
2012-03-30 19:00:00,299.3172370270027
2012-03-30 20:00:00,214.7391764516981
2012-03-30 21:00:00,170.05575745470807
2012-03-30 22:00:00,150.16994337741787
2012-03-30 23:00:00,107.04328240087753
2012-03-31 00:00:00,93.2174049384423
2012-03-31 01:00:00,71.4246268929393
2012-03-31 02:00:00,56.80167304263828
2012-03-31 03:00:00,26.868738619416675
2012-03-31 04:00:00,9.079914689994416
2012-03-31 05:00:00,9.9621760585966
2012-03-31 06:00:00,21.506259214138677
2012-03-31 07:00:00,41.44019303481476
2012-03-31 08:00:00,101.26146196755793
2012-03-31 09:00:00,169.45341659836532
2012-03-31 10:00:00,260.07358251142665
2012-03-31 11:00:00,458.2901789573552
2012-03-31 12:00:00,510.86041066727796
2012-03-31 13:00:00,588.2657438978405
2012-03-31 14:00:00,437.0430720033665
2012-03-31 15:00:00,498.0689303044244
2012-03-31 16:00:00,412.39984459577823
2012-03-31 17:00:00,378.85044379637
2012-03-31 18:00:00,223.66856758840308
2012-03-31 19:00:00,193.4118524870945
2012-03-31 20:00:00,136.22617275588456
2012-03-31 21:00:00,116.81426757307285
2012-03-31 22:00:00,111.75365687736323
2012-03-31 23:00:00,73.91421598783415
2012-04-20 00:00:00,58.975581507835585
2012-04-20 01:00:00,28.124297464283607
2012-04-20 02:00:00,11.584857832940976
2012-04-20 03:00:00,7.0885178621436324
2012-04-20 04:00:00,5.200680934811694
2012-04-20 05:00:00,29.332014634795367
2012-04-20 06:00:00,116.13964877282682
2012-04-20 07:00:00,318.52390767182123
2012-04-20 08:00:00,583.3249209324468
2012-04-20 09:00:00,339.9545304806171
2012-04-20 10:00:00,228.06015070099298
2012-04-20 11:00:00,261.39999909511556
2012-04-20 12:00:00,350.6896644404056
2012-04-20 13:00:00,362.54264481339726
2012-04-20 14:00:00,316.1619872625351
2012-04-20 15:00:00,348.29548225285293
2012-04-20 16:00:00,518.993562352154
2012-04-20 17:00:00,798.2073263217177
2012-04-20 18:00:00,673.3393244618745
2012-04-20 19:00:00,479.525441025862
2012-04-20 20:00:00,321.5418410973198
2012-04-20 21:00:00,255.26669035414199
2012-04-20 22:00:00,213.81018246654463
2012-04-20 23:00:00,174.77730785322552
2012-04-21 00:00:00,151.05247202019603
2012-04-21 01:00:00,121.84703745055248
2012-04-21 02:00:00,88.97775882597853
2012-04-21 03:00:00,32.21530268360891
2012-04-21 04:00:00,10.778254313595493
2012-04-21 05:00:00,13.098557788383573
2012-04-21 06:00:00,34.22383791417236
2012-04-21 07:00:00,64.42182338515664
2012-04-21 08:00:00,190.19329335992234
2012-04-21 09:00:00,298.54958680171853
2012-04-21 10:00:00,421.9979066962286
2012-04-21 11:00:00,521.2130847256874
2012-04-21 12:00:00,630.3485522677634
2012-04-21 13:00:00,668.830157818288
2012-04-21 14:00:00,649.5319674322247
2012-04-21 15:00:00,661.4643485895797
2012-04-21 16:00:00,591.6476230486928
2012-04-21 17:00:00,523.8238091767953
2012-04-21 18:00:00,420.471235708825
2012-04-21 19:00:00,174.99203749598584
2012-04-21 20:00:00,99.91197066650409
2012-04-21 21:00:00,84.23169974666037
2012-04-21 22:00:00,148.28513916204506
2012-04-21 23:00:00,114.96976993980341
2012-04-22 00:00:00,96.78372057043403
2012-04-22 01:00:00,73.26791811101666
2012-04-22 02:00:00,66.95084735362501
2012-04-22 03:00:00,28.59133203602407
2012-04-22 04:00:00,10.079189757451015
2012-04-22 05:00:00,10.610021073581699
2012-04-22 06:00:00,19.76462830656947
2012-04-22 07:00:00,25.95194131342903
2012-04-22 08:00:00,48.8507003258516
2012-04-22 09:00:00,82.92310655610338
2012-04-22 10:00:00,108.29398619698637
2012-04-22 11:00:00,103.3555901855537
2012-04-22 12:00:00,124.71315630851838
2012-04-22 13:00:00,140.03750995655616
2012-04-22 14:00:00,107.79087840648191
2012-04-22 15:00:00,112.9516610845595
2012-04-22 16:00:00,91.84643694724096
2012-04-22 17:00:00,60.62011362623168
2012-04-22 18:00:00,50.526103192192494
2012-04-22 19:00:00,45.44648451980984
2012-04-22 20:00:00,41.848634835051065
2012-04-22 21:00:00,39.406090344152105
2012-04-22 22:00:00,22.685977646111585
2012-04-22 23:00:00,19.949819839977962
2012-04-23 00:00:00,12.919378575035035
2012-04-23 01:00:00,4.768086096249606
2012-04-23 02:00:00,3.8043992593669467
2012-04-23 03:00:00,3.358862229232768
2012-04-23 04:00:00,2.7147649213994978
2012-04-23 05:00:00,11.640448275562628
2012-04-23 06:00:00,74.84981289545732
2012-04-23 07:00:00,125.21622623593123
2012-04-23 08:00:00,378.25248439933875
2012-04-23 09:00:00,194.54023179389355
2012-04-23 10:00:00,81.72223337865908
2012-04-23 11:00:00,89.7715972749543
2012-04-23 12:00:00,77.48507833934661
2012-04-23 13:00:00,74.40297655274138
2012-04-23 14:00:00,65.11425764246769
2012-04-23 15:00:00,126.84556493234155
2012-04-23 16:00:00,87.56036381550088
2012-04-23 17:00:00,184.23726612314636
2012-04-23 18:00:00,218.03810888853818
2012-04-23 19:00:00,251.07867595110423
2012-04-23 20:00:00,162.86126574417415
2012-04-23 21:00:00,112.65106461953128
2012-04-23 22:00:00,91.50320314600174
2012-04-23 23:00:00,52.212734848452854
2012-04-24 00:00:00,25.08583751794888
2012-04-24 01:00:00,8.35571021227225
2012-04-24 02:00:00,4.321082620603386
2012-04-24 03:00:00,3.9615411636780795
2012-04-24 04:00:00,3.6665651444690845
2012-04-24 05:00:00,20.131851350632456
2012-04-24 06:00:00,89.32218949620649
2012-04-24 07:00:00,246.02522498612038
2012-04-24 08:00:00,478.87715488768083
2012-04-24 09:00:00,281.7920660376984
2012-04-24 10:00:00,143.96471790918048
2012-04-24 11:00:00,182.04578516465503
2012-04-24 12:00:00,235.67269570110892
2012-04-24 13:00:00,231.22014409217203
2012-04-24 14:00:00,205.5042645465039
2012-04-24 15:00:00,222.49009055782048
2012-04-24 16:00:00,326.90979725870557
2012-04-24 17:00:00,666.1927845266202
2012-04-24 18:00:00,632.1907596118732
2012-04-24 19:00:00,420.0443822700124
2012-04-24 20:00:00,281.0303030787959
2012-04-24 21:00:00,212.54663006009307
2012-04-24 22:00:00,152.5089220394693
2012-04-24 23:00:00,87.73285597379413
2012-04-25 00:00:00,42.173365039727415
2012-04-25 01:00:00,15.135602578417691
2012-04-25 02:00:00,6.315691781511227
2012-04-25 03:00:00,4.288765011229
2012-04-25 04:00:00,4.331140177773621
2012-04-25 05:00:00,26.780291256369576
2012-04-25 06:00:00,121.5250074777308
2012-04-25 07:00:00,361.8335932033041
2012-04-25 08:00:00,657.5676617932581
2012-04-25 09:00:00,299.8769939815533
2012-04-25 10:00:00,201.9833785452877
2012-04-25 11:00:00,221.088863542375
2012-04-25 12:00:00,278.64332118678806
2012-04-25 13:00:00,265.0644812733298
2012-04-25 14:00:00,230.6237668272277
2012-04-25 15:00:00,272.08370990470246
2012-04-25 16:00:00,387.5705514293573
2012-04-25 17:00:00,730.8203287565028
2012-04-25 18:00:00,731.0665099126091
2012-04-25 19:00:00,518.6554869926856
2012-04-25 20:00:00,367.0658283628439
2012-04-25 21:00:00,253.75267445629459
2012-04-25 22:00:00,181.0144860158365
2012-04-25 23:00:00,104.28004202397852
2012-04-26 00:00:00,46.997464435136784
2012-04-26 01:00:00,18.954687000586723
2012-04-26 02:00:00,10.316509638815438
2012-04-26 03:00:00,5.988191814690874
2012-04-26 04:00:00,6.37358633402069
2012-04-26 05:00:00,36.45177145217589
2012-04-26 06:00:00,157.25024038137838
2012-04-26 07:00:00,193.56941709592516
2012-04-26 08:00:00,403.7010563897642
2012-04-26 09:00:00,170.08100986116136
2012-04-26 10:00:00,137.76369085803617
2012-04-26 11:00:00,142.01029022538177
2012-04-26 12:00:00,227.53490349827993
2012-04-26 13:00:00,210.8068572174326
2012-04-26 14:00:00,206.83617937638442
2012-04-26 15:00:00,177.53298433058242
2012-04-26 16:00:00,305.68992400202404
2012-04-26 17:00:00,745.0594455793527
2012-04-26 18:00:00,616.8025300902872
2012-04-26 19:00:00,443.9208405206505
2012-04-26 20:00:00,364.3709655476784
2012-04-26 21:00:00,245.88295609016907
2012-04-26 22:00:00,199.81497277385284
2012-04-26 23:00:00,119.91062212966962
2012-04-27 00:00:00,55.20057689023669
2012-04-27 01:00:00,24.096086223070476
2012-04-27 02:00:00,14.495511129963642
2012-04-27 03:00:00,6.7982801249132585
2012-04-27 04:00:00,5.619418891597487
2012-04-27 05:00:00,31.973326083218446
2012-04-27 06:00:00,113.90977281266058
2012-04-27 07:00:00,330.65699205735774
2012-04-27 08:00:00,641.0043690803402
2012-04-27 09:00:00,312.3657851369309
2012-04-27 10:00:00,193.9566015844069
2012-04-27 11:00:00,221.09723073896143
2012-04-27 12:00:00,316.5549301117676
2012-04-27 13:00:00,303.88345108401046
2012-04-27 14:00:00,265.396891048381
2012-04-27 15:00:00,297.5955616132336
2012-04-27 16:00:00,448.4606004954232
2012-04-27 17:00:00,711.7794822629705
2012-04-27 18:00:00,583.4174893316908
2012-04-27 19:00:00,396.4311102681597
2012-04-27 20:00:00,264.29833809048506
2012-04-27 21:00:00,192.3620388529917
2012-04-27 22:00:00,173.07830885671794
2012-04-27 23:00:00,120.4659359176118
2012-04-28 00:00:00,101.73445959376747
2012-04-28 01:00:00,58.184863768790855
2012-04-28 02:00:00,54.85676878109243
2012-04-28 03:00:00,20.997173420353505
2012-04-28 04:00:00,9.137465736736942
2012-04-28 05:00:00,8.264683848902614
2012-04-28 06:00:00,21.939826623718155
2012-04-28 07:00:00,47.047507401118246
2012-04-28 08:00:00,142.49128040167807
2012-04-28 09:00:00,189.46373052447188
2012-04-28 10:00:00,271.2507166018443
2012-04-28 11:00:00,330.9187469564892
2012-04-28 12:00:00,370.67643360083537
2012-04-28 13:00:00,379.6744893493292
2012-04-28 14:00:00,450.98452235759737
2012-04-28 15:00:00,416.6571199618036
2012-04-28 16:00:00,377.4659280840959
2012-04-28 17:00:00,342.1128544553909
2012-04-28 18:00:00,163.50052104329643
2012-04-28 19:00:00,125.46739109013171
2012-04-28 20:00:00,146.1537535650052
2012-04-28 21:00:00,77.3679873589673
2012-04-28 22:00:00,114.51255101421668
2012-04-28 23:00:00,104.5512267256575
2012-04-29 00:00:00,46.52996817681333
2012-04-29 01:00:00,66.51659676516606
2012-04-29 02:00:00,44.827197011702175
2012-04-29 03:00:00,23.1404476423642
2012-04-29 04:00:00,7.84194050824355
2012-04-29 05:00:00,8.235895371031958
2012-04-29 06:00:00,14.886994992123158
2012-04-29 07:00:00,29.751355724260854
2012-04-29 08:00:00,101.2534836948203
2012-04-29 09:00:00,175.6924633545305
2012-04-29 10:00:00,272.0076297777628
2012-04-29 11:00:00,427.8233336234821
2012-04-29 12:00:00,560.552793675118
2012-04-29 13:00:00,531.4018188515789
2012-04-29 14:00:00,553.7200956706936
2012-04-29 15:00:00,563.823671823591
2012-04-29 16:00:00,572.7588809869152
2012-04-29 17:00:00,526.8690900734525
2012-04-29 18:00:00,449.7879673435584
2012-04-29 19:00:00,362.84761380624343
2012-04-29 20:00:00,278.9700777342914
2012-04-29 21:00:00,213.1521683434541
2012-04-29 22:00:00,148.07209895542582
2012-04-29 23:00:00,95.40419005315837
2012-04-30 00:00:00,39.40708233927754
2012-04-30 01:00:00,13.221475608887257
2012-04-30 02:00:00,7.374886164096707
2012-04-30 03:00:00,4.73771535082666
2012-04-30 04:00:00,4.495232919585845
2012-04-30 05:00:00,22.317386145293405
2012-04-30 06:00:00,108.71140219642935
2012-04-30 07:00:00,320.07853616764737
2012-04-30 08:00:00,544.0206107389281
2012-04-30 09:00:00,272.35784745963116
2012-04-30 10:00:00,137.03988814527085
2012-04-30 11:00:00,157.75065937146678
2012-04-30 12:00:00,203.25168720219338
2012-04-30 13:00:00,225.3773800053261
2012-04-30 14:00:00,198.20945932152873
2012-04-30 15:00:00,217.58118953737392
2012-04-30 16:00:00,348.82564290626925
2012-04-30 17:00:00,698.4982150216886
2012-04-30 18:00:00,630.2355585873067
2012-04-30 19:00:00,438.59632275909
2012-04-30 20:00:00,277.3543953734061
2012-04-30 21:00:00,201.80762066405123
2012-04-30 22:00:00,149.67570052768576
2012-04-30 23:00:00,81.71214571580776
2012-05-20 00:00:00,142.66274136355068
2012-05-20 01:00:00,111.5202600686709
2012-05-20 02:00:00,81.81650550403023
2012-05-20 03:00:00,38.03427509696228
2012-05-20 04:00:00,12.88667943973979
2012-05-20 05:00:00,13.758504630994757
2012-05-20 06:00:00,27.90484981058528
2012-05-20 07:00:00,63.94338991735657
2012-05-20 08:00:00,151.29386748091684
2012-05-20 09:00:00,295.9178964878457
2012-05-20 10:00:00,445.3592669311789
2012-05-20 11:00:00,540.5399587902236
2012-05-20 12:00:00,659.839937935493
2012-05-20 13:00:00,645.0003174398175
2012-05-20 14:00:00,581.047654584869
2012-05-20 15:00:00,561.7957192592684
2012-05-20 16:00:00,564.1418699096753
2012-05-20 17:00:00,522.8802914377429
2012-05-20 18:00:00,446.4125661721019
2012-05-20 19:00:00,351.89524970219827
2012-05-20 20:00:00,290.6471122127124
2012-05-20 21:00:00,200.93865279994014
2012-05-20 22:00:00,164.3195102406948
2012-05-20 23:00:00,59.49806520886617
2012-05-21 00:00:00,18.787414780860264
2012-05-21 01:00:00,8.169128138087709
2012-05-21 02:00:00,5.392438176804241
2012-05-21 03:00:00,4.172336650130287
2012-05-21 04:00:00,3.8843233762490623
2012-05-21 05:00:00,17.250376608758422
2012-05-21 06:00:00,64.8239144086365
2012-05-21 07:00:00,158.4034077503338
2012-05-21 08:00:00,289.48883233948237
2012-05-21 09:00:00,134.61433923942377
2012-05-21 10:00:00,66.70515919890204
2012-05-21 11:00:00,174.41110797288633
2012-05-21 12:00:00,199.17924302998242
2012-05-21 13:00:00,106.04385457380559
2012-05-21 14:00:00,101.1433987896942
2012-05-21 15:00:00,229.0430821565107
2012-05-21 16:00:00,356.9809360777423
2012-05-21 17:00:00,675.825032241333
2012-05-21 18:00:00,724.3583135834131
2012-05-21 19:00:00,522.6103135717377
2012-05-21 20:00:00,349.81121819566124
2012-05-21 21:00:00,251.2458446539258
2012-05-21 22:00:00,169.26910990841293
2012-05-21 23:00:00,96.86702429549582
2012-05-22 00:00:00,44.58402698817083
2012-05-22 01:00:00,13.878749662118931
2012-05-22 02:00:00,6.453921112128908
2012-05-22 03:00:00,5.054543508824264
2012-05-22 04:00:00,6.000350777819136
2012-05-22 05:00:00,18.744422435125763
2012-05-22 06:00:00,77.11611724503045
2012-05-22 07:00:00,192.7790146072831
2012-05-22 08:00:00,552.2426092931132
2012-05-22 09:00:00,294.46793202394355
2012-05-22 10:00:00,169.56395753731044
2012-05-22 11:00:00,174.09628033574137
2012-05-22 12:00:00,221.06705551384508
2012-05-22 13:00:00,223.2764931538432
2012-05-22 14:00:00,208.46163735972488
2012-05-22 15:00:00,254.42494831659405
2012-05-22 16:00:00,398.7197419996034
2012-05-22 17:00:00,758.2983769942542
2012-05-22 18:00:00,769.8859265163065
2012-05-22 19:00:00,515.463122806444
2012-05-22 20:00:00,395.71027547603705
2012-05-22 21:00:00,268.666524796139
2012-05-22 22:00:00,205.01177387526639
2012-05-22 23:00:00,121.5827631271547
2012-05-23 00:00:00,53.290597128537556
2012-05-23 01:00:00,19.461120957697613
2012-05-23 02:00:00,7.900625463850896
2012-05-23 03:00:00,7.260867297394271
2012-05-23 04:00:00,4.134638449401951
2012-05-23 05:00:00,17.812890071675284
2012-05-23 06:00:00,162.6720800890284
2012-05-23 07:00:00,493.56615030757797
2012-05-23 08:00:00,709.1082682648283
2012-05-23 09:00:00,325.49848311089505
2012-05-23 10:00:00,191.3957611433598
2012-05-23 11:00:00,222.35587257824392
2012-05-23 12:00:00,279.61301413082816
2012-05-23 13:00:00,257.54672812085226
2012-05-23 14:00:00,237.37176463145744
2012-05-23 15:00:00,259.6572812933952
2012-05-23 16:00:00,252.53836535500807
2012-05-23 17:00:00,387.6249193054101
2012-05-23 18:00:00,416.9386017723917
2012-05-23 19:00:00,450.1001843737319
2012-05-23 20:00:00,315.69871332298914
2012-05-23 21:00:00,241.73469069691424
2012-05-23 22:00:00,187.43837603858134
2012-05-23 23:00:00,119.2239419693578
2012-05-24 00:00:00,52.48700286979322
2012-05-24 01:00:00,18.66949562966393
2012-05-24 02:00:00,9.41197158026165
2012-05-24 03:00:00,5.8780186385045745
2012-05-24 04:00:00,6.509838068497267
2012-05-24 05:00:00,35.94228462087051
2012-05-24 06:00:00,160.63507993206724
2012-05-24 07:00:00,520.1596520522558
2012-05-24 08:00:00,780.4445999381879
2012-05-24 09:00:00,373.699590273131
2012-05-24 10:00:00,194.96166682515863
2012-05-24 11:00:00,231.91845972544186
2012-05-24 12:00:00,306.9869403672659
2012-05-24 13:00:00,303.7842997206998
2012-05-24 14:00:00,251.2814739130876
2012-05-24 15:00:00,277.2681037164304
2012-05-24 16:00:00,412.4415128477025
2012-05-24 17:00:00,764.6130389100383
2012-05-24 18:00:00,759.4101516385246
2012-05-24 19:00:00,535.7885359241162
2012-05-24 20:00:00,356.4490256453874
2012-05-24 21:00:00,184.9780748063961
2012-05-24 22:00:00,202.55972270849696
2012-05-24 23:00:00,135.9831448774738
2012-05-25 00:00:00,64.72610934028235
2012-05-25 01:00:00,32.632835473708774
2012-05-25 02:00:00,13.413715085349931
2012-05-25 03:00:00,6.608664655684926
2012-05-25 04:00:00,6.67487132872165
2012-05-25 05:00:00,32.85074922525264
2012-05-25 06:00:00,129.77983864213797
2012-05-25 07:00:00,371.538683433908
2012-05-25 08:00:00,597.6141618497187
2012-05-25 09:00:00,316.4732435745734
2012-05-25 10:00:00,233.70958524587695
2012-05-25 11:00:00,266.7099236413851
2012-05-25 12:00:00,340.6981316576158
2012-05-25 13:00:00,348.75455993414295
2012-05-25 14:00:00,290.1210811437841
2012-05-25 15:00:00,332.3714659302768
2012-05-25 16:00:00,471.1490598891131
2012-05-25 17:00:00,749.0700180970396
2012-05-25 18:00:00,677.5748353285425
2012-05-25 19:00:00,478.34968235771726
2012-05-25 20:00:00,346.9773111669243
2012-05-25 21:00:00,266.58877180898804
2012-05-25 22:00:00,263.5827455777253
2012-05-25 23:00:00,195.03706376240135
2012-05-26 00:00:00,152.36385459206403
2012-05-26 01:00:00,121.83485936267903
2012-05-26 02:00:00,72.03204458027831
2012-05-26 03:00:00,35.314076851081836
2012-05-26 04:00:00,12.082711043720717
2012-05-26 05:00:00,14.763470809099847
2012-05-26 06:00:00,34.6112689813621
2012-05-26 07:00:00,65.00050672244093
2012-05-26 08:00:00,200.12478449930052
2012-05-26 09:00:00,275.2709354565141
2012-05-26 10:00:00,418.2105234338303
2012-05-26 11:00:00,550.4713680271607
2012-05-26 12:00:00,606.2380661531231
2012-05-26 13:00:00,602.4589829626068
2012-05-26 14:00:00,553.54463155207
2012-05-26 15:00:00,566.988353118471
2012-05-26 16:00:00,556.8972264479879
2012-05-26 17:00:00,494.4321568464452
2012-05-26 18:00:00,452.7187204628912
2012-05-26 19:00:00,354.1739286914262
2012-05-26 20:00:00,317.1353151625673
2012-05-26 21:00:00,242.1263051255934
2012-05-26 22:00:00,233.31076045807916
2012-05-26 23:00:00,198.4965233693775
2012-05-27 00:00:00,138.11717955426076
2012-05-27 01:00:00,123.70425814981178
2012-05-27 02:00:00,90.10903302611013
2012-05-27 03:00:00,39.45983915302267
2012-05-27 04:00:00,12.201301194498143
2012-05-27 05:00:00,14.290213177860572
2012-05-27 06:00:00,31.441916928877355
2012-05-27 07:00:00,59.65475645944534
2012-05-27 08:00:00,140.335052300384
2012-05-27 09:00:00,257.8893067858064
2012-05-27 10:00:00,422.2666134509159
2012-05-27 11:00:00,475.7452459388838
2012-05-27 12:00:00,565.1907543792566
2012-05-27 13:00:00,567.6612685708233
2012-05-27 14:00:00,549.7661965968283
2012-05-27 15:00:00,536.3907725128338
2012-05-27 16:00:00,525.8159172905666
2012-05-27 17:00:00,495.77431674292944
2012-05-27 18:00:00,421.75644611571
2012-05-27 19:00:00,356.2318293825574
2012-05-27 20:00:00,299.1136333959083
2012-05-27 21:00:00,140.1383255822122
2012-05-27 22:00:00,88.63241065377451
2012-05-27 23:00:00,60.175931270149334
2012-05-28 00:00:00,91.85585252692081
2012-05-28 01:00:00,54.25818880799192
2012-05-28 02:00:00,33.497606511576855
2012-05-28 03:00:00,15.933472532138582
2012-05-28 04:00:00,9.742004080088375
2012-05-28 05:00:00,12.67071504692561
2012-05-28 06:00:00,45.381268665723795
2012-05-28 07:00:00,85.37189544991348
2012-05-28 08:00:00,164.20698933047532
2012-05-28 09:00:00,225.3807275010404
2012-05-28 10:00:00,307.22579560060836
2012-05-28 11:00:00,380.2808393805072
2012-05-28 12:00:00,460.60709868926494
2012-05-28 13:00:00,408.2026274851887
2012-05-28 14:00:00,398.2045978826539
2012-05-28 15:00:00,398.2141371674951
2012-05-28 16:00:00,396.9202878061005
2012-05-28 17:00:00,402.2106418126691
2012-05-28 18:00:00,363.85045038010486
2012-05-28 19:00:00,321.9970869795971
2012-05-28 20:00:00,243.8479498830671
2012-05-28 21:00:00,189.24020452109193
2012-05-28 22:00:00,145.8929656955879
2012-05-28 23:00:00,91.50011369381103
2012-05-29 00:00:00,49.93502043451777
2012-05-29 01:00:00,16.154334765871432
2012-05-29 02:00:00,7.629081541132329
2012-05-29 03:00:00,5.603967000597148
2012-05-29 04:00:00,7.316228875489513
2012-05-29 05:00:00,41.001132189201755
2012-05-29 06:00:00,178.26649522783518
2012-05-29 07:00:00,526.6450055361288
2012-05-29 08:00:00,726.6060233642072
2012-05-29 09:00:00,324.9646440220715
2012-05-29 10:00:00,165.86768187601837
2012-05-29 11:00:00,203.68060457902334
2012-05-29 12:00:00,260.62520585308033
2012-05-29 13:00:00,258.43190208297517
2012-05-29 14:00:00,226.0869636038913
2012-05-29 15:00:00,240.78870223278744
2012-05-29 16:00:00,357.12688483095997
2012-05-29 17:00:00,743.2548866529404
2012-05-29 18:00:00,686.825011435083
2012-05-29 19:00:00,500.87598722060517
2012-05-29 20:00:00,245.27757136752606
2012-05-29 21:00:00,75.27323133198385
2012-05-29 22:00:00,153.64043612650033
2012-05-29 23:00:00,50.91346897199251
2012-05-30 00:00:00,21.83686481433775
2012-05-30 01:00:00,10.04638855344545
2012-05-30 02:00:00,4.824320163775749
2012-05-30 03:00:00,3.6124442351427772
2012-05-30 04:00:00,6.022140605236732
2012-05-30 05:00:00,38.94770433787903
2012-05-30 06:00:00,169.0352280550838
2012-05-30 07:00:00,242.4571399988576
2012-05-30 08:00:00,709.864355987001
2012-05-30 09:00:00,349.30497085762624
2012-05-30 10:00:00,174.7311026768428
2012-05-30 11:00:00,221.44012908750517
2012-05-30 12:00:00,300.03752786505385
2012-05-30 13:00:00,280.17474913044003
2012-05-30 14:00:00,254.2961560111509
2012-05-30 15:00:00,273.8731586218875
2012-05-30 16:00:00,398.95259090292893
2012-05-30 17:00:00,762.015626901939
2012-05-30 18:00:00,762.5885110100876
2012-05-30 19:00:00,544.3846561972995
2012-05-30 20:00:00,332.5603238154353
2012-05-30 21:00:00,294.9364665600295
2012-05-30 22:00:00,218.63837920561804
2012-05-30 23:00:00,129.19934180774501
2012-05-31 00:00:00,56.03708204747746
2012-05-31 01:00:00,21.286516942771847
2012-05-31 02:00:00,10.24785415054378
2012-05-31 03:00:00,6.247980750954808
2012-05-31 04:00:00,7.11185377203406
2012-05-31 05:00:00,44.04119365352371
2012-05-31 06:00:00,198.0143120773431
2012-05-31 07:00:00,533.40984989026515
2012-05-31 08:00:00,753.9259105016292
2012-05-31 09:00:00,378.386159927196
2012-05-31 10:00:00,211.1721399519376
2012-05-31 11:00:00,251.62504839122917
2012-05-31 12:00:00,333.37092882905034
2012-05-31 13:00:00,320.31362491455246
2012-05-31 14:00:00,275.9925625563783
2012-05-31 15:00:00,286.666433088897
2012-05-31 16:00:00,439.41413449241134
2012-05-31 17:00:00,818.7779289951563
2012-05-31 18:00:00,789.4218112344281
2012-05-31 19:00:00,562.8924571019865
2012-05-31 20:00:00,439.9368748029965
2012-05-31 21:00:00,315.6202211957801
2012-05-31 22:00:00,236.69629851909858
2012-05-31 23:00:00,155.36587427028928
2012-06-20 00:00:00,53.7907888477512
2012-06-20 01:00:00,20.345430276957323
2012-06-20 02:00:00,8.603258290381724
2012-06-20 03:00:00,6.968805455786074
2012-06-20 04:00:00,6.770929483102691
2012-06-20 05:00:00,41.95202999026469
2012-06-20 06:00:00,145.2414800587894
2012-06-20 07:00:00,393.8552277943483
2012-06-20 08:00:00,704.4768709817529
2012-06-20 09:00:00,328.7000741061846
2012-06-20 10:00:00,185.87735017458638
2012-06-20 11:00:00,205.31184847838634
2012-06-20 12:00:00,262.14289121740757
2012-06-20 13:00:00,249.85835601752862
2012-06-20 14:00:00,221.90246654244348
2012-06-20 15:00:00,227.0788698557664
2012-06-20 16:00:00,335.77949959545015
2012-06-20 17:00:00,625.93498028128
2012-06-20 18:00:00,627.1434817496327
2012-06-20 19:00:00,479.24812855164737
2012-06-20 20:00:00,364.64614719310373
2012-06-20 21:00:00,277.2127834794794
2012-06-20 22:00:00,209.412220005955
2012-06-20 23:00:00,127.01595802285027
2012-06-21 00:00:00,58.382505665231626
2012-06-21 01:00:00,21.496111767913
2012-06-21 02:00:00,10.5321933326287
2012-06-21 03:00:00,6.799736611494103
2012-06-21 04:00:00,7.7244802759876805
2012-06-21 05:00:00,40.80283892981352
2012-06-21 06:00:00,167.2649608308337
2012-06-21 07:00:00,441.06087274968786
2012-06-21 08:00:00,690.5843325283893
2012-06-21 09:00:00,343.1718190019525
2012-06-21 10:00:00,183.94819557864622
2012-06-21 11:00:00,221.47975731467653
2012-06-21 12:00:00,264.3501779733847
2012-06-21 13:00:00,243.30140883941442
2012-06-21 14:00:00,249.73495877748275
2012-06-21 15:00:00,238.32034353397307
2012-06-21 16:00:00,385.50411181437585
2012-06-21 17:00:00,727.4596311224722
2012-06-21 18:00:00,738.6831999639753
2012-06-21 19:00:00,512.9169357619915
2012-06-21 20:00:00,406.1605799365735
2012-06-21 21:00:00,323.6775838980926
2012-06-21 22:00:00,230.53693999643454
2012-06-21 23:00:00,154.35107948706994
2012-06-22 00:00:00,67.08618477790519
2012-06-22 01:00:00,34.4829863143957
2012-06-22 02:00:00,14.559721715378316
2012-06-22 03:00:00,8.425906074732328
2012-06-22 04:00:00,8.433719695626484
2012-06-22 05:00:00,39.5110290054268
2012-06-22 06:00:00,152.47863192380814
2012-06-22 07:00:00,477.957163891479
2012-06-22 08:00:00,715.9751738856792
2012-06-22 09:00:00,384.1178367718615
2012-06-22 10:00:00,247.47220905942868
2012-06-22 11:00:00,292.19542942542375
2012-06-22 12:00:00,327.9685268389935
2012-06-22 13:00:00,325.70444032565865
2012-06-22 14:00:00,291.893050325027
2012-06-22 15:00:00,311.0726826993084
2012-06-22 16:00:00,450.72584386709497
2012-06-22 17:00:00,806.6851100401333
2012-06-22 18:00:00,694.8161231559777
2012-06-22 19:00:00,481.6231494998119
2012-06-22 20:00:00,349.8945351781707
2012-06-22 21:00:00,210.88992571602796
2012-06-22 22:00:00,273.9584685957736
2012-06-22 23:00:00,184.58302650589158
2012-06-23 00:00:00,137.00460022220292
2012-06-23 01:00:00,127.59377382483831
2012-06-23 02:00:00,73.14190317039593
2012-06-23 03:00:00,35.90352271731962
2012-06-23 04:00:00,10.80917139717208
2012-06-23 05:00:00,11.489283024222429
2012-06-23 06:00:00,27.74150849417787
2012-06-23 07:00:00,69.75324833657918
2012-06-23 08:00:00,193.53315077495262
2012-06-23 09:00:00,313.607617056448
2012-06-23 10:00:00,470.55453778646046
2012-06-23 11:00:00,563.5388518751096
2012-06-23 12:00:00,623.9043601112846
2012-06-23 13:00:00,661.7493219026193
2012-06-23 14:00:00,660.1948614133491
2012-06-23 15:00:00,621.0203860545007
2012-06-23 16:00:00,582.7614817364175
2012-06-23 17:00:00,557.150596503805
2012-06-23 18:00:00,492.0340976140659
2012-06-23 19:00:00,436.5391414104059
2012-06-23 20:00:00,358.44166423206246
2012-06-23 21:00:00,292.3967406690715
2012-06-23 22:00:00,250.9018262423079
2012-06-23 23:00:00,212.46444620226993
2012-06-24 00:00:00,149.51564480415962
2012-06-24 01:00:00,125.77687030819317
2012-06-24 02:00:00,93.6610603973285
2012-06-24 03:00:00,39.28171710410289
2012-06-24 04:00:00,12.41710371050412
2012-06-24 05:00:00,13.86065881257884
2012-06-24 06:00:00,22.529546986984368
2012-06-24 07:00:00,59.52610545392671
2012-06-24 08:00:00,139.56779699851913
2012-06-24 09:00:00,277.83022170022616
2012-06-24 10:00:00,424.20134151088064
2012-06-24 11:00:00,522.5845659994006
2012-06-24 12:00:00,615.0678783896071
2012-06-24 13:00:00,594.3712866082868
2012-06-24 14:00:00,557.7290803333196
2012-06-24 15:00:00,544.8568902229558
2012-06-24 16:00:00,551.1636116873087
2012-06-24 17:00:00,516.8219747271219
2012-06-24 18:00:00,462.6908727242757
2012-06-24 19:00:00,374.05707660032095
2012-06-24 20:00:00,310.01535259520205
2012-06-24 21:00:00,248.94416802978822
2012-06-24 22:00:00,192.0330650891485
2012-06-24 23:00:00,120.21532750490907
2012-06-25 00:00:00,54.6954713143581
2012-06-25 01:00:00,18.964220945656894
2012-06-25 02:00:00,10.053631008033046
2012-06-25 03:00:00,6.5074521930949105
2012-06-25 04:00:00,7.6121751550666445
2012-06-25 05:00:00,40.50560128557865
2012-06-25 06:00:00,160.53917299232666
2012-06-25 07:00:00,499.74472240196434
2012-06-25 08:00:00,685.5151681467512
2012-06-25 09:00:00,318.11831518839585
2012-06-25 10:00:00,187.20801449420208
2012-06-25 11:00:00,225.40827710187182
2012-06-25 12:00:00,274.1209514012694
2012-06-25 13:00:00,274.3252998264721
2012-06-25 14:00:00,253.27786762939257
2012-06-25 15:00:00,265.99686901188477
2012-06-25 16:00:00,421.3073392543987
2012-06-25 17:00:00,773.0980255838656
2012-06-25 18:00:00,801.540537228004
2012-06-25 19:00:00,573.5959213127627
2012-06-25 20:00:00,407.67694413513726
2012-06-25 21:00:00,309.68150816772
2012-06-25 22:00:00,212.66279117436036
2012-06-25 23:00:00,121.10260628211464
2012-06-26 00:00:00,60.131194512323866
2012-06-26 01:00:00,17.84700261051846
2012-06-26 02:00:00,9.012569368112008
2012-06-26 03:00:00,6.253157650933769
2012-06-26 04:00:00,8.13295688179348
2012-06-26 05:00:00,41.424503523904
2012-06-26 06:00:00,188.67829685720926
2012-06-26 07:00:00,514.0628846388782
2012-06-26 08:00:00,703.9616971129102
2012-06-26 09:00:00,329.53594572523417
2012-06-26 10:00:00,210.20014113455096
2012-06-26 11:00:00,241.39238652758888
2012-06-26 12:00:00,293.94854290486177
2012-06-26 13:00:00,291.20627028200596
2012-06-26 14:00:00,273.379716305226
2012-06-26 15:00:00,296.0778121295508
2012-06-26 16:00:00,454.1460144677534
2012-06-26 17:00:00,902.7100347326116
2012-06-26 18:00:00,880.2639877199257
2012-06-26 19:00:00,619.9683871534962
2012-06-26 20:00:00,452.4498351721576
2012-06-26 21:00:00,344.145218234377
2012-06-26 22:00:00,246.6388313766839
2012-06-26 23:00:00,141.20592061860106
2012-06-27 00:00:00,61.758751595836614
2012-06-27 01:00:00,22.566480171680062
2012-06-27 02:00:00,9.75264302018968
2012-06-27 03:00:00,7.379214379390561
2012-06-27 04:00:00,7.900392677702998
2012-06-27 05:00:00,41.77499389274094
2012-06-27 06:00:00,181.30246871227257
2012-06-27 07:00:00,548.2269473723821
2012-06-27 08:00:00,759.067570185773
2012-06-27 09:00:00,379.91855482193824
2012-06-27 10:00:00,216.0599866612865
2012-06-27 11:00:00,247.7203039830278
2012-06-27 12:00:00,308.3820735696954
2012-06-27 13:00:00,279.57593179803115
2012-06-27 14:00:00,262.85117934373426
2012-06-27 15:00:00,283.60390001862044
2012-06-27 16:00:00,409.39210786912923
2012-06-27 17:00:00,809.771480375972
2012-06-27 18:00:00,823.5161672191624
2012-06-27 19:00:00,589.3842105460232
2012-06-27 20:00:00,454.0649954690797
2012-06-27 21:00:00,333.2112869131793
2012-06-27 22:00:00,243.94184103693266
2012-06-27 23:00:00,148.44769961917805
2012-06-28 00:00:00,63.00080951635708
2012-06-28 01:00:00,23.99452269116669
2012-06-28 02:00:00,12.430897163100282
2012-06-28 03:00:00,7.838592414299019
2012-06-28 04:00:00,8.316477103199258
2012-06-28 05:00:00,43.02422311418032
2012-06-28 06:00:00,196.8847247593581
2012-06-28 07:00:00,556.5209021150611
2012-06-28 08:00:00,769.3766239596044
2012-06-28 09:00:00,362.2933372412917
2012-06-28 10:00:00,211.91527031858843
2012-06-28 11:00:00,255.80689856718183
2012-06-28 12:00:00,293.59316830968606
2012-06-28 13:00:00,281.5335118626565
2012-06-28 14:00:00,260.69318515470115
2012-06-28 15:00:00,283.9320514535625
2012-06-28 16:00:00,423.1810231746787
2012-06-28 17:00:00,771.7950307678261
2012-06-28 18:00:00,763.9806957143054
2012-06-28 19:00:00,564.8896521449919
2012-06-28 20:00:00,458.7477101719977
2012-06-28 21:00:00,336.6023740645543
2012-06-28 22:00:00,243.5966641245919
2012-06-28 23:00:00,166.7377197431102
2012-06-29 00:00:00,74.53056821431063
2012-06-29 01:00:00,38.17391033966366
2012-06-29 02:00:00,18.0882597713131
2012-06-29 03:00:00,9.226138438085705
2012-06-29 04:00:00,9.00170868083907
2012-06-29 05:00:00,41.75427394832862
2012-06-29 06:00:00,170.36198494081216
2012-06-29 07:00:00,504.55460956726176
2012-06-29 08:00:00,696.3094503162757
2012-06-29 09:00:00,377.34726524844416
2012-06-29 10:00:00,206.56749577564756
2012-06-29 11:00:00,229.50894613645212
2012-06-29 12:00:00,277.82552502494025
2012-06-29 13:00:00,270.6733676783528
2012-06-29 14:00:00,235.63968527300122
2012-06-29 15:00:00,252.61800000504837
2012-06-29 16:00:00,361.10527140547066
2012-06-29 17:00:00,607.8474966484637
2012-06-29 18:00:00,513.3740624034954
2012-06-29 19:00:00,422.96763119188716
2012-06-29 20:00:00,301.3624434508757
2012-06-29 21:00:00,253.86686366485554
2012-06-29 22:00:00,176.90972634497675
2012-06-29 23:00:00,141.13607281215144
2012-06-30 00:00:00,70.80979119031632
2012-06-30 01:00:00,68.90849538430335
2012-06-30 02:00:00,71.14644209653481
2012-06-30 03:00:00,33.306686975883935
2012-06-30 04:00:00,8.638071407637284
2012-06-30 05:00:00,13.19858221413183
2012-06-30 06:00:00,26.189565642111344
2012-06-30 07:00:00,66.80192260509432
2012-06-30 08:00:00,157.9413696210529
2012-06-30 09:00:00,254.41965257370433
2012-06-30 10:00:00,416.3649539864569
2012-06-30 11:00:00,500.8178013576039
2012-06-30 12:00:00,569.5404293049814
2012-06-30 13:00:00,587.5061303265679
2012-06-30 14:00:00,559.3492649326513
2012-06-30 15:00:00,576.9443259515075
2012-06-30 16:00:00,506.93976104741796
2012-06-30 17:00:00,504.96908237301227
2012-06-30 18:00:00,423.5671183340603
2012-06-30 19:00:00,395.63485399209503
2012-06-30 20:00:00,318.94505285991266
2012-06-30 21:00:00,263.18433106313273
2012-06-30 22:00:00,223.23168051251116
2012-06-30 23:00:00,195.55452894349486
2012-07-20 00:00:00,33.562245160944926
2012-07-20 01:00:00,31.848183579856006
2012-07-20 02:00:00,13.52025963779311
2012-07-20 03:00:00,7.613176450582994
2012-07-20 04:00:00,7.777630316214077
2012-07-20 05:00:00,34.70106201070452
2012-07-20 06:00:00,137.5313291336096
2012-07-20 07:00:00,389.4350251558767
2012-07-20 08:00:00,633.8255613814382
2012-07-20 09:00:00,335.34409717779596
2012-07-20 10:00:00,202.52690519551732
2012-07-20 11:00:00,192.16983431341853
2012-07-20 12:00:00,190.65764190932566
2012-07-20 13:00:00,167.32214928893404
2012-07-20 14:00:00,151.01928757125998
2012-07-20 15:00:00,254.98044588145154
2012-07-20 16:00:00,376.8103852968023
2012-07-20 17:00:00,542.415817050957
2012-07-20 18:00:00,553.1976389975019
2012-07-20 19:00:00,350.9477736166701
2012-07-20 20:00:00,145.40702039903118
2012-07-20 21:00:00,117.4662504093864
2012-07-20 22:00:00,194.48023258185938
2012-07-20 23:00:00,135.45240316286095
2012-07-21 00:00:00,66.90585698681157
2012-07-21 01:00:00,99.72391821528569
2012-07-21 02:00:00,42.57986627048438
2012-07-21 03:00:00,20.678902684038587
2012-07-21 04:00:00,5.931844645576327
2012-07-21 05:00:00,7.162197566106316
2012-07-21 06:00:00,12.641171785476493
2012-07-21 07:00:00,53.22706974789987
2012-07-21 08:00:00,138.9139975126999
2012-07-21 09:00:00,219.13438628468805
2012-07-21 10:00:00,162.72784375303488
2012-07-21 11:00:00,362.74448388116895
2012-07-21 12:00:00,249.39286003161243
2012-07-21 13:00:00,255.83432648144034
2012-07-21 14:00:00,368.87424994862363
2012-07-21 15:00:00,210.3623965142959
2012-07-21 16:00:00,199.40923422896185
2012-07-21 17:00:00,199.81471187094752
2012-07-21 18:00:00,293.2783463038828
2012-07-21 19:00:00,282.98283349934513
2012-07-21 20:00:00,127.6624091318134
2012-07-21 21:00:00,186.54394482324892
2012-07-21 22:00:00,163.97192397272627
2012-07-21 23:00:00,138.1538533345045
2012-07-22 00:00:00,103.94300995152513
2012-07-22 01:00:00,91.57025633289538
2012-07-22 02:00:00,72.44109163813356
2012-07-22 03:00:00,35.47080995915168
2012-07-22 04:00:00,10.484416737170351
2012-07-22 05:00:00,11.589321086674122
2012-07-22 06:00:00,18.436137559101006
2012-07-22 07:00:00,45.647284222047524
2012-07-22 08:00:00,115.96476616925435
2012-07-22 09:00:00,261.14205732971334
2012-07-22 10:00:00,367.3448261243129
2012-07-22 11:00:00,437.16490825649464
2012-07-22 12:00:00,538.3747491296348
2012-07-22 13:00:00,538.3165333820032
2012-07-22 14:00:00,524.5738619468304
2012-07-22 15:00:00,529.0928442753429
2012-07-22 16:00:00,514.6702130459022
2012-07-22 17:00:00,494.66680303620103
2012-07-22 18:00:00,434.5906230887483
2012-07-22 19:00:00,369.7842707189864
2012-07-22 20:00:00,300.61529775985673
2012-07-22 21:00:00,215.87347499494052
2012-07-22 22:00:00,191.34389796136335
2012-07-22 23:00:00,116.60876336534278
2012-07-23 00:00:00,44.42089268226732
2012-07-23 01:00:00,15.583181327458822
2012-07-23 02:00:00,6.648756981220656
2012-07-23 03:00:00,4.43242098436521
2012-07-23 04:00:00,5.831873240280633
2012-07-23 05:00:00,25.22551796145061
2012-07-23 06:00:00,142.60098714225924
2012-07-23 07:00:00,425.4746763322883
2012-07-23 08:00:00,587.9128722870717
2012-07-23 09:00:00,286.8218793793107
2012-07-23 10:00:00,170.11138960204403
2012-07-23 11:00:00,213.91241641782125
2012-07-23 12:00:00,263.7535256021535
2012-07-23 13:00:00,246.8400237295252
2012-07-23 14:00:00,230.86204953088497
2012-07-23 15:00:00,272.36079096966085
2012-07-23 16:00:00,390.522532899966
2012-07-23 17:00:00,766.7363657795994
2012-07-23 18:00:00,759.0781412945578
2012-07-23 19:00:00,564.0061155619704
2012-07-23 20:00:00,396.74139633352473
2012-07-23 21:00:00,287.1258099697193
2012-07-23 22:00:00,205.28635234031185
2012-07-23 23:00:00,110.33219777355697
2012-07-24 00:00:00,56.88058703600799
2012-07-24 01:00:00,17.650344724717545
2012-07-24 02:00:00,7.654605359129286
2012-07-24 03:00:00,6.406499084123761
2012-07-24 04:00:00,7.495454988228956
2012-07-24 05:00:00,38.35510596592921
2012-07-24 06:00:00,164.41053197037826
2012-07-24 07:00:00,494.71783689379464
2012-07-24 08:00:00,689.9362967980567
2012-07-24 09:00:00,297.21602035312026
2012-07-24 10:00:00,190.67344258524588
2012-07-24 11:00:00,198.33561898928423
2012-07-24 12:00:00,251.79000062410688
2012-07-24 13:00:00,244.58933587011813
2012-07-24 14:00:00,230.85553161838845
2012-07-24 15:00:00,279.96985931328265
2012-07-24 16:00:00,429.46595844109436
2012-07-24 17:00:00,828.26998469079
2012-07-24 18:00:00,811.5169527035288
2012-07-24 19:00:00,556.3065298331836
2012-07-24 20:00:00,395.7919172387539
2012-07-24 21:00:00,298.219235262211
2012-07-24 22:00:00,219.50872131174498
2012-07-24 23:00:00,139.28129247917465
2012-07-25 00:00:00,59.548816097287975
2012-07-25 01:00:00,23.129498427150843
2012-07-25 02:00:00,10.347586344549153
2012-07-25 03:00:00,7.263595901467614
2012-07-25 04:00:00,7.328344769363223
2012-07-25 05:00:00,42.26596644342058
2012-07-25 06:00:00,191.56309322472225
2012-07-25 07:00:00,552.0176921416509
2012-07-25 08:00:00,785.6912481664599
2012-07-25 09:00:00,374.76934743942877
2012-07-25 10:00:00,206.34727810466376
2012-07-25 11:00:00,234.43716287944977
2012-07-25 12:00:00,301.7200871485674
2012-07-25 13:00:00,281.50039142456393
2012-07-25 14:00:00,259.71032972785804
2012-07-25 15:00:00,295.86693945670004
2012-07-25 16:00:00,428.0598116653369
2012-07-25 17:00:00,785.0569659455407
2012-07-25 18:00:00,807.3346952282486
2012-07-25 19:00:00,585.2429890876203
2012-07-25 20:00:00,457.11917646546715
2012-07-25 21:00:00,332.71579190243455
2012-07-25 22:00:00,240.79239458213135
2012-07-25 23:00:00,146.2550672571528
2012-07-26 00:00:00,61.981014097728455
2012-07-26 01:00:00,24.044155963839472
2012-07-26 02:00:00,12.805754902192865
2012-07-26 03:00:00,7.575174724809557
2012-07-26 04:00:00,8.591549708409724
2012-07-26 05:00:00,47.88369883682423
2012-07-26 06:00:00,194.902139844221
2012-07-26 07:00:00,561.9697533967774
2012-07-26 08:00:00,707.5120424816297
2012-07-26 09:00:00,332.56404687140724
2012-07-26 10:00:00,196.49347235559898
2012-07-26 11:00:00,214.56207186558098
2012-07-26 12:00:00,270.78928564555713
2012-07-26 13:00:00,248.31272394318586
2012-07-26 14:00:00,214.40244025749737
2012-07-26 15:00:00,221.9469792092145
2012-07-26 16:00:00,332.75159290417014
2012-07-26 17:00:00,674.6561533413438
2012-07-26 18:00:00,622.9798194022528
2012-07-26 19:00:00,463.3689834722548
2012-07-26 20:00:00,391.6671068344937
2012-07-26 21:00:00,293.8176249903114
2012-07-26 22:00:00,221.14395828740777
2012-07-26 23:00:00,161.68726236670125
2012-07-27 00:00:00,69.55945282417605
2012-07-27 01:00:00,36.473449022997094
2012-07-27 02:00:00,15.647290251694445
2012-07-27 03:00:00,8.851849594688215
2012-07-27 04:00:00,8.21840062001998
2012-07-27 05:00:00,38.52104141938067
2012-07-27 06:00:00,155.3556970916572
2012-07-27 07:00:00,498.956998775932
2012-07-27 08:00:00,680.1999357215266
2012-07-27 09:00:00,369.5602539671844
2012-07-27 10:00:00,223.2263346144243
2012-07-27 11:00:00,276.9230438498588
2012-07-27 12:00:00,330.03866165697673
2012-07-27 13:00:00,336.7594927387779
2012-07-27 14:00:00,289.1358477113637
2012-07-27 15:00:00,347.16812705262566
2012-07-27 16:00:00,489.54291718201705
2012-07-27 17:00:00,763.5007142370488
2012-07-27 18:00:00,699.6021410511671
2012-07-27 19:00:00,503.3871365642219
2012-07-27 20:00:00,364.9091430160537
2012-07-27 21:00:00,288.52383871571254
2012-07-27 22:00:00,260.32334209671046
2012-07-27 23:00:00,189.71613498117364
2012-07-28 00:00:00,159.82569332065043
2012-07-28 01:00:00,132.3249315936507
2012-07-28 02:00:00,87.35008266124129
2012-07-28 03:00:00,37.466331056021374
2012-07-28 04:00:00,11.79468253649928
2012-07-28 05:00:00,14.651206194349328
2012-07-28 06:00:00,32.095462130915344
2012-07-28 07:00:00,77.3926247818973
2012-07-28 08:00:00,177.75586293422907
2012-07-28 09:00:00,295.89305181895514
2012-07-28 10:00:00,431.5976778379737
2012-07-28 11:00:00,536.8497811670605
2012-07-28 12:00:00,596.7483717016904
2012-07-28 13:00:00,573.0885716164769
2012-07-28 14:00:00,577.7974100233516
2012-07-28 15:00:00,563.4958273495089
2012-07-28 16:00:00,550.5856933109643
2012-07-28 17:00:00,538.4384290807777
2012-07-28 18:00:00,482.9737983204593
2012-07-28 19:00:00,367.9217052247644
2012-07-28 20:00:00,292.1711920239741
2012-07-28 21:00:00,256.519630995568
2012-07-28 22:00:00,216.890703332121
2012-07-28 23:00:00,184.1091985709387
2012-07-29 00:00:00,125.5368603948061
2012-07-29 01:00:00,110.80131280688825
2012-07-29 02:00:00,95.605828695964
2012-07-29 03:00:00,43.13176970825045
2012-07-29 04:00:00,12.331857651053097
2012-07-29 05:00:00,13.900921789233886
2012-07-29 06:00:00,22.167176919157804
2012-07-29 07:00:00,63.24468940478238
2012-07-29 08:00:00,139.16146379790837
2012-07-29 09:00:00,279.95168531843046
2012-07-29 10:00:00,399.1910988477571
2012-07-29 11:00:00,510.9964081521154
2012-07-29 12:00:00,575.7060224394886
2012-07-29 13:00:00,569.1284795182311
2012-07-29 14:00:00,565.8448089983738
2012-07-29 15:00:00,562.631086446383
2012-07-29 16:00:00,549.9310525580718
2012-07-29 17:00:00,521.5875790640446
2012-07-29 18:00:00,448.68129003106935
2012-07-29 19:00:00,389.83908195342804
2012-07-29 20:00:00,290.9889341848827
2012-07-29 21:00:00,236.98365093518822
2012-07-29 22:00:00,186.04356933722207
2012-07-29 23:00:00,118.41524638120957
2012-07-30 00:00:00,53.446350478524536
2012-07-30 01:00:00,18.05287642362399
2012-07-30 02:00:00,9.224498792307616
2012-07-30 03:00:00,6.217906371753021
2012-07-30 04:00:00,7.2186675778739575
2012-07-30 05:00:00,35.723295269361806
2012-07-30 06:00:00,156.98483116363897
2012-07-30 07:00:00,439.5662559725908
2012-07-30 08:00:00,584.2744718397296
2012-07-30 09:00:00,284.7761315770633
2012-07-30 10:00:00,171.05463833959368
2012-07-30 11:00:00,213.8758283768053
2012-07-30 12:00:00,260.09867800078405
2012-07-30 13:00:00,267.07545774423056
2012-07-30 14:00:00,249.7631619749314
2012-07-30 15:00:00,273.3964922133938
2012-07-30 16:00:00,408.96429627529477
2012-07-30 17:00:00,796.4780094233417
2012-07-30 18:00:00,773.3474692079883
2012-07-30 19:00:00,555.2966492746605
2012-07-30 20:00:00,394.91846217379384
2012-07-30 21:00:00,285.2022514739972
2012-07-30 22:00:00,187.94332424221653
2012-07-30 23:00:00,116.95300338121096
2012-07-31 00:00:00,52.711651596380435
2012-07-31 01:00:00,16.936385349846766
2012-07-31 02:00:00,7.588689530175231
2012-07-31 03:00:00,6.470489159228003
2012-07-31 04:00:00,7.539252818463563
2012-07-31 05:00:00,38.069338070753915
2012-07-31 06:00:00,166.20690292095546
2012-07-31 07:00:00,477.09252944150677
2012-07-31 08:00:00,659.6559845073718
2012-07-31 09:00:00,322.4438410665741
2012-07-31 10:00:00,181.2696365407446
2012-07-31 11:00:00,214.60148180374554
2012-07-31 12:00:00,272.61298136798035
2012-07-31 13:00:00,275.1028684873278
2012-07-31 14:00:00,254.95148823933295
2012-07-31 15:00:00,273.4434156011736
2012-07-31 16:00:00,432.94046340955566
2012-07-31 17:00:00,856.9524996634469
2012-07-31 18:00:00,818.1116255968369
2012-07-31 19:00:00,430.6617311898723
2012-07-31 20:00:00,302.95742801176414
2012-07-31 21:00:00,292.45356668783194
2012-07-31 22:00:00,231.59499688674381
2012-07-31 23:00:00,112.02535134095527
2012-08-20 00:00:00,40.0060650599575
2012-08-20 01:00:00,16.046277613587133
2012-08-20 02:00:00,8.347813028760498
2012-08-20 03:00:00,5.967376692573669
2012-08-20 04:00:00,6.822533591349942
2012-08-20 05:00:00,31.17818908902407
2012-08-20 06:00:00,151.97845638778114
2012-08-20 07:00:00,408.97193883929424
2012-08-20 08:00:00,593.0832033420529
2012-08-20 09:00:00,303.20351828867587
2012-08-20 10:00:00,171.3940434333191
2012-08-20 11:00:00,209.6964284533874
2012-08-20 12:00:00,271.1875519045694
2012-08-20 13:00:00,268.2939230012539
2012-08-20 14:00:00,258.0321412544406
2012-08-20 15:00:00,280.7525241130965
2012-08-20 16:00:00,423.38991229905974
2012-08-20 17:00:00,816.2219636818462
2012-08-20 18:00:00,644.6514735872508
2012-08-20 19:00:00,477.6017881501708
2012-08-20 20:00:00,255.29694346594363
2012-08-20 21:00:00,245.46326360384367
2012-08-20 22:00:00,146.82658233256657
2012-08-20 23:00:00,83.72910240896437
2012-08-21 00:00:00,42.74542476544777
2012-08-21 01:00:00,14.34819048466253
2012-08-21 02:00:00,5.990662082829414
2012-08-21 03:00:00,6.148501218571374
2012-08-21 04:00:00,7.538129972119083
2012-08-21 05:00:00,38.232998821715725
2012-08-21 06:00:00,168.46716798432482
2012-08-21 07:00:00,480.71641732239533
2012-08-21 08:00:00,681.7503847594455
2012-08-21 09:00:00,325.4705873957948
2012-08-21 10:00:00,203.86839085600107
2012-08-21 11:00:00,225.97970645298975
2012-08-21 12:00:00,289.15523720588135
2012-08-21 13:00:00,283.7217867354853
2012-08-21 14:00:00,270.964685191468
2012-08-21 15:00:00,290.2610478117556
2012-08-21 16:00:00,451.9050949780889
2012-08-21 17:00:00,869.0731569442931
2012-08-21 18:00:00,867.7595755049755
2012-08-21 19:00:00,351.9055510960831
2012-08-21 20:00:00,401.88705699164143
2012-08-21 21:00:00,293.2593190709896
2012-08-21 22:00:00,196.58126457730737
2012-08-21 23:00:00,114.780916907337
2012-08-22 00:00:00,49.74867020488445
2012-08-22 01:00:00,19.589963720144556
2012-08-22 02:00:00,8.466301492465059
2012-08-22 03:00:00,7.3173753757645725
2012-08-22 04:00:00,6.940801860513596
2012-08-22 05:00:00,40.76753489017388
2012-08-22 06:00:00,186.94502104781165
2012-08-22 07:00:00,497.3441756316099
2012-08-22 08:00:00,739.4734201295261
2012-08-22 09:00:00,341.2971412609372
2012-08-22 10:00:00,201.230579275755
2012-08-22 11:00:00,228.70396846731936
2012-08-22 12:00:00,290.2586737984326
2012-08-22 13:00:00,275.4150132098927
2012-08-22 14:00:00,260.4905631195993
2012-08-22 15:00:00,285.9354204554832
2012-08-22 16:00:00,278.49328105082594
2012-08-22 17:00:00,553.7028870511017
2012-08-22 18:00:00,548.8834389796475
2012-08-22 19:00:00,517.6828928930823
2012-08-22 20:00:00,428.3167548979645
2012-08-22 21:00:00,301.14647425350955
2012-08-22 22:00:00,219.26565222814676
2012-08-22 23:00:00,122.5976935166383
2012-08-23 00:00:00,54.431736704672666
2012-08-23 01:00:00,20.356909456868
2012-08-23 02:00:00,10.364060866333597
2012-08-23 03:00:00,7.325878279516642
2012-08-23 04:00:00,7.473655320542887
2012-08-23 05:00:00,40.14392716917475
2012-08-23 06:00:00,168.76586592346968
2012-08-23 07:00:00,432.65585558286097
2012-08-23 08:00:00,702.218515518807
2012-08-23 09:00:00,340.02205100558484
2012-08-23 10:00:00,195.28409582563313
2012-08-23 11:00:00,245.40986497165193
2012-08-23 12:00:00,305.6445258810688
2012-08-23 13:00:00,297.35183174758004
2012-08-23 14:00:00,271.2323125051589
2012-08-23 15:00:00,285.3346633782012
2012-08-23 16:00:00,444.85138713468734
2012-08-23 17:00:00,850.9429332537555
2012-08-23 18:00:00,822.7348825903163
2012-08-23 19:00:00,593.3228290827411
2012-08-23 20:00:00,452.2382620999215
2012-08-23 21:00:00,339.203914218846
2012-08-23 22:00:00,245.38991653071682
2012-08-23 23:00:00,149.1719848931877
2012-08-24 00:00:00,67.78303973755285
2012-08-24 01:00:00,32.62920869858391
2012-08-24 02:00:00,16.481911604841528
2012-08-24 03:00:00,8.470609633984333
2012-08-24 04:00:00,8.315621445589137
2012-08-24 05:00:00,41.579727346329435
2012-08-24 06:00:00,141.4137376723477
2012-08-24 07:00:00,418.8261401829963
2012-08-24 08:00:00,670.6536805465792
2012-08-24 09:00:00,380.84930544045164
2012-08-24 10:00:00,229.35050508535886
2012-08-24 11:00:00,278.78671855268715
2012-08-24 12:00:00,346.9568501901844
2012-08-24 13:00:00,350.56113685126047
2012-08-24 14:00:00,320.01997636077283
2012-08-24 15:00:00,348.3407112007879
2012-08-24 16:00:00,488.83090997084673
2012-08-24 17:00:00,842.1937562884123
2012-08-24 18:00:00,697.4974614064502
2012-08-24 19:00:00,504.076797771612
2012-08-24 20:00:00,364.8711760227565
2012-08-24 21:00:00,290.29782467513706
2012-08-24 22:00:00,258.17871709894115
2012-08-24 23:00:00,193.12757627552966
2012-08-25 00:00:00,154.4633222902075
2012-08-25 01:00:00,126.41460851584702
2012-08-25 02:00:00,86.72685886035211
2012-08-25 03:00:00,39.96097542909417
2012-08-25 04:00:00,12.864090939104408
2012-08-25 05:00:00,13.559746191051168
2012-08-25 06:00:00,27.424182554809146
2012-08-25 07:00:00,65.19674764035348
2012-08-25 08:00:00,175.46825452933535
2012-08-25 09:00:00,284.05260849857285
2012-08-25 10:00:00,423.9654752985682
2012-08-25 11:00:00,506.5464153854947
2012-08-25 12:00:00,442.14303691750547
2012-08-25 13:00:00,618.3582831843173
2012-08-25 14:00:00,379.55088560611426
2012-08-25 15:00:00,491.2764278799097
2012-08-25 16:00:00,480.9568956512205
2012-08-25 17:00:00,435.83933215110744
2012-08-25 18:00:00,402.8063164062397
2012-08-25 19:00:00,316.9774575164519
2012-08-25 20:00:00,137.55660567684652
2012-08-25 21:00:00,201.47657523106673
2012-08-25 22:00:00,170.95993816528818
2012-08-25 23:00:00,146.8180792090794
2012-08-26 00:00:00,114.90109198989637
2012-08-26 01:00:00,97.97719215325178
2012-08-26 02:00:00,69.94133807839994
2012-08-26 03:00:00,34.92843658312628
2012-08-26 04:00:00,9.530783426284259
2012-08-26 05:00:00,11.764296278123538
2012-08-26 06:00:00,16.16705790123823
2012-08-26 07:00:00,49.225513060206104
2012-08-26 08:00:00,118.68888646264375
2012-08-26 09:00:00,255.92132368805358
2012-08-26 10:00:00,391.98352111926135
2012-08-26 11:00:00,460.37269560070615
2012-08-26 12:00:00,369.2547484926688
2012-08-26 13:00:00,293.20522311741723
2012-08-26 14:00:00,409.5172976685109
2012-08-26 15:00:00,182.11175874394343
2012-08-26 16:00:00,188.07866950920265
2012-08-26 17:00:00,353.9447107089497
2012-08-26 18:00:00,302.3909019229361
2012-08-26 19:00:00,266.9524786969478
2012-08-26 20:00:00,230.23965093237854
2012-08-26 21:00:00,208.3821143440747
2012-08-26 22:00:00,148.9240734341974
2012-08-26 23:00:00,102.44144899490601
2012-08-27 00:00:00,44.680090401747165
2012-08-27 01:00:00,15.28114752260764
2012-08-27 02:00:00,7.9940794356266816
2012-08-27 03:00:00,5.949685153554329
2012-08-27 04:00:00,7.235714481199747
2012-08-27 05:00:00,33.70875816882547
2012-08-27 06:00:00,145.68267430137257
2012-08-27 07:00:00,411.2598248108196
2012-08-27 08:00:00,598.1428036014695
2012-08-27 09:00:00,281.8728490743139
2012-08-27 10:00:00,175.81327363657715
2012-08-27 11:00:00,208.92626381929813
2012-08-27 12:00:00,260.5338889837762
2012-08-27 13:00:00,255.7440477148511
2012-08-27 14:00:00,241.80435818038129
2012-08-27 15:00:00,268.96192284635583
2012-08-27 16:00:00,405.9855221903372
2012-08-27 17:00:00,811.1912467317054
2012-08-27 18:00:00,785.0613711770012
2012-08-27 19:00:00,561.6246468065725
2012-08-27 20:00:00,393.22537321693954
2012-08-27 21:00:00,283.510138881606
2012-08-27 22:00:00,171.83355898435238
2012-08-27 23:00:00,102.06518915455281
2012-08-28 00:00:00,49.26479962261787
2012-08-28 01:00:00,16.46513628721355
2012-08-28 02:00:00,8.126340259615144
2012-08-28 03:00:00,6.269219626100672
2012-08-28 04:00:00,7.600825743152557
2012-08-28 05:00:00,33.9616500424084
2012-08-28 06:00:00,148.31142061778047
2012-08-28 07:00:00,413.18314987769867
2012-08-28 08:00:00,580.149728497224
2012-08-28 09:00:00,292.9363443748125
2012-08-28 10:00:00,197.91465540953797
2012-08-28 11:00:00,231.24573199870903
2012-08-28 12:00:00,275.8689393451708
2012-08-28 13:00:00,280.7619597888143
2012-08-28 14:00:00,255.44988188473752
2012-08-28 15:00:00,294.84778545974984
2012-08-28 16:00:00,448.9341939259896
2012-08-28 17:00:00,872.9654502541385
2012-08-28 18:00:00,852.6638491552366
2012-08-28 19:00:00,593.3814842542245
2012-08-28 20:00:00,424.94227457548396
2012-08-28 21:00:00,321.86835889385384
2012-08-28 22:00:00,229.85009043571253
2012-08-28 23:00:00,138.78959482742434
2012-08-29 00:00:00,57.226109622844106
2012-08-29 01:00:00,21.783510558102837
2012-08-29 02:00:00,9.212958800716871
2012-08-29 03:00:00,6.915493858863485
2012-08-29 04:00:00,7.307685689333118
2012-08-29 05:00:00,43.91639220023953
2012-08-29 06:00:00,195.16625911930618
2012-08-29 07:00:00,514.0458208663821
2012-08-29 08:00:00,765.772751213267
2012-08-29 09:00:00,356.9749244007753
2012-08-29 10:00:00,203.1193668777704
2012-08-29 11:00:00,231.67571416518211
2012-08-29 12:00:00,292.9749227642465
2012-08-29 13:00:00,274.60769237985687
2012-08-29 14:00:00,264.1714940570032
2012-08-29 15:00:00,295.1656437136584
2012-08-29 16:00:00,443.2830815433123
2012-08-29 17:00:00,845.3986618644083
2012-08-29 18:00:00,848.7776427924911
2012-08-29 19:00:00,612.1012759538531
2012-08-29 20:00:00,429.1596958414718
2012-08-29 21:00:00,327.4059457531682
2012-08-29 22:00:00,233.45646850634367
2012-08-29 23:00:00,140.4320064017523
2012-08-30 00:00:00,58.63466602741805
2012-08-30 01:00:00,22.753856518195988
2012-08-30 02:00:00,11.08999652339328
2012-08-30 03:00:00,6.9554145452065095
2012-08-30 04:00:00,7.941582768941418
2012-08-30 05:00:00,45.02753480249192
2012-08-30 06:00:00,179.09010073854432
2012-08-30 07:00:00,530.6345349469004
2012-08-30 08:00:00,728.1463639093779
2012-08-30 09:00:00,353.92632318208837
2012-08-30 10:00:00,200.81817093860835
2012-08-30 11:00:00,248.8119100499784
2012-08-30 12:00:00,308.94023987113644
2012-08-30 13:00:00,292.67229713289015
2012-08-30 14:00:00,273.03761944682776
2012-08-30 15:00:00,290.33802294459883
2012-08-30 16:00:00,455.74743647067606
2012-08-30 17:00:00,858.0251502222653
2012-08-30 18:00:00,802.7055312760747
2012-08-30 19:00:00,579.340017275607
2012-08-30 20:00:00,434.2158280137497
2012-08-30 21:00:00,314.92345715548754
2012-08-30 22:00:00,245.02747821381524
2012-08-30 23:00:00,165.2386384536449
2012-08-31 00:00:00,65.88951380135155
2012-08-31 01:00:00,34.083829943600634
2012-08-31 02:00:00,14.719191785638152
2012-08-31 03:00:00,8.653234184820255
2012-08-31 04:00:00,8.265572454993677
2012-08-31 05:00:00,38.80268088291018
2012-08-31 06:00:00,139.26392817832462
2012-08-31 07:00:00,383.29146011097333
2012-08-31 08:00:00,659.8556303728479
2012-08-31 09:00:00,360.87737616806254
2012-08-31 10:00:00,231.10930925762628
2012-08-31 11:00:00,291.5425566236413
2012-08-31 12:00:00,357.2878956147501
2012-08-31 13:00:00,341.6863666017672
2012-08-31 14:00:00,294.90430574283664
2012-08-31 15:00:00,317.8343072833128
2012-08-31 16:00:00,456.71291021696743
2012-08-31 17:00:00,753.8837887816584
2012-08-31 18:00:00,706.1374791165468
2012-08-31 19:00:00,502.57419216695905
2012-08-31 20:00:00,369.5351837497474
2012-08-31 21:00:00,296.24439953096953
2012-08-31 22:00:00,268.13050637178804
2012-08-31 23:00:00,199.9032808213173
2012-09-20 00:00:00,60.609916372250076
2012-09-20 01:00:00,22.909959083574254
2012-09-20 02:00:00,12.85535474543201
2012-09-20 03:00:00,7.557451926744465
2012-09-20 04:00:00,6.517975924592264
2012-09-20 05:00:00,43.12852101501471
2012-09-20 06:00:00,175.96754198001364
2012-09-20 07:00:00,536.5670819035116
2012-09-20 08:00:00,872.6455684847199
2012-09-20 09:00:00,355.17846481536833
2012-09-20 10:00:00,203.62795442824364
2012-09-20 11:00:00,243.58735554848082
2012-09-20 12:00:00,308.62257479387443
2012-09-20 13:00:00,292.6470139780697
2012-09-20 14:00:00,280.18934069280607
2012-09-20 15:00:00,306.36824548288087
2012-09-20 16:00:00,458.2472597852052
2012-09-20 17:00:00,873.4594151949444
2012-09-20 18:00:00,820.243490985272
2012-09-20 19:00:00,550.1599180367209
2012-09-20 20:00:00,401.05074628730716
2012-09-20 21:00:00,309.91273876809225
2012-09-20 22:00:00,230.87859764424456
2012-09-20 23:00:00,149.92436819236076
2012-09-21 00:00:00,65.2962243506798
2012-09-21 01:00:00,37.51113745800868
2012-09-21 02:00:00,18.3753689641158
2012-09-21 03:00:00,10.487027633831602
2012-09-21 04:00:00,8.920200207696531
2012-09-21 05:00:00,44.50767118045422
2012-09-21 06:00:00,178.0985693488997
2012-09-21 07:00:00,507.3826764218567
2012-09-21 08:00:00,747.7334878332564
2012-09-21 09:00:00,374.9304292401605
2012-09-21 10:00:00,244.85907730265797
2012-09-21 11:00:00,296.9530261595278
2012-09-21 12:00:00,366.41933875194206
2012-09-21 13:00:00,371.1124739702723
2012-09-21 14:00:00,329.931042735913
2012-09-21 15:00:00,383.82770870961906
2012-09-21 16:00:00,537.6551117714785
2012-09-21 17:00:00,860.787548656905
2012-09-21 18:00:00,742.0569530275094
2012-09-21 19:00:00,497.6092030756416
2012-09-21 20:00:00,368.3246942140415
2012-09-21 21:00:00,289.7330142788099
2012-09-21 22:00:00,254.75577584035665
2012-09-21 23:00:00,180.15922385566552
2012-09-22 00:00:00,143.42717884866636
2012-09-22 01:00:00,96.54648004492473
2012-09-22 02:00:00,76.00766782914167
2012-09-22 03:00:00,34.22474799979857
2012-09-22 04:00:00,9.837551780333683
2012-09-22 05:00:00,11.730841959281952
2012-09-22 06:00:00,23.32490511506858
2012-09-22 07:00:00,68.71869644221977
2012-09-22 08:00:00,165.293854041475
2012-09-22 09:00:00,301.87915407902267
2012-09-22 10:00:00,439.16455001822095
2012-09-22 11:00:00,557.9971843974283
2012-09-22 12:00:00,649.0232776656451
2012-09-22 13:00:00,645.5933862924721
2012-09-22 14:00:00,633.4960493022656
2012-09-22 15:00:00,630.4898964157953
2012-09-22 16:00:00,588.6218315891576
2012-09-22 17:00:00,556.6527417309827
2012-09-22 18:00:00,501.43163063633176
2012-09-22 19:00:00,432.69461631206013
2012-09-22 20:00:00,356.5866553136093
2012-09-22 21:00:00,273.6712663810605
2012-09-22 22:00:00,236.13281489203405
2012-09-22 23:00:00,208.0908617819792
2012-09-23 00:00:00,167.2893463211095
2012-09-23 01:00:00,108.10565628118052
2012-09-23 02:00:00,91.67288226086967
2012-09-23 03:00:00,32.27505187326604
2012-09-23 04:00:00,11.58308490475165
2012-09-23 05:00:00,11.931260500612437
2012-09-23 06:00:00,20.112040032580566
2012-09-23 07:00:00,60.471072118670016
2012-09-23 08:00:00,129.61448557069127
2012-09-23 09:00:00,245.01926808577684
2012-09-23 10:00:00,421.37527491896776
2012-09-23 11:00:00,515.8569841133482
2012-09-23 12:00:00,647.8249981870233
2012-09-23 13:00:00,701.1168314335512
2012-09-23 14:00:00,679.6570323682033
2012-09-23 15:00:00,655.0478292049772
2012-09-23 16:00:00,627.5918490737052
2012-09-23 17:00:00,507.81465445195596
2012-09-23 18:00:00,440.92609394805777
2012-09-23 19:00:00,344.8113803647737
2012-09-23 20:00:00,281.2280060646541
2012-09-23 21:00:00,207.790608358029
2012-09-23 22:00:00,178.65131829818958
2012-09-23 23:00:00,97.34646857259128
2012-09-24 00:00:00,50.52289628523922
2012-09-24 01:00:00,17.356928948517623
2012-09-24 02:00:00,8.250133964099188
2012-09-24 03:00:00,6.140233369483306
2012-09-24 04:00:00,8.470280467800304
2012-09-24 05:00:00,42.32446029545706
2012-09-24 06:00:00,179.95088101615752
2012-09-24 07:00:00,499.2889604390864
2012-09-24 08:00:00,714.9204562791701
2012-09-24 09:00:00,360.3286663423402
2012-09-24 10:00:00,208.15520957524893
2012-09-24 11:00:00,242.15213887764165
2012-09-24 12:00:00,301.09097939503135
2012-09-24 13:00:00,316.0537547270102
2012-09-24 14:00:00,274.32524999163763
2012-09-24 15:00:00,297.49479070830824
2012-09-24 16:00:00,429.79147477219806
2012-09-24 17:00:00,845.4496394926604
2012-09-24 18:00:00,815.7077663477921
2012-09-24 19:00:00,523.7780683636171
2012-09-24 20:00:00,366.289950112387
2012-09-24 21:00:00,247.72585511910776
2012-09-24 22:00:00,170.233946793565
2012-09-24 23:00:00,107.46737792557867
2012-09-25 00:00:00,50.72286442734547
2012-09-25 01:00:00,15.98413097664368
2012-09-25 02:00:00,6.6393450125825275
2012-09-25 03:00:00,5.4192385325531465
2012-09-25 04:00:00,8.827284433611995
2012-09-25 05:00:00,42.9130872500859
2012-09-25 06:00:00,158.59573893652626
2012-09-25 07:00:00,458.4881568433808
2012-09-25 08:00:00,686.2784142268406
2012-09-25 09:00:00,380.9762746034954
2012-09-25 10:00:00,206.82334793321903
2012-09-25 11:00:00,260.4071900910566
2012-09-25 12:00:00,324.7143139380808
2012-09-25 13:00:00,320.52343313510244
2012-09-25 14:00:00,300.9898521742863
2012-09-25 15:00:00,327.49796589736127
2012-09-25 16:00:00,497.5173633920922
2012-09-25 17:00:00,912.0425811663193
2012-09-25 18:00:00,884.3583553870632
2012-09-25 19:00:00,561.288788671981
2012-09-25 20:00:00,440.7583513071433
2012-09-25 21:00:00,309.04002903087934
2012-09-25 22:00:00,226.6352759683922
2012-09-25 23:00:00,139.0354050503241
2012-09-26 00:00:00,55.445097655285245
2012-09-26 01:00:00,18.972431934201328
2012-09-26 02:00:00,7.906698630185805
2012-09-26 03:00:00,6.121113041612481
2012-09-26 04:00:00,10.111254595125134
2012-09-26 05:00:00,48.581411977799966
2012-09-26 06:00:00,193.97698664400795
2012-09-26 07:00:00,554.637904431049
2012-09-26 08:00:00,677.8988061832621
2012-09-26 09:00:00,398.34641910399114
2012-09-26 10:00:00,203.6246420388369
2012-09-26 11:00:00,267.6337583565113
2012-09-26 12:00:00,347.069436830327
2012-09-26 13:00:00,324.9260058230724
2012-09-26 14:00:00,288.18064710335324
2012-09-26 15:00:00,316.51503756771046
2012-09-26 16:00:00,466.97621602611093
2012-09-26 17:00:00,848.2440542737041
2012-09-26 18:00:00,829.5827739451756
2012-09-26 19:00:00,566.7351869023752
2012-09-26 20:00:00,464.82807437373503
2012-09-26 21:00:00,314.2868391085807
2012-09-26 22:00:00,139.22207401176885
2012-09-26 23:00:00,116.36558493100699
2012-09-27 00:00:00,58.421827387800995
2012-09-27 01:00:00,23.895710764557084
2012-09-27 02:00:00,9.92201192510163
2012-09-27 03:00:00,7.4420976444295235
2012-09-27 04:00:00,11.040430911037596
2012-09-27 05:00:00,46.69739183005387
2012-09-27 06:00:00,198.33864772697635
2012-09-27 07:00:00,558.498083652186
2012-09-27 08:00:00,783.3157514970212
2012-09-27 09:00:00,396.12788834103446
2012-09-27 10:00:00,226.1366638016164
2012-09-27 11:00:00,271.1023031971978
2012-09-27 12:00:00,340.96166338200544
2012-09-27 13:00:00,318.8352531387942
2012-09-27 14:00:00,293.62987194853804
2012-09-27 15:00:00,297.891265568678
2012-09-27 16:00:00,458.07979524403964
2012-09-27 17:00:00,738.4592043524854
2012-09-27 18:00:00,769.9087955064668
2012-09-27 19:00:00,544.5808777227484
2012-09-27 20:00:00,435.2393234619642
2012-09-27 21:00:00,159.55040468417386
2012-09-27 22:00:00,119.45807231455248
2012-09-27 23:00:00,105.02401796720812
2012-09-28 00:00:00,38.76763415142333
2012-09-28 01:00:00,24.29658509123405
2012-09-28 02:00:00,10.134584890735345
2012-09-28 03:00:00,7.259513149722869
2012-09-28 04:00:00,9.491383540188005
2012-09-28 05:00:00,45.31582892264411
2012-09-28 06:00:00,145.1059689918529
2012-09-28 07:00:00,409.57331128614135
2012-09-28 08:00:00,680.4091193144756
2012-09-28 09:00:00,370.9100278858705
2012-09-28 10:00:00,229.5613372448492
2012-09-28 11:00:00,305.85885571866294
2012-09-28 12:00:00,402.0420558122437
2012-09-28 13:00:00,402.1267128095227
2012-09-28 14:00:00,356.69672319464837
2012-09-28 15:00:00,395.3054694750336
2012-09-28 16:00:00,540.4283438013945
2012-09-28 17:00:00,845.7308896506523
2012-09-28 18:00:00,694.8022526085163
2012-09-28 19:00:00,400.4768343971392
2012-09-28 20:00:00,290.3159587638769
2012-09-28 21:00:00,223.88468971914688
2012-09-28 22:00:00,223.04001631249523
2012-09-28 23:00:00,173.52319879525635
2012-09-29 00:00:00,161.82802405406767
2012-09-29 01:00:00,131.36408144778852
2012-09-29 02:00:00,85.27870353627405
2012-09-29 03:00:00,34.1515096072187
2012-09-29 04:00:00,13.66315630813046
2012-09-29 05:00:00,12.971290803761494
2012-09-29 06:00:00,30.703291185782057
2012-09-29 07:00:00,71.38545018286744
2012-09-29 08:00:00,172.95336784654737
2012-09-29 09:00:00,279.7661451235639
2012-09-29 10:00:00,474.121759971889
2012-09-29 11:00:00,570.4272386439588
2012-09-29 12:00:00,767.9660653675513
2012-09-29 13:00:00,760.0365300282349
2012-09-29 14:00:00,747.7864011952389
2012-09-29 15:00:00,717.8135366240055
2012-09-29 16:00:00,706.4815565961601
2012-09-29 17:00:00,622.8421524808863
2012-09-29 18:00:00,473.2205792954692
2012-09-29 19:00:00,391.0651688948477
2012-09-29 20:00:00,294.0158416452766
2012-09-29 21:00:00,257.5880379167661
2012-09-29 22:00:00,198.2336116006883
2012-09-29 23:00:00,181.25385763522885
2012-09-30 00:00:00,131.51038079626406
2012-09-30 01:00:00,112.57784629822825
2012-09-30 02:00:00,78.45242089851472
2012-09-30 03:00:00,33.99145165509831
2012-09-30 04:00:00,11.818418732824938
2012-09-30 05:00:00,12.342575854010672
2012-09-30 06:00:00,21.519693621082695
2012-09-30 07:00:00,57.040872675348254
2012-09-30 08:00:00,130.64310679596952
2012-09-30 09:00:00,293.40013964957996
2012-09-30 10:00:00,455.5211679608284
2012-09-30 11:00:00,589.6646785895598
2012-09-30 12:00:00,688.8224553666405
2012-09-30 13:00:00,698.6895099916246
2012-09-30 14:00:00,664.3558814128431
2012-09-30 15:00:00,658.8733452894203
2012-09-30 16:00:00,656.6323852064482
2012-09-30 17:00:00,590.123515902543
2012-09-30 18:00:00,372.04589685652246
2012-09-30 19:00:00,205.57034228638574
2012-09-30 20:00:00,159.3105863077799
2012-09-30 21:00:00,188.19209312857453
2012-09-30 22:00:00,151.1300858452518
2012-09-30 23:00:00,100.65841370986402
2012-10-20 00:00:00,141.15597361327036
2012-10-20 01:00:00,124.98237473679228
2012-10-20 02:00:00,76.69710710300029
2012-10-20 03:00:00,33.745636182313916
2012-10-20 04:00:00,12.128712211138675
2012-10-20 05:00:00,12.158959506623566
2012-10-20 06:00:00,29.355193219651856
2012-10-20 07:00:00,67.66506395079662
2012-10-20 08:00:00,185.092803929377
2012-10-20 09:00:00,302.4289438114157
2012-10-20 10:00:00,503.5314903727068
2012-10-20 11:00:00,577.5745025096746
2012-10-20 12:00:00,688.2433591461839
2012-10-20 13:00:00,704.6589203387225
2012-10-20 14:00:00,683.8748475015572
2012-10-20 15:00:00,658.787527534006
2012-10-20 16:00:00,577.7667739981873
2012-10-20 17:00:00,560.5418230706164
2012-10-20 18:00:00,465.4535594986044
2012-10-20 19:00:00,349.67539762558135
2012-10-20 20:00:00,262.8651845017013
2012-10-20 21:00:00,210.3948654296998
2012-10-20 22:00:00,179.09095770377124
2012-10-20 23:00:00,155.57920556753155
2012-10-21 00:00:00,121.27155313343599
2012-10-21 01:00:00,98.08393505511826
2012-10-21 02:00:00,72.34842919164008
2012-10-21 03:00:00,30.233607457370322
2012-10-21 04:00:00,10.982388455232625
2012-10-21 05:00:00,11.370724290435302
2012-10-21 06:00:00,20.459660364756836
2012-10-21 07:00:00,53.710337109017345
2012-10-21 08:00:00,121.70331976894614
2012-10-21 09:00:00,262.02322446789304
2012-10-21 10:00:00,369.14102088299
2012-10-21 11:00:00,514.2880187742846
2012-10-21 12:00:00,598.7727853438696
2012-10-21 13:00:00,619.8549589856055
2012-10-21 14:00:00,596.9835595613641
2012-10-21 15:00:00,572.1425260338657
2012-10-21 16:00:00,561.5556255149271
2012-10-21 17:00:00,511.1962827146185
2012-10-21 18:00:00,419.68352037238395
2012-10-21 19:00:00,304.9681475766893
2012-10-21 20:00:00,223.00650762362102
2012-10-21 21:00:00,172.67988387600997
2012-10-21 22:00:00,139.8895000256339
2012-10-21 23:00:00,92.9275582364443
2012-10-22 00:00:00,45.10581846995416
2012-10-22 01:00:00,16.316790288816108
2012-10-22 02:00:00,7.3352648043100235
2012-10-22 03:00:00,5.483004480781981
2012-10-22 04:00:00,8.196899042434389
2012-10-22 05:00:00,40.457814665064554
2012-10-22 06:00:00,151.42221845129495
2012-10-22 07:00:00,445.35649439586575
2012-10-22 08:00:00,696.8567956558193
2012-10-22 09:00:00,401.2348870314715
2012-10-22 10:00:00,200.15310992038286
2012-10-22 11:00:00,248.97532940306505
2012-10-22 12:00:00,316.09905868623696
2012-10-22 13:00:00,315.80877600526355
2012-10-22 14:00:00,287.0505128207004
2012-10-22 15:00:00,303.90286355889043
2012-10-22 16:00:00,463.3806137700551
2012-10-22 17:00:00,900.3715932629549
2012-10-22 18:00:00,780.3124840437605
2012-10-22 19:00:00,508.8547006136653
2012-10-22 20:00:00,342.02826697177176
2012-10-22 21:00:00,234.0724934829053
2012-10-22 22:00:00,169.08745823859806
2012-10-22 23:00:00,99.00116629068478
2012-10-23 00:00:00,46.302867345952365
2012-10-23 01:00:00,17.122779717597084
2012-10-23 02:00:00,6.125278590739151
2012-10-23 03:00:00,6.025279529069343
2012-10-23 04:00:00,8.480037193294624
2012-10-23 05:00:00,42.69451050715884
2012-10-23 06:00:00,157.73734849483364
2012-10-23 07:00:00,436.5055467437289
2012-10-23 08:00:00,780.6814504118105
2012-10-23 09:00:00,369.4525594356394
2012-10-23 10:00:00,212.3161589237759
2012-10-23 11:00:00,247.72915607997885
2012-10-23 12:00:00,308.4311196815561
2012-10-23 13:00:00,300.22659398407063
2012-10-23 14:00:00,305.8857480684504
2012-10-23 15:00:00,331.8752934271622
2012-10-23 16:00:00,486.81405014084953
2012-10-23 17:00:00,916.3917621430929
2012-10-23 18:00:00,819.8983833471385
2012-10-23 19:00:00,545.8171693081256
2012-10-23 20:00:00,386.80047647164673
2012-10-23 21:00:00,280.49886799443357
2012-10-23 22:00:00,214.68333895480257
2012-10-23 23:00:00,130.6424773062502
2012-10-24 00:00:00,58.28311561794485
2012-10-24 01:00:00,21.760366720328136
2012-10-24 02:00:00,7.587797511006109
2012-10-24 03:00:00,7.181986830759034
2012-10-24 04:00:00,9.41123576172261
2012-10-24 05:00:00,44.70182571033196
2012-10-24 06:00:00,170.74935722404362
2012-10-24 07:00:00,482.4909210962954
2012-10-24 08:00:00,656.7998226462261
2012-10-24 09:00:00,368.49892830823717
2012-10-24 10:00:00,200.83607514002875
2012-10-24 11:00:00,238.59548770559354
2012-10-24 12:00:00,321.9815661335526
2012-10-24 13:00:00,315.89946831026276
2012-10-24 14:00:00,306.2388793919647
2012-10-24 15:00:00,330.43836012461395
2012-10-24 16:00:00,481.8570938670512
2012-10-24 17:00:00,846.2221551856447
2012-10-24 18:00:00,835.7968283572237
2012-10-24 19:00:00,544.6189387686595
2012-10-24 20:00:00,415.4683571598136
2012-10-24 21:00:00,291.567794659082
2012-10-24 22:00:00,213.60338052264686
2012-10-24 23:00:00,128.76824689707487
2012-10-25 00:00:00,59.981457089633196
2012-10-25 01:00:00,23.817623802090438
2012-10-25 02:00:00,9.765806724281052
2012-10-25 03:00:00,6.457626669684699
2012-10-25 04:00:00,9.879657100358882
2012-10-25 05:00:00,45.385009552918014
2012-10-25 06:00:00,167.5599881356158
2012-10-25 07:00:00,466.17842643231376
2012-10-25 08:00:00,656.8685753718431
2012-10-25 09:00:00,332.5726276106622
2012-10-25 10:00:00,187.46564099281966
2012-10-25 11:00:00,207.5705666854352
2012-10-25 12:00:00,266.4018535200108
2012-10-25 13:00:00,244.79664963684442
2012-10-25 14:00:00,277.5818049198861
2012-10-25 15:00:00,293.50849077817276
2012-10-25 16:00:00,469.9009391153459
2012-10-25 17:00:00,805.4410327022267
2012-10-25 18:00:00,672.6123856966311
2012-10-25 19:00:00,454.2385059103452
2012-10-25 20:00:00,321.44587990958144
2012-10-25 21:00:00,236.45920990276304
2012-10-25 22:00:00,190.5817295272003
2012-10-25 23:00:00,131.18559422747617
2012-10-26 00:00:00,61.7841214692094
2012-10-26 01:00:00,29.337563510882028
2012-10-26 02:00:00,12.18390057465105
2012-10-26 03:00:00,7.567520333854599
2012-10-26 04:00:00,10.400265146109021
2012-10-26 05:00:00,41.05847340291053
2012-10-26 06:00:00,144.65708742474678
2012-10-26 07:00:00,413.77314893019064
2012-10-26 08:00:00,643.9776452632118
2012-10-26 09:00:00,374.70851934201886
2012-10-26 10:00:00,210.32901826372995
2012-10-26 11:00:00,260.5569672898189
2012-10-26 12:00:00,316.3183860827494
2012-10-26 13:00:00,319.4076325649119
2012-10-26 14:00:00,314.32697616119697
2012-10-26 15:00:00,360.33536260883346
2012-10-26 16:00:00,457.8650171026525
2012-10-26 17:00:00,642.7046792043818
2012-10-26 18:00:00,576.5690813557909
2012-10-26 19:00:00,378.3412427495735
2012-10-26 20:00:00,279.91268257203393
2012-10-26 21:00:00,227.98943022824528
2012-10-26 22:00:00,195.05201155448202
2012-10-26 23:00:00,169.06276306850702
2012-10-27 00:00:00,135.09525224851313
2012-10-27 01:00:00,100.1094641570925
2012-10-27 02:00:00,65.04176613062555
2012-10-27 03:00:00,34.84475015339314
2012-10-27 04:00:00,11.117106593578287
2012-10-27 05:00:00,11.915250413628078
2012-10-27 06:00:00,25.868881324981544
2012-10-27 07:00:00,70.4899406723113
2012-10-27 08:00:00,174.44964453619872
2012-10-27 09:00:00,270.15399872902026
2012-10-27 10:00:00,416.2862685455316
2012-10-27 11:00:00,542.2137542057308
2012-10-27 12:00:00,754.2411173267694
2012-10-27 13:00:00,764.8708647629385
2012-10-27 14:00:00,742.5981584486906
2012-10-27 15:00:00,551.890944326002
2012-10-27 16:00:00,501.1281536961077
2012-10-27 17:00:00,469.9752338969191
2012-10-27 18:00:00,418.98586931110026
2012-10-27 19:00:00,335.0623633253085
2012-10-27 20:00:00,258.4398909835121
2012-10-27 21:00:00,214.56259940066047
2012-10-27 22:00:00,197.31863604071688
2012-10-27 23:00:00,172.62430133949658
2012-10-28 00:00:00,102.7795631578932
2012-10-28 01:00:00,89.87702549878179
2012-10-28 02:00:00,72.8754028230847
2012-10-28 03:00:00,30.1630826761992
2012-10-28 04:00:00,10.729947331693715
2012-10-28 05:00:00,11.099797612255474
2012-10-28 06:00:00,21.19363969118265
2012-10-28 07:00:00,53.11827978959364
2012-10-28 08:00:00,113.2582803434974
2012-10-28 09:00:00,226.76889273789033
2012-10-28 10:00:00,323.2361236454087
2012-10-28 11:00:00,406.8168287506269
2012-10-28 12:00:00,435.13323216544836
2012-10-28 13:00:00,436.1686262985284
2012-10-28 14:00:00,415.1686125178778
2012-10-28 15:00:00,402.8347515077841
2012-10-28 16:00:00,271.0253803514862
2012-10-28 17:00:00,214.79915735436725
2012-10-28 18:00:00,115.72208150762013
2012-10-28 19:00:00,114.39892807943917
2012-10-28 20:00:00,78.7500462099714
2012-10-28 21:00:00,78.63218113615187
2012-10-28 22:00:00,68.23028257797968
2012-10-28 23:00:00,41.85698108875226
2012-10-29 00:00:00,23.919005116248304
2012-10-30 13:00:00,99.78644578521062
2012-10-30 14:00:00,92.05635949857366
2012-10-30 15:00:00,107.68524990259827
2012-10-30 16:00:00,164.5950396296962
2012-10-30 17:00:00,339.44111607117776
2012-10-30 18:00:00,342.97551505600205
2012-10-30 19:00:00,434.37595394102607
2012-10-30 20:00:00,230.60132373192064
2012-10-30 21:00:00,172.8446297775734
2012-10-30 22:00:00,141.87751901693102
2012-10-30 23:00:00,86.23455510727925
2012-10-31 00:00:00,37.40493929839631
2012-10-31 01:00:00,14.977012006975663
2012-10-31 02:00:00,5.905479084308735
2012-10-31 03:00:00,5.719333445325839
2012-10-31 04:00:00,6.519483992513711
2012-10-31 05:00:00,35.327892324114515
2012-10-31 06:00:00,151.20808658942482
2012-10-31 07:00:00,396.54797443650136
2012-10-31 08:00:00,726.0465039586616
2012-10-31 09:00:00,349.7180569395581
2012-10-31 10:00:00,164.0517680839642
2012-10-31 11:00:00,174.50826187156764
2012-10-31 12:00:00,256.682604650967
2012-10-31 13:00:00,239.67312636704486
2012-10-31 14:00:00,207.09833192115877
2012-10-31 15:00:00,245.27902900363372
2012-10-31 16:00:00,322.83078348488186
2012-10-31 17:00:00,662.6567628317172
2012-10-31 18:00:00,623.157067762277
2012-10-31 19:00:00,399.0072920926959
2012-10-31 20:00:00,292.02351227177616
2012-10-31 21:00:00,212.29000811104018
2012-10-31 22:00:00,165.6280845829845
2012-10-31 23:00:00,101.49306757248073
2012-11-20 00:00:00,40.192682037335025
2012-11-20 01:00:00,14.319488907509655
2012-11-20 02:00:00,5.339842972187879
2012-11-20 03:00:00,4.7930348763892034
2012-11-20 04:00:00,7.5528757121095484
2012-11-20 05:00:00,35.82341844887837
2012-11-20 06:00:00,154.99143673519228
2012-11-20 07:00:00,436.8890693384194
2012-11-20 08:00:00,730.6699838075899
2012-11-20 09:00:00,346.8429887069436
2012-11-20 10:00:00,171.29380417161542
2012-11-20 11:00:00,182.5633667848162
2012-11-20 12:00:00,221.7110849736182
2012-11-20 13:00:00,235.07449874696192
2012-11-20 14:00:00,213.59725203889272
2012-11-20 15:00:00,258.7088589732735
2012-11-20 16:00:00,339.91002228580294
2012-11-20 17:00:00,627.1963905673663
2012-11-20 18:00:00,588.5725046068771
2012-11-20 19:00:00,408.58610744986646
2012-11-20 20:00:00,263.95629442493055
2012-11-20 21:00:00,224.74187374967437
2012-11-20 22:00:00,164.08118537450628
2012-11-20 23:00:00,87.07823277924835
2012-11-21 00:00:00,40.736990392449215
2012-11-21 01:00:00,16.260946667553526
2012-11-21 02:00:00,6.298121091058206
2012-11-21 03:00:00,6.242457310690776
2012-11-21 04:00:00,7.288262914570565
2012-11-21 05:00:00,37.61723851906578
2012-11-21 06:00:00,150.45497046221405
2012-11-21 07:00:00,381.52211217702484
2012-11-21 08:00:00,671.3164407564647
2012-11-21 09:00:00,342.63234472509635
2012-11-21 10:00:00,179.4467346552778
2012-11-21 11:00:00,199.02919011841942
2012-11-21 12:00:00,267.1709297851936
2012-11-21 13:00:00,247.21212063908203
2012-11-21 14:00:00,242.29166405487857
2012-11-21 15:00:00,287.21935389477073
2012-11-21 16:00:00,357.7593126994963
2012-11-21 17:00:00,696.1328686103026
2012-11-21 18:00:00,674.7197754476008
2012-11-21 19:00:00,418.9519870008744
2012-11-21 20:00:00,306.4913213953368
2012-11-21 21:00:00,230.47776226772265
2012-11-21 22:00:00,159.6859545638585
2012-11-21 23:00:00,91.4468185368779
2012-11-22 00:00:00,108.62865785122555
2012-11-22 01:00:00,56.25357753050482
2012-11-22 02:00:00,31.58065182378079
2012-11-22 03:00:00,13.460151868572908
2012-11-22 04:00:00,10.821852693121393
2012-11-22 05:00:00,11.777949057790476
2012-11-22 06:00:00,33.23682123632263
2012-11-22 07:00:00,81.82458068955309
2012-11-22 08:00:00,181.3590140688424
2012-11-22 09:00:00,198.46542320457058
2012-11-22 10:00:00,310.7852458179769
2012-11-22 11:00:00,423.7148197353878
2012-11-22 12:00:00,493.1506915750026
2012-11-22 13:00:00,539.5486648154716
2012-11-22 14:00:00,510.92538344434456
2012-11-22 15:00:00,490.3957710158912
2012-11-22 16:00:00,532.8771993407992
2012-11-22 17:00:00,423.43963640601515
2012-11-22 18:00:00,353.99685961440815
2012-11-22 19:00:00,259.67697934690204
2012-11-22 20:00:00,206.07118871318698
2012-11-22 21:00:00,159.87863325062452
2012-11-22 22:00:00,128.43593910790042
2012-11-22 23:00:00,82.12677019983009
2012-11-23 00:00:00,47.291705961724126
2012-11-23 01:00:00,27.19676781195307
2012-11-23 02:00:00,10.280187253677719
2012-11-23 03:00:00,5.878581028437038
2012-11-23 04:00:00,7.6126839837587
2012-11-23 05:00:00,34.27767211202908
2012-11-23 06:00:00,113.68888533049964
2012-11-23 07:00:00,346.4696119515148
2012-11-23 08:00:00,643.6865401953183
2012-11-23 09:00:00,376.2394838660371
2012-11-23 10:00:00,219.1405816782389
2012-11-23 11:00:00,246.73971077261118
2012-11-23 12:00:00,319.5749184198253
2012-11-23 13:00:00,344.90318883182715
2012-11-23 14:00:00,304.4238653888796
2012-11-23 15:00:00,327.4297918010627
2012-11-23 16:00:00,434.8092813081614
2012-11-23 17:00:00,745.138317223316
2012-11-23 18:00:00,616.3236360483403
2012-11-23 19:00:00,413.7292809441335
2012-11-23 20:00:00,319.2817501774996
2012-11-23 21:00:00,236.68163258417272
2012-11-23 22:00:00,187.55996140031613
2012-11-23 23:00:00,146.80635166266984
2012-11-24 00:00:00,123.20955588772668
2012-11-24 01:00:00,83.40260471317976
2012-11-24 02:00:00,51.958874732469795
2012-11-24 03:00:00,24.950821606811054
2012-11-24 04:00:00,8.760771407249718
2012-11-24 05:00:00,8.610593873827222
2012-11-24 06:00:00,19.36715946104307
2012-11-24 07:00:00,48.63306004191907
2012-11-24 08:00:00,114.8153710858847
2012-11-24 09:00:00,161.35527748686252
2012-11-24 10:00:00,259.24932815072526
2012-11-24 11:00:00,327.92635298707694
2012-11-24 12:00:00,324.31681575224735
2012-11-24 13:00:00,422.9887278724658
2012-11-24 14:00:00,374.4007148117513
2012-11-24 15:00:00,357.3618291851711
2012-11-24 16:00:00,349.03863551076466
2012-11-24 17:00:00,276.91628557477907
2012-11-24 18:00:00,247.6428947971735
2012-11-24 19:00:00,211.6867168413076
2012-11-24 20:00:00,152.76027143973164
2012-11-24 21:00:00,134.51116928522683
2012-11-24 22:00:00,121.15441523325126
2012-11-24 23:00:00,106.10089403893488
2012-11-25 00:00:00,74.08391341735745
2012-11-25 01:00:00,68.77477360583158
2012-11-25 02:00:00,46.744184468653884
2012-11-25 03:00:00,21.925941055720685
2012-11-25 04:00:00,8.105461443085785
2012-11-25 05:00:00,7.610541650886261
2012-11-25 06:00:00,13.638590319224123
2012-11-25 07:00:00,35.545786151063915
2012-11-25 08:00:00,77.67161310692191
2012-11-25 09:00:00,151.44378648180103
2012-11-25 10:00:00,237.2331574647713
2012-11-25 11:00:00,272.14875164066484
2012-11-25 12:00:00,305.1913197579863
2012-11-25 13:00:00,324.0437425429801
2012-11-25 14:00:00,331.4208624815355
2012-11-25 15:00:00,327.1136188600235
2012-11-25 16:00:00,346.9996615241817
2012-11-25 17:00:00,316.74142086155393
2012-11-25 18:00:00,236.04486796991296
2012-11-25 19:00:00,186.39049325120354
2012-11-25 20:00:00,139.98445608226316
2012-11-25 21:00:00,115.76065966156028
2012-11-25 22:00:00,94.7683998168133
2012-11-25 23:00:00,57.450228035888195
2012-11-26 00:00:00,31.05528349080184
2012-11-26 01:00:00,11.299033694251232
2012-11-26 02:00:00,5.520481009219287
2012-11-26 03:00:00,4.379050723082444
2012-11-26 04:00:00,6.277670703255277
2012-11-26 05:00:00,32.706068376416965
2012-11-26 06:00:00,116.68878281042038
2012-11-26 07:00:00,344.43087361225895
2012-11-26 08:00:00,580.3192025804491
2012-11-26 09:00:00,313.33244178363236
2012-11-26 10:00:00,155.67117644835318
2012-11-26 11:00:00,191.51434199227938
2012-11-26 12:00:00,274.9574362851739
2012-11-26 13:00:00,252.86674573064926
2012-11-26 14:00:00,225.1473855233051
2012-11-26 15:00:00,242.98796995741466
2012-11-26 16:00:00,351.92802011048303
2012-11-26 17:00:00,716.3758234412076
2012-11-26 18:00:00,625.9815404922799
2012-11-26 19:00:00,426.3675335721525
2012-11-26 20:00:00,294.20483571341117
2012-11-26 21:00:00,208.2984322433213
2012-11-26 22:00:00,134.78467829828597
2012-11-26 23:00:00,69.91049371602777
2012-11-27 00:00:00,36.75435619105812
2012-11-27 01:00:00,12.989685171302714
2012-11-27 02:00:00,5.432427224088264
2012-11-27 03:00:00,4.202755094828626
2012-11-27 04:00:00,6.041369392186451
2012-11-27 05:00:00,31.822924327035775
2012-11-27 06:00:00,137.46311366131556
2012-11-27 07:00:00,241.55704633311845
2012-11-27 08:00:00,440.6982056530209
2012-11-27 09:00:00,295.78204882878924
2012-11-27 10:00:00,101.49993374652169
2012-11-27 11:00:00,86.2461253164016
2012-11-27 12:00:00,95.78945204625396
2012-11-27 13:00:00,104.49068343746791
2012-11-27 14:00:00,89.51736758429983
2012-11-27 15:00:00,156.9183158117898
2012-11-27 16:00:00,237.3680291051301
2012-11-27 17:00:00,464.1180590368332
2012-11-27 18:00:00,434.63867626161834
2012-11-27 19:00:00,289.8787392104171
2012-11-27 20:00:00,223.02824999046555
2012-11-27 21:00:00,152.5811146615551
2012-11-27 22:00:00,132.45448600679288
2012-11-27 23:00:00,70.25326214752972
2012-11-28 00:00:00,35.423203411184545
2012-11-28 01:00:00,13.503241600237384
2012-11-28 02:00:00,5.718784390657296
2012-11-28 03:00:00,4.615750294623191
2012-11-28 04:00:00,6.51532450967472
2012-11-28 05:00:00,33.538945856252155
2012-11-28 06:00:00,125.56876897892266
2012-11-28 07:00:00,368.33475781783585
2012-11-28 08:00:00,648.8949389386029
2012-11-28 09:00:00,319.66422506123695
2012-11-28 10:00:00,167.10601972322814
2012-11-28 11:00:00,183.29898370987513
2012-11-28 12:00:00,237.24161377476955
2012-11-28 13:00:00,236.7897426177752
2012-11-28 14:00:00,202.39490069292418
2012-11-28 15:00:00,224.07685393922011
2012-11-28 16:00:00,318.60260733114717
2012-11-28 17:00:00,661.304133629134
2012-11-28 18:00:00,548.6673650180848
2012-11-28 19:00:00,386.19856195851
2012-11-28 20:00:00,288.12631409886563
2012-11-28 21:00:00,207.1394000080589
2012-11-28 22:00:00,150.67552461356547
2012-11-28 23:00:00,79.2763665180795
2012-11-29 00:00:00,37.82040315794512
2012-11-29 01:00:00,14.192463083693886
2012-11-29 02:00:00,6.366874281640186
2012-11-29 04:00:00,7.308572859052406
2012-11-29 05:00:00,33.304458300041034
2012-11-29 06:00:00,129.16254709750552
2012-11-29 07:00:00,365.4629659879157
2012-11-29 08:00:00,667.4417315179235
2012-11-29 09:00:00,295.5728647457446
2012-11-29 10:00:00,166.2959001360352
2012-11-29 11:00:00,201.99234266923418
2012-11-29 12:00:00,264.057743200303
2012-11-29 13:00:00,263.3100634108183
2012-11-29 14:00:00,212.6155987448464
2012-11-29 15:00:00,222.8624057475445
2012-11-29 16:00:00,337.60599102991154
2012-11-29 17:00:00,651.6462151922335
2012-11-29 18:00:00,566.5164853635771
2012-11-29 19:00:00,364.5721082306863
2012-11-29 20:00:00,290.96676476831897
2012-11-29 21:00:00,178.51812115236706
2012-11-29 22:00:00,144.49018650809816
2012-11-29 23:00:00,103.14475972768652
2012-11-30 00:00:00,45.38878214477971
2012-11-30 01:00:00,24.7025436679545
2012-11-30 02:00:00,9.7886070789892
2012-11-30 03:00:00,5.973158845095851
2012-11-30 04:00:00,6.70375460271008
2012-11-30 05:00:00,31.89541826271205
2012-11-30 06:00:00,101.62354028424375
2012-11-30 07:00:00,329.21244080107675
2012-11-30 08:00:00,576.9824192151539
2012-11-30 09:00:00,338.43569397352235
2012-11-30 10:00:00,178.03928691002014
2012-11-30 11:00:00,226.71803149902826
2012-11-30 12:00:00,296.0312641323578
2012-11-30 13:00:00,297.02014728697094
2012-11-30 14:00:00,254.6743246769679
2012-11-30 15:00:00,304.6127229462647
2012-11-30 16:00:00,412.4261515046034
2012-11-30 17:00:00,631.489746236928
2012-11-30 18:00:00,502.2569169346136
2012-11-30 19:00:00,315.0624333931156
2012-11-30 20:00:00,222.63902257451605
2012-11-30 21:00:00,183.9430909390826
2012-11-30 22:00:00,163.64315563455702
2012-11-30 23:00:00,115.51398680507627
2012-12-20 00:00:00,42.707148205064016
2012-12-20 01:00:00,16.785906303065687
2012-12-20 02:00:00,7.354454299874498
2012-12-20 03:00:00,5.272284680820628
2012-12-20 04:00:00,7.604506175605638
2012-12-20 05:00:00,39.24983984840507
2012-12-20 06:00:00,146.50296772815702
2012-12-20 07:00:00,418.8898800605072
2012-12-20 08:00:00,699.0556069527231
2012-12-20 09:00:00,329.33217213228255
2012-12-20 10:00:00,153.20036122643845
2012-12-20 11:00:00,186.06716247145764
2012-12-20 12:00:00,248.88549207097046
2012-12-20 13:00:00,229.94380158560517
2012-12-20 14:00:00,201.5147861094466
2012-12-20 15:00:00,212.07356231153088
2012-12-20 16:00:00,314.61900369651624
2012-12-20 17:00:00,589.9485331234243
2012-12-20 18:00:00,543.0245219190872
2012-12-20 19:00:00,302.04369271453953
2012-12-20 20:00:00,219.8354926643976
2012-12-20 21:00:00,157.17817151108525
2012-12-20 22:00:00,101.46318788234115
2012-12-20 23:00:00,69.43267892227944
2012-12-21 00:00:00,16.752373360767553
2012-12-21 01:00:00,11.35625909134865
2012-12-21 02:00:00,7.005980477875372
2012-12-21 03:00:00,3.247707118743201
2012-12-21 04:00:00,3.380044679069342
2012-12-21 05:00:00,18.018760152705767
2012-12-21 06:00:00,78.10803868316665
2012-12-21 07:00:00,236.48065257550925
2012-12-21 08:00:00,477.5532769085206
2012-12-21 09:00:00,277.87125673901943
2012-12-21 10:00:00,127.20043891668837
2012-12-21 11:00:00,129.34814729343867
2012-12-21 12:00:00,165.83370218716132
2012-12-21 13:00:00,168.77264370176005
2012-12-21 14:00:00,132.7693112924806
2012-12-21 15:00:00,152.13785931015968
2012-12-21 16:00:00,212.39368671427198
2012-12-21 17:00:00,330.94322208683235
2012-12-21 18:00:00,278.5682761964311
2012-12-21 19:00:00,220.73809989161362
2012-12-21 20:00:00,150.84768402896756
2012-12-21 21:00:00,111.23644360457894
2012-12-21 22:00:00,94.67350564863617
2012-12-21 23:00:00,72.47060677335399
2012-12-22 00:00:00,52.63782906610429
2012-12-22 01:00:00,42.95044921351403
2012-12-22 02:00:00,32.557815289112774
2012-12-22 03:00:00,15.621743198614048
2012-12-22 04:00:00,5.757886206739888
2012-12-22 05:00:00,4.788863061354673
2012-12-22 06:00:00,10.504349554942374
2012-12-22 07:00:00,29.47954448892665
2012-12-22 08:00:00,68.63470433464322
2012-12-22 09:00:00,109.75895421448497
2012-12-22 10:00:00,168.2934143560919
2012-12-22 11:00:00,211.3316110716248
2012-12-22 12:00:00,214.6472651993121
2012-12-22 13:00:00,248.36065110018694
2012-12-22 14:00:00,239.56810890443214
2012-12-22 15:00:00,213.42616849036705
2012-12-22 16:00:00,216.88300788181186
2012-12-22 17:00:00,197.7561064395225
2012-12-22 18:00:00,151.39549393366315
2012-12-22 19:00:00,125.11445977915544
2012-12-22 20:00:00,106.83874158742081
2012-12-22 21:00:00,75.14709418536503
2012-12-22 22:00:00,65.8624349978114
2012-12-22 23:00:00,61.035521939697276
2012-12-23 00:00:00,46.44482145060832
2012-12-23 01:00:00,42.28429705257565
2012-12-23 02:00:00,33.71045768087774
2012-12-23 03:00:00,15.7196816118031
2012-12-23 04:00:00,5.746606881623604
2012-12-23 05:00:00,4.476399111118222
2012-12-23 06:00:00,6.922120497332955
2012-12-23 07:00:00,20.746280587801003
2012-12-23 08:00:00,48.11453953789323
2012-12-23 09:00:00,98.10099329776459
2012-12-23 10:00:00,143.6352552966104
2012-12-23 11:00:00,178.97704065638152
2012-12-23 12:00:00,234.08009667233205
2012-12-23 13:00:00,243.08560919426793
2012-12-23 14:00:00,244.6163959786536
2012-12-23 15:00:00,256.57705927574926
2012-12-23 16:00:00,246.16428123960935
2012-12-23 17:00:00,196.61022368346886
2012-12-23 18:00:00,172.22533517282753
2012-12-23 19:00:00,139.6195346693283
2012-12-23 20:00:00,86.89802985560537
2012-12-23 21:00:00,74.27293665033233
2012-12-23 22:00:00,63.079729433293
2012-12-23 23:00:00,38.48512220549346
2012-12-24 00:00:00,18.356885856385485
2012-12-24 01:00:00,6.75052255155523
2012-12-24 02:00:00,3.7738211339293772
2012-12-24 03:00:00,2.940823735292618
2012-12-24 05:00:00,15.79292304518074
2012-12-24 06:00:00,66.42294254167835
2012-12-24 07:00:00,197.37822295462803
2012-12-24 08:00:00,387.3289182829925
2012-12-24 09:00:00,215.38278408305806
2012-12-24 10:00:00,81.79656470201515
2012-12-24 11:00:00,93.30305227696817
2012-12-24 12:00:00,130.49374900102018
2012-12-24 13:00:00,62.98127811835504
2012-12-24 14:00:00,54.355714692809684
2012-12-24 15:00:00,66.3727179194369
2012-12-24 16:00:00,100.87877946469654
2012-12-24 17:00:00,179.54951931506315
2012-12-24 18:00:00,170.80868754002307
2012-12-24 19:00:00,193.79266482126613
2012-12-24 20:00:00,86.61081268116638
2012-12-24 21:00:00,57.73520720864959
2012-12-24 22:00:00,57.34422520692665
2012-12-24 23:00:00,23.014059073791092
2012-12-25 00:00:00,33.97837704593922
2012-12-25 01:00:00,31.56650964169779
2012-12-25 02:00:00,18.91371341823304
2012-12-25 04:00:00,6.721948300889102
2012-12-25 05:00:00,5.948790707684409
2012-12-25 06:00:00,14.294993825804521
2012-12-25 07:00:00,41.952144105389884
2012-12-25 08:00:00,109.45584580416211
2012-12-25 09:00:00,118.09354931659618
2012-12-25 10:00:00,171.15590117499417
2012-12-25 11:00:00,189.62559708832867
2012-12-25 12:00:00,219.8574783285475
2012-12-25 13:00:00,246.06268793490523
2012-12-25 14:00:00,232.86260704815493
2012-12-25 15:00:00,231.5906421499681
2012-12-25 16:00:00,265.2261140829385
2012-12-25 17:00:00,220.39135465018575
2012-12-25 18:00:00,189.17369552536798
2012-12-25 19:00:00,152.7508723416821
2012-12-25 20:00:00,112.73973920344915
2012-12-25 21:00:00,88.37939653872708
2012-12-25 22:00:00,81.3306021110218
2012-12-25 23:00:00,45.25136244354078
2012-12-26 00:00:00,23.52453304484819
2012-12-26 01:00:00,7.978706196581539
2012-12-26 02:00:00,4.12132128963549
2012-12-26 03:00:00,2.9918616742290083
2012-12-26 04:00:00,2.7509568913922045
2012-12-26 05:00:00,15.36292862910636
2012-12-26 06:00:00,74.67317421171057
2012-12-26 07:00:00,106.77183958236765
2012-12-26 08:00:00,246.15046013658906
2012-12-26 09:00:00,124.34152060479934
2012-12-26 10:00:00,50.07575714371917
2012-12-26 11:00:00,43.664898337134
2012-12-26 12:00:00,53.6829395377155
2012-12-26 13:00:00,50.16001609518295
2012-12-26 14:00:00,47.46885599861278
2012-12-26 15:00:00,52.742938406322494
2012-12-26 16:00:00,75.97160625306118
2012-12-26 17:00:00,140.1944540522338
2012-12-26 18:00:00,131.81288727472904
2012-12-26 19:00:00,114.9149214011086
2012-12-26 20:00:00,67.51004454597314
2012-12-26 21:00:00,102.02030896926145
2012-12-26 22:00:00,32.973129284609435
2012-12-26 23:00:00,26.419258191123575
2012-12-27 00:00:00,13.664886628477875
2012-12-27 01:00:00,5.750072076266714
2012-12-27 02:00:00,3.617359844649303
2012-12-27 03:00:00,3.5535930182889772
2012-12-27 04:00:00,3.146045535201193
2012-12-27 05:00:00,21.09359578247357
2012-12-27 06:00:00,72.88489213037623
2012-12-27 07:00:00,258.40876664875003
2012-12-27 08:00:00,481.1298775531599
2012-12-27 09:00:00,237.62206150226297
2012-12-27 10:00:00,107.56799534553116
2012-12-27 11:00:00,111.82902870545352
2012-12-27 12:00:00,138.58962700289874
2012-12-27 13:00:00,137.2816834971493
2012-12-27 14:00:00,99.48312965766607
2012-12-27 15:00:00,108.6412248455011
2012-12-27 16:00:00,169.32672648231383
2012-12-27 17:00:00,348.8733767702267
2012-12-27 18:00:00,323.4569201972452
2012-12-27 19:00:00,229.69573236341006
2012-12-27 20:00:00,180.70967212010626
2012-12-27 21:00:00,124.0730150424414
2012-12-27 22:00:00,87.68520858972832
2012-12-27 23:00:00,56.70517478331534
2012-12-28 00:00:00,30.209590747320295
2012-12-28 01:00:00,15.815665466208847
2012-12-28 02:00:00,7.555995623917928
2012-12-28 03:00:00,4.370593850385329
2012-12-28 04:00:00,3.661921580974817
2012-12-28 05:00:00,17.838065787612145
2012-12-28 06:00:00,65.25999929396794
2012-12-28 07:00:00,219.15826776508726
2012-12-28 08:00:00,508.4886314009921
2012-12-28 09:00:00,261.7060945573198
2012-12-28 10:00:00,123.55729699032457
2012-12-28 11:00:00,127.67312922948182
2012-12-28 12:00:00,172.03269936032785
2012-12-28 13:00:00,173.3668288311656
2012-12-28 14:00:00,140.69346326765265
2012-12-28 15:00:00,158.8200569429829
2012-12-28 16:00:00,226.23294579027066
2012-12-28 17:00:00,377.4844828639254
2012-12-28 18:00:00,320.5755740894502
2012-12-28 19:00:00,190.612201721966
2012-12-28 20:00:00,127.06519941339289
2012-12-28 21:00:00,111.50791399333022
2012-12-28 22:00:00,92.89902511475299
2012-12-28 23:00:00,66.54224203374801
2012-12-29 00:00:00,60.00953934463068
2012-12-29 01:00:00,50.96905541872665
2012-12-29 02:00:00,37.20210720087378
2012-12-29 03:00:00,15.437626259855627
2012-12-29 04:00:00,6.262314620916023
2012-12-29 05:00:00,5.39788182883585
2012-12-29 06:00:00,11.283494893877588
2012-12-29 07:00:00,29.724110447521916
2012-12-29 08:00:00,79.55554903793522
2012-12-29 09:00:00,111.50004374578432
2012-12-29 10:00:00,108.77967350099783
2012-12-29 11:00:00,109.64767487647013
2012-12-29 12:00:00,126.40001778046694
2012-12-29 13:00:00,118.73877423761394
2012-12-29 14:00:00,198.1544932131278
2012-12-29 15:00:00,186.81149456024295
2012-12-29 16:00:00,248.53809534712937
2012-12-29 17:00:00,185.74154366994128
2012-12-29 18:00:00,187.19043091933855
2012-12-29 19:00:00,154.78779804530495
2012-12-29 20:00:00,105.12858873046684
2012-12-29 21:00:00,92.23578648036587
2012-12-29 22:00:00,72.64184401573051
2012-12-29 23:00:00,68.84353918644265
2012-12-30 00:00:00,53.02796096808892
2012-12-30 01:00:00,40.03354175199746
2012-12-30 02:00:00,36.05944008377571
2012-12-30 03:00:00,16.004161515033854
2012-12-30 04:00:00,5.48375232466032
2012-12-30 05:00:00,4.401314576058613
2012-12-30 06:00:00,6.716071638264119
2012-12-30 07:00:00,21.15853681952722
2012-12-30 08:00:00,50.30614727827832
2012-12-30 09:00:00,94.81425519423476
2012-12-30 10:00:00,137.9864199062338
2012-12-30 11:00:00,175.81791400167916
2012-12-30 12:00:00,212.37940916411358
2012-12-30 13:00:00,208.14484957023163
2012-12-30 14:00:00,208.48347802461797
2012-12-30 15:00:00,204.36340500870597
2012-12-30 16:00:00,213.18816308996418
2012-12-30 17:00:00,167.36142585821378
2012-12-30 18:00:00,134.17293807233946
2012-12-30 19:00:00,153.86598027303438
2012-12-30 20:00:00,76.58062112994723
2012-12-30 21:00:00,69.8478134396277
2012-12-30 22:00:00,51.432134802459956
2012-12-30 23:00:00,32.60476898492916
2012-12-31 00:00:00,17.937763224348945
2012-12-31 01:00:00,6.621026490826229
2012-12-31 02:00:00,3.695765024299667
2012-12-31 03:00:00,3.01349501954935
2012-12-31 04:00:00,3.1028662360722077
2012-12-31 05:00:00,13.668653691545089
2012-12-31 06:00:00,66.8870185426034
2012-12-31 07:00:00,205.22804008259797
2012-12-31 08:00:00,385.81104753524363
2012-12-31 09:00:00,212.5023096369735
2012-12-31 10:00:00,83.21159936422379
2012-12-31 11:00:00,86.10316151984864
2012-12-31 12:00:00,114.13446634305899
2012-12-31 13:00:00,115.56334452178046
2012-12-31 14:00:00,106.22889567536198
2012-12-31 15:00:00,118.57874665486266
2012-12-31 16:00:00,151.295188380124
2012-12-31 17:00:00,327.3583172021295
2012-12-31 18:00:00,314.66490304638063
2012-12-31 19:00:00,232.16610461441311
2012-12-31 20:00:00,146.56847567421528
2012-12-31 21:00:00,111.14604695948186
2012-12-31 22:00:00,76.58684512001543
2012-12-31 23:00:00,39.69692043610263
