datetime,count
2011-01-20 00:00:00,17.64639841819916
2011-01-20 01:00:00,6.8265182315580395
2011-01-20 02:00:00,3.987735737843451
2011-01-20 03:00:00,2.5603705906427314
2011-01-20 04:00:00,2.3824114395812352
2011-01-20 05:00:00,11.262553838561438
2011-01-20 06:00:00,52.63320592797743
2011-01-20 07:00:00,168.74604926341908
2011-01-20 08:00:00,297.06621961970365
2011-01-20 09:00:00,159.68596543280972
2011-01-20 10:00:00,70.30351455841664
2011-01-20 11:00:00,100.92433596810851
2011-01-20 12:00:00,109.25276573382644
2011-01-20 13:00:00,111.9879497447594
2011-01-20 14:00:00,104.78675492119146
2011-01-20 15:00:00,101.48088484465327
2011-01-20 16:00:00,155.71005672827428
2011-01-20 17:00:00,287.55477581875687
2011-01-20 18:00:00,229.57704611965593
2011-01-20 19:00:00,146.64072526513038
2011-01-20 20:00:00,112.51853138563116
2011-01-20 21:00:00,87.62670928327849
2011-01-20 22:00:00,48.139646021182195
2011-01-20 23:00:00,32.678872986306786
2011-01-21 00:00:00,19.34552261887824
2011-01-21 01:00:00,10.006487756521983
2011-01-21 02:00:00,6.877509034996034
2011-01-21 03:00:00,1.884279266203648
2011-01-21 04:00:00,2.783364969429116
2011-01-21 05:00:00,10.462173417204486
2011-01-21 06:00:00,42.44887277450984
2011-01-21 07:00:00,116.88945049452427
2011-01-21 08:00:00,247.56814580524335
2011-01-21 09:00:00,132.77465319048204
2011-01-21 10:00:00,64.35228033345508
2011-01-21 11:00:00,74.20027323451163
2011-01-21 12:00:00,85.39739626598553
2011-01-21 13:00:00,74.44892450476601
2011-01-21 14:00:00,68.05247061131865
2011-01-21 15:00:00,54.66884825719446
2011-01-21 16:00:00,75.95136693218737
2011-01-21 17:00:00,118.86577419464518
2011-01-21 18:00:00,108.74939070052444
2011-01-21 19:00:00,75.81853958701694
2011-01-21 20:00:00,49.71543113162648
2011-01-21 21:00:00,41.334040604934074
2011-01-21 22:00:00,38.13674108250801
2011-01-21 23:00:00,26.29245709268842
2011-01-22 00:00:00,21.684192173569077
2011-01-22 01:00:00,20.32551533121513
2011-01-22 02:00:00,11.870262132933888
2011-01-22 03:00:00,6.434086789271341
2011-01-22 04:00:00,2.1289387245919507
2011-01-22 06:00:00,5.172642548602579
2011-01-22 07:00:00,13.732848388172233
2011-01-22 08:00:00,37.1212384349678
2011-01-22 09:00:00,61.98803165987432
2011-01-22 10:00:00,81.84408780213045
2011-01-22 11:00:00,84.84064050622264
2011-01-22 12:00:00,97.82476941074019
2011-01-22 13:00:00,122.08912848103043
2011-01-22 14:00:00,112.96074196510477
2011-01-22 15:00:00,113.20424526074964
2011-01-22 16:00:00,107.73653000188476
2011-01-22 17:00:00,97.1746633256777
2011-01-22 18:00:00,81.92361960257563
2011-01-22 19:00:00,75.45894404605767
2011-01-22 20:00:00,52.74891036407843
2011-01-22 21:00:00,43.7082879962338
2011-01-22 22:00:00,35.30180811797532
2011-01-22 23:00:00,29.12811305937166
2011-01-23 00:00:00,21.808524411071726
2011-01-23 01:00:00,21.4284020571838
2011-01-23 02:00:00,17.31665242049195
2011-01-23 03:00:00,9.752379857549311
2011-01-23 05:00:00,1.9086561090416934
2011-01-23 06:00:00,3.08449049801704
2011-01-23 07:00:00,13.667490752607275
2011-01-23 08:00:00,30.813857307346023
2011-01-23 09:00:00,51.65639714945981
2011-01-23 10:00:00,77.42435025181756
2011-01-23 11:00:00,91.23691740073731
2011-01-23 12:00:00,105.42973176440998
2011-01-23 13:00:00,104.03023460916285
2011-01-23 14:00:00,93.59008539564593
2011-01-23 15:00:00,101.16216594084382
2011-01-23 16:00:00,92.8714421852755
2011-01-23 17:00:00,89.71878181917279
2011-01-23 18:00:00,78.33706012563916
2011-01-23 19:00:00,52.22585272373599
2011-01-23 20:00:00,47.173910633604464
2011-01-23 21:00:00,40.310351481432754
2011-01-23 22:00:00,30.266140165217955
2011-01-23 23:00:00,17.062283011721068
2011-01-24 00:00:00,13.256567675540259
2011-01-24 01:00:00,4.009569521046371
2011-01-24 03:00:00,1.3160093875558652
2011-01-24 04:00:00,1.6582710931509435
2011-01-24 05:00:00,7.615777015368198
2011-01-24 06:00:00,37.80200806884703
2011-01-24 07:00:00,105.90531305635623
2011-01-24 08:00:00,193.62591729406722
2011-01-24 09:00:00,107.7127586866656
2011-01-24 10:00:00,50.597424839383045
2011-01-24 11:00:00,47.50978147654456
2011-01-24 12:00:00,52.55189534238403
2011-01-24 13:00:00,51.310560656296445
2011-01-24 14:00:00,41.60815946037881
2011-01-24 15:00:00,61.69527415745113
2011-01-24 16:00:00,78.90910434611494
2011-01-24 17:00:00,153.55303772851443
2011-01-24 18:00:00,166.80994565237967
2011-01-24 19:00:00,115.25674576656051
2011-01-24 20:00:00,77.062290495047293
2011-01-24 21:00:00,57.03128709760136
2011-01-24 22:00:00,29.845871637962762
2011-01-24 23:00:00,16.548118072009263
2011-01-25 00:00:00,9.310119145002954
2011-01-25 01:00:00,3.6663214293150035
2011-01-25 02:00:00,2.020327729320371
2011-01-25 04:00:00,1.6267122118447503
2011-01-25 05:00:00,7.920867094683174
2011-01-25 06:00:00,43.70655612948669
2011-01-25 07:00:00,111.66678332523057
2011-01-25 08:00:00,219.5969866345511
2011-01-25 09:00:00,113.80871504116571
2011-01-25 10:00:00,68.6098990038345
2011-01-25 11:00:00,66.28866136148068
2011-01-25 12:00:00,75.38185061690122
2011-01-25 13:00:00,78.54782327511357
2011-01-25 14:00:00,73.01576655865068
2011-01-25 15:00:00,83.36509393382163
2011-01-25 16:00:00,121.92556764635665
2011-01-25 17:00:00,248.14837123647288
2011-01-25 18:00:00,231.3174712773768
2011-01-25 19:00:00,131.993669025961
2011-01-25 20:00:00,93.5375599491961
2011-01-25 21:00:00,67.38023330899826
2011-01-25 22:00:00,53.690751278994505
2011-01-25 23:00:00,28.31099660088477
2011-01-26 00:00:00,21.28947834650451
2011-01-26 01:00:00,7.839924453048061
2011-01-26 02:00:00,3.804012232491074
2011-01-26 05:00:00,4.063304548581213
2011-01-26 06:00:00,20.74216108095454
2011-01-26 07:00:00,60.43246564444964
2011-01-26 08:00:00,125.59095781001184
2011-01-26 09:00:00,72.08267875101743
2011-01-26 10:00:00,16.967379248452247
2011-01-26 11:00:00,20.492411464005762
2011-01-26 12:00:00,23.753300264591914
2011-01-26 13:00:00,18.80254416870308
2011-01-26 14:00:00,19.2319592989176
2011-01-26 15:00:00,15.19326016863599
2011-01-26 16:00:00,34.28536780093665
2011-01-26 17:00:00,62.105187202127325
2011-01-27 16:00:00,118.47975375233356
2011-01-27 17:00:00,237.67036982324464
2011-01-27 18:00:00,181.65540653992176
2011-01-27 19:00:00,130.57935452497665
2011-01-27 20:00:00,87.16130895495654
2011-01-27 21:00:00,68.33664821406609
2011-01-27 22:00:00,51.713932551349764
2011-01-27 23:00:00,33.9705980868826
2011-01-28 00:00:00,14.62425458327876
2011-01-28 01:00:00,7.951980514337567
2011-01-28 02:00:00,3.7836673191431722
2011-01-28 03:00:00,2.6335575295517395
2011-01-28 05:00:00,7.209269135757152
2011-01-28 06:00:00,28.1568724887978
2011-01-28 07:00:00,64.63023652002845
2011-01-28 08:00:00,195.65065255995793
2011-01-28 09:00:00,83.66116332729513
2011-01-28 10:00:00,38.770125241387504
2011-01-28 11:00:00,33.84363588181209
2011-01-28 12:00:00,39.782774444249064
2011-01-28 13:00:00,36.150218390770235
2011-01-28 14:00:00,56.03654279495242
2011-01-28 15:00:00,75.03981180802603
2011-01-28 16:00:00,119.88593035625574
2011-01-28 17:00:00,205.67528092938898
2011-01-28 18:00:00,171.7279725592543
2011-01-28 19:00:00,142.0969111824184
2011-01-28 20:00:00,88.42096376504892
2011-01-28 21:00:00,75.4067457124399
2011-01-28 22:00:00,56.47067404992085
2011-01-28 23:00:00,48.835744333193595
2011-01-29 00:00:00,26.544925936389827
2011-01-29 01:00:00,31.362378233127387
2011-01-29 02:00:00,22.996427793200382
2011-01-29 03:00:00,8.813598700478803
2011-01-29 04:00:00,2.2462864381583336
2011-01-29 06:00:00,6.5342352317497445
2011-01-29 07:00:00,15.296639165028465
2011-01-29 08:00:00,48.84241229525131
2011-01-29 09:00:00,75.9482388972762
2011-01-29 10:00:00,93.2422628328719
2011-01-29 11:00:00,88.2063306999706
2011-01-29 12:00:00,105.28967295397075
2011-01-29 13:00:00,174.2572894487817
2011-01-29 14:00:00,164.30394767070038
2011-01-29 15:00:00,133.01608981347863
2011-01-29 16:00:00,140.6778651465135
2011-01-29 17:00:00,130.16135509275907
2011-01-29 18:00:00,111.01751810274115
2011-01-29 19:00:00,67.05631864042435
2011-01-29 20:00:00,53.870051087718366
2011-01-29 21:00:00,44.64878350822785
2011-01-29 22:00:00,34.50828991777353
2011-01-29 23:00:00,30.645164201297675
2011-01-30 00:00:00,20.944070441954622
2011-01-30 01:00:00,23.776407604595757
2011-01-30 02:00:00,18.279694391998422
2011-01-30 03:00:00,9.022723419477392
2011-01-30 04:00:00,1.916652204057058
2011-01-30 05:00:00,2.5553123498721586
2011-01-30 07:00:00,12.001717162580167
2011-01-30 08:00:00,34.3723107228416
2011-01-30 09:00:00,72.04726535347403
2011-01-30 10:00:00,97.73387211184212
2011-01-30 11:00:00,105.81315479915499
2011-01-30 12:00:00,187.12815611559668
2011-01-30 13:00:00,186.93231525394066
2011-01-30 14:00:00,170.00536410773964
2011-01-30 15:00:00,176.6433192051043
2011-01-30 16:00:00,166.86180974797986
2011-01-30 17:00:00,157.28587261913177
2011-01-30 18:00:00,101.37192540161384
2011-01-30 19:00:00,68.09486676731616
2011-01-30 20:00:00,69.25604048146867
2011-01-30 21:00:00,55.32720305891936
2011-01-30 22:00:00,41.659236506292125
2011-01-30 23:00:00,21.44324219866818
2011-01-31 00:00:00,16.063145707458837
2011-01-31 01:00:00,5.0991933808487655
2011-01-31 02:00:00,2.991530945038632
2011-01-31 03:00:00,1.765315001134002
2011-01-31 04:00:00,1.6721381471955483
2011-01-31 05:00:00,7.332590591284941
2011-01-31 06:00:00,39.912359195161905
2011-01-31 07:00:00,88.66683553879722
2011-01-31 08:00:00,208.50265436210603
2011-01-31 09:00:00,108.19733226592179
2011-01-31 10:00:00,42.833248943071546
2011-01-31 11:00:00,42.34857454031288
2011-01-31 12:00:00,57.40361859100161
2011-01-31 13:00:00,67.15847242992704
2011-01-31 14:00:00,50.64537057487743
2011-01-31 15:00:00,53.21449112587839
2011-01-31 16:00:00,70.02711745928454
2011-01-31 17:00:00,142.24518778556572
2011-01-31 18:00:00,133.20214487572838
2011-01-31 19:00:00,173.52548196890524
2011-01-31 20:00:00,80.98893243608762
2011-01-31 21:00:00,56.44623581692949
2011-01-31 22:00:00,33.210802327757946
2011-01-31 23:00:00,17.368529744988646
2011-02-20 00:00:00,28.921824067725954
2011-02-20 01:00:00,24.973842182183066
2011-02-20 02:00:00,22.35267555927581
2011-02-20 03:00:00,10.117279568697823
2011-02-20 04:00:00,2.374306927609421
2011-02-20 06:00:00,4.52224430844285
2011-02-20 07:00:00,12.870451975286679
2011-02-20 08:00:00,35.740791620164025
2011-02-20 09:00:00,76.19043286258632
2011-02-20 10:00:00,135.18860705835695
2011-02-20 11:00:00,177.29135423973716
2011-02-20 12:00:00,208.77218967034648
2011-02-20 13:00:00,203.5800057545495
2011-02-20 14:00:00,221.9746978131204
2011-02-20 15:00:00,225.61737507799933
2011-02-20 16:00:00,217.01316774818932
2011-02-20 17:00:00,193.15579087248682
2011-02-20 18:00:00,131.9586370118721
2011-02-20 19:00:00,93.30710893902561
2011-02-20 20:00:00,77.84061740771895
2011-02-20 21:00:00,58.5758842225401
2011-02-20 22:00:00,51.57204244247234
2011-02-20 23:00:00,36.35874686215882
2011-02-21 00:00:00,37.79311547070255
2011-02-21 01:00:00,17.661024532656022
2011-02-21 02:00:00,14.869614679315971
2011-02-21 03:00:00,5.1605487573996
2011-02-21 04:00:00,4.251526764061266
2011-02-21 05:00:00,3.804742476985222
2011-02-21 06:00:00,17.63794348826172
2011-02-21 07:00:00,48.54463577229606
2011-02-21 08:00:00,84.46669645028386
2011-02-21 09:00:00,92.55481019148631
2011-02-21 10:00:00,135.51040213412412
2011-02-21 11:00:00,160.4656734375228
2011-02-21 12:00:00,172.15207034983712
2011-02-21 13:00:00,90.95697746536449
2011-02-21 14:00:00,138.3838438995649
2011-02-21 15:00:00,150.29354799517537
2011-02-21 16:00:00,90.66392408457361
2011-02-21 17:00:00,142.96086798602786
2011-02-21 18:00:00,102.98824876591839
2011-02-21 19:00:00,79.1280771481168
2011-02-21 20:00:00,56.870112037437266
2011-02-21 21:00:00,35.98372710566942
2011-02-21 22:00:00,25.507298044175673
2011-02-21 23:00:00,14.18100023430295
2011-02-22 06:00:00,29.741379195124814
2011-02-22 07:00:00,78.50936589389539
2011-02-22 08:00:00,181.30148085648506
2011-02-22 09:00:00,104.26146311670828
2011-02-22 10:00:00,52.39739933529685
2011-02-22 11:00:00,57.37484712377352
2011-02-22 12:00:00,69.14132330364491
2011-02-22 13:00:00,78.2654211631101
2011-02-22 14:00:00,66.23867494894331
2011-02-22 15:00:00,68.67030499824372
2011-02-22 16:00:00,111.4041395886184
2011-02-22 17:00:00,189.41585773663243
2011-02-22 18:00:00,212.11997964539626
2011-02-22 19:00:00,97.43814920374508
2011-02-22 20:00:00,73.87067295134679
2011-02-22 21:00:00,54.129938124935066
2011-02-22 22:00:00,46.92539286700905
2011-02-22 23:00:00,27.60517245217831
2011-02-23 00:00:00,12.890538464650156
2011-02-23 01:00:00,4.815880034585563
2011-02-23 02:00:00,2.193076815124961
2011-02-23 03:00:00,1.8404782118332037
2011-02-23 05:00:00,7.730185729323133
2011-02-23 06:00:00,41.00425898128599
2011-02-23 07:00:00,129.13120249744642
2011-02-23 08:00:00,246.5426436813391
2011-02-23 09:00:00,126.74949717969095
2011-02-23 10:00:00,60.51337526593337
2011-02-23 11:00:00,77.35803883336291
2011-02-23 12:00:00,89.2775755184868
2011-02-23 13:00:00,102.5600565242375
2011-02-23 14:00:00,103.42923391712029
2011-02-23 15:00:00,110.67362677308198
2011-02-23 16:00:00,140.7124979881444
2011-02-23 17:00:00,301.46795334902544
2011-02-23 18:00:00,304.365162668059
2011-02-23 19:00:00,198.85039288206275
2011-02-23 20:00:00,112.94069657969408
2011-02-23 21:00:00,73.21823579114725
2011-02-23 22:00:00,57.366573616498904
2011-02-23 23:00:00,36.567191617881576
2011-02-24 00:00:00,20.08476265894348
2011-02-24 01:00:00,7.761782183155749
2011-02-24 02:00:00,3.511699317898041
2011-02-24 03:00:00,2.0944233857890997
2011-02-24 05:00:00,10.986608805001326
2011-02-24 06:00:00,51.32189199900381
2011-02-24 07:00:00,133.58769805027475
2011-02-24 08:00:00,288.46544962875436
2011-02-24 09:00:00,150.5342492048813
2011-02-24 10:00:00,65.23541453626791
2011-02-24 11:00:00,88.46892728212241
2011-02-24 12:00:00,106.75464671671374
2011-02-24 13:00:00,103.61514595931642
2011-02-24 14:00:00,104.83233267311769
2011-02-24 15:00:00,76.84753935567339
2011-02-24 16:00:00,102.91943493937879
2011-02-24 17:00:00,224.45517778905864
2011-02-24 18:00:00,204.999835041134
2011-02-24 19:00:00,93.03580740866764
2011-02-24 20:00:00,100.47161786265049
2011-02-24 21:00:00,86.69814105406235
2011-02-24 22:00:00,32.073181210665275
2011-02-24 23:00:00,40.634102103674365
2011-02-25 00:00:00,12.89881513455148
2011-02-25 01:00:00,8.933770203096282
2011-02-25 02:00:00,4.464432542907651
2011-02-25 03:00:00,3.177428622841642
2011-02-25 05:00:00,14.09633567098755
2011-02-25 06:00:00,33.986266710698
2011-02-25 07:00:00,65.69009231090239
2011-02-25 08:00:00,233.50557129364338
2011-02-25 09:00:00,80.27920470541787
2011-02-25 10:00:00,46.81018481959998
2011-02-25 11:00:00,141.78134572962867
2011-02-25 12:00:00,134.63102234450525
2011-02-25 13:00:00,119.50515315871242
2011-02-25 14:00:00,105.70648185216413
2011-02-25 15:00:00,187.32394445379504
2011-02-25 16:00:00,155.7634910315082
2011-02-25 17:00:00,260.0089825345321
2011-02-25 18:00:00,232.83600120550858
2011-02-25 19:00:00,167.38803007660087
2011-02-25 20:00:00,98.4928832271408
2011-02-25 21:00:00,90.26740934484741
2011-02-25 22:00:00,63.36208689833929
2011-02-25 23:00:00,48.158240752642136
2011-02-26 00:00:00,34.3702540028944
2011-02-26 01:00:00,28.746615232812257
2011-02-26 02:00:00,18.283984087498645
2011-02-26 03:00:00,10.715264161583086
2011-02-26 04:00:00,4.100046659483585
2011-02-26 05:00:00,3.2401989540677163
2011-02-26 06:00:00,7.228026737976456
2011-02-26 07:00:00,22.680029585826116
2011-02-26 08:00:00,61.25484850161035
2011-02-26 09:00:00,102.98729064847255
2011-02-26 10:00:00,164.4198191115257
2011-02-26 11:00:00,168.46689556411488
2011-02-26 12:00:00,203.12951683786633
2011-02-26 13:00:00,195.8461587652541
2011-02-26 14:00:00,183.22633538681103
2011-02-26 15:00:00,198.24872767568027
2011-02-26 16:00:00,200.12910971370948
2011-02-26 17:00:00,214.33014013170697
2011-02-26 18:00:00,149.97344075331026
2011-02-26 19:00:00,110.79238368709177
2011-02-26 20:00:00,93.85703702194101
2011-02-26 21:00:00,63.42195192456803
2011-02-26 22:00:00,50.621414987087725
2011-02-26 23:00:00,42.815530375711596
2011-02-27 00:00:00,25.0496550555101
2011-02-27 01:00:00,29.96769843809533
2011-02-27 02:00:00,24.997987637784878
2011-02-27 03:00:00,14.720280775221108
2011-02-27 04:00:00,3.0665793965241885
2011-02-27 06:00:00,4.830432354180584
2011-02-27 07:00:00,16.859612005725843
2011-02-27 08:00:00,41.578884601145546
2011-02-27 09:00:00,109.55134123968224
2011-02-27 10:00:00,134.92007683120372
2011-02-27 11:00:00,201.75128673148643
2011-02-27 12:00:00,248.68703606929046
2011-02-27 13:00:00,244.2029416885728
2011-02-27 14:00:00,222.15927866266188
2011-02-27 15:00:00,296.1484341682624
2011-02-27 16:00:00,314.56040541849944
2011-02-27 17:00:00,207.27002529402262
2011-02-27 18:00:00,162.8146892794857
2011-02-27 19:00:00,126.48359731293826
2011-02-27 20:00:00,109.60680700402975
2011-02-27 21:00:00,85.24027176056947
2011-02-27 22:00:00,59.852837736939165
2011-02-27 23:00:00,36.49888412952665
2011-02-28 00:00:00,19.894113831862004
2011-02-28 01:00:00,4.635772149349536
2011-02-28 03:00:00,1.7024011536947827
2011-02-28 05:00:00,10.158298634814193
2011-02-28 06:00:00,54.31621381009393
2011-02-28 07:00:00,165.2352723348593
2011-02-28 08:00:00,254.74437874226038
2011-02-28 09:00:00,182.08117261276453
2011-02-28 10:00:00,100.95460275013315
2011-02-28 11:00:00,117.51887051716224
2011-02-28 12:00:00,144.56862674472447
2011-02-28 13:00:00,74.41795946302126
2011-02-28 14:00:00,35.053113767375386
2011-02-28 15:00:00,42.74600487374623
2011-02-28 16:00:00,82.62719769128572
2011-02-28 17:00:00,103.51753712244077
2011-02-28 18:00:00,232.03507192706084
2011-02-28 19:00:00,104.84089148732393
2011-02-28 20:00:00,53.99894247481619
2011-02-28 21:00:00,73.28472043435478
2011-02-28 22:00:00,26.480624098665274
2011-02-28 23:00:00,26.91523808489594
2011-03-20 00:00:00,35.99712941366565
2011-03-20 01:00:00,35.639238425665525
2011-03-20 02:00:00,29.819542545685014
2011-03-20 03:00:00,14.480026223237472
2011-03-20 04:00:00,3.1011940115121677
2011-03-20 05:00:00,3.3695932123994425
2011-03-20 06:00:00,4.992155240023672
2011-03-20 07:00:00,15.76233065756491
2011-03-20 08:00:00,53.513134825107635
2011-03-20 09:00:00,94.80310061171947
2011-03-20 10:00:00,129.34629602005487
2011-03-20 11:00:00,187.07152459525017
2011-03-20 12:00:00,249.0479440961534
2011-03-20 13:00:00,244.0264575596409
2011-03-20 14:00:00,232.53445193002923
2011-03-20 15:00:00,250.90933339722736
2011-03-20 16:00:00,240.529037410197
2011-03-20 17:00:00,213.95378026363613
2011-03-20 18:00:00,154.1687241408806
2011-03-20 19:00:00,107.29414964388388
2011-03-20 20:00:00,91.63414464703467
2011-03-20 21:00:00,57.27765618503714
2011-03-20 22:00:00,48.37726179338642
2011-03-20 23:00:00,19.668972087085294
2011-03-21 00:00:00,11.393672001656952
2011-03-21 01:00:00,6.147582294078648
2011-03-21 02:00:00,3.853353018707937
2011-03-21 03:00:00,1.9963925705701002
2011-03-21 05:00:00,11.691074093528886
2011-03-21 06:00:00,41.570820679509175
2011-03-21 07:00:00,70.3483819768953
2011-03-21 08:00:00,272.3694266846258
2011-03-21 09:00:00,133.30613192899568
2011-03-21 10:00:00,71.8660478186689
2011-03-21 11:00:00,104.21169386621114
2011-03-21 12:00:00,117.42874764862177
2011-03-21 13:00:00,151.64346665034327
2011-03-21 14:00:00,155.29145250334443
2011-03-21 15:00:00,172.71542732507464
2011-03-21 16:00:00,249.18876395549043
2011-03-21 17:00:00,507.64703642652125
2011-03-21 18:00:00,452.31412571596496
2011-03-21 19:00:00,354.7821876852194
2011-03-21 20:00:00,243.91325670302604
2011-03-21 21:00:00,115.80030677739414
2011-03-21 22:00:00,86.04152946787728
2011-03-21 23:00:00,58.83680465349699
2011-03-22 00:00:00,30.169291912087036
2011-03-22 01:00:00,6.939933828128527
2011-03-22 02:00:00,5.3002461713911035
2011-03-22 03:00:00,3.868153385638378
2011-03-22 04:00:00,3.8501399906139766
2011-03-22 05:00:00,17.50898683203385
2011-03-22 06:00:00,80.51750409597282
2011-03-22 07:00:00,246.94832776458605
2011-03-22 08:00:00,416.94861800826425
2011-03-22 09:00:00,172.36000512368025
2011-03-22 10:00:00,106.34837219569576
2011-03-22 11:00:00,125.26624884152147
2011-03-22 12:00:00,177.23829554635165
2011-03-22 13:00:00,181.97179216983557
2011-03-22 14:00:00,179.77059153958425
2011-03-22 15:00:00,193.80613548057815
2011-03-22 16:00:00,297.9159953439786
2011-03-22 17:00:00,588.2054882377347
2011-03-22 18:00:00,561.2675338137766
2011-03-22 19:00:00,246.49793519572123
2011-03-22 20:00:00,171.11789446724754
2011-03-22 21:00:00,134.29404271948664
2011-03-22 22:00:00,91.87839423436752
2011-03-22 23:00:00,52.01966532808808
2011-03-23 00:00:00,18.598829932786668
2011-03-23 01:00:00,6.3266484556213145
2011-03-23 02:00:00,3.7540118658907944
2011-03-23 03:00:00,2.359767056914209
2011-03-23 05:00:00,7.248628811403018
2011-03-23 06:00:00,53.284604216361785
2011-03-23 07:00:00,129.6389978753414
2011-03-23 08:00:00,285.98433598038105
2011-03-23 09:00:00,188.20142035998947
2011-03-23 10:00:00,69.14227384367153
2011-03-23 11:00:00,57.65954747829004
2011-03-23 12:00:00,66.01518754905793
2011-03-23 13:00:00,42.54728179229931
2011-03-23 14:00:00,81.19975891952684
2011-03-23 15:00:00,105.47175217014393
2011-03-23 16:00:00,166.48963018555037
2011-03-23 17:00:00,347.8639022880997
2011-03-23 18:00:00,200.18811629281822
2011-03-23 19:00:00,132.51143597578758
2011-03-23 20:00:00,27.305481674311007
2011-03-23 21:00:00,17.47210147199661
2011-03-23 22:00:00,50.08507814020487
2011-03-23 23:00:00,20.411819829993057
2011-03-24 00:00:00,15.510872945925701
2011-03-24 01:00:00,5.2151846810189255
2011-03-24 02:00:00,3.654655611997071
2011-03-24 03:00:00,2.1755560159706318
2011-03-24 04:00:00,1.9400346718511055
2011-03-24 05:00:00,11.638794684053424
2011-03-24 06:00:00,57.16737769695343
2011-03-24 07:00:00,48.558998350453805
2011-03-24 08:00:00,90.6001486131245
2011-03-24 09:00:00,121.96327115184212
2011-03-24 10:00:00,50.61697574644598
2011-03-24 11:00:00,80.08614960860501
2011-03-24 12:00:00,100.01205795944212
2011-03-24 13:00:00,103.86196897182997
2011-03-24 14:00:00,110.05225771737786
2011-03-24 15:00:00,95.72697807856781
2011-03-24 16:00:00,142.92375000718474
2011-03-24 17:00:00,276.250393725734
2011-03-24 18:00:00,275.51538107841753
2011-03-24 19:00:00,186.90130313914017
2011-03-24 20:00:00,131.18006411024797
2011-03-24 21:00:00,82.28110646281645
2011-03-24 22:00:00,72.63943797322715
2011-03-24 23:00:00,44.18308364250064
2011-03-25 00:00:00,23.6210967239034
2011-03-25 01:00:00,10.767395971924978
2011-03-25 02:00:00,4.565728714760187
2011-03-25 03:00:00,2.938298261152146
2011-03-25 04:00:00,1.6771933292391539
2011-03-25 05:00:00,9.348579138638732
2011-03-25 06:00:00,36.053625934782154
2011-03-25 07:00:00,128.07669947078602
2011-03-25 08:00:00,340.6337015398085
2011-03-25 09:00:00,170.88561897809902
2011-03-25 10:00:00,91.5879067041867
2011-03-25 11:00:00,107.29048187805535
2011-03-25 12:00:00,144.8429883272887
2011-03-25 13:00:00,147.21693920637054
2011-03-25 14:00:00,151.834629672116
2011-03-25 15:00:00,128.94686139886724
2011-03-25 16:00:00,192.9291006236632
2011-03-25 17:00:00,321.2865637107303
2011-03-25 18:00:00,276.07398152471154
2011-03-25 19:00:00,209.2147688083528
2011-03-25 20:00:00,139.64198518074798
2011-03-25 21:00:00,120.40216774337848
2011-03-25 22:00:00,97.1218061269147
2011-03-25 23:00:00,57.934768014696374
2011-03-26 00:00:00,46.26993386018831
2011-03-26 01:00:00,34.3260458361534
2011-03-26 02:00:00,28.634814369458507
2011-03-26 03:00:00,9.72804145544069
2011-03-26 04:00:00,3.8449609721869016
2011-03-26 05:00:00,3.281099277708074
2011-03-26 06:00:00,11.037143376656122
2011-03-26 07:00:00,20.40994866203386
2011-03-26 08:00:00,76.55283101347416
2011-03-26 09:00:00,126.7613208799103
2011-03-26 10:00:00,177.92108599973741
2011-03-26 11:00:00,219.7586312157049
2011-03-26 12:00:00,266.25890489530747
2011-03-26 13:00:00,241.74655247329397
2011-03-26 14:00:00,246.42852985218443
2011-03-26 15:00:00,272.866917218227
2011-03-26 16:00:00,231.42252315613928
2011-03-26 17:00:00,199.2652109104878
2011-03-26 18:00:00,172.3674589793954
2011-03-26 19:00:00,136.72265392541735
2011-03-26 20:00:00,105.14764254589053
2011-03-26 21:00:00,82.79826629170901
2011-03-26 22:00:00,78.58601747721636
2011-03-26 23:00:00,58.388817267997396
2011-03-27 00:00:00,47.14999232657457
2011-03-27 01:00:00,36.16841641636893
2011-03-27 02:00:00,45.14711636744581
2011-03-27 03:00:00,10.778606802480855
2011-03-27 04:00:00,2.9986851207366825
2011-03-27 06:00:00,6.087745959309367
2011-03-27 07:00:00,10.226143992482616
2011-03-27 08:00:00,36.37734754965728
2011-03-27 09:00:00,108.3889286230152
2011-03-27 10:00:00,110.82978924471192
2011-03-27 11:00:00,171.06723905067346
2011-03-27 12:00:00,197.3615692796473
2011-03-27 13:00:00,228.34456102919142
2011-03-27 14:00:00,228.4364740606133
2011-03-27 15:00:00,217.49160139766693
2011-03-27 16:00:00,214.8633862136217
2011-03-27 17:00:00,196.730027806579
2011-03-27 18:00:00,166.95140669174572
2011-03-27 19:00:00,107.68248180660028
2011-03-27 20:00:00,104.56689619882548
2011-03-27 21:00:00,71.0705948591251
2011-03-27 22:00:00,60.665795359052446
2011-03-27 23:00:00,35.0186227151808
2011-03-28 00:00:00,17.877656065429157
2011-03-28 01:00:00,6.241336184121977
2011-03-28 02:00:00,4.060341168850945
2011-03-28 03:00:00,2.0337147204089425
2011-03-28 05:00:00,9.483668494993642
2011-03-28 06:00:00,52.09889996177788
2011-03-28 07:00:00,138.89416251863756
2011-03-28 08:00:00,227.87455539662005
2011-03-28 09:00:00,152.64795462049904
2011-03-28 10:00:00,73.02671954395264
2011-03-28 11:00:00,73.92242513890123
2011-03-28 12:00:00,87.6962172153747
2011-03-28 13:00:00,94.69324585672528
2011-03-28 14:00:00,82.41853926340913
2011-03-28 15:00:00,87.15834673460674
2011-03-28 16:00:00,130.89493177060166
2011-03-28 17:00:00,232.46790074052782
2011-03-28 18:00:00,242.81041557640646
2011-03-28 19:00:00,176.58514898676518
2011-03-28 20:00:00,133.1335915730247
2011-03-28 21:00:00,96.3471023164042
2011-03-28 22:00:00,58.45775560060947
2011-03-28 23:00:00,30.63106238254609
2011-03-29 00:00:00,16.370768987538142
2011-03-29 01:00:00,5.225890840326333
2011-03-29 02:00:00,2.655863796124876
2011-03-29 03:00:00,1.7107920000172578
2011-03-29 04:00:00,2.1075899060259626
2011-03-29 05:00:00,10.922602583495765
2011-03-29 06:00:00,51.58832159506352
2011-03-29 07:00:00,141.06198741291516
2011-03-29 08:00:00,273.456360210435
2011-03-29 09:00:00,172.35420945342423
2011-03-29 10:00:00,77.66225430215889
2011-03-29 11:00:00,83.95266907809386
2011-03-29 12:00:00,121.90854837161271
2011-03-29 13:00:00,109.410668965357
2011-03-29 14:00:00,115.05359286369654
2011-03-29 15:00:00,142.4883997690769
2011-03-29 16:00:00,218.15103197281647
2011-03-29 17:00:00,433.38744457335883
2011-03-29 18:00:00,409.8818950507334
2011-03-29 19:00:00,219.29073995919921
2011-03-29 20:00:00,196.76572561649328
2011-03-29 21:00:00,129.71153032396415
2011-03-29 22:00:00,84.17620520648407
2011-03-29 23:00:00,38.50927146086899
2011-03-30 00:00:00,23.647792260990325
2011-03-30 01:00:00,9.030492041244692
2011-03-30 02:00:00,3.847050107887793
2011-03-30 03:00:00,2.891734788262806
2011-03-30 04:00:00,3.0450592068246243
2011-03-30 05:00:00,18.150757113110384
2011-03-30 06:00:00,94.33739710619868
2011-03-30 07:00:00,235.08364805580362
2011-03-30 08:00:00,442.5627578341263
2011-03-30 09:00:00,195.86530507516952
2011-03-30 10:00:00,87.38512210766882
2011-03-30 11:00:00,88.31944619407571
2011-03-30 12:00:00,120.40415751469311
2011-03-30 13:00:00,114.482410494617
2011-03-30 14:00:00,102.1374820511623
2011-03-30 15:00:00,46.08221533569871
2011-03-30 16:00:00,46.07496952207897
2011-03-30 17:00:00,114.7081353865469
2011-03-30 18:00:00,132.45004833309176
2011-03-30 19:00:00,94.46481926202253
2011-03-30 20:00:00,35.64430136778205
2011-03-30 21:00:00,47.90528310619401
2011-03-30 22:00:00,23.213537416130468
2011-03-30 23:00:00,12.490078561730177
2011-03-31 00:00:00,8.734205536689997
2011-03-31 01:00:00,4.959653773017889
2011-03-31 02:00:00,4.6234193884419454
2011-03-31 03:00:00,1.5779243506228309
2011-03-31 04:00:00,1.499459617408131
2011-03-31 05:00:00,6.741682868549914
2011-03-31 06:00:00,27.629799578874223
2011-03-31 07:00:00,78.77823982976412
2011-03-31 08:00:00,191.0596132141098
2011-03-31 09:00:00,73.90645284011548
2011-03-31 10:00:00,31.538812413066868
2011-03-31 11:00:00,37.88709162833514
2011-03-31 12:00:00,44.68485149973889
2011-03-31 13:00:00,52.946924731704755
2011-03-31 14:00:00,47.92102619086067
2011-03-31 15:00:00,36.9599530635388
2011-03-31 16:00:00,112.17740274271549
2011-03-31 17:00:00,221.68648335989394
2011-03-31 18:00:00,248.95355388451884
2011-03-31 19:00:00,177.34995640678343
2011-03-31 20:00:00,43.33701677009156
2011-03-31 21:00:00,83.71982262135454
2011-03-31 22:00:00,27.806256620705824
2011-03-31 23:00:00,17.14107566229043
2011-04-20 00:00:00,23.992493148316818
2011-04-20 01:00:00,8.783810777192592
2011-04-20 02:00:00,4.903325180458301
2011-04-20 03:00:00,3.4604673098367864
2011-04-20 04:00:00,1.872697211214777
2011-04-20 05:00:00,15.062825149293351
2011-04-20 06:00:00,82.1236462604755
2011-04-20 07:00:00,218.32394868729475
2011-04-20 08:00:00,518.0868995395435
2011-04-20 09:00:00,298.6889746802491
2011-04-20 10:00:00,174.73812601496806
2011-04-20 11:00:00,183.44735682282928
2011-04-20 12:00:00,238.48930957439413
2011-04-20 13:00:00,226.02031833344347
2011-04-20 14:00:00,191.71100909825458
2011-04-20 15:00:00,208.97209509926628
2011-04-20 16:00:00,319.05909196794187
2011-04-20 17:00:00,638.7262373093995
2011-04-20 18:00:00,565.8848677505521
2011-04-20 19:00:00,483.2765808034108
2011-04-20 20:00:00,384.90665299011897
2011-04-20 21:00:00,262.3526819531511
2011-04-20 22:00:00,215.8886494103298
2011-04-20 23:00:00,122.6493723376433
2011-04-21 00:00:00,52.166366411227116
2011-04-21 01:00:00,17.528703286781038
2011-04-21 02:00:00,10.622099147699526
2011-04-21 03:00:00,4.114455472895505
2011-04-21 04:00:00,3.3054772879921663
2011-04-21 05:00:00,20.516893263912298
2011-04-21 06:00:00,92.07599616979832
2011-04-21 07:00:00,275.6217347448379
2011-04-21 08:00:00,445.5927040383028
2011-04-21 09:00:00,213.51941083735284
2011-04-21 10:00:00,137.31676142399456
2011-04-21 11:00:00,149.3381589689908
2011-04-21 12:00:00,217.2048152995011
2011-04-21 13:00:00,219.24006659808865
2011-04-21 14:00:00,198.17505438874485
2011-04-21 15:00:00,209.9667516475613
2011-04-21 16:00:00,307.7749211121784
2011-04-21 17:00:00,592.8173107804153
2011-04-21 18:00:00,520.3879220660571
2011-04-21 19:00:00,324.58426386380194
2011-04-21 20:00:00,248.07867832575351
2011-04-21 21:00:00,178.1934108279154
2011-04-21 22:00:00,141.96528052345818
2011-04-21 23:00:00,90.3532308963993
2011-04-22 00:00:00,35.33333144692742
2011-04-22 01:00:00,17.562717282817005
2011-04-22 02:00:00,9.106823935703774
2011-04-22 03:00:00,4.672678809868751
2011-04-22 04:00:00,3.0720548057979746
2011-04-22 05:00:00,18.884482054993157
2011-04-22 06:00:00,69.25646987267093
2011-04-22 07:00:00,190.57360474703228
2011-04-22 08:00:00,399.26596786461243
2011-04-22 09:00:00,127.99864486739624
2011-04-22 10:00:00,110.49020849684547
2011-04-22 11:00:00,82.1636732848346
2011-04-22 12:00:00,102.18242314648133
2011-04-22 13:00:00,57.589419009895096
2011-04-22 14:00:00,36.9071935819047
2011-04-22 15:00:00,61.23133926690908
2011-04-22 16:00:00,95.73168220695464
2011-04-22 17:00:00,96.09924393191535
2011-04-22 18:00:00,83.81130013626729
2011-04-22 19:00:00,75.58166935448303
2011-04-22 20:00:00,43.670664787291265
2011-04-22 21:00:00,45.24075176261318
2011-04-22 22:00:00,27.370694875426196
2011-04-22 23:00:00,34.545433971314104
2011-04-23 00:00:00,26.4078788002981
2011-04-23 01:00:00,23.648243770475755
2011-04-23 02:00:00,26.174062636118194
2011-04-23 03:00:00,9.629977503651292
2011-04-23 04:00:00,2.8324121455693114
2011-04-23 05:00:00,3.5144855344271173
2011-04-23 06:00:00,13.387875342330151
2011-04-23 07:00:00,11.857035805352183
2011-04-23 08:00:00,43.832284293332144
2011-04-23 09:00:00,78.6427247451079
2011-04-23 10:00:00,164.4646961676079
2011-04-23 11:00:00,203.21075311394796
2011-04-23 12:00:00,314.12362720671524
2011-04-23 13:00:00,371.56383224181604
2011-04-23 14:00:00,400.57483838163427
2011-04-23 15:00:00,497.6568949646362
2011-04-23 16:00:00,493.5115312788557
2011-04-23 17:00:00,421.32684334178987
2011-04-23 18:00:00,339.12379223744455
2011-04-23 19:00:00,271.79506656136664
2011-04-23 20:00:00,149.4030236240203
2011-04-23 21:00:00,142.6742103812439
2011-04-23 22:00:00,137.45170253333663
2011-04-23 23:00:00,112.6221175632332
2011-04-24 00:00:00,76.49164479620109
2011-04-24 01:00:00,63.512554520941954
2011-04-24 02:00:00,56.07553494460412
2011-04-24 03:00:00,26.386266137381234
2011-04-24 04:00:00,6.252889200268542
2011-04-24 05:00:00,11.366530601399877
2011-04-24 06:00:00,9.839535464466664
2011-04-24 07:00:00,21.784670970914313
2011-04-24 08:00:00,64.37042484465515
2011-04-24 09:00:00,162.65316624180673
2011-04-24 10:00:00,357.7172425948503
2011-04-24 11:00:00,440.54011704058615
2011-04-24 12:00:00,492.03758683903663
2011-04-24 13:00:00,502.36199869781143
2011-04-24 14:00:00,461.00606818654757
2011-04-24 15:00:00,498.38310594743757
2011-04-24 16:00:00,384.15762769188274
2011-04-24 17:00:00,408.39028627334994
2011-04-24 18:00:00,405.5380852396934
2011-04-24 19:00:00,171.78617442548102
2011-04-24 20:00:00,95.0430306435929
2011-04-24 21:00:00,72.8011760556583
2011-04-24 22:00:00,42.714336590341055
2011-04-24 23:00:00,35.93535921625733
2011-04-25 00:00:00,14.537228561841264
2011-04-25 01:00:00,8.674376393510453
2011-04-25 02:00:00,6.21647738287124
2011-04-25 03:00:00,3.003170476326166
2011-04-25 04:00:00,3.8506221243858287
2011-04-25 05:00:00,14.882286618732287
2011-04-25 06:00:00,72.29262158259624
2011-04-25 07:00:00,191.87203990068792
2011-04-25 08:00:00,513.4196665543805
2011-04-25 09:00:00,279.5988797890001
2011-04-25 10:00:00,139.50956695785501
2011-04-25 11:00:00,162.0169789231493
2011-04-25 12:00:00,181.54639322284714
2011-04-25 13:00:00,198.1595361537827
2011-04-25 14:00:00,192.9219189374843
2011-04-25 15:00:00,169.02558749774514
2011-04-25 16:00:00,303.49472546026567
2011-04-25 17:00:00,590.7494240005877
2011-04-25 18:00:00,583.8837521370598
2011-04-25 19:00:00,399.1479102241774
2011-04-25 20:00:00,311.70510350768046
2011-04-25 21:00:00,205.8132472513013
2011-04-25 22:00:00,140.97396972268447
2011-04-25 23:00:00,64.72769443795686
2011-04-26 00:00:00,42.620401496788375
2011-04-26 01:00:00,13.975658218886919
2011-04-26 02:00:00,5.677073791769567
2011-04-26 03:00:00,3.7077341336260408
2011-04-26 04:00:00,4.749653386950514
2011-04-26 05:00:00,24.094205119887175
2011-04-26 06:00:00,98.63724686466747
2011-04-26 07:00:00,293.6871839609634
2011-04-26 08:00:00,400.47241678012347
2011-04-26 09:00:00,249.8451259312263
2011-04-26 10:00:00,143.1662334462267
2011-04-26 11:00:00,159.81462995580296
2011-04-26 12:00:00,224.39808736071953
2011-04-26 13:00:00,180.65203890884425
2011-04-26 14:00:00,197.85891947037726
2011-04-26 15:00:00,210.79251036249556
2011-04-26 16:00:00,328.23227690317185
2011-04-26 17:00:00,622.389708437952
2011-04-26 18:00:00,544.3857774510813
2011-04-26 19:00:00,382.0216173684174
2011-04-26 20:00:00,302.57406198790807
2011-04-26 21:00:00,197.50256217324167
2011-04-26 22:00:00,148.1129673643757
2011-04-26 23:00:00,78.83550743155158
2011-04-27 00:00:00,42.92402448287399
2011-04-27 01:00:00,16.307463387501198
2011-04-27 02:00:00,4.728978836438
2011-04-27 03:00:00,3.95562946909036
2011-04-27 04:00:00,3.3877836283128784
2011-04-27 05:00:00,20.782831522879423
2011-04-27 06:00:00,89.69971022047052
2011-04-27 07:00:00,233.39618351936443
2011-04-27 08:00:00,329.80420492196896
2011-04-27 09:00:00,208.37376785483403
2011-04-27 10:00:00,140.1128705043852
2011-04-27 11:00:00,163.3411735772331
2011-04-27 12:00:00,203.50792507012122
2011-04-27 13:00:00,182.776620611484
2011-04-27 14:00:00,176.1717548685853
2011-04-27 15:00:00,196.4374678049655
2011-04-27 16:00:00,301.3724755604604
2011-04-27 17:00:00,316.5377519635604
2011-04-27 18:00:00,291.1963051259993
2011-04-27 19:00:00,384.7969531791788
2011-04-27 20:00:00,258.8556311861108
2011-04-27 21:00:00,149.53999584407475
2011-04-27 22:00:00,121.05915039706268
2011-04-27 23:00:00,70.36416304902313
2011-04-28 00:00:00,43.35694111251022
2011-04-28 01:00:00,14.42393939211055
2011-04-28 02:00:00,8.0019918766854
2011-04-28 03:00:00,4.723816234845832
2011-04-28 04:00:00,5.508848650214574
2011-04-28 05:00:00,27.098638051002688
2011-04-28 06:00:00,130.10791793289084
2011-04-28 07:00:00,333.6584053417052
2011-04-28 08:00:00,442.6238177314505
2011-04-28 09:00:00,115.45574871445287
2011-04-28 10:00:00,111.44852779692583
2011-04-28 11:00:00,137.91778752545264
2011-04-28 12:00:00,188.72826602050938
2011-04-28 13:00:00,161.44643625240454
2011-04-28 14:00:00,175.25127121523408
2011-04-28 15:00:00,198.87898757943543
2011-04-28 16:00:00,284.846346709184
2011-04-28 17:00:00,634.3350847539758
2011-04-28 18:00:00,611.8370864408963
2011-04-28 19:00:00,499.1228496671122
2011-04-28 20:00:00,339.75780932129305
2011-04-28 21:00:00,246.3220765764853
2011-04-28 22:00:00,207.13453908111282
2011-04-28 23:00:00,145.01011854858888
2011-04-29 00:00:00,60.1653461940544
2011-04-29 01:00:00,26.816927167795892
2011-04-29 02:00:00,14.177416218468629
2011-04-29 03:00:00,7.5569686906490015
2011-04-29 04:00:00,5.30292996877464
2011-04-29 05:00:00,32.885985611543155
2011-04-29 06:00:00,111.30632171677325
2011-04-29 07:00:00,434.79911784752267
2011-04-29 08:00:00,828.1212526230012
2011-04-29 09:00:00,355.0430215177324
2011-04-29 10:00:00,211.74682073247192
2011-04-29 11:00:00,252.2684383586332
2011-04-29 12:00:00,304.3156916526057
2011-04-29 13:00:00,289.46561724795487
2011-04-29 14:00:00,281.5992773115462
2011-04-29 15:00:00,236.92393389578967
2011-04-29 16:00:00,361.1977243390512
2011-04-29 17:00:00,492.2652330792593
2011-04-29 18:00:00,489.6996059843945
2011-04-29 19:00:00,293.7697964654068
2011-04-29 20:00:00,207.62807196969467
2011-04-29 21:00:00,181.42540087190076
2011-04-29 22:00:00,154.63986402295978
2011-04-29 23:00:00,98.98343136704865
2011-04-30 00:00:00,66.15946167778371
2011-04-30 01:00:00,60.823864516904806
2011-04-30 02:00:00,44.45514624106025
2011-04-30 03:00:00,18.94637109414711
2011-04-30 04:00:00,6.411870513071499
2011-04-30 05:00:00,7.041743992449069
2011-04-30 06:00:00,19.409910499758812
2011-04-30 07:00:00,42.41121175294008
2011-04-30 08:00:00,107.37199824484516
2011-04-30 09:00:00,162.589051156845
2011-04-30 10:00:00,326.58081401850586
2011-04-30 11:00:00,394.5115200691384
2011-04-30 12:00:00,479.71584835032354
2011-04-30 13:00:00,538.9511124068459
2011-04-30 14:00:00,541.514994989404
2011-04-30 15:00:00,560.799662722967
2011-04-30 16:00:00,523.6129767028251
2011-04-30 17:00:00,489.44033174688803
2011-04-30 18:00:00,438.76201065962397
2011-04-30 19:00:00,383.4585490552739
2011-04-30 20:00:00,168.10577334413313
2011-04-30 21:00:00,144.47733983271849
2011-04-30 22:00:00,114.6666472354959
2011-04-30 23:00:00,102.5737749870424
2011-05-20 00:00:00,35.55604131561605
2011-05-20 01:00:00,15.20730897062278
2011-05-20 02:00:00,8.571765732892576
2011-05-20 03:00:00,3.788133981430629
2011-05-20 04:00:00,3.393870969419473
2011-05-20 05:00:00,21.702971802926875
2011-05-20 06:00:00,112.23272939633405
2011-05-20 07:00:00,365.65884128375853
2011-05-20 08:00:00,792.3237835204587
2011-05-20 09:00:00,337.2528804210503
2011-05-20 10:00:00,191.18272726250424
2011-05-20 11:00:00,198.51219215945963
2011-05-20 12:00:00,260.62821190816175
2011-05-20 13:00:00,162.05975598763277
2011-05-20 14:00:00,256.10075677125604
2011-05-20 15:00:00,246.88826185288582
2011-05-20 16:00:00,385.8509046637833
2011-05-20 17:00:00,640.44652088015755
2011-05-20 18:00:00,608.9978732320535
2011-05-20 19:00:00,396.3960338423429
2011-05-20 20:00:00,254.2894920986896
2011-05-20 21:00:00,232.10354420471418
2011-05-20 22:00:00,213.8609934973137
2011-05-20 23:00:00,144.58508950081995
2011-05-21 00:00:00,101.18816977985823
2011-05-21 01:00:00,96.22456506537635
2011-05-21 02:00:00,73.61520241547208
2011-05-21 03:00:00,31.017221355748614
2011-05-21 04:00:00,5.758333939987242
2011-05-21 05:00:00,7.925059425086907
2011-05-21 06:00:00,30.154487502308587
2011-05-21 07:00:00,72.18342407866015
2011-05-21 08:00:00,152.18894000618394
2011-05-21 09:00:00,255.38836665409644
2011-05-21 10:00:00,453.13297110573274
2011-05-21 11:00:00,495.83777594215184
2011-05-21 12:00:00,569.7306290564519
2011-05-21 13:00:00,593.0793517483069
2011-05-21 14:00:00,610.409635523547
2011-05-21 15:00:00,561.5674276874706
2011-05-21 16:00:00,548.6583748848477
2011-05-21 17:00:00,493.9439139573758
2011-05-21 18:00:00,434.35505395163926
2011-05-21 19:00:00,415.8295674834696
2011-05-21 20:00:00,331.55786922765355
2011-05-21 21:00:00,254.01634818530945
2011-05-21 22:00:00,207.4044424679942
2011-05-21 23:00:00,153.8194509165467
2011-05-22 00:00:00,82.83593851664502
2011-05-22 01:00:00,58.090536530733004
2011-05-22 02:00:00,64.13625168028113
2011-05-22 03:00:00,23.086947671561656
2011-05-22 04:00:00,5.092251789617077
2011-05-22 05:00:00,9.13597640001114
2011-05-22 06:00:00,14.538260110421142
2011-05-22 07:00:00,47.204449108888355
2011-05-22 08:00:00,124.04597267067099
2011-05-22 09:00:00,232.85991408336307
2011-05-22 10:00:00,360.6779537957112
2011-05-22 11:00:00,441.5036536953963
2011-05-22 12:00:00,493.54648074991337
2011-05-22 13:00:00,469.6829484372362
2011-05-22 14:00:00,294.4195365369434
2011-05-22 15:00:00,492.9995553991094
2011-05-22 16:00:00,509.54549910304513
2011-05-22 17:00:00,457.922485185829
2011-05-22 18:00:00,389.2035827750145
2011-05-22 19:00:00,340.25847924552636
2011-05-22 20:00:00,280.99391355793097
2011-05-22 21:00:00,199.90320047370824
2011-05-22 22:00:00,163.4575573811763
2011-05-22 23:00:00,75.57399091987652
2011-05-23 00:00:00,33.28274158578408
2011-05-23 01:00:00,12.31515941921974
2011-05-23 02:00:00,7.330880072828895
2011-05-23 03:00:00,3.3451963987424427
2011-05-23 04:00:00,4.7681073924190205
2011-05-23 05:00:00,20.352042795189853
2011-05-23 06:00:00,76.11267498450938
2011-05-23 07:00:00,253.9015391047644
2011-05-23 08:00:00,426.0247990347197
2011-05-23 09:00:00,221.61408183351227
2011-05-23 10:00:00,122.92183277463587
2011-05-23 11:00:00,156.5223988739561
2011-05-23 12:00:00,193.46384228769335
2011-05-23 13:00:00,180.76769480141257
2011-05-23 14:00:00,191.9848390806029
2011-05-23 15:00:00,203.91171589502144
2011-05-23 16:00:00,327.8062268342435
2011-05-23 17:00:00,501.1463130301275
2011-05-23 18:00:00,495.2927615480308
2011-05-23 19:00:00,378.58292055355633
2011-05-23 20:00:00,230.22907234539082
2011-05-23 21:00:00,162.50273124564913
2011-05-23 22:00:00,100.0686742283358
2011-05-23 23:00:00,68.40212624664606
2011-05-24 00:00:00,30.51831100401512
2011-05-24 01:00:00,11.528768927194594
2011-05-24 02:00:00,6.39818772319671
2011-05-24 03:00:00,3.2445351973876737
2011-05-24 04:00:00,5.562552236479897
2011-05-24 05:00:00,18.59070863926381
2011-05-24 06:00:00,83.01052237554416
2011-05-24 07:00:00,277.3458673682555
2011-05-24 08:00:00,256.4789988739624
2011-05-24 09:00:00,269.063162265448
2011-05-24 10:00:00,156.47540647900504
2011-05-24 11:00:00,157.25855783744692
2011-05-24 12:00:00,196.1239309560298
2011-05-24 13:00:00,188.84328864218963
2011-05-24 14:00:00,175.3931317233302
2011-05-24 15:00:00,164.20825832288145
2011-05-24 16:00:00,309.8267894171176
2011-05-24 17:00:00,678.2743297360522
2011-05-24 18:00:00,579.4812751997778
2011-05-24 19:00:00,393.4243905733858
2011-05-24 20:00:00,308.10494160264534
2011-05-24 21:00:00,220.55730810229528
2011-05-24 22:00:00,82.38731374199017
2011-05-24 23:00:00,113.10136343948093
2011-05-25 00:00:00,23.696110747883445
2011-05-25 01:00:00,10.76220622437585
2011-05-25 02:00:00,6.053963828661054
2011-05-25 03:00:00,3.9164084719390457
2011-05-25 04:00:00,3.1948169353913984
2011-05-25 05:00:00,23.511900894770683
2011-05-25 06:00:00,99.28325218946162
2011-05-25 07:00:00,424.1441468294931
2011-05-25 08:00:00,561.5976238538275
2011-05-25 09:00:00,309.9160853827556
2011-05-25 10:00:00,173.81585444101864
2011-05-25 11:00:00,159.74883561496566
2011-05-25 12:00:00,215.56200634176255
2011-05-25 13:00:00,199.30969252910512
2011-05-25 14:00:00,190.7664668172928
2011-05-25 15:00:00,188.1507317786354
2011-05-25 16:00:00,277.5515155338474
2011-05-25 17:00:00,570.6218913224526
2011-05-25 18:00:00,633.1526390046662
2011-05-25 19:00:00,463.7752889578554
2011-05-25 20:00:00,392.33154416012087
2011-05-25 21:00:00,241.10007087866865
2011-05-25 22:00:00,186.73160223818138
2011-05-25 23:00:00,118.78165770897355
2011-05-26 00:00:00,51.349779358537795
2011-05-26 01:00:00,19.226122914887434
2011-05-26 02:00:00,10.32416657718506
2011-05-26 03:00:00,5.3771786753371345
2011-05-26 04:00:00,5.718049411631914
2011-05-26 05:00:00,28.208064081094633
2011-05-26 06:00:00,96.9326168971394
2011-05-26 07:00:00,248.7413926090748
2011-05-26 08:00:00,528.025212601388
2011-05-26 09:00:00,290.4672205394166
2011-05-26 10:00:00,141.2377505411436
2011-05-26 11:00:00,159.334058799197
2011-05-26 12:00:00,203.65758534080717
2011-05-26 13:00:00,194.99406738946146
2011-05-26 14:00:00,180.3918273355986
2011-05-26 15:00:00,186.35138619571202
2011-05-26 16:00:00,271.9283751155926
2011-05-26 17:00:00,539.4621849577637
2011-05-26 18:00:00,518.6352847838679
2011-05-26 19:00:00,385.30033734452576
2011-05-26 20:00:00,399.2852107995305
2011-05-26 21:00:00,278.45406358243963
2011-05-26 22:00:00,198.3619750595589
2011-05-26 23:00:00,136.3150254888622
2011-05-27 00:00:00,58.888447883039504
2011-05-27 01:00:00,31.361789355475025
2011-05-27 02:00:00,16.222770799484937
2011-05-27 03:00:00,8.038824032980052
2011-05-27 04:00:00,7.54651543669511
2011-05-27 05:00:00,37.22959552582622
2011-05-27 06:00:00,147.05475094521915
2011-05-27 07:00:00,412.52689242308554
2011-05-27 08:00:00,513.9593201381163
2011-05-27 09:00:00,332.3604032756411
2011-05-27 10:00:00,203.08932647093323
2011-05-27 11:00:00,185.14622176140858
2011-05-27 12:00:00,227.68728034946886
2011-05-27 13:00:00,239.2355587490692
2011-05-27 14:00:00,222.79191149319615
2011-05-27 15:00:00,233.4382580493401
2011-05-27 16:00:00,324.4479295805993
2011-05-27 17:00:00,556.0659995699182
2011-05-27 18:00:00,520.0090254582773
2011-05-27 19:00:00,224.07023856673266
2011-05-27 20:00:00,252.64598508850798
2011-05-27 21:00:00,210.13397904311884
2011-05-27 22:00:00,207.06961400505142
2011-05-27 23:00:00,131.053068754777
2011-05-28 00:00:00,93.12243766096582
2011-05-28 01:00:00,80.49644787171604
2011-05-28 02:00:00,56.00121587711964
2011-05-28 03:00:00,27.032684231462913
2011-05-28 04:00:00,8.329631965736674
2011-05-28 05:00:00,9.185024480766426
2011-05-28 06:00:00,29.66775083008295
2011-05-28 07:00:00,60.175854844071935
2011-05-28 08:00:00,135.38838949350279
2011-05-28 09:00:00,245.00330749734601
2011-05-28 10:00:00,377.3859758043156
2011-05-28 11:00:00,467.5451628157844
2011-05-28 12:00:00,569.6178484521523
2011-05-28 13:00:00,575.9215563691474
2011-05-28 14:00:00,478.3042963367219
2011-05-28 15:00:00,486.04004992489973
2011-05-28 16:00:00,467.7009467353837
2011-05-28 17:00:00,401.1867824115433
2011-05-28 18:00:00,442.28424376182784
2011-05-28 19:00:00,355.038848199608
2011-05-28 20:00:00,295.6496866269643
2011-05-28 21:00:00,194.65492217670285
2011-05-28 22:00:00,177.97815466824576
2011-05-28 23:00:00,164.0233349868191
2011-05-29 00:00:00,95.3036533515545
2011-05-29 01:00:00,88.71576332260099
2011-05-29 02:00:00,77.2502525815791
2011-05-29 03:00:00,40.19947562767053
2011-05-29 04:00:00,9.953546195170075
2011-05-29 05:00:00,14.638971776870404
2011-05-29 06:00:00,18.58074787040149
2011-05-29 07:00:00,35.46942877840943
2011-05-29 08:00:00,82.77738706638813
2011-05-29 09:00:00,105.84376487873672
2011-05-29 10:00:00,274.4857221717164
2011-05-29 11:00:00,328.72145500055063
2011-05-29 12:00:00,420.23278392444206
2011-05-29 13:00:00,456.8035966520389
2011-05-29 14:00:00,364.6125448312242
2011-05-29 15:00:00,368.3821527859786
2011-05-29 16:00:00,365.2697063845415
2011-05-29 17:00:00,347.85116490656446
2011-05-29 18:00:00,331.8077403864978
2011-05-29 19:00:00,283.89547358506104
2011-05-29 20:00:00,236.44246492638115
2011-05-29 21:00:00,190.68587617920295
2011-05-29 22:00:00,163.00181031078282
2011-05-29 23:00:00,105.49039466864896
2011-05-30 00:00:00,57.052282130629976
2011-05-30 01:00:00,33.509411610370634
2011-05-30 02:00:00,22.85548075400558
2011-05-30 03:00:00,9.933280512803156
2011-05-30 04:00:00,8.064229144054023
2011-05-30 05:00:00,13.34492718096131
2011-05-30 06:00:00,30.780025782097113
2011-05-30 07:00:00,77.20838718655646
2011-05-30 08:00:00,218.50306538408654
2011-05-30 09:00:00,253.2331149352486
2011-05-30 10:00:00,286.04456722178395
2011-05-30 11:00:00,358.1933212956273
2011-05-30 12:00:00,379.9365434904452
2011-05-30 13:00:00,352.83938842700246
2011-05-30 14:00:00,345.4051145139793
2011-05-30 15:00:00,334.90186143378537
2011-05-30 16:00:00,339.48219371669376
2011-05-30 17:00:00,367.1974430151737
2011-05-30 18:00:00,339.2411313064323
2011-05-30 19:00:00,294.59119545796193
2011-05-30 20:00:00,278.9989611117475
2011-05-30 21:00:00,184.08088470655707
2011-05-30 22:00:00,161.42481495927063
2011-05-30 23:00:00,90.51436386921392
2011-05-31 00:00:00,44.22664206462198
2011-05-31 01:00:00,13.723631228628246
2011-05-31 02:00:00,7.059910546713709
2011-05-31 03:00:00,3.7321770429778067
2011-05-31 04:00:00,6.0247699380477515
2011-05-31 05:00:00,31.834840860088857
2011-05-31 06:00:00,137.4666229752667
2011-05-31 07:00:00,345.8507622550647
2011-05-31 08:00:00,481.0994210043855
2011-05-31 09:00:00,231.50425270637038
2011-05-31 10:00:00,141.31659363705967
2011-05-31 11:00:00,134.94634539403765
2011-05-31 12:00:00,169.51042689094447
2011-05-31 13:00:00,175.9023997769658
2011-05-31 14:00:00,161.90786241849577
2011-05-31 15:00:00,168.66991545595044
2011-05-31 16:00:00,259.9240418557583
2011-05-31 17:00:00,487.9105111819246
2011-05-31 18:00:00,475.8616160841211
2011-05-31 19:00:00,390.7834929352412
2011-05-31 20:00:00,308.87110497690196
2011-05-31 21:00:00,203.1494614362687
2011-05-31 22:00:00,155.24739457650568
2011-05-31 23:00:00,101.3397823434481
2011-06-20 00:00:00,43.37680991380313
2011-06-20 01:00:00,13.502968798203757
2011-06-20 02:00:00,7.2603566043462795
2011-06-20 03:00:00,3.8291872367449216
2011-06-20 04:00:00,5.95089133210275
2011-06-20 05:00:00,22.412463333592765
2011-06-20 06:00:00,120.37257681357288
2011-06-20 07:00:00,189.99095284756478
2011-06-20 08:00:00,358.9908413952133
2011-06-20 09:00:00,250.02585518096922
2011-06-20 10:00:00,130.3464699612647
2011-06-20 11:00:00,154.3710608934053
2011-06-20 12:00:00,220.0787670976618
2011-06-20 13:00:00,203.88548124463682
2011-06-20 14:00:00,201.88834691769816
2011-06-20 15:00:00,215.3395322929661
2011-06-20 16:00:00,337.8232539515801
2011-06-20 17:00:00,609.9026069525146
2011-06-20 18:00:00,583.8813889800597
2011-06-20 19:00:00,391.21710769608296
2011-06-20 20:00:00,304.62079678583655
2011-06-20 21:00:00,223.26884972921673
2011-06-20 22:00:00,151.22709531614439
2011-06-20 23:00:00,78.37815157924894
2011-06-21 00:00:00,45.24614588551079
2011-06-21 01:00:00,13.010115003250592
2011-06-21 02:00:00,5.605155975306324
2011-06-21 03:00:00,3.5925249984688135
2011-06-21 04:00:00,6.5774327041028195
2011-06-21 05:00:00,28.488130648015936
2011-06-21 06:00:00,129.1735702276908
2011-06-21 07:00:00,250.63515862323598
2011-06-21 08:00:00,481.76185848351315
2011-06-21 09:00:00,235.51979191054303
2011-06-21 10:00:00,129.32202604627437
2011-06-21 11:00:00,175.03393221786322
2011-06-21 12:00:00,213.88382386608424
2011-06-21 13:00:00,209.66384493054574
2011-06-21 14:00:00,204.1323160501993
2011-06-21 15:00:00,213.297400208623
2011-06-21 16:00:00,332.5849122892815
2011-06-21 17:00:00,610.9230155153077
2011-06-21 18:00:00,557.6512435672682
2011-06-21 19:00:00,406.0825577788641
2011-06-21 20:00:00,288.54342846872237
2011-06-21 21:00:00,229.13135442026223
2011-06-21 22:00:00,172.09691423695153
2011-06-21 23:00:00,101.61336772757099
2011-06-22 00:00:00,46.287348640355695
2011-06-22 01:00:00,18.031693846262606
2011-06-22 02:00:00,7.633653380398147
2011-06-22 03:00:00,6.794453276479601
2011-06-22 04:00:00,5.886387142665641
2011-06-22 05:00:00,25.721303384961566
2011-06-22 06:00:00,145.9276197281609
2011-06-22 07:00:00,366.06622851706953
2011-06-22 08:00:00,530.8856439341166
2011-06-22 09:00:00,304.98633962020295
2011-06-22 10:00:00,151.17072181032887
2011-06-22 11:00:00,184.999182810057
2011-06-22 12:00:00,263.77987283646655
2011-06-22 13:00:00,243.684627696812
2011-06-22 14:00:00,228.01306803117848
2011-06-22 15:00:00,244.82928735009955
2011-06-22 16:00:00,355.326257636031
2011-06-22 17:00:00,715.3191454409873
2011-06-22 18:00:00,685.4932400656324
2011-06-22 19:00:00,507.16497360345016
2011-06-22 20:00:00,316.6149785287594
2011-06-22 21:00:00,236.33702824810078
2011-06-22 22:00:00,184.74819027497148
2011-06-22 23:00:00,105.65339668158147
2011-06-23 00:00:00,45.4509832291347
2011-06-23 01:00:00,19.07499039314178
2011-06-23 02:00:00,10.266540952322252
2011-06-23 03:00:00,4.591737586215115
2011-06-23 04:00:00,6.68093830633487
2011-06-23 05:00:00,33.90409768676479
2011-06-23 06:00:00,152.85461005338507
2011-06-23 07:00:00,352.9611797991985
2011-06-23 08:00:00,509.5443792361151
2011-06-23 09:00:00,263.61699479435293
2011-06-23 10:00:00,153.64940969989885
2011-06-23 11:00:00,146.2440728776459
2011-06-23 12:00:00,205.43365349630704
2011-06-23 13:00:00,207.48551503413182
2011-06-23 14:00:00,189.79851007201353
2011-06-23 15:00:00,207.74141167804544
2011-06-23 16:00:00,298.83280970079096
2011-06-23 17:00:00,530.8064375380796
2011-06-23 18:00:00,544.0316125034152
2011-06-23 19:00:00,399.63349449348925
2011-06-23 20:00:00,324.2745584369593
2011-06-23 21:00:00,243.71429643270758
2011-06-23 22:00:00,165.38319633324767
2011-06-23 23:00:00,118.27583240306906
2011-06-24 00:00:00,53.39493442094646
2011-06-24 01:00:00,27.349007461486828
2011-06-24 02:00:00,13.148897955183529
2011-06-24 03:00:00,7.741242563902144
2011-06-24 04:00:00,6.877233057895648
2011-06-24 05:00:00,33.31384747619648
2011-06-24 06:00:00,122.20412733747192
2011-06-24 07:00:00,286.81576593160105
2011-06-24 08:00:00,566.8236770083324
2011-06-24 09:00:00,332.7349021421579
2011-06-24 10:00:00,205.04920100281782
2011-06-24 11:00:00,248.34925592251997
2011-06-24 12:00:00,314.6096788561757
2011-06-24 13:00:00,297.6099838732839
2011-06-24 14:00:00,276.23518029163364
2011-06-24 15:00:00,297.99017919785297
2011-06-24 16:00:00,432.9831646101249
2011-06-24 17:00:00,688.7907968667269
2011-06-24 18:00:00,596.611938596662
2011-06-24 19:00:00,466.9604216997665
2011-06-24 20:00:00,319.13856164614447
2011-06-24 21:00:00,239.20584954304917
2011-06-24 22:00:00,219.89076947514025
2011-06-24 23:00:00,163.59730842638353
2011-06-25 00:00:00,132.15738256051353
2011-06-25 01:00:00,119.78918808011048
2011-06-25 02:00:00,73.50388433085735
2011-06-25 03:00:00,34.0572617926585
2011-06-25 04:00:00,11.88879005535347
2011-06-25 05:00:00,10.378575279916781
2011-06-25 06:00:00,23.499941334638027
2011-06-25 07:00:00,58.43791129116079
2011-06-25 08:00:00,136.90848444817834
2011-06-25 09:00:00,229.99751256334434
2011-06-25 10:00:00,382.7375414506586
2011-06-25 11:00:00,489.392506590035
2011-06-25 12:00:00,561.7559367380087
2011-06-25 13:00:00,582.3875027967532
2011-06-25 14:00:00,483.6023691400609
2011-06-25 15:00:00,516.1264134903835
2011-06-25 16:00:00,524.7297071667017
2011-06-25 17:00:00,487.0248347688832
2011-06-25 18:00:00,401.6786291297271
2011-06-25 19:00:00,344.34224700478944
2011-06-25 20:00:00,288.327281499759
2011-06-25 21:00:00,260.3769972874968
2011-06-25 22:00:00,201.09651501106234
2011-06-25 23:00:00,148.26505472948156
2011-06-26 00:00:00,109.03587698794627
2011-06-26 01:00:00,103.16731020439565
2011-06-26 02:00:00,93.36642109783426
2011-06-26 03:00:00,40.28740425312113
2011-06-26 04:00:00,11.121132784806598
2011-06-26 05:00:00,11.561088185697592
2011-06-26 06:00:00,16.95928180243174
2011-06-26 07:00:00,52.29028026640551
2011-06-26 08:00:00,115.72348320676917
2011-06-26 09:00:00,199.64086733018266
2011-06-26 10:00:00,331.54770019247485
2011-06-26 11:00:00,414.57249504757044
2011-06-26 12:00:00,545.4276905472593
2011-06-26 13:00:00,514.5146348578711
2011-06-26 14:00:00,489.26243833370137
2011-06-26 15:00:00,497.3834218775265
2011-06-26 16:00:00,504.6230269966157
2011-06-26 17:00:00,431.07123872613306
2011-06-26 18:00:00,335.0399671481161
2011-06-26 19:00:00,294.565768933929
2011-06-26 20:00:00,234.2179618034614
2011-06-26 21:00:00,197.63280417901717
2011-06-26 22:00:00,163.53715979128222
2011-06-26 23:00:00,99.30869871092067
2011-06-27 00:00:00,31.99861286775493
2011-06-27 01:00:00,15.823420078496676
2011-06-27 02:00:00,9.054724291125149
2011-06-27 03:00:00,4.781784269926972
2011-06-27 04:00:00,7.528601084073496
2011-06-27 05:00:00,28.965696719620574
2011-06-27 06:00:00,144.29175289642166
2011-06-27 07:00:00,350.1580557216574
2011-06-27 08:00:00,441.01068888320754
2011-06-27 09:00:00,253.4899626917608
2011-06-27 10:00:00,163.76922169771996
2011-06-27 11:00:00,178.88065321843737
2011-06-27 12:00:00,228.63971484846994
2011-06-27 13:00:00,217.50865658296166
2011-06-27 14:00:00,213.88603764463465
2011-06-27 15:00:00,210.54550206266944
2011-06-27 16:00:00,312.9400160537888
2011-06-27 17:00:00,635.9750407699089
2011-06-27 18:00:00,604.83796280171
2011-06-27 19:00:00,434.5797734941171
2011-06-27 20:00:00,319.9758581088431
2011-06-27 21:00:00,228.25779204176237
2011-06-27 22:00:00,158.028460377175
2011-06-27 23:00:00,92.84899497120513
2011-06-28 00:00:00,45.162545087915625
2011-06-28 01:00:00,15.961775011084741
2011-06-28 02:00:00,7.386902455657384
2011-06-28 03:00:00,4.586504143978597
2011-06-28 04:00:00,6.3919560003532965
2011-06-28 05:00:00,30.474306916057788
2011-06-28 06:00:00,141.2402182871938
2011-06-28 07:00:00,353.00136781165156
2011-06-28 08:00:00,512.1948913722414
2011-06-28 09:00:00,280.37452379164387
2011-06-28 10:00:00,166.1571902332975
2011-06-28 11:00:00,185.14276260193643
2011-06-28 12:00:00,206.20259830888557
2011-06-28 13:00:00,215.44753655355285
2011-06-28 14:00:00,199.77883804589692
2011-06-28 15:00:00,206.79040576557588
2011-06-28 16:00:00,288.9611009728363
2011-06-28 17:00:00,537.1082884626609
2011-06-28 18:00:00,500.35603061827715
2011-06-28 19:00:00,446.1591188452192
2011-06-28 20:00:00,365.67073784783724
2011-06-28 21:00:00,242.2258500112246
2011-06-28 22:00:00,169.7067122552257
2011-06-28 23:00:00,100.0745995650512
2011-06-29 00:00:00,45.08818352425854
2011-06-29 01:00:00,16.68069595215427
2011-06-29 02:00:00,7.1212351117903445
2011-06-29 03:00:00,6.953006053744292
2011-06-29 04:00:00,5.913329143594879
2011-06-29 05:00:00,31.737723330114196
2011-06-29 06:00:00,141.29149311366325
2011-06-29 07:00:00,407.2246397937516
2011-06-29 08:00:00,588.1933003275115
2011-06-29 09:00:00,290.8962724865607
2011-06-29 10:00:00,178.54356545368282
2011-06-29 11:00:00,209.05913269375506
2011-06-29 12:00:00,257.524709125853
2011-06-29 13:00:00,242.8988365919274
2011-06-29 14:00:00,232.24066947523536
2011-06-29 15:00:00,246.36942918444169
2011-06-29 16:00:00,354.52386141356476
2011-06-29 17:00:00,701.1746830808403
2011-06-29 18:00:00,686.8046636992165
2011-06-29 19:00:00,481.657969838373
2011-06-29 20:00:00,395.81557349857184
2011-06-29 21:00:00,279.1490010597722
2011-06-29 22:00:00,216.55954185655622
2011-06-29 23:00:00,122.25374326816443
2011-06-30 00:00:00,56.80170296557478
2011-06-30 01:00:00,19.155862419589248
2011-06-30 02:00:00,11.873807389929905
2011-06-30 03:00:00,5.928773530017775
2011-06-30 04:00:00,7.3617662077233685
2011-06-30 05:00:00,33.85237199330569
2011-06-30 06:00:00,153.46666815584138
2011-06-30 07:00:00,411.2506834823952
2011-06-30 08:00:00,573.9406219403818
2011-06-30 09:00:00,298.9571626628573
2011-06-30 10:00:00,184.4582080119408
2011-06-30 11:00:00,212.23690776002888
2011-06-30 12:00:00,281.5097106695294
2011-06-30 13:00:00,256.1925408556761
2011-06-30 14:00:00,238.79941899147138
2011-06-30 15:00:00,242.4667502210793
2011-06-30 16:00:00,346.35873245103375
2011-06-30 17:00:00,679.9740507967523
2011-06-30 18:00:00,640.5222034894527
2011-06-30 19:00:00,513.1014651626043
2011-06-30 20:00:00,404.9611944180086
2011-06-30 21:00:00,290.3145033691855
2011-06-30 22:00:00,224.05856228507395
2011-06-30 23:00:00,133.9352805163309
2011-07-20 00:00:00,47.40162508813195
2011-07-20 01:00:00,17.647034711755506
2011-07-20 02:00:00,7.628891230123229
2011-07-20 03:00:00,6.648128252560249
2011-07-20 04:00:00,5.9598068259535415
2011-07-20 05:00:00,32.98511311535717
2011-07-20 06:00:00,112.86978205509925
2011-07-20 07:00:00,381.95800870345727
2011-07-20 08:00:00,532.4347744540104
2011-07-20 09:00:00,297.23417929883254
2011-07-20 10:00:00,159.34685226011504
2011-07-20 11:00:00,189.94391810414874
2011-07-20 12:00:00,232.6104443227138
2011-07-20 13:00:00,203.09504882653133
2011-07-20 14:00:00,187.91391397464332
2011-07-20 15:00:00,212.02800364147132
2011-07-20 16:00:00,292.592259686147
2011-07-20 17:00:00,618.7990942755406
2011-07-20 18:00:00,568.1619841327008
2011-07-20 19:00:00,419.18877860083103
2011-07-20 20:00:00,314.6134327454483
2011-07-20 21:00:00,250.72654021354066
2011-07-20 22:00:00,186.55462947274088
2011-07-20 23:00:00,104.29445849681173
2011-07-21 00:00:00,43.785546223016205
2011-07-21 01:00:00,16.202824424228954
2011-07-21 02:00:00,8.636623040830768
2011-07-21 03:00:00,5.4500422876110886
2011-07-21 04:00:00,6.760528313658882
2011-07-21 05:00:00,30.433557019374746
2011-07-21 06:00:00,132.8299834390156
2011-07-21 07:00:00,346.56187930981696
2011-07-21 08:00:00,490.7834393024174
2011-07-21 09:00:00,267.7608708459475
2011-07-21 10:00:00,143.30201692654418
2011-07-21 11:00:00,152.35325954110718
2011-07-21 12:00:00,190.20377792325323
2011-07-21 13:00:00,186.83362221846892
2011-07-21 14:00:00,172.23012717550162
2011-07-21 15:00:00,189.0339106874905
2011-07-21 16:00:00,272.3035995967289
2011-07-21 17:00:00,509.29429527622557
2011-07-21 18:00:00,482.15767163023315
2011-07-21 19:00:00,352.4085665613446
2011-07-21 20:00:00,290.9797370015251
2011-07-21 21:00:00,219.98690547556828
2011-07-21 22:00:00,185.97559347582646
2011-07-21 23:00:00,141.84509411113865
2011-07-22 00:00:00,59.940174978652415
2011-07-22 01:00:00,31.438276397320596
2011-07-22 02:00:00,14.342168145024447
2011-07-22 03:00:00,7.404785079221705
2011-07-22 04:00:00,7.029156533935969
2011-07-22 05:00:00,34.70863362963411
2011-07-22 06:00:00,126.76254456446948
2011-07-22 07:00:00,360.0217206578775
2011-07-22 08:00:00,504.4707551374677
2011-07-22 09:00:00,264.34590349511836
2011-07-22 10:00:00,153.6928515796307
2011-07-22 11:00:00,181.32944580986913
2011-07-22 12:00:00,255.53287961562225
2011-07-22 13:00:00,244.0549707840944
2011-07-22 14:00:00,176.65774125323983
2011-07-22 15:00:00,226.4812528280345
2011-07-22 16:00:00,273.10487207323087
2011-07-22 17:00:00,504.4522156974448
2011-07-22 18:00:00,508.74453027451955
2011-07-22 19:00:00,403.5660566597628
2011-07-22 20:00:00,264.24903000301236
2011-07-22 21:00:00,253.66482552876718
2011-07-22 22:00:00,190.12528934710335
2011-07-22 23:00:00,169.09738559510978
2011-07-23 00:00:00,120.89848294604977
2011-07-23 01:00:00,113.4424434213002
2011-07-23 02:00:00,75.99891836360224
2011-07-23 03:00:00,33.73246990184474
2011-07-23 04:00:00,11.682220959201938
2011-07-23 05:00:00,10.64504645129534
2011-07-23 06:00:00,23.500394751854763
2011-07-23 07:00:00,59.974054420684276
2011-07-23 08:00:00,124.02411626448891
2011-07-23 09:00:00,213.2614197310354
2011-07-23 10:00:00,365.1668083979434
2011-07-23 11:00:00,445.0707857461441
2011-07-23 12:00:00,452.66287572977217
2011-07-23 13:00:00,469.8867646320453
2011-07-23 14:00:00,447.82603853212487
2011-07-23 15:00:00,451.59106642243995
2011-07-23 16:00:00,445.39083847962434
2011-07-23 17:00:00,391.7747625426501
2011-07-23 18:00:00,348.79473372679223
2011-07-23 19:00:00,343.36720533531474
2011-07-23 20:00:00,288.1104043450296
2011-07-23 21:00:00,241.94536191228838
2011-07-23 22:00:00,192.61803922606202
2011-07-23 23:00:00,181.26022659795476
2011-07-24 00:00:00,111.08293264942759
2011-07-24 01:00:00,106.87181793109707
2011-07-24 02:00:00,84.5415413820373
2011-07-24 03:00:00,38.50847898423971
2011-07-24 04:00:00,11.245583040999325
2011-07-24 05:00:00,11.570200781543067
2011-07-24 06:00:00,17.282192184738083
2011-07-24 07:00:00,51.76479467272541
2011-07-24 08:00:00,114.05637911394689
2011-07-24 09:00:00,184.42995647729097
2011-07-24 10:00:00,275.06153024791126
2011-07-24 11:00:00,371.52378601371066
2011-07-24 12:00:00,392.5204276734349
2011-07-24 13:00:00,423.02082901232677
2011-07-24 14:00:00,389.2880863345134
2011-07-24 15:00:00,401.6102919566692
2011-07-24 16:00:00,397.0631639894516
2011-07-24 17:00:00,394.18937330645264
2011-07-24 18:00:00,344.25370249080714
2011-07-24 19:00:00,290.84045159489386
2011-07-24 20:00:00,232.6564822399548
2011-07-24 21:00:00,213.19488242403403
2011-07-24 22:00:00,163.35072987437243
2011-07-24 23:00:00,93.80433343605024
2011-07-25 00:00:00,48.89727904537591
2011-07-25 01:00:00,16.183110165113426
2011-07-25 02:00:00,8.66221822146268
2011-07-25 03:00:00,5.513145676623437
2011-07-25 04:00:00,6.202212768194223
2011-07-25 05:00:00,29.330367961212072
2011-07-25 06:00:00,135.5108669857683
2011-07-25 07:00:00,346.7572413659783
2011-07-25 08:00:00,478.78137650290205
2011-07-25 09:00:00,267.3740145603408
2011-07-25 10:00:00,148.86968711169527
2011-07-25 11:00:00,177.60081440078835
2011-07-25 12:00:00,221.187756515837
2011-07-25 13:00:00,202.10000744599733
2011-07-25 14:00:00,181.05722298320808
2011-07-25 15:00:00,168.37167335246005
2011-07-25 16:00:00,265.81538167314073
2011-07-25 17:00:00,582.3186205923013
2011-07-25 18:00:00,556.6435550152512
2011-07-25 19:00:00,422.48574393457386
2011-07-25 20:00:00,297.1880621987558
2011-07-25 21:00:00,209.72891138177582
2011-07-25 22:00:00,147.276637885591
2011-07-25 23:00:00,85.68777514613255
2011-07-26 00:00:00,45.564183935530494
2011-07-26 01:00:00,16.202315180675477
2011-07-26 02:00:00,7.0543113478919555
2011-07-26 03:00:00,4.829817464509443
2011-07-26 04:00:00,6.354374481564271
2011-07-26 05:00:00,28.813007895657055
2011-07-26 06:00:00,124.82368352799085
2011-07-26 07:00:00,369.3749786564599
2011-07-26 08:00:00,543.3796129641217
2011-07-26 09:00:00,282.18270097082865
2011-07-26 10:00:00,173.14800055417072
2011-07-26 11:00:00,196.04522196231068
2011-07-26 12:00:00,217.3644053060399
2011-07-26 13:00:00,213.7059195697293
2011-07-26 14:00:00,195.26952195589303
2011-07-26 15:00:00,200.1912922445106
2011-07-26 16:00:00,324.59438881985074
2011-07-26 17:00:00,622.7009027790104
2011-07-26 18:00:00,587.4122154149583
2011-07-26 19:00:00,485.81053025257927
2011-07-26 20:00:00,343.56015693303607
2011-07-26 21:00:00,254.76470014823667
2011-07-26 22:00:00,195.68295083180146
2011-07-26 23:00:00,111.61271204472015
2011-07-27 00:00:00,55.86948956085393
2011-07-27 01:00:00,18.76522880355227
2011-07-27 02:00:00,8.253052802662921
2011-07-27 03:00:00,6.679698509077902
2011-07-27 04:00:00,6.476481711912236
2011-07-27 05:00:00,31.95273910979244
2011-07-27 06:00:00,145.7305345638047
2011-07-27 07:00:00,410.32408581954166
2011-07-27 08:00:00,610.008264183012
2011-07-27 09:00:00,309.69051230262056
2011-07-27 10:00:00,176.44983299032404
2011-07-27 11:00:00,201.6340113033402
2011-07-27 12:00:00,254.97970811885793
2011-07-27 13:00:00,214.05306872926735
2011-07-27 14:00:00,202.90881602005015
2011-07-27 15:00:00,215.47545217900895
2011-07-27 16:00:00,316.41827102286146
2011-07-27 17:00:00,634.015494965948
2011-07-27 18:00:00,664.6270327743966
2011-07-27 19:00:00,486.93486197740475
2011-07-27 20:00:00,368.5059887333085
2011-07-27 21:00:00,259.5424510817331
2011-07-27 22:00:00,202.58141749991483
2011-07-27 23:00:00,114.9473213097532
2011-07-28 00:00:00,52.339458675096736
2011-07-28 01:00:00,19.670838189993866
2011-07-28 02:00:00,11.426827564924825
2011-07-28 03:00:00,5.417666279412273
2011-07-28 04:00:00,6.974666681787486
2011-07-28 05:00:00,33.023387727264804
2011-07-28 06:00:00,161.62068632075884
2011-07-28 07:00:00,414.31399155236517
2011-07-28 08:00:00,559.626687407757
2011-07-28 09:00:00,279.39216881264747
2011-07-28 10:00:00,162.0929093739217
2011-07-28 11:00:00,179.27569272862678
2011-07-28 12:00:00,213.0417849537897
2011-07-28 13:00:00,211.7935341680223
2011-07-28 14:00:00,187.60080679328718
2011-07-28 15:00:00,207.0841977002808
2011-07-28 16:00:00,321.22771110277165
2011-07-28 17:00:00,595.0109888439981
2011-07-28 18:00:00,551.3376428729509
2011-07-28 19:00:00,480.5915822288642
2011-07-28 20:00:00,357.47356626713264
2011-07-28 21:00:00,256.03830131400736
2011-07-28 22:00:00,187.1651067739107
2011-07-28 23:00:00,128.2107739928338
2011-07-29 00:00:00,54.82595014349853
2011-07-29 01:00:00,30.737223915167768
2011-07-29 02:00:00,14.56855051477075
2011-07-29 03:00:00,7.337822617503651
2011-07-29 04:00:00,6.835165787313954
2011-07-29 05:00:00,34.410433421562956
2011-07-29 06:00:00,114.08600850263977
2011-07-29 07:00:00,316.4792434144897
2011-07-29 08:00:00,522.6667353152123
2011-07-29 09:00:00,266.275281684727
2011-07-29 10:00:00,164.5069527523969
2011-07-29 11:00:00,202.97399839244957
2011-07-29 12:00:00,206.3052878610464
2011-07-29 13:00:00,251.9129546306306
2011-07-29 14:00:00,182.49638774440132
2011-07-29 15:00:00,191.2147948292452
2011-07-29 16:00:00,285.88383789250196
2011-07-29 17:00:00,453.4480870957595
2011-07-29 18:00:00,475.68510786812254
2011-07-29 19:00:00,374.01695107760423
2011-07-29 20:00:00,278.63124363337784
2011-07-29 21:00:00,251.8475584869266
2011-07-29 22:00:00,222.0700650630442
2011-07-29 23:00:00,171.05027744968172
2011-07-30 00:00:00,122.53761659272813
2011-07-30 01:00:00,113.38582937390088
2011-07-30 02:00:00,75.37688103990324
2011-07-30 03:00:00,35.042587331705136
2011-07-30 04:00:00,11.50081811020709
2011-07-30 05:00:00,9.344486267558029
2011-07-30 06:00:00,22.768659553419333
2011-07-30 07:00:00,56.36331719873457
2011-07-30 08:00:00,134.5555166046452
2011-07-30 09:00:00,213.17743295693379
2011-07-30 10:00:00,383.64214935876004
2011-07-30 11:00:00,445.9561761815973
2011-07-30 12:00:00,494.1155552933393
2011-07-30 13:00:00,512.3466422046085
2011-07-30 14:00:00,488.57944339701413
2011-07-30 15:00:00,498.94888846526817
2011-07-30 16:00:00,490.9091242866904
2011-07-30 17:00:00,442.68892831205767
2011-07-30 18:00:00,392.65986752723035
2011-07-30 19:00:00,374.5717168201328
2011-07-30 20:00:00,304.6110287121092
2011-07-30 21:00:00,254.09342329457655
2011-07-30 22:00:00,195.4007666746535
2011-07-30 23:00:00,167.16557297540805
2011-07-31 00:00:00,106.83287098452216
2011-07-31 01:00:00,111.96223490020984
2011-07-31 02:00:00,87.64888699699601
2011-07-31 03:00:00,39.822625888749414
2011-07-31 04:00:00,11.333227757847066
2011-07-31 05:00:00,11.567199584714603
2011-07-31 06:00:00,17.639173488936482
2011-07-31 07:00:00,51.77529460148286
2011-07-31 08:00:00,114.33827277854208
2011-07-31 09:00:00,196.26909204608984
2011-07-31 10:00:00,315.16969638647606
2011-07-31 11:00:00,392.8323256761945
2011-07-31 12:00:00,458.585115875324
2011-07-31 13:00:00,463.78172094804216
2011-07-31 14:00:00,428.8204683312794
2011-07-31 15:00:00,374.6688309855924
2011-07-31 16:00:00,304.25098177553656
2011-07-31 17:00:00,285.15487335784513
2011-07-31 18:00:00,346.1575835942728
2011-07-31 19:00:00,293.294205861986
2011-07-31 20:00:00,241.23479155967698
2011-07-31 21:00:00,203.7604299904903
2011-07-31 22:00:00,136.92473351921163
2011-07-31 23:00:00,96.63360640440622
2011-08-20 00:00:00,109.47090915722538
2011-08-20 01:00:00,111.65688047770124
2011-08-20 02:00:00,72.5333290708635
2011-08-20 03:00:00,37.720281158796574
2011-08-20 04:00:00,10.626979203912555
2011-08-20 05:00:00,10.43330246118389
2011-08-20 06:00:00,21.73301960253111
2011-08-20 07:00:00,55.52312070070287
2011-08-20 08:00:00,131.6712317069665
2011-08-20 09:00:00,237.04309066588252
2011-08-20 10:00:00,383.46859649041755
2011-08-20 11:00:00,446.057465288851
2011-08-20 12:00:00,528.2718804348578
2011-08-20 13:00:00,554.3635659075121
2011-08-20 14:00:00,526.7199112354064
2011-08-20 15:00:00,551.8547895654381
2011-08-20 16:00:00,515.4801321797731
2011-08-20 17:00:00,450.01005237669654
2011-08-20 18:00:00,396.461381935714
2011-08-20 19:00:00,348.95116731709265
2011-08-20 20:00:00,285.4026199862199
2011-08-20 21:00:00,227.58544543224585
2011-08-20 22:00:00,159.21512231970243
2011-08-20 23:00:00,167.04682053486314
2011-08-21 00:00:00,94.56545180821152
2011-08-21 01:00:00,97.31860011143893
2011-08-21 02:00:00,76.40569168935913
2011-08-21 03:00:00,39.841842201993025
2011-08-21 04:00:00,9.680668819202914
2011-08-21 05:00:00,9.812446269171302
2011-08-21 06:00:00,14.508761780549214
2011-08-21 07:00:00,42.54062225363077
2011-08-21 08:00:00,97.75431099495725
2011-08-21 09:00:00,195.37849484080965
2011-08-21 10:00:00,273.04109802080484
2011-08-21 11:00:00,372.70810733832593
2011-08-21 12:00:00,463.2224671598578
2011-08-21 13:00:00,443.8519577196669
2011-08-21 14:00:00,226.11178491725772
2011-08-21 15:00:00,363.79325498738115
2011-08-21 16:00:00,408.3035354280045
2011-08-21 17:00:00,390.6823642758493
2011-08-21 18:00:00,299.9411905136066
2011-08-21 19:00:00,282.8904695656654
2011-08-21 20:00:00,206.68578299327427
2011-08-21 21:00:00,181.60208500598932
2011-08-21 22:00:00,131.1234380251042
2011-08-21 23:00:00,99.17072514978518
2011-08-22 00:00:00,45.61745010789323
2011-08-22 01:00:00,15.968581849115237
2011-08-22 02:00:00,9.20816483898688
2011-08-22 03:00:00,5.502214653787886
2011-08-22 04:00:00,6.497336681752711
2011-08-22 05:00:00,26.572472762252055
2011-08-22 06:00:00,137.5084320225762
2011-08-22 07:00:00,354.24990171175534
2011-08-22 08:00:00,499.4623907593889
2011-08-22 09:00:00,248.20751547663784
2011-08-22 10:00:00,153.11057682992973
2011-08-22 11:00:00,187.9779601056676
2011-08-22 12:00:00,235.22753718755007
2011-08-22 13:00:00,233.45669502618162
2011-08-22 14:00:00,206.14623964961714
2011-08-22 15:00:00,221.61633012124392
2011-08-22 16:00:00,338.84809627888654
2011-08-22 17:00:00,675.4371778609493
2011-08-22 18:00:00,649.7629211012478
2011-08-22 19:00:00,453.7644101643963
2011-08-22 20:00:00,349.7697361792876
2011-08-22 21:00:00,251.0559536773355
2011-08-22 22:00:00,171.4497514732079
2011-08-22 23:00:00,97.13950594240482
2011-08-23 00:00:00,52.96152680540695
2011-08-23 01:00:00,15.935738478885092
2011-08-23 02:00:00,8.057314173308118
2011-08-23 03:00:00,4.822533939851375
2011-08-23 04:00:00,7.3089267729530745
2011-08-23 05:00:00,30.5993065281993
2011-08-23 06:00:00,138.56805498537443
2011-08-23 07:00:00,388.1790346306763
2011-08-23 08:00:00,524.3496920058813
2011-08-23 09:00:00,287.34379760121254
2011-08-23 10:00:00,167.55041027184765
2011-08-23 11:00:00,204.87736995974188
2011-08-23 12:00:00,245.9485059079229
2011-08-23 13:00:00,239.18967822285543
2011-08-23 14:00:00,222.27631479964444
2011-08-23 15:00:00,231.55433546609328
2011-08-23 16:00:00,363.76105596010854
2011-08-23 17:00:00,701.9552356860106
2011-08-23 18:00:00,672.1757754516457
2011-08-23 19:00:00,432.27600926738035
2011-08-23 20:00:00,346.04680046282743
2011-08-23 21:00:00,239.14657651132018
2011-08-23 22:00:00,193.39694643925898
2011-08-23 23:00:00,106.3998006212755
2011-08-24 00:00:00,54.55500322435493
2011-08-24 01:00:00,19.05379405357522
2011-08-24 02:00:00,8.497421263235001
2011-08-24 03:00:00,6.387865641509914
2011-08-24 04:00:00,6.543633432933443
2011-08-24 05:00:00,35.17664046638138
2011-08-24 06:00:00,162.064759688814
2011-08-24 07:00:00,401.7227886389081
2011-08-24 08:00:00,572.5911243749345
2011-08-24 09:00:00,284.51342369902153
2011-08-24 10:00:00,164.43010689686062
2011-08-24 11:00:00,188.39127788384204
2011-08-24 12:00:00,239.56213461119873
2011-08-24 13:00:00,220.3891497240324
2011-08-24 14:00:00,209.30952927802068
2011-08-24 15:00:00,222.05152946745582
2011-08-24 16:00:00,320.31695423798345
2011-08-24 17:00:00,657.5535582211467
2011-08-24 18:00:00,617.6533307010266
2011-08-24 19:00:00,451.798653170642
2011-08-24 20:00:00,354.56501949290094
2011-08-24 21:00:00,244.45504181414577
2011-08-24 22:00:00,182.75138156229335
2011-08-24 23:00:00,110.35841232385982
2011-08-25 00:00:00,44.34957364275701
2011-08-25 01:00:00,17.815854179553735
2011-08-25 02:00:00,10.185383685028935
2011-08-25 03:00:00,4.564611785867483
2011-08-25 04:00:00,5.768029673278076
2011-08-25 05:00:00,30.208094249744637
2011-08-25 06:00:00,135.68095061950237
2011-08-25 07:00:00,322.08583173086663
2011-08-25 08:00:00,447.53829303320924
2011-08-25 09:00:00,247.87352549818127
2011-08-25 10:00:00,139.17806607256588
2011-08-25 11:00:00,138.5706856465508
2011-08-25 12:00:00,180.21919499358197
2011-08-25 13:00:00,212.928884701068
2011-08-25 14:00:00,186.74791801821073
2011-08-25 15:00:00,201.28029661807892
2011-08-25 16:00:00,306.3003055404674
2011-08-25 17:00:00,584.4890120236479
2011-08-25 18:00:00,499.5830136173132
2011-08-25 19:00:00,360.7107870665209
2011-08-25 20:00:00,306.8296778182365
2011-08-25 21:00:00,224.39887203254992
2011-08-25 22:00:00,183.09767214634863
2011-08-25 23:00:00,130.4425448925868
2011-08-26 00:00:00,54.81132578494284
2011-08-26 01:00:00,29.982079931701026
2011-08-26 02:00:00,14.914842893022657
2011-08-26 03:00:00,7.222441952975225
2011-08-26 04:00:00,6.739240621624341
2011-08-26 05:00:00,29.055643075627362
2011-08-26 06:00:00,120.35500101387193
2011-08-26 07:00:00,338.14945037636943
2011-08-26 08:00:00,617.403371607435
2011-08-26 09:00:00,314.3008408002461
2011-08-26 10:00:00,185.86335697431795
2011-08-26 11:00:00,219.4256899363987
2011-08-26 12:00:00,253.81383202879283
2011-08-26 13:00:00,257.28743472815376
2011-08-26 14:00:00,246.93055117374246
2011-08-26 15:00:00,258.20206618946804
2011-08-26 16:00:00,400.9954989123012
2011-08-26 17:00:00,533.8024175599145
2011-08-26 18:00:00,469.1139922718208
2011-08-26 19:00:00,378.13821787635004
2011-08-26 20:00:00,265.2954347730516
2011-08-26 21:00:00,225.3729836717623
2011-08-26 22:00:00,203.83661695000964
2011-08-26 23:00:00,160.1389626145332
2011-08-27 00:00:00,109.99097105315374
2011-08-27 01:00:00,114.6470859463058
2011-08-27 02:00:00,71.43269156118401
2011-08-27 03:00:00,30.091988932324085
2011-08-27 04:00:00,10.503138460059793
2011-08-27 05:00:00,8.065218339476798
2011-08-27 06:00:00,19.166838583373377
2011-08-27 07:00:00,43.948594020098334
2011-08-27 08:00:00,110.12166281642197
2011-08-27 09:00:00,160.5375593316538
2011-08-27 10:00:00,250.66280201892272
2011-08-27 11:00:00,174.62210231204998
2011-08-27 12:00:00,219.03803181633836
2011-08-27 13:00:00,231.4982477689471
2011-08-27 14:00:00,95.09088743257884
2011-08-27 15:00:00,108.70705232469282
2011-08-27 16:00:00,102.97427241404758
2011-08-27 17:00:00,84.71146642049831
2011-08-28 07:00:00,18.216239676281855
2011-08-28 08:00:00,44.12850638582129
2011-08-28 09:00:00,184.92810022177807
2011-08-28 10:00:00,328.3170035205624
2011-08-28 11:00:00,391.118065320654
2011-08-28 12:00:00,437.58418827170766
2011-08-28 13:00:00,466.57937497316794
2011-08-28 14:00:00,455.6889110128156
2011-08-28 15:00:00,483.1328490849706
2011-08-28 16:00:00,463.3838897814569
2011-08-28 17:00:00,436.94424142530227
2011-08-28 18:00:00,394.2230479149457
2011-08-28 19:00:00,317.1216620894541
2011-08-28 20:00:00,247.54761907974492
2011-08-28 21:00:00,220.0741885294506
2011-08-28 22:00:00,159.61597503539954
2011-08-28 23:00:00,100.09478158218865
2011-08-29 00:00:00,47.78388573827522
2011-08-29 01:00:00,16.11570400322038
2011-08-29 02:00:00,8.677630630058635
2011-08-29 03:00:00,4.892304960965646
2011-08-29 04:00:00,6.989478006846908
2011-08-29 05:00:00,30.288176297926533
2011-08-29 06:00:00,152.05363784135687
2011-08-29 07:00:00,356.37991067875964
2011-08-29 08:00:00,504.9204621292199
2011-08-29 09:00:00,256.2312386339355
2011-08-29 10:00:00,151.3045282148307
2011-08-29 11:00:00,197.37308401657
2011-08-29 12:00:00,267.7486595632425
2011-08-29 13:00:00,237.6686364046267
2011-08-29 14:00:00,208.02415762141817
2011-08-29 15:00:00,233.38739752115455
2011-08-29 16:00:00,359.38801820359976
2011-08-29 17:00:00,638.3325646770188
2011-08-29 18:00:00,624.3018403999442
2011-08-29 19:00:00,434.03755550241493
2011-08-29 20:00:00,357.3859393009926
2011-08-29 21:00:00,230.30148175009472
2011-08-29 22:00:00,169.63592988582127
2011-08-29 23:00:00,93.50098133168086
2011-08-30 00:00:00,49.65710232878502
2011-08-30 01:00:00,16.445817927459313
2011-08-30 02:00:00,8.109532147389123
2011-08-30 03:00:00,4.611865883120475
2011-08-30 04:00:00,6.164503799804515
2011-08-30 05:00:00,29.345114053870375
2011-08-30 06:00:00,151.07411789630711
2011-08-30 07:00:00,438.5923913674045
2011-08-30 08:00:00,547.5365739484031
2011-08-30 09:00:00,268.4166147351293
2011-08-30 10:00:00,174.53489758336755
2011-08-30 11:00:00,207.71766587625325
2011-08-30 12:00:00,244.35064494502885
2011-08-30 13:00:00,238.47701051672402
2011-08-30 14:00:00,227.98691402530412
2011-08-30 15:00:00,236.90321071660867
2011-08-30 16:00:00,377.84298373106674
2011-08-30 17:00:00,701.205122848164
2011-08-30 18:00:00,668.3351536692153
2011-08-30 19:00:00,436.8585084704277
2011-08-30 20:00:00,349.4871216049563
2011-08-30 21:00:00,237.77507256519073
2011-08-30 22:00:00,190.41938443360925
2011-08-30 23:00:00,108.94322304362342
2011-08-31 00:00:00,50.19103579678497
2011-08-31 01:00:00,18.462304459827482
2011-08-31 02:00:00,8.339108181150229
2011-08-31 03:00:00,6.8363271782158055
2011-08-31 04:00:00,6.549417444113292
2011-08-31 05:00:00,35.014070523832785
2011-08-31 06:00:00,146.57352245042384
2011-08-31 07:00:00,368.36244087402395
2011-08-31 08:00:00,583.301479283381
2011-08-31 09:00:00,307.44080558292836
2011-08-31 10:00:00,165.43755918226358
2011-08-31 11:00:00,210.0287956876658
2011-08-31 12:00:00,256.23637041062494
2011-08-31 13:00:00,240.7622557142918
2011-08-31 14:00:00,228.49225599485584
2011-08-31 15:00:00,242.04113002227726
2011-08-31 16:00:00,357.74306399491513
2011-08-31 17:00:00,687.7990094009106
2011-08-31 18:00:00,629.0565885384921
2011-08-31 19:00:00,412.64035747371923
2011-08-31 20:00:00,372.9459468824456
2011-08-31 21:00:00,254.11762356696104
2011-08-31 22:00:00,197.67417294401213
2011-08-31 23:00:00,110.14034387383113
2011-09-20 00:00:00,45.65318045657454
2011-09-20 01:00:00,15.184766365095104
2011-09-20 02:00:00,6.788725369923162
2011-09-20 03:00:00,4.536952193042705
2011-09-20 04:00:00,6.037038514697889
2011-09-20 05:00:00,27.2829899323572
2011-09-20 06:00:00,122.66576280932482
2011-09-20 07:00:00,383.4381819506181
2011-09-20 08:00:00,231.6699807978868
2011-09-20 09:00:00,100.42249012891334
2011-09-20 10:00:00,89.30840306950569
2011-09-20 11:00:00,97.91432619274684
2011-09-20 12:00:00,128.17185973883556
2011-09-20 13:00:00,124.07541366360097
2011-09-20 14:00:00,163.39398938359895
2011-09-20 15:00:00,185.0153924989043
2011-09-20 16:00:00,285.9431741934435
2011-09-20 17:00:00,576.4227938379995
2011-09-20 18:00:00,536.5781555695254
2011-09-20 19:00:00,384.798214856708
2011-09-20 20:00:00,184.7846183817901
2011-09-20 21:00:00,148.8442231145291
2011-09-20 22:00:00,112.98256071111102
2011-09-20 23:00:00,65.86419506857702
2011-09-21 00:00:00,19.953234381664775
2011-09-21 01:00:00,9.727559331702961
2011-09-21 02:00:00,4.817425494080915
2011-09-21 03:00:00,3.7348565874063007
2011-09-21 04:00:00,3.019349948044233
2011-09-21 05:00:00,13.98943726581085
2011-09-21 06:00:00,61.98858819242032
2011-09-21 07:00:00,163.50944096638148
2011-09-21 08:00:00,315.0812839476075
2011-09-21 09:00:00,127.05216186597896
2011-09-21 10:00:00,122.36186406453564
2011-09-21 11:00:00,176.75757444873062
2011-09-21 12:00:00,225.24048977503793
2011-09-21 13:00:00,222.42021351144115
2011-09-21 14:00:00,196.87562443548848
2011-09-21 15:00:00,213.28452944080576
2011-09-21 16:00:00,318.98492378361544
2011-09-21 17:00:00,432.95264729795537
2011-09-21 18:00:00,288.9940480340579
2011-09-21 19:00:00,136.53789417893242
2011-09-21 20:00:00,72.77419216244598
2011-09-21 21:00:00,87.81459534764096
2011-09-21 22:00:00,91.07909235986011
2011-09-21 23:00:00,60.93667863915995
2011-09-22 00:00:00,33.00670447759403
2011-09-22 01:00:00,11.585110522937235
2011-09-22 02:00:00,6.732650277957564
2011-09-22 03:00:00,3.594294722613349
2011-09-22 04:00:00,4.471494399229332
2011-09-22 05:00:00,19.480511983580975
2011-09-22 06:00:00,79.15706820623458
2011-09-22 07:00:00,205.47932800441316
2011-09-22 08:00:00,359.2368964555263
2011-09-22 09:00:00,173.14424430725316
2011-09-22 10:00:00,117.45647729886274
2011-09-22 11:00:00,145.2185527186411
2011-09-22 12:00:00,212.2804865050801
2011-09-22 13:00:00,188.26662211214486
2011-09-22 14:00:00,166.04365587494766
2011-09-22 15:00:00,195.0906444762573
2011-09-22 16:00:00,279.50011630839583
2011-09-22 17:00:00,547.3813285978716
2011-09-22 18:00:00,480.0862107092116
2011-09-22 19:00:00,355.96033577766815
2011-09-22 20:00:00,186.77060516614452
2011-09-22 21:00:00,196.78138663361815
2011-09-22 22:00:00,88.5283077737722
2011-09-22 23:00:00,74.66521141369142
2011-09-23 00:00:00,46.01734816766889
2011-09-23 01:00:00,20.66198585880973
2011-09-23 02:00:00,9.852687455952388
2011-09-23 03:00:00,5.392288417226325
2011-09-23 04:00:00,5.376597244145518
2011-09-23 05:00:00,32.25917154187277
2011-09-23 06:00:00,108.63342376900596
2011-09-23 07:00:00,196.3783132924274
2011-09-23 08:00:00,309.97780962955693
2011-09-23 09:00:00,131.85716966834335
2011-09-23 10:00:00,71.89893547048703
2011-09-23 11:00:00,80.83973704299342
2011-09-23 12:00:00,138.3630445103681
2011-09-23 13:00:00,108.66997161363476
2011-09-23 14:00:00,78.74027314109416
2011-09-23 15:00:00,126.95754340415775
2011-09-23 16:00:00,191.46508261185858
2011-09-23 17:00:00,391.04201066715683
2011-09-23 18:00:00,360.3567316460784
2011-09-23 19:00:00,363.48922308767806
2011-09-23 20:00:00,214.72331876328445
2011-09-23 21:00:00,164.6875803638794
2011-09-23 22:00:00,190.84122360674715
2011-09-23 23:00:00,100.99138683099335
2011-09-24 00:00:00,97.26062743165093
2011-09-24 01:00:00,97.36687598310726
2011-09-24 02:00:00,66.0502805003837
2011-09-24 03:00:00,34.800669368993425
2011-09-24 04:00:00,14.584443653251888
2011-09-24 05:00:00,13.487109384835335
2011-09-24 06:00:00,22.10284678672838
2011-09-24 07:00:00,58.56958781541219
2011-09-24 08:00:00,112.48632453490859
2011-09-24 09:00:00,221.51340790623092
2011-09-24 10:00:00,320.9775522836931
2011-09-24 11:00:00,393.6966661366148
2011-09-24 12:00:00,439.2179501082205
2011-09-24 13:00:00,501.2799004331199
2011-09-24 14:00:00,465.5535519875947
2011-09-24 15:00:00,465.67766187001587
2011-09-24 16:00:00,465.04038566038685
2011-09-24 17:00:00,423.18563534113184
2011-09-24 18:00:00,371.33704328997857
2011-09-24 19:00:00,313.92454577590047
2011-09-24 20:00:00,234.33822505317738
2011-09-24 21:00:00,199.20913768321245
2011-09-24 22:00:00,160.9889084259499
2011-09-24 23:00:00,141.31925934106263
2011-09-25 00:00:00,87.47096783240382
2011-09-25 01:00:00,95.82343816719832
2011-09-25 02:00:00,63.55589864043463
2011-09-25 03:00:00,25.212078274506403
2011-09-25 04:00:00,10.793874193182285
2011-09-25 05:00:00,13.238018070180669
2011-09-25 06:00:00,15.93727214030368
2011-09-25 07:00:00,42.89859549970643
2011-09-25 08:00:00,99.25908038343893
2011-09-25 09:00:00,201.1488193404303
2011-09-25 10:00:00,281.2058708953774
2011-09-25 11:00:00,367.2112375160096
2011-09-25 12:00:00,442.5190450437707
2011-09-25 13:00:00,432.8443707485147
2011-09-25 14:00:00,399.150772790278
2011-09-25 15:00:00,402.39750226145725
2011-09-25 16:00:00,492.56636014428193
2011-09-25 17:00:00,395.0019238637905
2011-09-25 18:00:00,340.6768482155615
2011-09-25 19:00:00,286.5637711224603
2011-09-25 20:00:00,207.42891750864885
2011-09-25 21:00:00,144.4954701340703
2011-09-25 22:00:00,149.5567582081117
2011-09-25 23:00:00,94.08544010690532
2011-09-26 00:00:00,40.60697273845888
2011-09-26 01:00:00,16.392031246692
2011-09-26 02:00:00,8.089338604756437
2011-09-26 03:00:00,5.093657243753251
2011-09-26 04:00:00,9.235578200635445
2011-09-26 05:00:00,33.75793021464951
2011-09-26 06:00:00,132.259258534889
2011-09-26 07:00:00,352.08825682536315
2011-09-26 08:00:00,475.87852378980887
2011-09-26 09:00:00,278.46095953971945
2011-09-26 10:00:00,147.14578754381247
2011-09-26 11:00:00,155.59223703921086
2011-09-26 12:00:00,226.42623594780488
2011-09-26 13:00:00,238.36660417526306
2011-09-26 14:00:00,223.40623735241638
2011-09-26 15:00:00,237.60397424589092
2011-09-26 16:00:00,361.6639771399104
2011-09-26 17:00:00,671.4764065582003
2011-09-26 18:00:00,538.1698184886039
2011-09-26 19:00:00,397.49164807241505
2011-09-26 20:00:00,277.4159969839493
2011-09-26 21:00:00,208.21778361585817
2011-09-26 22:00:00,149.7736516275308
2011-09-26 23:00:00,84.88925023581696
2011-09-27 00:00:00,40.59818879399407
2011-09-27 01:00:00,14.206257690125602
2011-09-27 02:00:00,6.433603572829438
2011-09-27 03:00:00,4.395684873241834
2011-09-27 04:00:00,7.0334691997990815
2011-09-27 05:00:00,20.53966072729608
2011-09-27 06:00:00,120.75877241875607
2011-09-27 07:00:00,330.87138636242884
2011-09-27 08:00:00,470.083950044507
2011-09-27 09:00:00,173.8977170239615
2011-09-27 10:00:00,88.83523529308337
2011-09-27 11:00:00,170.359118784981
2011-09-27 12:00:00,205.89041046216516
2011-09-27 13:00:00,213.0572678424052
2011-09-27 14:00:00,198.63349178805908
2011-09-27 15:00:00,194.8797179011316
2011-09-27 16:00:00,305.3342914090122
2011-09-27 17:00:00,572.3189607310486
2011-09-27 18:00:00,472.58298715268876
2011-09-27 19:00:00,376.16620841776785
2011-09-27 20:00:00,299.9717613959121
2011-09-27 21:00:00,212.44290927736148
2011-09-27 22:00:00,163.09040149631804
2011-09-27 23:00:00,92.85092345944561
2011-09-28 00:00:00,37.65730206033344
2011-09-28 01:00:00,14.194907348482415
2011-09-28 02:00:00,5.646969631794079
2011-09-28 03:00:00,5.1944758655812215
2011-09-28 04:00:00,6.066690876081559
2011-09-28 05:00:00,26.623975127323828
2011-09-28 06:00:00,65.53468925171471
2011-09-28 07:00:00,165.17649568155466
2011-09-28 08:00:00,191.15457119811504
2011-09-28 09:00:00,116.28636661165923
2011-09-28 10:00:00,116.70737960287359
2011-09-28 11:00:00,192.16798003405634
2011-09-28 12:00:00,243.34620985794956
2011-09-28 13:00:00,213.47077910887427
2011-09-28 14:00:00,238.40410929459597
2011-09-28 15:00:00,249.67639075933502
2011-09-28 16:00:00,365.3367346776924
2011-09-28 17:00:00,707.5318784392946
2011-09-28 18:00:00,350.841933788122
2011-09-28 19:00:00,330.48103571158737
2011-09-28 20:00:00,138.92207970119026
2011-09-28 21:00:00,92.60997133068604
2011-09-28 22:00:00,144.36805316475414
2011-09-28 23:00:00,80.87480576426164
2011-09-29 00:00:00,44.59880030314884
2011-09-29 01:00:00,13.214484841488343
2011-09-29 02:00:00,7.1489724478841845
2011-09-29 03:00:00,4.660311378152563
2011-09-29 04:00:00,8.44259653331812
2011-09-29 05:00:00,35.0296367595237
2011-09-29 06:00:00,143.40771565319253
2011-09-29 07:00:00,445.2744274486487
2011-09-29 08:00:00,568.7265850757806
2011-09-29 09:00:00,293.6435934031227
2011-09-29 10:00:00,170.3757798079029
2011-09-29 11:00:00,216.70018149849383
2011-09-29 12:00:00,281.22142558109647
2011-09-29 13:00:00,251.70058243509723
2011-09-29 14:00:00,229.65623109486683
2011-09-29 15:00:00,243.09775733319432
2011-09-29 16:00:00,392.6103329487461
2011-09-29 17:00:00,690.5680488286804
2011-09-29 18:00:00,701.6465575361334
2011-09-29 19:00:00,468.19461417117327
2011-09-29 20:00:00,387.43363309135077
2011-09-29 21:00:00,265.34894217347926
2011-09-29 22:00:00,203.5809900325013
2011-09-29 23:00:00,123.81218269481522
2011-09-30 00:00:00,55.02027140125629
2011-09-30 01:00:00,31.00768791004844
2011-09-30 02:00:00,13.549032045906356
2011-09-30 03:00:00,7.141926812196497
2011-09-30 04:00:00,8.404161109641185
2011-09-30 05:00:00,36.293561504564195
2011-09-30 06:00:00,116.89414919226887
2011-09-30 07:00:00,376.2254025430836
2011-09-30 08:00:00,755.2926141990291
2011-09-30 09:00:00,338.6424069804248
2011-09-30 10:00:00,213.86223607507588
2011-09-30 11:00:00,237.16989465745624
2011-09-30 12:00:00,282.8459033568717
2011-09-30 13:00:00,273.143353474889
2011-09-30 14:00:00,251.68558471833433
2011-09-30 15:00:00,279.5960376419968
2011-09-30 16:00:00,407.8595157813517
2011-09-30 17:00:00,674.5182192167365
2011-09-30 18:00:00,556.6732838506924
2011-09-30 19:00:00,428.63423636422164
2011-09-30 20:00:00,275.57108141879314
2011-09-30 21:00:00,212.27490880218048
2011-09-30 22:00:00,180.16617506407258
2011-09-30 23:00:00,149.0391927511349
2011-10-20 00:00:00,40.61008540512524
2011-10-20 01:00:00,17.90663367558102
2011-10-20 02:00:00,8.752387206614953
2011-10-20 03:00:00,5.679105932680023
2011-10-20 04:00:00,5.941041307615274
2011-10-20 05:00:00,31.118060619518833
2011-10-20 06:00:00,126.24135657371755
2011-10-20 07:00:00,342.2913895253021
2011-10-20 08:00:00,602.2407440709081
2011-10-20 09:00:00,265.58441390720577
2011-10-20 10:00:00,165.62879289570276
2011-10-20 11:00:00,191.60266212332346
2011-10-20 12:00:00,232.96971008302444
2011-10-20 13:00:00,218.90286842849588
2011-10-20 14:00:00,183.97564351855553
2011-10-20 15:00:00,191.31076013129226
2011-10-20 16:00:00,278.378260165547
2011-10-20 17:00:00,545.3229590855561
2011-10-20 18:00:00,501.122350840677
2011-10-20 19:00:00,371.347441311785
2011-10-20 20:00:00,265.9745545038676
2011-10-20 21:00:00,205.23437948709503
2011-10-20 22:00:00,148.12503825599862
2011-10-20 23:00:00,103.75577323524176
2011-10-21 00:00:00,50.49684551372638
2011-10-21 01:00:00,25.533599927977196
2011-10-21 02:00:00,13.021156549176691
2011-10-21 03:00:00,6.900836524957237
2011-10-21 04:00:00,6.991540175597328
2011-10-21 05:00:00,30.643058767702875
2011-10-21 06:00:00,136.39116032133046
2011-10-21 07:00:00,391.7173557717253
2011-10-21 08:00:00,715.061979868589
2011-10-21 09:00:00,311.4707610731287
2011-10-21 10:00:00,200.49704188514679
2011-10-21 11:00:00,216.16952196791874
2011-10-21 12:00:00,268.588907615664
2011-10-21 13:00:00,253.68919648600087
2011-10-21 14:00:00,261.90319278752753
2011-10-21 15:00:00,246.74048349146176
2011-10-21 16:00:00,350.76169537228475
2011-10-21 17:00:00,527.0837617363242
2011-10-21 18:00:00,400.7681451521283
2011-10-21 19:00:00,277.511991704649
2011-10-21 20:00:00,187.82222884829278
2011-10-21 21:00:00,190.49688374504416
2011-10-21 22:00:00,168.95762495547916
2011-10-21 23:00:00,124.51364430862351
2011-10-22 00:00:00,92.28961288538021
2011-10-22 01:00:00,85.45279505980044
2011-10-22 02:00:00,59.03354084000296
2011-10-22 03:00:00,26.57088852273119
2011-10-22 04:00:00,10.714130529812323
2011-10-22 05:00:00,9.361566813393203
2011-10-22 06:00:00,23.555508298357488
2011-10-22 07:00:00,52.61379152945039
2011-10-22 08:00:00,137.9345603200076
2011-10-22 09:00:00,225.5668997306105
2011-10-22 10:00:00,295.09529896282345
2011-10-22 11:00:00,336.1514768397702
2011-10-22 12:00:00,478.0090682716771
2011-10-22 13:00:00,482.35576076286776
2011-10-22 14:00:00,383.7796133299008
2011-10-22 15:00:00,445.2880983955596
2011-10-22 16:00:00,421.5162550814746
2011-10-22 17:00:00,420.3873315433845
2011-10-22 18:00:00,280.9190002665775
2011-10-22 19:00:00,249.26848687050858
2011-10-22 20:00:00,187.3384759493362
2011-10-22 21:00:00,140.35893494721464
2011-10-22 22:00:00,122.23349457267439
2011-10-22 23:00:00,117.57915458165404
2011-10-23 00:00:00,77.78507409548368
2011-10-23 01:00:00,83.11838392629983
2011-10-23 02:00:00,55.168651815159194
2011-10-23 03:00:00,28.83247401091146
2011-10-23 04:00:00,8.57453870343267
2011-10-23 05:00:00,9.198741744336163
2011-10-23 06:00:00,14.430803901246142
2011-10-23 07:00:00,39.77996379365472
2011-10-23 08:00:00,104.61669764585014
2011-10-23 09:00:00,188.34748396723958
2011-10-23 10:00:00,290.64833659309545
2011-10-23 11:00:00,358.8190150173913
2011-10-23 12:00:00,432.6655297584298
2011-10-23 13:00:00,445.8306364849727
2011-10-23 14:00:00,422.6153737299325
2011-10-23 15:00:00,457.24853530093196
2011-10-23 16:00:00,409.3266478777959
2011-10-23 17:00:00,365.02385804864633
2011-10-23 18:00:00,293.83881679245536
2011-10-23 19:00:00,220.90886126173643
2011-10-23 20:00:00,167.7562985219136
2011-10-23 21:00:00,135.26300775101055
2011-10-23 22:00:00,104.36599006205584
2011-10-23 23:00:00,65.32309148882882
2011-10-24 00:00:00,42.19285592474487
2011-10-24 01:00:00,12.865037743852659
2011-10-24 02:00:00,6.495326819017896
2011-10-24 03:00:00,4.422112110441727
2011-10-24 04:00:00,5.710103026065019
2011-10-24 05:00:00,28.949867643784618
2011-10-24 06:00:00,125.18225641137735
2011-10-24 07:00:00,291.5100253229605
2011-10-24 08:00:00,658.8284289454091
2011-10-24 09:00:00,292.4007633693307
2011-10-24 10:00:00,134.12167147904793
2011-10-24 11:00:00,172.40668926311892
2011-10-24 12:00:00,219.6610516591287
2011-10-24 13:00:00,211.05199837644486
2011-10-24 14:00:00,192.13612766768279
2011-10-24 15:00:00,218.37005671087192
2011-10-24 16:00:00,302.38454135690455
2011-10-24 17:00:00,669.084563272889
2011-10-24 18:00:00,638.9234028758699
2011-10-24 19:00:00,295.20299227958265
2011-10-24 20:00:00,264.7466812505171
2011-10-24 21:00:00,213.4925334913261
2011-10-24 22:00:00,133.73110437831804
2011-10-24 23:00:00,82.30491194332156
2011-10-25 00:00:00,40.41856958532081
2011-10-25 01:00:00,14.242215070744564
2011-10-25 02:00:00,5.838050051400394
2011-10-25 03:00:00,4.968494005144635
2011-10-25 04:00:00,6.262909190808003
2011-10-25 05:00:00,30.137379105414443
2011-10-25 06:00:00,146.46958904592395
2011-10-25 07:00:00,353.31166605605205
2011-10-25 08:00:00,675.29936474053
2011-10-25 09:00:00,277.9216772263528
2011-10-25 10:00:00,158.37290952735935
2011-10-25 11:00:00,168.3000836539479
2011-10-25 12:00:00,244.05758363884718
2011-10-25 13:00:00,231.15151929579022
2011-10-25 14:00:00,217.44704757480247
2011-10-25 15:00:00,229.5128109429613
2011-10-25 16:00:00,349.43724116942633
2011-10-25 17:00:00,704.6619187944752
2011-10-25 18:00:00,596.3217465932278
2011-10-25 19:00:00,334.8309208047916
2011-10-25 20:00:00,287.9405596474752
2011-10-25 21:00:00,203.9434622828994
2011-10-25 22:00:00,151.2920513658256
2011-10-25 23:00:00,84.48995913979661
2011-10-26 00:00:00,40.30385488025089
2011-10-26 01:00:00,14.38024639191495
2011-10-26 02:00:00,6.370005148100562
2011-10-26 03:00:00,5.084875031407241
2011-10-26 04:00:00,5.425698850305063
2011-10-26 05:00:00,29.32834438445245
2011-10-26 06:00:00,145.25639228782586
2011-10-26 07:00:00,415.09317211080656
2011-10-26 08:00:00,669.5384867603458
2011-10-26 09:00:00,301.59285805461326
2011-10-26 10:00:00,171.1335773564001
2011-10-26 11:00:00,184.59272262621846
2011-10-26 12:00:00,158.64113847204572
2011-10-26 13:00:00,140.90340105704695
2011-10-26 14:00:00,194.59948135953718
2011-10-26 15:00:00,200.53324485782264
2011-10-26 16:00:00,301.40481917939655
2011-10-26 17:00:00,585.6163365112096
2011-10-26 18:00:00,560.7584979411217
2011-10-26 19:00:00,320.09802195976175
2011-10-26 20:00:00,201.36336760037375
2011-10-26 21:00:00,205.18041458006354
2011-10-26 22:00:00,115.6522582067623
2011-10-26 23:00:00,71.29081254226183
2011-10-27 00:00:00,41.520550281873966
2011-10-27 01:00:00,16.98179964795251
2011-10-27 02:00:00,8.173278623373466
2011-10-27 03:00:00,3.9584563903999657
2011-10-27 04:00:00,6.844263556228106
2011-10-27 05:00:00,21.633532832583658
2011-10-27 06:00:00,110.90052229739703
2011-10-27 07:00:00,355.4739888968936
2011-10-27 08:00:00,355.96698115251576
2011-10-27 09:00:00,264.6578920887769
2011-10-27 10:00:00,86.22571577379671
2011-10-27 11:00:00,106.06031342052036
2011-10-27 12:00:00,126.89750945147611
2011-10-27 13:00:00,186.05817474432052
2011-10-27 14:00:00,187.20608613111725
2011-10-27 15:00:00,191.5376692303676
2011-10-27 16:00:00,315.5131393840577
2011-10-27 17:00:00,482.4414486795787
2011-10-27 18:00:00,457.32567454296407
2011-10-27 19:00:00,280.6132168479096
2011-10-27 20:00:00,222.04865495216225
2011-10-27 21:00:00,183.5937684284373
2011-10-27 22:00:00,119.1677275372452
2011-10-27 23:00:00,83.0934587844032
2011-10-28 00:00:00,38.16367003756241
2011-10-28 01:00:00,20.27860333272321
2011-10-28 02:00:00,9.465759080595857
2011-10-28 03:00:00,5.007623528926084
2011-10-28 04:00:00,5.520358681393079
2011-10-28 05:00:00,29.884032173278086
2011-10-28 06:00:00,97.35792419399395
2011-10-28 07:00:00,274.63979082690486
2011-10-28 08:00:00,628.7385100605603
2011-10-28 09:00:00,289.4323873480158
2011-10-28 10:00:00,157.16039925928837
2011-10-28 11:00:00,196.35170015996465
2011-10-28 12:00:00,237.15471474542426
2011-10-28 13:00:00,231.6219418322583
2011-10-28 14:00:00,191.86545711706592
2011-10-28 15:00:00,217.68763727091041
2011-10-28 16:00:00,309.8065671325475
2011-10-28 17:00:00,477.77182723381657
2011-10-28 18:00:00,433.6484084451061
2011-10-28 19:00:00,301.21346864776194
2011-10-28 20:00:00,124.5504892952716
2011-10-28 21:00:00,108.43018675096219
2011-10-28 22:00:00,71.04852975874213
2011-10-28 23:00:00,58.756974192555425
2011-10-29 00:00:00,31.23609518425807
2011-10-29 01:00:00,44.873958136555345
2011-10-29 02:00:00,32.038575467545385
2011-10-29 03:00:00,11.855964380197618
2011-10-29 04:00:00,5.69501429236109
2011-10-29 05:00:00,4.076832388400565
2011-10-29 06:00:00,8.121771680262402
2011-10-29 07:00:00,18.658870782674988
2011-10-29 08:00:00,50.66997353874896
2011-10-29 09:00:00,88.60617387365917
2011-10-29 10:00:00,100.6641696133512
2011-10-29 11:00:00,98.30928419612837
2011-10-29 12:00:00,120.88590943819587
2011-10-29 13:00:00,66.71485734194788
2011-10-29 14:00:00,104.14013975281865
2011-10-29 15:00:00,122.60237583560193
2011-10-29 16:00:00,89.43657782421742
2011-10-29 17:00:00,90.29577631318982
2011-10-29 18:00:00,74.136733070654
2011-10-29 19:00:00,119.75698946622488
2011-10-29 20:00:00,92.3260978132738
2011-10-29 21:00:00,70.84774441009323
2011-10-29 22:00:00,69.47390013226169
2011-10-29 23:00:00,68.8010379717829
2011-10-30 00:00:00,42.22833666328845
2011-10-30 01:00:00,45.81549655137933
2011-10-30 02:00:00,33.33465779589735
2011-10-30 03:00:00,15.59994105164996
2011-10-30 04:00:00,5.108367951448058
2011-10-30 05:00:00,5.566366856849903
2011-10-30 06:00:00,8.812518887819408
2011-10-30 07:00:00,27.773117563143796
2011-10-30 08:00:00,68.17289732742051
2011-10-30 09:00:00,153.22126400989103
2011-10-30 10:00:00,291.68823300609574
2011-10-30 11:00:00,331.3366580946598
2011-10-30 12:00:00,403.6510688480534
2011-10-30 13:00:00,397.38145799575113
2011-10-30 14:00:00,376.647198734114
2011-10-30 15:00:00,389.0328076582205
2011-10-30 16:00:00,366.5790986896744
2011-10-30 17:00:00,359.3253568552619
2011-10-30 18:00:00,281.79335692652916
2011-10-30 19:00:00,302.4493572547888
2011-10-30 20:00:00,143.26854765789682
2011-10-30 21:00:00,116.52969123531722
2011-10-30 22:00:00,88.64613522602922
2011-10-30 23:00:00,40.710263637593904
2011-10-31 00:00:00,27.99071007183692
2011-10-31 01:00:00,9.620029257977354
2011-10-31 02:00:00,4.805547012863131
2011-10-31 03:00:00,3.6806602707139473
2011-10-31 04:00:00,4.642764967956294
2011-10-31 05:00:00,19.13891417964215
2011-10-31 06:00:00,98.89316819055823
2011-10-31 07:00:00,232.363899242274
2011-10-31 08:00:00,493.6743123352956
2011-10-31 09:00:00,257.6254641743622
2011-10-31 10:00:00,139.6051572183791
2011-10-31 11:00:00,144.82591900227933
2011-10-31 12:00:00,228.88005152488074
2011-10-31 13:00:00,200.6946341533753
2011-10-31 14:00:00,166.4788776145241
2011-10-31 15:00:00,205.6729206644826
2011-10-31 16:00:00,308.1711969602614
2011-10-31 17:00:00,598.8335499336712
2011-10-31 18:00:00,466.35428641071957
2011-10-31 19:00:00,318.80281171049234
2011-10-31 20:00:00,225.6915771668595
2011-10-31 21:00:00,139.11282749525333
2011-10-31 22:00:00,95.7866380333451
2011-10-31 23:00:00,55.105300175902556
2011-11-20 00:00:00,85.84393047632382
2011-11-20 01:00:00,81.30522159384783
2011-11-20 02:00:00,58.11025892224347
2011-11-20 03:00:00,24.369797697093524
2011-11-20 04:00:00,8.987803042168458
2011-11-20 05:00:00,8.592457394391428
2011-11-20 06:00:00,13.341892584333362
2011-11-20 07:00:00,44.07601390616017
2011-11-20 08:00:00,84.38962711995953
2011-11-20 09:00:00,189.45926957539407
2011-11-20 10:00:00,260.0365752891607
2011-11-20 11:00:00,331.35917373989736
2011-11-20 12:00:00,389.2068540889978
2011-11-20 13:00:00,437.5960609709665
2011-11-20 14:00:00,403.4436305500371
2011-11-20 15:00:00,360.0775662980311
2011-11-20 16:00:00,363.773286022226
2011-11-20 17:00:00,325.65208762918576
2011-11-20 18:00:00,309.4504860812206
2011-11-20 19:00:00,212.48266180461763
2011-11-20 20:00:00,182.19231098909205
2011-11-20 21:00:00,125.66915030158607
2011-11-20 22:00:00,68.01712238436758
2011-11-20 23:00:00,44.62439892816515
2011-11-21 00:00:00,40.36141277350329
2011-11-21 01:00:00,12.390525384592538
2011-11-21 02:00:00,5.649023460475973
2011-11-21 03:00:00,3.4838504871206983
2011-11-21 04:00:00,4.915606147001798
2011-11-21 05:00:00,20.691465226823926
2011-11-21 06:00:00,106.95062688533476
2011-11-21 07:00:00,372.94041784927447
2011-11-21 08:00:00,582.1389303999953
2011-11-21 09:00:00,266.30911702551026
2011-11-21 10:00:00,148.54126086794543
2011-11-21 11:00:00,162.92540137273866
2011-11-21 12:00:00,194.89894270227217
2011-11-21 13:00:00,185.0219793227151
2011-11-21 14:00:00,156.8796847593802
2011-11-21 15:00:00,112.32575148782952
2011-11-21 16:00:00,172.71634171258842
2011-11-21 17:00:00,302.4628807043987
2011-11-21 18:00:00,361.8102170107726
2011-11-21 19:00:00,256.656337558298
2011-11-21 20:00:00,142.63806801489665
2011-11-21 21:00:00,117.75669862623613
2011-11-21 22:00:00,78.44612133714423
2011-11-21 23:00:00,46.44979340345775
2011-11-22 00:00:00,23.525711999096092
2011-11-22 01:00:00,9.06394693392986
2011-11-22 02:00:00,4.072554944199225
2011-11-22 03:00:00,2.754034461570082
2011-11-22 04:00:00,5.513958050183478
2011-11-22 05:00:00,19.13254716220159
2011-11-22 06:00:00,111.53132507068754
2011-11-22 07:00:00,193.60023870666612
2011-11-22 08:00:00,347.38748061624875
2011-11-22 09:00:00,170.20636594065786
2011-11-22 10:00:00,84.53715930809567
2011-11-22 11:00:00,88.97694445273596
2011-11-22 12:00:00,78.10167427779326
2011-11-22 13:00:00,81.02310647402126
2011-11-22 14:00:00,57.54654216836894
2011-11-22 15:00:00,99.65351819956332
2011-11-22 16:00:00,151.6659376481571
2011-11-22 17:00:00,213.48140504714365
2011-11-22 18:00:00,193.41192179423322
2011-11-22 19:00:00,266.0668453798279
2011-11-22 20:00:00,155.1088442402047
2011-11-22 21:00:00,118.52214983242789
2011-11-22 22:00:00,107.30606880160204
2011-11-22 23:00:00,61.84115645324164
2011-11-23 00:00:00,27.171614239930513
2011-11-23 01:00:00,10.54242947796143
2011-11-23 02:00:00,3.0511304852835996
2011-11-23 03:00:00,1.9188231294409448
2011-11-23 04:00:00,4.630803458920948
2011-11-23 05:00:00,23.579145924025436
2011-11-23 06:00:00,85.94999416017299
2011-11-23 07:00:00,239.74961341252774
2011-11-23 08:00:00,468.3116712399877
2011-11-23 09:00:00,204.02515931934244
2011-11-23 10:00:00,103.14690116746534
2011-11-23 11:00:00,161.4552548714632
2011-11-23 12:00:00,214.90368157146563
2011-11-23 13:00:00,187.16401925380518
2011-11-23 14:00:00,175.8089942365853
2011-11-23 15:00:00,184.9396228752045
2011-11-23 16:00:00,256.00349146934633
2011-11-23 17:00:00,242.29213545364837
2011-11-23 18:00:00,491.7078525607948
2011-11-23 19:00:00,352.6746559966832
2011-11-23 20:00:00,247.76981266080287
2011-11-23 21:00:00,166.59120464525054
2011-11-23 22:00:00,118.12762658892697
2011-11-23 23:00:00,71.76220730183744
2011-11-24 00:00:00,97.66472830583356
2011-11-24 01:00:00,58.8297984910704
2011-11-24 02:00:00,37.68335135402799
2011-11-24 03:00:00,12.530322423521712
2011-11-24 04:00:00,13.003794678697892
2011-11-24 05:00:00,13.881351540560194
2011-11-24 06:00:00,40.57929135679297
2011-11-24 07:00:00,79.7974061645068
2011-11-24 08:00:00,190.0460601787432
2011-11-24 09:00:00,258.3923932617229
2011-11-24 10:00:00,438.61006070508785
2011-11-24 11:00:00,427.03270695888676
2011-11-24 12:00:00,614.4653071657357
2011-11-24 13:00:00,590.8442146413986
2011-11-24 14:00:00,546.2499767652413
2011-11-24 15:00:00,568.1490931375326
2011-11-24 16:00:00,526.9960053692392
2011-11-24 17:00:00,544.1505682298174
2011-11-24 18:00:00,410.94745325889477
2011-11-24 19:00:00,325.9224642213261
2011-11-24 20:00:00,262.53283031281643
2011-11-24 21:00:00,211.36748277563913
2011-11-24 22:00:00,179.0470041110103
2011-11-24 23:00:00,113.70791446900891
2011-11-25 00:00:00,42.623255518521844
2011-11-25 01:00:00,22.520496098335748
2011-11-25 02:00:00,9.522776216177725
2011-11-25 03:00:00,5.089369186467047
2011-11-25 04:00:00,5.927606752427582
2011-11-25 05:00:00,26.55774328697391
2011-11-25 06:00:00,88.1022770823088
2011-11-25 07:00:00,228.28882843294127
2011-11-25 08:00:00,493.69908129034553
2011-11-25 09:00:00,331.6210330120372
2011-11-25 10:00:00,184.03031168269274
2011-11-25 11:00:00,194.77169927532094
2011-11-25 12:00:00,264.2625435872025
2011-11-25 13:00:00,249.60577735108603
2011-11-25 14:00:00,262.4748008445916
2011-11-25 15:00:00,280.93330832200746
2011-11-25 16:00:00,389.4724858079612
2011-11-25 17:00:00,634.6202187650483
2011-11-25 18:00:00,543.2504763142568
2011-11-25 19:00:00,318.8171614035986
2011-11-25 20:00:00,213.87127750176336
2011-11-25 21:00:00,182.0723819740067
2011-11-25 22:00:00,146.16014474636117
2011-11-25 23:00:00,109.90634603757888
2011-11-26 00:00:00,79.0868712880319
2011-11-26 01:00:00,81.44580421235518
2011-11-26 02:00:00,46.28127586833302
2011-11-26 03:00:00,24.146396460469163
2011-11-26 04:00:00,8.863133569478485
2011-11-26 05:00:00,7.706135813599114
2011-11-26 06:00:00,18.553722041842605
2011-11-26 07:00:00,35.22707257669267
2011-11-26 08:00:00,124.01715692448278
2011-11-26 09:00:00,200.71790456077247
2011-11-26 10:00:00,308.6035057131002
2011-11-26 11:00:00,363.32585628852223
2011-11-26 12:00:00,413.78021900049436
2011-11-26 13:00:00,508.04493814862286
2011-11-26 14:00:00,391.8890080904191
2011-11-26 15:00:00,443.96684357950426
2011-11-26 16:00:00,381.1493940352012
2011-11-26 17:00:00,352.42384163846356
2011-11-26 18:00:00,262.8210347031595
2011-11-26 19:00:00,221.9948404321507
2011-11-26 20:00:00,170.45851680647536
2011-11-26 21:00:00,128.07164014598254
2011-11-26 22:00:00,112.11652702605896
2011-11-26 23:00:00,112.88739550560744
2011-11-27 00:00:00,77.26873310501449
2011-11-27 01:00:00,85.16740852543849
2011-11-27 02:00:00,50.27797038770204
2011-11-27 03:00:00,29.601394928345318
2011-11-27 04:00:00,9.185591263148117
2011-11-27 05:00:00,10.09064651193626
2011-11-27 06:00:00,15.918963362300275
2011-11-27 07:00:00,40.17672971628996
2011-11-27 08:00:00,85.19777642218031
2011-11-27 09:00:00,198.17096343658034
2011-11-27 10:00:00,268.2076391581868
2011-11-27 11:00:00,332.92157844109227
2011-11-27 12:00:00,493.5854789781359
2011-11-27 13:00:00,499.27952551871465
2011-11-27 14:00:00,489.0523283798946
2011-11-27 15:00:00,529.1911124884057
2011-11-27 16:00:00,445.00133375586404
2011-11-27 17:00:00,428.3229539233198
2011-11-27 18:00:00,298.75789747446754
2011-11-27 19:00:00,211.38732955876014
2011-11-27 20:00:00,181.55773953369896
2011-11-27 21:00:00,141.57457081407716
2011-11-27 22:00:00,110.60451037789535
2011-11-27 23:00:00,71.01631380631501
2011-11-28 00:00:00,43.169789955610625
2011-11-28 01:00:00,15.44888362548058
2011-11-28 03:00:00,5.008641420039236
2011-11-28 04:00:00,6.936288509409673
2011-11-28 05:00:00,27.951148757885992
2011-11-28 06:00:00,148.2904435724543
2011-11-28 07:00:00,410.76245279304993
2011-11-28 08:00:00,587.0843480751687
2011-11-28 09:00:00,269.041537579154
2011-11-28 10:00:00,141.74873608342295
2011-11-28 11:00:00,181.11145817441252
2011-11-28 12:00:00,245.42896850786602
2011-11-28 13:00:00,205.77151582998005
2011-11-28 14:00:00,195.5346841967843
2011-11-28 15:00:00,220.32548208685657
2011-11-28 16:00:00,315.53721594314726
2011-11-28 17:00:00,626.7352327436901
2011-11-28 18:00:00,569.0786497664288
2011-11-28 19:00:00,409.3078169005092
2011-11-28 20:00:00,272.3168511382873
2011-11-28 21:00:00,196.80532095607313
2011-11-28 22:00:00,127.29498726957976
2011-11-28 23:00:00,77.39539900021329
2011-11-29 00:00:00,40.46114457815181
2011-11-29 01:00:00,14.467765563271943
2011-11-29 02:00:00,5.6674131556591325
2011-11-29 03:00:00,4.817275325391392
2011-11-29 04:00:00,7.560965142319991
2011-11-29 05:00:00,27.623407233531236
2011-11-29 06:00:00,116.01615374593477
2011-11-29 07:00:00,354.28757907340474
2011-11-29 08:00:00,557.0344400085311
2011-11-29 09:00:00,174.01289129210443
2011-11-29 10:00:00,106.37832056350614
2011-11-29 11:00:00,82.20942207561255
2011-11-29 12:00:00,108.09983635568045
2011-11-29 13:00:00,105.04296680780715
2011-11-29 14:00:00,76.58148619863303
2011-11-29 15:00:00,84.15842674446166
2011-11-29 16:00:00,149.36503610474992
2011-11-29 17:00:00,376.6571028043798
2011-11-29 18:00:00,366.2523454413867
2011-11-29 19:00:00,250.95126109502482
2011-11-29 20:00:00,196.72286358884057
2011-11-29 21:00:00,150.6328538797699
2011-11-29 22:00:00,118.73914462867661
2011-11-29 23:00:00,70.26107571544216
2011-11-30 00:00:00,41.93729476788139
2011-11-30 01:00:00,11.416530985104721
2011-11-30 02:00:00,5.6865268091151835
2011-11-30 03:00:00,4.804872794432054
2011-11-30 04:00:00,4.819748364600633
2011-11-30 05:00:00,25.383430580133123
2011-11-30 06:00:00,80.77575846636833
2011-11-30 07:00:00,274.43338123899946
2011-11-30 08:00:00,552.5401933328912
2011-11-30 09:00:00,262.7353535447766
2011-11-30 10:00:00,129.6138503756347
2011-11-30 11:00:00,162.21852264637286
2011-11-30 12:00:00,199.3582739097976
2011-11-30 13:00:00,212.85363515545453
2011-11-30 14:00:00,199.14818979497818
2011-11-30 15:00:00,185.76390884439925
2011-11-30 16:00:00,268.16618939830954
2011-11-30 17:00:00,532.7996508839348
2011-11-30 18:00:00,423.4200062739781
2011-11-30 19:00:00,359.6477839407114
2011-11-30 20:00:00,261.0480451166596
2011-11-30 21:00:00,155.9756167094924
2011-11-30 22:00:00,117.87052021556777
2011-11-30 23:00:00,71.7252369817229
2011-12-20 00:00:00,45.66952665958945
2011-12-20 01:00:00,14.569265377072677
2011-12-20 02:00:00,4.933525885367724
2011-12-20 03:00:00,3.698122671919218
2011-12-20 04:00:00,7.014736915073461
2011-12-20 05:00:00,26.243130358253556
2011-12-20 06:00:00,122.77923033521718
2011-12-20 07:00:00,386.55431678196044
2011-12-20 08:00:00,605.4756436901102
2011-12-20 09:00:00,290.7185614478631
2011-12-20 10:00:00,140.2932730646108
2011-12-20 11:00:00,154.24132883075802
2011-12-20 12:00:00,184.59282637863157
2011-12-20 13:00:00,177.95458912096976
2011-12-20 14:00:00,166.5582299540035
2011-12-20 15:00:00,164.84183336711172
2011-12-20 16:00:00,275.2625297353881
2011-12-20 17:00:00,563.1143300030634
2011-12-20 18:00:00,499.42234540458384
2011-12-20 19:00:00,371.3386276234486
2011-12-20 20:00:00,257.32130988558447
2011-12-20 21:00:00,195.14223063779397
2011-12-20 22:00:00,129.42284076373022
2011-12-20 23:00:00,80.09133770190746
2011-12-21 00:00:00,23.727855016530345
2011-12-21 01:00:00,9.567452614221244
2011-12-21 02:00:00,4.2017788331869035
2011-12-21 03:00:00,3.158427547401046
2011-12-21 04:00:00,3.135773338357009
2011-12-21 05:00:00,16.200004592127033
2011-12-21 06:00:00,60.886706276718954
2011-12-21 07:00:00,171.28147730818182
2011-12-21 08:00:00,151.38783682762832
2011-12-21 09:00:00,142.64090279084064
2011-12-21 10:00:00,91.9758256854133
2011-12-21 11:00:00,102.30623051674071
2011-12-21 12:00:00,46.48041516708598
2011-12-21 13:00:00,33.15398970772859
2011-12-21 14:00:00,85.12912343912548
2011-12-21 15:00:00,91.75371843246438
2011-12-21 16:00:00,36.869585290632344
2011-12-21 17:00:00,78.21427416157566
2011-12-21 18:00:00,148.09306846038456
2011-12-21 19:00:00,140.16243875790667
2011-12-21 20:00:00,113.92016456535919
2011-12-21 21:00:00,94.32739532462136
2011-12-21 22:00:00,71.97986141192075
2011-12-21 23:00:00,48.613998767983446
2011-12-22 00:00:00,31.188469568618356
2011-12-22 01:00:00,11.014091999978389
2011-12-22 02:00:00,7.676347451816864
2011-12-22 03:00:00,3.882403873479693
2011-12-22 04:00:00,3.1720895535595357
2011-12-22 05:00:00,19.144699899549362
2011-12-22 06:00:00,90.13878171864152
2011-12-22 07:00:00,190.6833211339573
2011-12-22 08:00:00,403.14021141404123
2011-12-22 09:00:00,188.47538354255863
2011-12-22 10:00:00,95.64793159295006
2011-12-22 11:00:00,100.18459260636443
2011-12-22 12:00:00,157.81104163361425
2011-12-22 13:00:00,144.4707685363427
2011-12-22 14:00:00,132.1219464653797
2011-12-22 15:00:00,145.94048951558779
2011-12-22 16:00:00,196.07344929400819
2011-12-22 17:00:00,338.8999746545454
2011-12-22 18:00:00,332.3521698429514
2011-12-22 19:00:00,249.09883183948625
2011-12-22 20:00:00,130.94854691177858
2011-12-22 21:00:00,102.81590588753791
2011-12-22 22:00:00,46.534992051043474
2011-12-22 23:00:00,39.69608228325129
2011-12-23 00:00:00,17.187593778467548
2011-12-23 01:00:00,10.847526475799201
2011-12-23 02:00:00,6.689054647994721
2011-12-23 03:00:00,2.59565231119296
2011-12-23 04:00:00,2.2300884229160918
2011-12-23 05:00:00,16.137374646042204
2011-12-23 06:00:00,68.90742704847709
2011-12-23 07:00:00,206.5333077633812
2011-12-23 08:00:00,455.53649663781306
2011-12-23 09:00:00,222.61990424533428
2011-12-23 10:00:00,122.23887605001744
2011-12-23 11:00:00,131.662731796575
2011-12-23 12:00:00,157.81620789842336
2011-12-23 13:00:00,155.6497238341704
2011-12-23 14:00:00,143.9264003992186
2011-12-23 15:00:00,135.0106147039884
2011-12-23 16:00:00,203.6741801943218
2011-12-23 17:00:00,322.21256703755256
2011-12-23 18:00:00,271.58657771109233
2011-12-23 19:00:00,188.39012099354457
2011-12-23 20:00:00,102.77855057982288
2011-12-23 21:00:00,89.8052631707733
2011-12-23 22:00:00,79.80846910515868
2011-12-23 23:00:00,74.95220092060103
2011-12-24 00:00:00,41.75519277070668
2011-12-24 01:00:00,37.43227182017681
2011-12-24 02:00:00,27.429076755376183
2011-12-24 03:00:00,12.55092943979051
2011-12-24 04:00:00,4.393742352464583
2011-12-24 05:00:00,3.6187866077890165
2011-12-24 06:00:00,9.487615841447205
2011-12-24 07:00:00,21.022139964785943
2011-12-24 08:00:00,64.96656866369732
2011-12-24 09:00:00,77.84823364727197
2011-12-24 10:00:00,137.88767649216965
2011-12-24 11:00:00,166.80925431597805
2011-12-24 12:00:00,205.1137973956702
2011-12-24 13:00:00,194.51937458112477
2011-12-24 14:00:00,182.3709700001677
2011-12-24 15:00:00,195.0253978632603
2011-12-24 16:00:00,182.45067430032987
2011-12-24 17:00:00,160.0928492292658
2011-12-24 18:00:00,148.2790946782739
2011-12-24 19:00:00,119.57675742269743
2011-12-24 20:00:00,76.87125965316908
2011-12-24 21:00:00,63.99418687855589
2011-12-24 22:00:00,49.04474281568173
2011-12-24 23:00:00,43.69528043635647
2011-12-25 00:00:00,30.730027503633927
2011-12-25 01:00:00,32.547133969301434
2011-12-25 02:00:00,25.17704021968493
2011-12-25 03:00:00,11.871024178888828
2011-12-25 05:00:00,2.9327311114748467
2011-12-25 06:00:00,4.583241636707893
2011-12-25 07:00:00,17.041005008716734
2011-12-25 08:00:00,33.496709686702424
2011-12-25 09:00:00,87.85857463471733
2011-12-25 10:00:00,98.58084639699807
2011-12-25 11:00:00,152.9562540567076
2011-12-25 12:00:00,139.33073642978405
2011-12-25 13:00:00,152.56357754661917
2011-12-25 14:00:00,157.0975784864714
2011-12-25 15:00:00,189.01500224908884
2011-12-25 16:00:00,210.35852247573723
2011-12-25 17:00:00,185.32908225620983
2011-12-25 18:00:00,116.71024973855737
2011-12-25 19:00:00,105.33724981690875
2011-12-25 20:00:00,88.39066054892423
2011-12-25 21:00:00,70.55457640857675
2011-12-25 22:00:00,55.473908603358915
2011-12-25 23:00:00,26.80618475122497
2011-12-26 00:00:00,35.23261296783999
2011-12-26 01:00:00,20.05121664473319
2011-12-26 02:00:00,15.459607516823128
2011-12-26 04:00:00,3.7951491071895043
2011-12-26 05:00:00,3.9286334592770196
2011-12-26 06:00:00,13.851977189074434
2011-12-26 07:00:00,39.35762479845111
2011-12-26 08:00:00,96.12741117831261
2011-12-26 09:00:00,85.91130969739541
2011-12-26 10:00:00,129.93911240475612
2011-12-26 11:00:00,145.11082215995202
2011-12-26 12:00:00,187.61991461039045
2011-12-26 13:00:00,198.27515966489395
2011-12-26 14:00:00,186.15266372804086
2011-12-26 15:00:00,199.9395544671506
2011-12-26 16:00:00,179.8867977288669
2011-12-26 17:00:00,173.58751569158738
2011-12-26 18:00:00,169.78183431028106
2011-12-26 19:00:00,114.38968897235914
2011-12-26 20:00:00,96.73197310787924
2011-12-26 21:00:00,60.0686721252227
2011-12-26 22:00:00,47.7446720558722
2011-12-26 23:00:00,30.716236810073823
2011-12-27 00:00:00,16.464333055315834
2011-12-27 01:00:00,5.661193572336138
2011-12-27 02:00:00,2.6906084778781474
2011-12-27 03:00:00,2.136399696749295
2011-12-27 04:00:00,2.5433251900291127
2011-12-27 05:00:00,10.784081674736102
2011-12-27 06:00:00,57.31746990588464
2011-12-27 07:00:00,159.16056370726668
2011-12-27 08:00:00,334.03340497039295
2011-12-27 09:00:00,122.22313508011746
2011-12-27 10:00:00,69.50828933988562
2011-12-27 11:00:00,61.43178867662033
2011-12-27 12:00:00,64.15387613564218
2011-12-27 13:00:00,48.375887203310604
2011-12-27 14:00:00,54.67537761851684
2011-12-27 15:00:00,64.74074257776986
2011-12-27 16:00:00,83.48195248878038
2011-12-27 17:00:00,217.93374617850822
2011-12-27 18:00:00,251.26140830068607
2011-12-27 19:00:00,177.65101970555438
2011-12-27 20:00:00,103.68095984166563
2011-12-27 21:00:00,86.0658670582125
2011-12-27 22:00:00,62.54581327905991
2011-12-27 23:00:00,33.66639157374301
2011-12-28 00:00:00,16.083108240159657
2011-12-28 01:00:00,7.744941297089907
2011-12-28 02:00:00,3.266456038126472
2011-12-28 03:00:00,2.5507297008530916
2011-12-28 05:00:00,12.215620834238964
2011-12-28 06:00:00,62.286549063398
2011-12-28 07:00:00,188.24768549885678
2011-12-28 08:00:00,336.9037972287009
2011-12-28 09:00:00,154.08528783999716
2011-12-28 10:00:00,77.56771932432106
2011-12-28 11:00:00,91.8816957082355
2011-12-28 12:00:00,91.17804779481786
2011-12-28 13:00:00,99.31624962768876
2011-12-28 14:00:00,92.09264372612489
2011-12-28 15:00:00,94.7809067239956
2011-12-28 16:00:00,135.27613910497527
2011-12-28 17:00:00,266.5622615987357
2011-12-28 18:00:00,216.1733589921032
2011-12-28 19:00:00,145.0548240663989
2011-12-28 20:00:00,107.82280751263673
2011-12-28 21:00:00,83.66723275932598
2011-12-28 22:00:00,67.22452274728204
2011-12-28 23:00:00,34.62121909022961
2011-12-29 00:00:00,20.314173823209114
2011-12-29 01:00:00,6.701893799515183
2011-12-29 02:00:00,3.7645049498478786
2011-12-29 03:00:00,1.8740050572230529
2011-12-29 04:00:00,2.0466035761109
2011-12-29 05:00:00,10.524587152310218
2011-12-29 06:00:00,47.45176009583074
2011-12-29 07:00:00,143.0245064386409
2011-12-29 08:00:00,292.63016420180895
2011-12-29 09:00:00,163.79383037589866
2011-12-29 10:00:00,79.23691857062464
2011-12-29 11:00:00,84.69546313359281
2011-12-29 12:00:00,99.45181175497235
2011-12-29 13:00:00,111.41710870858435
2011-12-29 14:00:00,90.23900232857194
2011-12-29 15:00:00,100.52188950799834
2011-12-29 16:00:00,155.50013937872822
2011-12-29 17:00:00,309.57839962448475
2011-12-29 18:00:00,289.60435909266175
2011-12-29 19:00:00,196.55856527322226
2011-12-29 20:00:00,139.65790852554835
2011-12-29 21:00:00,120.34501899949663
2011-12-29 22:00:00,78.95628307171874
2011-12-29 23:00:00,55.5886541115698
2011-12-30 00:00:00,26.153194410811587
2011-12-30 01:00:00,11.7565102942556
2011-12-30 02:00:00,5.734833455972692
2011-12-30 03:00:00,3.189926555990408
2011-12-30 04:00:00,2.4554184784003468
2011-12-30 05:00:00,13.401933598441673
2011-12-30 06:00:00,53.88981647647837
2011-12-30 07:00:00,152.89160430604122
2011-12-30 08:00:00,343.30765132911915
2011-12-30 09:00:00,182.15205276989118
2011-12-30 10:00:00,88.22440171070744
2011-12-30 11:00:00,98.6515397048871
2011-12-30 12:00:00,147.42621372624626
2011-12-30 13:00:00,133.27864557006953
2011-12-30 14:00:00,129.7217485524054
2011-12-30 15:00:00,180.23007876527217
2011-12-30 16:00:00,222.63284205028285
2011-12-30 17:00:00,360.5489230014256
2011-12-30 18:00:00,309.14110149980394
2011-12-30 19:00:00,169.1961710966562
2011-12-30 20:00:00,109.12222287594216
2011-12-30 21:00:00,100.10515813873762
2011-12-30 22:00:00,81.00433022011508
2011-12-30 23:00:00,61.92746451009937
2011-12-31 00:00:00,42.22180308845078
2011-12-31 01:00:00,43.56739767822584
2011-12-31 02:00:00,31.32428875534062
2011-12-31 03:00:00,13.339387528838424
2011-12-31 04:00:00,4.322126515701366
2011-12-31 05:00:00,3.6881974457580786
2011-12-31 06:00:00,11.935866681335597
2011-12-31 07:00:00,19.165311357548273
2011-12-31 08:00:00,70.6747563826833
2011-12-31 09:00:00,139.08658418501972
2011-12-31 10:00:00,194.75921779224606
2011-12-31 11:00:00,227.33388119208917
2011-12-31 12:00:00,359.00898035893323
2011-12-31 13:00:00,305.26695181480517
2011-12-31 14:00:00,272.36202798309085
2011-12-31 15:00:00,231.7029575721382
2011-12-31 16:00:00,213.4578953637213
2011-12-31 17:00:00,216.77843985413617
2011-12-31 18:00:00,196.79383948077503
2011-12-31 19:00:00,158.69838789429744
2011-12-31 20:00:00,119.45393258539008
2011-12-31 21:00:00,99.74512981780029
2011-12-31 22:00:00,81.49460787287859
2011-12-31 23:00:00,70.61630885412717
2012-01-20 00:00:00,20.4765588679219
2012-01-20 01:00:00,11.459858944784036
2012-01-20 02:00:00,5.98947750806419
2012-01-20 03:00:00,3.2000762955794952
2012-01-20 04:00:00,2.650239130607332
2012-01-20 05:00:00,13.474015532719777
2012-01-20 06:00:00,42.76390592980207
2012-01-20 07:00:00,133.9291638332062
2012-01-20 08:00:00,292.6573870777171
2012-01-20 09:00:00,156.4564092158044
2012-01-20 10:00:00,67.87450685546894
2012-01-20 11:00:00,53.03206749222593
2012-01-20 12:00:00,63.790066494111656
2012-01-20 13:00:00,95.40269942912099
2012-01-20 14:00:00,71.21361227180682
2012-01-20 15:00:00,101.43479344216084
2012-01-20 16:00:00,100.30821256943571
2012-01-20 17:00:00,253.7256379393385
2012-01-20 18:00:00,179.48512059412974
2012-01-20 19:00:00,137.64255895211554
2012-01-20 20:00:00,79.8084870898444
2012-01-20 21:00:00,68.66042321645104
2012-01-20 22:00:00,45.93998265270637
2012-01-20 23:00:00,24.9184367263567
2012-01-21 00:00:00,21.000004729817608
2012-01-21 01:00:00,19.836367833351
2012-01-21 02:00:00,18.26273064356888
2012-01-21 03:00:00,6.645484263780206
2012-01-21 04:00:00,2.2386967292010462
2012-01-21 05:00:00,1.650190038935152
2012-01-21 06:00:00,4.234591314879368
2012-01-21 07:00:00,9.526148175251068
2012-01-21 08:00:00,29.901204428211777
2012-01-21 09:00:00,49.85889463236432
2012-01-21 10:00:00,46.47737254341081
2012-01-21 11:00:00,88.28340999434475
2012-01-21 12:00:00,106.39506654854625
2012-01-21 13:00:00,84.22225064418306
2012-01-21 14:00:00,79.09007575868401
2012-01-21 15:00:00,88.14673105189131
2012-01-21 16:00:00,75.25587954590506
2012-01-21 17:00:00,71.82927632336656
2012-01-21 18:00:00,62.64277915615615
2012-01-21 19:00:00,54.240839338107385
2012-01-21 20:00:00,42.02942495832063
2012-01-21 21:00:00,34.491934770418965
2012-01-21 22:00:00,29.271071134400348
2012-01-21 23:00:00,22.501238498470457
2012-01-22 00:00:00,18.49077176181654
2012-01-22 01:00:00,19.547959470276293
2012-01-22 02:00:00,15.18037317736708
2012-01-22 03:00:00,8.136091595395039
2012-01-22 04:00:00,2.0789555965007813
2012-01-22 05:00:00,2.1952544439281794
2012-01-22 06:00:00,3.279294841829804
2012-01-22 07:00:00,9.03171782120851
2012-01-22 08:00:00,28.062023571773626
2012-01-22 09:00:00,62.59695007023934
2012-01-22 10:00:00,68.46578150408135
2012-01-22 11:00:00,65.40711900199767
2012-01-22 12:00:00,75.67299154731643
2012-01-22 13:00:00,88.1053765703863
2012-01-22 14:00:00,79.20024522933934
2012-01-22 15:00:00,74.8095873941273
2012-01-22 16:00:00,71.57227261901669
2012-01-22 17:00:00,67.79513302857083
2012-01-22 18:00:00,51.87711911254049
2012-01-22 19:00:00,40.38173610075026
2012-01-22 20:00:00,35.348706998480466
2012-01-22 21:00:00,25.638160958416364
2012-01-22 22:00:00,19.373203545090114
2012-01-22 23:00:00,16.31514858241258
2012-01-23 00:00:00,14.491968774327242
2012-01-23 01:00:00,4.3987414019497155
2012-01-23 02:00:00,2.3097700745309986
2012-01-23 03:00:00,1.8976221150237225
2012-01-23 04:00:00,2.3039623848882287
2012-01-23 05:00:00,9.945733719465558
2012-01-23 06:00:00,47.185923290310754
2012-01-23 07:00:00,89.51145700936718
2012-01-23 08:00:00,197.25300264983235
2012-01-23 09:00:00,140.63475785315805
2012-01-23 10:00:00,52.344300946278686
2012-01-23 11:00:00,49.15813944985144
2012-01-23 12:00:00,68.1066090199829
2012-01-23 13:00:00,49.203289155895774
2012-01-23 14:00:00,41.124829017912035
2012-01-23 15:00:00,36.44246787349357
2012-01-23 16:00:00,105.86096712636079
2012-01-23 17:00:00,212.17744311719505
2012-01-23 18:00:00,205.43324214560303
2012-01-23 19:00:00,136.11693841123162
2012-01-23 20:00:00,75.62471919963268
2012-01-23 21:00:00,47.82680662293883
2012-01-23 22:00:00,33.38824527222892
2012-01-23 23:00:00,24.480734878526405
2012-01-24 00:00:00,10.518932524773666
2012-01-24 01:00:00,4.849513003914824
2012-01-24 02:00:00,2.3050283528418154
2012-01-24 03:00:00,2.1128066944429187
2012-01-24 04:00:00,1.8137212107950795
2012-01-24 05:00:00,8.006789203978688
2012-01-24 06:00:00,44.48797094506838
2012-01-24 07:00:00,140.620744009849
2012-01-24 08:00:00,258.9826396276763
2012-01-24 09:00:00,139.42184426424143
2012-01-24 10:00:00,64.44024873922885
2012-01-24 11:00:00,84.6649116987049
2012-01-24 12:00:00,98.13541864419098
2012-01-24 13:00:00,95.91044052757907
2012-01-24 14:00:00,86.90090676531156
2012-01-24 15:00:00,107.42802912673736
2012-01-24 16:00:00,190.40490242996654
2012-01-24 17:00:00,374.6840300220214
2012-01-24 18:00:00,380.9765990979326
2012-01-24 19:00:00,250.6048343841402
2012-01-24 20:00:00,108.5205261376299
2012-01-24 21:00:00,121.56764972477227
2012-01-24 22:00:00,59.72340362753204
2012-01-24 23:00:00,36.179933302587145
2012-01-25 00:00:00,10.233181654636958
2012-01-25 01:00:00,6.991713939992112
2012-01-25 02:00:00,3.2637574617159553
2012-01-25 03:00:00,1.963816841048314
2012-01-25 04:00:00,1.6998860933443551
2012-01-25 05:00:00,9.620727645876126
2012-01-25 06:00:00,51.08278929051924
2012-01-25 07:00:00,135.06400342642422
2012-01-25 08:00:00,251.53340941319195
2012-01-25 09:00:00,135.57116804702724
2012-01-25 10:00:00,67.93862339447782
2012-01-25 11:00:00,92.19686752707658
2012-01-25 12:00:00,108.52044294206159
2012-01-25 13:00:00,108.09066976833589
2012-01-25 14:00:00,99.27337122793219
2012-01-25 15:00:00,113.18933293434118
2012-01-25 16:00:00,151.62351753758716
2012-01-25 17:00:00,338.8114760640823
2012-01-25 18:00:00,288.9292904279877
2012-01-25 19:00:00,180.4605815128187
2012-01-25 20:00:00,127.92791752264432
2012-01-25 21:00:00,96.13001894026549
2012-01-25 22:00:00,73.07058059207009
2012-01-25 23:00:00,44.81535814032203
2012-01-26 00:00:00,22.975177334874864
2012-01-26 01:00:00,8.099296880817443
2012-01-26 02:00:00,5.032450234619318
2012-01-26 03:00:00,2.7583428713987592
2012-01-26 04:00:00,2.36029792630399
2012-01-26 05:00:00,15.347068422407608
2012-01-26 06:00:00,65.07967034291687
2012-01-26 07:00:00,213.25318103477173
2012-01-26 08:00:00,384.03149784651254
2012-01-26 09:00:00,172.0078173975722
2012-01-26 10:00:00,88.74970427568815
2012-01-26 11:00:00,84.03261012596762
2012-01-26 12:00:00,96.26223478195926
2012-01-26 13:00:00,116.91196485292731
2012-01-26 14:00:00,114.9928149596555
2012-01-26 15:00:00,121.09600673697729
2012-01-26 16:00:00,172.8831971408865
2012-01-26 17:00:00,335.63302816617244
2012-01-26 18:00:00,323.50461172303085
2012-01-26 19:00:00,215.2035858738865
2012-01-26 20:00:00,154.97522094623812
2012-01-26 21:00:00,120.66665144475694
2012-01-26 22:00:00,94.72560646163299
2012-01-26 23:00:00,62.26411639188142
2012-01-27 00:00:00,25.855461569005755
2012-01-27 01:00:00,14.151800155664967
2012-01-27 02:00:00,8.628496659816703
2012-01-27 03:00:00,3.199754059880155
2012-01-27 04:00:00,2.166589836590381
2012-01-27 05:00:00,13.712203292653829
2012-01-27 06:00:00,45.08169325995878
2012-01-27 07:00:00,128.2451293080989
2012-01-27 08:00:00,237.38864346896838
2012-01-27 09:00:00,107.10169290904238
2012-01-27 10:00:00,46.01774681044131
2012-01-27 11:00:00,120.59182507052677
2012-01-27 12:00:00,152.33000183863723
2012-01-27 13:00:00,188.77093095116672
2012-01-27 14:00:00,173.19905513507652
2012-01-27 15:00:00,180.47959613720758
2012-01-27 16:00:00,217.8593636650116
2012-01-27 17:00:00,347.6022376876238
2012-01-27 18:00:00,307.6530019409306
2012-01-27 19:00:00,204.55840353797302
2012-01-27 20:00:00,103.36814697037848
2012-01-27 21:00:00,87.58907385923393
2012-01-27 22:00:00,79.72297280021714
2012-01-27 23:00:00,64.51610168358678
2012-01-28 00:00:00,40.32726475033376
2012-01-28 01:00:00,42.85364012368429
2012-01-28 02:00:00,23.54450987832786
2012-01-28 03:00:00,11.068587186291154
2012-01-28 04:00:00,3.4720922930908378
2012-01-28 05:00:00,3.097057870201321
2012-01-28 06:00:00,7.431228320391721
2012-01-28 07:00:00,18.056057851045296
2012-01-28 08:00:00,44.80494067180018
2012-01-28 09:00:00,91.79307091708034
2012-01-28 10:00:00,132.23491427808898
2012-01-28 11:00:00,173.88806613238532
2012-01-28 12:00:00,180.904321941058
2012-01-28 13:00:00,179.85695028312628
2012-01-28 14:00:00,209.80665811736202
2012-01-28 15:00:00,233.5368120314885
2012-01-28 16:00:00,235.85799666993847
2012-01-28 17:00:00,216.6401878186652
2012-01-28 18:00:00,195.3204666942169
2012-01-28 19:00:00,118.38914084034712
2012-01-28 20:00:00,111.83447809562341
2012-01-28 21:00:00,86.90139582016792
2012-01-28 22:00:00,72.76616418497382
2012-01-28 23:00:00,60.773108716748844
2012-01-29 00:00:00,41.17838610467884
2012-01-29 01:00:00,36.73963407893146
2012-01-29 02:00:00,30.01313060364269
2012-01-29 03:00:00,12.524400743619513
2012-01-29 04:00:00,3.085415043840747
2012-01-29 05:00:00,2.9089623874764823
2012-01-29 06:00:00,5.447055427240693
2012-01-29 07:00:00,15.601176583372416
2012-01-29 08:00:00,34.14190695717616
2012-01-29 09:00:00,69.77748280001025
2012-01-29 10:00:00,129.8025960076312
2012-01-29 11:00:00,148.16265775608505
2012-01-29 12:00:00,188.385591048632
2012-01-29 13:00:00,182.90975494197835
2012-01-29 14:00:00,163.29426187235202
2012-01-29 15:00:00,209.43655944867686
2012-01-29 16:00:00,188.55791109973865
2012-01-29 17:00:00,186.89572757142406
2012-01-29 18:00:00,120.01654039114642
2012-01-29 19:00:00,88.139191451997
2012-01-29 20:00:00,82.39828623370319
2012-01-29 21:00:00,66.20153754572343
2012-01-29 22:00:00,49.537385649103015
2012-01-29 23:00:00,32.448932359415075
2012-01-30 00:00:00,19.07690624484722
2012-01-30 01:00:00,5.195924685216414
2012-01-30 02:00:00,2.9828810983757066
2012-01-30 03:00:00,1.837340233493561
2012-01-30 04:00:00,2.0160672892271223
2012-01-30 05:00:00,9.101683822429141
2012-01-30 06:00:00,50.8637598020212
2012-01-30 07:00:00,152.86282704779234
2012-01-30 08:00:00,207.8476227185713
2012-01-30 09:00:00,109.46090191438388
2012-01-30 10:00:00,62.60932020414314
2012-01-30 11:00:00,70.45437684467048
2012-01-30 12:00:00,77.06021625239991
2012-01-30 13:00:00,89.49095911727673
2012-01-30 14:00:00,91.08124699224881
2012-01-30 15:00:00,86.26874409584023
2012-01-30 16:00:00,137.12547521710206
2012-01-30 17:00:00,302.2586146954517
2012-01-30 18:00:00,272.5619223818288
2012-01-30 19:00:00,161.7788626419527
2012-01-30 20:00:00,121.31812517019861
2012-01-30 21:00:00,89.60515111034135
2012-01-30 22:00:00,51.4008323606787
2012-01-30 23:00:00,29.983762483610803
2012-01-31 00:00:00,18.880405765387835
2012-01-31 01:00:00,6.769872505314279
2012-01-31 02:00:00,3.3564117897763515
2012-01-31 03:00:00,2.2154443635310765
2012-01-31 04:00:00,2.6050276182352956
2012-01-31 05:00:00,12.350731173048066
2012-01-31 06:00:00,62.23320794107901
2012-01-31 07:00:00,154.86588512432942
2012-01-31 08:00:00,296.2035587491173
2012-01-31 09:00:00,148.75262126127006
2012-01-31 10:00:00,65.00026277299979
2012-01-31 11:00:00,112.82039818464385
2012-01-31 12:00:00,134.3953086377613
2012-01-31 13:00:00,163.33677897940964
2012-01-31 14:00:00,155.09211265974042
2012-01-31 15:00:00,172.2623846204305
2012-01-31 16:00:00,252.73076021422233
2012-01-31 17:00:00,510.6422905069383
2012-01-31 18:00:00,484.1979608978086
2012-01-31 19:00:00,274.83209906606044
2012-01-31 20:00:00,187.066288783435
2012-01-31 21:00:00,157.956897175608
2012-01-31 22:00:00,102.24939097205448
2012-01-31 23:00:00,58.61320014681352
2012-02-20 00:00:00,38.77339292269326
2012-02-20 01:00:00,22.06117341860547
2012-02-20 02:00:00,15.663347275898508
2012-02-20 03:00:00,5.010897560318074
2012-02-20 05:00:00,3.426827854173256
2012-02-20 06:00:00,10.259084470390174
2012-02-20 07:00:00,28.797615357453076
2012-02-20 08:00:00,58.89289329808105
2012-02-20 09:00:00,71.75300570248302
2012-02-20 10:00:00,113.43483363308398
2012-02-20 11:00:00,127.61887495246104
2012-02-20 12:00:00,173.75636781050744
2012-02-20 13:00:00,162.96680749524495
2012-02-20 14:00:00,164.68397591384132
2012-02-20 15:00:00,160.67898324691643
2012-02-20 16:00:00,190.59105709021594
2012-02-20 17:00:00,210.02622819791125
2012-02-20 18:00:00,145.66732133133345
2012-02-20 19:00:00,109.45499264582126
2012-02-20 20:00:00,102.75928484529396
2012-02-20 21:00:00,66.2731443561749
2012-02-20 22:00:00,52.00682028253924
2012-02-20 23:00:00,32.10667119245967
2012-02-21 00:00:00,15.827968444977522
2012-02-21 01:00:00,5.297383192253657
2012-02-21 02:00:00,2.6568041473186224
2012-02-21 04:00:00,1.9848386203709936
2012-02-21 05:00:00,8.55046951711672
2012-02-21 06:00:00,40.7806017309714
2012-02-21 07:00:00,146.290227023795
2012-02-21 08:00:00,230.845271631025
2012-02-21 09:00:00,131.13742253984867
2012-02-21 10:00:00,59.976674161155984
2012-02-21 11:00:00,51.001505552125494
2012-02-21 12:00:00,83.3771252047568
2012-02-21 13:00:00,99.22591284287033
2012-02-21 14:00:00,75.55732532158645
2012-02-21 15:00:00,97.36194322936643
2012-02-21 16:00:00,159.01679705215128
2012-02-21 17:00:00,344.4106899479768
2012-02-21 18:00:00,334.2407837187166
2012-02-21 19:00:00,207.8636005265836
2012-02-21 20:00:00,131.26775714250977
2012-02-21 21:00:00,116.17804518561483
2012-02-21 22:00:00,60.93485215982893
2012-02-21 23:00:00,35.779030740495
2012-02-22 00:00:00,18.99193783576282
2012-02-22 01:00:00,8.57342177093872
2012-02-22 02:00:00,3.1329270957360476
2012-02-22 03:00:00,2.633332497517396
2012-02-22 04:00:00,2.60502636542502
2012-02-22 05:00:00,15.411659663652298
2012-02-22 06:00:00,67.78511156207202
2012-02-22 07:00:00,207.9716699258132
2012-02-22 08:00:00,343.562028529048
2012-02-22 09:00:00,203.00083996068872
2012-02-22 10:00:00,88.63932196939926
2012-02-22 11:00:00,99.0860904779806
2012-02-22 12:00:00,120.81940760955754
2012-02-22 13:00:00,119.50861542758257
2012-02-22 14:00:00,114.84301184469909
2012-02-22 15:00:00,154.11703258975118
2012-02-22 16:00:00,239.85971476939247
2012-02-22 17:00:00,495.24792361595496
2012-02-22 18:00:00,423.8025654255662
2012-02-22 19:00:00,247.61509688758608
2012-02-22 20:00:00,167.03846868545827
2012-02-22 21:00:00,152.28912483942253
2012-02-22 22:00:00,91.40874703458846
2012-02-22 23:00:00,66.67102847227603
2012-02-23 00:00:00,27.337087059273525
2012-02-23 01:00:00,9.960045746042752
2012-02-23 02:00:00,5.873628493757755
2012-02-23 03:00:00,2.5054962316833373
2012-02-23 04:00:00,3.0856975598308574
2012-02-23 05:00:00,18.778470377126236
2012-02-23 06:00:00,81.18575439140398
2012-02-23 07:00:00,230.00400019539404
2012-02-23 08:00:00,386.99156742547
2012-02-23 09:00:00,183.09961954487846
2012-02-23 10:00:00,105.72623261829446
2012-02-23 11:00:00,144.53192233230527
2012-02-23 12:00:00,188.84423100457775
2012-02-23 13:00:00,197.4335405383896
2012-02-23 14:00:00,188.3800311072915
2012-02-23 15:00:00,200.7994850293434
2012-02-23 16:00:00,274.3634931012173
2012-02-23 17:00:00,569.529270593088
2012-02-23 18:00:00,535.3300633415265
2012-02-23 19:00:00,310.21966195228356
2012-02-23 20:00:00,239.23861746100647
2012-02-23 21:00:00,147.67302786005047
2012-02-23 22:00:00,105.87429646841628
2012-02-23 23:00:00,75.96990544786608
2012-02-24 00:00:00,34.115210020952546
2012-02-24 01:00:00,18.46772848004989
2012-02-24 02:00:00,7.215637679179636
2012-02-24 03:00:00,4.891684595590783
2012-02-24 04:00:00,3.5685003735464034
2012-02-24 05:00:00,16.980384712289805
2012-02-24 06:00:00,70.57407755115241
2012-02-24 07:00:00,196.6971184806467
2012-02-24 08:00:00,342.3940057297034
2012-02-24 09:00:00,140.62727925894907
2012-02-24 10:00:00,73.19771977128654
2012-02-24 11:00:00,104.60953882882403
2012-02-24 12:00:00,136.25104695263232
2012-02-24 13:00:00,145.83035939410624
2012-02-24 14:00:00,153.6628948040617
2012-02-24 15:00:00,73.50957853199152
2012-02-24 16:00:00,108.86445158172901
2012-02-24 17:00:00,180.69167639834225
2012-02-24 18:00:00,232.57336470639927
2012-02-24 19:00:00,185.88573182955955
2012-02-24 20:00:00,144.14519812403964
2012-02-24 21:00:00,127.94322241374704
2012-02-24 22:00:00,113.42139965951405
2012-02-24 23:00:00,81.44353090988196
2012-02-25 00:00:00,52.217885333547315
2012-02-25 01:00:00,38.51861698872516
2012-02-25 02:00:00,26.94106546040239
2012-02-25 03:00:00,11.603900771813155
2012-02-25 04:00:00,3.8217575783738016
2012-02-25 05:00:00,3.6594337332915745
2012-02-25 06:00:00,11.039468595827508
2012-02-25 07:00:00,19.952067496003497
2012-02-25 08:00:00,50.43016790180164
2012-02-25 09:00:00,53.797267230550766
2012-02-25 10:00:00,111.5908406121956
2012-02-25 11:00:00,139.82152190474264
2012-02-25 12:00:00,161.1953322989687
2012-02-25 13:00:00,170.37268233740562
2012-02-25 14:00:00,151.03755950823418
2012-02-25 15:00:00,157.15487436897573
2012-02-25 16:00:00,134.33468289842511
2012-02-25 17:00:00,160.16330469170293
2012-02-25 18:00:00,107.96404538688151
2012-02-25 19:00:00,75.04458315314517
2012-02-25 20:00:00,54.49267301637441
2012-02-25 21:00:00,52.118536857328095
2012-02-25 22:00:00,41.455844489450406
2012-02-25 23:00:00,36.134232168244026
2012-02-26 00:00:00,30.06161318007315
2012-02-26 01:00:00,29.293984022849003
2012-02-26 02:00:00,24.531791566971297
2012-02-26 03:00:00,11.792465373552913
2012-02-26 04:00:00,3.2955858701455147
2012-02-26 05:00:00,3.3264139034420976
2012-02-26 06:00:00,5.721688557148976
2012-02-26 07:00:00,12.5517666171619
2012-02-26 08:00:00,31.337253086919635
2012-02-26 09:00:00,76.30432540728815
2012-02-26 10:00:00,134.21333499589528
2012-02-26 11:00:00,150.87568840614964
2012-02-26 12:00:00,207.4941315037021
2012-02-26 13:00:00,203.1493653916109
2012-02-26 14:00:00,180.469069968588
2012-02-26 15:00:00,223.38446837985697
2012-02-26 16:00:00,192.44038802552683
2012-02-26 17:00:00,201.9823253956147
2012-02-26 18:00:00,126.92130886437396
2012-02-26 19:00:00,108.58985723376664
2012-02-26 20:00:00,88.84179016033441
2012-02-26 21:00:00,67.262510809787
2012-02-26 22:00:00,53.36448992422749
2012-02-26 23:00:00,28.274207672074567
2012-02-27 00:00:00,17.122169541437
2012-02-27 01:00:00,5.427052422804387
2012-02-27 02:00:00,3.0870543606223895
2012-02-27 03:00:00,1.8528916839397669
2012-02-27 04:00:00,2.138928010107119
2012-02-27 05:00:00,10.881168674460195
2012-02-27 06:00:00,48.16652330724749
2012-02-27 07:00:00,149.72346597831137
2012-02-27 08:00:00,301.5168322738152
2012-02-27 09:00:00,145.8566435376919
2012-02-27 10:00:00,66.18739375191558
2012-02-27 11:00:00,89.39419939558522
2012-02-27 12:00:00,114.87102469294098
2012-02-27 13:00:00,115.82064142611907
2012-02-27 14:00:00,142.56824631763504
2012-02-27 15:00:00,166.59540098370042
2012-02-27 16:00:00,243.54411452810825
2012-02-27 17:00:00,461.6096761080374
2012-02-27 18:00:00,494.82203995507183
2012-02-27 19:00:00,276.5402664104314
2012-02-27 20:00:00,215.66605809083546
2012-02-27 21:00:00,151.6362633558277
2012-02-27 22:00:00,90.90363694711924
2012-02-27 23:00:00,51.78766754538688
2012-02-28 00:00:00,30.970452768733555
2012-02-28 01:00:00,9.101688105968863
2012-02-28 02:00:00,4.527130056350654
2012-02-28 03:00:00,2.994054778800946
2012-02-28 04:00:00,2.698355191486161
2012-02-28 05:00:00,12.453622889732236
2012-02-28 06:00:00,55.73073105845194
2012-02-28 07:00:00,173.6080736189292
2012-02-28 08:00:00,263.1927962359435
2012-02-28 09:00:00,153.69112225288762
2012-02-28 10:00:00,78.81797419229534
2012-02-28 11:00:00,93.01541595333825
2012-02-28 12:00:00,134.72881483692086
2012-02-28 13:00:00,132.5122771330523
2012-02-28 14:00:00,133.6631439082936
2012-02-28 15:00:00,144.22605834119776
2012-02-28 16:00:00,213.60495046731452
2012-02-28 17:00:00,417.6183160144722
2012-02-28 18:00:00,398.7185677841474
2012-02-28 19:00:00,266.11787427227995
2012-02-28 20:00:00,190.86028720340033
2012-02-28 21:00:00,112.27107151779731
2012-02-28 22:00:00,80.58213524940172
2012-02-28 23:00:00,37.69647350807637
2012-02-29 00:00:00,24.717099489657198
2012-02-29 01:00:00,8.571693583266834
2012-02-29 02:00:00,3.214265836557321
2012-02-29 03:00:00,2.699237502550379
2012-02-29 05:00:00,11.526251641698499
2012-02-29 06:00:00,81.0558479774841
2012-02-29 07:00:00,187.3822140698852
2012-02-29 08:00:00,413.16195549780576
2012-02-29 09:00:00,131.0510269492972
2012-02-29 10:00:00,39.933149586322735
2012-02-29 11:00:00,34.40386146713674
2012-02-29 12:00:00,26.529912919498745
2012-02-29 13:00:00,53.958665836660074
2012-02-29 14:00:00,51.28584341634302
2012-02-29 15:00:00,93.59963999157736
2012-02-29 16:00:00,100.94999063557927
2012-02-29 17:00:00,252.14029665169548
2012-02-29 18:00:00,147.27334514701704
2012-02-29 19:00:00,164.37541116462094
2012-02-29 20:00:00,72.26914187963085
2012-02-29 21:00:00,54.886732198965746
2012-02-29 22:00:00,31.808686666265572
2012-02-29 23:00:00,21.248526253762105
2012-03-20 00:00:00,30.651435158148864
2012-03-20 01:00:00,11.388667173475207
2012-03-20 02:00:00,5.347911673712118
2012-03-20 03:00:00,3.5101219948293045
2012-03-20 04:00:00,4.596878337133645
2012-03-20 05:00:00,17.74237368228093
2012-03-20 06:00:00,77.054835443586
2012-03-20 07:00:00,138.59107414874762
2012-03-20 08:00:00,447.1976235057168
2012-03-20 09:00:00,205.061050249615
2012-03-20 10:00:00,108.10226111273688
2012-03-20 11:00:00,127.13764532499614
2012-03-20 12:00:00,159.22670366235897
2012-03-20 13:00:00,159.84222550402336
2012-03-20 14:00:00,169.5409626243345
2012-03-20 15:00:00,174.60927117720385
2012-03-20 16:00:00,254.24858756506774
2012-03-20 17:00:00,503.3074667047311
2012-03-20 18:00:00,487.6822576125985
2012-03-20 19:00:00,329.5987342685415
2012-03-20 20:00:00,221.48656054519859
2012-03-20 21:00:00,175.0505829019152
2012-03-20 22:00:00,125.84206685320466
2012-03-20 23:00:00,62.34893875129377
2012-03-21 00:00:00,30.02319264664872
2012-03-21 01:00:00,15.345283863695776
2012-03-21 02:00:00,4.858807717412992
2012-03-21 03:00:00,3.8540053455160894
2012-03-21 04:00:00,3.9579097486136288
2012-03-21 05:00:00,21.12021247266144
2012-03-21 06:00:00,83.31523151960604
2012-03-21 07:00:00,141.58821607469224
2012-03-21 08:00:00,257.44945758088465
2012-03-21 09:00:00,184.9965842705925
2012-03-21 10:00:00,127.93112366690208
2012-03-21 11:00:00,140.62980559445586
2012-03-21 12:00:00,195.412878655028
2012-03-21 13:00:00,174.74066464644534
2012-03-21 14:00:00,166.5076163618633
2012-03-21 15:00:00,173.84604142394184
2012-03-21 16:00:00,281.7720224593591
2012-03-21 17:00:00,659.0745739488866
2012-03-21 18:00:00,615.3219512411848
2012-03-21 19:00:00,451.7263244882143
2012-03-21 20:00:00,266.69457692266826
2012-03-21 21:00:00,205.8513672054805
2012-03-21 22:00:00,126.84431856662692
2012-03-21 23:00:00,97.88258541660265
2012-03-22 00:00:00,44.158180113794806
2012-03-22 01:00:00,17.98927366564267
2012-03-22 02:00:00,9.99793072064137
2012-03-22 03:00:00,5.337099448608861
2012-03-22 04:00:00,3.5754666771084476
2012-03-22 05:00:00,17.055933095079844
2012-03-22 06:00:00,86.30035343301732
2012-03-22 07:00:00,207.54047066540903
2012-03-22 08:00:00,442.3186467937302
2012-03-22 09:00:00,185.62639446574795
2012-03-22 10:00:00,74.63399150360573
2012-03-22 11:00:00,109.4644844565024
2012-03-22 12:00:00,155.12202732915082
2012-03-22 13:00:00,200.68704229048979
2012-03-22 14:00:00,212.2362507464722
2012-03-22 15:00:00,217.88650463828148
2012-03-22 16:00:00,321.57406583253896
2012-03-22 17:00:00,672.7098298615526
2012-03-22 18:00:00,614.9391321762243
2012-03-22 19:00:00,470.70126289414156
2012-03-22 20:00:00,332.9549315768006
2012-03-22 21:00:00,237.72286805651888
2012-03-22 22:00:00,165.9447742954205
2012-03-22 23:00:00,114.1449705563701
2012-03-23 00:00:00,53.5637403006148
2012-03-23 01:00:00,25.32550521905766
2012-03-23 02:00:00,13.010677268493033
2012-03-23 03:00:00,5.950266534003131
2012-03-23 04:00:00,4.407094603485411
2012-03-23 05:00:00,21.08167817847412
2012-03-23 06:00:00,88.18203413332196
2012-03-23 07:00:00,227.80694106529123
2012-03-23 08:00:00,439.55971740517737
2012-03-23 09:00:00,219.52233432863747
2012-03-23 10:00:00,139.82933247783743
2012-03-23 11:00:00,208.8213338851833
2012-03-23 12:00:00,270.5736436304272
2012-03-23 13:00:00,259.35051665187376
2012-03-23 14:00:00,262.84297510633405
2012-03-23 15:00:00,268.87759315888087
2012-03-23 16:00:00,429.24612684868396
2012-03-23 17:00:00,675.0778718748838
2012-03-23 18:00:00,604.5487811953159
2012-03-23 19:00:00,431.3613606011392
2012-03-23 20:00:00,290.65264678767306
2012-03-23 21:00:00,236.61268008989978
2012-03-23 22:00:00,214.96455109684854
2012-03-23 23:00:00,158.15217492931626
2012-03-24 00:00:00,115.49798024255836
2012-03-24 01:00:00,100.71055307822895
2012-03-24 02:00:00,75.7143488951553
2012-03-24 03:00:00,36.79574921015488
2012-03-24 04:00:00,10.188267021364691
2012-03-24 05:00:00,9.262962189227578
2012-03-24 06:00:00,26.284964695322763
2012-03-24 07:00:00,41.88479670971597
2012-03-24 08:00:00,71.30044279792487
2012-03-24 09:00:00,195.026277261704
2012-03-24 10:00:00,221.5887207286106
2012-03-24 11:00:00,177.40788140034408
2012-03-24 12:00:00,125.14205998984211
2012-03-24 13:00:00,123.88993257102369
2012-03-24 14:00:00,124.01590323142236
2012-03-24 15:00:00,99.63889830216891
2012-03-24 16:00:00,95.51084776122677
2012-03-24 17:00:00,134.1104830733041
2012-03-24 18:00:00,75.40486277074874
2012-03-24 19:00:00,120.16052579545396
2012-03-24 20:00:00,49.48482450871732
2012-03-24 21:00:00,40.79320697496434
2012-03-24 22:00:00,25.466796066425808
2012-03-24 23:00:00,60.956081960819354
2012-03-25 00:00:00,28.442408540960862
2012-03-25 01:00:00,21.320204870653146
2012-03-25 02:00:00,17.026717558359252
2012-03-25 03:00:00,8.649872701057129
2012-03-25 04:00:00,2.8260520189013523
2012-03-25 05:00:00,4.479813634005695
2012-03-25 06:00:00,6.280041528457513
2012-03-25 07:00:00,14.844659574887748
2012-03-25 08:00:00,33.567311931034126
2012-03-25 09:00:00,70.59236488762119
2012-03-25 10:00:00,131.6133173460334
2012-03-25 11:00:00,106.46898542721473
2012-03-25 12:00:00,126.81343763480129
2012-03-25 13:00:00,217.28131730488192
2012-03-25 14:00:00,198.18644097704205
2012-03-25 15:00:00,189.19877890501965
2012-03-25 16:00:00,339.5964470062181
2012-03-25 17:00:00,352.37004449727414
2012-03-25 18:00:00,281.27691817483475
2012-03-25 19:00:00,198.5320208751867
2012-03-25 20:00:00,146.46855987635047
2012-03-25 21:00:00,139.3021279069086
2012-03-25 22:00:00,101.63248104463342
2012-03-25 23:00:00,70.32392736968299
2012-03-26 00:00:00,34.925604412519974
2012-03-26 01:00:00,12.944970791826993
2012-03-26 02:00:00,6.385645601125452
2012-03-26 03:00:00,4.611352603746872
2012-03-26 04:00:00,4.163500213954188
2012-03-26 05:00:00,24.947270528842637
2012-03-26 06:00:00,109.50097469857998
2012-03-26 07:00:00,307.0107311678769
2012-03-26 08:00:00,548.9078450394187
2012-03-26 09:00:00,254.7260817083731
2012-03-26 10:00:00,150.84612195564975
2012-03-26 11:00:00,163.42636158758398
2012-03-26 12:00:00,202.53056269710993
2012-03-26 13:00:00,193.15437001481163
2012-03-26 14:00:00,181.1598649317249
2012-03-26 15:00:00,189.14891970797868
2012-03-26 16:00:00,273.75725783126126
2012-03-26 17:00:00,510.3849220650895
2012-03-26 18:00:00,497.7089308298212
2012-03-26 19:00:00,309.9925742006216
2012-03-26 20:00:00,165.79034804964414
2012-03-26 21:00:00,111.92724757615628
2012-03-26 22:00:00,77.85054365475797
2012-03-26 23:00:00,34.103587017081935
2012-03-27 00:00:00,20.56689465636756
2012-03-27 01:00:00,6.333476118071089
2012-03-27 02:00:00,2.7516272061127705
2012-03-27 03:00:00,1.7147060984472577
2012-03-27 04:00:00,2.0495846887301252
2012-03-27 05:00:00,10.823394407283406
2012-03-27 06:00:00,54.137631464124226
2012-03-27 07:00:00,166.139862530866
2012-03-27 08:00:00,268.66146770662164
2012-03-27 09:00:00,144.96906077725032
2012-03-27 10:00:00,66.7575990173256
2012-03-27 11:00:00,86.85902967454362
2012-03-27 12:00:00,109.59750804508099
2012-03-27 13:00:00,132.00011131104026
2012-03-27 14:00:00,152.184651011884
2012-03-27 15:00:00,164.64109797119715
2012-03-27 16:00:00,250.30843300420486
2012-03-27 17:00:00,218.59252505927174
2012-03-27 18:00:00,340.4248858930435
2012-03-27 19:00:00,149.29588010471085
2012-03-27 20:00:00,165.29454539293184
2012-03-27 21:00:00,137.16841736243228
2012-03-27 22:00:00,99.56810387641453
2012-03-27 23:00:00,56.50310211662803
2012-03-28 00:00:00,27.19000465623558
2012-03-28 01:00:00,8.701382686238553
2012-03-28 02:00:00,3.4339599416927586
2012-03-28 03:00:00,2.7408586290945536
2012-03-28 04:00:00,2.9416539718797825
2012-03-28 05:00:00,18.27400312037927
2012-03-28 06:00:00,93.05132863105858
2012-03-28 07:00:00,248.28662218352065
2012-03-28 08:00:00,489.54218696641766
2012-03-28 09:00:00,224.2320770317954
2012-03-28 10:00:00,135.47733106593745
2012-03-28 11:00:00,162.2403531770155
2012-03-28 12:00:00,227.3463233261387
2012-03-28 13:00:00,218.95310691203719
2012-03-28 14:00:00,228.36026049017013
2012-03-28 15:00:00,257.11341409763867
2012-03-28 16:00:00,239.25247218042654
2012-03-28 17:00:00,673.9046232602889
2012-03-28 18:00:00,622.4503203495404
2012-03-28 19:00:00,458.8693895258658
2012-03-28 20:00:00,358.87011677540045
2012-03-28 21:00:00,220.95723484656935
2012-03-28 22:00:00,182.0694466773608
2012-03-28 23:00:00,106.28914116133342
2012-03-29 00:00:00,47.585260444873825
2012-03-29 01:00:00,19.734943229738818
2012-03-29 02:00:00,11.867430418944933
2012-03-29 03:00:00,4.79825529311254
2012-03-29 04:00:00,6.550093853973784
2012-03-29 05:00:00,30.055117064283028
2012-03-29 06:00:00,136.26743222471003
2012-03-29 07:00:00,391.2593691992695
2012-03-29 08:00:00,610.9405979700347
2012-03-29 09:00:00,273.8296981152664
2012-03-29 10:00:00,137.59341562765997
2012-03-29 11:00:00,166.15201796086683
2012-03-29 12:00:00,218.45160116056627
2012-03-29 13:00:00,206.3637540217719
2012-03-29 14:00:00,196.84777775140358
2012-03-29 15:00:00,219.56210453375706
2012-03-29 16:00:00,328.9418491168772
2012-03-29 17:00:00,613.6429866964484
2012-03-29 18:00:00,541.645065410909
2012-03-29 19:00:00,353.04243218180676
2012-03-29 20:00:00,273.83704942164627
2012-03-29 21:00:00,191.26941439172157
2012-03-29 22:00:00,131.72409413283748
2012-03-29 23:00:00,85.21808480960014
2012-03-30 00:00:00,39.70478452089565
2012-03-30 01:00:00,18.415707756448413
2012-03-30 02:00:00,8.814010884303222
2012-03-30 03:00:00,4.927576416909983
2012-03-30 04:00:00,3.6389848312744557
2012-03-30 05:00:00,22.237462507130832
2012-03-30 06:00:00,89.24730179631985
2012-03-30 07:00:00,231.7202746380521
2012-03-30 08:00:00,449.6907213013812
2012-03-30 09:00:00,248.59393767675078
2012-03-30 10:00:00,128.84350733590267
2012-03-30 11:00:00,132.1850482361344
2012-03-30 12:00:00,161.79744191807555
2012-03-30 13:00:00,116.63187545643495
2012-03-30 14:00:00,100.12627780979211
2012-03-30 15:00:00,124.37241170071846
2012-03-30 16:00:00,162.01066889719317
2012-03-30 17:00:00,370.92251181143115
2012-03-30 18:00:00,408.2242515195426
2012-03-30 19:00:00,266.3553354870196
2012-03-30 20:00:00,183.72240063886886
2012-03-30 21:00:00,140.09276297675484
2012-03-30 22:00:00,113.43555134217527
2012-03-30 23:00:00,98.47700095558427
2012-03-31 00:00:00,64.2322961852257
2012-03-31 01:00:00,52.40576164696138
2012-03-31 02:00:00,36.988319575461645
2012-03-31 03:00:00,21.97952868496258
2012-03-31 04:00:00,4.478284855089761
2012-03-31 05:00:00,7.1560248617439335
2012-03-31 06:00:00,17.17339325773643
2012-03-31 07:00:00,28.067783565707735
2012-03-31 08:00:00,70.73913003421093
2012-03-31 09:00:00,151.92765913450856
2012-03-31 10:00:00,216.57753388724188
2012-03-31 11:00:00,338.9164771409168
2012-03-31 12:00:00,443.7400143860926
2012-03-31 13:00:00,562.1275744446388
2012-03-31 14:00:00,337.33253064020016
2012-03-31 15:00:00,383.7971200481339
2012-03-31 16:00:00,312.80989261104696
2012-03-31 17:00:00,267.91190684794543
2012-03-31 18:00:00,145.36521547129473
2012-03-31 19:00:00,148.7942422139689
2012-03-31 20:00:00,108.37146691749862
2012-03-31 21:00:00,89.63602493864838
2012-03-31 22:00:00,79.72444879112892
2012-03-31 23:00:00,56.13347180143495
2012-04-20 00:00:00,53.31629508531099
2012-04-20 01:00:00,25.720888674182415
2012-04-20 02:00:00,9.213607272204005
2012-04-20 03:00:00,5.186887149019989
2012-04-20 04:00:00,3.4206209772591785
2012-04-20 05:00:00,21.55776614247317
2012-04-20 06:00:00,98.26514267489988
2012-04-20 07:00:00,232.84218095491264
2012-04-20 08:00:00,510.5836843721339
2012-04-20 09:00:00,287.89356971586193
2012-04-20 10:00:00,151.9857805385816
2012-04-20 11:00:00,235.25431400814225
2012-04-20 12:00:00,283.86741258528633
2012-04-20 13:00:00,303.09944123029976
2012-04-20 14:00:00,277.5835116358351
2012-04-20 15:00:00,272.3813105073916
2012-04-20 16:00:00,442.2330977656398
2012-04-20 17:00:00,651.2841033131709
2012-04-20 18:00:00,553.804510433554
2012-04-20 19:00:00,435.0049356457769
2012-04-20 20:00:00,279.2551316958046
2012-04-20 21:00:00,231.543612188545
2012-04-20 22:00:00,203.17859550897762
2012-04-20 23:00:00,148.40067991371347
2012-04-21 00:00:00,90.88982798036153
2012-04-21 01:00:00,82.20804239029746
2012-04-21 02:00:00,68.85627919470059
2012-04-21 03:00:00,28.989590128568206
2012-04-21 04:00:00,8.44137652877669
2012-04-21 05:00:00,9.18039087020196
2012-04-21 06:00:00,26.329778717507303
2012-04-21 07:00:00,51.34742205055128
2012-04-21 08:00:00,128.13317967745667
2012-04-21 09:00:00,250.0509535071655
2012-04-21 10:00:00,404.53386676891347
2012-04-21 11:00:00,476.31372225609385
2012-04-21 12:00:00,574.570447563646
2012-04-21 13:00:00,575.9105930531167
2012-04-21 14:00:00,555.018665517062
2012-04-21 15:00:00,614.12434649009106
2012-04-21 16:00:00,567.8102002589203
2012-04-21 17:00:00,392.1782372769649
2012-04-21 18:00:00,326.66921301414004
2012-04-21 19:00:00,139.03423642080585
2012-04-21 20:00:00,91.99833999806953
2012-04-21 21:00:00,75.75555599329023
2012-04-21 22:00:00,108.87307420500485
2012-04-21 23:00:00,78.72306811953779
2012-04-22 00:00:00,59.52191309555577
2012-04-22 01:00:00,52.61206336275465
2012-04-22 02:00:00,58.110440167057284
2012-04-22 03:00:00,25.961261924664374
2012-04-22 04:00:00,6.425703863274969
2012-04-22 05:00:00,7.1950469204654715
2012-04-22 06:00:00,13.529344696541548
2012-04-22 07:00:00,17.00554132470874
2012-04-22 08:00:00,43.51934124001092
2012-04-22 09:00:00,90.46107057517791
2012-04-22 10:00:00,107.52987774769404
2012-04-22 11:00:00,83.77450898225653
2012-04-22 12:00:00,97.19187871703446
2012-04-22 13:00:00,127.59074903265792
2012-04-22 14:00:00,79.00715508547488
2012-04-22 15:00:00,93.29166197106723
2012-04-22 16:00:00,85.12727197719558
2012-04-22 17:00:00,44.5547826976804
2012-04-22 18:00:00,35.36747398157977
2012-04-22 19:00:00,32.86102803723582
2012-04-22 20:00:00,25.878177470765657
2012-04-22 21:00:00,32.28735658438134
2012-04-22 22:00:00,14.482530418543798
2012-04-22 23:00:00,20.99679063011143
2012-04-23 00:00:00,12.551782825256677
2012-04-23 01:00:00,3.6446052855576223
2012-04-23 02:00:00,3.404977012008121
2012-04-23 03:00:00,2.1260795582501664
2012-04-23 04:00:00,1.7483284790493359
2012-04-23 05:00:00,7.418784216902352
2012-04-23 06:00:00,61.6814619265609
2012-04-23 07:00:00,98.65863084836622
2012-04-23 08:00:00,291.5496421195124
2012-04-23 09:00:00,136.89432391733243
2012-04-23 10:00:00,69.73800936100983
2012-04-23 11:00:00,72.22839424757414
2012-04-23 12:00:00,52.4392349463123
2012-04-23 13:00:00,45.51211838784119
2012-04-23 14:00:00,54.24654171135573
2012-04-23 15:00:00,92.59731072404085
2012-04-23 16:00:00,68.56710030179467
2012-04-23 17:00:00,137.78255394959353
2012-04-23 18:00:00,201.03825372334657
2012-04-23 19:00:00,139.16838556414953
2012-04-23 20:00:00,105.45190344828825
2012-04-23 21:00:00,71.10977900962737
2012-04-23 22:00:00,50.89079298138428
2012-04-23 23:00:00,31.874231350404965
2012-04-24 00:00:00,17.71243507268375
2012-04-24 01:00:00,6.239516861615731
2012-04-24 02:00:00,3.0343906950037867
2012-04-24 03:00:00,2.2922648563137273
2012-04-24 04:00:00,2.4883727369390134
2012-04-24 05:00:00,14.088562714504976
2012-04-24 06:00:00,66.98265404626518
2012-04-24 07:00:00,178.81376817666984
2012-04-24 08:00:00,377.18423042468464
2012-04-24 09:00:00,200.17378697261833
2012-04-24 10:00:00,124.53418558432122
2012-04-24 11:00:00,160.67486046521708
2012-04-24 12:00:00,208.3380722223701
2012-04-24 13:00:00,199.9459894910032
2012-04-24 14:00:00,182.90816417269764
2012-04-24 15:00:00,192.48766701499207
2012-04-24 16:00:00,290.0957883090646
2012-04-24 17:00:00,549.3464569147867
2012-04-24 18:00:00,318.38349142233204
2012-04-24 19:00:00,299.31237823724894
2012-04-24 20:00:00,270.7532860980927
2012-04-24 21:00:00,170.79780405676652
2012-04-24 22:00:00,127.10397218229501
2012-04-24 23:00:00,74.53732780103503
2012-04-25 00:00:00,37.62149873742918
2012-04-25 01:00:00,13.298852091427106
2012-04-25 02:00:00,5.094344217426677
2012-04-25 03:00:00,3.0897095987281507
2012-04-25 04:00:00,2.8165182440602115
2012-04-25 05:00:00,17.901805678532888
2012-04-25 06:00:00,91.04751356874567
2012-04-25 07:00:00,240.25879507971237
2012-04-25 08:00:00,456.44652476082706
2012-04-25 09:00:00,249.40365248664347
2012-04-25 10:00:00,156.7131943857078
2012-04-25 11:00:00,172.79937998483393
2012-04-25 12:00:00,234.86469550867324
2012-04-25 13:00:00,223.83449977531566
2012-04-25 14:00:00,195.80193780477794
2012-04-25 15:00:00,217.30445476702303
2012-04-25 16:00:00,356.6968287154935
2012-04-25 17:00:00,681.3187569294961
2012-04-25 18:00:00,665.4122025623095
2012-04-25 19:00:00,487.5550331140129
2012-04-25 20:00:00,310.1755260808632
2012-04-25 21:00:00,187.64901333107858
2012-04-25 22:00:00,136.57250905251465
2012-04-25 23:00:00,85.63283090772046
2012-04-26 00:00:00,39.52142877477552
2012-04-26 01:00:00,15.068107414927109
2012-04-26 02:00:00,8.973398827475501
2012-04-26 03:00:00,4.644341455278487
2012-04-26 04:00:00,6.302708325996967
2012-04-26 05:00:00,28.176810240466615
2012-04-26 06:00:00,130.60122650115366
2012-04-26 07:00:00,178.3511635129355
2012-04-26 08:00:00,365.53630634894336
2012-04-26 09:00:00,169.00483601431077
2012-04-26 10:00:00,90.68987758956156
2012-04-26 11:00:00,89.58966350549856
2012-04-26 12:00:00,174.80208897725947
2012-04-26 13:00:00,162.53068130971016
2012-04-26 14:00:00,158.53844861728723
2012-04-26 15:00:00,137.4758700484653
2012-04-26 16:00:00,207.70498544411225
2012-04-26 17:00:00,592.9249191988165
2012-04-26 18:00:00,447.82010294809425
2012-04-26 19:00:00,317.9736135743277
2012-04-26 20:00:00,279.5394382242563
2012-04-26 21:00:00,173.59016019434392
2012-04-26 22:00:00,144.42349590167237
2012-04-26 23:00:00,93.21421222995227
2012-04-27 00:00:00,53.44670653949912
2012-04-27 01:00:00,23.956655393730273
2012-04-27 02:00:00,14.13346334271941
2012-04-27 03:00:00,5.998085198110825
2012-04-27 04:00:00,5.165454400369972
2012-04-27 05:00:00,28.4809132863294
2012-04-27 06:00:00,108.39719299650524
2012-04-27 07:00:00,266.3998414714795
2012-04-27 08:00:00,670.2034587333603
2012-04-27 09:00:00,312.89290200809177
2012-04-27 10:00:00,168.73141084992378
2012-04-27 11:00:00,180.8070805371994
2012-04-27 12:00:00,255.8331225013687
2012-04-27 13:00:00,255.55240921649738
2012-04-27 14:00:00,229.8111697207554
2012-04-27 15:00:00,259.427998036457
2012-04-27 16:00:00,381.9042876305525
2012-04-27 17:00:00,654.0299443206061
2012-04-27 18:00:00,532.9347173409759
2012-04-27 19:00:00,332.1273412287977
2012-04-27 20:00:00,225.13414601160548
2012-04-27 21:00:00,174.02795714052064
2012-04-27 22:00:00,152.84215649573622
2012-04-27 23:00:00,111.74345142023552
2012-04-28 00:00:00,81.32053985458106
2012-04-28 01:00:00,50.226277004447375
2012-04-28 02:00:00,48.07708794239064
2012-04-28 03:00:00,15.302986208699666
2012-04-28 04:00:00,5.487723858109315
2012-04-28 05:00:00,5.958705398802536
2012-04-28 06:00:00,17.855506950800798
2012-04-28 07:00:00,38.44959681401345
2012-04-28 08:00:00,123.27385567898776
2012-04-28 09:00:00,158.92962363623948
2012-04-28 10:00:00,238.94658248533204
2012-04-28 11:00:00,262.15529363181554
2012-04-28 12:00:00,321.5159289927751
2012-04-28 13:00:00,336.308380102924
2012-04-28 14:00:00,384.6194537469966
2012-04-28 15:00:00,367.1369682213005
2012-04-28 16:00:00,288.6368336595555
2012-04-28 17:00:00,280.5048717807071
2012-04-28 18:00:00,157.85261913903605
2012-04-28 19:00:00,125.72176469165379
2012-04-28 20:00:00,129.00992345056446
2012-04-28 21:00:00,76.11317413677587
2012-04-28 22:00:00,78.68320948908553
2012-04-28 23:00:00,77.73347276032682
2012-04-29 00:00:00,40.73956811138491
2012-04-29 01:00:00,46.583237514067896
2012-04-29 02:00:00,37.63279888546693
2012-04-29 03:00:00,17.57268485722244
2012-04-29 04:00:00,4.527528212357063
2012-04-29 05:00:00,6.201367512688231
2012-04-29 06:00:00,12.605461412470627
2012-04-29 07:00:00,21.165282521315707
2012-04-29 08:00:00,79.0980823856228
2012-04-29 09:00:00,162.39203203362436
2012-04-29 10:00:00,252.60643629349732
2012-04-29 11:00:00,314.8102974050904
2012-04-29 12:00:00,449.5952378741445
2012-04-29 13:00:00,412.6018694022752
2012-04-29 14:00:00,464.6260528539926
2012-04-29 15:00:00,503.0916237121148
2012-04-29 16:00:00,527.505371276212
2012-04-29 17:00:00,475.60838979196745
2012-04-29 18:00:00,420.4207142694713
2012-04-29 19:00:00,334.33376470724494
2012-04-29 20:00:00,239.36812331346798
2012-04-29 21:00:00,164.73459779668278
2012-04-29 22:00:00,121.41851658048142
2012-04-29 23:00:00,75.98740952112465
2012-04-30 00:00:00,37.02354097416404
2012-04-30 01:00:00,12.575912074037557
2012-04-30 02:00:00,6.959390867132874
2012-04-30 03:00:00,2.7924027149533495
2012-04-30 04:00:00,3.2143735182502864
2012-04-30 05:00:00,16.750350936557425
2012-04-30 06:00:00,88.79194265452266
2012-04-30 07:00:00,254.97770842566888
2012-04-30 08:00:00,471.3082473122626
2012-04-30 09:00:00,174.96139724493125
2012-04-30 10:00:00,123.91787665601987
2012-04-30 11:00:00,129.20311550489976
2012-04-30 12:00:00,147.25556652464087
2012-04-30 13:00:00,167.31662507236308
2012-04-30 14:00:00,161.26621466751692
2012-04-30 15:00:00,173.1823409372836
2012-04-30 16:00:00,269.4896118777569
2012-04-30 17:00:00,589.8060713887121
2012-04-30 18:00:00,506.32660150427853
2012-04-30 19:00:00,335.3006393220206
2012-04-30 20:00:00,227.59197876568396
2012-04-30 21:00:00,165.62280251211072
2012-04-30 22:00:00,116.81359501440916
2012-04-30 23:00:00,66.47967755225027
2012-05-20 00:00:00,103.97837120779232
2012-05-20 01:00:00,90.64380863599247
2012-05-20 02:00:00,85.19773837079086
2012-05-20 03:00:00,39.26581941508741
2012-05-20 04:00:00,10.276829653472191
2012-05-20 05:00:00,12.068523634576081
2012-05-20 06:00:00,19.693616917728438
2012-05-20 07:00:00,51.6192261985835
2012-05-20 08:00:00,159.0483545855305
2012-05-20 09:00:00,240.32226601790967
2012-05-20 10:00:00,373.04649018988744
2012-05-20 11:00:00,456.74758143315745
2012-05-20 12:00:00,552.3959461504247
2012-05-20 13:00:00,552.6120954191305
2012-05-20 14:00:00,505.98816755263266
2012-05-20 15:00:00,468.2626204012173
2012-05-20 16:00:00,501.7199408164674
2012-05-20 17:00:00,428.37935432842374
2012-05-20 18:00:00,377.6944877256865
2012-05-20 19:00:00,315.21416234189854
2012-05-20 20:00:00,260.20868535569537
2012-05-20 21:00:00,184.64514776185067
2012-05-20 22:00:00,156.7658411635382
2012-05-20 23:00:00,49.049912992568785
2012-05-21 00:00:00,16.594735094783672
2012-05-21 01:00:00,8.050027182418239
2012-05-21 02:00:00,6.975768307444458
2012-05-21 03:00:00,3.579800798768799
2012-05-21 04:00:00,4.434495033502561
2012-05-21 05:00:00,12.784990708629074
2012-05-21 06:00:00,54.244106541750774
2012-05-21 07:00:00,141.71126439388996
2012-05-21 08:00:00,262.89854984694887
2012-05-21 09:00:00,122.71927377464013
2012-05-21 10:00:00,57.319072960663895
2012-05-21 11:00:00,157.85822557063483
2012-05-21 12:00:00,170.091282914216
2012-05-21 13:00:00,98.56679873985044
2012-05-21 14:00:00,104.10266012257019
2012-05-21 15:00:00,198.54053433596553
2012-05-21 16:00:00,284.4595469427698
2012-05-21 17:00:00,581.8213159169953
2012-05-21 18:00:00,593.4466963338655
2012-05-21 19:00:00,415.3341886727511
2012-05-21 20:00:00,317.3361865779819
2012-05-21 21:00:00,210.50012105388632
2012-05-21 22:00:00,164.23129778187328
2012-05-21 23:00:00,81.96722465700554
2012-05-22 00:00:00,34.899461187472376
2012-05-22 01:00:00,13.258151000889342
2012-05-22 02:00:00,5.705264125917509
2012-05-22 03:00:00,4.069944595035512
2012-05-22 04:00:00,5.560293099974158
2012-05-22 05:00:00,18.047842832362896
2012-05-22 06:00:00,74.78555593590407
2012-05-22 07:00:00,216.03247173499832
2012-05-22 08:00:00,519.9411242748993
2012-05-22 09:00:00,261.25658096791307
2012-05-22 10:00:00,144.75441466245874
2012-05-22 11:00:00,151.37123335129448
2012-05-22 12:00:00,205.8547286160046
2012-05-22 13:00:00,208.93143803227414
2012-05-22 14:00:00,192.4296864548754
2012-05-22 15:00:00,218.80949330995742
2012-05-22 16:00:00,342.37382066942047
2012-05-22 17:00:00,640.1099292081957
2012-05-22 18:00:00,636.7313170782252
2012-05-22 19:00:00,406.5676851959886
2012-05-22 20:00:00,310.82994219932556
2012-05-22 21:00:00,213.46058242389114
2012-05-22 22:00:00,177.78934618372537
2012-05-22 23:00:00,104.33356726671872
2012-05-23 00:00:00,47.23899192725557
2012-05-23 01:00:00,18.335372419520336
2012-05-23 02:00:00,7.576387868801478
2012-05-23 03:00:00,6.720160024805733
2012-05-23 04:00:00,4.611757883118057
2012-05-23 05:00:00,12.55841465943724
2012-05-23 06:00:00,106.00646870963202
2012-05-23 07:00:00,349.97857387078716
2012-05-23 08:00:00,507.0291447212503
2012-05-23 09:00:00,335.1160466624587
2012-05-23 10:00:00,158.02481136988416
2012-05-23 11:00:00,185.80251579647103
2012-05-23 12:00:00,248.7276016921017
2012-05-23 13:00:00,227.84560325937488
2012-05-23 14:00:00,206.01910291016307
2012-05-23 15:00:00,240.47020319924124
2012-05-23 16:00:00,303.6420862200731
2012-05-23 17:00:00,514.9563186738411
2012-05-23 18:00:00,488.9718892357559
2012-05-23 19:00:00,408.39098234303276
2012-05-23 20:00:00,281.0647153493787
2012-05-23 21:00:00,196.21217428488555
2012-05-23 22:00:00,174.43876726524996
2012-05-23 23:00:00,110.22326456013612
2012-05-24 00:00:00,47.74168118557094
2012-05-24 01:00:00,17.582241811917438
2012-05-24 02:00:00,9.486463720729779
2012-05-24 03:00:00,4.472855441422451
2012-05-24 04:00:00,5.925155872853293
2012-05-24 05:00:00,29.485781845197558
2012-05-24 06:00:00,125.43800679044962
2012-05-24 07:00:00,398.2275091241415
2012-05-24 08:00:00,556.1738822184285
2012-05-24 09:00:00,332.33474380536745
2012-05-24 10:00:00,163.7313459220143
2012-05-24 11:00:00,188.02346643684186
2012-05-24 12:00:00,255.2024708838773
2012-05-24 13:00:00,246.31382028915593
2012-05-24 14:00:00,184.83425061849957
2012-05-24 15:00:00,192.45278465903118
2012-05-24 16:00:00,274.7918632555362
2012-05-24 17:00:00,549.9185964760514
2012-05-24 18:00:00,608.1772138643622
2012-05-24 19:00:00,445.861763054752
2012-05-24 20:00:00,306.6163709987456
2012-05-24 21:00:00,185.78118053362482
2012-05-24 22:00:00,169.05068519096685
2012-05-24 23:00:00,118.72592634578716
2012-05-25 00:00:00,54.318399003426
2012-05-25 01:00:00,31.390281145737333
2012-05-25 02:00:00,12.45873467277756
2012-05-25 03:00:00,5.590160873448389
2012-05-25 04:00:00,5.884359365065122
2012-05-25 05:00:00,28.83236703918124
2012-05-25 06:00:00,99.42853759387711
2012-05-25 07:00:00,279.3054207839234
2012-05-25 08:00:00,464.7039970237833
2012-05-25 09:00:00,256.1489235128924
2012-05-25 10:00:00,194.89585594958788
2012-05-25 11:00:00,213.10884223522092
2012-05-25 12:00:00,287.7496772852712
2012-05-25 13:00:00,257.22273030736727
2012-05-25 14:00:00,229.5945524517423
2012-05-25 15:00:00,236.58140686306442
2012-05-25 16:00:00,347.5074649908309
2012-05-25 17:00:00,555.6929140525618
2012-05-25 18:00:00,494.7092918071914
2012-05-25 19:00:00,370.31440648205654
2012-05-25 20:00:00,305.6882864840064
2012-05-25 21:00:00,232.7099875244114
2012-05-25 22:00:00,200.96193249907213
2012-05-25 23:00:00,149.45455507221027
2012-05-26 00:00:00,122.48584308480349
2012-05-26 01:00:00,108.27572635154318
2012-05-26 02:00:00,82.22044014209813
2012-05-26 03:00:00,34.32380026816818
2012-05-26 04:00:00,10.983171288745156
2012-05-26 05:00:00,11.929277185870271
2012-05-26 06:00:00,30.46855628736836
2012-05-26 07:00:00,49.54372852901724
2012-05-26 08:00:00,139.2259066576236
2012-05-26 09:00:00,253.14480555936402
2012-05-26 10:00:00,342.93902627387297
2012-05-26 11:00:00,440.96475758953306
2012-05-26 12:00:00,470.5242493540899
2012-05-26 13:00:00,482.59322892511625
2012-05-26 14:00:00,448.0625833720542
2012-05-26 15:00:00,446.12733390945806
2012-05-26 16:00:00,473.0401372786375
2012-05-26 17:00:00,376.73987776413884
2012-05-26 18:00:00,351.10718864602126
2012-05-26 19:00:00,280.4540957597051
2012-05-26 20:00:00,248.54236876792916
2012-05-26 21:00:00,230.73841929683186
2012-05-26 22:00:00,180.8080013883859
2012-05-26 23:00:00,161.19278230391757
2012-05-27 00:00:00,108.6160496299495
2012-05-27 01:00:00,99.13185828885399
2012-05-27 02:00:00,90.37502771665228
2012-05-27 03:00:00,44.36305263715096
2012-05-27 04:00:00,11.088829429147268
2012-05-27 05:00:00,14.225434607895364
2012-05-27 06:00:00,25.842768296344047
2012-05-27 07:00:00,47.44005697643098
2012-05-27 08:00:00,116.97845241111094
2012-05-27 09:00:00,208.37093011411898
2012-05-27 10:00:00,302.8746762885223
2012-05-27 11:00:00,412.4782322120238
2012-05-27 12:00:00,423.68527345724544
2012-05-27 13:00:00,442.32510554243174
2012-05-27 14:00:00,414.8509798721848
2012-05-27 15:00:00,414.5862995101996
2012-05-27 16:00:00,405.60312816452233
2012-05-27 17:00:00,379.64948023472977
2012-05-27 18:00:00,316.502100727984
2012-05-27 19:00:00,291.723523026369
2012-05-27 20:00:00,244.502106549665
2012-05-27 21:00:00,136.99204726079518
2012-05-27 22:00:00,96.59833350502373
2012-05-27 23:00:00,61.320325990494254
2012-05-28 00:00:00,90.20385147829298
2012-05-28 01:00:00,41.001569590298736
2012-05-28 02:00:00,31.380864535602647
2012-05-28 03:00:00,15.821102827368346
2012-05-28 04:00:00,10.92560324708359
2012-05-28 05:00:00,14.409728284001478
2012-05-28 06:00:00,52.11804779865747
2012-05-28 07:00:00,117.12736544977768
2012-05-28 08:00:00,210.88811906355465
2012-05-28 09:00:00,242.67632239237605
2012-05-28 10:00:00,337.6549183889921
2012-05-28 11:00:00,421.2780822851994
2012-05-28 12:00:00,453.51054861498767
2012-05-28 13:00:00,376.3090359059095
2012-05-28 14:00:00,370.1291031968059
2012-05-28 15:00:00,387.1717319735649
2012-05-28 16:00:00,390.82414715663884
2012-05-28 17:00:00,401.89060467130315
2012-05-28 18:00:00,388.63678461232615
2012-05-28 19:00:00,357.34091953365936
2012-05-28 20:00:00,266.710927304095
2012-05-28 21:00:00,174.39765635222633
2012-05-28 22:00:00,139.60295116292775
2012-05-28 23:00:00,95.81432355574944
2012-05-29 00:00:00,43.356091156792196
2012-05-29 01:00:00,15.317732429753221
2012-05-29 02:00:00,7.0088988099472775
2012-05-29 03:00:00,4.6131583033998185
2012-05-29 04:00:00,5.87928237167
2012-05-29 05:00:00,30.78097997300881
2012-05-29 06:00:00,126.23288916211645
2012-05-29 07:00:00,349.17117628941867
2012-05-29 08:00:00,482.90502618264645
2012-05-29 09:00:00,255.47050019257293
2012-05-29 10:00:00,122.04878679694664
2012-05-29 11:00:00,153.31384520758772
2012-05-29 12:00:00,187.72699968723802
2012-05-29 13:00:00,176.54284033267407
2012-05-29 14:00:00,170.66114781423352
2012-05-29 15:00:00,173.93794215613508
2012-05-29 16:00:00,269.2749049341916
2012-05-29 17:00:00,539.5073257737982
2012-05-29 18:00:00,508.22146545988255
2012-05-29 19:00:00,366.23261914635526
2012-05-29 20:00:00,290.1238071413096
2012-05-29 21:00:00,88.73951926479369
2012-05-29 22:00:00,137.12306198893552
2012-05-29 23:00:00,51.29254447002049
2012-05-30 00:00:00,22.62074114285817
2012-05-30 01:00:00,9.25111667553232
2012-05-30 02:00:00,6.932901782134524
2012-05-30 03:00:00,3.704018132160615
2012-05-30 04:00:00,5.095557822048574
2012-05-30 05:00:00,36.00115815556587
2012-05-30 06:00:00,154.81279124590432
2012-05-30 07:00:00,267.4349614618058
2012-05-30 08:00:00,610.2102910178601
2012-05-30 09:00:00,315.75626785983627
2012-05-30 10:00:00,159.75092603747794
2012-05-30 11:00:00,187.10676968378695
2012-05-30 12:00:00,240.10782160344093
2012-05-30 13:00:00,223.204267882689
2012-05-30 14:00:00,226.0948056050524
2012-05-30 15:00:00,226.85538093827319
2012-05-30 16:00:00,358.4857787778
2012-05-30 17:00:00,576.6098100789246
2012-05-30 18:00:00,581.689033961196
2012-05-30 19:00:00,482.1984199786693
2012-05-30 20:00:00,311.6615717878431
2012-05-30 21:00:00,253.3480959107356
2012-05-30 22:00:00,198.35986239155883
2012-05-30 23:00:00,119.51786086707915
2012-05-31 00:00:00,51.50441392736973
2012-05-31 01:00:00,20.10786137670703
2012-05-31 02:00:00,11.434249358961122
2012-05-31 03:00:00,5.293239213962667
2012-05-31 04:00:00,6.683857298614775
2012-05-31 05:00:00,35.43380527618825
2012-05-31 06:00:00,162.31594404341985
2012-05-31 07:00:00,409.01910378237875
2012-05-31 08:00:00,576.2334021112334
2012-05-31 09:00:00,292.1463103945657
2012-05-31 10:00:00,175.19448765999218
2012-05-31 11:00:00,203.4325402995814
2012-05-31 12:00:00,270.83949068477915
2012-05-31 13:00:00,215.2644843995752
2012-05-31 14:00:00,201.17199247779564
2012-05-31 15:00:00,210.6049077711945
2012-05-31 16:00:00,312.4464264312937
2012-05-31 17:00:00,620.3887071334212
2012-05-31 18:00:00,552.4487515945281
2012-05-31 19:00:00,522.2911352348398
2012-05-31 20:00:00,441.3257842795597
2012-05-31 21:00:00,302.40463108163596
2012-05-31 22:00:00,213.88207101366572
2012-05-31 23:00:00,138.72793122605393
2012-06-20 00:00:00,44.99974938083053
2012-06-20 01:00:00,17.420645883325978
2012-06-20 02:00:00,7.583405901499463
2012-06-20 03:00:00,6.53118082419939
2012-06-20 04:00:00,6.027830733884672
2012-06-20 05:00:00,34.648564265053565
2012-06-20 06:00:00,113.52916337018387
2012-06-20 07:00:00,301.55242953426296
2012-06-20 08:00:00,561.6115284107923
2012-06-20 09:00:00,320.7751963681441
2012-06-20 10:00:00,138.54937491171518
2012-06-20 11:00:00,143.10020949590918
2012-06-20 12:00:00,194.30586163787663
2012-06-20 13:00:00,182.12558547652327
2012-06-20 14:00:00,175.5921723261005
2012-06-20 15:00:00,174.55420322214735
2012-06-20 16:00:00,262.5966453361759
2012-06-20 17:00:00,534.6274942842756
2012-06-20 18:00:00,508.41402987764366
2012-06-20 19:00:00,369.0721574338132
2012-06-20 20:00:00,303.03799114471775
2012-06-20 21:00:00,206.71243591658748
2012-06-20 22:00:00,166.6481053270927
2012-06-20 23:00:00,102.46564055214532
2012-06-21 00:00:00,51.57980172514964
2012-06-21 01:00:00,19.31671615662852
2012-06-21 02:00:00,10.555301232734283
2012-06-21 03:00:00,5.031407867679314
2012-06-21 04:00:00,6.10837329262599
2012-06-21 05:00:00,33.10733333803955
2012-06-21 06:00:00,135.85743366764632
2012-06-21 07:00:00,341.78591380441793
2012-06-21 08:00:00,557.8420941313932
2012-06-21 09:00:00,279.5070213078793
2012-06-21 10:00:00,146.55417450062788
2012-06-21 11:00:00,187.61294284422735
2012-06-21 12:00:00,232.68098303406686
2012-06-21 13:00:00,219.80278985188548
2012-06-21 14:00:00,206.95087451811534
2012-06-21 15:00:00,218.78074599680625
2012-06-21 16:00:00,325.87041440432563
2012-06-21 17:00:00,628.3421082944944
2012-06-21 18:00:00,584.8036890806945
2012-06-21 19:00:00,452.8376512540498
2012-06-21 20:00:00,372.3970981175429
2012-06-21 21:00:00,280.9154023345685
2012-06-21 22:00:00,197.880983483188
2012-06-21 23:00:00,141.79272973451847
2012-06-22 00:00:00,53.920694665025366
2012-06-22 01:00:00,30.465301901501565
2012-06-22 02:00:00,13.921403902143457
2012-06-22 03:00:00,7.3543384524516116
2012-06-22 04:00:00,7.822494561913307
2012-06-22 05:00:00,32.22545632742234
2012-06-22 06:00:00,126.14491862008006
2012-06-22 07:00:00,399.98529752515367
2012-06-22 08:00:00,643.5977795894568
2012-06-22 09:00:00,310.3057103858087
2012-06-22 10:00:00,190.6638624062591
2012-06-22 11:00:00,240.35043072319203
2012-06-22 12:00:00,256.7820825129629
2012-06-22 13:00:00,266.9013584572882
2012-06-22 14:00:00,240.0883529902423
2012-06-22 15:00:00,252.6966789915342
2012-06-22 16:00:00,373.1288387167399
2012-06-22 17:00:00,668.6780938881668
2012-06-22 18:00:00,542.2585992886608
2012-06-22 19:00:00,391.19876165087356
2012-06-22 20:00:00,262.04781869660565
2012-06-22 21:00:00,161.41929429300558
2012-06-22 22:00:00,212.61198470801207
2012-06-22 23:00:00,143.22303156365192
2012-06-23 00:00:00,111.4007004868924
2012-06-23 01:00:00,113.92449524637934
2012-06-23 02:00:00,61.30628747391321
2012-06-23 03:00:00,33.576873009801005
2012-06-23 04:00:00,11.318390002346902
2012-06-23 05:00:00,8.48726745073821
2012-06-23 06:00:00,23.818865301608753
2012-06-23 07:00:00,57.646266951424806
2012-06-23 08:00:00,130.74845889180776
2012-06-23 09:00:00,240.88994699394812
2012-06-23 10:00:00,374.08466872529556
2012-06-23 11:00:00,457.52233887144223
2012-06-23 12:00:00,570.6889480623083
2012-06-23 13:00:00,591.610742020296
2012-06-23 14:00:00,549.6542275005646
2012-06-23 15:00:00,485.1061684089347
2012-06-23 16:00:00,467.08915217201275
2012-06-23 17:00:00,492.83287686018906
2012-06-23 18:00:00,411.55983676089943
2012-06-23 19:00:00,377.5766252497479
2012-06-23 20:00:00,317.87212111748534
2012-06-23 21:00:00,269.0614128237705
2012-06-23 22:00:00,213.95167624151696
2012-06-23 23:00:00,185.11406829240832
2012-06-24 00:00:00,107.93488360301237
2012-06-24 01:00:00,98.82464930116386
2012-06-24 02:00:00,80.09586504845295
2012-06-24 03:00:00,36.51485060174732
2012-06-24 04:00:00,12.047823662243353
2012-06-24 05:00:00,11.743449335825824
2012-06-24 06:00:00,18.566977400263248
2012-06-24 07:00:00,49.326886839123816
2012-06-24 08:00:00,115.8263765451986
2012-06-24 09:00:00,199.17837631723424
2012-06-24 10:00:00,358.0389385103733
2012-06-24 11:00:00,439.03083797555314
2012-06-24 12:00:00,525.8485422137956
2012-06-24 13:00:00,513.6084219915455
2012-06-24 14:00:00,414.92567042351885
2012-06-24 15:00:00,440.05599349182637
2012-06-24 16:00:00,440.5772077545223
2012-06-24 17:00:00,403.30715889987874
2012-06-24 18:00:00,383.43278736544
2012-06-24 19:00:00,328.2874603326154
2012-06-24 20:00:00,250.23323395192224
2012-06-24 21:00:00,217.10343271753493
2012-06-24 22:00:00,162.50135596113736
2012-06-24 23:00:00,102.83889658831428
2012-06-25 00:00:00,48.10626945146854
2012-06-25 01:00:00,15.415126951124442
2012-06-25 02:00:00,8.572741338303354
2012-06-25 03:00:00,4.7658607871265675
2012-06-25 04:00:00,5.809610615930775
2012-06-25 05:00:00,29.89198413545642
2012-06-25 06:00:00,139.30805758435793
2012-06-25 07:00:00,322.34738082856387
2012-06-25 08:00:00,480.29270275119217
2012-06-25 09:00:00,257.0798598228832
2012-06-25 10:00:00,160.5335164026967
2012-06-25 11:00:00,185.80410850414447
2012-06-25 12:00:00,227.6262794589748
2012-06-25 13:00:00,200.6188902835254
2012-06-25 14:00:00,211.94985522172456
2012-06-25 15:00:00,228.18332820791227
2012-06-25 16:00:00,340.1617115400224
2012-06-25 17:00:00,655.0352479745584
2012-06-25 18:00:00,632.7473983005548
2012-06-25 19:00:00,449.2446116460205
2012-06-25 20:00:00,348.07833602169535
2012-06-25 21:00:00,237.8690671634265
2012-06-25 22:00:00,170.20450485710543
2012-06-25 23:00:00,96.65152534614249
2012-06-26 00:00:00,53.02409114807523
2012-06-26 01:00:00,16.401738158651984
2012-06-26 02:00:00,8.269825251011527
2012-06-26 03:00:00,4.842099406289418
2012-06-26 04:00:00,7.0452296320588745
2012-06-26 05:00:00,27.300033442272866
2012-06-26 06:00:00,129.81830986673637
2012-06-26 07:00:00,422.1713984496175
2012-06-26 08:00:00,686.33045252258
2012-06-26 09:00:00,267.10169798887233
2012-06-26 10:00:00,179.1496514421033
2012-06-26 11:00:00,198.42330686073635
2012-06-26 12:00:00,248.70609554947123
2012-06-26 13:00:00,240.0573375309672
2012-06-26 14:00:00,223.37056037277608
2012-06-26 15:00:00,239.00643274045592
2012-06-26 16:00:00,365.9474882345657
2012-06-26 17:00:00,696.7926247224484
2012-06-26 18:00:00,667.3897333792438
2012-06-26 19:00:00,482.8567278605104
2012-06-26 20:00:00,381.9466679055439
2012-06-26 21:00:00,272.9620131526394
2012-06-26 22:00:00,206.4512531812403
2012-06-26 23:00:00,110.9971154422
2012-06-27 00:00:00,56.487656869434346
2012-06-27 01:00:00,20.683781381017138
2012-06-27 02:00:00,8.92844992237942
2012-06-27 03:00:00,6.237147513050409
2012-06-27 04:00:00,6.807771060052973
2012-06-27 05:00:00,34.889255432363655
2012-06-27 06:00:00,146.35644079760328
2012-06-27 07:00:00,437.8011082981259
2012-06-27 08:00:00,630.1606867782607
2012-06-27 09:00:00,315.291991369816
2012-06-27 10:00:00,180.6651548993995
2012-06-27 11:00:00,207.91602735904507
2012-06-27 12:00:00,255.5604119111138
2012-06-27 13:00:00,238.50517770023615
2012-06-27 14:00:00,225.6925227368306
2012-06-27 15:00:00,245.03298110435819
2012-06-27 16:00:00,341.339234517523
2012-06-27 17:00:00,677.9305619180462
2012-06-27 18:00:00,660.8449425946005
2012-06-27 19:00:00,483.83519393011994
2012-06-27 20:00:00,387.9839498615878
2012-06-27 21:00:00,277.93784796799804
2012-06-27 22:00:00,211.1285290671777
2012-06-27 23:00:00,118.76792801652797
2012-06-28 00:00:00,52.45006704774017
2012-06-28 01:00:00,19.495063143419298
2012-06-28 02:00:00,11.473410786434362
2012-06-28 03:00:00,5.444963517344023
2012-06-28 04:00:00,6.876111057754184
2012-06-28 05:00:00,31.807610653236353
2012-06-28 06:00:00,146.4394066007804
2012-06-28 07:00:00,430.89937059546855
2012-06-28 08:00:00,575.6168997625698
2012-06-28 09:00:00,304.19652631267087
2012-06-28 10:00:00,168.57137375552486
2012-06-28 11:00:00,216.0691028427388
2012-06-28 12:00:00,225.4377770069079
2012-06-28 13:00:00,222.89185887763765
2012-06-28 14:00:00,192.2253651810198
2012-06-28 15:00:00,206.4751711884769
2012-06-28 16:00:00,311.83295135463703
2012-06-28 17:00:00,597.9099529576426
2012-06-28 18:00:00,562.3223705560963
2012-06-28 19:00:00,437.5545032879846
2012-06-28 20:00:00,415.68592552786055
2012-06-28 21:00:00,273.29173779826596
2012-06-28 22:00:00,209.021577898326
2012-06-28 23:00:00,135.1253695099607
2012-06-29 00:00:00,60.026481649595674
2012-06-29 01:00:00,34.0370324299708
2012-06-29 02:00:00,15.665899797948562
2012-06-29 03:00:00,8.256518596437349
2012-06-29 04:00:00,7.6779231078035455
2012-06-29 05:00:00,35.25146634778906
2012-06-29 06:00:00,135.11437710457147
2012-06-29 07:00:00,389.7656327686189
2012-06-29 08:00:00,585.4740260052245
2012-06-29 09:00:00,315.937204602902
2012-06-29 10:00:00,185.54813233542305
2012-06-29 11:00:00,195.81818766787586
2012-06-29 12:00:00,244.13643413850536
2012-06-29 13:00:00,239.5392225666204
2012-06-29 14:00:00,183.47136823226268
2012-06-29 15:00:00,186.96630412677587
2012-06-29 16:00:00,282.0814270438328
2012-06-29 17:00:00,471.4307990004531
2012-06-29 18:00:00,382.50477473905966
2012-06-29 19:00:00,342.48519385158164
2012-06-29 20:00:00,254.29320096465406
2012-06-29 21:00:00,221.36049273325918
2012-06-29 22:00:00,169.8022633278963
2012-06-29 23:00:00,139.46440485549104
2012-06-30 00:00:00,67.24309858881472
2012-06-30 01:00:00,58.58017971422493
2012-06-30 02:00:00,71.57619339115438
2012-06-30 03:00:00,36.19833269715135
2012-06-30 04:00:00,7.4196379610988075
2012-06-30 05:00:00,12.205303647276537
2012-06-30 06:00:00,28.17946629503361
2012-06-30 07:00:00,65.7269681980935
2012-06-30 08:00:00,157.96976836343637
2012-06-30 09:00:00,281.3491820217215
2012-06-30 10:00:00,355.9778730050557
2012-06-30 11:00:00,441.92891848468963
2012-06-30 12:00:00,502.0667842420604
2012-06-30 13:00:00,528.2043093688301
2012-06-30 14:00:00,487.70004006845244
2012-06-30 15:00:00,501.2099482012557
2012-06-30 16:00:00,477.79030113655307
2012-06-30 17:00:00,427.2661088252505
2012-06-30 18:00:00,388.4950670651888
2012-06-30 19:00:00,357.19026337598365
2012-06-30 20:00:00,300.3789916558831
2012-06-30 21:00:00,253.57541731692496
2012-06-30 22:00:00,205.56517358961634
2012-06-30 23:00:00,184.24471273936962
2012-07-20 00:00:00,34.63286029428664
2012-07-20 01:00:00,28.873177168054422
2012-07-20 02:00:00,12.91662703851984
2012-07-20 03:00:00,6.518722266972117
2012-07-20 04:00:00,7.134902342262202
2012-07-20 05:00:00,30.314955334432078
2012-07-20 06:00:00,118.32218463154861
2012-07-20 07:00:00,292.48036809963776
2012-07-20 08:00:00,586.8163759211961
2012-07-20 09:00:00,296.19057468277543
2012-07-20 10:00:00,171.16963109618814
2012-07-20 11:00:00,151.4318165981755
2012-07-20 12:00:00,170.26068325970888
2012-07-20 13:00:00,147.42335877235038
2012-07-20 14:00:00,134.59022868455688
2012-07-20 15:00:00,193.61736556375584
2012-07-20 16:00:00,293.7101368286782
2012-07-20 17:00:00,452.5084791855097
2012-07-20 18:00:00,405.97233125636353
2012-07-20 19:00:00,300.5035242827776
2012-07-20 20:00:00,100.43468868156852
2012-07-20 21:00:00,95.9946425715478
2012-07-20 22:00:00,165.1476581123371
2012-07-20 23:00:00,121.05896783875261
2012-07-21 00:00:00,46.694711169385215
2012-07-21 01:00:00,86.57470429673427
2012-07-21 02:00:00,38.97436364858876
2012-07-21 03:00:00,19.640381862844357
2012-07-21 04:00:00,8.001022429593318
2012-07-21 05:00:00,5.1227622649447575
2012-07-21 06:00:00,11.208846102148355
2012-07-21 07:00:00,43.75159048904874
2012-07-21 08:00:00,110.67067996838593
2012-07-21 09:00:00,203.24835133489282
2012-07-21 10:00:00,172.08987637994196
2012-07-21 11:00:00,330.8353001737817
2012-07-21 12:00:00,220.56639779422986
2012-07-21 13:00:00,238.57963940468593
2012-07-21 14:00:00,363.4540836695004
2012-07-21 15:00:00,218.63976579562004
2012-07-21 16:00:00,216.90215355868943
2012-07-21 17:00:00,208.1422963194442
2012-07-21 18:00:00,295.0534961869798
2012-07-21 19:00:00,273.59718197262447
2012-07-21 20:00:00,122.78019406881263
2012-07-21 21:00:00,181.6734737364206
2012-07-21 22:00:00,151.57021483201945
2012-07-21 23:00:00,134.82339439063335
2012-07-22 00:00:00,81.55375439780693
2012-07-22 01:00:00,92.46786513391844
2012-07-22 02:00:00,69.21027486400101
2012-07-22 03:00:00,36.99599434383095
2012-07-22 04:00:00,10.704931412462798
2012-07-22 05:00:00,11.509898432628226
2012-07-22 06:00:00,14.076877070305228
2012-07-22 07:00:00,39.2201557930422
2012-07-22 08:00:00,98.01665053855832
2012-07-22 09:00:00,198.86059608405247
2012-07-22 10:00:00,287.3784791105245
2012-07-22 11:00:00,338.76866721832033
2012-07-22 12:00:00,437.7924074135366
2012-07-22 13:00:00,424.2751595994883
2012-07-22 14:00:00,431.1787821395035
2012-07-22 15:00:00,451.2797403652513
2012-07-22 16:00:00,439.7196289621143
2012-07-22 17:00:00,389.4512982452703
2012-07-22 18:00:00,351.4532422639189
2012-07-22 19:00:00,314.7120007104907
2012-07-22 20:00:00,231.6720407395352
2012-07-22 21:00:00,199.2583977843192
2012-07-22 22:00:00,147.58922710564403
2012-07-22 23:00:00,97.54347977018058
2012-07-23 00:00:00,32.155233795916274
2012-07-23 01:00:00,11.848557344674527
2012-07-23 02:00:00,5.002338257694503
2012-07-23 03:00:00,3.178488838924123
2012-07-23 04:00:00,4.117112706590719
2012-07-23 05:00:00,17.37308863236835
2012-07-23 06:00:00,105.4102685607182
2012-07-23 07:00:00,332.99411950707514
2012-07-23 08:00:00,471.9830814533857
2012-07-23 09:00:00,275.48228277449465
2012-07-23 10:00:00,163.53571076340256
2012-07-23 11:00:00,206.7868151719022
2012-07-23 12:00:00,251.88631312613887
2012-07-23 13:00:00,228.5718732334029
2012-07-23 14:00:00,214.3019040586597
2012-07-23 15:00:00,201.7861469986204
2012-07-23 16:00:00,323.21062248730146
2012-07-23 17:00:00,633.8058063787028
2012-07-23 18:00:00,590.5792545522899
2012-07-23 19:00:00,431.185460039544
2012-07-23 20:00:00,336.3250000665889
2012-07-23 21:00:00,237.38780793202378
2012-07-23 22:00:00,167.0358667890736
2012-07-23 23:00:00,94.26972138452543
2012-07-24 00:00:00,44.78487404502931
2012-07-24 01:00:00,16.205699159241856
2012-07-24 02:00:00,7.5115484753047115
2012-07-24 03:00:00,5.479602621229545
2012-07-24 04:00:00,6.130855746775026
2012-07-24 05:00:00,29.624675103981115
2012-07-24 06:00:00,135.64211395299878
2012-07-24 07:00:00,389.70032409473396
2012-07-24 08:00:00,519.1446466393317
2012-07-24 09:00:00,231.62098216781652
2012-07-24 10:00:00,151.87954554334496
2012-07-24 11:00:00,173.23933429296628
2012-07-24 12:00:00,240.33908101347558
2012-07-24 13:00:00,209.1810188891522
2012-07-24 14:00:00,191.8471003574103
2012-07-24 15:00:00,212.61614902851662
2012-07-24 16:00:00,328.5829208829425
2012-07-24 17:00:00,643.0354069040075
2012-07-24 18:00:00,612.5499698014579
2012-07-24 19:00:00,456.9414992255504
2012-07-24 20:00:00,337.7819278595095
2012-07-24 21:00:00,238.98950500183145
2012-07-24 22:00:00,179.9113840506656
2012-07-24 23:00:00,105.51237208053219
2012-07-25 00:00:00,50.017448505456095
2012-07-25 01:00:00,18.209397788623438
2012-07-25 02:00:00,8.440379687902816
2012-07-25 03:00:00,5.841926445259528
2012-07-25 04:00:00,6.111119685989459
2012-07-25 05:00:00,33.59622037310952
2012-07-25 06:00:00,151.78815361070303
2012-07-25 07:00:00,396.187115932399
2012-07-25 08:00:00,631.1407792373302
2012-07-25 09:00:00,303.6850498401356
2012-07-25 10:00:00,176.67742795956613
2012-07-25 11:00:00,203.39022075790527
2012-07-25 12:00:00,253.60268137858588
2012-07-25 13:00:00,240.46894042245455
2012-07-25 14:00:00,228.64016031535243
2012-07-25 15:00:00,246.86481641913878
2012-07-25 16:00:00,361.8835614038523
2012-07-25 17:00:00,719.714918116242
2012-07-25 18:00:00,659.4695819016823
2012-07-25 19:00:00,493.3106766360592
2012-07-25 20:00:00,403.7916740966768
2012-07-25 21:00:00,252.53364216289575
2012-07-25 22:00:00,206.32304448446095
2012-07-25 23:00:00,113.67119950137264
2012-07-26 00:00:00,50.959973705897205
2012-07-26 01:00:00,18.865849698265375
2012-07-26 02:00:00,10.981973005485903
2012-07-26 03:00:00,5.192951552177387
2012-07-26 04:00:00,6.05284262935663
2012-07-26 05:00:00,31.524428187380444
2012-07-26 06:00:00,137.16078845848094
2012-07-26 07:00:00,350.71001445814113
2012-07-26 08:00:00,446.6663485213443
2012-07-26 09:00:00,267.11599314955305
2012-07-26 10:00:00,157.54300283676943
2012-07-26 11:00:00,186.5476582429486
2012-07-26 12:00:00,219.2694171142433
2012-07-26 13:00:00,208.03147593327785
2012-07-26 14:00:00,175.839614484062
2012-07-26 15:00:00,196.37974551515305
2012-07-26 16:00:00,288.7684991669749
2012-07-26 17:00:00,520.0391431365982
2012-07-26 18:00:00,526.6286322980247
2012-07-26 19:00:00,363.8565885969475
2012-07-26 20:00:00,340.6415428481257
2012-07-26 21:00:00,267.3149602949103
2012-07-26 22:00:00,205.66949002336568
2012-07-26 23:00:00,140.41753628746616
2012-07-27 00:00:00,59.289170999958976
2012-07-27 01:00:00,31.699613103225314
2012-07-27 02:00:00,14.278635016213032
2012-07-27 03:00:00,7.665076321942212
2012-07-27 04:00:00,6.897932531583794
2012-07-27 05:00:00,34.30286449892659
2012-07-27 06:00:00,127.20272950090025
2012-07-27 07:00:00,364.25763440793935
2012-07-27 08:00:00,624.9714905040904
2012-07-27 09:00:00,309.2639361601333
2012-07-27 10:00:00,173.75002847315233
2012-07-27 11:00:00,205.23669942972813
2012-07-27 12:00:00,248.116991757777
2012-07-27 13:00:00,242.78777149400264
2012-07-27 14:00:00,222.5865724676787
2012-07-27 15:00:00,253.86998067477973
2012-07-27 16:00:00,353.3994017182052
2012-07-27 17:00:00,608.5148926070642
2012-07-27 18:00:00,578.7050808094241
2012-07-27 19:00:00,421.18648516476037
2012-07-27 20:00:00,307.3297925956331
2012-07-27 21:00:00,252.3809828929685
2012-07-27 22:00:00,229.0180613819053
2012-07-27 23:00:00,172.4133109512297
2012-07-28 00:00:00,126.92454510300202
2012-07-28 01:00:00,113.82214991132311
2012-07-28 02:00:00,76.06226374609214
2012-07-28 03:00:00,33.482246355608815
2012-07-28 04:00:00,10.661776236279977
2012-07-28 05:00:00,10.715614312696712
2012-07-28 06:00:00,25.52033174517445
2012-07-28 07:00:00,59.15743003011845
2012-07-28 08:00:00,132.72346743835496
2012-07-28 09:00:00,232.8126796553886
2012-07-28 10:00:00,369.7919862571738
2012-07-28 11:00:00,452.07770745094854
2012-07-28 12:00:00,505.0794238483561
2012-07-28 13:00:00,528.4799453010618
2012-07-28 14:00:00,496.6111714009359
2012-07-28 15:00:00,493.9213005368022
2012-07-28 16:00:00,498.9747397035498
2012-07-28 17:00:00,445.7857347173533
2012-07-28 18:00:00,432.883022422295
2012-07-28 19:00:00,317.8493120345881
2012-07-28 20:00:00,232.69704141797914
2012-07-28 21:00:00,222.81990023218756
2012-07-28 22:00:00,183.21703978725074
2012-07-28 23:00:00,169.0896940651022
2012-07-29 00:00:00,111.92882358679142
2012-07-29 01:00:00,104.61286835881943
2012-07-29 02:00:00,81.67671589487186
2012-07-29 03:00:00,36.945041718125935
2012-07-29 04:00:00,10.866787178253691
2012-07-29 05:00:00,10.89195179870551
2012-07-29 06:00:00,17.758225561312056
2012-07-29 07:00:00,47.70862155289834
2012-07-29 08:00:00,110.05164141175261
2012-07-29 09:00:00,209.73575166890024
2012-07-29 10:00:00,347.21023129367956
2012-07-29 11:00:00,398.9088084706299
2012-07-29 12:00:00,457.682265218112
2012-07-29 13:00:00,477.5226461624519
2012-07-29 14:00:00,444.60019518622687
2012-07-29 15:00:00,503.28724743067625
2012-07-29 16:00:00,489.7527860368717
2012-07-29 17:00:00,450.9196576192607
2012-07-29 18:00:00,378.59309291170166
2012-07-29 19:00:00,321.6481014963162
2012-07-29 20:00:00,249.7344106049015
2012-07-29 21:00:00,214.4759700118707
2012-07-29 22:00:00,159.76507026873873
2012-07-29 23:00:00,101.4353044930474
2012-07-30 00:00:00,44.00563156854298
2012-07-30 01:00:00,15.709202947633132
2012-07-30 02:00:00,8.27755391365573
2012-07-30 03:00:00,5.616154745233206
2012-07-30 04:00:00,6.372696859663297
2012-07-30 05:00:00,29.529812777136144
2012-07-30 06:00:00,139.6933206414651
2012-07-30 07:00:00,336.98117072944166
2012-07-30 08:00:00,490.8494134735711
2012-07-30 09:00:00,273.1962528429193
2012-07-30 10:00:00,148.16330830034974
2012-07-30 11:00:00,188.69968402398354
2012-07-30 12:00:00,242.63557365366134
2012-07-30 13:00:00,220.8549723449819
2012-07-30 14:00:00,196.13334299826732
2012-07-30 15:00:00,205.05372452156703
2012-07-30 16:00:00,317.6639148748893
2012-07-30 17:00:00,620.6264649940747
2012-07-30 18:00:00,603.0161952891285
2012-07-30 19:00:00,448.0250076513411
2012-07-30 20:00:00,311.40364506014475
2012-07-30 21:00:00,224.25425528471075
2012-07-30 22:00:00,149.20923294897204
2012-07-30 23:00:00,86.13456106835466
2012-07-31 00:00:00,45.71155563629428
2012-07-31 01:00:00,15.45738440931282
2012-07-31 02:00:00,7.141516353526241
2012-07-31 03:00:00,5.278802037472886
2012-07-31 04:00:00,6.178161911921509
2012-07-31 05:00:00,30.895568299820436
2012-07-31 06:00:00,134.02021073048067
2012-07-31 07:00:00,331.96090710956344
2012-07-31 08:00:00,502.39471507493204
2012-07-31 09:00:00,273.6990230323592
2012-07-31 10:00:00,153.5223631150046
2012-07-31 11:00:00,182.81037976236638
2012-07-31 12:00:00,229.30099086108456
2012-07-31 13:00:00,215.44650487362648
2012-07-31 14:00:00,198.03596394265196
2012-07-31 15:00:00,229.07061276272668
2012-07-31 16:00:00,333.29898157451544
2012-07-31 17:00:00,640.1172678226794
2012-07-31 18:00:00,605.8758618765107
2012-07-31 19:00:00,344.403917882235
2012-07-31 20:00:00,291.1408755976349
2012-07-31 21:00:00,221.47599823066386
2012-07-31 22:00:00,160.18087062422444
2012-07-31 23:00:00,106.15678398104663
2012-08-20 00:00:00,42.34780154645169
2012-08-20 01:00:00,16.047207673078205
2012-08-20 02:00:00,8.672889646127453
2012-08-20 03:00:00,4.315732146321098
2012-08-20 04:00:00,7.122913444083626
2012-08-20 05:00:00,28.488660095759915
2012-08-20 06:00:00,126.34641334912422
2012-08-20 07:00:00,333.86116523208136
2012-08-20 08:00:00,505.7427178186745
2012-08-20 09:00:00,270.1203131786565
2012-08-20 10:00:00,154.69149906793504
2012-08-20 11:00:00,176.83182338416722
2012-08-20 12:00:00,240.67419507320105
2012-08-20 13:00:00,216.01031604489108
2012-08-20 14:00:00,212.28716343321335
2012-08-20 15:00:00,208.47247390493763
2012-08-20 16:00:00,314.4187758731168
2012-08-20 17:00:00,633.3326516816853
2012-08-20 18:00:00,508.83540277298295
2012-08-20 19:00:00,392.66940421377456
2012-08-20 20:00:00,236.9367555124412
2012-08-20 21:00:00,205.7403847296444
2012-08-20 22:00:00,144.4535510207645
2012-08-20 23:00:00,80.80893848462489
2012-08-21 00:00:00,41.51621383840888
2012-08-21 01:00:00,15.132250073878328
2012-08-21 02:00:00,6.035433261814358
2012-08-21 03:00:00,5.165246993354628
2012-08-21 04:00:00,6.091939917564421
2012-08-21 05:00:00,29.41561554123316
2012-08-21 06:00:00,141.8617885154001
2012-08-21 07:00:00,361.29894437585864
2012-08-21 08:00:00,488.6969311274125
2012-08-21 09:00:00,270.3953334270427
2012-08-21 10:00:00,172.32969755122474
2012-08-21 11:00:00,181.2446224318873
2012-08-21 12:00:00,223.17891700490622
2012-08-21 13:00:00,239.39916293003935
2012-08-21 14:00:00,217.2234175465354
2012-08-21 15:00:00,232.92682158413191
2012-08-21 16:00:00,357.7951580502395
2012-08-21 17:00:00,645.6931985507763
2012-08-21 18:00:00,618.1030943000997
2012-08-21 19:00:00,296.4849698932895
2012-08-21 20:00:00,345.81629658394013
2012-08-21 21:00:00,231.8810315945322
2012-08-21 22:00:00,166.81102753637148
2012-08-21 23:00:00,98.45230939589824
2012-08-22 00:00:00,47.01062422875532
2012-08-22 01:00:00,18.495240055797694
2012-08-22 02:00:00,7.588355620850309
2012-08-22 03:00:00,6.769192380295743
2012-08-22 04:00:00,6.057449479370757
2012-08-22 05:00:00,32.93746077255217
2012-08-22 06:00:00,158.5530627461815
2012-08-22 07:00:00,390.3841161400101
2012-08-22 08:00:00,568.3156026725578
2012-08-22 09:00:00,290.65512503850994
2012-08-22 10:00:00,169.58963737351496
2012-08-22 11:00:00,198.00926038665685
2012-08-22 12:00:00,233.5245121131773
2012-08-22 13:00:00,225.67523332661295
2012-08-22 14:00:00,211.0377757712774
2012-08-22 15:00:00,224.63088085403464
2012-08-22 16:00:00,217.53186602678488
2012-08-22 17:00:00,451.18369613858397
2012-08-22 18:00:00,432.5108415474085
2012-08-22 19:00:00,442.2073909026909
2012-08-22 20:00:00,352.4053903421822
2012-08-22 21:00:00,248.9267113682493
2012-08-22 22:00:00,192.7346521503144
2012-08-22 23:00:00,115.48965950988246
2012-08-23 00:00:00,47.71954230294584
2012-08-23 01:00:00,19.543038623385645
2012-08-23 02:00:00,10.745980945562755
2012-08-23 03:00:00,6.061562738584655
2012-08-23 04:00:00,6.072856763620821
2012-08-23 05:00:00,32.18174395892066
2012-08-23 06:00:00,125.80027647336875
2012-08-23 07:00:00,333.2924463917257
2012-08-23 08:00:00,484.6252833026247
2012-08-23 09:00:00,269.6356470949751
2012-08-23 10:00:00,173.52124757092344
2012-08-23 11:00:00,198.01696674832831
2012-08-23 12:00:00,260.2205806975978
2012-08-23 13:00:00,255.71272000506943
2012-08-23 14:00:00,216.05157976615584
2012-08-23 15:00:00,226.10736173963306
2012-08-23 16:00:00,348.60414826149764
2012-08-23 17:00:00,658.7246890290537
2012-08-23 18:00:00,619.0179610943619
2012-08-23 19:00:00,462.2695511004572
2012-08-23 20:00:00,383.4714844258589
2012-08-23 21:00:00,277.3136730196009
2012-08-23 22:00:00,192.68029139761555
2012-08-23 23:00:00,125.91851210663565
2012-08-24 00:00:00,52.62705605052706
2012-08-24 01:00:00,27.927118658839294
2012-08-24 02:00:00,15.346087803567924
2012-08-24 03:00:00,7.703304797464686
2012-08-24 04:00:00,7.55152291019997
2012-08-24 05:00:00,34.44753053149676
2012-08-24 06:00:00,107.45243493369686
2012-08-24 07:00:00,305.9623966658279
2012-08-24 08:00:00,513.7420308476391
2012-08-24 09:00:00,283.2816579242215
2012-08-24 10:00:00,174.07510479481567
2012-08-24 11:00:00,207.5472528789166
2012-08-24 12:00:00,261.67324743615455
2012-08-24 13:00:00,280.6734462532486
2012-08-24 14:00:00,274.78289164329135
2012-08-24 15:00:00,243.340675727568
2012-08-24 16:00:00,361.9874981643519
2012-08-24 17:00:00,584.9463450926874
2012-08-24 18:00:00,521.313025533098
2012-08-24 19:00:00,415.3395555263159
2012-08-24 20:00:00,249.78475415367245
2012-08-24 21:00:00,236.52661590914735
2012-08-24 22:00:00,208.95724355436505
2012-08-24 23:00:00,153.6047736774494
2012-08-25 00:00:00,117.63032325724971
2012-08-25 01:00:00,105.38947672610341
2012-08-25 02:00:00,67.1400012740381
2012-08-25 03:00:00,33.77342387415075
2012-08-25 04:00:00,12.213886639805247
2012-08-25 05:00:00,9.699798735208596
2012-08-25 06:00:00,22.073280898404487
2012-08-25 07:00:00,47.06277574174868
2012-08-25 08:00:00,105.06903866948603
2012-08-25 09:00:00,196.4531032702568
2012-08-25 10:00:00,303.7289489886445
2012-08-25 11:00:00,405.10874533538794
2012-08-25 12:00:00,362.2942420145758
2012-08-25 13:00:00,487.41853308096444
2012-08-25 14:00:00,330.94025016954095
2012-08-25 15:00:00,396.4907316143667
2012-08-25 16:00:00,373.2529434313298
2012-08-25 17:00:00,329.4105151445052
2012-08-25 18:00:00,279.1056834508647
2012-08-25 19:00:00,257.90308108796296
2012-08-25 20:00:00,108.38348170905947
2012-08-25 21:00:00,190.2344565357068
2012-08-25 22:00:00,160.64590265493618
2012-08-25 23:00:00,130.11328658101954
2012-08-26 00:00:00,85.91857026942219
2012-08-26 01:00:00,96.81890060255408
2012-08-26 02:00:00,60.88175307407969
2012-08-26 03:00:00,33.16769949508153
2012-08-26 04:00:00,9.970594869779584
2012-08-26 05:00:00,10.976152482121252
2012-08-26 06:00:00,14.198818757776005
2012-08-26 07:00:00,43.0933856266136
2012-08-26 08:00:00,96.15716675754312
2012-08-26 09:00:00,191.96561410287487
2012-08-26 10:00:00,279.50645247002336
2012-08-26 11:00:00,338.7363936226644
2012-08-26 12:00:00,276.0657523841677
2012-08-26 13:00:00,254.3170020882162
2012-08-26 14:00:00,473.03250523184823
2012-08-26 15:00:00,174.8172168490154
2012-08-26 16:00:00,166.33991728041323
2012-08-26 17:00:00,324.7805209758719
2012-08-26 18:00:00,319.06883801852956
2012-08-26 19:00:00,284.8128488575376
2012-08-26 20:00:00,236.07497384988966
2012-08-26 21:00:00,190.04828103251188
2012-08-26 22:00:00,148.27073164990048
2012-08-26 23:00:00,95.06023674276874
2012-08-27 00:00:00,43.94181017534018
2012-08-27 01:00:00,12.067689774321229
2012-08-27 02:00:00,6.575962093761072
2012-08-27 03:00:00,4.262676000600555
2012-08-27 04:00:00,6.349818446479512
2012-08-27 05:00:00,23.176687234713512
2012-08-27 06:00:00,101.39957117039575
2012-08-27 07:00:00,334.83149612045185
2012-08-27 08:00:00,515.3444773403432
2012-08-27 09:00:00,265.97117879934933
2012-08-27 10:00:00,139.42360335221446
2012-08-27 11:00:00,171.56443056999768
2012-08-27 12:00:00,224.0163481811209
2012-08-27 13:00:00,216.3183209173731
2012-08-27 14:00:00,193.38327596722544
2012-08-27 15:00:00,200.8741610995359
2012-08-27 16:00:00,315.24779128414747
2012-08-27 17:00:00,620.6229382107846
2012-08-27 18:00:00,612.0602424347376
2012-08-27 19:00:00,400.2955265372734
2012-08-27 20:00:00,311.6216106023216
2012-08-27 21:00:00,211.44350195726724
2012-08-27 22:00:00,143.93531468842033
2012-08-27 23:00:00,87.88142438853839
2012-08-28 00:00:00,40.01681476567456
2012-08-28 01:00:00,14.628199556722507
2012-08-28 02:00:00,6.5523217182300355
2012-08-28 03:00:00,4.9153631617435805
2012-08-28 04:00:00,6.30861161801729
2012-08-28 05:00:00,29.73430857896715
2012-08-28 06:00:00,130.6440508416745
2012-08-28 07:00:00,359.4695759835054
2012-08-28 08:00:00,514.1426100604181
2012-08-28 09:00:00,291.6321041594878
2012-08-28 10:00:00,159.66897534090384
2012-08-28 11:00:00,186.962638110065
2012-08-28 12:00:00,225.81637896224925
2012-08-28 13:00:00,240.65525055778357
2012-08-28 14:00:00,203.79396367026968
2012-08-28 15:00:00,230.34950272036278
2012-08-28 16:00:00,355.98439237751154
2012-08-28 17:00:00,687.2902714270383
2012-08-28 18:00:00,672.8414376973134
2012-08-28 19:00:00,484.792424139778
2012-08-28 20:00:00,348.78875569107527
2012-08-28 21:00:00,252.70206898821124
2012-08-28 22:00:00,188.34002742546352
2012-08-28 23:00:00,104.74918395129248
2012-08-29 00:00:00,50.922220800264114
2012-08-29 01:00:00,18.45367810393487
2012-08-29 02:00:00,8.193855506627116
2012-08-29 03:00:00,6.1589410144008045
2012-08-29 04:00:00,6.05015118647097
2012-08-29 05:00:00,31.29769969081776
2012-08-29 06:00:00,153.7180283106279
2012-08-29 07:00:00,403.56148537143423
2012-08-29 08:00:00,622.0344814834463
2012-08-29 09:00:00,287.86043645005685
2012-08-29 10:00:00,180.44511414716885
2012-08-29 11:00:00,188.40966609004838
2012-08-29 12:00:00,264.17595820390835
2012-08-29 13:00:00,241.5862912427393
2012-08-29 14:00:00,227.7076703423371
2012-08-29 15:00:00,254.21011888769834
2012-08-29 16:00:00,357.03557387247645
2012-08-29 17:00:00,708.6659707590306
2012-08-29 18:00:00,710.8772908155081
2012-08-29 19:00:00,467.18460221079226
2012-08-29 20:00:00,358.50109079656863
2012-08-29 21:00:00,251.91830417074317
2012-08-29 22:00:00,200.10408833641165
2012-08-29 23:00:00,116.37427414218442
2012-08-30 00:00:00,51.849293273920964
2012-08-30 01:00:00,19.460193422976904
2012-08-30 02:00:00,11.460923723534876
2012-08-30 03:00:00,5.3035630427056
2012-08-30 04:00:00,6.602237277823033
2012-08-30 05:00:00,33.01292678060247
2012-08-30 06:00:00,157.79723134901099
2012-08-30 07:00:00,403.5112365730931
2012-08-30 08:00:00,560.7021926688706
2012-08-30 09:00:00,273.10907965054355
2012-08-30 10:00:00,166.83581172702404
2012-08-30 11:00:00,210.58531477326136
2012-08-30 12:00:00,244.16412832690474
2012-08-30 13:00:00,233.98911293564956
2012-08-30 14:00:00,214.54573775779096
2012-08-30 15:00:00,237.6064828243746
2012-08-30 16:00:00,363.79806936161083
2012-08-30 17:00:00,718.6539114102134
2012-08-30 18:00:00,637.6973128956361
2012-08-30 19:00:00,475.7349017191412
2012-08-30 20:00:00,383.9619784321133
2012-08-30 21:00:00,269.42881794155477
2012-08-30 22:00:00,197.01351952437716
2012-08-30 23:00:00,133.84696883451855
2012-08-31 00:00:00,58.006344722219566
2012-08-31 01:00:00,32.43586553759604
2012-08-31 02:00:00,13.839413818952655
2012-08-31 03:00:00,7.260630565240589
2012-08-31 04:00:00,6.537121642785549
2012-08-31 05:00:00,33.714837532571586
2012-08-31 06:00:00,108.44523899318554
2012-08-31 07:00:00,280.8482226912398
2012-08-31 08:00:00,525.3504398783389
2012-08-31 09:00:00,318.3264184626591
2012-08-31 10:00:00,200.70027584986576
2012-08-31 11:00:00,221.45071385150942
2012-08-31 12:00:00,277.4036262214967
2012-08-31 13:00:00,257.0548222577545
2012-08-31 14:00:00,245.27255099890144
2012-08-31 15:00:00,258.02784434326213
2012-08-31 16:00:00,384.88861929832376
2012-08-31 17:00:00,617.5104958005153
2012-08-31 18:00:00,527.4476544533998
2012-08-31 19:00:00,426.7535475478318
2012-08-31 20:00:00,287.43630789098995
2012-08-31 21:00:00,249.77197485131524
2012-08-31 22:00:00,223.68244527517777
2012-08-31 23:00:00,178.8436480746056
2012-09-20 00:00:00,55.790635355420946
2012-09-20 01:00:00,21.92540694553174
2012-09-20 02:00:00,12.606195950747761
2012-09-20 03:00:00,6.933444400303514
2012-09-20 04:00:00,5.335757529495734
2012-09-20 05:00:00,31.926397245421352
2012-09-20 06:00:00,159.61956550334912
2012-09-20 07:00:00,500.7883028794953
2012-09-20 08:00:00,802.4063383241604
2012-09-20 09:00:00,322.0067895358813
2012-09-20 10:00:00,187.21065190788062
2012-09-20 11:00:00,209.7589176197207
2012-09-20 12:00:00,263.35940069535303
2012-09-20 13:00:00,248.49684434164095
2012-09-20 14:00:00,223.348085183673
2012-09-20 15:00:00,235.32055366650127
2012-09-20 16:00:00,364.4861347992637
2012-09-20 17:00:00,668.5898083021285
2012-09-20 18:00:00,616.7854736083303
2012-09-20 19:00:00,482.951661777997
2012-09-20 20:00:00,367.5033655681259
2012-09-20 21:00:00,270.9554233733594
2012-09-20 22:00:00,223.91864561947787
2012-09-20 23:00:00,150.85496362550637
2012-09-21 00:00:00,64.8604366495371
2012-09-21 01:00:00,32.89758341102692
2012-09-21 02:00:00,16.607845636953478
2012-09-21 03:00:00,8.254055673097936
2012-09-21 04:00:00,7.233915538337854
2012-09-21 05:00:00,36.94993754423728
2012-09-21 06:00:00,135.89327072272283
2012-09-21 07:00:00,412.75420243714757
2012-09-21 08:00:00,877.3119556404621
2012-09-21 09:00:00,376.1909040734405
2012-09-21 10:00:00,198.8513947424136
2012-09-21 11:00:00,228.84352681258187
2012-09-21 12:00:00,305.63153246749295
2012-09-21 13:00:00,295.2670020966536
2012-09-21 14:00:00,250.8650734375018
2012-09-21 15:00:00,272.5474929664659
2012-09-21 16:00:00,389.1741407487719
2012-09-21 17:00:00,613.5708094821039
2012-09-21 18:00:00,547.8366661701862
2012-09-21 19:00:00,379.9229750292766
2012-09-21 20:00:00,273.8896880258225
2012-09-21 21:00:00,209.5941912082531
2012-09-21 22:00:00,202.35331268705448
2012-09-21 23:00:00,149.92515436890034
2012-09-22 00:00:00,106.73477973023819
2012-09-22 01:00:00,101.25672147562744
2012-09-22 02:00:00,66.13258201835174
2012-09-22 03:00:00,34.129536533043115
2012-09-22 04:00:00,10.250316902007096
2012-09-22 05:00:00,9.180859405707716
2012-09-22 06:00:00,21.495893054733994
2012-09-22 07:00:00,52.12875084626025
2012-09-22 08:00:00,115.06419596965677
2012-09-22 09:00:00,232.88299098097477
2012-09-22 10:00:00,336.15744703889186
2012-09-22 11:00:00,451.40945373499744
2012-09-22 12:00:00,497.5462866395347
2012-09-22 13:00:00,521.6371993561711
2012-09-22 14:00:00,513.7256050967633
2012-09-22 15:00:00,512.5858893605567
2012-09-22 16:00:00,481.67623197319676
2012-09-22 17:00:00,433.83524458364764
2012-09-22 18:00:00,391.7316318261302
2012-09-22 19:00:00,349.2549198161863
2012-09-22 20:00:00,286.83218490289244
2012-09-22 21:00:00,237.2061853472764
2012-09-22 22:00:00,198.48409166318936
2012-09-22 23:00:00,172.8677484619329
2012-09-23 00:00:00,119.90527674504656
2012-09-23 01:00:00,103.04715958258886
2012-09-23 02:00:00,76.91172415824768
2012-09-23 03:00:00,32.03909682070064
2012-09-23 04:00:00,10.682480070169348
2012-09-23 05:00:00,10.795091599181143
2012-09-23 06:00:00,15.76439246390603
2012-09-23 07:00:00,50.89085780962121
2012-09-23 08:00:00,115.16772229585318
2012-09-23 09:00:00,171.85098352178434
2012-09-23 10:00:00,358.88538657941996
2012-09-23 11:00:00,421.71194682638503
2012-09-23 12:00:00,536.9729152340711
2012-09-23 13:00:00,546.196146181719
2012-09-23 14:00:00,498.2749652272587
2012-09-23 15:00:00,517.9839620247762
2012-09-23 16:00:00,496.8886929446041
2012-09-23 17:00:00,432.5709690508995
2012-09-23 18:00:00,397.9367423321862
2012-09-23 19:00:00,271.68150432297455
2012-09-23 20:00:00,221.45291894027972
2012-09-23 21:00:00,154.84641523538255
2012-09-23 22:00:00,135.2241075072102
2012-09-23 23:00:00,76.68617135340189
2012-09-24 00:00:00,47.49254929818052
2012-09-24 01:00:00,17.160168577374307
2012-09-24 02:00:00,8.317602871290243
2012-09-24 03:00:00,5.220545298087223
2012-09-24 04:00:00,7.19869333538315
2012-09-24 05:00:00,35.72073262411051
2012-09-24 06:00:00,163.25865790061636
2012-09-24 07:00:00,470.21302291270774
2012-09-24 08:00:00,641.4408897542945
2012-09-24 09:00:00,280.58825662777866
2012-09-24 10:00:00,159.41944779128008
2012-09-24 11:00:00,192.09709892657577
2012-09-24 12:00:00,240.14901961098616
2012-09-24 13:00:00,229.4796554572824
2012-09-24 14:00:00,206.27486561249637
2012-09-24 15:00:00,226.12741435287205
2012-09-24 16:00:00,336.9511663979404
2012-09-24 17:00:00,645.3529943266748
2012-09-24 18:00:00,652.5381058622684
2012-09-24 19:00:00,419.05677907970727
2012-09-24 20:00:00,304.86848040350543
2012-09-24 21:00:00,214.04557143474622
2012-09-24 22:00:00,139.03957193499883
2012-09-24 23:00:00,86.55659178046463
2012-09-25 00:00:00,48.21362343081459
2012-09-25 01:00:00,14.316600384321708
2012-09-25 02:00:00,6.063575247265374
2012-09-25 03:00:00,4.475580225183836
2012-09-25 04:00:00,6.568242084458944
2012-09-25 05:00:00,30.223388153329292
2012-09-25 06:00:00,129.3267596450697
2012-09-25 07:00:00,355.9543479277874
2012-09-25 08:00:00,601.2061519514398
2012-09-25 09:00:00,269.18971331897285
2012-09-25 10:00:00,163.0445429966531
2012-09-25 11:00:00,181.98570395087827
2012-09-25 12:00:00,248.3581673430678
2012-09-25 13:00:00,219.8805486987389
2012-09-25 14:00:00,226.39678149159533
2012-09-25 15:00:00,235.75627166860727
2012-09-25 16:00:00,366.99167077116806
2012-09-25 17:00:00,701.6178090236831
2012-09-25 18:00:00,675.450968798761
2012-09-25 19:00:00,443.0153037501441
2012-09-25 20:00:00,340.50962312536535
2012-09-25 21:00:00,238.89230654605342
2012-09-25 22:00:00,189.77890548336984
2012-09-25 23:00:00,103.2048135871847
2012-09-26 00:00:00,49.20733173178589
2012-09-26 01:00:00,17.668856317334267
2012-09-26 02:00:00,7.4454826606189695
2012-09-26 03:00:00,5.983791875388115
2012-09-26 04:00:00,7.6135918789925725
2012-09-26 05:00:00,36.51381797319361
2012-09-26 06:00:00,163.88689871223445
2012-09-26 07:00:00,459.10689542851094
2012-09-26 08:00:00,665.8076769688759
2012-09-26 09:00:00,308.87116922733804
2012-09-26 10:00:00,163.99260267841106
2012-09-26 11:00:00,199.76642326236168
2012-09-26 12:00:00,254.45320077591876
2012-09-26 13:00:00,256.325083434005
2012-09-26 14:00:00,205.41998188847393
2012-09-26 15:00:00,211.43234114715926
2012-09-26 16:00:00,319.82221553237343
2012-09-26 17:00:00,642.2198299465938
2012-09-26 18:00:00,593.2725613722403
2012-09-26 19:00:00,554.0238187694265
2012-09-26 20:00:00,363.26316563062676
2012-09-26 21:00:00,244.173093526859
2012-09-26 22:00:00,127.57421527902363
2012-09-26 23:00:00,101.63294945551445
2012-09-27 00:00:00,50.57931387714688
2012-09-27 01:00:00,20.53735498957151
2012-09-27 02:00:00,10.036810644840022
2012-09-27 03:00:00,5.851980333065333
2012-09-27 04:00:00,7.937063938116509
2012-09-27 05:00:00,37.006739155967914
2012-09-27 06:00:00,156.24509122661934
2012-09-27 07:00:00,417.2847596388571
2012-09-27 08:00:00,585.4140132467544
2012-09-27 09:00:00,304.74013011980173
2012-09-27 10:00:00,181.3645291031757
2012-09-27 11:00:00,233.05029501389723
2012-09-27 12:00:00,227.33206612367
2012-09-27 13:00:00,211.6438185513102
2012-09-27 14:00:00,201.07257250632424
2012-09-27 15:00:00,208.25908207012063
2012-09-27 16:00:00,368.9617026881686
2012-09-27 17:00:00,589.5219654529756
2012-09-27 18:00:00,592.6587257356449
2012-09-27 19:00:00,473.3361164744841
2012-09-27 20:00:00,359.6096249879353
2012-09-27 21:00:00,126.5711155321195
2012-09-27 22:00:00,98.35702672452413
2012-09-27 23:00:00,84.94037353633476
2012-09-28 00:00:00,34.42141018440675
2012-09-28 01:00:00,21.134605887768103
2012-09-28 02:00:00,10.538431079624807
2012-09-28 03:00:00,7.050300475282458
2012-09-28 04:00:00,8.351459989975458
2012-09-28 05:00:00,39.73818736530101
2012-09-28 06:00:00,109.36830188145883
2012-09-28 07:00:00,320.748185254855
2012-09-28 08:00:00,612.2423142355539
2012-09-28 09:00:00,312.9769079136067
2012-09-28 10:00:00,175.52859276235898
2012-09-28 11:00:00,223.7827217977499
2012-09-28 12:00:00,316.90357483667105
2012-09-28 13:00:00,298.27255210174786
2012-09-28 14:00:00,274.81308034960205
2012-09-28 15:00:00,261.76985280805155
2012-09-28 16:00:00,401.77179895915657
2012-09-28 17:00:00,616.8119100885126
2012-09-28 18:00:00,544.6532854315426
2012-09-28 19:00:00,309.66115261323387
2012-09-28 20:00:00,233.0225642943643
2012-09-28 21:00:00,180.53022668018716
2012-09-28 22:00:00,206.86886706822455
2012-09-28 23:00:00,153.5812273000027
2012-09-29 00:00:00,125.26074065070125
2012-09-29 01:00:00,116.76261094178264
2012-09-29 02:00:00,71.43961319907116
2012-09-29 03:00:00,26.205906438008178
2012-09-29 04:00:00,14.828111998990936
2012-09-29 05:00:00,9.538717926962393
2012-09-29 06:00:00,22.816727320113216
2012-09-29 07:00:00,57.107921461115524
2012-09-29 08:00:00,129.4768048191199
2012-09-29 09:00:00,204.6980903022901
2012-09-29 10:00:00,403.30250178340583
2012-09-29 11:00:00,474.5885157113087
2012-09-29 12:00:00,572.6027570871579
2012-09-29 13:00:00,595.9300333785233
2012-09-29 14:00:00,588.976739462285
2012-09-29 15:00:00,596.0553582887082
2012-09-29 16:00:00,576.8804886166296
2012-09-29 17:00:00,496.780814574659
2012-09-29 18:00:00,407.419450224334
2012-09-29 19:00:00,293.98567788649603
2012-09-29 20:00:00,233.07202972970492
2012-09-29 21:00:00,199.05358432830462
2012-09-29 22:00:00,151.35476119337778
2012-09-29 23:00:00,146.42372063160124
2012-09-30 00:00:00,96.86808512359399
2012-09-30 01:00:00,95.94798178305396
2012-09-30 02:00:00,71.64039788603314
2012-09-30 03:00:00,34.22291659517818
2012-09-30 04:00:00,10.585770008035018
2012-09-30 05:00:00,10.578503395843915
2012-09-30 06:00:00,16.14991882466942
2012-09-30 07:00:00,43.92584518685973
2012-09-30 08:00:00,120.00666239552837
2012-09-30 09:00:00,207.42918142897494
2012-09-30 10:00:00,373.73657173068295
2012-09-30 11:00:00,463.72766148445635
2012-09-30 12:00:00,530.5535959453075
2012-09-30 13:00:00,545.7850558965074
2012-09-30 14:00:00,514.6507513325885
2012-09-30 15:00:00,519.3709437019421
2012-09-30 16:00:00,534.7133389936176
2012-09-30 17:00:00,467.2665961718515
2012-09-30 18:00:00,300.2957697069113
2012-09-30 19:00:00,164.30617649066605
2012-09-30 20:00:00,141.57369952778495
2012-09-30 21:00:00,157.73347628050004
2012-09-30 22:00:00,123.07023285344876
2012-09-30 23:00:00,78.65572518984696
2012-10-20 00:00:00,98.95987181964557
2012-10-20 01:00:00,98.27699667731348
2012-10-20 02:00:00,56.708941395344425
2012-10-20 03:00:00,29.15949249759361
2012-10-20 04:00:00,10.01078090609919
2012-10-20 05:00:00,8.719534877100324
2012-10-20 06:00:00,23.193542245712717
2012-10-20 07:00:00,52.86953306932287
2012-10-20 08:00:00,142.15620722263085
2012-10-20 09:00:00,212.93007571025038
2012-10-20 10:00:00,368.8487153264522
2012-10-20 11:00:00,480.6113591686283
2012-10-20 12:00:00,568.6912919010031
2012-10-20 13:00:00,612.5316777236751
2012-10-20 14:00:00,554.3327763078079
2012-10-20 15:00:00,567.5083392271201
2012-10-20 16:00:00,556.5867626584659
2012-10-20 17:00:00,504.2270414243084
2012-10-20 18:00:00,382.7265062551918
2012-10-20 19:00:00,258.07710345044734
2012-10-20 20:00:00,236.64979508322517
2012-10-20 21:00:00,170.55204798954793
2012-10-20 22:00:00,133.1737702834806
2012-10-20 23:00:00,116.16902870485025
2012-10-21 00:00:00,87.56518096203718
2012-10-21 01:00:00,80.17664033743426
2012-10-21 02:00:00,66.9877092801643
2012-10-21 03:00:00,31.691877365697188
2012-10-21 04:00:00,10.278705479256699
2012-10-21 05:00:00,10.742279333992363
2012-10-21 06:00:00,16.561363211892687
2012-10-21 07:00:00,48.40181925861386
2012-10-21 08:00:00,103.41420967370995
2012-10-21 09:00:00,217.54837417548526
2012-10-21 10:00:00,295.8457271398915
2012-10-21 11:00:00,403.50513377745665
2012-10-21 12:00:00,516.3073859747506
2012-10-21 13:00:00,540.786165789293
2012-10-21 14:00:00,480.0382763347609
2012-10-21 15:00:00,495.1734596630742
2012-10-21 16:00:00,487.09890065319485
2012-10-21 17:00:00,420.90122284867346
2012-10-21 18:00:00,335.7507775662979
2012-10-21 19:00:00,252.30130941250812
2012-10-21 20:00:00,201.47465716144194
2012-10-21 21:00:00,141.68397584713932
2012-10-21 22:00:00,110.12499263924984
2012-10-21 23:00:00,69.71999303512644
2012-10-22 00:00:00,40.050401286772846
2012-10-22 01:00:00,12.475208795747788
2012-10-22 02:00:00,7.207495206553058
2012-10-22 03:00:00,4.152005806788642
2012-10-22 04:00:00,6.24552339399783
2012-10-22 05:00:00,28.010265208154486
2012-10-22 06:00:00,128.54749486083278
2012-10-22 07:00:00,375.3802219617882
2012-10-22 08:00:00,696.4230385562695
2012-10-22 09:00:00,349.3888563820406
2012-10-22 10:00:00,164.56033196747615
2012-10-22 11:00:00,191.78089656394295
2012-10-22 12:00:00,231.9126866504332
2012-10-22 13:00:00,237.3397417127496
2012-10-22 14:00:00,213.69203853695691
2012-10-22 15:00:00,229.96787492922286
2012-10-22 16:00:00,348.67935711936167
2012-10-22 17:00:00,662.2010190831203
2012-10-22 18:00:00,599.1149968447578
2012-10-22 19:00:00,389.41405987738057
2012-10-22 20:00:00,310.62391191912087
2012-10-22 21:00:00,211.90589723635597
2012-10-22 22:00:00,142.73769293629846
2012-10-22 23:00:00,82.41212522430634
2012-10-23 00:00:00,44.606342334183864
2012-10-23 01:00:00,16.26172382418562
2012-10-23 02:00:00,5.979455770587292
2012-10-23 03:00:00,5.127291136343209
2012-10-23 04:00:00,6.298335946763837
2012-10-23 05:00:00,29.92310016584707
2012-10-23 06:00:00,134.11512036416764
2012-10-23 07:00:00,340.0697843103142
2012-10-23 08:00:00,595.8411252707874
2012-10-23 09:00:00,243.3430282771617
2012-10-23 10:00:00,166.13726836988414
2012-10-23 11:00:00,177.363184040085
2012-10-23 12:00:00,231.45927718363123
2012-10-23 13:00:00,235.7755748990312
2012-10-23 14:00:00,234.43274266689713
2012-10-23 15:00:00,237.37546987284333
2012-10-23 16:00:00,372.9788379204471
2012-10-23 17:00:00,706.5009023945586
2012-10-23 18:00:00,604.5020812563112
2012-10-23 19:00:00,417.84913996614915
2012-10-23 20:00:00,307.59625228681773
2012-10-23 21:00:00,227.2466036136468
2012-10-23 22:00:00,185.26824594818171
2012-10-23 23:00:00,106.21599400271346
2012-10-24 00:00:00,54.324228898299964
2012-10-24 01:00:00,18.84857170116866
2012-10-24 02:00:00,7.700125286936811
2012-10-24 03:00:00,6.573691090365513
2012-10-24 04:00:00,7.1466343252742055
2012-10-24 05:00:00,33.20407344394787
2012-10-24 06:00:00,154.37581522150114
2012-10-24 07:00:00,312.8688820648681
2012-10-24 08:00:00,710.8643338266492
2012-10-24 09:00:00,310.64802267434004
2012-10-24 10:00:00,180.78843792256612
2012-10-24 11:00:00,188.2235365458838
2012-10-24 12:00:00,259.2034692480302
2012-10-24 13:00:00,232.5167302153702
2012-10-24 14:00:00,217.22977826879625
2012-10-24 15:00:00,261.13991689847364
2012-10-24 16:00:00,346.6303005175196
2012-10-24 17:00:00,681.9507494711314
2012-10-24 18:00:00,677.8837991999459
2012-10-24 19:00:00,487.2418197126067
2012-10-24 20:00:00,418.74162938716427
2012-10-24 21:00:00,256.18474667671455
2012-10-24 22:00:00,216.54156737967347
2012-10-24 23:00:00,117.68978502735987
2012-10-25 00:00:00,50.68382234337321
2012-10-25 01:00:00,20.773425004875907
2012-10-25 02:00:00,10.351707412448226
2012-10-25 03:00:00,5.255855531727215
2012-10-25 04:00:00,8.443504116909283
2012-10-25 05:00:00,33.12071425292569
2012-10-25 06:00:00,134.94945726913872
2012-10-25 07:00:00,384.1002425196481
2012-10-25 08:00:00,673.2090538721448
2012-10-25 09:00:00,268.45181514975036
2012-10-25 10:00:00,157.16912948403987
2012-10-25 11:00:00,182.20862377254446
2012-10-25 12:00:00,218.56398492446675
2012-10-25 13:00:00,193.89695799806864
2012-10-25 14:00:00,221.12717055168417
2012-10-25 15:00:00,238.93046842256118
2012-10-25 16:00:00,370.69295865709313
2012-10-25 17:00:00,696.9994398474968
2012-10-25 18:00:00,568.5401249727352
2012-10-25 19:00:00,426.3094884514623
2012-10-25 20:00:00,270.5883796881279
2012-10-25 21:00:00,196.42856395849486
2012-10-25 22:00:00,185.1123158088042
2012-10-25 23:00:00,122.2986726057049
2012-10-26 00:00:00,52.59213259903922
2012-10-26 01:00:00,27.531005714341084
2012-10-26 02:00:00,12.290875967580423
2012-10-26 03:00:00,6.359331958237557
2012-10-26 04:00:00,8.896062717014079
2012-10-26 05:00:00,35.059647273658534
2012-10-26 06:00:00,117.89592547681886
2012-10-26 07:00:00,357.85688249887556
2012-10-26 08:00:00,726.9032912268336
2012-10-26 09:00:00,326.3086755849693
2012-10-26 10:00:00,178.12116704437236
2012-10-26 11:00:00,201.93214715905526
2012-10-26 12:00:00,253.06911763246873
2012-10-26 13:00:00,258.45792964136234
2012-10-26 14:00:00,237.94081036357568
2012-10-26 15:00:00,263.94230711487563
2012-10-26 16:00:00,370.2389374287103
2012-10-26 17:00:00,532.2402664291707
2012-10-26 18:00:00,470.17670917071206
2012-10-26 19:00:00,367.61203481385047
2012-10-26 20:00:00,230.24572007242642
2012-10-26 21:00:00,211.64403384603844
2012-10-26 22:00:00,153.2234711257932
2012-10-26 23:00:00,145.95208951370992
2012-10-27 00:00:00,94.72892466144647
2012-10-27 01:00:00,89.57959880738517
2012-10-27 02:00:00,53.950764014573245
2012-10-27 03:00:00,32.22134947116775
2012-10-27 04:00:00,13.118483941488435
2012-10-27 05:00:00,8.469810996581709
2012-10-27 06:00:00,19.084329443471095
2012-10-27 07:00:00,54.740520328405225
2012-10-27 08:00:00,121.37183938599902
2012-10-27 09:00:00,199.40360139182766
2012-10-27 10:00:00,369.006809335673
2012-10-27 11:00:00,450.4294638183716
2012-10-27 12:00:00,563.1714959701851
2012-10-27 13:00:00,614.6184517338813
2012-10-27 14:00:00,549.9603721758981
2012-10-27 15:00:00,472.9018952223238
2012-10-27 16:00:00,434.568819034339
2012-10-27 17:00:00,388.0825718961471
2012-10-27 18:00:00,341.5979876567039
2012-10-27 19:00:00,235.88100167984967
2012-10-27 20:00:00,197.146075362716
2012-10-27 21:00:00,162.17932807989547
2012-10-27 22:00:00,127.4305015505518
2012-10-27 23:00:00,113.36944109537079
2012-10-28 00:00:00,56.42374650097513
2012-10-28 01:00:00,76.80892400790086
2012-10-28 02:00:00,55.48783262237383
2012-10-28 03:00:00,28.79618501415194
2012-10-28 04:00:00,12.949240684607945
2012-10-28 05:00:00,9.429627221481464
2012-10-28 06:00:00,13.508765618246922
2012-10-28 07:00:00,46.7885989477439
2012-10-28 08:00:00,106.11358258225476
2012-10-28 09:00:00,157.07884685343657
2012-10-28 10:00:00,257.43874519988026
2012-10-28 11:00:00,311.4299680824961
2012-10-28 12:00:00,364.9163296858183
2012-10-28 13:00:00,352.3066591031485
2012-10-28 14:00:00,339.2677131104097
2012-10-28 15:00:00,334.3561009744458
2012-10-28 16:00:00,211.15083777511958
2012-10-28 17:00:00,191.11203874517693
2012-10-28 18:00:00,47.07753936402992
2012-10-28 19:00:00,70.49812920794277
2012-10-28 20:00:00,31.547951224250312
2012-10-28 21:00:00,53.67101748668677
2012-10-28 22:00:00,44.74946921831005
2012-10-28 23:00:00,28.16032492880791
2012-10-29 00:00:00,24.319379136900295
2012-10-30 13:00:00,76.06492236515334
2012-10-30 14:00:00,70.93523367556186
2012-10-30 15:00:00,76.7600054778218
2012-10-30 16:00:00,122.35536039223739
2012-10-30 17:00:00,248.68228922202474
2012-10-30 18:00:00,257.2593783624567
2012-10-30 19:00:00,290.84836489166196
2012-10-30 20:00:00,175.66073115986484
2012-10-30 21:00:00,128.94683220729
2012-10-30 22:00:00,103.8560100565276
2012-10-30 23:00:00,63.334426569030484
2012-10-31 00:00:00,39.87346832483932
2012-10-31 01:00:00,15.77137832856403
2012-10-31 02:00:00,6.3552687324593755
2012-10-31 03:00:00,6.1392379177908305
2012-10-31 04:00:00,5.351302979818972
2012-10-31 05:00:00,34.13416617968274
2012-10-31 06:00:00,128.97941670452278
2012-10-31 07:00:00,315.6596034527952
2012-10-31 08:00:00,620.7736304465923
2012-10-31 09:00:00,326.48230083274683
2012-10-31 10:00:00,138.55605871394644
2012-10-31 11:00:00,165.26179742160375
2012-10-31 12:00:00,200.43657837379084
2012-10-31 13:00:00,188.7796688294109
2012-10-31 14:00:00,183.76692398737114
2012-10-31 15:00:00,197.93724727881857
2012-10-31 16:00:00,274.71114653450877
2012-10-31 17:00:00,585.7900790288004
2012-10-31 18:00:00,543.2564487210417
2012-10-31 19:00:00,357.7439522659278
2012-10-31 20:00:00,256.3883816262311
2012-10-31 21:00:00,188.10651248179315
2012-10-31 22:00:00,155.58755830225607
2012-10-31 23:00:00,90.67534501058893
2012-11-20 00:00:00,34.79110276216396
2012-11-20 01:00:00,13.272789285203658
2012-11-20 02:00:00,4.459049332364876
2012-11-20 03:00:00,3.8383515694568415
2012-11-20 04:00:00,6.499356907971584
2012-11-20 05:00:00,25.727711072863364
2012-11-20 06:00:00,124.92096843112463
2012-11-20 07:00:00,312.4106677662824
2012-11-20 08:00:00,641.3177480042409
2012-11-20 09:00:00,286.82501992501767
2012-11-20 10:00:00,140.02993883888493
2012-11-20 11:00:00,146.404978501961
2012-11-20 12:00:00,170.61923495170709
2012-11-20 13:00:00,169.78630976632738
2012-11-20 14:00:00,166.80866295770048
2012-11-20 15:00:00,187.00462701764275
2012-11-20 16:00:00,262.88161745516345
2012-11-20 17:00:00,484.6590251144626
2012-11-20 18:00:00,452.61893264764427
2012-11-20 19:00:00,320.75165237114294
2012-11-20 20:00:00,225.32776255881242
2012-11-20 21:00:00,197.0297075015183
2012-11-20 22:00:00,140.88673080513595
2012-11-20 23:00:00,62.453803427588475
2012-11-21 00:00:00,34.22922902518429
2012-11-21 01:00:00,15.308184873284551
2012-11-21 02:00:00,4.3933898666290485
2012-11-21 03:00:00,4.135162154586218
2012-11-21 04:00:00,3.9190756339643933
2012-11-21 05:00:00,21.793671592909732
2012-11-21 06:00:00,97.47630495417958
2012-11-21 07:00:00,210.43196495205413
2012-11-21 08:00:00,733.6135265014265
2012-11-21 09:00:00,336.39254465718216
2012-11-21 10:00:00,166.14038321551106
2012-11-21 11:00:00,159.9899072798317
2012-11-21 12:00:00,214.14866808547913
2012-11-21 13:00:00,209.67443438054966
2012-11-21 14:00:00,215.63930380619973
2012-11-21 15:00:00,234.8581122587922
2012-11-21 16:00:00,296.6019092340206
2012-11-21 17:00:00,581.9830527211783
2012-11-21 18:00:00,557.5093238698231
2012-11-21 19:00:00,393.38740141917503
2012-11-21 20:00:00,265.5436754733992
2012-11-21 21:00:00,197.9853387755296
2012-11-21 22:00:00,120.37807435989677
2012-11-21 23:00:00,82.66324951065047
2012-11-22 00:00:00,113.80176340370207
2012-11-22 01:00:00,74.29673261516169
2012-11-22 02:00:00,31.033517510389682
2012-11-22 03:00:00,9.702143428224034
2012-11-22 04:00:00,9.566280317014574
2012-11-22 05:00:00,11.030457323659586
2012-11-22 06:00:00,32.21825214341829
2012-11-22 07:00:00,80.68513737486317
2012-11-22 08:00:00,147.81425571903767
2012-11-22 09:00:00,262.7621843435846
2012-11-22 10:00:00,441.7873505085303
2012-11-22 11:00:00,447.77460889753513
2012-11-22 12:00:00,551.2362127818766
2012-11-22 13:00:00,595.6334419041277
2012-11-22 14:00:00,514.5435806187796
2012-11-22 15:00:00,523.4642524272532
2012-11-22 16:00:00,517.3334869930871
2012-11-22 17:00:00,476.70540768253727
2012-11-22 18:00:00,397.6496587238606
2012-11-22 19:00:00,327.46200476623756
2012-11-22 20:00:00,237.80818169882002
2012-11-22 21:00:00,208.82761487659005
2012-11-22 22:00:00,158.9237150255033
2012-11-22 23:00:00,112.79668995885253
2012-11-23 00:00:00,37.665016012611154
2012-11-23 01:00:00,21.533942440166598
2012-11-23 02:00:00,8.237023770807568
2012-11-23 03:00:00,4.235924680099213
2012-11-23 04:00:00,4.878523729781663
2012-11-23 05:00:00,22.095728795128657
2012-11-23 06:00:00,80.07113108872305
2012-11-23 07:00:00,220.94031381131003
2012-11-23 08:00:00,531.0169440638862
2012-11-23 09:00:00,357.49655748986123
2012-11-23 10:00:00,177.23444726935824
2012-11-23 11:00:00,193.33892354596654
2012-11-23 12:00:00,252.23899694843627
2012-11-23 13:00:00,284.46446970167193
2012-11-23 14:00:00,252.61242461629357
2012-11-23 15:00:00,273.8263873889666
2012-11-23 16:00:00,351.82979477634734
2012-11-23 17:00:00,565.0240451513864
2012-11-23 18:00:00,498.82947291697013
2012-11-23 19:00:00,303.25140757130185
2012-11-23 20:00:00,248.06077365088112
2012-11-23 21:00:00,207.18208355815648
2012-11-23 22:00:00,165.87476966833802
2012-11-23 23:00:00,126.3432256546755
2012-11-24 00:00:00,79.42783799981834
2012-11-24 01:00:00,56.62624048954215
2012-11-24 02:00:00,42.109410771598625
2012-11-24 03:00:00,18.032507869062503
2012-11-24 04:00:00,5.2246672470073925
2012-11-24 05:00:00,5.594380098545216
2012-11-24 06:00:00,16.607029033327528
2012-11-24 07:00:00,38.84225825912549
2012-11-24 08:00:00,92.40761380195661
2012-11-24 09:00:00,140.22986940910036
2012-11-24 10:00:00,243.15896620333945
2012-11-24 11:00:00,309.4253350954787
2012-11-24 12:00:00,321.05139640298506
2012-11-24 13:00:00,350.11338916015137
2012-11-24 14:00:00,287.07608647640234
2012-11-24 15:00:00,292.4223825073582
2012-11-24 16:00:00,246.29753431947788
2012-11-24 17:00:00,222.5892277983851
2012-11-24 18:00:00,187.42745203160112
2012-11-24 19:00:00,180.2516968984359
2012-11-24 20:00:00,126.24652712465155
2012-11-24 21:00:00,105.35339531548199
2012-11-24 22:00:00,91.27538516965492
2012-11-24 23:00:00,83.15058104223624
2012-11-25 00:00:00,51.47009572492349
2012-11-25 01:00:00,58.113899006638796
2012-11-25 02:00:00,38.36826678379845
2012-11-25 03:00:00,19.663458303946125
2012-11-25 04:00:00,7.3613533703928775
2012-11-25 05:00:00,7.576004317563045
2012-11-25 06:00:00,13.075637895512722
2012-11-25 07:00:00,34.54487653617518
2012-11-25 08:00:00,78.91965345029246
2012-11-25 09:00:00,149.83081488929724
2012-11-25 10:00:00,199.2499718660814
2012-11-25 11:00:00,246.85670545515015
2012-11-25 12:00:00,300.3614138523155
2012-11-25 13:00:00,320.6148001752463
2012-11-25 14:00:00,333.6847420659069
2012-11-25 15:00:00,308.0851993041365
2012-11-25 16:00:00,297.0926919665902
2012-11-25 17:00:00,293.90304561740976
2012-11-25 18:00:00,199.42673717543053
2012-11-25 19:00:00,128.26529176936327
2012-11-25 20:00:00,111.7885261062454
2012-11-25 21:00:00,87.46956651704613
2012-11-25 22:00:00,76.19550488634361
2012-11-25 23:00:00,47.28889497304391
2012-11-26 00:00:00,29.087695618145037
2012-11-26 01:00:00,8.447601004329703
2012-11-26 02:00:00,4.631335335799466
2012-11-26 03:00:00,2.5308431714609845
2012-11-26 04:00:00,4.80639709305187
2012-11-26 05:00:00,21.5057206922877
2012-11-26 06:00:00,103.25314718873379
2012-11-26 07:00:00,265.8118762404702
2012-11-26 08:00:00,478.9358321150142
2012-11-26 09:00:00,268.486826741252
2012-11-26 10:00:00,122.1533548878528
2012-11-26 11:00:00,155.33733139172477
2012-11-26 12:00:00,228.4331414316078
2012-11-26 13:00:00,219.04696799168946
2012-11-26 14:00:00,197.05404703231693
2012-11-26 15:00:00,217.77539235349033
2012-11-26 16:00:00,309.9201752492403
2012-11-26 17:00:00,632.2913190297721
2012-11-26 18:00:00,504.7378326484448
2012-11-26 19:00:00,278.07281894337325
2012-11-26 20:00:00,190.95878273503615
2012-11-26 21:00:00,140.7924319467865
2012-11-26 22:00:00,103.69650238178599
2012-11-26 23:00:00,58.0619446660293
2012-11-27 00:00:00,31.02086296530878
2012-11-27 01:00:00,10.686733767572369
2012-11-27 02:00:00,4.675793451609361
2012-11-27 03:00:00,3.0760725524400865
2012-11-27 04:00:00,4.2585545631840525
2012-11-27 05:00:00,21.122388299089454
2012-11-27 06:00:00,111.05519233616728
2012-11-27 07:00:00,223.70212475072955
2012-11-27 08:00:00,338.47901969133693
2012-11-27 09:00:00,246.36183545835604
2012-11-27 10:00:00,89.62145836175624
2012-11-27 11:00:00,62.64651579429044
2012-11-27 12:00:00,68.98246691649874
2012-11-27 13:00:00,71.98028686760514
2012-11-27 14:00:00,57.56728887130378
2012-11-27 15:00:00,121.37757321596504
2012-11-27 16:00:00,180.96277116441414
2012-11-27 17:00:00,346.5559919314062
2012-11-27 18:00:00,266.41999722036087
2012-11-27 19:00:00,205.11045464373737
2012-11-27 20:00:00,137.1029934887369
2012-11-27 21:00:00,97.55969784326172
2012-11-27 22:00:00,86.57675446715199
2012-11-27 23:00:00,44.71893469994035
2012-11-28 00:00:00,31.956778396407575
2012-11-28 01:00:00,12.607099168747046
2012-11-28 02:00:00,4.910633855645122
2012-11-28 03:00:00,4.468345107639048
2012-11-28 04:00:00,6.079304274747556
2012-11-28 05:00:00,28.82953793962172
2012-11-28 06:00:00,131.20475736756865
2012-11-28 07:00:00,357.2014542965332
2012-11-28 08:00:00,486.33574521615384
2012-11-28 09:00:00,296.0649791473822
2012-11-28 10:00:00,137.5857273268289
2012-11-28 11:00:00,147.54722113648393
2012-11-28 12:00:00,178.49777245400577
2012-11-28 13:00:00,197.44393448361294
2012-11-28 14:00:00,187.85420133239256
2012-11-28 15:00:00,195.48366616907688
2012-11-28 16:00:00,291.44052766591744
2012-11-28 17:00:00,578.7965674674772
2012-11-28 18:00:00,450.96712394572035
2012-11-28 19:00:00,327.60968544971007
2012-11-28 20:00:00,271.1440377628015
2012-11-28 21:00:00,179.14453426957638
2012-11-28 22:00:00,129.86071409519832
2012-11-28 23:00:00,62.74095024177715
2012-11-29 00:00:00,30.863423153275306
2012-11-29 01:00:00,11.894210246962482
2012-11-29 02:00:00,5.9062789647596885
2012-11-29 04:00:00,3.6253267627541286
2012-11-29 05:00:00,18.05102336263389
2012-11-29 06:00:00,100.01708384684503
2012-11-29 07:00:00,234.92461834582878
2012-11-29 08:00:00,452.2138382858229
2012-11-29 09:00:00,250.5197543516436
2012-11-29 10:00:00,136.01152289866243
2012-11-29 11:00:00,193.39691958593852
2012-11-29 12:00:00,230.42418850019078
2012-11-29 13:00:00,225.68271058558793
2012-11-29 14:00:00,203.6344376299817
2012-11-29 15:00:00,205.37456794599046
2012-11-29 16:00:00,309.5857258237018
2012-11-29 17:00:00,523.2680123823003
2012-11-29 18:00:00,440.003928944014
2012-11-29 19:00:00,307.143077913057
2012-11-29 20:00:00,231.77095718088157
2012-11-29 21:00:00,141.20694206952362
2012-11-29 22:00:00,106.00786397313108
2012-11-29 23:00:00,81.9529622336676
2012-11-30 00:00:00,34.8515747264446
2012-11-30 01:00:00,18.449710786301498
2012-11-30 02:00:00,7.5195435403964055
2012-11-30 03:00:00,3.9877549569322253
2012-11-30 04:00:00,4.397175472282242
2012-11-30 05:00:00,18.918811660289176
2012-11-30 06:00:00,68.23961565972242
2012-11-30 07:00:00,217.70823054414166
2012-11-30 08:00:00,542.7114321933909
2012-11-30 09:00:00,295.0645568897162
2012-11-30 10:00:00,146.58274670553138
2012-11-30 11:00:00,168.2076748086795
2012-11-30 12:00:00,219.07551806927123
2012-11-30 13:00:00,223.49133848239705
2012-11-30 14:00:00,206.40896818113188
2012-11-30 15:00:00,222.56666187160232
2012-11-30 16:00:00,343.3502605680476
2012-11-30 17:00:00,520.7866991269178
2012-11-30 18:00:00,361.50263141262207
2012-11-30 19:00:00,280.15599176000745
2012-11-30 20:00:00,177.28663999877142
2012-11-30 21:00:00,141.9340857340287
2012-11-30 22:00:00,127.86719377861937
2012-11-30 23:00:00,101.40608934331371
2012-12-20 00:00:00,43.3117125106966
2012-12-20 01:00:00,14.603711926962204
2012-12-20 02:00:00,8.079732555638842
2012-12-20 03:00:00,4.330587762776286
2012-12-20 04:00:00,6.811998371461344
2012-12-20 05:00:00,27.702917896648618
2012-12-20 06:00:00,127.84387825612927
2012-12-20 07:00:00,334.06337128828505
2012-12-20 08:00:00,592.0018151006428
2012-12-20 09:00:00,274.3077892810482
2012-12-20 10:00:00,131.7331364675903
2012-12-20 11:00:00,145.82887085977308
2012-12-20 12:00:00,199.90646445737573
2012-12-20 13:00:00,181.6115373884941
2012-12-20 14:00:00,168.86668035305172
2012-12-20 15:00:00,159.65503217757532
2012-12-20 16:00:00,241.10099506385174
2012-12-20 17:00:00,421.0307420044173
2012-12-20 18:00:00,386.02430139183656
2012-12-20 19:00:00,194.05142672340767
2012-12-20 20:00:00,164.4156696615839
2012-12-20 21:00:00,131.3769486915543
2012-12-20 22:00:00,69.79226025472997
2012-12-20 23:00:00,53.92229137767592
2012-12-21 00:00:00,14.969945122644074
2012-12-21 01:00:00,10.62064149008179
2012-12-21 02:00:00,6.5308070160333145
2012-12-21 03:00:00,2.493949560623336
2012-12-21 04:00:00,2.7252289571943833
2012-12-21 05:00:00,14.028145466680884
2012-12-21 06:00:00,58.40742114424795
2012-12-21 07:00:00,183.5956623714859
2012-12-21 08:00:00,412.6808400950027
2012-12-21 09:00:00,194.07647781779852
2012-12-21 10:00:00,104.37867132321057
2012-12-21 11:00:00,111.65107559301188
2012-12-21 12:00:00,136.77390553826066
2012-12-21 13:00:00,133.26124826736682
2012-12-21 14:00:00,124.61497410109536
2012-12-21 15:00:00,128.88419988780242
2012-12-21 16:00:00,177.7732369136921
2012-12-21 17:00:00,207.5335008411487
2012-12-21 18:00:00,189.04447489773622
2012-12-21 19:00:00,158.85561410757413
2012-12-21 20:00:00,111.48626651714565
2012-12-21 21:00:00,75.48518872717142
2012-12-21 22:00:00,70.45511889131306
2012-12-21 23:00:00,55.021183827983585
2012-12-22 00:00:00,28.236058179086168
2012-12-22 01:00:00,25.095149525441403
2012-12-22 02:00:00,18.9068226224596
2012-12-22 03:00:00,7.9985514208505535
2012-12-22 04:00:00,3.2437778103709505
2012-12-22 05:00:00,2.2491099455266985
2012-12-22 06:00:00,7.429738032888833
2012-12-22 07:00:00,17.716958643417982
2012-12-22 08:00:00,46.18232201280154
2012-12-22 09:00:00,80.25201649739782
2012-12-22 10:00:00,116.24511848927982
2012-12-22 11:00:00,159.2746301280792
2012-12-22 12:00:00,166.5177220100425
2012-12-22 13:00:00,171.08313899554042
2012-12-22 14:00:00,159.2740548899067
2012-12-22 15:00:00,160.16067694657502
2012-12-22 16:00:00,144.46191589870494
2012-12-22 17:00:00,154.98244466030093
2012-12-22 18:00:00,90.7365535103056
2012-12-22 19:00:00,81.84431237485978
2012-12-22 20:00:00,77.53104450314123
2012-12-22 21:00:00,51.95759591955403
2012-12-22 22:00:00,45.855953765691694
2012-12-22 23:00:00,43.662749054364944
2012-12-23 00:00:00,29.02205355348207
2012-12-23 01:00:00,30.7407786333482
2012-12-23 02:00:00,22.91098289784963
2012-12-23 03:00:00,11.023666157991283
2012-12-23 04:00:00,2.7180615963788965
2012-12-23 05:00:00,2.76858254875425
2012-12-23 06:00:00,4.268475121061902
2012-12-23 07:00:00,12.197801380046426
2012-12-23 08:00:00,30.79481925779036
2012-12-23 09:00:00,75.52255217579841
2012-12-23 10:00:00,106.64396365024822
2012-12-23 11:00:00,119.9467562148097
2012-12-23 12:00:00,199.73832020853825
2012-12-23 13:00:00,187.28104493334084
2012-12-23 14:00:00,163.86767741308188
2012-12-23 15:00:00,207.17544951930742
2012-12-23 16:00:00,194.62605437793482
2012-12-23 17:00:00,157.08517942718444
2012-12-23 18:00:00,134.1592003960812
2012-12-23 19:00:00,101.2793175695254
2012-12-23 20:00:00,59.519110745908336
2012-12-23 21:00:00,48.42479781042823
2012-12-23 22:00:00,48.516256038852084
2012-12-23 23:00:00,26.992266123415025
2012-12-24 00:00:00,16.60670894688482
2012-12-24 01:00:00,5.62721684225652
2012-12-24 02:00:00,2.5627071685025786
2012-12-24 03:00:00,1.4615388839357109
2012-12-24 05:00:00,8.442118515686937
2012-12-24 06:00:00,45.48797344546707
2012-12-24 07:00:00,137.4001112968142
2012-12-24 08:00:00,283.88654271751983
2012-12-24 09:00:00,169.9267406041378
2012-12-24 10:00:00,70.29070881241394
2012-12-24 11:00:00,78.80731746334448
2012-12-24 12:00:00,90.6931850666615
2012-12-24 13:00:00,63.13100970506196
2012-12-24 14:00:00,46.45273688327431
2012-12-24 15:00:00,48.798918501742655
2012-12-24 16:00:00,73.31265148796061
2012-12-24 17:00:00,156.3328080799767
2012-12-24 18:00:00,147.5393360019872
2012-12-24 19:00:00,138.63007543745647
2012-12-24 20:00:00,70.93533010107323
2012-12-24 21:00:00,53.67778770219721
2012-12-24 22:00:00,47.27631442331831
2012-12-24 23:00:00,18.467070333151213
2012-12-25 00:00:00,18.407107634586207
2012-12-25 01:00:00,22.618534519892904
2012-12-25 02:00:00,15.896275447525882
2012-12-25 04:00:00,3.5182853475410267
2012-12-25 05:00:00,4.125689449331079
2012-12-25 06:00:00,8.350669364082574
2012-12-25 07:00:00,23.39234631194815
2012-12-25 08:00:00,73.23527000934428
2012-12-25 09:00:00,85.13123695566107
2012-12-25 10:00:00,133.68943812898476
2012-12-25 11:00:00,157.67343535771022
2012-12-25 12:00:00,192.70378627626653
2012-12-25 13:00:00,249.91877287155933
2012-12-25 14:00:00,212.23397849361794
2012-12-25 15:00:00,221.9279457392235
2012-12-25 16:00:00,181.4655011336457
2012-12-25 17:00:00,168.47880975925017
2012-12-25 18:00:00,139.02898916535491
2012-12-25 19:00:00,104.14494380134204
2012-12-25 20:00:00,84.0159467818918
2012-12-25 21:00:00,67.27151980085725
2012-12-25 22:00:00,58.19306123453792
2012-12-25 23:00:00,31.466052443758358
2012-12-26 00:00:00,22.049104433960824
2012-12-26 01:00:00,6.675334846061524
2012-12-26 02:00:00,2.919478787657928
2012-12-26 03:00:00,1.707901457718626
2012-12-26 04:00:00,1.5216177080830235
2012-12-26 05:00:00,8.850813225187313
2012-12-26 06:00:00,49.403317607433586
2012-12-26 07:00:00,48.966537195283394
2012-12-26 08:00:00,99.20822438433423
2012-12-26 09:00:00,57.615478752357525
2012-12-26 10:00:00,16.347316508261372
2012-12-26 11:00:00,21.345109012979698
2012-12-26 12:00:00,28.090206362751946
2012-12-26 13:00:00,22.621439408616116
2012-12-26 14:00:00,24.135681271528536
2012-12-26 15:00:00,31.425389222959975
2012-12-26 16:00:00,44.19686726131408
2012-12-26 17:00:00,77.07175389889686
2012-12-26 18:00:00,71.56112062893766
2012-12-26 19:00:00,94.52180168129631
2012-12-26 20:00:00,40.724016883171316
2012-12-26 21:00:00,68.16676214983535
2012-12-26 22:00:00,18.069476619395793
2012-12-26 23:00:00,15.3830440078981
2012-12-27 00:00:00,10.191340616720835
2012-12-27 01:00:00,4.063258557342115
2012-12-27 02:00:00,2.505927182939636
2012-12-27 03:00:00,2.3878617282648444
2012-12-27 04:00:00,1.6722611985033224
2012-12-27 05:00:00,12.199939002769339
2012-12-27 06:00:00,52.305129740466676
2012-12-27 07:00:00,161.71025515675313
2012-12-27 08:00:00,267.18454844726415
2012-12-27 09:00:00,148.43018238403656
2012-12-27 10:00:00,81.93677505742662
2012-12-27 11:00:00,85.5900933581137
2012-12-27 12:00:00,102.73319136016876
2012-12-27 13:00:00,99.28386049356567
2012-12-27 14:00:00,61.76620656231829
2012-12-27 15:00:00,64.74243499387552
2012-12-27 16:00:00,117.08176213092369
2012-12-27 17:00:00,231.86836062325702
2012-12-27 18:00:00,219.65441464807165
2012-12-27 19:00:00,144.58664987563594
2012-12-27 20:00:00,120.58096100037554
2012-12-27 21:00:00,85.9456386743836
2012-12-27 22:00:00,52.3922648763497
2012-12-27 23:00:00,44.05443024261584
2012-12-28 00:00:00,24.08677856275758
2012-12-28 01:00:00,10.926645331468363
2012-12-28 02:00:00,5.1970335294100565
2012-12-28 03:00:00,3.4537790327722417
2012-12-28 04:00:00,3.242475929986929
2012-12-28 05:00:00,13.965003888480071
2012-12-28 06:00:00,44.102299960981
2012-12-28 07:00:00,152.61590342493238
2012-12-28 08:00:00,381.5953312673056
2012-12-28 09:00:00,165.89155200511223
2012-12-28 10:00:00,85.36561697885442
2012-12-28 11:00:00,99.88315133244083
2012-12-28 12:00:00,133.68356285164643
2012-12-28 13:00:00,134.65605992325703
2012-12-28 14:00:00,119.85777699512491
2012-12-28 15:00:00,110.15441937828834
2012-12-28 16:00:00,174.9629611929967
2012-12-28 17:00:00,236.76750334928303
2012-12-28 18:00:00,211.95960882035519
2012-12-28 19:00:00,135.81766648702126
2012-12-28 20:00:00,95.7579964910813
2012-12-28 21:00:00,82.58130683537266
2012-12-28 22:00:00,75.29189522803456
2012-12-28 23:00:00,52.84852253572961
2012-12-29 00:00:00,34.584279939364386
2012-12-29 01:00:00,34.64860602405702
2012-12-29 02:00:00,22.911913637858724
2012-12-29 03:00:00,9.2927716844294
2012-12-29 04:00:00,3.701385462531333
2012-12-29 05:00:00,3.235509038738217
2012-12-29 06:00:00,8.568003718896739
2012-12-29 07:00:00,21.71566363957587
2012-12-29 08:00:00,56.920397116807415
2012-12-29 09:00:00,94.3240022127156
2012-12-29 10:00:00,104.52718728557096
2012-12-29 11:00:00,65.9235954879712
2012-12-29 12:00:00,69.50872070136714
2012-12-29 13:00:00,70.4797289578018
2012-12-29 14:00:00,144.02163299810582
2012-12-29 15:00:00,135.35537449630377
2012-12-29 16:00:00,154.81805822440322
2012-12-29 17:00:00,129.10145733278955
2012-12-29 18:00:00,126.17356368683477
2012-12-29 19:00:00,112.61205203300136
2012-12-29 20:00:00,66.73807105154988
2012-12-29 21:00:00,56.45835306639526
2012-12-29 22:00:00,43.193232957237655
2012-12-29 23:00:00,46.07606423731213
2012-12-30 00:00:00,35.315866070437544
2012-12-30 01:00:00,27.298987995491405
2012-12-30 02:00:00,26.196534133936982
2012-12-30 03:00:00,11.80266754012632
2012-12-30 04:00:00,3.686568353714611
2012-12-30 05:00:00,3.107760915321477
2012-12-30 06:00:00,4.267425975062396
2012-12-30 07:00:00,15.197361244424561
2012-12-30 08:00:00,32.956547468603084
2012-12-30 09:00:00,70.99675023624084
2012-12-30 10:00:00,115.69483496688382
2012-12-30 11:00:00,117.57597111375605
2012-12-30 12:00:00,170.07234047570768
2012-12-30 13:00:00,180.18165713306746
2012-12-30 14:00:00,162.64703034411625
2012-12-30 15:00:00,164.32271832369133
2012-12-30 16:00:00,155.498937052
2012-12-30 17:00:00,123.10075934604293
2012-12-30 18:00:00,92.28414482534696
2012-12-30 19:00:00,97.39577047503846
2012-12-30 20:00:00,51.444046860454065
2012-12-30 21:00:00,45.99781221104857
2012-12-30 22:00:00,33.658902159160476
2012-12-30 23:00:00,19.327659648970112
2012-12-31 00:00:00,13.40455153494158
2012-12-31 01:00:00,4.398687654511805
2012-12-31 02:00:00,2.622637445355633
2012-12-31 03:00:00,1.4729685912128128
2012-12-31 04:00:00,1.6461703897322895
2012-12-31 05:00:00,7.509104415686415
2012-12-31 06:00:00,47.173458232499975
2012-12-31 07:00:00,122.26768596150768
2012-12-31 08:00:00,221.16460250108415
2012-12-31 09:00:00,142.48526334756102
2012-12-31 10:00:00,48.650293328723016
2012-12-31 11:00:00,69.67474089599376
2012-12-31 12:00:00,82.77390399582882
2012-12-31 13:00:00,101.33717228752556
2012-12-31 14:00:00,75.1221968843174
2012-12-31 15:00:00,87.11871843377176
2012-12-31 16:00:00,118.377310798689
2012-12-31 17:00:00,245.64030048564487
2012-12-31 18:00:00,238.06157392458175
2012-12-31 19:00:00,167.0966649536367
2012-12-31 20:00:00,119.85258838387418
2012-12-31 21:00:00,81.42276430294598
2012-12-31 22:00:00,58.109208758659065
2012-12-31 23:00:00,30.66636903610467
