datetime,count
2011-01-20 00:00:00,12.442591414566385
2011-01-20 01:00:00,4.969929801432044
2011-01-20 02:00:00,2.9868935239794476
2011-01-20 03:00:00,1.9463168324405071
2011-01-20 04:00:00,1.6178283036719858
2011-01-20 05:00:00,7.36746604404224
2011-01-20 06:00:00,38.20857326838373
2011-01-20 07:00:00,109.66843351656317
2011-01-20 08:00:00,216.9106738658211
2011-01-20 09:00:00,126.60688709980552
2011-01-20 10:00:00,53.75146388246968
2011-01-20 11:00:00,60.96216195805503
2011-01-20 12:00:00,77.03589415592256
2011-01-20 13:00:00,74.62516152572614
2011-01-20 14:00:00,64.70994268700059
2011-01-20 15:00:00,68.31807404250678
2011-01-20 16:00:00,101.52328487625519
2011-01-20 17:00:00,198.32057355623584
2011-01-20 18:00:00,159.05319713365108
2011-01-20 19:00:00,114.3411586893774
2011-01-20 20:00:00,79.7895637678665
2011-01-20 21:00:00,57.404149052090105
2011-01-20 22:00:00,39.69460764838134
2011-01-20 23:00:00,24.812592351698285
2011-01-21 00:00:00,13.365627362194092
2011-01-21 01:00:00,7.00939074751989
2011-01-21 02:00:00,5.002866046827118
2011-01-21 03:00:00,1.7130428741677175
2011-01-21 04:00:00,1.5245425673666395
2011-01-21 05:00:00,6.361285827953079
2011-01-21 06:00:00,31.775406201972217
2011-01-21 07:00:00,86.62510921085097
2011-01-21 08:00:00,197.93534248489544
2011-01-21 09:00:00,112.77872052253429
2011-01-21 10:00:00,50.86241099944915
2011-01-21 11:00:00,50.6356537526216
2011-01-21 12:00:00,60.34847014241853
2011-01-21 13:00:00,57.96449044049516
2011-01-21 14:00:00,51.899793098331735
2011-01-21 15:00:00,53.5781135430239
2011-01-21 16:00:00,78.93699221281622
2011-01-21 17:00:00,121.97245429531812
2011-01-21 18:00:00,105.83051845687595
2011-01-21 19:00:00,70.53883555025313
2011-01-21 20:00:00,41.568752668691985
2011-01-21 21:00:00,33.6080248305326
2011-01-21 22:00:00,28.62319503328629
2011-01-21 23:00:00,21.41630155131184
2011-01-22 00:00:00,15.482730510421614
2011-01-22 01:00:00,11.657104992067337
2011-01-22 02:00:00,9.737057992886676
2011-01-22 03:00:00,4.150888206011008
2011-01-22 04:00:00,1.2761001183239444
2011-01-22 06:00:00,2.5284723103285307
2011-01-22 07:00:00,6.849244694271042
2011-01-22 08:00:00,19.27329531602401
2011-01-22 09:00:00,31.23839041398424
2011-01-22 10:00:00,47.15090849755131
2011-01-22 11:00:00,58.61151903090169
2011-01-22 12:00:00,74.87222596475232
2011-01-22 13:00:00,88.44305758459316
2011-01-22 14:00:00,80.10694873040704
2011-01-22 15:00:00,79.48961739969342
2011-01-22 16:00:00,74.19159849405442
2011-01-22 17:00:00,72.33965508461756
2011-01-22 18:00:00,49.94864343630278
2011-01-22 19:00:00,46.042300787807285
2011-01-22 20:00:00,30.702975759442715
2011-01-22 21:00:00,29.344205778701102
2011-01-22 22:00:00,27.571288338737833
2011-01-22 23:00:00,19.48849712500716
2011-01-23 00:00:00,14.943192340265046
2011-01-23 01:00:00,13.460124286755727
2011-01-23 02:00:00,11.688844668822762
2011-01-23 03:00:00,5.336043363687153
2011-01-23 05:00:00,1.179972776233429
2011-01-23 06:00:00,1.9191134004307362
2011-01-23 07:00:00,6.957167087800785
2011-01-23 08:00:00,17.235010334893133
2011-01-23 09:00:00,28.453931964566824
2011-01-23 10:00:00,50.591042473849974
2011-01-23 11:00:00,62.49915972212967
2011-01-23 12:00:00,74.31492938921241
2011-01-23 13:00:00,71.69377149787687
2011-01-23 14:00:00,73.21899297687564
2011-01-23 15:00:00,71.55286818874296
2011-01-23 16:00:00,69.3844235491572
2011-01-23 17:00:00,59.003560859469445
2011-01-23 18:00:00,50.385362103284066
2011-01-23 19:00:00,39.16074193421188
2011-01-23 20:00:00,30.80793680759811
2011-01-23 21:00:00,25.437346312554265
2011-01-23 22:00:00,18.497995394049706
2011-01-23 23:00:00,10.863401960445012
2011-01-24 00:00:00,7.074630129214632
2011-01-24 01:00:00,2.3719326790768407
2011-01-24 03:00:00,0.934848426293973
2011-01-24 04:00:00,1.0689249354079042
2011-01-24 05:00:00,3.9994936075451637
2011-01-24 06:00:00,23.153745810492403
2011-01-24 07:00:00,73.14660938313163
2011-01-24 08:00:00,159.1773922332596
2011-01-24 09:00:00,93.74837185200747
2011-01-24 10:00:00,37.777631592093336
2011-01-24 11:00:00,36.72416221306952
2011-01-24 12:00:00,43.987780873217964
2011-01-24 13:00:00,43.255846840844725
2011-01-24 14:00:00,37.50943809289355
2011-01-24 15:00:00,48.28331434307388
2011-01-24 16:00:00,66.63289399201628
2011-01-24 17:00:00,121.89924705346637
2011-01-24 18:00:00,119.70090652006374
2011-01-24 19:00:00,87.4793761782498
2011-01-24 20:00:00,55.03972353020782
2011-01-24 21:00:00,43.63366869764405
2011-01-24 22:00:00,26.838680155406752
2011-01-24 23:00:00,15.618081788096994
2011-01-25 00:00:00,8.098463771676403
2011-01-25 01:00:00,3.0469938460553143
2011-01-25 02:00:00,1.756544424764973
2011-01-25 04:00:00,1.4173816596290851
2011-01-25 05:00:00,5.4017983714680975
2011-01-25 06:00:00,35.56418406250046
2011-01-25 07:00:00,101.87827851108302
2011-01-25 08:00:00,198.5675242535626
2011-01-25 09:00:00,114.7568435866445
2011-01-25 10:00:00,51.25364767684992
2011-01-25 11:00:00,50.521535692196295
2011-01-25 12:00:00,62.4881460142575
2011-01-25 13:00:00,61.31339678794611
2011-01-25 14:00:00,61.91934003090703
2011-01-25 15:00:00,66.93512058341194
2011-01-25 16:00:00,98.76934663569405
2011-01-25 17:00:00,211.79022494920306
2011-01-25 18:00:00,194.738404506087
2011-01-25 19:00:00,105.14280845494353
2011-01-25 20:00:00,71.79430604403345
2011-01-25 21:00:00,55.50786600539897
2011-01-25 22:00:00,39.516142217052526
2011-01-25 23:00:00,22.116406474443963
2011-01-26 00:00:00,11.911341626742642
2011-01-26 01:00:00,4.802016145270997
2011-01-26 02:00:00,2.316071491358965
2011-01-26 05:00:00,4.277512678880416
2011-01-26 06:00:00,19.868002319749813
2011-01-26 07:00:00,47.6929335016083
2011-01-26 08:00:00,116.28573021047747
2011-01-26 09:00:00,57.788595176727085
2011-01-26 10:00:00,23.551298284095434
2011-01-26 11:00:00,18.658054262737323
2011-01-26 12:00:00,21.434677807562256
2011-01-26 13:00:00,20.41145293296264
2011-01-26 14:00:00,18.743118639311877
2011-01-26 15:00:00,17.04001254917053
2011-01-26 16:00:00,29.41635498391602
2011-01-26 17:00:00,60.160766060069335
2011-01-27 16:00:00,82.46968383118242
2011-01-27 17:00:00,177.6327579011325
2011-01-27 18:00:00,161.16973918044454
2011-01-27 19:00:00,111.60282488475664
2011-01-27 20:00:00,81.32391106717854
2011-01-27 21:00:00,61.076028926831924
2011-01-27 22:00:00,46.58362852102994
2011-01-27 23:00:00,25.2532274939258
2011-01-28 00:00:00,12.104418365902657
2011-01-28 01:00:00,6.484819045388721
2011-01-28 02:00:00,3.6342022737850272
2011-01-28 03:00:00,1.8802848191853472
2011-01-28 05:00:00,6.767873887138105
2011-01-28 06:00:00,28.034629231192504
2011-01-28 07:00:00,77.17038429408306
2011-01-28 08:00:00,181.62432238486778
2011-01-28 09:00:00,77.55294376575205
2011-01-28 10:00:00,35.483733182028466
2011-01-28 11:00:00,34.18627682230225
2011-01-28 12:00:00,39.20134930612963
2011-01-28 13:00:00,38.0133222733652
2011-01-28 14:00:00,32.17285130833652
2011-01-28 15:00:00,54.87897393799462
2011-01-28 16:00:00,96.6733926816664
2011-01-28 17:00:00,173.0870000340021
2011-01-28 18:00:00,140.33958534764602
2011-01-28 19:00:00,95.83890260760214
2011-01-28 20:00:00,59.222142792099476
2011-01-28 21:00:00,47.878301240296565
2011-01-28 22:00:00,44.3518609002932
2011-01-28 23:00:00,35.6933150560531
2011-01-29 00:00:00,21.71032157032075
2011-01-29 01:00:00,20.629131216416187
2011-01-29 02:00:00,16.56012933718876
2011-01-29 03:00:00,6.99127383684594
2011-01-29 04:00:00,1.978978158138152
2011-01-29 06:00:00,4.044655441991561
2011-01-29 07:00:00,10.384609352246043
2011-01-29 08:00:00,29.040356418003608
2011-01-29 09:00:00,48.819620499770586
2011-01-29 10:00:00,70.02471759190662
2011-01-29 11:00:00,75.08577976433092
2011-01-29 12:00:00,83.45423720187263
2011-01-29 13:00:00,102.8044793670856
2011-01-29 14:00:00,100.31362671525527
2011-01-29 15:00:00,89.4070294921305
2011-01-29 16:00:00,103.33957060081325
2011-01-29 17:00:00,93.20912462580841
2011-01-29 18:00:00,74.77655368231805
2011-01-29 19:00:00,51.83684167612782
2011-01-29 20:00:00,47.256269580538586
2011-01-29 21:00:00,39.771484503381686
2011-01-29 22:00:00,31.881739174535674
2011-01-29 23:00:00,26.840285564455304
2011-01-30 00:00:00,20.89266781829434
2011-01-30 01:00:00,19.682056735755367
2011-01-30 02:00:00,17.94730397926022
2011-01-30 03:00:00,8.0513345950813
2011-01-30 04:00:00,2.106609201202727
2011-01-30 05:00:00,1.7945814937903937
2011-01-30 07:00:00,8.009727965667572
2011-01-30 08:00:00,19.96506441757008
2011-01-30 09:00:00,40.489787079434336
2011-01-30 10:00:00,60.20125928973938
2011-01-30 11:00:00,79.37248209824644
2011-01-30 12:00:00,119.35790555056717
2011-01-30 13:00:00,119.60377110306943
2011-01-30 14:00:00,113.57711875303146
2011-01-30 15:00:00,109.7290513242162
2011-01-30 16:00:00,107.68378793427287
2011-01-30 17:00:00,94.4113734302271
2011-01-30 18:00:00,71.48735867018033
2011-01-30 19:00:00,54.34148080896093
2011-01-30 20:00:00,41.81935743265512
2011-01-30 21:00:00,33.69182636477082
2011-01-30 22:00:00,25.894864777296437
2011-01-30 23:00:00,14.439895304448106
2011-01-31 00:00:00,10.624569609903231
2011-01-31 01:00:00,3.465715856244752
2011-01-31 02:00:00,2.4050653622699265
2011-01-31 03:00:00,1.4687982117391183
2011-01-31 04:00:00,1.3474721006331318
2011-01-31 05:00:00,5.153348067053596
2011-01-31 06:00:00,27.193339675300056
2011-01-31 07:00:00,75.4373589685768
2011-01-31 08:00:00,168.7800740714261
2011-01-31 09:00:00,91.46130877087758
2011-01-31 10:00:00,39.560430869302955
2011-01-31 11:00:00,38.93203877078884
2011-01-31 12:00:00,55.39627642188761
2011-01-31 13:00:00,53.561489889528396
2011-01-31 14:00:00,42.50942033097747
2011-01-31 15:00:00,45.99695606287163
2011-01-31 16:00:00,63.96486873813638
2011-01-31 17:00:00,131.06580887299785
2011-01-31 18:00:00,123.61583373937626
2011-01-31 19:00:00,134.21580390142663
2011-01-31 20:00:00,59.70299509029696
2011-01-31 21:00:00,44.61653663940916
2011-01-31 22:00:00,31.736389385468453
2011-01-31 23:00:00,16.932114083227976
2011-02-20 00:00:00,22.24644374077896
2011-02-20 01:00:00,17.700816517030535
2011-02-20 02:00:00,14.634372332054012
2011-02-20 03:00:00,6.584892601727945
2011-02-20 04:00:00,1.8042102603518189
2011-02-20 06:00:00,2.657264114627268
2011-02-20 07:00:00,8.2496431020353
2011-02-20 08:00:00,25.938472406234933
2011-02-20 09:00:00,41.568807655172364
2011-02-20 10:00:00,70.51550307263497
2011-02-20 11:00:00,98.42446082109451
2011-02-20 12:00:00,120.2202312835634
2011-02-20 13:00:00,131.2964954358243
2011-02-20 14:00:00,138.89457872341262
2011-02-20 15:00:00,137.86143765679304
2011-02-20 16:00:00,134.721493242518
2011-02-20 17:00:00,111.43194454399621
2011-02-20 18:00:00,92.10491590235972
2011-02-20 19:00:00,72.44975065537473
2011-02-20 20:00:00,53.75175104649503
2011-02-20 21:00:00,39.35323224803738
2011-02-20 22:00:00,32.33844145814814
2011-02-20 23:00:00,20.378019726682798
2011-02-21 00:00:00,28.237387545124452
2011-02-21 01:00:00,14.491782109121232
2011-02-21 02:00:00,10.618709448507952
2011-02-21 03:00:00,4.287517897037663
2011-02-21 04:00:00,2.478169134460068
2011-02-21 05:00:00,2.93230306090463
2011-02-21 06:00:00,9.795407176681389
2011-02-21 07:00:00,25.724280111729836
2011-02-21 08:00:00,47.24834154879048
2011-02-21 09:00:00,52.73814812735031
2011-02-21 10:00:00,77.24698112160601
2011-02-21 11:00:00,97.72367585930598
2011-02-21 12:00:00,97.21953066263966
2011-02-21 13:00:00,42.86733869011877
2011-02-21 14:00:00,87.1421333477439
2011-02-21 15:00:00,83.66485767244095
2011-02-21 16:00:00,55.88660104036051
2011-02-21 17:00:00,75.87536620118468
2011-02-21 18:00:00,46.80413782502616
2011-02-21 19:00:00,42.46889377641786
2011-02-21 20:00:00,26.879211045022732
2011-02-21 21:00:00,16.95939170222363
2011-02-21 22:00:00,16.257116937642973
2011-02-21 23:00:00,9.907127591069424
2011-02-22 06:00:00,22.583287801953166
2011-02-22 07:00:00,66.33827204336613
2011-02-22 08:00:00,146.36056129657663
2011-02-22 09:00:00,83.254923230891407
2011-02-22 10:00:00,42.52875561614238
2011-02-22 11:00:00,46.125859117219704
2011-02-22 12:00:00,60.57391826092583
2011-02-22 13:00:00,59.84108043112184
2011-02-22 14:00:00,50.351037240989896
2011-02-22 15:00:00,56.364440806556644
2011-02-22 16:00:00,82.8751240157117
2011-02-22 17:00:00,157.3287003919818
2011-02-22 18:00:00,168.86610846910705
2011-02-22 19:00:00,91.59660432417877
2011-02-22 20:00:00,63.92833399465948
2011-02-22 21:00:00,49.365681672245664
2011-02-22 22:00:00,35.34775684369443
2011-02-22 23:00:00,21.04989056169806
2011-02-23 00:00:00,9.347273262429688
2011-02-23 01:00:00,3.612693823698577
2011-02-23 02:00:00,1.7134057670097818
2011-02-23 03:00:00,1.4378621959059594
2011-02-23 05:00:00,5.837110650923372
2011-02-23 06:00:00,33.06295230054154
2011-02-23 07:00:00,94.78548224288033
2011-02-23 08:00:00,199.52218202624283
2011-02-23 09:00:00,125.922789817656
2011-02-23 10:00:00,53.37948563787557
2011-02-23 11:00:00,54.14435863590875
2011-02-23 12:00:00,68.33527060679444
2011-02-23 13:00:00,74.47720717495157
2011-02-23 14:00:00,66.3552304426942
2011-02-23 15:00:00,77.23472483569721
2011-02-23 16:00:00,105.22211825924896
2011-02-23 17:00:00,217.23552391775613
2011-02-23 18:00:00,199.38233344208604
2011-02-23 19:00:00,133.1135071010696
2011-02-23 20:00:00,85.92056490507636
2011-02-23 21:00:00,57.66221527527044
2011-02-23 22:00:00,43.96895933946434
2011-02-23 23:00:00,26.24803775062343
2011-02-24 00:00:00,12.281483746837582
2011-02-24 01:00:00,4.7978226878248
2011-02-24 02:00:00,2.870547618161825
2011-02-24 03:00:00,1.7007640007599873
2011-02-24 05:00:00,7.003504611352253
2011-02-24 06:00:00,33.37106887752348
2011-02-24 07:00:00,101.69605065608047
2011-02-24 08:00:00,231.20427949350903
2011-02-24 09:00:00,104.12184040949468
2011-02-24 10:00:00,52.78070107355238
2011-02-24 11:00:00,59.00926632917307
2011-02-24 12:00:00,87.22516653524687
2011-02-24 13:00:00,84.4223570701118
2011-02-24 14:00:00,75.35679208075241
2011-02-24 15:00:00,47.141349942952125
2011-02-24 16:00:00,71.44348355646194
2011-02-24 17:00:00,141.59126787649473
2011-02-24 18:00:00,128.99821882948297
2011-02-24 19:00:00,54.91015747364504
2011-02-24 20:00:00,68.40327588691682
2011-02-24 21:00:00,52.47488650424806
2011-02-24 22:00:00,26.05415439776051
2011-02-24 23:00:00,28.972633347526912
2011-02-25 00:00:00,6.962328295246161
2011-02-25 01:00:00,6.21124636928372
2011-02-25 02:00:00,3.661792539648991
2011-02-25 03:00:00,2.187225849697732
2011-02-25 05:00:00,7.366691156644256
2011-02-25 06:00:00,18.67392853697386
2011-02-25 07:00:00,38.94921162764679
2011-02-25 08:00:00,126.00839746197767
2011-02-25 09:00:00,56.8240105569509
2011-02-25 10:00:00,26.846145699125177
2011-02-25 11:00:00,105.71586275787205
2011-02-25 12:00:00,89.07035949174985
2011-02-25 13:00:00,76.58757914671341
2011-02-25 14:00:00,64.39719714330751
2011-02-25 15:00:00,115.15808240012069
2011-02-25 16:00:00,110.43655698738287
2011-02-25 17:00:00,171.77250008756982
2011-02-25 18:00:00,158.72337019572362
2011-02-25 19:00:00,108.20832071171084
2011-02-25 20:00:00,66.23651987683138
2011-02-25 21:00:00,61.0857862973722
2011-02-25 22:00:00,45.40145037843102
2011-02-25 23:00:00,35.52353552611929
2011-02-26 00:00:00,26.363358748026855
2011-02-26 01:00:00,19.639285342601337
2011-02-26 02:00:00,14.434499887353823
2011-02-26 03:00:00,7.4789014176030655
2011-02-26 04:00:00,2.2858283936700485
2011-02-26 05:00:00,1.9124844776877339
2011-02-26 06:00:00,4.497945673448915
2011-02-26 07:00:00,11.958959470775364
2011-02-26 08:00:00,33.367906123637425
2011-02-26 09:00:00,51.10460062622541
2011-02-26 10:00:00,90.44765820047887
2011-02-26 11:00:00,114.7819020072218
2011-02-26 12:00:00,125.4554667219866
2011-02-26 13:00:00,136.49207346623723
2011-02-26 14:00:00,126.83653746261965
2011-02-26 15:00:00,135.6188152762332
2011-02-26 16:00:00,136.78724345191762
2011-02-26 17:00:00,133.52302680053398
2011-02-26 18:00:00,101.22498164277779
2011-02-26 19:00:00,73.5156159142495
2011-02-26 20:00:00,56.734149456813924
2011-02-26 21:00:00,44.25577801019837
2011-02-26 22:00:00,41.67159313414409
2011-02-26 23:00:00,31.291971510500666
2011-02-27 00:00:00,21.1350166598624
2011-02-27 01:00:00,21.6007858361566
2011-02-27 02:00:00,18.457385690146527
2011-02-27 03:00:00,10.189044380328324
2011-02-27 04:00:00,2.4973079321892113
2011-02-27 06:00:00,3.1136527922757122
2011-02-27 07:00:00,10.130514439780354
2011-02-27 08:00:00,26.830976240945017
2011-02-27 09:00:00,53.38539094362193
2011-02-27 10:00:00,79.29153425029155
2011-02-27 11:00:00,126.45716693294901
2011-02-27 12:00:00,147.64712227455496
2011-02-27 13:00:00,157.84473052197177
2011-02-27 14:00:00,154.4976550042098
2011-02-27 15:00:00,174.58804363069723
2011-02-27 16:00:00,191.1597141418977
2011-02-27 17:00:00,128.76616167612772
2011-02-27 18:00:00,99.97010388661153
2011-02-27 19:00:00,81.47055451796598
2011-02-27 20:00:00,64.73124806724957
2011-02-27 21:00:00,52.71341638548772
2011-02-27 22:00:00,41.31244109404579
2011-02-27 23:00:00,24.060708922109665
2011-02-28 00:00:00,15.235834276688598
2011-02-28 01:00:00,2.7212525452646896
2011-02-28 03:00:00,1.2986398211819505
2011-02-28 05:00:00,6.623835137104812
2011-02-28 06:00:00,35.564821469178106
2011-02-28 07:00:00,106.00840608771969
2011-02-28 08:00:00,184.12806387464994
2011-02-28 09:00:00,137.4736498350359
2011-02-28 10:00:00,73.30137926684834
2011-02-28 11:00:00,82.98166641852374
2011-02-28 12:00:00,106.40752378992268
2011-02-28 13:00:00,42.65517193692705
2011-02-28 14:00:00,20.270890536451816
2011-02-28 15:00:00,21.99168926476542
2011-02-28 16:00:00,42.72544048647532
2011-02-28 17:00:00,65.1378757877363
2011-02-28 18:00:00,125.91140919466648
2011-02-28 19:00:00,46.67767357900269
2011-02-28 20:00:00,31.866108246624044
2011-02-28 21:00:00,52.471508105947194
2011-02-28 22:00:00,20.818087786548936
2011-02-28 23:00:00,19.56620408859094
2011-03-20 00:00:00,29.752479675775728
2011-03-20 01:00:00,24.384470591674763
2011-03-20 02:00:00,20.96879364820565
2011-03-20 03:00:00,9.792970505775523
2011-03-20 04:00:00,2.4246349357660577
2011-03-20 05:00:00,1.9950540256730735
2011-03-20 06:00:00,3.2640367225510647
2011-03-20 07:00:00,9.578352565973884
2011-03-20 08:00:00,30.14758841844629
2011-03-20 09:00:00,55.24682288067528
2011-03-20 10:00:00,80.82375683868716
2011-03-20 11:00:00,115.2361370694945
2011-03-20 12:00:00,148.61758681076634
2011-03-20 13:00:00,146.08459227353973
2011-03-20 14:00:00,140.87608252500326
2011-03-20 15:00:00,139.85910008906095
2011-03-20 16:00:00,142.63869847891658
2011-03-20 17:00:00,116.89242941420532
2011-03-20 18:00:00,99.99282921278187
2011-03-20 19:00:00,76.06732001263215
2011-03-20 20:00:00,58.396917858500906
2011-03-20 21:00:00,40.79328846989607
2011-03-20 22:00:00,33.871711754822186
2011-03-20 23:00:00,13.757264797422426
2011-03-21 00:00:00,12.242514471892335
2011-03-21 01:00:00,5.614418726587073
2011-03-21 02:00:00,4.659540317945811
2011-03-21 03:00:00,2.0348761531043107
2011-03-21 05:00:00,10.65184822748288
2011-03-21 06:00:00,38.715761114130174
2011-03-21 07:00:00,61.9143460575166
2011-03-21 08:00:00,208.46670366181098
2011-03-21 09:00:00,126.10548975318025
2011-03-21 10:00:00,61.81043775537933
2011-03-21 11:00:00,92.47629010407842
2011-03-21 12:00:00,106.87163151438574
2011-03-21 13:00:00,140.88250925520452
2011-03-21 14:00:00,137.8331839981188
2011-03-21 15:00:00,153.03413506578224
2011-03-21 16:00:00,208.4352808996488
2011-03-21 17:00:00,440.8902945600849
2011-03-21 18:00:00,408.8646952091016
2011-03-21 19:00:00,308.99058105931726
2011-03-21 20:00:00,231.7797669915017
2011-03-21 21:00:00,111.8985808858156
2011-03-21 22:00:00,95.04542657573394
2011-03-21 23:00:00,56.563517572008124
2011-03-22 00:00:00,26.442952675439876
2011-03-22 01:00:00,6.491268184772906
2011-03-22 02:00:00,5.190607411499215
2011-03-22 03:00:00,3.699370992264098
2011-03-22 04:00:00,3.3113915949447517
2011-03-22 05:00:00,15.098973132051485
2011-03-22 06:00:00,71.21959954577137
2011-03-22 07:00:00,219.28911871297584
2011-03-22 08:00:00,396.13173672811973
2011-03-22 09:00:00,173.15043940970983
2011-03-22 10:00:00,91.4467984575568
2011-03-22 11:00:00,100.10935778992878
2011-03-22 12:00:00,150.0228510390888
2011-03-22 13:00:00,151.0000692820389
2011-03-22 14:00:00,130.17979705323413
2011-03-22 15:00:00,146.11294631234276
2011-03-22 16:00:00,227.197298371287
2011-03-22 17:00:00,442.4494727688736
2011-03-22 18:00:00,424.0241778332859
2011-03-22 19:00:00,232.52676212801913
2011-03-22 20:00:00,147.01376950269028
2011-03-22 21:00:00,116.15352891034769
2011-03-22 22:00:00,83.80852893292163
2011-03-22 23:00:00,50.12018605350001
2011-03-23 00:00:00,12.803493393501894
2011-03-23 01:00:00,5.752651403001157
2011-03-23 02:00:00,3.670103967007601
2011-03-23 03:00:00,2.2480490840469853
2011-03-23 05:00:00,7.118735994352199
2011-03-23 06:00:00,54.306822890486536
2011-03-23 07:00:00,132.07680728505235
2011-03-23 08:00:00,307.1324341479843
2011-03-23 09:00:00,134.65105357512434
2011-03-23 10:00:00,61.85255714220058
2011-03-23 11:00:00,66.50562947979218
2011-03-23 12:00:00,77.68028711042892
2011-03-23 13:00:00,42.82896860158175
2011-03-23 14:00:00,84.43513716071554
2011-03-23 15:00:00,89.35386408343565
2011-03-23 16:00:00,155.15214353728342
2011-03-23 17:00:00,310.8966653991302
2011-03-23 18:00:00,140.92726054998988
2011-03-23 19:00:00,101.93483927166449
2011-03-23 20:00:00,32.51893173661062
2011-03-23 21:00:00,21.884975868192562
2011-03-23 22:00:00,49.68203901022501
2011-03-23 23:00:00,18.627839338996182
2011-03-24 00:00:00,15.29052821006534
2011-03-24 01:00:00,5.379565215253406
2011-03-24 02:00:00,3.8854618715213323
2011-03-24 03:00:00,2.0975066071455832
2011-03-24 04:00:00,1.9528192294547233
2011-03-24 05:00:00,11.165194980605268
2011-03-24 06:00:00,52.03948227434388
2011-03-24 07:00:00,63.35676275326944
2011-03-24 08:00:00,142.2960702354491
2011-03-24 09:00:00,122.65206518179419
2011-03-24 10:00:00,45.67742587655809
2011-03-24 11:00:00,59.8698256366563
2011-03-24 12:00:00,87.00652679694325
2011-03-24 13:00:00,88.61653793989686
2011-03-24 14:00:00,82.82497505631211
2011-03-24 15:00:00,83.48140537324656
2011-03-24 16:00:00,120.19184024847767
2011-03-24 17:00:00,239.47006271574108
2011-03-24 18:00:00,228.5641124895889
2011-03-24 19:00:00,161.3043512936885
2011-03-24 20:00:00,118.73436151621914
2011-03-24 21:00:00,78.01384940823782
2011-03-24 22:00:00,63.78401293821682
2011-03-24 23:00:00,37.62781774758866
2011-03-25 00:00:00,19.160301062419904
2011-03-25 01:00:00,9.292489198067207
2011-03-25 02:00:00,5.633458619511675
2011-03-25 03:00:00,2.8413267840634915
2011-03-25 04:00:00,2.239504610186736
2011-03-25 05:00:00,9.842960138607596
2011-03-25 06:00:00,45.68359441478855
2011-03-25 07:00:00,115.32074021942913
2011-03-25 08:00:00,266.2773144428856
2011-03-25 09:00:00,149.25975641084884
2011-03-25 10:00:00,78.61836371744852
2011-03-25 11:00:00,89.80265539422071
2011-03-25 12:00:00,124.23642131321652
2011-03-25 13:00:00,116.72250083128328
2011-03-25 14:00:00,119.65615286443412
2011-03-25 15:00:00,112.44615302448291
2011-03-25 16:00:00,153.05018595663634
2011-03-25 17:00:00,233.38245879728615
2011-03-25 18:00:00,218.14176959002424
2011-03-25 19:00:00,142.15279201517185
2011-03-25 20:00:00,98.06188885785392
2011-03-25 21:00:00,80.25945614283116
2011-03-25 22:00:00,69.00184769899585
2011-03-25 23:00:00,46.29662149840945
2011-03-26 00:00:00,37.522513559394
2011-03-26 01:00:00,30.89044228338097
2011-03-26 02:00:00,22.889766084648066
2011-03-26 03:00:00,8.668118674044544
2011-03-26 04:00:00,3.1283042170712707
2011-03-26 05:00:00,3.1552791880756983
2011-03-26 06:00:00,9.33980776754681
2011-03-26 07:00:00,17.296213194202238
2011-03-26 08:00:00,49.19731798075842
2011-03-26 09:00:00,79.87387534661161
2011-03-26 10:00:00,112.7055969090579
2011-03-26 11:00:00,154.1418298464239
2011-03-26 12:00:00,177.0675528086658
2011-03-26 13:00:00,187.86529257050785
2011-03-26 14:00:00,190.28088636240696
2011-03-26 15:00:00,194.85980346231423
2011-03-26 16:00:00,185.05507804349875
2011-03-26 17:00:00,153.96885681282853
2011-03-26 18:00:00,128.20854822742234
2011-03-26 19:00:00,98.56406017796239
2011-03-26 20:00:00,74.10078197878198
2011-03-26 21:00:00,54.71339553753301
2011-03-26 22:00:00,57.594769474469764
2011-03-26 23:00:00,43.14290696974709
2011-03-27 00:00:00,34.69920164770409
2011-03-27 01:00:00,29.2131660280227
2011-03-27 02:00:00,31.344572823852285
2011-03-27 03:00:00,9.490867715246747
2011-03-27 04:00:00,3.9247413984706117
2011-03-27 06:00:00,5.038043878970145
2011-03-27 07:00:00,11.239241565728536
2011-03-27 08:00:00,33.72473157645039
2011-03-27 09:00:00,69.73780790818343
2011-03-27 10:00:00,89.3049940258515
2011-03-27 11:00:00,116.69785848515774
2011-03-27 12:00:00,138.30342995953137
2011-03-27 13:00:00,168.04258466844868
2011-03-27 14:00:00,164.6600964347212
2011-03-27 15:00:00,155.5802547954783
2011-03-27 16:00:00,171.80235931166897
2011-03-27 17:00:00,142.95340172082763
2011-03-27 18:00:00,119.06610622585143
2011-03-27 19:00:00,96.67508872323432
2011-03-27 20:00:00,72.49885437757177
2011-03-27 21:00:00,52.51555800832966
2011-03-27 22:00:00,43.996051920145796
2011-03-27 23:00:00,26.493985125696486
2011-03-28 00:00:00,14.536350158502007
2011-03-28 01:00:00,4.901224893898483
2011-03-28 02:00:00,3.959332517991317
2011-03-28 03:00:00,1.8825434086441732
2011-03-28 05:00:00,7.9532284406578455
2011-03-28 06:00:00,41.55102102798996
2011-03-28 07:00:00,115.29554001960265
2011-03-28 08:00:00,238.35301722941512
2011-03-28 09:00:00,127.63894756988051
2011-03-28 10:00:00,61.129613046239086
2011-03-28 11:00:00,58.806795937059945
2011-03-28 12:00:00,78.4094632444877
2011-03-28 13:00:00,83.29197289145365
2011-03-28 14:00:00,78.43216928564755
2011-03-28 15:00:00,81.88456495657081
2011-03-28 16:00:00,133.30109942973732
2011-03-28 17:00:00,260.64289577168654
2011-03-28 18:00:00,234.72654470912335
2011-03-28 19:00:00,170.70718306630195
2011-03-28 20:00:00,117.91298721133751
2011-03-28 21:00:00,87.9923416587996
2011-03-28 22:00:00,57.8731573198635
2011-03-28 23:00:00,30.860136568276356
2011-03-29 00:00:00,14.739367346963068
2011-03-29 01:00:00,4.3041843964339
2011-03-29 02:00:00,3.0998720690804755
2011-03-29 03:00:00,1.7486921759818779
2011-03-29 04:00:00,1.9261703962433028
2011-03-29 05:00:00,8.998382717246846
2011-03-29 06:00:00,46.921398607806786
2011-03-29 07:00:00,127.0285176731864
2011-03-29 08:00:00,262.54170099134217
2011-03-29 09:00:00,142.91830078760265
2011-03-29 10:00:00,67.3524893735901
2011-03-29 11:00:00,71.5851084129596
2011-03-29 12:00:00,100.89018921053176
2011-03-29 13:00:00,94.42226077764272
2011-03-29 14:00:00,93.95667689243129
2011-03-29 15:00:00,103.26238367761003
2011-03-29 16:00:00,155.34071132370858
2011-03-29 17:00:00,362.5007640043489
2011-03-29 18:00:00,304.1799162435328
2011-03-29 19:00:00,181.60964708455623
2011-03-29 20:00:00,141.4407634257534
2011-03-29 21:00:00,96.44168771465588
2011-03-29 22:00:00,71.33747997665643
2011-03-29 23:00:00,38.32700813304685
2011-03-30 00:00:00,18.462203987695975
2011-03-30 01:00:00,7.035705414330304
2011-03-30 02:00:00,3.815264966390425
2011-03-30 03:00:00,2.288162005413397
2011-03-30 04:00:00,2.0753185101747116
2011-03-30 05:00:00,11.827152199778478
2011-03-30 06:00:00,62.2354211037731
2011-03-30 07:00:00,181.01878083614199
2011-03-30 08:00:00,333.4705584623976
2011-03-30 09:00:00,151.8958926152579
2011-03-30 10:00:00,71.74961354956808
2011-03-30 11:00:00,76.88635224234137
2011-03-30 12:00:00,102.81657358218808
2011-03-30 13:00:00,100.27869906354302
2011-03-30 14:00:00,89.2538135821315
2011-03-30 15:00:00,38.914632257288275
2011-03-30 16:00:00,52.588197573052994
2011-03-30 17:00:00,104.91543176426408
2011-03-30 18:00:00,145.78015823935687
2011-03-30 19:00:00,107.94752664675973
2011-03-30 20:00:00,46.80304967833962
2011-03-30 21:00:00,53.842984280117086
2011-03-30 22:00:00,33.48044782083652
2011-03-30 23:00:00,18.151328178947143
2011-03-31 00:00:00,11.488994274426242
2011-03-31 01:00:00,5.58538365208065
2011-03-31 02:00:00,5.007659492030746
2011-03-31 03:00:00,2.1301351701531863
2011-03-31 04:00:00,2.0757521875048957
2011-03-31 05:00:00,9.415404806639334
2011-03-31 06:00:00,31.63896542233619
2011-03-31 07:00:00,90.50799528507048
2011-03-31 08:00:00,210.22147747897327
2011-03-31 09:00:00,90.47464264137646
2011-03-31 10:00:00,42.32813570572971
2011-03-31 11:00:00,36.979150299309964
2011-03-31 12:00:00,44.07697802765005
2011-03-31 13:00:00,45.64658835785433
2011-03-31 14:00:00,41.082553498974036
2011-03-31 15:00:00,33.25253052573006
2011-03-31 16:00:00,97.00910759583786
2011-03-31 17:00:00,192.08625029407165
2011-03-31 18:00:00,196.03969522986208
2011-03-31 19:00:00,148.1167091587584
2011-03-31 20:00:00,55.43663896082882
2011-03-31 21:00:00,73.9866429563676
2011-03-31 22:00:00,33.447182550312924
2011-03-31 23:00:00,19.9978533924731
2011-04-20 00:00:00,26.045845186372972
2011-04-20 01:00:00,7.649877492113044
2011-04-20 02:00:00,5.712936087679162
2011-04-20 03:00:00,3.051021632115533
2011-04-20 04:00:00,2.3345570641850646
2011-04-20 05:00:00,11.941636782277909
2011-04-20 06:00:00,63.66763454394979
2011-04-20 07:00:00,185.92784163142707
2011-04-20 08:00:00,428.15150898864323
2011-04-20 09:00:00,245.47252356164947
2011-04-20 10:00:00,130.2581095706349
2011-04-20 11:00:00,147.60157554336553
2011-04-20 12:00:00,191.13079342745044
2011-04-20 13:00:00,181.25242323351176
2011-04-20 14:00:00,158.96235461338773
2011-04-20 15:00:00,172.17532701640005
2011-04-20 16:00:00,252.18895846255998
2011-04-20 17:00:00,495.54798358671934
2011-04-20 18:00:00,508.81034334535076
2011-04-20 19:00:00,372.54054111887507
2011-04-20 20:00:00,287.74334470497956
2011-04-20 21:00:00,199.93725731436098
2011-04-20 22:00:00,146.80580051930986
2011-04-20 23:00:00,82.28326092939388
2011-04-21 00:00:00,34.902924659648505
2011-04-21 01:00:00,14.319344426028813
2011-04-21 02:00:00,9.359626239376114
2011-04-21 03:00:00,3.440791737174012
2011-04-21 04:00:00,2.801412880980045
2011-04-21 05:00:00,14.952261787268545
2011-04-21 06:00:00,71.40183640102684
2011-04-21 07:00:00,229.66286241375553
2011-04-21 08:00:00,407.2872508518466
2011-04-21 09:00:00,213.78411660581494
2011-04-21 10:00:00,102.51752258541555
2011-04-21 11:00:00,114.33164405794159
2011-04-21 12:00:00,171.67462342606103
2011-04-21 13:00:00,160.2072806199805
2011-04-21 14:00:00,141.06661203963517
2011-04-21 15:00:00,163.78253115665655
2011-04-21 16:00:00,238.86370738924785
2011-04-21 17:00:00,454.51542178572953
2011-04-21 18:00:00,416.54821858661734
2011-04-21 19:00:00,280.64482608368974
2011-04-21 20:00:00,192.32222212500164
2011-04-21 21:00:00,134.98172158120838
2011-04-21 22:00:00,111.84605189271038
2011-04-21 23:00:00,69.35846216414924
2011-04-22 00:00:00,27.439519120719797
2011-04-22 01:00:00,14.793459320739572
2011-04-22 02:00:00,9.397023721823324
2011-04-22 03:00:00,3.9478775879284123
2011-04-22 04:00:00,2.7236755249452806
2011-04-22 05:00:00,13.130460798684199
2011-04-22 06:00:00,58.9324604859786
2011-04-22 07:00:00,161.631975048165
2011-04-22 08:00:00,345.5765824897007
2011-04-22 09:00:00,111.31978244034524
2011-04-22 10:00:00,96.78844253122291
2011-04-22 11:00:00,62.89997952870469
2011-04-22 12:00:00,83.12396617299893
2011-04-22 13:00:00,53.860758756611695
2011-04-22 14:00:00,43.9594504552185
2011-04-22 15:00:00,53.52441078157108
2011-04-22 16:00:00,81.08945416146689
2011-04-22 17:00:00,114.96180948098795
2011-04-22 18:00:00,100.8132322836603
2011-04-22 19:00:00,74.5620827097752
2011-04-22 20:00:00,49.345009279167876
2011-04-22 21:00:00,41.761642669913755
2011-04-22 22:00:00,33.72636593662703
2011-04-22 23:00:00,27.619950485667218
2011-04-23 00:00:00,41.743553215985145
2011-04-23 01:00:00,35.29127141711087
2011-04-23 02:00:00,18.9718456756744
2011-04-23 03:00:00,7.2487010978785245
2011-04-23 04:00:00,2.809384118133747
2011-04-23 05:00:00,3.2025450500591206
2011-04-23 06:00:00,11.5173940887139
2011-04-23 07:00:00,13.049425928333292
2011-04-23 08:00:00,50.150971943741965
2011-04-23 09:00:00,60.956640878426825
2011-04-23 10:00:00,138.83430894612187
2011-04-23 11:00:00,198.48071190534841
2011-04-23 12:00:00,267.442842536859
2011-04-23 13:00:00,272.92992733851617
2011-04-23 14:00:00,346.3182170334762
2011-04-23 15:00:00,374.34511749860553
2011-04-23 16:00:00,380.86254724014543
2011-04-23 17:00:00,344.3742599225026
2011-04-23 18:00:00,290.9965679942078
2011-04-23 19:00:00,206.31149349990156
2011-04-23 20:00:00,138.6226725094488
2011-04-23 21:00:00,115.725450981779
2011-04-23 22:00:00,120.4687236280402
2011-04-23 23:00:00,93.08151958695892
2011-04-24 00:00:00,80.72937410733209
2011-04-24 01:00:00,69.87686886645649
2011-04-24 02:00:00,58.1317646830229
2011-04-24 03:00:00,23.62552944584484
2011-04-24 04:00:00,6.9217320140666345
2011-04-24 05:00:00,8.160614926487431
2011-04-24 06:00:00,10.260544321008016
2011-04-24 07:00:00,22.859821623310232
2011-04-24 08:00:00,74.04715622230216
2011-04-24 09:00:00,141.0743999966556
2011-04-24 10:00:00,287.5203949613208
2011-04-24 11:00:00,352.80837222185755
2011-04-24 12:00:00,408.11014438681974
2011-04-24 13:00:00,403.5401386085589
2011-04-24 14:00:00,388.4512579016499
2011-04-24 15:00:00,402.2559753484702
2011-04-24 16:00:00,364.1063124077606
2011-04-24 17:00:00,333.93438411648924
2011-04-24 18:00:00,298.40891383010205
2011-04-24 19:00:00,142.8683684717593
2011-04-24 20:00:00,106.90093762092424
2011-04-24 21:00:00,73.28759205488369
2011-04-24 22:00:00,45.2312040117251
2011-04-24 23:00:00,29.80184749658456
2011-04-25 00:00:00,14.490627957140841
2011-04-25 01:00:00,8.7923197908806
2011-04-25 02:00:00,5.594278785952241
2011-04-25 03:00:00,2.6320800410340155
2011-04-25 04:00:00,4.0808266310483985
2011-04-25 05:00:00,12.69158010017478
2011-04-25 06:00:00,58.217321854987865
2011-04-25 07:00:00,169.91058917455095
2011-04-25 08:00:00,422.2891705656982
2011-04-25 09:00:00,218.67437896182685
2011-04-25 10:00:00,122.90126508701286
2011-04-25 11:00:00,139.2973049370004
2011-04-25 12:00:00,184.99279990444867
2011-04-25 13:00:00,180.2691501438478
2011-04-25 14:00:00,163.32482625007566
2011-04-25 15:00:00,169.3118396691263
2011-04-25 16:00:00,247.99260679937473
2011-04-25 17:00:00,519.830104635587
2011-04-25 18:00:00,482.32274899205095
2011-04-25 19:00:00,355.0663341091811
2011-04-25 20:00:00,261.27553318242246
2011-04-25 21:00:00,179.85924097254903
2011-04-25 22:00:00,120.08904197105501
2011-04-25 23:00:00,62.21145532609449
2011-04-26 00:00:00,32.674199638373
2011-04-26 01:00:00,11.471470431302953
2011-04-26 02:00:00,5.169669073929894
2011-04-26 03:00:00,3.834217241484201
2011-04-26 04:00:00,4.771509784784172
2011-04-26 05:00:00,20.136902828651248
2011-04-26 06:00:00,99.92118912360375
2011-04-26 07:00:00,243.7493280208916
2011-04-26 08:00:00,373.02090278421923
2011-04-26 09:00:00,208.86287872931476
2011-04-26 10:00:00,122.56136130514265
2011-04-26 11:00:00,133.78708152170782
2011-04-26 12:00:00,178.08602212131836
2011-04-26 13:00:00,167.26265362671504
2011-04-26 14:00:00,159.82840231347097
2011-04-26 15:00:00,165.81083082273258
2011-04-26 16:00:00,259.34217980368004
2011-04-26 17:00:00,499.14941884447495
2011-04-26 18:00:00,451.9385896164751
2011-04-26 19:00:00,318.0040448335572
2011-04-26 20:00:00,232.79186326588228
2011-04-26 21:00:00,176.1041099104823
2011-04-26 22:00:00,107.02314842860224
2011-04-26 23:00:00,62.74909035537155
2011-04-27 00:00:00,34.087424727934184
2011-04-27 01:00:00,13.09560799359054
2011-04-27 02:00:00,5.186949855790298
2011-04-27 03:00:00,3.7780379671572666
2011-04-27 04:00:00,3.7861654621343557
2011-04-27 05:00:00,13.348064542597925
2011-04-27 06:00:00,73.31093715410184
2011-04-27 07:00:00,233.00475497174313
2011-04-27 08:00:00,346.05824263133866
2011-04-27 09:00:00,153.3820482849611
2011-04-27 10:00:00,100.409934070091
2011-04-27 11:00:00,123.45632837657185
2011-04-27 12:00:00,179.05116043008474
2011-04-27 13:00:00,170.6524741730557
2011-04-27 14:00:00,161.91829239245638
2011-04-27 15:00:00,162.9086097582903
2011-04-27 16:00:00,239.33940403835115
2011-04-27 17:00:00,260.9430978908083
2011-04-27 18:00:00,270.17941261545906
2011-04-27 19:00:00,334.26417672099865
2011-04-27 20:00:00,204.89865616827856
2011-04-27 21:00:00,149.9215017831831
2011-04-27 22:00:00,90.79660077807291
2011-04-27 23:00:00,52.94007063567724
2011-04-28 00:00:00,35.58960253006464
2011-04-28 01:00:00,10.837276428863161
2011-04-28 02:00:00,5.625255777367039
2011-04-28 03:00:00,4.376253944378353
2011-04-28 04:00:00,3.7743513297542126
2011-04-28 05:00:00,16.686540447154805
2011-04-28 06:00:00,98.02663497319807
2011-04-28 07:00:00,260.31745363851195
2011-04-28 08:00:00,410.58795233936985
2011-04-28 09:00:00,115.75402553159208
2011-04-28 10:00:00,90.77295715393359
2011-04-28 11:00:00,109.65152393974314
2011-04-28 12:00:00,159.9788448178586
2011-04-28 13:00:00,126.1720371790571
2011-04-28 14:00:00,130.92840741975473
2011-04-28 15:00:00,179.7215054609321
2011-04-28 16:00:00,261.6938006298518
2011-04-28 17:00:00,523.7529038854457
2011-04-28 18:00:00,500.20119546016014
2011-04-28 19:00:00,352.2539608625782
2011-04-28 20:00:00,263.66342358759994
2011-04-28 21:00:00,191.28650401170322
2011-04-28 22:00:00,144.75651483784623
2011-04-28 23:00:00,91.01808380741461
2011-04-29 00:00:00,40.16992936238889
2011-04-29 01:00:00,22.31899941480548
2011-04-29 02:00:00,14.732114310388916
2011-04-29 03:00:00,5.964543834595258
2011-04-29 04:00:00,4.431833374179153
2011-04-29 05:00:00,22.14269122504343
2011-04-29 06:00:00,88.80086434555854
2011-04-29 07:00:00,280.53289354158636
2011-04-29 08:00:00,450.94821858370415
2011-04-29 09:00:00,248.56895932589075
2011-04-29 10:00:00,153.13190845116858
2011-04-29 11:00:00,190.36344132582178
2011-04-29 12:00:00,227.78730568813003
2011-04-29 13:00:00,215.52694405530562
2011-04-29 14:00:00,206.84219795498336
2011-04-29 15:00:00,192.40011511676033
2011-04-29 16:00:00,270.82233410967683
2011-04-29 17:00:00,427.1772901141656
2011-04-29 18:00:00,391.75239693541926
2011-04-29 19:00:00,259.8943658895088
2011-04-29 20:00:00,173.0027805429535
2011-04-29 21:00:00,139.23792168141333
2011-04-29 22:00:00,123.2478843919283
2011-04-29 23:00:00,87.32002306918662
2011-04-30 00:00:00,62.863722495521195
2011-04-30 01:00:00,51.212458072992476
2011-04-30 02:00:00,40.383798402030145
2011-04-30 03:00:00,15.666295940484748
2011-04-30 04:00:00,4.738606689802276
2011-04-30 05:00:00,5.9350990787583795
2011-04-30 06:00:00,17.56748189177663
2011-04-30 07:00:00,31.619194695985485
2011-04-30 08:00:00,79.35330981295411
2011-04-30 09:00:00,120.08793123433585
2011-04-30 10:00:00,225.03764066663953
2011-04-30 11:00:00,280.6811876966181
2011-04-30 12:00:00,357.2217519463051
2011-04-30 13:00:00,369.45010177998074
2011-04-30 14:00:00,365.4762280471328
2011-04-30 15:00:00,379.34552648065875
2011-04-30 16:00:00,356.11373068429594
2011-04-30 17:00:00,332.7676322538169
2011-04-30 18:00:00,277.78184186739935
2011-04-30 19:00:00,248.12221676164282
2011-04-30 20:00:00,127.39168967776597
2011-04-30 21:00:00,105.45715344983942
2011-04-30 22:00:00,94.82919220715924
2011-04-30 23:00:00,80.50629016104334
2011-05-20 00:00:00,31.25498231518073
2011-05-20 01:00:00,15.76034530707767
2011-05-20 02:00:00,10.052765680721746
2011-05-20 03:00:00,4.323630439369992
2011-05-20 04:00:00,3.618144950032795
2011-05-20 05:00:00,17.359750380023367
2011-05-20 06:00:00,92.71569279664826
2011-05-20 07:00:00,288.79829322211924
2011-05-20 08:00:00,458.38688606370874
2011-05-20 09:00:00,243.12154720211052
2011-05-20 10:00:00,151.5743575822122
2011-05-20 11:00:00,165.80326402741557
2011-05-20 12:00:00,234.5103229729751
2011-05-20 13:00:00,168.16440695932494
2011-05-20 14:00:00,201.6262881273502
2011-05-20 15:00:00,213.60444169533497
2011-05-20 16:00:00,302.3579181103998
2011-05-20 17:00:00,504.3241025643787
2011-05-20 18:00:00,481.80330933492087
2011-05-20 19:00:00,315.59821031106685
2011-05-20 20:00:00,219.07305650771266
2011-05-20 21:00:00,179.73972447860507
2011-05-20 22:00:00,155.66265074335092
2011-05-20 23:00:00,114.2676870513276
2011-05-21 00:00:00,99.72470119193827
2011-05-21 01:00:00,73.85740063775242
2011-05-21 02:00:00,60.10506100727502
2011-05-21 03:00:00,25.568186667363978
2011-05-21 04:00:00,6.508108669821172
2011-05-21 05:00:00,7.8734784273453835
2011-05-21 06:00:00,24.929147420391722
2011-05-21 07:00:00,51.11231312395079
2011-05-21 08:00:00,110.08157528563504
2011-05-21 09:00:00,204.7948926327676
2011-05-21 10:00:00,307.21650346430954
2011-05-21 11:00:00,377.68936887424144
2011-05-21 12:00:00,439.55445045432873
2011-05-21 13:00:00,445.63081484034217
2011-05-21 14:00:00,427.5143999831148
2011-05-21 15:00:00,422.89492523843876
2011-05-21 16:00:00,394.70088997757904
2011-05-21 17:00:00,370.72147663984686
2011-05-21 18:00:00,316.1313564270469
2011-05-21 19:00:00,295.04662821056917
2011-05-21 20:00:00,225.14866155696023
2011-05-21 21:00:00,184.93452278371862
2011-05-21 22:00:00,158.34865197087865
2011-05-21 23:00:00,129.87008564181605
2011-05-22 00:00:00,81.31483110136762
2011-05-22 01:00:00,65.27201211738912
2011-05-22 02:00:00,55.04714339382569
2011-05-22 03:00:00,21.08144501337773
2011-05-22 04:00:00,5.950691740211256
2011-05-22 05:00:00,7.410450097498891
2011-05-22 06:00:00,15.106271838823632
2011-05-22 07:00:00,38.668814612662324
2011-05-22 08:00:00,105.65217386728348
2011-05-22 09:00:00,190.62776642342143
2011-05-22 10:00:00,272.9067128345553
2011-05-22 11:00:00,351.6018670693081
2011-05-22 12:00:00,380.87853052635256
2011-05-22 13:00:00,404.8801041482157
2011-05-22 14:00:00,274.9853136930585
2011-05-22 15:00:00,395.7833961460835
2011-05-22 16:00:00,399.13382198716846
2011-05-22 17:00:00,365.9049750343623
2011-05-22 18:00:00,304.95989371521824
2011-05-22 19:00:00,266.93636780172926
2011-05-22 20:00:00,203.14413374448336
2011-05-22 21:00:00,154.67992060053302
2011-05-22 22:00:00,114.77756876999827
2011-05-22 23:00:00,59.1925719696124
2011-05-23 00:00:00,26.741858829874243
2011-05-23 01:00:00,12.277314528745958
2011-05-23 02:00:00,7.016596564225008
2011-05-23 03:00:00,3.1767993306927838
2011-05-23 04:00:00,4.569918642015078
2011-05-23 05:00:00,14.833025473163863
2011-05-23 06:00:00,62.71804114937588
2011-05-23 07:00:00,190.56253843690345
2011-05-23 08:00:00,405.8597876084452
2011-05-23 09:00:00,198.94076952298056
2011-05-23 10:00:00,122.77940673919117
2011-05-23 11:00:00,135.74939594127284
2011-05-23 12:00:00,177.28924956475498
2011-05-23 13:00:00,164.57559994556746
2011-05-23 14:00:00,132.5968762233566
2011-05-23 15:00:00,147.44946769976676
2011-05-23 16:00:00,236.09990540615544
2011-05-23 17:00:00,511.1643148608389
2011-05-23 18:00:00,476.7238095765423
2011-05-23 19:00:00,394.330486819546
2011-05-23 20:00:00,240.71485535694654
2011-05-23 21:00:00,166.124878601261
2011-05-23 22:00:00,91.29609746407786
2011-05-23 23:00:00,53.86191265404682
2011-05-24 00:00:00,21.149601926675587
2011-05-24 01:00:00,8.724977461713085
2011-05-24 02:00:00,4.61828215579353
2011-05-24 03:00:00,3.1034844730335798
2011-05-24 04:00:00,5.602883888006237
2011-05-24 05:00:00,14.264503079776802
2011-05-24 06:00:00,74.66594577422393
2011-05-24 07:00:00,198.26788974882598
2011-05-24 08:00:00,316.1618925579277
2011-05-24 09:00:00,202.2889480882692
2011-05-24 10:00:00,131.02222630277774
2011-05-24 11:00:00,143.61538087813145
2011-05-24 12:00:00,182.42940486599815
2011-05-24 13:00:00,176.17744341116736
2011-05-24 14:00:00,151.70149060604055
2011-05-24 15:00:00,152.4860580875224
2011-05-24 16:00:00,264.2813583393074
2011-05-24 17:00:00,552.526259689817
2011-05-24 18:00:00,502.18546503762155
2011-05-24 19:00:00,384.1182797604538
2011-05-24 20:00:00,297.6173910495346
2011-05-24 21:00:00,205.1023453682164
2011-05-24 22:00:00,78.03559695010486
2011-05-24 23:00:00,88.3121371680993
2011-05-25 00:00:00,21.96212856832525
2011-05-25 01:00:00,11.45067255598469
2011-05-25 02:00:00,5.16929840059966
2011-05-25 03:00:00,3.5463732139157647
2011-05-25 04:00:00,3.733378291012421
2011-05-25 05:00:00,23.46650929438421
2011-05-25 06:00:00,81.42628334784638
2011-05-25 07:00:00,327.6020360739582
2011-05-25 08:00:00,468.2857302417932
2011-05-25 09:00:00,241.38918748113346
2011-05-25 10:00:00,137.6467953940315
2011-05-25 11:00:00,152.19849682179668
2011-05-25 12:00:00,202.73696470495796
2011-05-25 13:00:00,192.8236891627692
2011-05-25 14:00:00,171.5321903583752
2011-05-25 15:00:00,172.41935777059777
2011-05-25 16:00:00,248.53410050259302
2011-05-25 17:00:00,512.4248968449938
2011-05-25 18:00:00,515.2709514633749
2011-05-25 19:00:00,390.85009664247474
2011-05-25 20:00:00,289.78670011921486
2011-05-25 21:00:00,207.90460366794434
2011-05-25 22:00:00,147.94679283447445
2011-05-25 23:00:00,90.44547633880677
2011-05-26 00:00:00,39.580106980819885
2011-05-26 01:00:00,16.54823990344068
2011-05-26 02:00:00,8.852412999107587
2011-05-26 03:00:00,5.3277814503741565
2011-05-26 04:00:00,5.613897696447344
2011-05-26 05:00:00,21.5959407732879
2011-05-26 06:00:00,71.9699568966474
2011-05-26 07:00:00,202.0368925045781
2011-05-26 08:00:00,463.900392008392
2011-05-26 09:00:00,244.29913202107466
2011-05-26 10:00:00,129.45367482311121
2011-05-26 11:00:00,148.16283564852566
2011-05-26 12:00:00,193.0398659530849
2011-05-26 13:00:00,178.14811944359633
2011-05-26 14:00:00,153.70246904300848
2011-05-26 15:00:00,156.37167339722546
2011-05-26 16:00:00,234.8648457317519
2011-05-26 17:00:00,497.52862190555305
2011-05-26 18:00:00,472.5731944556451
2011-05-26 19:00:00,338.95959214392417
2011-05-26 20:00:00,291.1811822217845
2011-05-26 21:00:00,218.95206025946965
2011-05-26 22:00:00,162.83253085750218
2011-05-26 23:00:00,102.27884993634157
2011-05-27 00:00:00,46.36665348097573
2011-05-27 01:00:00,25.24928324016992
2011-05-27 02:00:00,14.808322339181094
2011-05-27 03:00:00,6.620631312255802
2011-05-27 04:00:00,6.55343386602362
2011-05-27 05:00:00,23.04528565618463
2011-05-27 06:00:00,113.3852330843726
2011-05-27 07:00:00,304.1859946129072
2011-05-27 08:00:00,487.7987650025265
2011-05-27 09:00:00,250.6527438903675
2011-05-27 10:00:00,154.3552984542156
2011-05-27 11:00:00,175.1521388408365
2011-05-27 12:00:00,219.69855187095092
2011-05-27 13:00:00,237.07695864643145
2011-05-27 14:00:00,208.80690736914565
2011-05-27 15:00:00,211.09830932820918
2011-05-27 16:00:00,282.5780235582534
2011-05-27 17:00:00,497.5729337199915
2011-05-27 18:00:00,428.75678111737363
2011-05-27 19:00:00,219.17679982633385
2011-05-27 20:00:00,189.3541734741369
2011-05-27 21:00:00,175.9034278756355
2011-05-27 22:00:00,180.39239541659876
2011-05-27 23:00:00,107.46556225396934
2011-05-28 00:00:00,89.45120627482144
2011-05-28 01:00:00,75.69754650253832
2011-05-28 02:00:00,39.1620340602874
2011-05-28 03:00:00,25.25957546507214
2011-05-28 04:00:00,6.270571333471119
2011-05-28 05:00:00,9.440410289940434
2011-05-28 06:00:00,24.725615729253473
2011-05-28 07:00:00,49.12052831881621
2011-05-28 08:00:00,139.0321262592102
2011-05-28 09:00:00,206.7867167222008
2011-05-28 10:00:00,301.2481633199424
2011-05-28 11:00:00,368.67238795469166
2011-05-28 12:00:00,441.21067276183516
2011-05-28 13:00:00,450.77369386513794
2011-05-28 14:00:00,429.83604907190755
2011-05-28 15:00:00,426.0097588757389
2011-05-28 16:00:00,386.5351668665695
2011-05-28 17:00:00,371.33523586880204
2011-05-28 18:00:00,329.56988718245276
2011-05-28 19:00:00,282.54444518312795
2011-05-28 20:00:00,224.47846185623553
2011-05-28 21:00:00,177.44113578825485
2011-05-28 22:00:00,171.0076776914227
2011-05-28 23:00:00,131.24463462138894
2011-05-29 00:00:00,94.57169888071375
2011-05-29 01:00:00,82.43985854155162
2011-05-29 02:00:00,55.36348701851139
2011-05-29 03:00:00,31.90001703231639
2011-05-29 04:00:00,9.010863255363056
2011-05-29 05:00:00,9.165209524741188
2011-05-29 06:00:00,16.087416570298657
2011-05-29 07:00:00,32.23774925212578
2011-05-29 08:00:00,80.63874467725836
2011-05-29 09:00:00,108.40573773439455
2011-05-29 10:00:00,228.24604668706084
2011-05-29 11:00:00,252.5130487753282
2011-05-29 12:00:00,380.62366024517223
2011-05-29 13:00:00,386.7388908637304
2011-05-29 14:00:00,354.50398616953476
2011-05-29 15:00:00,348.9961908241337
2011-05-29 16:00:00,337.1191229005279
2011-05-29 17:00:00,312.3192589568641
2011-05-29 18:00:00,270.91701650049
2011-05-29 19:00:00,252.7070451975202
2011-05-29 20:00:00,201.16217566552362
2011-05-29 21:00:00,168.32010410367965
2011-05-29 22:00:00,118.17451244915893
2011-05-29 23:00:00,75.74313354103468
2011-05-30 00:00:00,58.568673202529084
2011-05-30 01:00:00,34.205303661739414
2011-05-30 02:00:00,18.65105670943131
2011-05-30 03:00:00,9.32960896943191
2011-05-30 04:00:00,6.780833623801584
2011-05-30 05:00:00,9.80193049387021
2011-05-30 06:00:00,29.187937349251918
2011-05-30 07:00:00,57.59535945622397
2011-05-30 08:00:00,149.47344659674005
2011-05-30 09:00:00,205.77758484348283
2011-05-30 10:00:00,243.59033441291888
2011-05-30 11:00:00,294.20589340059684
2011-05-30 12:00:00,311.97480016316615
2011-05-30 13:00:00,324.31645189612516
2011-05-30 14:00:00,300.2953548859393
2011-05-30 15:00:00,293.03192911122574
2011-05-30 16:00:00,290.535305672445
2011-05-30 17:00:00,301.3413050177518
2011-05-30 18:00:00,281.34712153267884
2011-05-30 19:00:00,214.285707167881
2011-05-30 20:00:00,207.66858496656624
2011-05-30 21:00:00,154.7335114056582
2011-05-30 22:00:00,130.4187143872997
2011-05-30 23:00:00,68.41196220355047
2011-05-31 00:00:00,35.842441755051276
2011-05-31 01:00:00,13.426549069522693
2011-05-31 02:00:00,5.104405165023808
2011-05-31 03:00:00,3.081996529151003
2011-05-31 04:00:00,6.409083501016927
2011-05-31 05:00:00,23.32684177861814
2011-05-31 06:00:00,123.15341471200725
2011-05-31 07:00:00,305.2874595531426
2011-05-31 08:00:00,456.6327300632893
2011-05-31 09:00:00,222.71889755448154
2011-05-31 10:00:00,122.73701470664591
2011-05-31 11:00:00,123.54826353857354
2011-05-31 12:00:00,165.10578803883237
2011-05-31 13:00:00,157.79335207020094
2011-05-31 14:00:00,136.40147161274425
2011-05-31 15:00:00,150.57119267560014
2011-05-31 16:00:00,229.32730677188343
2011-05-31 17:00:00,456.2620095393881
2011-05-31 18:00:00,448.10555327372725
2011-05-31 19:00:00,358.9827269386774
2011-05-31 20:00:00,260.274005455195
2011-05-31 21:00:00,186.15533230292064
2011-05-31 22:00:00,137.22825847031842
2011-05-31 23:00:00,81.41308678700058
2011-06-20 00:00:00,36.360969531696746
2011-06-20 01:00:00,13.202345883168148
2011-06-20 02:00:00,7.330834660951496
2011-06-20 03:00:00,3.8518266708059263
2011-06-20 04:00:00,5.6492076738734855
2011-06-20 05:00:00,20.22989461640504
2011-06-20 06:00:00,97.42365131730503
2011-06-20 07:00:00,155.52688630411546
2011-06-20 08:00:00,321.5775606029143
2011-06-20 09:00:00,194.8052768007597
2011-06-20 10:00:00,108.40832742596166
2011-06-20 11:00:00,133.01241038687945
2011-06-20 12:00:00,177.04513168972193
2011-06-20 13:00:00,178.26773414393728
2011-06-20 14:00:00,172.57635985674116
2011-06-20 15:00:00,188.16299271683766
2011-06-20 16:00:00,271.99729127533527
2011-06-20 17:00:00,523.4603521287414
2011-06-20 18:00:00,513.3101282847582
2011-06-20 19:00:00,357.95968622133535
2011-06-20 20:00:00,257.9218611522706
2011-06-20 21:00:00,191.58188407398035
2011-06-20 22:00:00,110.09453661554066
2011-06-20 23:00:00,69.26301400865798
2011-06-21 00:00:00,36.92341631888906
2011-06-21 01:00:00,10.039381257151271
2011-06-21 02:00:00,4.947545828100412
2011-06-21 03:00:00,3.3126381563036618
2011-06-21 04:00:00,4.968592703717939
2011-06-21 05:00:00,18.784744667936476
2011-06-21 06:00:00,84.65952382304359
2011-06-21 07:00:00,180.3366533869311
2011-06-21 08:00:00,351.13391830016553
2011-06-21 09:00:00,158.83571871621004
2011-06-21 10:00:00,98.15804512265547
2011-06-21 11:00:00,130.09541167761608
2011-06-21 12:00:00,178.0321998047653
2011-06-21 13:00:00,172.49265732447012
2011-06-21 14:00:00,167.31406690103566
2011-06-21 15:00:00,185.00757988701278
2011-06-21 16:00:00,276.3728965480034
2011-06-21 17:00:00,517.6274203275574
2011-06-21 18:00:00,498.14425036617314
2011-06-21 19:00:00,333.8154694139842
2011-06-21 20:00:00,207.02189138976138
2011-06-21 21:00:00,205.03413473760298
2011-06-21 22:00:00,142.09817855836576
2011-06-21 23:00:00,97.41420403395156
2011-06-22 00:00:00,37.86130290614605
2011-06-22 01:00:00,16.217239044016335
2011-06-22 02:00:00,6.9008555441441
2011-06-22 03:00:00,6.474507899666563
2011-06-22 04:00:00,4.743777251920078
2011-06-22 05:00:00,17.904094709582964
2011-06-22 06:00:00,111.36188229719296
2011-06-22 07:00:00,294.6358163061558
2011-06-22 08:00:00,459.5911898042644
2011-06-22 09:00:00,198.52397147722036
2011-06-22 10:00:00,122.36810641279115
2011-06-22 11:00:00,145.69597345707083
2011-06-22 12:00:00,177.46769749382054
2011-06-22 13:00:00,165.97631825221674
2011-06-22 14:00:00,160.97755895995292
2011-06-22 15:00:00,170.6862219562591
2011-06-22 16:00:00,243.0798135128834
2011-06-22 17:00:00,511.7765252837599
2011-06-22 18:00:00,508.82544382759784
2011-06-22 19:00:00,376.73170610946636
2011-06-22 20:00:00,287.3526373358755
2011-06-22 21:00:00,189.9855448573728
2011-06-22 22:00:00,127.54910169597977
2011-06-22 23:00:00,77.71428516014515
2011-06-23 00:00:00,35.3941375129491
2011-06-23 01:00:00,16.74851112399807
2011-06-23 02:00:00,9.694237612724265
2011-06-23 03:00:00,4.449244713466361
2011-06-23 04:00:00,5.623563496037842
2011-06-23 05:00:00,24.87616798962118
2011-06-23 06:00:00,127.64042535117206
2011-06-23 07:00:00,304.7881416158214
2011-06-23 08:00:00,435.3054015559107
2011-06-23 09:00:00,215.0686356518359
2011-06-23 10:00:00,122.70031430760348
2011-06-23 11:00:00,120.31374860907314
2011-06-23 12:00:00,170.8968386050076
2011-06-23 13:00:00,172.9032712853922
2011-06-23 14:00:00,160.3926904902509
2011-06-23 15:00:00,179.0306896689779
2011-06-23 16:00:00,274.25551282547065
2011-06-23 17:00:00,510.5491755421441
2011-06-23 18:00:00,523.9227445186266
2011-06-23 19:00:00,367.83300852545347
2011-06-23 20:00:00,288.82559739166504
2011-06-23 21:00:00,226.37079930788389
2011-06-23 22:00:00,151.25818291060045
2011-06-23 23:00:00,109.28893743695403
2011-06-24 00:00:00,44.19902705568176
2011-06-24 01:00:00,22.601536892332824
2011-06-24 02:00:00,11.8043484881037
2011-06-24 03:00:00,7.539706084792299
2011-06-24 04:00:00,6.472627449270919
2011-06-24 05:00:00,23.255652888886264
2011-06-24 06:00:00,101.47128370639989
2011-06-24 07:00:00,238.53088590342344
2011-06-24 08:00:00,457.958604856686
2011-06-24 09:00:00,250.4496054191467
2011-06-24 10:00:00,156.68162144927985
2011-06-24 11:00:00,186.703138806905
2011-06-24 12:00:00,231.1740087562872
2011-06-24 13:00:00,231.32869791775232
2011-06-24 14:00:00,209.2479771901117
2011-06-24 15:00:00,236.10995604015304
2011-06-24 16:00:00,347.4760001600083
2011-06-24 17:00:00,568.3416485645699
2011-06-24 18:00:00,490.48573336074907
2011-06-24 19:00:00,365.306537703332
2011-06-24 20:00:00,261.0538845866536
2011-06-24 21:00:00,211.17047259694905
2011-06-24 22:00:00,189.78401892709633
2011-06-24 23:00:00,146.51945067760468
2011-06-25 00:00:00,122.49184546484081
2011-06-25 01:00:00,97.23146002646872
2011-06-25 02:00:00,73.05271427514124
2011-06-25 03:00:00,31.845160470508652
2011-06-25 04:00:00,8.685769403633426
2011-06-25 05:00:00,9.392784928752418
2011-06-25 06:00:00,22.174596966552205
2011-06-25 07:00:00,52.959153209942016
2011-06-25 08:00:00,127.91355620783482
2011-06-25 09:00:00,226.83386427118896
2011-06-25 10:00:00,325.09987439455796
2011-06-25 11:00:00,388.1378406417614
2011-06-25 12:00:00,457.107462087848
2011-06-25 13:00:00,441.88249932369695
2011-06-25 14:00:00,449.22142393608465
2011-06-25 15:00:00,446.0298828976338
2011-06-25 16:00:00,432.84851018144735
2011-06-25 17:00:00,407.36903410772044
2011-06-25 18:00:00,355.05543584857105
2011-06-25 19:00:00,303.3001186626531
2011-06-25 20:00:00,242.81784343600742
2011-06-25 21:00:00,202.7105462867661
2011-06-25 22:00:00,177.92415065885962
2011-06-25 23:00:00,145.2726077775033
2011-06-26 00:00:00,105.32373862114392
2011-06-26 01:00:00,93.51599487933674
2011-06-26 02:00:00,80.96203539866724
2011-06-26 03:00:00,35.429033416393544
2011-06-26 04:00:00,10.19837564173978
2011-06-26 05:00:00,8.762697699301338
2011-06-26 06:00:00,14.462044306012496
2011-06-26 07:00:00,41.09026954820782
2011-06-26 08:00:00,96.88858992501454
2011-06-26 09:00:00,205.84912702815078
2011-06-26 10:00:00,291.82505458936964
2011-06-26 11:00:00,361.1994969187223
2011-06-26 12:00:00,428.727490731579
2011-06-26 13:00:00,397.6772416622864
2011-06-26 14:00:00,424.35936966131925
2011-06-26 15:00:00,408.0549946648625
2011-06-26 16:00:00,395.81911532761904
2011-06-26 17:00:00,356.7658784339367
2011-06-26 18:00:00,302.57328057058044
2011-06-26 19:00:00,261.08049165870005
2011-06-26 20:00:00,208.71137159510823
2011-06-26 21:00:00,167.20253233530053
2011-06-26 22:00:00,137.09528060539355
2011-06-26 23:00:00,91.15982829271074
2011-06-27 00:00:00,26.904701258573887
2011-06-27 01:00:00,12.473627195970128
2011-06-27 02:00:00,7.457664813070797
2011-06-27 03:00:00,3.9902924173676793
2011-06-27 04:00:00,5.209733187002629
2011-06-27 05:00:00,18.592583215172297
2011-06-27 06:00:00,97.157301676258
2011-06-27 07:00:00,254.61083833761057
2011-06-27 08:00:00,442.29803918601283
2011-06-27 09:00:00,204.63206241486205
2011-06-27 10:00:00,118.60125869537471
2011-06-27 11:00:00,136.4947566791053
2011-06-27 12:00:00,173.960836968697
2011-06-27 13:00:00,167.48140484474445
2011-06-27 14:00:00,162.1963413497499
2011-06-27 15:00:00,170.76781245056333
2011-06-27 16:00:00,277.90791914928724
2011-06-27 17:00:00,552.4587964922633
2011-06-27 18:00:00,524.0626649010856
2011-06-27 19:00:00,376.647467637831
2011-06-27 20:00:00,281.0559945263522
2011-06-27 21:00:00,203.218640309775
2011-06-27 22:00:00,140.99768075548945
2011-06-27 23:00:00,80.45052453865458
2011-06-28 00:00:00,34.09189275512187
2011-06-28 01:00:00,14.244267265468764
2011-06-28 02:00:00,6.873217672256755
2011-06-28 03:00:00,4.347754002489766
2011-06-28 04:00:00,6.658530880424306
2011-06-28 05:00:00,23.26443755960646
2011-06-28 06:00:00,110.70577989679595
2011-06-28 07:00:00,298.7476412600294
2011-06-28 08:00:00,418.60561641965614
2011-06-28 09:00:00,204.8891507178511
2011-06-28 10:00:00,133.75974740780995
2011-06-28 11:00:00,146.7311306075185
2011-06-28 12:00:00,173.1054610367687
2011-06-28 13:00:00,172.66358304570159
2011-06-28 14:00:00,157.61822173243186
2011-06-28 15:00:00,169.2771382534733
2011-06-28 16:00:00,257.34464206223277
2011-06-28 17:00:00,445.08514063101353
2011-06-28 18:00:00,454.56105140570725
2011-06-28 19:00:00,372.05572445377703
2011-06-28 20:00:00,284.8014141005949
2011-06-28 21:00:00,198.90804571076333
2011-06-28 22:00:00,151.4874861529962
2011-06-28 23:00:00,92.78561680221762
2011-06-29 00:00:00,32.709339430628106
2011-06-29 01:00:00,14.563127632430879
2011-06-29 02:00:00,6.246910720043965
2011-06-29 03:00:00,5.038254565112151
2011-06-29 04:00:00,5.084576695162843
2011-06-29 05:00:00,21.79983140990564
2011-06-29 06:00:00,122.86174241499242
2011-06-29 07:00:00,337.8616540077118
2011-06-29 08:00:00,477.40380160151136
2011-06-29 09:00:00,229.31436647963793
2011-06-29 10:00:00,131.90363876437982
2011-06-29 11:00:00,155.93917318470673
2011-06-29 12:00:00,199.18578467724137
2011-06-29 13:00:00,179.44694737763893
2011-06-29 14:00:00,170.11734235503042
2011-06-29 15:00:00,190.81786980712127
2011-06-29 16:00:00,272.0926051504288
2011-06-29 17:00:00,542.4447276825722
2011-06-29 18:00:00,528.3920220916805
2011-06-29 19:00:00,386.90927106048144
2011-06-29 20:00:00,296.86989383221805
2011-06-29 21:00:00,225.60336911721816
2011-06-29 22:00:00,165.03478917322803
2011-06-29 23:00:00,101.2523442816435
2011-06-30 00:00:00,43.284138874273886
2011-06-30 01:00:00,17.95613122034817
2011-06-30 02:00:00,10.538637346763556
2011-06-30 03:00:00,5.529732445435166
2011-06-30 04:00:00,6.085663729955158
2011-06-30 05:00:00,25.637541075459858
2011-06-30 06:00:00,124.22690693416318
2011-06-30 07:00:00,335.68623334606053
2011-06-30 08:00:00,482.4907607486654
2011-06-30 09:00:00,237.94620367136986
2011-06-30 10:00:00,139.0849814497727
2011-06-30 11:00:00,170.88312674751415
2011-06-30 12:00:00,207.19848507217498
2011-06-30 13:00:00,192.55586675854545
2011-06-30 14:00:00,182.43669974227768
2011-06-30 15:00:00,199.84485773415454
2011-06-30 16:00:00,287.17780998452616
2011-06-30 17:00:00,571.0955479918247
2011-06-30 18:00:00,560.6932230043546
2011-06-30 19:00:00,407.70359456110197
2011-06-30 20:00:00,323.471091610589
2011-06-30 21:00:00,240.7488932216447
2011-06-30 22:00:00,181.93172036491367
2011-06-30 23:00:00,116.61574039057022
2011-07-20 00:00:00,34.72252101923148
2011-07-20 01:00:00,14.476077481533192
2011-07-20 02:00:00,6.284340511045114
2011-07-20 03:00:00,5.512721135513043
2011-07-20 04:00:00,5.061724429974605
2011-07-20 05:00:00,23.95456275396511
2011-07-20 06:00:00,89.46505350099153
2011-07-20 07:00:00,274.5718140937077
2011-07-20 08:00:00,447.90245306410844
2011-07-20 09:00:00,214.65556636799383
2011-07-20 10:00:00,121.8660524514197
2011-07-20 11:00:00,140.3998415196264
2011-07-20 12:00:00,169.34010761236829
2011-07-20 13:00:00,157.28119325826196
2011-07-20 14:00:00,146.89232765536943
2011-07-20 15:00:00,165.44593421112967
2011-07-20 16:00:00,243.38428149171997
2011-07-20 17:00:00,474.4148276722484
2011-07-20 18:00:00,468.4194151097484
2011-07-20 19:00:00,336.0710766054349
2011-07-20 20:00:00,241.94443866041632
2011-07-20 21:00:00,196.92755756858995
2011-07-20 22:00:00,149.06605414607768
2011-07-20 23:00:00,88.37235167390777
2011-07-21 00:00:00,32.45203072961167
2011-07-21 01:00:00,13.35937080417795
2011-07-21 02:00:00,7.512675285998849
2011-07-21 03:00:00,4.581142721823526
2011-07-21 04:00:00,5.424075288783189
2011-07-21 05:00:00,20.91419849506387
2011-07-21 06:00:00,100.16612163155067
2011-07-21 07:00:00,265.1863053832379
2011-07-21 08:00:00,389.19773623269066
2011-07-21 09:00:00,175.6982476437027
2011-07-21 10:00:00,104.85890530250805
2011-07-21 11:00:00,121.95361830745726
2011-07-21 12:00:00,154.8360891537641
2011-07-21 13:00:00,150.7479975224531
2011-07-21 14:00:00,139.6707601206381
2011-07-21 15:00:00,153.5858793470461
2011-07-21 16:00:00,218.03535526408524
2011-07-21 17:00:00,424.30699033269815
2011-07-21 18:00:00,420.60161472005484
2011-07-21 19:00:00,306.41857215608195
2011-07-21 20:00:00,250.2420784745916
2011-07-21 21:00:00,180.0764254565701
2011-07-21 22:00:00,147.63691963961816
2011-07-21 23:00:00,104.72517972244039
2011-07-22 00:00:00,43.6906572987626
2011-07-22 01:00:00,26.4514948246839
2011-07-22 02:00:00,13.013338334128838
2011-07-22 03:00:00,6.114519747206823
2011-07-22 04:00:00,6.80354356857895
2011-07-22 05:00:00,24.71014814973705
2011-07-22 06:00:00,106.34561716549459
2011-07-22 07:00:00,264.173713848345
2011-07-22 08:00:00,390.63899620169144
2011-07-22 09:00:00,205.33429527982676
2011-07-22 10:00:00,126.18435156708195
2011-07-22 11:00:00,153.043405483469
2011-07-22 12:00:00,157.5462154741871
2011-07-22 13:00:00,156.4886413972572
2011-07-22 14:00:00,132.37693588445535
2011-07-22 15:00:00,153.1600151159892
2011-07-22 16:00:00,218.20461010797874
2011-07-22 17:00:00,457.61203721447026
2011-07-22 18:00:00,417.9052075551845
2011-07-22 19:00:00,306.55597787116926
2011-07-22 20:00:00,211.70275910904897
2011-07-22 21:00:00,191.82230495696237
2011-07-22 22:00:00,163.81742631995056
2011-07-22 23:00:00,128.39965404018233
2011-07-23 00:00:00,105.37440544804838
2011-07-23 01:00:00,89.14057949564068
2011-07-23 02:00:00,69.32300247357014
2011-07-23 03:00:00,28.980478066344347
2011-07-23 04:00:00,9.511517047966104
2011-07-23 05:00:00,9.239874681516433
2011-07-23 06:00:00,21.06538614771997
2011-07-23 07:00:00,49.3159687438484
2011-07-23 08:00:00,111.60769713783318
2011-07-23 09:00:00,194.56159000267363
2011-07-23 10:00:00,284.94506234414933
2011-07-23 11:00:00,318.1770309844639
2011-07-23 12:00:00,333.21955350647056
2011-07-23 13:00:00,292.62251895288694
2011-07-23 14:00:00,326.15662062411474
2011-07-23 15:00:00,288.1318645227908
2011-07-23 16:00:00,290.60715075505897
2011-07-23 17:00:00,268.14199946324084
2011-07-23 18:00:00,255.15971863103118
2011-07-23 19:00:00,267.2756452410438
2011-07-23 20:00:00,215.23234029816538
2011-07-23 21:00:00,175.54474838164754
2011-07-23 22:00:00,161.12736019709146
2011-07-23 23:00:00,146.25095312992119
2011-07-24 00:00:00,101.29945937078405
2011-07-24 01:00:00,88.16152458346737
2011-07-24 02:00:00,75.0505939671493
2011-07-24 03:00:00,32.03964316782749
2011-07-24 04:00:00,9.78944107861595
2011-07-24 05:00:00,8.899931014843014
2011-07-24 06:00:00,13.534321180338667
2011-07-24 07:00:00,40.14425275334529
2011-07-24 08:00:00,88.77757069378737
2011-07-24 09:00:00,178.88994086370622
2011-07-24 10:00:00,247.71370503082179
2011-07-24 11:00:00,304.87897444959617
2011-07-24 12:00:00,323.73266230573984
2011-07-24 13:00:00,343.0355029852255
2011-07-24 14:00:00,339.16477245998493
2011-07-24 15:00:00,327.0496899635036
2011-07-24 16:00:00,322.64333408871994
2011-07-24 17:00:00,302.32006036618367
2011-07-24 18:00:00,269.35185650852026
2011-07-24 19:00:00,239.01755450403476
2011-07-24 20:00:00,192.98482804954384
2011-07-24 21:00:00,163.86824860109056
2011-07-24 22:00:00,124.85309150865123
2011-07-24 23:00:00,79.11885879252301
2011-07-25 00:00:00,33.766944113861086
2011-07-25 01:00:00,12.053350586783036
2011-07-25 02:00:00,7.332623571364962
2011-07-25 03:00:00,4.705203812354274
2011-07-25 04:00:00,6.071084005881769
2011-07-25 05:00:00,20.882821282439316
2011-07-25 06:00:00,87.80398024255585
2011-07-25 07:00:00,230.9413915543439
2011-07-25 08:00:00,360.1424440308867
2011-07-25 09:00:00,185.2343208293595
2011-07-25 10:00:00,112.5556927923024
2011-07-25 11:00:00,119.34153377160598
2011-07-25 12:00:00,149.88428689187177
2011-07-25 13:00:00,151.20698488565333
2011-07-25 14:00:00,127.63501564710172
2011-07-25 15:00:00,140.1694426295253
2011-07-25 16:00:00,227.07721453470984
2011-07-25 17:00:00,515.399140550771
2011-07-25 18:00:00,519.8910103205228
2011-07-25 19:00:00,373.50702342304885
2011-07-25 20:00:00,274.8824650054747
2011-07-25 21:00:00,177.89936215232365
2011-07-25 22:00:00,123.82815786991135
2011-07-25 23:00:00,73.48437578078003
2011-07-26 00:00:00,34.78530281512385
2011-07-26 01:00:00,13.932345388491841
2011-07-26 02:00:00,6.479340338849705
2011-07-26 03:00:00,4.904087382685461
2011-07-26 04:00:00,6.104976529560242
2011-07-26 05:00:00,21.674240292055803
2011-07-26 06:00:00,111.12383049625865
2011-07-26 07:00:00,316.24190396038153
2011-07-26 08:00:00,451.02848128018746
2011-07-26 09:00:00,224.70734989033713
2011-07-26 10:00:00,131.55909377122063
2011-07-26 11:00:00,147.11142132060675
2011-07-26 12:00:00,178.13281206620016
2011-07-26 13:00:00,175.78139957231787
2011-07-26 14:00:00,164.28898058570974
2011-07-26 15:00:00,177.27646076046395
2011-07-26 16:00:00,271.3906907218421
2011-07-26 17:00:00,548.6991024088903
2011-07-26 18:00:00,540.7142406960066
2011-07-26 19:00:00,383.79014026882203
2011-07-26 20:00:00,286.93585711616544
2011-07-26 21:00:00,212.8902765290495
2011-07-26 22:00:00,157.7093519043154
2011-07-26 23:00:00,97.78832467003905
2011-07-27 00:00:00,38.05188119642246
2011-07-27 01:00:00,14.80191446517932
2011-07-27 02:00:00,7.247737904492834
2011-07-27 03:00:00,5.426273902192535
2011-07-27 04:00:00,4.8637661596352215
2011-07-27 05:00:00,24.04986378964274
2011-07-27 06:00:00,126.7460365802474
2011-07-27 07:00:00,333.2489923888098
2011-07-27 08:00:00,474.75071755816083
2011-07-27 09:00:00,234.6722839472144
2011-07-27 10:00:00,129.66960456608652
2011-07-27 11:00:00,146.43940157264768
2011-07-27 12:00:00,183.11894878045868
2011-07-27 13:00:00,172.51656255021993
2011-07-27 14:00:00,163.38083894390155
2011-07-27 15:00:00,177.36005101487078
2011-07-27 16:00:00,263.54290151640964
2011-07-27 17:00:00,519.5440319332911
2011-07-27 18:00:00,531.5084560782067
2011-07-27 19:00:00,386.6660336194975
2011-07-27 20:00:00,286.2492545221138
2011-07-27 21:00:00,220.05969274157542
2011-07-27 22:00:00,159.8856786977548
2011-07-27 23:00:00,100.81036222936875
2011-07-28 00:00:00,42.51353842596328
2011-07-28 01:00:00,16.979997735244606
2011-07-28 02:00:00,10.59543103677169
2011-07-28 03:00:00,5.270444841666037
2011-07-28 04:00:00,6.698072990890475
2011-07-28 05:00:00,25.96795495757183
2011-07-28 06:00:00,131.9224542769884
2011-07-28 07:00:00,341.3248459150691
2011-07-28 08:00:00,460.07153035520594
2011-07-28 09:00:00,221.03330491270052
2011-07-28 10:00:00,129.0073278844508
2011-07-28 11:00:00,137.21676810846256
2011-07-28 12:00:00,175.50583261498892
2011-07-28 13:00:00,168.6143595219866
2011-07-28 14:00:00,156.34029956371083
2011-07-28 15:00:00,166.4557536467698
2011-07-28 16:00:00,263.41801704795
2011-07-28 17:00:00,502.2594676027348
2011-07-28 18:00:00,469.961057559509
2011-07-28 19:00:00,359.9461057543027
2011-07-28 20:00:00,273.8348148326484
2011-07-28 21:00:00,207.6222590901639
2011-07-28 22:00:00,162.1089409243196
2011-07-28 23:00:00,101.14380759000758
2011-07-29 00:00:00,44.033015397362504
2011-07-29 01:00:00,26.734182043265697
2011-07-29 02:00:00,13.392063713675748
2011-07-29 03:00:00,6.957241665492449
2011-07-29 04:00:00,6.275925484407106
2011-07-29 05:00:00,23.34025474049359
2011-07-29 06:00:00,83.05061570504715
2011-07-29 07:00:00,244.7551251680229
2011-07-29 08:00:00,394.23569166284426
2011-07-29 09:00:00,218.87367090026527
2011-07-29 10:00:00,131.66030040298816
2011-07-29 11:00:00,143.59473621103874
2011-07-29 12:00:00,147.88927953875506
2011-07-29 13:00:00,158.7085435694066
2011-07-29 14:00:00,135.59142033975152
2011-07-29 15:00:00,153.3523857086836
2011-07-29 16:00:00,217.95892999905394
2011-07-29 17:00:00,348.7034524928459
2011-07-29 18:00:00,370.77651498369846
2011-07-29 19:00:00,293.84210961879126
2011-07-29 20:00:00,224.01711103095624
2011-07-29 21:00:00,203.378722140646
2011-07-29 22:00:00,178.62888341951785
2011-07-29 23:00:00,139.64824368113042
2011-07-30 00:00:00,110.31049473857526
2011-07-30 01:00:00,91.10264369037317
2011-07-30 02:00:00,73.74128136938289
2011-07-30 03:00:00,32.06125100016529
2011-07-30 04:00:00,10.02898481812076
2011-07-30 05:00:00,8.937245672194484
2011-07-30 06:00:00,20.58017793974832
2011-07-30 07:00:00,48.25497960669991
2011-07-30 08:00:00,117.33266801499491
2011-07-30 09:00:00,204.94434604532597
2011-07-30 10:00:00,309.1451047810883
2011-07-30 11:00:00,358.0690311903457
2011-07-30 12:00:00,426.3701171548826
2011-07-30 13:00:00,392.9964417929141
2011-07-30 14:00:00,381.9731578477617
2011-07-30 15:00:00,378.5347374264898
2011-07-30 16:00:00,367.6055070682719
2011-07-30 17:00:00,344.8317515897354
2011-07-30 18:00:00,311.30550373061027
2011-07-30 19:00:00,309.15643858068205
2011-07-30 20:00:00,238.13220305464688
2011-07-30 21:00:00,191.97336287197547
2011-07-30 22:00:00,168.10519698835853
2011-07-30 23:00:00,148.4564206791459
2011-07-31 00:00:00,102.36989619559375
2011-07-31 01:00:00,95.41126963444307
2011-07-31 02:00:00,77.7099475481413
2011-07-31 03:00:00,32.58334390058669
2011-07-31 04:00:00,9.96251919007851
2011-07-31 05:00:00,8.791388211719207
2011-07-31 06:00:00,14.087630469462479
2011-07-31 07:00:00,40.954996121775665
2011-07-31 08:00:00,93.23866050128642
2011-07-31 09:00:00,186.3095148888625
2011-07-31 10:00:00,278.9993527858323
2011-07-31 11:00:00,325.4279780138251
2011-07-31 12:00:00,355.0086186427879
2011-07-31 13:00:00,356.89954532774317
2011-07-31 14:00:00,358.62228621394047
2011-07-31 15:00:00,321.0716941425574
2011-07-31 16:00:00,318.82980972383797
2011-07-31 17:00:00,292.16270186921236
2011-07-31 18:00:00,272.74314155139945
2011-07-31 19:00:00,257.96761461930004
2011-07-31 20:00:00,199.68265848396953
2011-07-31 21:00:00,165.12411630243915
2011-07-31 22:00:00,123.60745400555007
2011-07-31 23:00:00,80.73621891557607
2011-08-20 00:00:00,86.94379748274272
2011-08-20 01:00:00,84.3624443494849
2011-08-20 02:00:00,71.3761706245226
2011-08-20 03:00:00,35.326175882129206
2011-08-20 04:00:00,6.7522516867981235
2011-08-20 05:00:00,8.387248346479842
2011-08-20 06:00:00,15.767062652821535
2011-08-20 07:00:00,44.05006717024101
2011-08-20 08:00:00,124.33948986463312
2011-08-20 09:00:00,213.5138735918856
2011-08-20 10:00:00,323.9999238182526
2011-08-20 11:00:00,372.8642102724639
2011-08-20 12:00:00,448.45441215856295
2011-08-20 13:00:00,428.22839170145886
2011-08-20 14:00:00,433.08171174063136
2011-08-20 15:00:00,432.28716284749413
2011-08-20 16:00:00,416.32809206215
2011-08-20 17:00:00,379.847506385888
2011-08-20 18:00:00,336.41045882572104
2011-08-20 19:00:00,296.54609317968
2011-08-20 20:00:00,237.949876653715
2011-08-20 21:00:00,184.70762835300064
2011-08-20 22:00:00,149.4411623061675
2011-08-20 23:00:00,157.46018957325262
2011-08-21 00:00:00,101.8555297458314
2011-08-21 01:00:00,90.23336311434315
2011-08-21 02:00:00,73.45911825396345
2011-08-21 03:00:00,36.34430066821852
2011-08-21 04:00:00,7.865834178208617
2011-08-21 05:00:00,7.368829490729536
2011-08-21 06:00:00,12.077805138482717
2011-08-21 07:00:00,33.11591385167486
2011-08-21 08:00:00,86.5248981561305
2011-08-21 09:00:00,185.27087962618154
2011-08-21 10:00:00,275.3246403490054
2011-08-21 11:00:00,302.29471196899607
2011-08-21 12:00:00,358.2330186443631
2011-08-21 13:00:00,372.37947754940615
2011-08-21 14:00:00,224.92350246053238
2011-08-21 15:00:00,329.9821973290248
2011-08-21 16:00:00,343.49454612578694
2011-08-21 17:00:00,307.5375940080373
2011-08-21 18:00:00,251.87122152976661
2011-08-21 19:00:00,258.8525059485379
2011-08-21 20:00:00,188.6090310585387
2011-08-21 21:00:00,154.577696043097
2011-08-21 22:00:00,106.74752284393853
2011-08-21 23:00:00,89.0701435268576
2011-08-22 00:00:00,34.8723289912145
2011-08-22 01:00:00,14.395744902290465
2011-08-22 02:00:00,8.755919307763678
2011-08-22 03:00:00,4.635771614136683
2011-08-22 04:00:00,5.506764692288895
2011-08-22 05:00:00,22.080155532913572
2011-08-22 06:00:00,115.43710599470415
2011-08-22 07:00:00,307.19061881735803
2011-08-22 08:00:00,444.03656915230533
2011-08-22 09:00:00,218.16894379021713
2011-08-22 10:00:00,126.61347383437281
2011-08-22 11:00:00,153.31031083291506
2011-08-22 12:00:00,187.5609096095485
2011-08-22 13:00:00,179.99816594438204
2011-08-22 14:00:00,172.68353802373298
2011-08-22 15:00:00,190.9571737484752
2011-08-22 16:00:00,282.4339240102323
2011-08-22 17:00:00,567.7499544965258
2011-08-22 18:00:00,534.7053521143554
2011-08-22 19:00:00,394.14628186858215
2011-08-22 20:00:00,292.9377493223426
2011-08-22 21:00:00,209.89342168960337
2011-08-22 22:00:00,141.39225599065622
2011-08-22 23:00:00,81.72358584773184
2011-08-23 00:00:00,40.40008974830626
2011-08-23 01:00:00,13.451355274045524
2011-08-23 02:00:00,7.232767159390866
2011-08-23 03:00:00,4.698078445074419
2011-08-23 04:00:00,6.210943768312687
2011-08-23 05:00:00,23.21596874431115
2011-08-23 06:00:00,113.0032350040329
2011-08-23 07:00:00,335.7641525903153
2011-08-23 08:00:00,458.7967839396061
2011-08-23 09:00:00,232.14484204654119
2011-08-23 10:00:00,139.00507058704505
2011-08-23 11:00:00,159.29597867211095
2011-08-23 12:00:00,199.88670377522135
2011-08-23 13:00:00,196.64705378776176
2011-08-23 14:00:00,188.36739500755684
2011-08-23 15:00:00,198.10464194052403
2011-08-23 16:00:00,316.17771885213836
2011-08-23 17:00:00,588.7190558198472
2011-08-23 18:00:00,588.9401169506241
2011-08-23 19:00:00,408.3769810285281
2011-08-23 20:00:00,296.93273797105985
2011-08-23 21:00:00,215.04051317032136
2011-08-23 22:00:00,162.30310156350396
2011-08-23 23:00:00,95.25031441373727
2011-08-24 00:00:00,39.81426944573243
2011-08-24 01:00:00,15.714760985401432
2011-08-24 02:00:00,6.564905008284746
2011-08-24 03:00:00,5.305326423596154
2011-08-24 04:00:00,4.9341767930155065
2011-08-24 05:00:00,23.901459976174873
2011-08-24 06:00:00,116.04552911593431
2011-08-24 07:00:00,321.305692587114
2011-08-24 08:00:00,474.9514185308875
2011-08-24 09:00:00,218.07270892785832
2011-08-24 10:00:00,131.68163061676114
2011-08-24 11:00:00,150.75338455173042
2011-08-24 12:00:00,185.31593858760016
2011-08-24 13:00:00,180.83194012036347
2011-08-24 14:00:00,172.41172560570143
2011-08-24 15:00:00,186.35136288899608
2011-08-24 16:00:00,266.32202316895876
2011-08-24 17:00:00,531.8558018342799
2011-08-24 18:00:00,528.6888070217954
2011-08-24 19:00:00,379.79430857422733
2011-08-24 20:00:00,287.37616405531884
2011-08-24 21:00:00,216.80197813989471
2011-08-24 22:00:00,154.04541524410786
2011-08-24 23:00:00,94.4292825688261
2011-08-25 00:00:00,41.199156370723195
2011-08-25 01:00:00,16.475350212367353
2011-08-25 02:00:00,9.990483717310106
2011-08-25 03:00:00,5.662151052483402
2011-08-25 04:00:00,5.721770274711336
2011-08-25 05:00:00,21.516058932333287
2011-08-25 06:00:00,100.47921479046256
2011-08-25 07:00:00,273.43729155637146
2011-08-25 08:00:00,421.17421139377427
2011-08-25 09:00:00,214.66556694229993
2011-08-25 10:00:00,118.76611798734265
2011-08-25 11:00:00,98.77301900416283
2011-08-25 12:00:00,117.00348536373502
2011-08-25 13:00:00,169.8755867340972
2011-08-25 14:00:00,153.665100369225
2011-08-25 15:00:00,172.18848169956675
2011-08-25 16:00:00,239.35199481280912
2011-08-25 17:00:00,448.09861856920145
2011-08-25 18:00:00,385.58530553285243
2011-08-25 19:00:00,323.59639594749893
2011-08-25 20:00:00,275.62880932100956
2011-08-25 21:00:00,209.45332737418346
2011-08-25 22:00:00,145.9661711380618
2011-08-25 23:00:00,99.66626431045312
2011-08-26 00:00:00,42.873621326758446
2011-08-26 01:00:00,25.393769267651543
2011-08-26 02:00:00,11.97173912301533
2011-08-26 03:00:00,6.6716744583673755
2011-08-26 04:00:00,5.5951275324483225
2011-08-26 05:00:00,20.012176139093736
2011-08-26 06:00:00,86.36636219434814
2011-08-26 07:00:00,265.08824600556477
2011-08-26 08:00:00,442.1112532209348
2011-08-26 09:00:00,246.9118760841465
2011-08-26 10:00:00,153.45573198939016
2011-08-26 11:00:00,174.93146490154962
2011-08-26 12:00:00,215.33988800368823
2011-08-26 13:00:00,212.90051643948837
2011-08-26 14:00:00,202.57422289235637
2011-08-26 15:00:00,213.41077322467228
2011-08-26 16:00:00,341.683719561998
2011-08-26 17:00:00,518.1039654164558
2011-08-26 18:00:00,423.77251572398836
2011-08-26 19:00:00,308.45006377606245
2011-08-26 20:00:00,219.32693176030614
2011-08-26 21:00:00,182.2775346365066
2011-08-26 22:00:00,169.02639084219592
2011-08-26 23:00:00,126.66819543181795
2011-08-27 00:00:00,103.68788672697326
2011-08-27 01:00:00,90.9198459625294
2011-08-27 02:00:00,65.06875774217708
2011-08-27 03:00:00,26.8716866447639
2011-08-27 04:00:00,6.618726635641027
2011-08-27 05:00:00,6.721308373069651
2011-08-27 06:00:00,14.546038969814493
2011-08-27 07:00:00,35.38818706019271
2011-08-27 08:00:00,97.69328229213313
2011-08-27 09:00:00,149.07411773764608
2011-08-27 10:00:00,243.5339231775357
2011-08-27 11:00:00,145.88824692071083
2011-08-27 12:00:00,198.22710949783803
2011-08-27 13:00:00,189.41998071077455
2011-08-27 14:00:00,119.91533699632907
2011-08-27 15:00:00,130.63337640929598
2011-08-27 16:00:00,124.96342614604983
2011-08-27 17:00:00,109.44690176935535
2011-08-28 07:00:00,18.071590353772145
2011-08-28 08:00:00,41.81156582196298
2011-08-28 09:00:00,194.702792104359
2011-08-28 10:00:00,272.79758263859793
2011-08-28 11:00:00,342.4990941081604
2011-08-28 12:00:00,397.7925197099676
2011-08-28 13:00:00,401.0607354511755
2011-08-28 14:00:00,387.588153744954
2011-08-28 15:00:00,384.2654433366123
2011-08-28 16:00:00,382.9132467162058
2011-08-28 17:00:00,369.1923206502566
2011-08-28 18:00:00,310.60400088620264
2011-08-28 19:00:00,273.11408903871103
2011-08-28 20:00:00,224.18435926910323
2011-08-28 21:00:00,184.67557133819383
2011-08-28 22:00:00,131.9912208004151
2011-08-28 23:00:00,83.02208646409387
2011-08-29 00:00:00,36.38233740816097
2011-08-29 01:00:00,13.696834114705393
2011-08-29 02:00:00,8.24243488273076
2011-08-29 03:00:00,4.692467081163103
2011-08-29 04:00:00,5.98924194355171
2011-08-29 05:00:00,21.837320464846513
2011-08-29 06:00:00,105.01471884682171
2011-08-29 07:00:00,291.68025758051533
2011-08-29 08:00:00,447.2975468288496
2011-08-29 09:00:00,215.3428076343381
2011-08-29 10:00:00,127.353037673285
2011-08-29 11:00:00,155.75064652404504
2011-08-29 12:00:00,187.38738787508655
2011-08-29 13:00:00,176.07440410232604
2011-08-29 14:00:00,171.006544029223
2011-08-29 15:00:00,194.31394930546898
2011-08-29 16:00:00,291.85876832938743
2011-08-29 17:00:00,535.0718060813861
2011-08-29 18:00:00,551.4780706379902
2011-08-29 19:00:00,398.3618129131206
2011-08-29 20:00:00,287.2742364158818
2011-08-29 21:00:00,205.8902617661894
2011-08-29 22:00:00,142.89959555221284
2011-08-29 23:00:00,77.63777884108632
2011-08-30 00:00:00,35.9593800142122
2011-08-30 01:00:00,13.025790356523126
2011-08-30 02:00:00,7.018327838260065
2011-08-30 03:00:00,4.452592656717954
2011-08-30 04:00:00,7.507630561338788
2011-08-30 05:00:00,26.684095400429257
2011-08-30 06:00:00,112.51041831803465
2011-08-30 07:00:00,297.03831568872835
2011-08-30 08:00:00,485.03437998657563
2011-08-30 09:00:00,235.36210600820482
2011-08-30 10:00:00,140.44192207609524
2011-08-30 11:00:00,162.02692301092745
2011-08-30 12:00:00,191.8051391123405
2011-08-30 13:00:00,192.77416824401192
2011-08-30 14:00:00,187.1588896531676
2011-08-30 15:00:00,202.03970172406966
2011-08-30 16:00:00,315.75283916448234
2011-08-30 17:00:00,611.8777882014086
2011-08-30 18:00:00,596.337838529403
2011-08-30 19:00:00,420.6523386855757
2011-08-30 20:00:00,296.7904486131332
2011-08-30 21:00:00,206.8979459424894
2011-08-30 22:00:00,151.400155637961
2011-08-30 23:00:00,92.15843301465056
2011-08-31 00:00:00,36.51583736311617
2011-08-31 01:00:00,14.92580169141178
2011-08-31 02:00:00,6.312092694475654
2011-08-31 03:00:00,6.000692315472406
2011-08-31 04:00:00,4.793785734284606
2011-08-31 05:00:00,22.69555477148606
2011-08-31 06:00:00,114.88680166391845
2011-08-31 07:00:00,308.52069081994324
2011-08-31 08:00:00,453.2578574228868
2011-08-31 09:00:00,221.405903002627
2011-08-31 10:00:00,138.70562332285496
2011-08-31 11:00:00,159.30537858250833
2011-08-31 12:00:00,194.0257255501654
2011-08-31 13:00:00,193.3816961117025
2011-08-31 14:00:00,183.0243678289883
2011-08-31 15:00:00,201.68101755754023
2011-08-31 16:00:00,285.6145094629772
2011-08-31 17:00:00,574.1130810843323
2011-08-31 18:00:00,544.7797801083801
2011-08-31 19:00:00,355.3596461032722
2011-08-31 20:00:00,301.40666675217767
2011-08-31 21:00:00,226.42921698970542
2011-08-31 22:00:00,151.81586028384604
2011-08-31 23:00:00,90.03173971630049
2011-09-20 00:00:00,31.12386569305335
2011-09-20 01:00:00,10.160643590614374
2011-09-20 02:00:00,5.097524538365218
2011-09-20 03:00:00,4.068931860178532
2011-09-20 04:00:00,4.680349066796866
2011-09-20 05:00:00,18.369313072802363
2011-09-20 06:00:00,82.42804161762501
2011-09-20 07:00:00,223.870674225506
2011-09-20 08:00:00,166.71289058496438
2011-09-20 09:00:00,78.55808691253375
2011-09-20 10:00:00,59.0612846247165
2011-09-20 11:00:00,59.99969623292809
2011-09-20 12:00:00,89.62736854192585
2011-09-20 13:00:00,96.15438597247189
2011-09-20 14:00:00,111.53148925473998
2011-09-20 15:00:00,159.5193140413943
2011-09-20 16:00:00,205.97519237062576
2011-09-20 17:00:00,443.53126607884906
2011-09-20 18:00:00,425.33576128797773
2011-09-20 19:00:00,287.2940998608761
2011-09-20 20:00:00,173.91880533316075
2011-09-20 21:00:00,130.19340573466323
2011-09-20 22:00:00,95.90671706538353
2011-09-20 23:00:00,57.97585564599485
2011-09-21 00:00:00,18.16504180446124
2011-09-21 01:00:00,8.915354439259959
2011-09-21 02:00:00,5.425398874036119
2011-09-21 03:00:00,3.198241582620434
2011-09-21 04:00:00,3.253925395604734
2011-09-21 05:00:00,12.224881195346233
2011-09-21 06:00:00,55.38217992943485
2011-09-21 07:00:00,144.76737475951364
2011-09-21 08:00:00,233.7192939762595
2011-09-21 09:00:00,109.93302533297502
2011-09-21 10:00:00,93.27131285892814
2011-09-21 11:00:00,113.6903695992938
2011-09-21 12:00:00,155.42327432375725
2011-09-21 13:00:00,167.52013233080086
2011-09-21 14:00:00,160.06073389312633
2011-09-21 15:00:00,183.7168358908
2011-09-21 16:00:00,266.48339560426285
2011-09-21 17:00:00,379.34908878489745
2011-09-21 18:00:00,245.60965030647208
2011-09-21 19:00:00,109.56797551630619
2011-09-21 20:00:00,77.8993815258792
2011-09-21 21:00:00,102.2870279471281
2011-09-21 22:00:00,79.22877318570411
2011-09-21 23:00:00,52.63898572103688
2011-09-22 00:00:00,26.372177234592847
2011-09-22 01:00:00,10.493606375187406
2011-09-22 02:00:00,6.248457270119881
2011-09-22 03:00:00,3.484172243072285
2011-09-22 04:00:00,4.282897373030618
2011-09-22 05:00:00,16.489287625865543
2011-09-22 06:00:00,76.07100777895076
2011-09-22 07:00:00,197.22224148575575
2011-09-22 08:00:00,315.7653639426063
2011-09-22 09:00:00,136.6183397753633
2011-09-22 10:00:00,93.03523570328655
2011-09-22 11:00:00,104.83405237327638
2011-09-22 12:00:00,145.16959283589983
2011-09-22 13:00:00,139.73806165643623
2011-09-22 14:00:00,137.3066791173327
2011-09-22 15:00:00,161.58065882278294
2011-09-22 16:00:00,265.7904235298833
2011-09-22 17:00:00,490.49733341711453
2011-09-22 18:00:00,387.6984324793419
2011-09-22 19:00:00,279.39664283124176
2011-09-22 20:00:00,168.59596437391554
2011-09-22 21:00:00,164.65672966312135
2011-09-22 22:00:00,85.73628325418836
2011-09-22 23:00:00,64.01373853035264
2011-09-23 00:00:00,33.60465586164991
2011-09-23 01:00:00,16.04537379168841
2011-09-23 02:00:00,8.577773595282283
2011-09-23 03:00:00,4.056486416707732
2011-09-23 04:00:00,4.884918315427317
2011-09-23 05:00:00,21.41742129366645
2011-09-23 06:00:00,88.7536474098241
2011-09-23 07:00:00,154.47316133954467
2011-09-23 08:00:00,279.30927575674843
2011-09-23 09:00:00,119.06960873292982
2011-09-23 10:00:00,72.57041557660415
2011-09-23 11:00:00,84.23138043716206
2011-09-23 12:00:00,125.42405351468656
2011-09-23 13:00:00,87.13655919500424
2011-09-23 14:00:00,80.25275918964701
2011-09-23 15:00:00,118.5820568205521
2011-09-23 16:00:00,170.5705644701692
2011-09-23 17:00:00,302.89850844682525
2011-09-23 18:00:00,272.83804870877026
2011-09-23 19:00:00,251.80046167303743
2011-09-23 20:00:00,188.24354465838204
2011-09-23 21:00:00,124.92615378256102
2011-09-23 22:00:00,133.79462666082165
2011-09-23 23:00:00,79.34596215270977
2011-09-24 00:00:00,108.97805288017138
2011-09-24 01:00:00,75.51494906615854
2011-09-24 02:00:00,41.370530002722276
2011-09-24 03:00:00,26.87372900034373
2011-09-24 04:00:00,9.814579853847679
2011-09-24 05:00:00,9.110845207492392
2011-09-24 06:00:00,17.809879631691835
2011-09-24 07:00:00,44.945280238432446
2011-09-24 08:00:00,119.78999475777964
2011-09-24 09:00:00,188.2894767516505
2011-09-24 10:00:00,262.805385484655
2011-09-24 11:00:00,362.13240431702707
2011-09-24 12:00:00,430.4027532146156
2011-09-24 13:00:00,514.9789395573903
2011-09-24 14:00:00,491.1556336217839
2011-09-24 15:00:00,474.1308069455185
2011-09-24 16:00:00,442.58423103569964
2011-09-24 17:00:00,486.91338781748254
2011-09-24 18:00:00,370.0393881970613
2011-09-24 19:00:00,263.8606620487367
2011-09-24 20:00:00,239.98547573468431
2011-09-24 21:00:00,197.75213994750592
2011-09-24 22:00:00,131.97114746872305
2011-09-24 23:00:00,116.71866546277981
2011-09-25 00:00:00,84.84358140314062
2011-09-25 01:00:00,82.47946887820943
2011-09-25 02:00:00,43.68935909270159
2011-09-25 03:00:00,23.224744305771377
2011-09-25 04:00:00,9.473800552975883
2011-09-25 05:00:00,10.753240734552508
2011-09-25 06:00:00,13.763476988715448
2011-09-25 07:00:00,34.964177741048736
2011-09-25 08:00:00,94.22240564089518
2011-09-25 09:00:00,183.64209197220595
2011-09-25 10:00:00,258.8118372898484
2011-09-25 11:00:00,377.9502643115402
2011-09-25 12:00:00,442.4739482595531
2011-09-25 13:00:00,427.46829917588383
2011-09-25 14:00:00,408.7546918373803
2011-09-25 15:00:00,406.5409457626797
2011-09-25 16:00:00,429.4309961026524
2011-09-25 17:00:00,418.14845234280085
2011-09-25 18:00:00,355.9073832428807
2011-09-25 19:00:00,265.73092100060796
2011-09-25 20:00:00,219.42690665222113
2011-09-25 21:00:00,143.33356393745555
2011-09-25 22:00:00,121.51196175024099
2011-09-25 23:00:00,63.711346901652796
2011-09-26 00:00:00,26.810490505255956
2011-09-26 01:00:00,12.096501251970924
2011-09-26 02:00:00,4.947248158112493
2011-09-26 03:00:00,3.305030558817037
2011-09-26 04:00:00,6.7295968625018725
2011-09-26 05:00:00,22.518107948315976
2011-09-26 06:00:00,93.20721070129734
2011-09-26 07:00:00,227.32218172822502
2011-09-26 08:00:00,354.5796646802712
2011-09-26 09:00:00,195.67681643030338
2011-09-26 10:00:00,105.85480733905797
2011-09-26 11:00:00,162.48256958541353
2011-09-26 12:00:00,184.36104503190424
2011-09-26 13:00:00,196.3354906153426
2011-09-26 14:00:00,183.27172335368638
2011-09-26 15:00:00,203.4325468773148
2011-09-26 16:00:00,301.0924993502469
2011-09-26 17:00:00,586.5246437932872
2011-09-26 18:00:00,491.51579521963356
2011-09-26 19:00:00,379.6414869552839
2011-09-26 20:00:00,257.586715070997
2011-09-26 21:00:00,189.70796424978053
2011-09-26 22:00:00,110.34993344672992
2011-09-26 23:00:00,65.47801604277731
2011-09-27 00:00:00,30.037212065874616
2011-09-27 01:00:00,12.202331075159632
2011-09-27 02:00:00,4.7029507734323275
2011-09-27 03:00:00,3.391946504665465
2011-09-27 04:00:00,6.727665531891662
2011-09-27 05:00:00,19.003437464317447
2011-09-27 06:00:00,93.8647762141276
2011-09-27 07:00:00,244.69290021741247
2011-09-27 08:00:00,402.7561977204285
2011-09-27 09:00:00,154.64714690132286
2011-09-27 10:00:00,80.29681214419779
2011-09-27 11:00:00,126.32595305904195
2011-09-27 12:00:00,144.58979140365517
2011-09-27 13:00:00,183.9577812769692
2011-09-27 14:00:00,160.3110552851392
2011-09-27 15:00:00,164.84876474429805
2011-09-27 16:00:00,246.85931014208683
2011-09-27 17:00:00,428.41431031723465
2011-09-27 18:00:00,380.3719822749551
2011-09-27 19:00:00,280.0333543411098
2011-09-27 20:00:00,289.36626995225157
2011-09-27 21:00:00,179.40809562893034
2011-09-27 22:00:00,123.52320743303606
2011-09-27 23:00:00,76.65505566967586
2011-09-28 00:00:00,34.00373760456856
2011-09-28 01:00:00,14.35308663804158
2011-09-28 02:00:00,4.10135917744737
2011-09-28 03:00:00,3.602518106452715
2011-09-28 04:00:00,6.042076082634702
2011-09-28 05:00:00,18.656031365213735
2011-09-28 06:00:00,58.45033278758724
2011-09-28 07:00:00,124.4494362236477
2011-09-28 08:00:00,200.69277160227074
2011-09-28 09:00:00,103.07653371781093
2011-09-28 10:00:00,86.02729070265609
2011-09-28 11:00:00,145.24529183087907
2011-09-28 12:00:00,185.38043559514125
2011-09-28 13:00:00,197.35263408443302
2011-09-28 14:00:00,184.44086035636428
2011-09-28 15:00:00,203.59853368068454
2011-09-28 16:00:00,290.209956403015
2011-09-28 17:00:00,558.2129706241426
2011-09-28 18:00:00,302.6143726375985
2011-09-28 19:00:00,218.84348769458148
2011-09-28 20:00:00,136.77227117347977
2011-09-28 21:00:00,94.52145458164962
2011-09-28 22:00:00,130.99529684620234
2011-09-28 23:00:00,63.83293938435385
2011-09-29 00:00:00,31.996030855881376
2011-09-29 01:00:00,10.079778374016453
2011-09-29 02:00:00,5.604840360234736
2011-09-29 03:00:00,3.722638425241373
2011-09-29 04:00:00,6.389931189805429
2011-09-29 05:00:00,24.747132638958668
2011-09-29 06:00:00,112.08683421302703
2011-09-29 07:00:00,322.1664715472355
2011-09-29 08:00:00,470.8533722153678
2011-09-29 09:00:00,246.17530433076823
2011-09-29 10:00:00,142.2406792976887
2011-09-29 11:00:00,173.91722307740895
2011-09-29 12:00:00,239.02001160711768
2011-09-29 13:00:00,214.22933550422215
2011-09-29 14:00:00,188.90710565797121
2011-09-29 15:00:00,206.74879685358542
2011-09-29 16:00:00,319.043237012346
2011-09-29 17:00:00,584.411510763991
2011-09-29 18:00:00,549.4694852577214
2011-09-29 19:00:00,386.7037420858283
2011-09-29 20:00:00,309.7983490261294
2011-09-29 21:00:00,206.69169723583911
2011-09-29 22:00:00,151.47081320082174
2011-09-29 23:00:00,101.51036351867629
2011-09-30 00:00:00,42.63594315393486
2011-09-30 01:00:00,28.458058559122833
2011-09-30 02:00:00,11.93369219363141
2011-09-30 03:00:00,6.779785051219522
2011-09-30 04:00:00,7.478554902379528
2011-09-30 05:00:00,27.770231551989006
2011-09-30 06:00:00,109.65564396147161
2011-09-30 07:00:00,291.22464353049577
2011-09-30 08:00:00,508.7586665321269
2011-09-30 09:00:00,251.05435756877148
2011-09-30 10:00:00,176.42825555092514
2011-09-30 11:00:00,216.83890569251898
2011-09-30 12:00:00,254.8070992777269
2011-09-30 13:00:00,239.904399537691
2011-09-30 14:00:00,209.62746101463216
2011-09-30 15:00:00,240.7087864025876
2011-09-30 16:00:00,361.44077903715436
2011-09-30 17:00:00,564.3666864013003
2011-09-30 18:00:00,438.7179343606982
2011-09-30 19:00:00,303.5038408923493
2011-09-30 20:00:00,223.56567861405412
2011-09-30 21:00:00,164.63626908661197
2011-09-30 22:00:00,154.2337263445659
2011-09-30 23:00:00,115.17787842402936
2011-10-20 00:00:00,28.32480451056402
2011-10-20 01:00:00,13.089288228039578
2011-10-20 02:00:00,5.120614356157062
2011-10-20 03:00:00,4.293224565922451
2011-10-20 04:00:00,5.941867457657046
2011-10-20 05:00:00,23.993954112990046
2011-10-20 06:00:00,100.19571895521945
2011-10-20 07:00:00,290.3904337441139
2011-10-20 08:00:00,428.3787587267824
2011-10-20 09:00:00,205.3368100882797
2011-10-20 10:00:00,130.4379051962368
2011-10-20 11:00:00,136.6723626147873
2011-10-20 12:00:00,169.31091279995022
2011-10-20 13:00:00,160.2309333448395
2011-10-20 14:00:00,134.37123692429518
2011-10-20 15:00:00,150.5873978567084
2011-10-20 16:00:00,220.04286313181953
2011-10-20 17:00:00,459.99342927165907
2011-10-20 18:00:00,421.64703954768004
2011-10-20 19:00:00,306.6292198946017
2011-10-20 20:00:00,216.35203155465086
2011-10-20 21:00:00,149.59939287653208
2011-10-20 22:00:00,117.60260430136321
2011-10-20 23:00:00,80.25145577880048
2011-10-21 00:00:00,36.63545129140507
2011-10-21 01:00:00,20.515220484601272
2011-10-21 02:00:00,9.704126534072818
2011-10-21 03:00:00,5.018921609350555
2011-10-21 04:00:00,5.084370038914535
2011-10-21 05:00:00,21.96306909366193
2011-10-21 06:00:00,93.94738248492808
2011-10-21 07:00:00,264.84146452462295
2011-10-21 08:00:00,471.04428329418965
2011-10-21 09:00:00,262.8024374629292
2011-10-21 10:00:00,162.722457331588
2011-10-21 11:00:00,180.06615342895654
2011-10-21 12:00:00,225.11912053979526
2011-10-21 13:00:00,215.2065750941624
2011-10-21 14:00:00,201.32342420660407
2011-10-21 15:00:00,205.83025243406914
2011-10-21 16:00:00,308.4974180918918
2011-10-21 17:00:00,468.0097810542939
2011-10-21 18:00:00,344.9380587077524
2011-10-21 19:00:00,228.8109150586239
2011-10-21 20:00:00,160.79958284754065
2011-10-21 21:00:00,140.54849703605294
2011-10-21 22:00:00,132.84628103230645
2011-10-21 23:00:00,94.17779614431673
2011-10-22 00:00:00,80.72359434430462
2011-10-22 01:00:00,66.52989933132751
2011-10-22 02:00:00,44.839141948875515
2011-10-22 03:00:00,20.296781144868294
2011-10-22 04:00:00,7.339907245552203
2011-10-22 05:00:00,6.79961344251405
2011-10-22 06:00:00,15.91593413513938
2011-10-22 07:00:00,40.797176774332065
2011-10-22 08:00:00,99.91622095561344
2011-10-22 09:00:00,168.71505706809336
2011-10-22 10:00:00,243.35110573918692
2011-10-22 11:00:00,292.3588245718704
2011-10-22 12:00:00,408.5118491120844
2011-10-22 13:00:00,398.28828152041945
2011-10-22 14:00:00,365.3490921280109
2011-10-22 15:00:00,380.4740360956839
2011-10-22 16:00:00,376.4510514170149
2011-10-22 17:00:00,347.95707929831775
2011-10-22 18:00:00,253.23132823324497
2011-10-22 19:00:00,192.09640563645686
2011-10-22 20:00:00,150.69636533139024
2011-10-22 21:00:00,116.98951920290085
2011-10-22 22:00:00,109.99665552353632
2011-10-22 23:00:00,91.75119529179
2011-10-23 00:00:00,68.04917518816453
2011-10-23 01:00:00,64.76481327526187
2011-10-23 02:00:00,48.08226385558356
2011-10-23 03:00:00,24.976813210139273
2011-10-23 04:00:00,7.67830916164167
2011-10-23 05:00:00,6.881177401623946
2011-10-23 06:00:00,10.575266511840795
2011-10-23 07:00:00,32.05999776112294
2011-10-23 08:00:00,76.78478126507149
2011-10-23 09:00:00,138.43310945574336
2011-10-23 10:00:00,226.81350912536107
2011-10-23 11:00:00,305.75926952995513
2011-10-23 12:00:00,367.70686249423403
2011-10-23 13:00:00,394.87821142994534
2011-10-23 14:00:00,377.1961967275663
2011-10-23 15:00:00,382.50622191491834
2011-10-23 16:00:00,358.58556708675854
2011-10-23 17:00:00,309.2062844262175
2011-10-23 18:00:00,253.07648060022834
2011-10-23 19:00:00,208.94793907699326
2011-10-23 20:00:00,142.73961567616107
2011-10-23 21:00:00,114.51642589422696
2011-10-23 22:00:00,97.60850720232473
2011-10-23 23:00:00,62.96203659181499
2011-10-24 00:00:00,31.757019474049315
2011-10-24 01:00:00,11.693622726653388
2011-10-24 02:00:00,5.4957593921956995
2011-10-24 03:00:00,4.270020314799968
2011-10-24 04:00:00,5.3013221386601765
2011-10-24 05:00:00,21.06964702129093
2011-10-24 06:00:00,94.45078208261864
2011-10-24 07:00:00,213.83642824254838
2011-10-24 08:00:00,420.0284118775085
2011-10-24 09:00:00,218.80231022868773
2011-10-24 10:00:00,103.75176516854114
2011-10-24 11:00:00,135.87399666320212
2011-10-24 12:00:00,183.78308407009843
2011-10-24 13:00:00,176.15421178451928
2011-10-24 14:00:00,155.39049104810485
2011-10-24 15:00:00,190.78701302727134
2011-10-24 16:00:00,269.5430129129412
2011-10-24 17:00:00,508.47970764291387
2011-10-24 18:00:00,514.6203215069144
2011-10-24 19:00:00,235.59830702518536
2011-10-24 20:00:00,222.9906720896377
2011-10-24 21:00:00,157.3072898495353
2011-10-24 22:00:00,114.83073967388825
2011-10-24 23:00:00,73.84307788906696
2011-10-25 00:00:00,32.07460459153755
2011-10-25 01:00:00,11.756765003474436
2011-10-25 02:00:00,4.94668343999041
2011-10-25 03:00:00,3.5992145900791814
2011-10-25 04:00:00,4.916013181334695
2011-10-25 05:00:00,21.217196513816027
2011-10-25 06:00:00,102.90252465508341
2011-10-25 07:00:00,289.3729837007261
2011-10-25 08:00:00,484.92219409530423
2011-10-25 09:00:00,222.6860099972637
2011-10-25 10:00:00,137.03144841004038
2011-10-25 11:00:00,152.0484934792666
2011-10-25 12:00:00,198.81361698199194
2011-10-25 13:00:00,193.45544919701857
2011-10-25 14:00:00,175.518657666648
2011-10-25 15:00:00,192.44848325610982
2011-10-25 16:00:00,293.3223369956215
2011-10-25 17:00:00,563.5100586155879
2011-10-25 18:00:00,526.2412399852977
2011-10-25 19:00:00,290.45607034607303
2011-10-25 20:00:00,220.06402211542564
2011-10-25 21:00:00,148.16883040295775
2011-10-25 22:00:00,119.729896532096
2011-10-25 23:00:00,68.73291477647851
2011-10-26 00:00:00,29.378385644727757
2011-10-26 01:00:00,11.755729037445239
2011-10-26 02:00:00,4.860902152530538
2011-10-26 03:00:00,3.9009262464116943
2011-10-26 04:00:00,4.164094915842839
2011-10-26 05:00:00,21.28787780235438
2011-10-26 06:00:00,105.88413392222044
2011-10-26 07:00:00,302.8544635895424
2011-10-26 08:00:00,495.5798637441588
2011-10-26 09:00:00,223.31474029001095
2011-10-26 10:00:00,143.57013749156317
2011-10-26 11:00:00,150.41171857795328
2011-10-26 12:00:00,142.53200346552217
2011-10-26 13:00:00,119.54002096491888
2011-10-26 14:00:00,159.3935788779533
2011-10-26 15:00:00,174.45693528432022
2011-10-26 16:00:00,255.56200037356652
2011-10-26 17:00:00,494.1742813872717
2011-10-26 18:00:00,501.4363105950026
2011-10-26 19:00:00,295.179738022785
2011-10-26 20:00:00,206.33057780911946
2011-10-26 21:00:00,168.23081306700405
2011-10-26 22:00:00,105.17107529772525
2011-10-26 23:00:00,66.28159510979565
2011-10-27 00:00:00,31.301698761211455
2011-10-27 01:00:00,13.981325961284057
2011-10-27 02:00:00,6.771232243142099
2011-10-27 03:00:00,3.442404760307199
2011-10-27 04:00:00,5.100759907889173
2011-10-27 05:00:00,19.539423192909034
2011-10-27 06:00:00,81.44247326661653
2011-10-27 07:00:00,285.02470875552655
2011-10-27 08:00:00,287.5473269229657
2011-10-27 09:00:00,208.51190341869034
2011-10-27 10:00:00,74.91768292307073
2011-10-27 11:00:00,86.11707750330213
2011-10-27 12:00:00,101.21021019237934
2011-10-27 13:00:00,141.77409341759312
2011-10-27 14:00:00,140.0759871197407
2011-10-27 15:00:00,153.922739018727
2011-10-27 16:00:00,248.2994842911999
2011-10-27 17:00:00,410.37700664999085
2011-10-27 18:00:00,381.34352748350653
2011-10-27 19:00:00,236.67911010745195
2011-10-27 20:00:00,189.34238343945367
2011-10-27 21:00:00,133.28828577136383
2011-10-27 22:00:00,99.16765986495696
2011-10-27 23:00:00,70.10247961896114
2011-10-28 00:00:00,33.22442174286803
2011-10-28 01:00:00,18.280443369532154
2011-10-28 02:00:00,8.300389169476674
2011-10-28 03:00:00,4.17667578677197
2011-10-28 04:00:00,4.352055281188808
2011-10-28 05:00:00,18.829507163605896
2011-10-28 06:00:00,79.88058365222243
2011-10-28 07:00:00,233.72199495367278
2011-10-28 08:00:00,425.93530591412303
2011-10-28 09:00:00,233.54161146167058
2011-10-28 10:00:00,136.39055441583946
2011-10-28 11:00:00,153.39325547676762
2011-10-28 12:00:00,187.23803745965617
2011-10-28 13:00:00,177.3627032112408
2011-10-28 14:00:00,148.43939789686985
2011-10-28 15:00:00,167.74141192820463
2011-10-28 16:00:00,238.222851037623
2011-10-28 17:00:00,382.30821045109826
2011-10-28 18:00:00,315.6899670313049
2011-10-28 19:00:00,220.8608191321499
2011-10-28 20:00:00,107.03580185575277
2011-10-28 21:00:00,78.37670704977336
2011-10-28 22:00:00,64.43958607306313
2011-10-28 23:00:00,45.01202119355166
2011-10-29 00:00:00,33.58403350511193
2011-10-29 01:00:00,32.203831347403906
2011-10-29 02:00:00,24.589218285442794
2011-10-29 03:00:00,11.17061714294393
2011-10-29 04:00:00,4.341533077314634
2011-10-29 05:00:00,4.392765380365583
2011-10-29 06:00:00,8.44043819033852
2011-10-29 07:00:00,21.034030708998962
2011-10-29 08:00:00,42.75173163609787
2011-10-29 09:00:00,64.1417777192108
2011-10-29 10:00:00,118.42513488036076
2011-10-29 11:00:00,129.73633708711824
2011-10-29 12:00:00,112.55077915842845
2011-10-29 13:00:00,86.90866431564841
2011-10-29 14:00:00,104.43059779752566
2011-10-29 15:00:00,144.6120631282808
2011-10-29 16:00:00,117.97624526728453
2011-10-29 17:00:00,109.15235665550816
2011-10-29 18:00:00,89.24668114609595
2011-10-29 19:00:00,105.21551347598573
2011-10-29 20:00:00,84.32867888455795
2011-10-29 21:00:00,69.64972580397387
2011-10-29 22:00:00,70.15248749880215
2011-10-29 23:00:00,63.7284749865045
2011-10-30 00:00:00,48.122037663965536
2011-10-30 01:00:00,42.33289237832119
2011-10-30 02:00:00,28.86402537968689
2011-10-30 03:00:00,14.25815606338007
2011-10-30 04:00:00,4.505355476111147
2011-10-30 05:00:00,4.357105745475595
2011-10-30 06:00:00,7.790128127387711
2011-10-30 07:00:00,24.763328223821627
2011-10-30 08:00:00,59.03746234437759
2011-10-30 09:00:00,118.31311926412924
2011-10-30 10:00:00,197.93260780351272
2011-10-30 11:00:00,238.9953005694183
2011-10-30 12:00:00,283.53961888571456
2011-10-30 13:00:00,294.1451354458257
2011-10-30 14:00:00,302.39633036210967
2011-10-30 15:00:00,308.52619864786095
2011-10-30 16:00:00,304.06054295750783
2011-10-30 17:00:00,262.9606144379405
2011-10-30 18:00:00,209.3583393197717
2011-10-30 19:00:00,232.82199534196445
2011-10-30 20:00:00,126.8133785104666
2011-10-30 21:00:00,92.60947571736739
2011-10-30 22:00:00,77.15172184864066
2011-10-30 23:00:00,40.76776743682832
2011-10-31 00:00:00,21.679248973705715
2011-10-31 01:00:00,8.429396173697226
2011-10-31 02:00:00,3.884939768200661
2011-10-31 03:00:00,2.941296790353519
2011-10-31 04:00:00,4.0196489351543905
2011-10-31 05:00:00,15.14944854816054
2011-10-31 06:00:00,72.7273236151156
2011-10-31 07:00:00,197.49975692362668
2011-10-31 08:00:00,372.51154787692843
2011-10-31 09:00:00,197.33412082663762
2011-10-31 10:00:00,106.4421040502145
2011-10-31 11:00:00,127.18512479129832
2011-10-31 12:00:00,166.34302404044564
2011-10-31 13:00:00,152.4053247481009
2011-10-31 14:00:00,130.0673259756126
2011-10-31 15:00:00,152.04180672833584
2011-10-31 16:00:00,221.43789380669938
2011-10-31 17:00:00,450.1483606679462
2011-10-31 18:00:00,389.9290761212913
2011-10-31 19:00:00,262.6853123913669
2011-10-31 20:00:00,191.73043449452737
2011-10-31 21:00:00,115.05079862959366
2011-10-31 22:00:00,82.47881811854631
2011-10-31 23:00:00,47.68494460561839
2011-11-20 00:00:00,68.04683786061362
2011-11-20 01:00:00,64.42093058593423
2011-11-20 02:00:00,47.21017080744064
2011-11-20 03:00:00,19.286082307961255
2011-11-20 04:00:00,7.131585437242254
2011-11-20 05:00:00,6.532456335545614
2011-11-20 06:00:00,11.32730481548427
2011-11-20 07:00:00,33.08569390919713
2011-11-20 08:00:00,77.80829392837269
2011-11-20 09:00:00,148.90008554546614
2011-11-20 10:00:00,215.21863316435926
2011-11-20 11:00:00,290.7426641591672
2011-11-20 12:00:00,347.35377936812597
2011-11-20 13:00:00,377.16681328593205
2011-11-20 14:00:00,380.2121377890909
2011-11-20 15:00:00,333.40058087576443
2011-11-20 16:00:00,342.51107252216485
2011-11-20 17:00:00,304.35581016402995
2011-11-20 18:00:00,263.72001244540314
2011-11-20 19:00:00,188.9899651762759
2011-11-20 20:00:00,160.57585381844882
2011-11-20 21:00:00,119.9517003068706
2011-11-20 22:00:00,68.32183151871561
2011-11-20 23:00:00,46.528543573285376
2011-11-21 00:00:00,26.487444310586504
2011-11-21 01:00:00,9.886772521849664
2011-11-21 02:00:00,4.333516154309409
2011-11-21 03:00:00,2.3693895466075494
2011-11-21 04:00:00,3.922363498690703
2011-11-21 05:00:00,15.403397930124989
2011-11-21 06:00:00,70.21038725828717
2011-11-21 07:00:00,246.34316346809308
2011-11-21 08:00:00,372.1838491950622
2011-11-21 09:00:00,174.1026241104682
2011-11-21 10:00:00,108.85110044524573
2011-11-21 11:00:00,125.19213292060167
2011-11-21 12:00:00,159.90641276392216
2011-11-21 13:00:00,161.89887540141171
2011-11-21 14:00:00,127.73451799566182
2011-11-21 15:00:00,74.70471414068082
2011-11-21 16:00:00,112.98524007489054
2011-11-21 17:00:00,198.62528015108347
2011-11-21 18:00:00,228.80364058022363
2011-11-21 19:00:00,148.3670972977477
2011-11-21 20:00:00,112.06000044306538
2011-11-21 21:00:00,83.53749968678693
2011-11-21 22:00:00,61.64426724988417
2011-11-21 23:00:00,38.46487969698734
2011-11-22 00:00:00,14.623596869591749
2011-11-22 01:00:00,6.759450981560306
2011-11-22 02:00:00,3.0749849825783855
2011-11-22 03:00:00,1.9401422062570193
2011-11-22 04:00:00,3.768239144400091
2011-11-22 05:00:00,12.273450868756237
2011-11-22 06:00:00,78.98248299991361
2011-11-22 07:00:00,120.33586005794567
2011-11-22 08:00:00,232.9388006084766
2011-11-22 09:00:00,113.2155276147145
2011-11-22 10:00:00,53.867437116009505
2011-11-22 11:00:00,58.46576961257545
2011-11-22 12:00:00,54.949086353783905
2011-11-22 13:00:00,55.313219315508654
2011-11-22 14:00:00,49.4714742685133
2011-11-22 15:00:00,66.81171217153974
2011-11-22 16:00:00,101.839818461167
2011-11-22 17:00:00,175.86495015199904
2011-11-22 18:00:00,157.88902323987853
2011-11-22 19:00:00,175.88058116868828
2011-11-22 20:00:00,137.52399882604303
2011-11-22 21:00:00,98.67718867299703
2011-11-22 22:00:00,88.95548955897577
2011-11-22 23:00:00,52.78032685290495
2011-11-23 00:00:00,21.38674556685277
2011-11-23 01:00:00,8.162397653843033
2011-11-23 02:00:00,3.7148595165619818
2011-11-23 03:00:00,2.0614633428431883
2011-11-23 04:00:00,4.027068620878459
2011-11-23 05:00:00,17.561507502277813
2011-11-23 06:00:00,64.96558360446178
2011-11-23 07:00:00,214.00894098114378
2011-11-23 08:00:00,340.84202070778775
2011-11-23 09:00:00,170.15053678890763
2011-11-23 10:00:00,90.36576105344687
2011-11-23 11:00:00,133.11380719120706
2011-11-23 12:00:00,179.14595282896423
2011-11-23 13:00:00,138.02016195801212
2011-11-23 14:00:00,125.12738645076948
2011-11-23 15:00:00,135.8244102212313
2011-11-23 16:00:00,183.95873825288376
2011-11-23 17:00:00,209.73302896485103
2011-11-23 18:00:00,335.0937199724874
2011-11-23 19:00:00,253.6344295110629
2011-11-23 20:00:00,176.72687206377657
2011-11-23 21:00:00,124.69341060406066
2011-11-23 22:00:00,93.57939498730542
2011-11-23 23:00:00,59.79100450903273
2011-11-24 00:00:00,63.54799590602206
2011-11-24 01:00:00,32.90036627648272
2011-11-24 02:00:00,19.3692674255992
2011-11-24 03:00:00,8.324177839458843
2011-11-24 04:00:00,6.825300685774872
2011-11-24 05:00:00,8.245056804757958
2011-11-24 06:00:00,22.524485923834835
2011-11-24 07:00:00,45.16075680372465
2011-11-24 08:00:00,118.97964279836712
2011-11-24 09:00:00,137.95254912945563
2011-11-24 10:00:00,189.86837510289507
2011-11-24 11:00:00,249.983609291183
2011-11-24 12:00:00,324.35042651104675
2011-11-24 13:00:00,328.1549625559445
2011-11-24 14:00:00,303.37069262097003
2011-11-24 15:00:00,303.8476954976894
2011-11-24 16:00:00,303.6793675174424
2011-11-24 17:00:00,305.1140991977442
2011-11-24 18:00:00,232.9719668421626
2011-11-24 19:00:00,170.01171937750252
2011-11-24 20:00:00,128.43564455089845
2011-11-24 21:00:00,100.3868979743765
2011-11-24 22:00:00,85.7744778121018
2011-11-24 23:00:00,57.8375360209916
2011-11-25 00:00:00,36.73237346162598
2011-11-25 01:00:00,20.774295449568505
2011-11-25 02:00:00,8.397920003555212
2011-11-25 03:00:00,4.697660938822609
2011-11-25 04:00:00,5.097997456667774
2011-11-25 05:00:00,20.214840648970778
2011-11-25 06:00:00,76.07936804640651
2011-11-25 07:00:00,215.94456110411488
2011-11-25 08:00:00,402.2269836181323
2011-11-25 09:00:00,240.28522455991043
2011-11-25 10:00:00,135.24177605275136
2011-11-25 11:00:00,155.91021581382162
2011-11-25 12:00:00,242.00427233929378
2011-11-25 13:00:00,217.20849046785267
2011-11-25 14:00:00,215.4058262285004
2011-11-25 15:00:00,235.85113450422045
2011-11-25 16:00:00,313.0729009564942
2011-11-25 17:00:00,497.9842957086704
2011-11-25 18:00:00,434.0680667111461
2011-11-25 19:00:00,240.16415008152214
2011-11-25 20:00:00,164.21237481911334
2011-11-25 21:00:00,131.07681096082297
2011-11-25 22:00:00,123.39608833095508
2011-11-25 23:00:00,95.87376660292888
2011-11-26 00:00:00,80.22433082586164
2011-11-26 01:00:00,64.18372530240329
2011-11-26 02:00:00,41.58293639619156
2011-11-26 03:00:00,20.814840114584236
2011-11-26 04:00:00,6.696187832088717
2011-11-26 05:00:00,6.611698653719861
2011-11-26 06:00:00,13.37634432388735
2011-11-26 07:00:00,31.307795237552785
2011-11-26 08:00:00,97.03229931838476
2011-11-26 09:00:00,158.5566687760977
2011-11-26 10:00:00,217.72603670147384
2011-11-26 11:00:00,285.54615547244055
2011-11-26 12:00:00,354.07148110742827
2011-11-26 13:00:00,395.3080286272896
2011-11-26 14:00:00,368.4803313245661
2011-11-26 15:00:00,371.685399814417
2011-11-26 16:00:00,355.55952711508263
2011-11-26 17:00:00,326.2429309705071
2011-11-26 18:00:00,237.24792453512893
2011-11-26 19:00:00,166.05270467141438
2011-11-26 20:00:00,143.35527659458612
2011-11-26 21:00:00,99.17374292642808
2011-11-26 22:00:00,94.53296643672812
2011-11-26 23:00:00,90.03750311714211
2011-11-27 00:00:00,69.96502286409661
2011-11-27 01:00:00,66.3741144105989
2011-11-27 02:00:00,46.38727816643102
2011-11-27 03:00:00,24.614964500037964
2011-11-27 04:00:00,7.786451351758236
2011-11-27 05:00:00,7.114636852904262
2011-11-27 06:00:00,11.519275838782677
2011-11-27 07:00:00,30.909223615554332
2011-11-27 08:00:00,68.27925947045257
2011-11-27 09:00:00,159.86199173841666
2011-11-27 10:00:00,236.5028238511088
2011-11-27 11:00:00,299.1859758098456
2011-11-27 12:00:00,390.521555091099
2011-11-27 13:00:00,397.4235215217679
2011-11-27 14:00:00,412.637656120232
2011-11-27 15:00:00,432.9424060142937
2011-11-27 16:00:00,379.4432594911346
2011-11-27 17:00:00,338.2384584016403
2011-11-27 18:00:00,257.2668224978298
2011-11-27 19:00:00,190.6988608715922
2011-11-27 20:00:00,158.48825685734582
2011-11-27 21:00:00,118.1844153823686
2011-11-27 22:00:00,103.87824399778869
2011-11-27 23:00:00,67.09371890129474
2011-11-28 00:00:00,32.30666437118946
2011-11-28 01:00:00,11.751253672130746
2011-11-28 03:00:00,3.9333001908650562
2011-11-28 04:00:00,5.831678779956874
2011-11-28 05:00:00,21.311702178188792
2011-11-28 06:00:00,105.25634070874398
2011-11-28 07:00:00,269.10336491680437
2011-11-28 08:00:00,390.16683642411783
2011-11-28 09:00:00,203.05528790854993
2011-11-28 10:00:00,117.32498110689153
2011-11-28 11:00:00,143.69329852808121
2011-11-28 12:00:00,209.38645157059383
2011-11-28 13:00:00,182.29270200617881
2011-11-28 14:00:00,183.75864633450215
2011-11-28 15:00:00,190.71491229027964
2011-11-28 16:00:00,271.54571376044254
2011-11-28 17:00:00,550.4213891342574
2011-11-28 18:00:00,491.5721816766368
2011-11-28 19:00:00,347.8941284987158
2011-11-28 20:00:00,231.13058133937773
2011-11-28 21:00:00,172.90002917095887
2011-11-28 22:00:00,104.12482634687737
2011-11-28 23:00:00,58.97285846159716
2011-11-29 00:00:00,32.950054001452145
2011-11-29 01:00:00,13.063059070149954
2011-11-29 02:00:00,4.541743747929358
2011-11-29 03:00:00,3.492715537313221
2011-11-29 04:00:00,5.967034880678943
2011-11-29 05:00:00,21.714357474122792
2011-11-29 06:00:00,107.08924773596074
2011-11-29 07:00:00,339.3484895968844
2011-11-29 08:00:00,434.9581627367921
2011-11-29 09:00:00,186.75184754041413
2011-11-29 10:00:00,117.24952773069506
2011-11-29 11:00:00,68.15190727150207
2011-11-29 12:00:00,78.26218961222811
2011-11-29 13:00:00,73.33905627908709
2011-11-29 14:00:00,55.679740494212794
2011-11-29 15:00:00,59.77884063904549
2011-11-29 16:00:00,104.30209684527632
2011-11-29 17:00:00,280.0052638267535
2011-11-29 18:00:00,275.56687035860546
2011-11-29 19:00:00,193.77454593668256
2011-11-29 20:00:00,134.65952635818422
2011-11-29 21:00:00,99.1510786867804
2011-11-29 22:00:00,87.52968015530975
2011-11-29 23:00:00,54.69035320406
2011-11-30 00:00:00,27.470899938463297
2011-11-30 01:00:00,9.981951163788676
2011-11-30 02:00:00,4.157428376229426
2011-11-30 03:00:00,3.5104315604344984
2011-11-30 04:00:00,3.7701024107695864
2011-11-30 05:00:00,19.974106039967168
2011-11-30 06:00:00,83.34328197125738
2011-11-30 07:00:00,246.15264380618424
2011-11-30 08:00:00,463.44125745559506
2011-11-30 09:00:00,194.80974818961366
2011-11-30 10:00:00,109.91211420154849
2011-11-30 11:00:00,117.03690295401039
2011-11-30 12:00:00,145.43797176793367
2011-11-30 13:00:00,139.1858185679216
2011-11-30 14:00:00,127.01142559157908
2011-11-30 15:00:00,136.33530061390348
2011-11-30 16:00:00,195.14371792701348
2011-11-30 17:00:00,379.0224713531033
2011-11-30 18:00:00,362.14567047648217
2011-11-30 19:00:00,224.26884730258942
2011-11-30 20:00:00,165.53511167046463
2011-11-30 21:00:00,122.667821514676
2011-11-30 22:00:00,92.1674789911913
2011-11-30 23:00:00,56.751796123510765
2011-12-20 00:00:00,29.304748795322833
2011-12-20 01:00:00,10.27476649591913
2011-12-20 02:00:00,4.347834840063924
2011-12-20 03:00:00,3.0950320252066352
2011-12-20 04:00:00,4.875655580914897
2011-12-20 05:00:00,19.681866582604115
2011-12-20 06:00:00,96.49350529022662
2011-12-20 07:00:00,266.466989183838
2011-12-20 08:00:00,490.72336720183836
2011-12-20 09:00:00,209.70848083608806
2011-12-20 10:00:00,113.35317558482926
2011-12-20 11:00:00,116.44464581344089
2011-12-20 12:00:00,157.61934106412664
2011-12-20 13:00:00,150.50415905314603
2011-12-20 14:00:00,130.78525543435987
2011-12-20 15:00:00,142.46964602080638
2011-12-20 16:00:00,228.84013924671314
2011-12-20 17:00:00,420.7767338535506
2011-12-20 18:00:00,370.40599668113737
2011-12-20 19:00:00,244.7702355766686
2011-12-20 20:00:00,172.7757886562076
2011-12-20 21:00:00,134.97348661145725
2011-12-20 22:00:00,92.67052489285363
2011-12-20 23:00:00,57.91194153597691
2011-12-21 00:00:00,15.358466339392692
2011-12-21 01:00:00,6.405868327167458
2011-12-21 02:00:00,2.8425070181376806
2011-12-21 03:00:00,2.3004203703152992
2011-12-21 04:00:00,1.8196446167763176
2011-12-21 05:00:00,10.041089106469004
2011-12-21 06:00:00,48.37185276000879
2011-12-21 07:00:00,144.26770173082346
2011-12-21 08:00:00,101.26980524580956
2011-12-21 09:00:00,138.6874645507605
2011-12-21 10:00:00,64.2852470179557
2011-12-21 11:00:00,67.29185044035347
2011-12-21 12:00:00,38.47844439574822
2011-12-21 13:00:00,20.015695439315696
2011-12-21 14:00:00,64.32130571666428
2011-12-21 15:00:00,69.66113977089775
2011-12-21 16:00:00,24.224934095066345
2011-12-21 17:00:00,49.75903146602675
2011-12-21 18:00:00,97.62296168935788
2011-12-21 19:00:00,95.36346118870303
2011-12-21 20:00:00,68.87364421155193
2011-12-21 21:00:00,84.49703003537354
2011-12-21 22:00:00,67.62072211700446
2011-12-21 23:00:00,43.03350899356105
2011-12-22 00:00:00,19.564070159774463
2011-12-22 01:00:00,6.9273121072756245
2011-12-22 02:00:00,5.456354180277458
2011-12-22 03:00:00,2.7635427329928683
2011-12-22 04:00:00,2.4711787388961253
2011-12-22 05:00:00,12.126133867922947
2011-12-22 06:00:00,55.35430762350149
2011-12-22 07:00:00,127.56314449388051
2011-12-22 08:00:00,288.8087393066626
2011-12-22 09:00:00,146.86259052300974
2011-12-22 10:00:00,61.53412303856031
2011-12-22 11:00:00,76.821463428583
2011-12-22 12:00:00,109.01212796466059
2011-12-22 13:00:00,104.92119036874264
2011-12-22 14:00:00,91.415184629283
2011-12-22 15:00:00,98.4272362278538
2011-12-22 16:00:00,141.32367938480434
2011-12-22 17:00:00,249.0877796721498
2011-12-22 18:00:00,250.4276779237467
2011-12-22 19:00:00,169.41027002246403
2011-12-22 20:00:00,76.53626867670052
2011-12-22 21:00:00,56.26313879264693
2011-12-22 22:00:00,29.37207560954097
2011-12-22 23:00:00,23.705913350387863
2011-12-23 00:00:00,9.58177225647245
2011-12-23 01:00:00,6.7919940088213355
2011-12-23 02:00:00,4.098763377336347
2011-12-23 03:00:00,1.7797613315293752
2011-12-23 04:00:00,1.0940188569997396
2011-12-23 05:00:00,9.194066962071394
2011-12-23 06:00:00,44.808778085556064
2011-12-23 07:00:00,147.81589449333347
2011-12-23 08:00:00,288.3552166253355
2011-12-23 09:00:00,163.89111895662492
2011-12-23 10:00:00,80.89857962223367
2011-12-23 11:00:00,85.52382906883679
2011-12-23 12:00:00,106.3356028351711
2011-12-23 13:00:00,104.68036400592291
2011-12-23 14:00:00,94.4609779976521
2011-12-23 15:00:00,103.73053168537858
2011-12-23 16:00:00,140.5955916637641
2011-12-23 17:00:00,233.73904477482836
2011-12-23 18:00:00,209.23847746864766
2011-12-23 19:00:00,130.742133945607
2011-12-23 20:00:00,75.38012674031593
2011-12-23 21:00:00,65.93612601833786
2011-12-23 22:00:00,59.50576358397796
2011-12-23 23:00:00,46.35752210462655
2011-12-24 00:00:00,29.77136745813449
2011-12-24 01:00:00,24.894606515364178
2011-12-24 02:00:00,19.926321743037036
2011-12-24 03:00:00,8.789675596712447
2011-12-24 04:00:00,2.665780667629934
2011-12-24 05:00:00,2.282488257321246
2011-12-24 06:00:00,5.156739255018951
2011-12-24 07:00:00,13.145744552283778
2011-12-24 08:00:00,37.66116167628553
2011-12-24 09:00:00,59.55125247576059
2011-12-24 10:00:00,86.53658026369327
2011-12-24 11:00:00,108.71054613276927
2011-12-24 12:00:00,135.69804423265992
2011-12-24 13:00:00,141.83513482907162
2011-12-24 14:00:00,133.89577078793988
2011-12-24 15:00:00,124.38123514314344
2011-12-24 16:00:00,120.22465698943554
2011-12-24 17:00:00,110.17681095282906
2011-12-24 18:00:00,96.42038865979045
2011-12-24 19:00:00,75.31856105122752
2011-12-24 20:00:00,50.49170017619847
2011-12-24 21:00:00,40.693066005390975
2011-12-24 22:00:00,37.67104099633285
2011-12-24 23:00:00,30.540551926535684
2011-12-25 00:00:00,23.18905631679893
2011-12-25 01:00:00,20.925398159056385
2011-12-25 02:00:00,18.336570735668403
2011-12-25 03:00:00,7.996816502329148
2011-12-25 05:00:00,1.985043982579792
2011-12-25 06:00:00,3.1551327019752557
2011-12-25 07:00:00,10.118059245556452
2011-12-25 08:00:00,24.565896725560226
2011-12-25 09:00:00,46.00143879840825
2011-12-25 10:00:00,68.23484927829122
2011-12-25 11:00:00,97.31533554298521
2011-12-25 12:00:00,98.42674860051906
2011-12-25 13:00:00,113.27758618151314
2011-12-25 14:00:00,120.13273351387323
2011-12-25 15:00:00,118.66639375702586
2011-12-25 16:00:00,132.174396826069
2011-12-25 17:00:00,111.09267260577164
2011-12-25 18:00:00,78.20150990868963
2011-12-25 19:00:00,68.38758811462229
2011-12-25 20:00:00,53.77852187382997
2011-12-25 21:00:00,42.8376869886499
2011-12-25 22:00:00,34.149015744781494
2011-12-25 23:00:00,17.910601182807962
2011-12-26 00:00:00,19.613011572585485
2011-12-26 01:00:00,11.907769649349035
2011-12-26 02:00:00,9.904943094879608
2011-12-26 04:00:00,2.464871403053596
2011-12-26 05:00:00,2.7267586908651786
2011-12-26 06:00:00,6.545777011502652
2011-12-26 07:00:00,18.466288540277095
2011-12-26 08:00:00,47.619537099946164
2011-12-26 09:00:00,48.92799087488951
2011-12-26 10:00:00,64.28550849706244
2011-12-26 11:00:00,73.00693730667248
2011-12-26 12:00:00,96.68351289900181
2011-12-26 13:00:00,107.74313785682004
2011-12-26 14:00:00,102.3081676196492
2011-12-26 15:00:00,105.29470642164294
2011-12-26 16:00:00,101.17934910980642
2011-12-26 17:00:00,91.91648649204815
2011-12-26 18:00:00,80.31811595992176
2011-12-26 19:00:00,62.11985718992006
2011-12-26 20:00:00,46.66154486156252
2011-12-26 21:00:00,31.307515098397104
2011-12-26 22:00:00,25.755679238264356
2011-12-26 23:00:00,14.348230499576898
2011-12-27 00:00:00,11.527305745002321
2011-12-27 01:00:00,4.0438479477827185
2011-12-27 02:00:00,2.190396776093307
2011-12-27 03:00:00,1.726064733281371
2011-12-27 04:00:00,1.7257994021848657
2011-12-27 05:00:00,7.231189589977689
2011-12-27 06:00:00,39.74893936451077
2011-12-27 07:00:00,116.1180884386121
2011-12-27 08:00:00,246.07595170442463
2011-12-27 09:00:00,77.49863424650316
2011-12-27 10:00:00,54.794581333304194
2011-12-27 11:00:00,35.284786934513605
2011-12-27 12:00:00,35.032856627286755
2011-12-27 13:00:00,29.85897567977433
2011-12-27 14:00:00,32.47823706641385
2011-12-27 15:00:00,35.82122114279689
2011-12-27 16:00:00,47.203291408219236
2011-12-27 17:00:00,116.62165656974904
2011-12-27 18:00:00,176.32389979777406
2011-12-27 19:00:00,130.08370452904617
2011-12-27 20:00:00,73.26998264026598
2011-12-27 21:00:00,66.25941127953615
2011-12-27 22:00:00,49.640973173826104
2011-12-27 23:00:00,27.92473668404124
2011-12-28 00:00:00,12.960887437448513
2011-12-28 01:00:00,5.516561894064943
2011-12-28 02:00:00,2.51999200892277
2011-12-28 03:00:00,2.1154414097394656
2011-12-28 05:00:00,7.995107882043407
2011-12-28 06:00:00,46.33280127030812
2011-12-28 07:00:00,135.45356785069154
2011-12-28 08:00:00,252.85387163834963
2011-12-28 09:00:00,125.6300494247188
2011-12-28 10:00:00,59.33570350405966
2011-12-28 11:00:00,67.55259809805271
2011-12-28 12:00:00,70.31832519086316
2011-12-28 13:00:00,71.95619457689986
2011-12-28 14:00:00,62.719277528137916
2011-12-28 15:00:00,66.53087299147971
2011-12-28 16:00:00,96.1017725982368
2011-12-28 17:00:00,201.65933279024657
2011-12-28 18:00:00,172.18649212192662
2011-12-28 19:00:00,116.40728000329244
2011-12-28 20:00:00,83.68520371697079
2011-12-28 21:00:00,60.61427290858503
2011-12-28 22:00:00,47.48341549401943
2011-12-28 23:00:00,24.575226024879385
2011-12-29 00:00:00,11.293624471034661
2011-12-29 01:00:00,4.336557975213184
2011-12-29 02:00:00,2.8386575676767425
2011-12-29 03:00:00,1.5583597077772873
2011-12-29 04:00:00,1.481319484256964
2011-12-29 05:00:00,7.475021725887273
2011-12-29 06:00:00,39.33651245735592
2011-12-29 07:00:00,111.56982893268469
2011-12-29 08:00:00,221.35359717819236
2011-12-29 09:00:00,121.1618133318062
2011-12-29 10:00:00,49.74940341859092
2011-12-29 11:00:00,53.20245016522475
2011-12-29 12:00:00,67.39892487263158
2011-12-29 13:00:00,75.63600599086485
2011-12-29 14:00:00,65.78939240784524
2011-12-29 15:00:00,68.80638811171312
2011-12-29 16:00:00,104.57576894793691
2011-12-29 17:00:00,208.60509297899765
2011-12-29 18:00:00,198.08562856438027
2011-12-29 19:00:00,140.2426906864476
2011-12-29 20:00:00,96.09574936252295
2011-12-29 21:00:00,69.3231205302458
2011-12-29 22:00:00,57.406709617081184
2011-12-29 23:00:00,35.88288053245462
2011-12-30 00:00:00,17.21178018450056
2011-12-30 01:00:00,8.40439225177165
2011-12-30 02:00:00,4.327342364151848
2011-12-30 03:00:00,2.3543502508510423
2011-12-30 04:00:00,1.682818904486276
2011-12-30 05:00:00,7.638766377981778
2011-12-30 06:00:00,35.917173123491125
2011-12-30 07:00:00,110.00661244562735
2011-12-30 08:00:00,219.1189781448337
2011-12-30 09:00:00,135.95775561722397
2011-12-30 10:00:00,68.32861250296178
2011-12-30 11:00:00,72.9217197242572
2011-12-30 12:00:00,98.88822184182342
2011-12-30 13:00:00,105.54039472007558
2011-12-30 14:00:00,96.53687007350842
2011-12-30 15:00:00,112.9443995752806
2011-12-30 16:00:00,150.33630781089377
2011-12-30 17:00:00,241.61533189327406
2011-12-30 18:00:00,217.57202853552562
2011-12-30 19:00:00,118.35321172967413
2011-12-30 20:00:00,80.44900053974146
2011-12-30 21:00:00,76.10411169884354
2011-12-30 22:00:00,63.963293758724525
2011-12-30 23:00:00,47.767967292014625
2011-12-31 00:00:00,35.42392324352778
2011-12-31 01:00:00,28.13638306775754
2011-12-31 02:00:00,22.488372164329565
2011-12-31 03:00:00,9.985057624556491
2011-12-31 04:00:00,2.7756419411172994
2011-12-31 05:00:00,2.4786934676756003
2011-12-31 06:00:00,6.521003853797998
2011-12-31 07:00:00,10.833115802154174
2011-12-31 08:00:00,45.51300168631457
2011-12-31 09:00:00,75.63729487095854
2011-12-31 10:00:00,110.77835659021538
2011-12-31 11:00:00,146.52841300506057
2011-12-31 12:00:00,237.1533687200922
2011-12-31 13:00:00,221.212260200114
2011-12-31 14:00:00,187.22671187564953
2011-12-31 15:00:00,172.4296789841466
2011-12-31 16:00:00,153.75234847737602
2011-12-31 17:00:00,141.614464986066
2011-12-31 18:00:00,129.57654708582214
2011-12-31 19:00:00,96.88126050602231
2011-12-31 20:00:00,75.4367192457482
2011-12-31 21:00:00,57.945203277734976
2011-12-31 22:00:00,56.43807830990638
2011-12-31 23:00:00,44.23491611490659
2012-01-20 00:00:00,27.572851581432158
2012-01-20 01:00:00,14.154762942267752
2012-01-20 02:00:00,6.635374409456643
2012-01-20 03:00:00,3.397098691614352
2012-01-20 04:00:00,2.8131138270788925
2012-01-20 05:00:00,18.071377171324972
2012-01-20 06:00:00,65.68885633448157
2012-01-20 07:00:00,201.84092571462355
2012-01-20 08:00:00,429.2145847823534
2012-01-20 09:00:00,235.01844835714394
2012-01-20 10:00:00,111.40434209082142
2012-01-20 11:00:00,104.38155996919744
2012-01-20 12:00:00,127.93361632451239
2012-01-20 13:00:00,141.44379605725612
2012-01-20 14:00:00,119.22944029747829
2012-01-20 15:00:00,138.69200460491058
2012-01-20 16:00:00,181.38903168095402
2012-01-20 17:00:00,302.8043863550284
2012-01-20 18:00:00,282.6018699499961
2012-01-20 19:00:00,195.037320052593
2012-01-20 20:00:00,126.24421683911342
2012-01-20 21:00:00,102.48809094706343
2012-01-20 22:00:00,78.86821069467592
2012-01-20 23:00:00,47.54849648415948
2012-01-21 00:00:00,41.09451656243456
2012-01-21 01:00:00,28.177269294367235
2012-01-21 02:00:00,27.762169071993295
2012-01-21 03:00:00,10.797527727088381
2012-01-21 04:00:00,3.914016684399185
2012-01-21 05:00:00,3.4548350484202626
2012-01-21 06:00:00,6.12646403327674
2012-01-21 07:00:00,16.7045456476509
2012-01-21 08:00:00,53.25368919589164
2012-01-21 09:00:00,78.44704318038204
2012-01-21 10:00:00,91.01861700567582
2012-01-21 11:00:00,168.343437625135
2012-01-21 12:00:00,198.38216597460396
2012-01-21 13:00:00,174.80457573248995
2012-01-21 14:00:00,127.78322730811908
2012-01-21 15:00:00,140.32287842880538
2012-01-21 16:00:00,152.3954427016634
2012-01-21 17:00:00,134.78081053309097
2012-01-21 18:00:00,119.47497811636954
2012-01-21 19:00:00,95.81037508328124
2012-01-21 20:00:00,74.06853179824351
2012-01-21 21:00:00,71.38479140357317
2012-01-21 22:00:00,58.063875909751985
2012-01-21 23:00:00,46.67159816093824
2012-01-22 00:00:00,38.0686436761777
2012-01-22 01:00:00,33.417279671586435
2012-01-22 02:00:00,27.828320288669342
2012-01-22 03:00:00,13.37963097930071
2012-01-22 04:00:00,3.4227369734628934
2012-01-22 05:00:00,3.666787259364808
2012-01-22 06:00:00,5.733054505817302
2012-01-22 07:00:00,17.520069629853726
2012-01-22 08:00:00,48.915962865191396
2012-01-22 09:00:00,84.49498958938283
2012-01-22 10:00:00,108.69285051478585
2012-01-22 11:00:00,100.44534110617798
2012-01-22 12:00:00,162.77037166136898
2012-01-22 13:00:00,168.45688728127215
2012-01-22 14:00:00,158.9839324938518
2012-01-22 15:00:00,149.15853761774414
2012-01-22 16:00:00,148.3506471478751
2012-01-22 17:00:00,138.49933906478836
2012-01-22 18:00:00,83.37654220191567
2012-01-22 19:00:00,71.33787351926804
2012-01-22 20:00:00,55.72670272446599
2012-01-22 21:00:00,45.50319134384844
2012-01-22 22:00:00,44.07632841119662
2012-01-22 23:00:00,28.52202551184111
2012-01-23 00:00:00,18.997155806767996
2012-01-23 01:00:00,6.018230270831276
2012-01-23 02:00:00,2.9886763958748506
2012-01-23 03:00:00,2.127380185358487
2012-01-23 04:00:00,2.3314654767197047
2012-01-23 05:00:00,13.233364257529242
2012-01-23 06:00:00,56.17321848709297
2012-01-23 07:00:00,103.10512289677624
2012-01-23 08:00:00,304.80931548134737
2012-01-23 09:00:00,203.29220607527233
2012-01-23 10:00:00,71.42656353447171
2012-01-23 11:00:00,78.33109773690997
2012-01-23 12:00:00,83.70206336371847
2012-01-23 13:00:00,58.10922274541308
2012-01-23 14:00:00,61.68586232889708
2012-01-23 15:00:00,77.0066615856356
2012-01-23 16:00:00,136.19062459196712
2012-01-23 17:00:00,280.19097903342276
2012-01-23 18:00:00,251.243478932004
2012-01-23 19:00:00,172.60121862545742
2012-01-23 20:00:00,105.58456504096954
2012-01-23 21:00:00,76.60667974661769
2012-01-23 22:00:00,53.47648832484003
2012-01-23 23:00:00,30.061632420064274
2012-01-24 00:00:00,16.72746393148444
2012-01-24 01:00:00,6.55829303028728
2012-01-24 02:00:00,3.3190739799889193
2012-01-24 03:00:00,2.206511020114691
2012-01-24 04:00:00,2.5807323375155726
2012-01-24 05:00:00,14.701867339124078
2012-01-24 06:00:00,69.29954223766156
2012-01-24 07:00:00,195.33584304528048
2012-01-24 08:00:00,366.86582008127664
2012-01-24 09:00:00,211.25398648874796
2012-01-24 10:00:00,81.77410971221238
2012-01-24 11:00:00,109.92284556542525
2012-01-24 12:00:00,120.4141375167595
2012-01-24 13:00:00,133.15887970823027
2012-01-24 14:00:00,133.669279089377
2012-01-24 15:00:00,143.6040189302026
2012-01-24 16:00:00,230.6965635666267
2012-01-24 17:00:00,473.85203626790167
2012-01-24 18:00:00,457.53716484510545
2012-01-24 19:00:00,323.85082239925015
2012-01-24 20:00:00,167.0772564358823
2012-01-24 21:00:00,148.1757994877438
2012-01-24 22:00:00,90.162058841821775
2012-01-24 23:00:00,53.913129072470724
2012-01-25 00:00:00,18.492717753620223
2012-01-25 01:00:00,8.609174094782226
2012-01-25 02:00:00,3.436221718716069
2012-01-25 03:00:00,2.746412609960795
2012-01-25 04:00:00,2.151302473340781
2012-01-25 05:00:00,16.810354617285714
2012-01-25 06:00:00,83.06852736590066
2012-01-25 07:00:00,251.546321052904
2012-01-25 08:00:00,477.08763452286286
2012-01-25 09:00:00,250.4090279419115
2012-01-25 10:00:00,106.34095970865877
2012-01-25 11:00:00,111.7301078801686
2012-01-25 12:00:00,142.38058128788458
2012-01-25 13:00:00,148.1131722850371
2012-01-25 14:00:00,128.0874697776901
2012-01-25 15:00:00,154.88575580733635
2012-01-25 16:00:00,199.31420192071897
2012-01-25 17:00:00,430.8271412839225
2012-01-25 18:00:00,354.57196986528294
2012-01-25 19:00:00,260.4013595261481
2012-01-25 20:00:00,166.96632220107017
2012-01-25 21:00:00,126.31915100579103
2012-01-25 22:00:00,96.37822058795254
2012-01-25 23:00:00,55.21436943315302
2012-01-26 00:00:00,25.246398318497892
2012-01-26 01:00:00,9.294468124241941
2012-01-26 02:00:00,4.576447523597369
2012-01-26 03:00:00,2.6029494699138835
2012-01-26 04:00:00,3.0128177735030675
2012-01-26 05:00:00,18.308001808419004
2012-01-26 06:00:00,81.68112143007268
2012-01-26 07:00:00,257.95953034561944
2012-01-26 08:00:00,497.3828069458713
2012-01-26 09:00:00,245.13771178891378
2012-01-26 10:00:00,98.36203136526393
2012-01-26 11:00:00,99.92635702712322
2012-01-26 12:00:00,131.65345383237263
2012-01-26 13:00:00,159.80352643895498
2012-01-26 14:00:00,147.7615184080413
2012-01-26 15:00:00,162.27744733482837
2012-01-26 16:00:00,228.3001370764976
2012-01-26 17:00:00,452.67001042762405
2012-01-26 18:00:00,433.92145954005275
2012-01-26 19:00:00,283.1557852020967
2012-01-26 20:00:00,192.56106712016737
2012-01-26 21:00:00,153.3430300888675
2012-01-26 22:00:00,124.45476170763735
2012-01-26 23:00:00,71.1826092189204
2012-01-27 00:00:00,31.456356440424422
2012-01-27 01:00:00,17.72562897687054
2012-01-27 02:00:00,9.227987688658319
2012-01-27 03:00:00,3.3809599850137735
2012-01-27 04:00:00,2.011241159949605
2012-01-27 05:00:00,15.62526855411474
2012-01-27 06:00:00,52.44532156738445
2012-01-27 07:00:00,168.87690484384777
2012-01-27 08:00:00,239.9902577945769
2012-01-27 09:00:00,131.58975619179782
2012-01-27 10:00:00,58.02298215824025
2012-01-27 11:00:00,147.5851949426255
2012-01-27 12:00:00,194.67246837231193
2012-01-27 13:00:00,241.43341044820832
2012-01-27 14:00:00,209.5638773992892
2012-01-27 15:00:00,234.87888494215198
2012-01-27 16:00:00,268.8393883905458
2012-01-27 17:00:00,429.07718369326517
2012-01-27 18:00:00,377.3491833365554
2012-01-27 19:00:00,259.7207894520781
2012-01-27 20:00:00,152.78459627658833
2012-01-27 21:00:00,121.35023413148845
2012-01-27 22:00:00,117.88447111841167
2012-01-27 23:00:00,77.8734831522704
2012-01-28 00:00:00,65.02186413921967
2012-01-28 01:00:00,53.24366286549282
2012-01-28 02:00:00,36.885225651447094
2012-01-28 03:00:00,16.03717569287663
2012-01-28 04:00:00,5.165276851303606
2012-01-28 05:00:00,4.580300353273102
2012-01-28 06:00:00,10.193387770211109
2012-01-28 07:00:00,26.62462973503551
2012-01-28 08:00:00,78.70395787206661
2012-01-28 09:00:00,108.71033987727131
2012-01-28 10:00:00,176.28280992317303
2012-01-28 11:00:00,243.89085740924247
2012-01-28 12:00:00,253.9244630869289
2012-01-28 13:00:00,301.50100288610764
2012-01-28 14:00:00,314.33453428111363
2012-01-28 15:00:00,308.14495752355464
2012-01-28 16:00:00,334.4264974873524
2012-01-28 17:00:00,308.3888949082842
2012-01-28 18:00:00,272.9783803739337
2012-01-28 19:00:00,177.38458238194232
2012-01-28 20:00:00,147.2644435408051
2012-01-28 21:00:00,119.4918009322301
2012-01-28 22:00:00,100.98128943682966
2012-01-28 23:00:00,78.90014210700845
2012-01-29 00:00:00,59.231972161222565
2012-01-29 01:00:00,49.23329034224718
2012-01-29 02:00:00,42.11744019394447
2012-01-29 03:00:00,17.290052099283706
2012-01-29 04:00:00,5.125600644732851
2012-01-29 05:00:00,4.24382140205202
2012-01-29 06:00:00,7.3194592637501765
2012-01-29 07:00:00,21.93091425639922
2012-01-29 08:00:00,54.04442370178182
2012-01-29 09:00:00,91.91332907214161
2012-01-29 10:00:00,177.96579631943325
2012-01-29 11:00:00,209.71649311900168
2012-01-29 12:00:00,252.09237118115294
2012-01-29 13:00:00,254.09371034605374
2012-01-29 14:00:00,239.71070089734732
2012-01-29 15:00:00,268.2020287678592
2012-01-29 16:00:00,260.15586124662474
2012-01-29 17:00:00,237.78844443405495
2012-01-29 18:00:00,186.9603169057879
2012-01-29 19:00:00,140.63074895200268
2012-01-29 20:00:00,104.79055263139753
2012-01-29 21:00:00,84.23182879827749
2012-01-29 22:00:00,66.59357018188975
2012-01-29 23:00:00,41.6556860493834
2012-01-30 00:00:00,23.261432263626308
2012-01-30 01:00:00,6.646899595901655
2012-01-30 02:00:00,3.6506693152119905
2012-01-30 03:00:00,2.301631532797023
2012-01-30 04:00:00,2.4494763734151768
2012-01-30 05:00:00,14.2953220161354
2012-01-30 06:00:00,66.95683685044277
2012-01-30 07:00:00,196.63020552998591
2012-01-30 08:00:00,379.31733770772087
2012-01-30 09:00:00,197.16695084524946
2012-01-30 10:00:00,90.9664859096117
2012-01-30 11:00:00,95.77350162855916
2012-01-30 12:00:00,127.24246994957281
2012-01-30 13:00:00,131.87418214198541
2012-01-30 14:00:00,122.68254134720068
2012-01-30 15:00:00,125.25327670231444
2012-01-30 16:00:00,203.13581903770188
2012-01-30 17:00:00,431.9144984944004
2012-01-30 18:00:00,390.32282378958445
2012-01-30 19:00:00,248.7171137677183
2012-01-30 20:00:00,165.63622075671313
2012-01-30 21:00:00,122.31610280245424
2012-01-30 22:00:00,79.90995528632503
2012-01-30 23:00:00,40.13617003237933
2012-01-31 00:00:00,25.120269350403646
2012-01-31 01:00:00,7.637582565942378
2012-01-31 02:00:00,3.8058564539073707
2012-01-31 03:00:00,2.607868431888952
2012-01-31 04:00:00,2.7914553898153294
2012-01-31 05:00:00,17.409211839545204
2012-01-31 06:00:00,84.30221160987692
2012-01-31 07:00:00,227.34466520738854
2012-01-31 08:00:00,438.87347900008507
2012-01-31 09:00:00,245.9835093451047
2012-01-31 10:00:00,103.98449824394295
2012-01-31 11:00:00,136.04108688298712
2012-01-31 12:00:00,164.98311648623852
2012-01-31 13:00:00,201.9593874147719
2012-01-31 14:00:00,176.4243622930981
2012-01-31 15:00:00,206.82204068672775
2012-01-31 16:00:00,308.53661336530416
2012-01-31 17:00:00,613.9967407733493
2012-01-31 18:00:00,600.7864506101341
2012-01-31 19:00:00,358.4049546599665
2012-01-31 20:00:00,210.75673772115283
2012-01-31 21:00:00,185.72359245052556
2012-01-31 22:00:00,117.62661847252328
2012-01-31 23:00:00,74.02845113947546
2012-02-20 00:00:00,46.17073133736864
2012-02-20 01:00:00,25.397669985450264
2012-02-20 02:00:00,16.740320795628225
2012-02-20 03:00:00,8.045002133227753
2012-02-20 05:00:00,4.552830410077436
2012-02-20 06:00:00,10.812209760117371
2012-02-20 07:00:00,32.962821538436
2012-02-20 08:00:00,69.51945592999736
2012-02-20 09:00:00,73.83115135132344
2012-02-20 10:00:00,101.27046984895546
2012-02-20 11:00:00,151.18248798712278
2012-02-20 12:00:00,181.32251614744953
2012-02-20 13:00:00,185.27674023132454
2012-02-20 14:00:00,188.84951958174966
2012-02-20 15:00:00,202.80887776913244
2012-02-20 16:00:00,234.75323928007705
2012-02-20 17:00:00,216.2908180560204
2012-02-20 18:00:00,172.5950888071702
2012-02-20 19:00:00,139.64959479618142
2012-02-20 20:00:00,104.22394725978911
2012-02-20 21:00:00,75.13254005096691
2012-02-20 22:00:00,60.79873783061329
2012-02-20 23:00:00,35.79016985768781
2012-02-21 00:00:00,21.74158608949928
2012-02-21 01:00:00,6.981483670430224
2012-02-21 02:00:00,3.076089910026361
2012-02-21 04:00:00,2.301595007882645
2012-02-21 05:00:00,14.129544180099417
2012-02-21 06:00:00,70.19421287195684
2012-02-21 07:00:00,213.97716959302858
2012-02-21 08:00:00,428.8352013625
2012-02-21 09:00:00,235.15268031557673
2012-02-21 10:00:00,101.12284328146885
2012-02-21 11:00:00,96.41392534302169
2012-02-21 12:00:00,125.99193606397404
2012-02-21 13:00:00,140.78674549872403
2012-02-21 14:00:00,108.04996955449772
2012-02-21 15:00:00,132.7091543901695
2012-02-21 16:00:00,221.18240850303474
2012-02-21 17:00:00,430.5056538899871
2012-02-21 18:00:00,422.0652168034468
2012-02-21 19:00:00,287.9085719015837
2012-02-21 20:00:00,182.0502513223573
2012-02-21 21:00:00,135.80361351679093
2012-02-21 22:00:00,91.65967548253896
2012-02-21 23:00:00,52.226891692232506
2012-02-22 00:00:00,24.589049150841426
2012-02-22 01:00:00,9.36371713192552
2012-02-22 02:00:00,3.564813275666483
2012-02-22 03:00:00,2.8553634677292115
2012-02-22 04:00:00,2.484926135319183
2012-02-22 05:00:00,18.373653562584003
2012-02-22 06:00:00,89.88836739281696
2012-02-22 07:00:00,278.93493274256446
2012-02-22 08:00:00,504.2768597037765
2012-02-22 09:00:00,247.51624617464748
2012-02-22 10:00:00,114.980467348303
2012-02-22 11:00:00,131.8930732591146
2012-02-22 12:00:00,161.3752420394187
2012-02-22 13:00:00,161.1935540419189
2012-02-22 14:00:00,146.2555262231342
2012-02-22 15:00:00,190.91508767282
2012-02-22 16:00:00,282.5470677707111
2012-02-22 17:00:00,580.3924171404984
2012-02-22 18:00:00,520.7496180192162
2012-02-22 19:00:00,337.3013332974269
2012-02-22 20:00:00,211.64126963133697
2012-02-22 21:00:00,180.72593016975813
2012-02-22 22:00:00,119.3948240022915
2012-02-22 23:00:00,77.2111944546793
2012-02-23 00:00:00,34.55163154560531
2012-02-23 01:00:00,11.166133451610355
2012-02-23 02:00:00,6.397506806290303
2012-02-23 03:00:00,2.460335198192055
2012-02-23 04:00:00,3.1266301745627527
2012-02-23 05:00:00,23.87482682266173
2012-02-23 06:00:00,105.17354888601247
2012-02-23 07:00:00,332.7627111008504
2012-02-23 08:00:00,530.9018553072893
2012-02-23 09:00:00,273.6427977938596
2012-02-23 10:00:00,133.3211741125824
2012-02-23 11:00:00,168.14917470018028
2012-02-23 12:00:00,227.93854737289163
2012-02-23 13:00:00,228.60219867353248
2012-02-23 14:00:00,212.65720752932228
2012-02-23 15:00:00,230.04799252625722
2012-02-23 16:00:00,327.3590389192331
2012-02-23 17:00:00,646.8216868564431
2012-02-23 18:00:00,623.8975296957487
2012-02-23 19:00:00,389.3751235729793
2012-02-23 20:00:00,272.7914799635409
2012-02-23 21:00:00,171.62753691685063
2012-02-23 22:00:00,133.57889496781203
2012-02-23 23:00:00,87.25704764716471
2012-02-24 00:00:00,41.75185168489637
2012-02-24 01:00:00,21.760824981351426
2012-02-24 02:00:00,6.77997198030009
2012-02-24 03:00:00,5.6460009403288405
2012-02-24 04:00:00,3.894293993612488
2012-02-24 05:00:00,21.094830552852457
2012-02-24 06:00:00,79.14101086245044
2012-02-24 07:00:00,266.00366390748786
2012-02-24 08:00:00,484.9302269348243
2012-02-24 09:00:00,145.3158100602837
2012-02-24 10:00:00,74.9379528881243
2012-02-24 11:00:00,150.1260426908408
2012-02-24 12:00:00,187.88804316242687
2012-02-24 13:00:00,204.43134794910426
2012-02-24 14:00:00,207.74809127351514
2012-02-24 15:00:00,77.5135370906016
2012-02-24 16:00:00,112.60762341168116
2012-02-24 17:00:00,187.5740602292392
2012-02-24 18:00:00,276.87235067070185
2012-02-24 19:00:00,241.68185311279885
2012-02-24 20:00:00,185.25542242628006
2012-02-24 21:00:00,144.42904419234304
2012-02-24 22:00:00,123.53386202761556
2012-02-24 23:00:00,92.03505999582059
2012-02-25 00:00:00,80.48110085475636
2012-02-25 01:00:00,55.47662660571041
2012-02-25 02:00:00,41.28189257094764
2012-02-25 03:00:00,16.689586982953095
2012-02-25 04:00:00,5.574845289389619
2012-02-25 05:00:00,4.697672487126149
2012-02-25 06:00:00,11.109099285454532
2012-02-25 07:00:00,32.82737024899859
2012-02-25 08:00:00,78.97354547871865
2012-02-25 09:00:00,72.45394126392952
2012-02-25 10:00:00,179.68186870019272
2012-02-25 11:00:00,209.2505733851192
2012-02-25 12:00:00,232.54463798469038
2012-02-25 13:00:00,265.8943008397863
2012-02-25 14:00:00,240.32171081786623
2012-02-25 15:00:00,254.34632480695632
2012-02-25 16:00:00,221.69486363242663
2012-02-25 17:00:00,226.9557621809693
2012-02-25 18:00:00,171.96014484666742
2012-02-25 19:00:00,131.08197297254995
2012-02-25 20:00:00,96.01794899747165
2012-02-25 21:00:00,86.62850062759966
2012-02-25 22:00:00,65.60604182908541
2012-02-25 23:00:00,61.25472989106455
2012-02-26 00:00:00,50.42009426895192
2012-02-26 01:00:00,42.502308614532815
2012-02-26 02:00:00,37.24340157013153
2012-02-26 03:00:00,17.534714222472132
2012-02-26 04:00:00,5.279502880697309
2012-02-26 05:00:00,4.089055585410305
2012-02-26 06:00:00,6.147252132920041
2012-02-26 07:00:00,18.748306410924535
2012-02-26 08:00:00,51.057969338972526
2012-02-26 09:00:00,96.8134478928356
2012-02-26 10:00:00,160.2121557857939
2012-02-26 11:00:00,202.60686233154104
2012-02-26 12:00:00,257.91137697559265
2012-02-26 13:00:00,257.55555181075175
2012-02-26 14:00:00,256.6823717072941
2012-02-26 15:00:00,282.1209171753507
2012-02-26 16:00:00,268.9266152338956
2012-02-26 17:00:00,247.26597507027387
2012-02-26 18:00:00,187.46663789520872
2012-02-26 19:00:00,154.13770431721315
2012-02-26 20:00:00,110.97488235173887
2012-02-26 21:00:00,89.96837277551741
2012-02-26 22:00:00,69.01177963995978
2012-02-26 23:00:00,37.373756784258255
2012-02-27 00:00:00,23.63051548022148
2012-02-27 01:00:00,6.5338502496194515
2012-02-27 02:00:00,3.7055517789718118
2012-02-27 03:00:00,2.505222544531692
2012-02-27 04:00:00,2.714559214885111
2012-02-27 05:00:00,16.77083604894153
2012-02-27 06:00:00,70.02328181075193
2012-02-27 07:00:00,218.01188766473737
2012-02-27 08:00:00,457.4089097017092
2012-02-27 09:00:00,213.75672523998335
2012-02-27 10:00:00,103.64449840772582
2012-02-27 11:00:00,131.19195191478235
2012-02-27 12:00:00,164.60542716621686
2012-02-27 13:00:00,157.06299941740826
2012-02-27 14:00:00,167.48530400992868
2012-02-27 15:00:00,195.22088770945447
2012-02-27 16:00:00,283.88514597646025
2012-02-27 17:00:00,568.916233912081
2012-02-27 18:00:00,555.8787454751763
2012-02-27 19:00:00,353.9227555575863
2012-02-27 20:00:00,239.59035558273607
2012-02-27 21:00:00,174.23594647176782
2012-02-27 22:00:00,109.95490718052417
2012-02-27 23:00:00,61.44262538841216
2012-02-28 00:00:00,33.99167886052441
2012-02-28 01:00:00,10.010775906540987
2012-02-28 02:00:00,4.851180915090494
2012-02-28 03:00:00,3.1344653780958214
2012-02-28 04:00:00,2.8488735729717463
2012-02-28 05:00:00,17.369088370184873
2012-02-28 06:00:00,83.93896076347538
2012-02-28 07:00:00,262.3652303285775
2012-02-28 08:00:00,466.4889902127097
2012-02-28 09:00:00,240.4994671039657
2012-02-28 10:00:00,108.35412996872331
2012-02-28 11:00:00,124.6355226885847
2012-02-28 12:00:00,175.47228736703812
2012-02-28 13:00:00,167.70732831339723
2012-02-28 14:00:00,152.72806305968132
2012-02-28 15:00:00,173.01348120964826
2012-02-28 16:00:00,261.0008525642601
2012-02-28 17:00:00,513.443531986634
2012-02-28 18:00:00,494.0388748593396
2012-02-28 19:00:00,326.4585999811079
2012-02-28 20:00:00,215.9024337159946
2012-02-28 21:00:00,146.40249176567076
2012-02-28 22:00:00,105.73461347749105
2012-02-28 23:00:00,54.732139289873835
2012-02-29 00:00:00,26.784771610021647
2012-02-29 01:00:00,9.49462659632949
2012-02-29 02:00:00,3.5010050742770824
2012-02-29 03:00:00,3.0421081384385045
2012-02-29 05:00:00,16.57204340424078
2012-02-29 06:00:00,85.64945078942223
2012-02-29 07:00:00,234.97252327236382
2012-02-29 08:00:00,493.5678853816496
2012-02-29 09:00:00,126.78492791474798
2012-02-29 10:00:00,51.840050773652365
2012-02-29 11:00:00,47.10829834915471
2012-02-29 12:00:00,38.41018865202656
2012-02-29 13:00:00,76.94757383354847
2012-02-29 14:00:00,71.71539143513414
2012-02-29 15:00:00,120.60996444052543
2012-02-29 16:00:00,99.54437422915089
2012-02-29 17:00:00,358.8243368907922
2012-02-29 18:00:00,187.63352464610716
2012-02-29 19:00:00,252.34716885063142
2012-02-29 20:00:00,98.7525462684823
2012-02-29 21:00:00,72.83471360178767
2012-02-29 22:00:00,37.92094642515072
2012-02-29 23:00:00,24.81168956403363
2012-03-20 00:00:00,40.536661502833994
2012-03-20 01:00:00,13.258007393931168
2012-03-20 02:00:00,4.74051492329771
2012-03-20 03:00:00,3.6192207448451374
2012-03-20 04:00:00,5.24480265162549
2012-03-20 05:00:00,21.68621626250868
2012-03-20 06:00:00,100.83391862801219
2012-03-20 07:00:00,142.4917821349475
2012-03-20 08:00:00,557.2513832613895
2012-03-20 09:00:00,261.1471437743418
2012-03-20 10:00:00,140.261240295804
2012-03-20 11:00:00,169.9686219145273
2012-03-20 12:00:00,206.57227227721225
2012-03-20 13:00:00,230.24742440249926
2012-03-20 14:00:00,183.6636803932164
2012-03-20 15:00:00,203.69750859723942
2012-03-20 16:00:00,326.31693544198777
2012-03-20 17:00:00,609.8070150088504
2012-03-20 18:00:00,609.0359101399501
2012-03-20 19:00:00,412.17763924660125
2012-03-20 20:00:00,305.07693969729604
2012-03-20 21:00:00,224.14904200085377
2012-03-20 22:00:00,158.57976001823454
2012-03-20 23:00:00,84.15824558941178
2012-03-21 00:00:00,46.26038671549653
2012-03-21 01:00:00,18.580927671356466
2012-03-21 02:00:00,7.080036532232039
2012-03-21 03:00:00,4.539010882480763
2012-03-21 04:00:00,4.870242125068972
2012-03-21 05:00:00,32.78017078273395
2012-03-21 06:00:00,103.2870080471751
2012-03-21 07:00:00,126.05822922473928
2012-03-21 08:00:00,238.86601575806827
2012-03-21 09:00:00,283.4367865018539
2012-03-21 10:00:00,156.32997764721628
2012-03-21 11:00:00,177.66995755207634
2012-03-21 12:00:00,237.91469162373627
2012-03-21 13:00:00,211.0324941257305
2012-03-21 14:00:00,217.06658804220197
2012-03-21 15:00:00,242.57663480201063
2012-03-21 16:00:00,351.19555892278134
2012-03-21 17:00:00,726.0863301364418
2012-03-21 18:00:00,705.6626589967422
2012-03-21 19:00:00,511.2569615585569
2012-03-21 20:00:00,400.49314306732185
2012-03-21 21:00:00,254.6653089210814
2012-03-21 22:00:00,181.89185911988068
2012-03-21 23:00:00,119.66411749412426
2012-03-22 00:00:00,51.20082005719124
2012-03-22 01:00:00,20.770966231311526
2012-03-22 02:00:00,11.31255188992309
2012-03-22 03:00:00,6.437369564030788
2012-03-22 04:00:00,4.210385815295745
2012-03-22 05:00:00,25.709528136388162
2012-03-22 06:00:00,108.30922532977765
2012-03-22 07:00:00,303.2397099599768
2012-03-22 08:00:00,549.7071727093177
2012-03-22 09:00:00,251.08404450096276
2012-03-22 10:00:00,105.82237032735458
2012-03-22 11:00:00,150.21790741349582
2012-03-22 12:00:00,192.2101405360455
2012-03-22 13:00:00,294.5126189815625
2012-03-22 14:00:00,248.84932666111877
2012-03-22 15:00:00,261.7401360460783
2012-03-22 16:00:00,384.7129132372178
2012-03-22 17:00:00,804.5259506277022
2012-03-22 18:00:00,788.4516802560838
2012-03-22 19:00:00,568.5202088764413
2012-03-22 20:00:00,379.28834830295114
2012-03-22 21:00:00,315.63991261409956
2012-03-22 22:00:00,194.0555424138315
2012-03-22 23:00:00,131.6272069134991
2012-03-23 00:00:00,60.912613977847776
2012-03-23 01:00:00,31.347851460480612
2012-03-23 02:00:00,13.315955019764672
2012-03-23 03:00:00,7.988973280593878
2012-03-23 04:00:00,5.802412054352253
2012-03-23 05:00:00,27.88950873839263
2012-03-23 06:00:00,117.75412739433446
2012-03-23 07:00:00,288.0230901159613
2012-03-23 08:00:00,550.6232479533885
2012-03-23 09:00:00,324.5749123958404
2012-03-23 10:00:00,175.74905103253988
2012-03-23 11:00:00,240.0796968449524
2012-03-23 12:00:00,354.2223663127503
2012-03-23 13:00:00,353.80210397721214
2012-03-23 14:00:00,323.9632877893905
2012-03-23 15:00:00,360.47024174425013
2012-03-23 16:00:00,501.53864943139314
2012-03-23 17:00:00,795.0342363982567
2012-03-23 18:00:00,731.2974372455335
2012-03-23 19:00:00,521.3827732716393
2012-03-23 20:00:00,378.57372016818874
2012-03-23 21:00:00,297.58252338304874
2012-03-23 22:00:00,228.00579196597846
2012-03-23 23:00:00,166.496095024622
2012-03-24 00:00:00,149.1274876430441
2012-03-24 01:00:00,122.67905147434806
2012-03-24 02:00:00,79.873322822123
2012-03-24 03:00:00,47.35981874474977
2012-03-24 04:00:00,12.97336464811225
2012-03-24 05:00:00,13.911867597159164
2012-03-24 06:00:00,37.649004555575274
2012-03-24 07:00:00,65.66574341979337
2012-03-24 08:00:00,133.5897957500553
2012-03-24 09:00:00,252.135814366808
2012-03-24 10:00:00,328.26100072418535
2012-03-24 11:00:00,328.71322664512593
2012-03-24 12:00:00,245.6811375948593
2012-03-24 13:00:00,219.83278953279145
2012-03-24 14:00:00,205.80172041134276
2012-03-24 15:00:00,170.14527299903412
2012-03-24 16:00:00,157.93970540711996
2012-03-24 17:00:00,203.6227445548672
2012-03-24 18:00:00,141.27307635055894
2012-03-24 19:00:00,131.8565069293488
2012-03-24 20:00:00,86.38085913995877
2012-03-24 21:00:00,70.11774917966602
2012-03-24 22:00:00,58.70771370288314
2012-03-24 23:00:00,86.07159789640771
2012-03-25 00:00:00,63.37798784222855
2012-03-25 01:00:00,51.32773830495904
2012-03-25 02:00:00,25.431087287782788
2012-03-25 03:00:00,12.437199445481005
2012-03-25 04:00:00,5.527508209386741
2012-03-25 05:00:00,7.7862019747349835
2012-03-25 06:00:00,12.690815778514244
2012-03-25 07:00:00,28.559220507314322
2012-03-25 08:00:00,65.39153476411416
2012-03-25 09:00:00,125.23432773127813
2012-03-25 10:00:00,181.50189543370251
2012-03-25 11:00:00,213.36721904829682
2012-03-25 12:00:00,279.02436875491924
2012-03-25 13:00:00,331.1985697166925
2012-03-25 14:00:00,323.250204055366
2012-03-25 15:00:00,300.9142503153276
2012-03-25 16:00:00,476.31231168188134
2012-03-25 17:00:00,423.04746985077605
2012-03-25 18:00:00,367.93235081006685
2012-03-25 19:00:00,286.71331165195716
2012-03-25 20:00:00,229.32015269725235
2012-03-25 21:00:00,192.73621404464205
2012-03-25 22:00:00,136.08926404819306
2012-03-25 23:00:00,94.02315774021123
2012-03-26 00:00:00,38.135430677995714
2012-03-26 01:00:00,14.12895038136649
2012-03-26 02:00:00,8.351851736667115
2012-03-26 03:00:00,4.927240943388185
2012-03-26 04:00:00,4.668872973673816
2012-03-26 05:00:00,30.327971754754344
2012-03-26 06:00:00,119.93097470208825
2012-03-26 07:00:00,364.8031248253016
2012-03-26 08:00:00,639.6556752751236
2012-03-26 09:00:00,293.0723663260252
2012-03-26 10:00:00,157.7003177300643
2012-03-26 11:00:00,179.24746530484356
2012-03-26 12:00:00,234.34761995408863
2012-03-26 13:00:00,214.6597874995579
2012-03-26 14:00:00,197.24549622340183
2012-03-26 15:00:00,209.1234024680113
2012-03-26 16:00:00,300.3709507180575
2012-03-26 17:00:00,609.3804973346423
2012-03-26 18:00:00,528.0138646466477
2012-03-26 19:00:00,373.9935523084814
2012-03-26 20:00:00,225.5511896243496
2012-03-26 21:00:00,152.2503743513578
2012-03-26 22:00:00,104.53725894860375
2012-03-26 23:00:00,50.29173115137438
2012-03-27 00:00:00,25.272262037063147
2012-03-27 01:00:00,7.70228504772258
2012-03-27 02:00:00,4.310451000141415
2012-03-27 03:00:00,2.460929868259967
2012-03-27 04:00:00,2.6559344541594476
2012-03-27 05:00:00,17.14040846280658
2012-03-27 06:00:00,86.484188517771
2012-03-27 07:00:00,263.53421977753123
2012-03-27 08:00:00,449.49553688863193
2012-03-27 09:00:00,232.19277369363024
2012-03-27 10:00:00,102.25878982674963
2012-03-27 11:00:00,116.61325924493173
2012-03-27 12:00:00,148.5546490362083
2012-03-27 13:00:00,165.48456884697205
2012-03-27 14:00:00,179.4228134688452
2012-03-27 15:00:00,198.61269097582635
2012-03-27 16:00:00,296.65688990714386
2012-03-27 17:00:00,557.9973285265405
2012-03-27 18:00:00,574.6649387477544
2012-03-27 19:00:00,371.2894386356591
2012-03-27 20:00:00,258.941699407806
2012-03-27 21:00:00,162.7273397393739
2012-03-27 22:00:00,124.13188300587247
2012-03-27 23:00:00,70.64950310281617
2012-03-28 00:00:00,32.659639499381925
2012-03-28 01:00:00,10.61153335699004
2012-03-28 02:00:00,4.722070271076305
2012-03-28 03:00:00,3.431267754937885
2012-03-28 04:00:00,2.7325300031013975
2012-03-28 05:00:00,24.54357218278543
2012-03-28 06:00:00,114.18958732391219
2012-03-28 07:00:00,334.62617427324113
2012-03-28 08:00:00,582.8925345972075
2012-03-28 09:00:00,309.6132437532313
2012-03-28 10:00:00,171.23814228253934
2012-03-28 11:00:00,197.49692113159355
2012-03-28 12:00:00,273.5990844829079
2012-03-28 13:00:00,265.1420151161967
2012-03-28 14:00:00,253.9326565493468
2012-03-28 15:00:00,272.49170808662734
2012-03-28 16:00:00,262.44580466544375
2012-03-28 17:00:00,725.432067689406
2012-03-28 18:00:00,738.9809229159065
2012-03-28 19:00:00,539.2456867672444
2012-03-28 20:00:00,388.8605999334806
2012-03-28 21:00:00,275.5442409275924
2012-03-28 22:00:00,192.95598296269546
2012-03-28 23:00:00,113.34421886920583
2012-03-29 00:00:00,51.20508460281514
2012-03-29 01:00:00,20.888451697685813
2012-03-29 02:00:00,10.287499372218793
2012-03-29 03:00:00,5.984343881396985
2012-03-29 04:00:00,6.247069405019858
2012-03-29 05:00:00,37.80551293762998
2012-03-29 06:00:00,160.41615527865991
2012-03-29 07:00:00,496.58053770840695
2012-03-29 08:00:00,716.7481637739015
2012-03-29 09:00:00,334.53536472687176
2012-03-29 10:00:00,173.53554654156824
2012-03-29 11:00:00,208.81497426603912
2012-03-29 12:00:00,264.0154555086454
2012-03-29 13:00:00,251.25763647862476
2012-03-29 14:00:00,225.11415242057586
2012-03-29 15:00:00,264.9366159372633
2012-03-29 16:00:00,387.5771514580763
2012-03-29 17:00:00,743.1587003417898
2012-03-29 18:00:00,653.6566114142819
2012-03-29 19:00:00,451.03046872520935
2012-03-29 20:00:00,318.96207072573776
2012-03-29 21:00:00,209.9630426312131
2012-03-29 22:00:00,157.20581294915647
2012-03-29 23:00:00,102.1037683601337
2012-03-30 00:00:00,48.00664830025212
2012-03-30 01:00:00,19.724417591935392
2012-03-30 02:00:00,11.27217366819549
2012-03-30 03:00:00,4.606463546791788
2012-03-30 04:00:00,3.7260534659259266
2012-03-30 05:00:00,23.69533721849565
2012-03-30 06:00:00,91.76035359012991
2012-03-30 07:00:00,270.822974531038
2012-03-30 08:00:00,496.58930351051316
2012-03-30 09:00:00,282.6520055150125
2012-03-30 10:00:00,148.77343189996702
2012-03-30 11:00:00,170.1188336876489
2012-03-30 12:00:00,210.66233315409733
2012-03-30 13:00:00,126.71619396435129
2012-03-30 14:00:00,108.80482985542517
2012-03-30 15:00:00,127.37381854835951
2012-03-30 16:00:00,167.82806834115112
2012-03-30 17:00:00,485.7196892557058
2012-03-30 18:00:00,487.1071449863693
2012-03-30 19:00:00,319.3031547416498
2012-03-30 20:00:00,214.87557351373437
2012-03-30 21:00:00,156.27399262975536
2012-03-30 22:00:00,139.37571357136468
2012-03-30 23:00:00,104.21688967194493
2012-03-31 00:00:00,91.07210606377548
2012-03-31 01:00:00,75.99743590993883
2012-03-31 02:00:00,56.756333865102725
2012-03-31 03:00:00,28.74631263208711
2012-03-31 04:00:00,7.662723126619969
2012-03-31 05:00:00,11.339923300822049
2012-03-31 06:00:00,22.155663139766812
2012-03-31 07:00:00,43.67223366641725
2012-03-31 08:00:00,100.68181414768061
2012-03-31 09:00:00,186.92077975192385
2012-03-31 10:00:00,268.9410780785909
2012-03-31 11:00:00,435.2376768624103
2012-03-31 12:00:00,529.0929101887637
2012-03-31 13:00:00,641.3758360992845
2012-03-31 14:00:00,501.90399165340443
2012-03-31 15:00:00,529.9285608621987
2012-03-31 16:00:00,467.94971002479195
2012-03-31 17:00:00,438.2688575736527
2012-03-31 18:00:00,275.5429487448986
2012-03-31 19:00:00,232.51276888550728
2012-03-31 20:00:00,171.551366705589
2012-03-31 21:00:00,144.81990608194556
2012-03-31 22:00:00,114.7521488673545
2012-03-31 23:00:00,84.73127529571761
2012-04-20 00:00:00,56.903226970166266
2012-04-20 01:00:00,30.444262618454868
2012-04-20 02:00:00,12.908568016627484
2012-04-20 03:00:00,6.503004476792179
2012-04-20 04:00:00,4.573363218544321
2012-04-20 05:00:00,28.838772789422176
2012-04-20 06:00:00,120.2405258249779
2012-04-20 07:00:00,335.1328346976969
2012-04-20 08:00:00,611.8004389355049
2012-04-20 09:00:00,337.2391991486673
2012-04-20 10:00:00,207.51237245796457
2012-04-20 11:00:00,255.48735480139143
2012-04-20 12:00:00,350.8451666110516
2012-04-20 13:00:00,379.7303290948293
2012-04-20 14:00:00,337.0725715783514
2012-04-20 15:00:00,363.82677401093093
2012-04-20 16:00:00,534.0117081345004
2012-04-20 17:00:00,798.017335511096
2012-04-20 18:00:00,685.4980004331939
2012-04-20 19:00:00,506.98023895180864
2012-04-20 20:00:00,319.0300378534062
2012-04-20 21:00:00,255.5183593163055
2012-04-20 22:00:00,209.81331506616712
2012-04-20 23:00:00,161.8773768272669
2012-04-21 00:00:00,152.5091306416386
2012-04-21 01:00:00,122.08793061631076
2012-04-21 02:00:00,98.90049241069082
2012-04-21 03:00:00,38.52810042586718
2012-04-21 04:00:00,9.406924013154683
2012-04-21 05:00:00,13.12763126532393
2012-04-21 06:00:00,38.77994492845406
2012-04-21 07:00:00,69.4491753719405
2012-04-21 08:00:00,174.8023260536732
2012-04-21 09:00:00,316.195908959221
2012-04-21 10:00:00,398.52972667310576
2012-04-21 11:00:00,495.191433202774
2012-04-21 12:00:00,619.2507389619548
2012-04-21 13:00:00,639.0265287109224
2012-04-21 14:00:00,636.9653719488954
2012-04-21 15:00:00,646.8839122026002
2012-04-21 16:00:00,617.6603475250665
2012-04-21 17:00:00,536.0488966352839
2012-04-21 18:00:00,438.3479248618748
2012-04-21 19:00:00,207.00816768150003
2012-04-21 20:00:00,112.22542178183734
2012-04-21 21:00:00,90.93877048839695
2012-04-21 22:00:00,159.15976131592248
2012-04-21 23:00:00,112.45941564786838
2012-04-22 00:00:00,94.50322801581275
2012-04-22 01:00:00,77.45992043428153
2012-04-22 02:00:00,76.84103082287007
2012-04-22 03:00:00,32.34303661138307
2012-04-22 04:00:00,9.612626492231449
2012-04-22 05:00:00,10.007196553103231
2012-04-22 06:00:00,19.53757517804116
2012-04-22 07:00:00,24.387940687510675
2012-04-22 08:00:00,51.22724997459079
2012-04-22 09:00:00,87.7128913404627
2012-04-22 10:00:00,108.17268957092773
2012-04-22 11:00:00,103.65424851227404
2012-04-22 12:00:00,125.48931577267585
2012-04-22 13:00:00,144.0538757138
2012-04-22 14:00:00,108.7890885730843
2012-04-22 15:00:00,118.94585659645706
2012-04-22 16:00:00,95.7406985166217
2012-04-22 17:00:00,82.34773857792304
2012-04-22 18:00:00,68.68314115676597
2012-04-22 19:00:00,50.77362772761783
2012-04-22 20:00:00,48.35997613238632
2012-04-22 21:00:00,46.258919849565856
2012-04-22 22:00:00,22.324768816592353
2012-04-22 23:00:00,24.676947821064253
2012-04-23 00:00:00,15.255291205835046
2012-04-23 01:00:00,4.4649582285280305
2012-04-23 02:00:00,3.571058915164167
2012-04-23 03:00:00,2.252687531280031
2012-04-23 04:00:00,1.9905505776417294
2012-04-23 05:00:00,11.440041718496843
2012-04-23 06:00:00,67.33569587415464
2012-04-23 07:00:00,111.160406938157
2012-04-23 08:00:00,373.9700250030802
2012-04-23 09:00:00,179.7454714155166
2012-04-23 10:00:00,90.72939312020337
2012-04-23 11:00:00,94.60871748737479
2012-04-23 12:00:00,89.72339146301788
2012-04-23 13:00:00,76.77962864072443
2012-04-23 14:00:00,65.2799569893672
2012-04-23 15:00:00,137.06784624405228
2012-04-23 16:00:00,86.73328053864702
2012-04-23 17:00:00,177.20211441001675
2012-04-23 18:00:00,208.39034500205727
2012-04-23 19:00:00,236.27906246957292
2012-04-23 20:00:00,150.33481001742481
2012-04-23 21:00:00,106.37337079576585
2012-04-23 22:00:00,84.85137573106671
2012-04-23 23:00:00,49.39138011458149
2012-04-24 00:00:00,23.005038642975105
2012-04-24 01:00:00,7.764599339236742
2012-04-24 02:00:00,4.259576765092526
2012-04-24 03:00:00,2.96878536135077
2012-04-24 04:00:00,2.688407622010789
2012-04-24 05:00:00,18.20918838605935
2012-04-24 06:00:00,83.79936550691859
2012-04-24 07:00:00,255.0157045822977
2012-04-24 08:00:00,493.847609551719
2012-04-24 09:00:00,308.16862684871086
2012-04-24 10:00:00,151.02380620443654
2012-04-24 11:00:00,187.61861879872387
2012-04-24 12:00:00,236.22115895732694
2012-04-24 13:00:00,234.99964916922022
2012-04-24 14:00:00,205.6559703419247
2012-04-24 15:00:00,223.0602034135145
2012-04-24 16:00:00,344.3723183723541
2012-04-24 17:00:00,715.8246362551804
2012-04-24 18:00:00,643.1927761044566
2012-04-24 19:00:00,440.9845317593874
2012-04-24 20:00:00,292.45595666322185
2012-04-24 21:00:00,213.18191486951935
2012-04-24 22:00:00,151.07719628153654
2012-04-24 23:00:00,92.62623501308389
2012-04-25 00:00:00,41.94279650505419
2012-04-25 01:00:00,14.444425588765519
2012-04-25 02:00:00,5.155002564782625
2012-04-25 03:00:00,3.153951481611717
2012-04-25 04:00:00,2.620788617971368
2012-04-25 05:00:00,21.984154039522537
2012-04-25 06:00:00,100.17748048600365
2012-04-25 07:00:00,305.3595051202117
2012-04-25 08:00:00,607.1293989860957
2012-04-25 09:00:00,329.20597796704897
2012-04-25 10:00:00,195.5440503750091
2012-04-25 11:00:00,217.0316767342284
2012-04-25 12:00:00,275.7150257171948
2012-04-25 13:00:00,270.0776255508494
2012-04-25 14:00:00,240.95386013740412
2012-04-25 15:00:00,275.57516495973294
2012-04-25 16:00:00,391.7239671258985
2012-04-25 17:00:00,735.2593688215231
2012-04-25 18:00:00,764.4404162323085
2012-04-25 19:00:00,546.983441577359
2012-04-25 20:00:00,392.90065053842324
2012-04-25 21:00:00,249.51923351853853
2012-04-25 22:00:00,177.47057325413164
2012-04-25 23:00:00,105.19560673364616
2012-04-26 00:00:00,44.58315347278457
2012-04-26 01:00:00,17.689664264488236
2012-04-26 02:00:00,10.09098323985795
2012-04-26 03:00:00,4.379278299981505
2012-04-26 04:00:00,5.29799096680779
2012-04-26 05:00:00,34.762797845416536
2012-04-26 06:00:00,149.20547608970665
2012-04-26 07:00:00,190.43090438332138
2012-04-26 08:00:00,358.0843181193227
2012-04-26 09:00:00,158.80118073014336
2012-04-26 10:00:00,120.5423704555609
2012-04-26 11:00:00,134.07856918002224
2012-04-26 12:00:00,214.75173478611885
2012-04-26 13:00:00,207.38010127994207
2012-04-26 14:00:00,212.4216634635218
2012-04-26 15:00:00,167.90705522609593
2012-04-26 16:00:00,301.9750289118369
2012-04-26 17:00:00,750.2194447243519
2012-04-26 18:00:00,605.409610974728
2012-04-26 19:00:00,449.8998749889834
2012-04-26 20:00:00,395.4767408124121
2012-04-26 21:00:00,240.89284870506268
2012-04-26 22:00:00,197.8010208808567
2012-04-26 23:00:00,113.32448905546725
2012-04-27 00:00:00,53.89113122484213
2012-04-27 01:00:00,27.21494049420285
2012-04-27 02:00:00,15.698719067205115
2012-04-27 03:00:00,5.723054548962156
2012-04-27 04:00:00,4.355557759289366
2012-04-27 05:00:00,32.858843310420866
2012-04-27 06:00:00,125.11708788092558
2012-04-27 07:00:00,323.5799099460295
2012-04-27 08:00:00,697.666079058275
2012-04-27 09:00:00,380.9100685692715
2012-04-27 10:00:00,198.41292081410054
2012-04-27 11:00:00,220.5132469876803
2012-04-27 12:00:00,316.88221458048366
2012-04-27 13:00:00,303.9046981481612
2012-04-27 14:00:00,267.77390915259247
2012-04-27 15:00:00,312.4300602655456
2012-04-27 16:00:00,454.93738543595055
2012-04-27 17:00:00,745.0686597087848
2012-04-27 18:00:00,638.1750973254561
2012-04-27 19:00:00,404.9605768112645
2012-04-27 20:00:00,258.5807718941249
2012-04-27 21:00:00,189.6596223864834
2012-04-27 22:00:00,177.838240565132
2012-04-27 23:00:00,127.68354265319556
2012-04-28 00:00:00,103.22020783134778
2012-04-28 01:00:00,71.69100603173412
2012-04-28 02:00:00,59.680654763787935
2012-04-28 03:00:00,22.3710533813224
2012-04-28 04:00:00,7.836506355260009
2012-04-28 05:00:00,9.074615352939086
2012-04-28 06:00:00,25.658109711656586
2012-04-28 07:00:00,51.202562965401846
2012-04-28 08:00:00,137.71083844491142
2012-04-28 09:00:00,188.25190150590404
2012-04-28 10:00:00,271.9755124459531
2012-04-28 11:00:00,346.0245978044017
2012-04-28 12:00:00,374.61945595494024
2012-04-28 13:00:00,443.818293704599
2012-04-28 14:00:00,477.48581412615397
2012-04-28 15:00:00,439.7148295110882
2012-04-28 16:00:00,403.95061546809455
2012-04-28 17:00:00,387.860879792963
2012-04-28 18:00:00,198.95038586324657
2012-04-28 19:00:00,135.59701551968416
2012-04-28 20:00:00,157.28094078030995
2012-04-28 21:00:00,79.92669609028763
2012-04-28 22:00:00,120.79899898860663
2012-04-28 23:00:00,102.39217803569119
2012-04-29 00:00:00,46.03183143531045
2012-04-29 01:00:00,70.01300119378543
2012-04-29 02:00:00,52.85914707492391
2012-04-29 03:00:00,25.237910115683537
2012-04-29 04:00:00,7.631968539116177
2012-04-29 05:00:00,8.719626375985332
2012-04-29 06:00:00,16.410283753274552
2012-04-29 07:00:00,33.51104654555157
2012-04-29 08:00:00,98.99902906401834
2012-04-29 09:00:00,191.43544658958723
2012-04-29 10:00:00,274.696105758189
2012-04-29 11:00:00,406.37035723561104
2012-04-29 12:00:00,541.7483155956676
2012-04-29 13:00:00,546.104487348362
2012-04-29 14:00:00,554.3333744002574
2012-04-29 15:00:00,573.6647689955179
2012-04-29 16:00:00,545.4552461121758
2012-04-29 17:00:00,481.7531473360934
2012-04-29 18:00:00,414.467288540987
2012-04-29 19:00:00,386.43625839465346
2012-04-29 20:00:00,305.08474066494654
2012-04-29 21:00:00,209.99862514142856
2012-04-29 22:00:00,152.40768882037526
2012-04-29 23:00:00,91.73068960041094
2012-04-30 00:00:00,38.50302449579423
2012-04-30 01:00:00,13.691276162867833
2012-04-30 02:00:00,7.808389976272123
2012-04-30 03:00:00,3.882890597773917
2012-04-30 04:00:00,3.2396531851729344
2012-04-30 05:00:00,23.349574721706173
2012-04-30 06:00:00,122.70071066991333
2012-04-30 07:00:00,368.7874321526352
2012-04-30 08:00:00,635.0823880943054
2012-04-30 09:00:00,304.93952979658167
2012-04-30 10:00:00,145.31818360095954
2012-04-30 11:00:00,164.71306211787683
2012-04-30 12:00:00,214.11026483694002
2012-04-30 13:00:00,223.206093358019
2012-04-30 14:00:00,192.0060833530371
2012-04-30 15:00:00,219.49868088349825
2012-04-30 16:00:00,345.9421448994489
2012-04-30 17:00:00,716.2818547640779
2012-04-30 18:00:00,638.5869727121463
2012-04-30 19:00:00,437.329938712078
2012-04-30 20:00:00,285.48047946908093
2012-04-30 21:00:00,212.03713977167018
2012-04-30 22:00:00,155.7625310760386
2012-04-30 23:00:00,82.59529708405998
2012-05-20 00:00:00,145.99670340376343
2012-05-20 01:00:00,122.6986574982323
2012-05-20 02:00:00,84.06614492979843
2012-05-20 03:00:00,42.8765917168281
2012-05-20 04:00:00,13.599246952982416
2012-05-20 05:00:00,13.716468109192581
2012-05-20 06:00:00,27.679392819249127
2012-05-20 07:00:00,64.91244506016811
2012-05-20 08:00:00,153.91502714870674
2012-05-20 09:00:00,287.8292155582846
2012-05-20 10:00:00,408.4670955567528
2012-05-20 11:00:00,512.5163047631501
2012-05-20 12:00:00,605.5761292562877
2012-05-20 13:00:00,597.0790358461779
2012-05-20 14:00:00,572.184171771467
2012-05-20 15:00:00,540.8100399563101
2012-05-20 16:00:00,550.9964718880694
2012-05-20 17:00:00,501.2700833948289
2012-05-20 18:00:00,423.4331881765211
2012-05-20 19:00:00,348.3619144031348
2012-05-20 20:00:00,278.46444407208463
2012-05-20 21:00:00,203.0394328223532
2012-05-20 22:00:00,150.88130083277085
2012-05-20 23:00:00,56.936255939141304
2012-05-21 00:00:00,21.52854130431953
2012-05-21 01:00:00,8.608483940604895
2012-05-21 02:00:00,5.3039609906126115
2012-05-21 03:00:00,3.345682022062118
2012-05-21 04:00:00,3.7195292425450535
2012-05-21 05:00:00,19.051463659481783
2012-05-21 06:00:00,69.46644936756296
2012-05-21 07:00:00,159.625733564109
2012-05-21 08:00:00,324.1082634408753
2012-05-21 09:00:00,170.1585194170101
2012-05-21 10:00:00,85.82390743789175
2012-05-21 11:00:00,167.53134340612476
2012-05-21 12:00:00,183.67906795636426
2012-05-21 13:00:00,118.70323511381862
2012-05-21 14:00:00,113.8810842994713
2012-05-21 15:00:00,215.65743502880144
2012-05-21 16:00:00,323.4720733129158
2012-05-21 17:00:00,705.0490468368472
2012-05-21 18:00:00,742.4467831614553
2012-05-21 19:00:00,547.2842779868964
2012-05-21 20:00:00,379.1976260205712
2012-05-21 21:00:00,270.8637528558354
2012-05-21 22:00:00,160.86272180433957
2012-05-21 23:00:00,96.34853791299996
2012-05-22 00:00:00,42.73678838144817
2012-05-22 01:00:00,14.57128200247714
2012-05-22 02:00:00,5.99982911821579
2012-05-22 03:00:00,4.517699762922752
2012-05-22 04:00:00,5.965943908497991
2012-05-22 05:00:00,21.918048133663458
2012-05-22 06:00:00,83.28160509750138
2012-05-22 07:00:00,193.54380562164596
2012-05-22 08:00:00,560.6637453414502
2012-05-22 09:00:00,276.9880655346003
2012-05-22 10:00:00,168.58408462922756
2012-05-22 11:00:00,184.2706889541922
2012-05-22 12:00:00,234.96267974372665
2012-05-22 13:00:00,216.0042262291681
2012-05-22 14:00:00,201.73021546415242
2012-05-22 15:00:00,264.3197243581526
2012-05-22 16:00:00,416.93520319363375
2012-05-22 17:00:00,761.1402243870842
2012-05-22 18:00:00,762.7627643330642
2012-05-22 19:00:00,522.1441726841721
2012-05-22 20:00:00,359.97102436524773
2012-05-22 21:00:00,286.7726384070489
2012-05-22 22:00:00,188.57817936433756
2012-05-22 23:00:00,115.88024956181623
2012-05-23 00:00:00,57.963293788936355
2012-05-23 01:00:00,19.003280414850536
2012-05-23 02:00:00,6.171838375139351
2012-05-23 03:00:00,7.253435345281495
2012-05-23 04:00:00,3.6812262612585904
2012-05-23 05:00:00,20.187456635894968
2012-05-23 06:00:00,165.24601001179835
2012-05-23 07:00:00,475.6056846105747
2012-05-23 08:00:00,690.2617697091757
2012-05-23 09:00:00,349.74806018064834
2012-05-23 10:00:00,194.53066411983247
2012-05-23 11:00:00,216.598584986487
2012-05-23 12:00:00,288.8355846742518
2012-05-23 13:00:00,276.3138128477564
2012-05-23 14:00:00,251.71333780013683
2012-05-23 15:00:00,278.11711186869644
2012-05-23 16:00:00,305.14053074106806
2012-05-23 17:00:00,474.9988998609491
2012-05-23 18:00:00,489.65591523014695
2012-05-23 19:00:00,448.71842304323627
2012-05-23 20:00:00,342.5413099576702
2012-05-23 21:00:00,240.7751231827418
2012-05-23 22:00:00,182.03401396816744
2012-05-23 23:00:00,112.68686524408348
2012-05-24 00:00:00,53.053394906315134
2012-05-24 01:00:00,20.065410684454235
2012-05-24 02:00:00,8.598004358050126
2012-05-24 03:00:00,4.899751883253879
2012-05-24 04:00:00,6.2980213677603105
2012-05-24 05:00:00,36.3733706031989
2012-05-24 06:00:00,148.15621816155482
2012-05-24 07:00:00,507.77624876955167
2012-05-24 08:00:00,753.7737740717919
2012-05-24 09:00:00,361.26370036109756
2012-05-24 10:00:00,194.09209656656537
2012-05-24 11:00:00,242.34429206196455
2012-05-24 12:00:00,314.83605785867076
2012-05-24 13:00:00,300.0769105476694
2012-05-24 14:00:00,258.2826270816415
2012-05-24 15:00:00,278.09905916708266
2012-05-24 16:00:00,397.08730439625026
2012-05-24 17:00:00,756.237521153134
2012-05-24 18:00:00,737.6927330480765
2012-05-24 19:00:00,546.6603693459699
2012-05-24 20:00:00,370.5704494735949
2012-05-24 21:00:00,186.31251022127944
2012-05-24 22:00:00,213.32611165049346
2012-05-24 23:00:00,140.5412384052283
2012-05-25 00:00:00,64.29699535774893
2012-05-25 01:00:00,36.94734906304327
2012-05-25 02:00:00,12.23677311601812
2012-05-25 03:00:00,6.2526614429788285
2012-05-25 04:00:00,6.43216459347049
2012-05-25 05:00:00,36.40253910596489
2012-05-25 06:00:00,129.92541755277838
2012-05-25 07:00:00,369.1629967722624
2012-05-25 08:00:00,612.7224884088531
2012-05-25 09:00:00,324.00843850475025
2012-05-25 10:00:00,231.24957482518369
2012-05-25 11:00:00,280.94920750918567
2012-05-25 12:00:00,360.7984269386847
2012-05-25 13:00:00,354.3627505435772
2012-05-25 14:00:00,313.27604891435567
2012-05-25 15:00:00,324.8228512797185
2012-05-25 16:00:00,489.84827993466206
2012-05-25 17:00:00,741.1695271894256
2012-05-25 18:00:00,652.3108081558178
2012-05-25 19:00:00,494.29144038500755
2012-05-25 20:00:00,346.8487696977168
2012-05-25 21:00:00,282.7610087341249
2012-05-25 22:00:00,273.82852787968494
2012-05-25 23:00:00,200.89073911653009
2012-05-26 00:00:00,146.16974331767784
2012-05-26 01:00:00,123.97587021373322
2012-05-26 02:00:00,69.09015551439639
2012-05-26 03:00:00,42.03192377426561
2012-05-26 04:00:00,13.096164076519903
2012-05-26 05:00:00,13.382947570275622
2012-05-26 06:00:00,41.22295916082505
2012-05-26 07:00:00,73.62226052310852
2012-05-26 08:00:00,205.78031042812765
2012-05-26 09:00:00,276.81994239483936
2012-05-26 10:00:00,403.0187294242889
2012-05-26 11:00:00,559.8200443391636
2012-05-26 12:00:00,556.4839660752162
2012-05-26 13:00:00,577.3954331447957
2012-05-26 14:00:00,549.5347136926573
2012-05-26 15:00:00,525.1666380987696
2012-05-26 16:00:00,550.5599874125871
2012-05-26 17:00:00,515.0399620026523
2012-05-26 18:00:00,437.03599337212796
2012-05-26 19:00:00,349.8061620537622
2012-05-26 20:00:00,296.57701977297705
2012-05-26 21:00:00,234.15571419322148
2012-05-26 22:00:00,210.47354770050157
2012-05-26 23:00:00,189.28295494831696
2012-05-27 00:00:00,136.02212967839134
2012-05-27 01:00:00,129.16089058207527
2012-05-27 02:00:00,78.01739054587935
2012-05-27 03:00:00,42.12057449311749
2012-05-27 04:00:00,11.168302609106586
2012-05-27 05:00:00,14.303793693699141
2012-05-27 06:00:00,29.406832041388824
2012-05-27 07:00:00,68.55405454316188
2012-05-27 08:00:00,139.57877726959725
2012-05-27 09:00:00,255.88632379816386
2012-05-27 10:00:00,381.03569743008785
2012-05-27 11:00:00,451.543096704013
2012-05-27 12:00:00,516.1926467657793
2012-05-27 13:00:00,540.7969600291807
2012-05-27 14:00:00,516.8384568035773
2012-05-27 15:00:00,517.8064293348659
2012-05-27 16:00:00,497.1814112668878
2012-05-27 17:00:00,462.62790700773667
2012-05-27 18:00:00,396.08283231967533
2012-05-27 19:00:00,346.68884387414624
2012-05-27 20:00:00,284.22499712126324
2012-05-27 21:00:00,148.43411878205106
2012-05-27 22:00:00,90.25037232130208
2012-05-27 23:00:00,64.01963928418182
2012-05-28 00:00:00,106.24067813768316
2012-05-28 01:00:00,54.01033238576807
2012-05-28 02:00:00,33.32003829498235
2012-05-28 03:00:00,14.144176973844713
2012-05-28 04:00:00,11.868963314871761
2012-05-28 05:00:00,15.478013157074773
2012-05-28 06:00:00,50.58244414485137
2012-05-28 07:00:00,109.4889311514533
2012-05-28 08:00:00,204.95321969930765
2012-05-28 09:00:00,242.34740499392555
2012-05-28 10:00:00,315.10423097237145
2012-05-28 11:00:00,389.6323419643228
2012-05-28 12:00:00,492.1779116130414
2012-05-28 13:00:00,432.4608978641656
2012-05-28 14:00:00,422.59087160158913
2012-05-28 15:00:00,416.4335117794474
2012-05-28 16:00:00,426.9058656329065
2012-05-28 17:00:00,408.52554784746593
2012-05-28 18:00:00,378.6786684223659
2012-05-28 19:00:00,343.9543090302272
2012-05-28 20:00:00,261.532883820383
2012-05-28 21:00:00,191.99235773298503
2012-05-28 22:00:00,158.3983544843261
2012-05-28 23:00:00,104.85980987940226
2012-05-29 00:00:00,51.01477101938964
2012-05-29 01:00:00,17.752931622464274
2012-05-29 02:00:00,7.525183315448018
2012-05-29 03:00:00,5.140400778161539
2012-05-29 04:00:00,7.079425551253781
2012-05-29 05:00:00,39.759603517008344
2012-05-29 06:00:00,184.63453172731195
2012-05-29 07:00:00,518.9771693005868
2012-05-29 08:00:00,719.689244011363
2012-05-29 09:00:00,314.9652946533299
2012-05-29 10:00:00,169.86405888987127
2012-05-29 11:00:00,198.8827736001906
2012-05-29 12:00:00,254.63412995147826
2012-05-29 13:00:00,265.3723857066166
2012-05-29 14:00:00,230.39390409925966
2012-05-29 15:00:00,251.9091774935305
2012-05-29 16:00:00,373.08148004240576
2012-05-29 17:00:00,765.9522311658634
2012-05-29 18:00:00,719.6559377880202
2012-05-29 19:00:00,526.2436418869845
2012-05-29 20:00:00,243.48888305436807
2012-05-29 21:00:00,85.55049803786449
2012-05-29 22:00:00,144.21480769046954
2012-05-29 23:00:00,52.272965138536826
2012-05-30 00:00:00,22.638952515225153
2012-05-30 01:00:00,9.991064789190142
2012-05-30 02:00:00,4.656813044246745
2012-05-30 03:00:00,3.494195321063773
2012-05-30 04:00:00,5.324745360793268
2012-05-30 05:00:00,37.71689269579702
2012-05-30 06:00:00,183.543406973521
2012-05-30 07:00:00,242.02302205976144
2012-05-30 08:00:00,689.5319458020573
2012-05-30 09:00:00,341.4956421781698
2012-05-30 10:00:00,176.76746990820456
2012-05-30 11:00:00,212.125409681202
2012-05-30 12:00:00,300.9791553582512
2012-05-30 13:00:00,294.11118973132517
2012-05-30 14:00:00,276.5451085161545
2012-05-30 15:00:00,290.0509606425126
2012-05-30 16:00:00,415.80110717323066
2012-05-30 17:00:00,813.9336333478874
2012-05-30 18:00:00,810.4272304051576
2012-05-30 19:00:00,550.735169091749
2012-05-30 20:00:00,361.5195456236987
2012-05-30 21:00:00,306.87423127663567
2012-05-30 22:00:00,221.66840572485083
2012-05-30 23:00:00,134.26099496473773
2012-05-31 00:00:00,57.15088524824095
2012-05-31 01:00:00,22.12014271934575
2012-05-31 02:00:00,10.169582424803098
2012-05-31 03:00:00,5.675634547036081
2012-05-31 04:00:00,6.955896827366352
2012-05-31 05:00:00,39.95047401693909
2012-05-31 06:00:00,182.22213887742595
2012-05-31 07:00:00,504.7422464599831
2012-05-31 08:00:00,774.1107048685759
2012-05-31 09:00:00,394.24868677213425
2012-05-31 10:00:00,213.21279111459492
2012-05-31 11:00:00,247.72758023881
2012-05-31 12:00:00,330.85272973036916
2012-05-31 13:00:00,328.5171695945936
2012-05-31 14:00:00,271.76420540654806
2012-05-31 15:00:00,289.95075086580187
2012-05-31 16:00:00,423.6415957463711
2012-05-31 17:00:00,853.0265057597607
2012-05-31 18:00:00,826.3338689090198
2012-05-31 19:00:00,615.837571788774
2012-05-31 20:00:00,465.00970046702696
2012-05-31 21:00:00,339.95549434161455
2012-05-31 22:00:00,248.82749875640752
2012-05-31 23:00:00,152.55304973062508
2012-06-20 00:00:00,53.4739482305418
2012-06-20 01:00:00,20.988401224851415
2012-06-20 02:00:00,7.284661844065811
2012-06-20 03:00:00,6.776158365997227
2012-06-20 04:00:00,6.490873409451537
2012-06-20 05:00:00,41.961231400570405
2012-06-20 06:00:00,136.4600732965343
2012-06-20 07:00:00,372.70448461062557
2012-06-20 08:00:00,707.8661809959351
2012-06-20 09:00:00,348.0792238227919
2012-06-20 10:00:00,191.5723389063134
2012-06-20 11:00:00,209.59743062828704
2012-06-20 12:00:00,274.777039234764
2012-06-20 13:00:00,269.35464318215327
2012-06-20 14:00:00,225.66686435273837
2012-06-20 15:00:00,234.21894292375833
2012-06-20 16:00:00,355.41955263558077
2012-06-20 17:00:00,677.4646149266629
2012-06-20 18:00:00,671.0689041626215
2012-06-20 19:00:00,494.0816791359616
2012-06-20 20:00:00,391.72215770444603
2012-06-20 21:00:00,294.07588503716465
2012-06-20 22:00:00,213.79817755585438
2012-06-20 23:00:00,125.1128517942938
2012-06-21 00:00:00,60.880133757433434
2012-06-21 01:00:00,22.672453883394564
2012-06-21 02:00:00,10.556766672191348
2012-06-21 03:00:00,5.847009059877077
2012-06-21 04:00:00,7.518884417757639
2012-06-21 05:00:00,42.981256969518626
2012-06-21 06:00:00,159.43253576895444
2012-06-21 07:00:00,435.9212902220276
2012-06-21 08:00:00,692.0181336983152
2012-06-21 09:00:00,333.5326191088104
2012-06-21 10:00:00,185.36846861166347
2012-06-21 11:00:00,223.3968050261498
2012-06-21 12:00:00,257.0000712814747
2012-06-21 13:00:00,248.70438530100023
2012-06-21 14:00:00,242.52260062583318
2012-06-21 15:00:00,240.5868449467722
2012-06-21 16:00:00,390.6070028953353
2012-06-21 17:00:00,750.2203491792404
2012-06-21 18:00:00,736.405444305201
2012-06-21 19:00:00,528.008063635784
2012-06-21 20:00:00,416.9862246863995
2012-06-21 21:00:00,323.7655275315836
2012-06-21 22:00:00,236.76988304253572
2012-06-21 23:00:00,164.51264392182765
2012-06-22 00:00:00,69.88238645766693
2012-06-22 01:00:00,36.70055394858994
2012-06-22 02:00:00,15.468884553711652
2012-06-22 03:00:00,7.973299795225935
2012-06-22 04:00:00,7.974760354050373
2012-06-22 05:00:00,42.221804304714375
2012-06-22 06:00:00,158.45909111577305
2012-06-22 07:00:00,493.9562227464708
2012-06-22 08:00:00,705.1369196181154
2012-06-22 09:00:00,365.25208734564086
2012-06-22 10:00:00,238.20831163177542
2012-06-22 11:00:00,290.6936479841848
2012-06-22 12:00:00,325.75668896379403
2012-06-22 13:00:00,310.9093869067053
2012-06-22 14:00:00,289.67299654680403
2012-06-22 15:00:00,319.6625697954477
2012-06-22 16:00:00,457.2566227589306
2012-06-22 17:00:00,829.8907548958534
2012-06-22 18:00:00,675.9760994085001
2012-06-22 19:00:00,507.17508960708795
2012-06-22 20:00:00,352.91368748161926
2012-06-22 21:00:00,220.18519031034364
2012-06-22 22:00:00,280.291959512645
2012-06-22 23:00:00,193.59787459987692
2012-06-23 00:00:00,140.4629565471804
2012-06-23 01:00:00,133.8801585120681
2012-06-23 02:00:00,74.34055799323795
2012-06-23 03:00:00,36.898687919075975
2012-06-23 04:00:00,10.943214837153562
2012-06-23 05:00:00,10.54527945185216
2012-06-23 06:00:00,27.29270612891419
2012-06-23 07:00:00,68.77103476282093
2012-06-23 08:00:00,176.1305617068146
2012-06-23 09:00:00,302.52444602148046
2012-06-23 10:00:00,456.29891097464827
2012-06-23 11:00:00,537.6322470155895
2012-06-23 12:00:00,608.6080884955394
2012-06-23 13:00:00,595.3725277257483
2012-06-23 14:00:00,643.7559137252276
2012-06-23 15:00:00,593.1272314266303
2012-06-23 16:00:00,575.6382855015074
2012-06-23 17:00:00,544.2988372895545
2012-06-23 18:00:00,463.44267368876524
2012-06-23 19:00:00,419.0963479276573
2012-06-23 20:00:00,341.7892894129216
2012-06-23 21:00:00,287.6228880217402
2012-06-23 22:00:00,248.4142397614314
2012-06-23 23:00:00,217.67838117555968
2012-06-24 00:00:00,143.8593843176364
2012-06-24 01:00:00,121.80276409310724
2012-06-24 02:00:00,101.0887597787389
2012-06-24 03:00:00,43.99209349466491
2012-06-24 04:00:00,13.601963003889743
2012-06-24 05:00:00,12.339242062670985
2012-06-24 06:00:00,20.766330280168564
2012-06-24 07:00:00,57.92847326044115
2012-06-24 08:00:00,135.92221535811436
2012-06-24 09:00:00,262.3687890829094
2012-06-24 10:00:00,403.9581675415741
2012-06-24 11:00:00,492.31296012325447
2012-06-24 12:00:00,545.7529149646809
2012-06-24 13:00:00,529.097972321572
2012-06-24 14:00:00,515.4241324166392
2012-06-24 15:00:00,510.9047555901248
2012-06-24 16:00:00,521.6146677743596
2012-06-24 17:00:00,481.4097041253403
2012-06-24 18:00:00,422.1863071331734
2012-06-24 19:00:00,360.2577992164665
2012-06-24 20:00:00,290.479882373191
2012-06-24 21:00:00,230.75046130180962
2012-06-24 22:00:00,178.3992577670068
2012-06-24 23:00:00,119.37988773782172
2012-06-25 00:00:00,57.84098449570632
2012-06-25 01:00:00,19.222002420423223
2012-06-25 02:00:00,10.349274002800511
2012-06-25 03:00:00,5.403841782767671
2012-06-25 04:00:00,7.3250267093564805
2012-06-25 05:00:00,42.06275081946852
2012-06-25 06:00:00,174.16082697891605
2012-06-25 07:00:00,487.26653992518646
2012-06-25 08:00:00,671.2999685902415
2012-06-25 09:00:00,316.4179598110169
2012-06-25 10:00:00,187.43528121656655
2012-06-25 11:00:00,219.00016748404465
2012-06-25 12:00:00,272.6473575978713
2012-06-25 13:00:00,272.7810514638443
2012-06-25 14:00:00,252.2175110373562
2012-06-25 15:00:00,290.1976904010946
2012-06-25 16:00:00,409.9357818617149
2012-06-25 17:00:00,835.3333463824133
2012-06-25 18:00:00,831.1348015950375
2012-06-25 19:00:00,606.5064649896711
2012-06-25 20:00:00,435.65877809331437
2012-06-25 21:00:00,328.6498675844306
2012-06-25 22:00:00,214.3541325459324
2012-06-25 23:00:00,124.12420955241731
2012-06-26 00:00:00,61.51364731260923
2012-06-26 01:00:00,19.742047248124024
2012-06-26 02:00:00,8.477140154668767
2012-06-26 03:00:00,5.3535991148671345
2012-06-26 04:00:00,6.68660384935401
2012-06-26 05:00:00,48.583459570077416
2012-06-26 06:00:00,204.35991212667025
2012-06-26 07:00:00,579.1815438392473
2012-06-26 08:00:00,713.233112491739
2012-06-26 09:00:00,342.93272661071364
2012-06-26 10:00:00,214.81723135145285
2012-06-26 11:00:00,244.25280575375328
2012-06-26 12:00:00,309.1924585506047
2012-06-26 13:00:00,301.94157196600327
2012-06-26 14:00:00,283.34790015532275
2012-06-26 15:00:00,311.8238546651386
2012-06-26 16:00:00,487.7943037292546
2012-06-26 17:00:00,917.6936055180888
2012-06-26 18:00:00,892.5774532259339
2012-06-26 19:00:00,637.463960845978
2012-06-26 20:00:00,452.91162068419663
2012-06-26 21:00:00,352.5172146433331
2012-06-26 22:00:00,247.42372293371162
2012-06-26 23:00:00,153.02251897755275
2012-06-27 00:00:00,61.39544955867569
2012-06-27 01:00:00,22.400653713279787
2012-06-27 02:00:00,7.896903168782969
2012-06-27 03:00:00,6.268451058103752
2012-06-27 04:00:00,6.437125747827138
2012-06-27 05:00:00,42.44601921213068
2012-06-27 06:00:00,184.4084564142817
2012-06-27 07:00:00,538.9638185885619
2012-06-27 08:00:00,758.508077851828
2012-06-27 09:00:00,365.92561076904104
2012-06-27 10:00:00,216.11500220710917
2012-06-27 11:00:00,246.05951817575448
2012-06-27 12:00:00,298.3837211114727
2012-06-27 13:00:00,279.7828230840352
2012-06-27 14:00:00,273.9528477258511
2012-06-27 15:00:00,297.28626308203087
2012-06-27 16:00:00,423.3945723612225
2012-06-27 17:00:00,821.4402771649483
2012-06-27 18:00:00,810.0299491789519
2012-06-27 19:00:00,600.8227453793836
2012-06-27 20:00:00,453.62187099862797
2012-06-27 21:00:00,351.73782334002334
2012-06-27 22:00:00,249.54569856269293
2012-06-27 23:00:00,158.19930915845512
2012-06-28 00:00:00,66.38401449767461
2012-06-28 01:00:00,24.160899160270883
2012-06-28 02:00:00,12.420186069705322
2012-06-28 03:00:00,6.626220560255088
2012-06-28 04:00:00,8.230409351941933
2012-06-28 05:00:00,45.37829279082218
2012-06-28 06:00:00,205.30734087147962
2012-06-28 07:00:00,560.9804414350431
2012-06-28 08:00:00,761.0900644734016
2012-06-28 09:00:00,367.63677143731485
2012-06-28 10:00:00,205.63047411411952
2012-06-28 11:00:00,243.25951665643763
2012-06-28 12:00:00,287.6874134887744
2012-06-28 13:00:00,272.9157865537346
2012-06-28 14:00:00,259.6504912404985
2012-06-28 15:00:00,284.8017478476672
2012-06-28 16:00:00,407.08286912120417
2012-06-28 17:00:00,775.7408217374343
2012-06-28 18:00:00,770.3893816592441
2012-06-28 19:00:00,567.3456987531371
2012-06-28 20:00:00,457.2054093630651
2012-06-28 21:00:00,325.4981826124015
2012-06-28 22:00:00,253.23216222801403
2012-06-28 23:00:00,176.30176133991537
2012-06-29 00:00:00,77.25723903264806
2012-06-29 01:00:00,39.247516174525444
2012-06-29 02:00:00,18.294513659238266
2012-06-29 03:00:00,7.775359949618981
2012-06-29 04:00:00,8.830765609013135
2012-06-29 05:00:00,48.14241937433738
2012-06-29 06:00:00,175.05067869373627
2012-06-29 07:00:00,513.9696240794423
2012-06-29 08:00:00,711.0152349362656
2012-06-29 09:00:00,370.4894891144264
2012-06-29 10:00:00,204.18606963581354
2012-06-29 11:00:00,231.37949253877574
2012-06-29 12:00:00,271.13138331244045
2012-06-29 13:00:00,239.4809048377895
2012-06-29 14:00:00,207.87979467412632
2012-06-29 15:00:00,234.78365538813796
2012-06-29 16:00:00,334.73327067932036
2012-06-29 17:00:00,529.7413701976345
2012-06-29 18:00:00,463.26570153156047
2012-06-29 19:00:00,424.24308172615446
2012-06-29 20:00:00,290.31914764978313
2012-06-29 21:00:00,256.4111699173214
2012-06-29 22:00:00,178.77722537374186
2012-06-29 23:00:00,146.4372043151175
2012-06-30 00:00:00,68.75046927966757
2012-06-30 01:00:00,62.13025854094832
2012-06-30 02:00:00,69.28769945622975
2012-06-30 03:00:00,33.99217459528982
2012-06-30 04:00:00,10.04307395855644
2012-06-30 05:00:00,12.00480616799557
2012-06-30 06:00:00,25.533594045926304
2012-06-30 07:00:00,62.816124060308475
2012-06-30 08:00:00,147.52723772795042
2012-06-30 09:00:00,256.2245550331209
2012-06-30 10:00:00,416.1395395806864
2012-06-30 11:00:00,481.50989238938877
2012-06-30 12:00:00,565.9820561976165
2012-06-30 13:00:00,565.2026384262099
2012-06-30 14:00:00,566.2464764093712
2012-06-30 15:00:00,574.9909426597117
2012-06-30 16:00:00,538.8328351492634
2012-06-30 17:00:00,509.6528662912979
2012-06-30 18:00:00,412.8402237188452
2012-06-30 19:00:00,404.24837679585545
2012-06-30 20:00:00,325.7177019595285
2012-06-30 21:00:00,264.9390150691637
2012-06-30 22:00:00,228.86433293516623
2012-06-30 23:00:00,207.42734545343674
2012-07-20 00:00:00,31.702257055290328
2012-07-20 01:00:00,35.586811531372994
2012-07-20 02:00:00,12.889897713019113
2012-07-20 03:00:00,6.565018642523733
2012-07-20 04:00:00,7.251822778219175
2012-07-20 05:00:00,37.468632083057045
2012-07-20 06:00:00,133.64893640683096
2012-07-20 07:00:00,352.44660492238654
2012-07-20 08:00:00,634.7675560282744
2012-07-20 09:00:00,327.1056775752137
2012-07-20 10:00:00,199.58847673910833
2012-07-20 11:00:00,196.25315590680069
2012-07-20 12:00:00,195.48843622876515
2012-07-20 13:00:00,174.81340542423473
2012-07-20 14:00:00,165.5265153487894
2012-07-20 15:00:00,251.19539044662787
2012-07-20 16:00:00,369.65627119594546
2012-07-20 17:00:00,523.34443899554
2012-07-20 18:00:00,621.1898540804782
2012-07-20 19:00:00,385.8146166520229
2012-07-20 20:00:00,142.0014566900068
2012-07-20 21:00:00,116.86325977198594
2012-07-20 22:00:00,201.53972343563075
2012-07-20 23:00:00,150.35644883541866
2012-07-21 00:00:00,72.12856570499773
2012-07-21 01:00:00,100.40080729799804
2012-07-21 02:00:00,50.110427055092835
2012-07-21 03:00:00,21.823034522003056
2012-07-21 04:00:00,6.081346872623817
2012-07-21 05:00:00,7.200146068783997
2012-07-21 06:00:00,13.140143756115
2012-07-21 07:00:00,53.88104442337061
2012-07-21 08:00:00,143.6194059388918
2012-07-21 09:00:00,241.8785646333034
2012-07-21 10:00:00,190.45579615276844
2012-07-21 11:00:00,424.0136367813285
2012-07-21 12:00:00,293.0002585859667
2012-07-21 13:00:00,282.494108739114
2012-07-21 14:00:00,463.9910904602018
2012-07-21 15:00:00,256.3095776841138
2012-07-21 16:00:00,238.0535921959428
2012-07-21 17:00:00,237.41520520053623
2012-07-21 18:00:00,329.95580944215965
2012-07-21 19:00:00,317.14834814461943
2012-07-21 20:00:00,143.39655265539113
2012-07-21 21:00:00,211.5346016273083
2012-07-21 22:00:00,175.60781387904478
2012-07-21 23:00:00,149.0145607728196
2012-07-22 00:00:00,111.54265935394923
2012-07-22 01:00:00,102.47220361963225
2012-07-22 02:00:00,81.23945609261581
2012-07-22 03:00:00,41.033255529004464
2012-07-22 04:00:00,12.458812067623898
2012-07-22 05:00:00,12.76718140612169
2012-07-22 06:00:00,16.21213545669108
2012-07-22 07:00:00,43.83627395077612
2012-07-22 08:00:00,118.23747364484778
2012-07-22 09:00:00,252.34861996520763
2012-07-22 10:00:00,359.6698350851977
2012-07-22 11:00:00,430.51857507014546
2012-07-22 12:00:00,536.0077841908958
2012-07-22 13:00:00,514.2520802814948
2012-07-22 14:00:00,541.3378732528483
2012-07-22 15:00:00,534.6934941234026
2012-07-22 16:00:00,526.7629853358696
2012-07-22 17:00:00,458.5997602463989
2012-07-22 18:00:00,413.8333015915912
2012-07-22 19:00:00,362.25048059138305
2012-07-22 20:00:00,295.7443934428181
2012-07-22 21:00:00,219.56849164287738
2012-07-22 22:00:00,173.30202145544908
2012-07-22 23:00:00,111.17367052349464
2012-07-23 00:00:00,48.43427435197368
2012-07-23 01:00:00,16.617787681978484
2012-07-23 02:00:00,7.06620660758559
2012-07-23 03:00:00,3.964765225229346
2012-07-23 04:00:00,6.168059305753301
2012-07-23 05:00:00,27.511858475045656
2012-07-23 06:00:00,137.4393033426806
2012-07-23 07:00:00,433.93765639062275
2012-07-23 08:00:00,613.1384277590766
2012-07-23 09:00:00,300.6800748110605
2012-07-23 10:00:00,173.99455404751848
2012-07-23 11:00:00,209.70102653587398
2012-07-23 12:00:00,264.3039697303077
2012-07-23 13:00:00,256.0057125176822
2012-07-23 14:00:00,239.23457654472014
2012-07-23 15:00:00,268.5168423036773
2012-07-23 16:00:00,402.06469908361345
2012-07-23 17:00:00,788.0924828991032
2012-07-23 18:00:00,790.1529645145208
2012-07-23 19:00:00,559.2995053281963
2012-07-23 20:00:00,425.40349452947805
2012-07-23 21:00:00,302.5758788446621
2012-07-23 22:00:00,205.05566894767745
2012-07-23 23:00:00,124.82904166314145
2012-07-24 00:00:00,60.05082158567956
2012-07-24 01:00:00,19.616509989640516
2012-07-24 02:00:00,7.857647315707732
2012-07-24 03:00:00,5.959385857646072
2012-07-24 04:00:00,7.766113142004891
2012-07-24 05:00:00,41.141777328257014
2012-07-24 06:00:00,171.19200256921602
2012-07-24 07:00:00,536.2400967650943
2012-07-24 08:00:00,647.1307216835609
2012-07-24 09:00:00,300.89036293312415
2012-07-24 10:00:00,191.66425586382405
2012-07-24 11:00:00,203.1416017415341
2012-07-24 12:00:00,250.49287125267315
2012-07-24 13:00:00,238.62464514018208
2012-07-24 14:00:00,226.8548776029172
2012-07-24 15:00:00,283.65120818022035
2012-07-24 16:00:00,429.97504448100545
2012-07-24 17:00:00,838.7742401278889
2012-07-24 18:00:00,814.1021786394539
2012-07-24 19:00:00,592.3859738592563
2012-07-24 20:00:00,415.23833069339423
2012-07-24 21:00:00,304.8686695917261
2012-07-24 22:00:00,216.1659377240061
2012-07-24 23:00:00,143.0169280364075
2012-07-25 00:00:00,60.22283005178592
2012-07-25 01:00:00,21.72238185803114
2012-07-25 02:00:00,8.471201756210668
2012-07-25 03:00:00,6.278506004971293
2012-07-25 04:00:00,5.641601491441503
2012-07-25 05:00:00,42.370978086419264
2012-07-25 06:00:00,186.55615662715923
2012-07-25 07:00:00,538.7732298991755
2012-07-25 08:00:00,767.7505600948315
2012-07-25 09:00:00,357.9780245889584
2012-07-25 10:00:00,204.1304029080183
2012-07-25 11:00:00,235.72115857059134
2012-07-25 12:00:00,294.19220618207135
2012-07-25 13:00:00,284.4234288028737
2012-07-25 14:00:00,270.70925525294007
2012-07-25 15:00:00,307.50191613527943
2012-07-25 16:00:00,427.1461870918756
2012-07-25 17:00:00,821.3011268936931
2012-07-25 18:00:00,826.8543431342573
2012-07-25 19:00:00,619.1119472212711
2012-07-25 20:00:00,472.6501836092827
2012-07-25 21:00:00,343.42163224938497
2012-07-25 22:00:00,248.5056898016492
2012-07-25 23:00:00,149.49045416085332
2012-07-26 00:00:00,62.38853357349371
2012-07-26 01:00:00,24.00442640804601
2012-07-26 02:00:00,11.765313838548872
2012-07-26 03:00:00,6.352640513437215
2012-07-26 04:00:00,7.085857971348879
2012-07-26 05:00:00,46.145428279857676
2012-07-26 06:00:00,190.67675522793846
2012-07-26 07:00:00,542.0258228574368
2012-07-26 08:00:00,676.8312191135352
2012-07-26 09:00:00,344.0401780811674
2012-07-26 10:00:00,191.54141160429134
2012-07-26 11:00:00,216.43641465927905
2012-07-26 12:00:00,263.717892620914
2012-07-26 13:00:00,246.6415446215035
2012-07-26 14:00:00,220.29688373033565
2012-07-26 15:00:00,230.05638484084042
2012-07-26 16:00:00,306.7243894233613
2012-07-26 17:00:00,691.1083994403663
2012-07-26 18:00:00,635.2406331695438
2012-07-26 19:00:00,485.35181699666
2012-07-26 20:00:00,398.5485600757889
2012-07-26 21:00:00,315.34136448950335
2012-07-26 22:00:00,230.8611599408529
2012-07-26 23:00:00,172.91424359758807
2012-07-27 00:00:00,73.79621945388254
2012-07-27 01:00:00,39.67485729242365
2012-07-27 02:00:00,16.567591564873972
2012-07-27 03:00:00,8.27740727305188
2012-07-27 04:00:00,8.047136998878905
2012-07-27 05:00:00,41.81430413753336
2012-07-27 06:00:00,155.58006069260824
2012-07-27 07:00:00,467.99044853971054
2012-07-27 08:00:00,716.8005261698531
2012-07-27 09:00:00,355.3515248287036
2012-07-27 10:00:00,225.57423716580251
2012-07-27 11:00:00,276.43056469009963
2012-07-27 12:00:00,324.6967781309987
2012-07-27 13:00:00,328.02714673373936
2012-07-27 14:00:00,290.74464919380375
2012-07-27 15:00:00,333.56241980453814
2012-07-27 16:00:00,479.41037269514436
2012-07-27 17:00:00,748.1204570213156
2012-07-27 18:00:00,742.40648051068
2012-07-27 19:00:00,507.61125881212615
2012-07-27 20:00:00,375.7692024466312
2012-07-27 21:00:00,308.28403474669784
2012-07-27 22:00:00,274.84908947445604
2012-07-27 23:00:00,200.85765194626487
2012-07-28 00:00:00,171.15877273621913
2012-07-28 01:00:00,126.53416413103821
2012-07-28 02:00:00,94.3019826405983
2012-07-28 03:00:00,37.51618430062625
2012-07-28 04:00:00,10.572145234015192
2012-07-28 05:00:00,13.501542810952392
2012-07-28 06:00:00,31.235269607341476
2012-07-28 07:00:00,74.75017691360435
2012-07-28 08:00:00,169.2168533464374
2012-07-28 09:00:00,302.28585760517893
2012-07-28 10:00:00,423.22885920260234
2012-07-28 11:00:00,512.1747390554491
2012-07-28 12:00:00,582.6224137453403
2012-07-28 13:00:00,545.9524404603615
2012-07-28 14:00:00,589.66517451806
2012-07-28 15:00:00,574.9108862574307
2012-07-28 16:00:00,571.7563976826913
2012-07-28 17:00:00,533.8783211789471
2012-07-28 18:00:00,458.80156855883024
2012-07-28 19:00:00,372.6516133574041
2012-07-28 20:00:00,291.7501284821417
2012-07-28 21:00:00,279.7286698250602
2012-07-28 22:00:00,236.71858769549021
2012-07-28 23:00:00,194.3584445685692
2012-07-29 00:00:00,121.8719015585408
2012-07-29 01:00:00,118.78674864765246
2012-07-29 02:00:00,108.76850113921671
2012-07-29 03:00:00,45.11088785911287
2012-07-29 04:00:00,11.456498512544256
2012-07-29 05:00:00,11.75011735270512
2012-07-29 06:00:00,20.919638722252166
2012-07-29 07:00:00,59.99720544734202
2012-07-29 08:00:00,130.02007487995232
2012-07-29 09:00:00,266.8457467351475
2012-07-29 10:00:00,399.4213367350415
2012-07-29 11:00:00,463.24653512421673
2012-07-29 12:00:00,532.38684181379665
2012-07-29 13:00:00,522.0736452270675
2012-07-29 14:00:00,528.2399398881233
2012-07-29 15:00:00,543.6585138405452
2012-07-29 16:00:00,537.7534589560905
2012-07-29 17:00:00,493.2233628586369
2012-07-29 18:00:00,412.4283363147166
2012-07-29 19:00:00,362.6156793596733
2012-07-29 20:00:00,284.4600513163609
2012-07-29 21:00:00,235.4847767664982
2012-07-29 22:00:00,180.35244809872742
2012-07-29 23:00:00,115.18006663625617
2012-07-30 00:00:00,58.93662454293957
2012-07-30 01:00:00,19.567878975747423
2012-07-30 02:00:00,10.351764469341159
2012-07-30 03:00:00,5.615849291478285
2012-07-30 04:00:00,7.627878737719035
2012-07-30 05:00:00,38.07965716617692
2012-07-30 06:00:00,164.35699318899856
2012-07-30 07:00:00,440.4699213704092
2012-07-30 08:00:00,607.8068730839764
2012-07-30 09:00:00,300.71806643666923
2012-07-30 10:00:00,170.43790005878958
2012-07-30 11:00:00,209.3825714035468
2012-07-30 12:00:00,267.75283758229614
2012-07-30 13:00:00,262.4177301978612
2012-07-30 14:00:00,248.8202031575639
2012-07-30 15:00:00,277.469432234509
2012-07-30 16:00:00,403.5310422844574
2012-07-30 17:00:00,803.8579794797803
2012-07-30 18:00:00,783.2885631218527
2012-07-30 19:00:00,567.3442827670398
2012-07-30 20:00:00,407.32496446786126
2012-07-30 21:00:00,298.09628864827704
2012-07-30 22:00:00,182.24159485453862
2012-07-30 23:00:00,120.37699153681022
2012-07-31 00:00:00,55.398784193416034
2012-07-31 01:00:00,18.76650119046832
2012-07-31 02:00:00,7.756143888542119
2012-07-31 03:00:00,5.894666634611048
2012-07-31 04:00:00,7.65695489385504
2012-07-31 05:00:00,41.057681688944875
2012-07-31 06:00:00,156.53770900201013
2012-07-31 07:00:00,480.37991353997967
2012-07-31 08:00:00,655.8416398728318
2012-07-31 09:00:00,330.7896228895214
2012-07-31 10:00:00,195.49492636945973
2012-07-31 11:00:00,225.07204708347672
2012-07-31 12:00:00,277.8844236657923
2012-07-31 13:00:00,271.855318475592
2012-07-31 14:00:00,259.5724994321962
2012-07-31 15:00:00,287.55116170805206
2012-07-31 16:00:00,436.7679393216506
2012-07-31 17:00:00,859.693532820246
2012-07-31 18:00:00,832.4922770011954
2012-07-31 19:00:00,439.5375344319483
2012-07-31 20:00:00,307.3357671060132
2012-07-31 21:00:00,295.80244692290637
2012-07-31 22:00:00,227.66026001043537
2012-07-31 23:00:00,113.25112485483716
2012-08-20 00:00:00,42.7841660919207
2012-08-20 01:00:00,17.228355881646856
2012-08-20 02:00:00,8.54772883921277
2012-08-20 03:00:00,5.257544132091048
2012-08-20 04:00:00,6.507954861579349
2012-08-20 05:00:00,32.551748269026795
2012-08-20 06:00:00,154.7415010956736
2012-08-20 07:00:00,411.3927957391437
2012-08-20 08:00:00,617.3090619989473
2012-08-20 09:00:00,314.7172968833065
2012-08-20 10:00:00,178.45770565665595
2012-08-20 11:00:00,234.04130421431591
2012-08-20 12:00:00,288.09825651395283
2012-08-20 13:00:00,281.6600926876688
2012-08-20 14:00:00,262.6490815092415
2012-08-20 15:00:00,288.4151001195478
2012-08-20 16:00:00,431.1078497565604
2012-08-20 17:00:00,835.6029756264513
2012-08-20 18:00:00,634.3705237254474
2012-08-20 19:00:00,481.3773250311121
2012-08-20 20:00:00,298.28172850204504
2012-08-20 21:00:00,256.101138067669
2012-08-20 22:00:00,150.92270965895253
2012-08-20 23:00:00,83.44824779381361
2012-08-21 00:00:00,42.619678291339085
2012-08-21 01:00:00,15.49525081430158
2012-08-21 02:00:00,5.744439157888174
2012-08-21 03:00:00,4.940086301870937
2012-08-21 04:00:00,6.632729619040562
2012-08-21 05:00:00,39.24541837471265
2012-08-21 06:00:00,158.7809457684744
2012-08-21 07:00:00,494.681179167864
2012-08-21 08:00:00,694.0716456425727
2012-08-21 09:00:00,322.6872467437827
2012-08-21 10:00:00,215.89214254059678
2012-08-21 11:00:00,240.02875123596218
2012-08-21 12:00:00,287.9271939998099
2012-08-21 13:00:00,295.9452981618487
2012-08-21 14:00:00,284.26447139639936
2012-08-21 15:00:00,303.9754488849454
2012-08-21 16:00:00,468.22956239284997
2012-08-21 17:00:00,871.8196722890934
2012-08-21 18:00:00,859.6292931960168
2012-08-21 19:00:00,354.1176317668566
2012-08-21 20:00:00,417.72255836921715
2012-08-21 21:00:00,303.22711589523664
2012-08-21 22:00:00,213.96729070229898
2012-08-21 23:00:00,119.96973135952936
2012-08-22 00:00:00,51.20381856969874
2012-08-22 01:00:00,20.68750350255458
2012-08-22 02:00:00,7.880639545155472
2012-08-22 03:00:00,7.067704841113356
2012-08-22 04:00:00,5.919291740278201
2012-08-22 05:00:00,39.7098700912516
2012-08-22 06:00:00,188.123707994643
2012-08-22 07:00:00,494.75105756188736
2012-08-22 08:00:00,724.7115213055266
2012-08-22 09:00:00,336.34091674677774
2012-08-22 10:00:00,214.14394065211548
2012-08-22 11:00:00,238.91845087295698
2012-08-22 12:00:00,291.9135543280912
2012-08-22 13:00:00,283.20739450599365
2012-08-22 14:00:00,271.3571754957041
2012-08-22 15:00:00,301.14690067492126
2012-08-22 16:00:00,287.29053110283013
2012-08-22 17:00:00,593.3949135976715
2012-08-22 18:00:00,518.1051011623597
2012-08-22 19:00:00,555.375684450755
2012-08-22 20:00:00,418.6339923542597
2012-08-22 21:00:00,314.12243231274954
2012-08-22 22:00:00,230.9645133404117
2012-08-22 23:00:00,126.33677814181354
2012-08-23 00:00:00,59.55519485829671
2012-08-23 01:00:00,21.847708647843216
2012-08-23 02:00:00,9.657283964058454
2012-08-23 03:00:00,6.7131695746077025
2012-08-23 04:00:00,7.2424126309718515
2012-08-23 05:00:00,42.032191183111536
2012-08-23 06:00:00,142.51834452610905
2012-08-23 07:00:00,431.0724116322998
2012-08-23 08:00:00,733.9278673318402
2012-08-23 09:00:00,342.2683755494735
2012-08-23 10:00:00,208.25775732683465
2012-08-23 11:00:00,249.77699489397358
2012-08-23 12:00:00,304.04245447673213
2012-08-23 13:00:00,294.8933783717914
2012-08-23 14:00:00,269.3195176956462
2012-08-23 15:00:00,300.3342670823158
2012-08-23 16:00:00,458.4269647701757
2012-08-23 17:00:00,863.1828349839924
2012-08-23 18:00:00,838.6243083137687
2012-08-23 19:00:00,611.0696440767844
2012-08-23 20:00:00,479.57642873153566
2012-08-23 21:00:00,358.78366853154245
2012-08-23 22:00:00,254.5971056112933
2012-08-23 23:00:00,161.34132306370248
2012-08-24 00:00:00,69.924913684305
2012-08-24 01:00:00,34.39142953768833
2012-08-24 02:00:00,17.20293039325876
2012-08-24 03:00:00,7.9902095977249825
2012-08-24 04:00:00,7.605036307800772
2012-08-24 05:00:00,43.76190968715431
2012-08-24 06:00:00,129.1050565948095
2012-08-24 07:00:00,417.38274168607546
2012-08-24 08:00:00,691.8951380814226
2012-08-24 09:00:00,365.8250203899475
2012-08-24 10:00:00,234.98324530834847
2012-08-24 11:00:00,284.5098504190504
2012-08-24 12:00:00,359.41125124216677
2012-08-24 13:00:00,337.7856990282999
2012-08-24 14:00:00,336.19916188806855
2012-08-24 15:00:00,363.2080986522816
2012-08-24 16:00:00,525.7732286756398
2012-08-24 17:00:00,806.0133376790369
2012-08-24 18:00:00,708.3867281603189
2012-08-24 19:00:00,516.9118169970045
2012-08-24 20:00:00,354.71857640972456
2012-08-24 21:00:00,308.6565679197915
2012-08-24 22:00:00,272.0350452512996
2012-08-24 23:00:00,209.4765097247552
2012-08-25 00:00:00,158.82988248075242
2012-08-25 01:00:00,122.25825382510612
2012-08-25 02:00:00,93.93639108236319
2012-08-25 03:00:00,41.84706161834998
2012-08-25 04:00:00,13.566896632492856
2012-08-25 05:00:00,11.833206529295994
2012-08-25 06:00:00,27.406123428563838
2012-08-25 07:00:00,62.26236908558287
2012-08-25 08:00:00,164.22839529474143
2012-08-25 09:00:00,295.4755758885156
2012-08-25 10:00:00,422.1560322387834
2012-08-25 11:00:00,506.4139240729923
2012-08-25 12:00:00,479.7214423743339
2012-08-25 13:00:00,580.3548715385575
2012-08-25 14:00:00,360.81149800269475
2012-08-25 15:00:00,547.0675089968385
2012-08-25 16:00:00,532.8803390641262
2012-08-25 17:00:00,488.4124034294645
2012-08-25 18:00:00,454.8016447468056
2012-08-25 19:00:00,353.3595381849349
2012-08-25 20:00:00,144.89356313570235
2012-08-25 21:00:00,202.83125161735964
2012-08-25 22:00:00,172.02846127842474
2012-08-25 23:00:00,152.67224938003773
2012-08-26 00:00:00,116.2110155134721
2012-08-26 01:00:00,104.4614071231167
2012-08-26 02:00:00,72.57854678020438
2012-08-26 03:00:00,37.46957102340099
2012-08-26 04:00:00,8.819391964039859
2012-08-26 05:00:00,11.176490249838233
2012-08-26 06:00:00,15.74073369044983
2012-08-26 07:00:00,47.74374800159944
2012-08-26 08:00:00,122.88895525302928
2012-08-26 09:00:00,247.24439211547647
2012-08-26 10:00:00,374.77918698315403
2012-08-26 11:00:00,445.9012145236925
2012-08-26 12:00:00,395.86580325094104
2012-08-26 13:00:00,271.7418005963922
2012-08-26 14:00:00,449.3697237016137
2012-08-26 15:00:00,212.33429268243466
2012-08-26 16:00:00,200.26784286569233
2012-08-26 17:00:00,374.00728246292357
2012-08-26 18:00:00,283.43252620793544
2012-08-26 19:00:00,260.7481788377836
2012-08-26 20:00:00,239.50169198836187
2012-08-26 21:00:00,207.1192410578627
2012-08-26 22:00:00,156.8197834698089
2012-08-26 23:00:00,101.77798286721895
2012-08-27 00:00:00,48.969899388097446
2012-08-27 01:00:00,16.148702736857253
2012-08-27 02:00:00,7.9116689884628535
2012-08-27 03:00:00,5.117116822117824
2012-08-27 04:00:00,7.223036081224505
2012-08-27 05:00:00,36.11562186383463
2012-08-27 06:00:00,137.7018959199423
2012-08-27 07:00:00,422.17526661146087
2012-08-27 08:00:00,624.5750981803886
2012-08-27 09:00:00,304.4247212155042
2012-08-27 10:00:00,184.6024463471771
2012-08-27 11:00:00,210.14412062379512
2012-08-27 12:00:00,276.1663148938997
2012-08-27 13:00:00,269.21061927695285
2012-08-27 14:00:00,251.86541395279673
2012-08-27 15:00:00,269.56332383914184
2012-08-27 16:00:00,404.6963269429966
2012-08-27 17:00:00,813.9507865615753
2012-08-27 18:00:00,774.2648886069918
2012-08-27 19:00:00,544.0503350266264
2012-08-27 20:00:00,401.722664301944
2012-08-27 21:00:00,293.9143768110406
2012-08-27 22:00:00,179.81767303632637
2012-08-27 23:00:00,109.08937719956566
2012-08-28 00:00:00,50.80042736609228
2012-08-28 01:00:00,17.558910393410354
2012-08-28 02:00:00,7.694401787519536
2012-08-28 03:00:00,5.492525998449757
2012-08-28 04:00:00,7.759350834476907
2012-08-28 05:00:00,35.80485681679298
2012-08-28 06:00:00,141.5646594085308
2012-08-28 07:00:00,415.3094327542831
2012-08-28 08:00:00,588.159940925018
2012-08-28 09:00:00,287.6261082380155
2012-08-28 10:00:00,205.99196689389876
2012-08-28 11:00:00,231.33274957837355
2012-08-28 12:00:00,278.284557522387
2012-08-28 13:00:00,273.2652573541033
2012-08-28 14:00:00,257.96014286122954
2012-08-28 15:00:00,287.3885225579655
2012-08-28 16:00:00,448.78472302700834
2012-08-28 17:00:00,885.078405180012
2012-08-28 18:00:00,861.0440803550352
2012-08-28 19:00:00,627.2977699785924
2012-08-28 20:00:00,452.51526350477195
2012-08-28 21:00:00,347.622515989395
2012-08-28 22:00:00,237.11601260406448
2012-08-28 23:00:00,152.01938659175826
2012-08-29 00:00:00,59.341459819829794
2012-08-29 01:00:00,21.450117287390878
2012-08-29 02:00:00,8.177673002236464
2012-08-29 03:00:00,6.161936107118809
2012-08-29 04:00:00,5.6002098426455
2012-08-29 05:00:00,40.95329569538978
2012-08-29 06:00:00,186.44904549161083
2012-08-29 07:00:00,522.5578676134535
2012-08-29 08:00:00,765.6202746353978
2012-08-29 09:00:00,354.88724374589344
2012-08-29 10:00:00,209.94942011312682
2012-08-29 11:00:00,237.73482152873294
2012-08-29 12:00:00,289.2616686798835
2012-08-29 13:00:00,280.7816969216724
2012-08-29 14:00:00,272.22905979325037
2012-08-29 15:00:00,300.11326284122214
2012-08-29 16:00:00,450.02673751420565
2012-08-29 17:00:00,834.7293778004602
2012-08-29 18:00:00,854.0544056772919
2012-08-29 19:00:00,590.9422193936072
2012-08-29 20:00:00,449.2697006571302
2012-08-29 21:00:00,341.8349262075844
2012-08-29 22:00:00,245.88047858470802
2012-08-29 23:00:00,151.19204944400923
2012-08-30 00:00:00,61.59888198960397
2012-08-30 01:00:00,23.34897438267842
2012-08-30 02:00:00,10.886503015895203
2012-08-30 03:00:00,6.138845353868773
2012-08-30 04:00:00,7.6142627163364835
2012-08-30 05:00:00,43.44688726611525
2012-08-30 06:00:00,174.43102228156525
2012-08-30 07:00:00,525.7404850386506
2012-08-30 08:00:00,756.2366093441576
2012-08-30 09:00:00,355.98305834415936
2012-08-30 10:00:00,208.88971988491824
2012-08-30 11:00:00,261.93661421967795
2012-08-30 12:00:00,311.8528055332756
2012-08-30 13:00:00,299.70312382997207
2012-08-30 14:00:00,282.61960845365735
2012-08-30 15:00:00,303.3021585600437
2012-08-30 16:00:00,449.3192478166145
2012-08-30 17:00:00,855.7966359798149
2012-08-30 18:00:00,841.4515422470338
2012-08-30 19:00:00,619.4577550957468
2012-08-30 20:00:00,472.2566183944932
2012-08-30 21:00:00,338.0437050651761
2012-08-30 22:00:00,247.3265440985148
2012-08-30 23:00:00,174.74170587029144
2012-08-31 00:00:00,70.22039068453864
2012-08-31 01:00:00,38.81003163852471
2012-08-31 02:00:00,14.766792133762289
2012-08-31 03:00:00,8.011721353180782
2012-08-31 04:00:00,7.756098947747299
2012-08-31 05:00:00,40.917353779028275
2012-08-31 06:00:00,130.51264130267384
2012-08-31 07:00:00,357.55287697544446
2012-08-31 08:00:00,659.517887039556
2012-08-31 09:00:00,353.0806230055595
2012-08-31 10:00:00,247.77057920200144
2012-08-31 11:00:00,274.63277742214365
2012-08-31 12:00:00,346.7681207622835
2012-08-31 13:00:00,321.358494263332
2012-08-31 14:00:00,292.67714327395265
2012-08-31 15:00:00,322.48569886118133
2012-08-31 16:00:00,455.51822748148146
2012-08-31 17:00:00,783.9539633006102
2012-08-31 18:00:00,704.2467517700468
2012-08-31 19:00:00,530.3478414895113
2012-08-31 20:00:00,375.3204573583185
2012-08-31 21:00:00,305.9181880059484
2012-08-31 22:00:00,266.3503213702048
2012-08-31 23:00:00,222.05013432770448
2012-09-20 00:00:00,62.53572183670851
2012-09-20 01:00:00,24.295650091206458
2012-09-20 02:00:00,11.903922006823414
2012-09-20 03:00:00,7.008304625470341
2012-09-20 04:00:00,6.08698817410637
2012-09-20 05:00:00,43.123246854084925
2012-09-20 06:00:00,178.067679655969
2012-09-20 07:00:00,574.7178065600816
2012-09-20 08:00:00,800.5510601124763
2012-09-20 09:00:00,353.07386798460243
2012-09-20 10:00:00,203.9279950806649
2012-09-20 11:00:00,249.54119348737711
2012-09-20 12:00:00,315.10323694846335
2012-09-20 13:00:00,306.23249951854075
2012-09-20 14:00:00,284.95676763251146
2012-09-20 15:00:00,310.93979369004506
2012-09-20 16:00:00,468.47140138898214
2012-09-20 17:00:00,864.5246801419082
2012-09-20 18:00:00,851.2421544436174
2012-09-20 19:00:00,562.6086782501844
2012-09-20 20:00:00,433.39858247899895
2012-09-20 21:00:00,309.9385207852991
2012-09-20 22:00:00,230.4610534230558
2012-09-20 23:00:00,151.76397587905817
2012-09-21 00:00:00,65.37486873638369
2012-09-21 01:00:00,40.919806945870626
2012-09-21 02:00:00,19.15082389864609
2012-09-21 03:00:00,10.089820467459925
2012-09-21 04:00:00,8.640407698086335
2012-09-21 05:00:00,46.25919807810525
2012-09-21 06:00:00,177.35708319613607
2012-09-21 07:00:00,522.6311161928403
2012-09-21 08:00:00,701.0839262483988
2012-09-21 09:00:00,373.9209303258786
2012-09-21 10:00:00,242.98028588981893
2012-09-21 11:00:00,300.8761450816611
2012-09-21 12:00:00,380.67676135575516
2012-09-21 13:00:00,365.91061100157265
2012-09-21 14:00:00,327.13169368221264
2012-09-21 15:00:00,378.04068078592144
2012-09-21 16:00:00,540.5542429561951
2012-09-21 17:00:00,858.5819632942524
2012-09-21 18:00:00,775.0625570149566
2012-09-21 19:00:00,522.0310933305518
2012-09-21 20:00:00,347.2920362626563
2012-09-21 21:00:00,295.5494122745108
2012-09-21 22:00:00,259.4854979758348
2012-09-21 23:00:00,190.38764001383257
2012-09-22 00:00:00,153.52403645595717
2012-09-22 01:00:00,104.54963059879198
2012-09-22 02:00:00,81.36317195860505
2012-09-22 03:00:00,40.88063812006429
2012-09-22 04:00:00,10.270217611453397
2012-09-22 05:00:00,11.579763901212132
2012-09-22 06:00:00,24.333582209478088
2012-09-22 07:00:00,73.49784665811077
2012-09-22 08:00:00,164.4783255168404
2012-09-22 09:00:00,298.8953671653463
2012-09-22 10:00:00,462.9541002827068
2012-09-22 11:00:00,550.7752074411361
2012-09-22 12:00:00,623.5301074417366
2012-09-22 13:00:00,615.8107787853462
2012-09-22 14:00:00,630.5907305716457
2012-09-22 15:00:00,627.6469712934862
2012-09-22 16:00:00,608.8770355861895
2012-09-22 17:00:00,565.2364246299593
2012-09-22 18:00:00,474.065921349237
2012-09-22 19:00:00,432.08812072251254
2012-09-22 20:00:00,344.86739777065156
2012-09-22 21:00:00,278.3646563267896
2012-09-22 22:00:00,234.54422423007478
2012-09-22 23:00:00,209.9844386848267
2012-09-23 00:00:00,154.2206643520405
2012-09-23 01:00:00,123.90177676526328
2012-09-23 02:00:00,92.67778556045066
2012-09-23 03:00:00,35.33855727013693
2012-09-23 04:00:00,14.086655433223926
2012-09-23 05:00:00,13.015685847071744
2012-09-23 06:00:00,19.596408949073812
2012-09-23 07:00:00,63.229873389608166
2012-09-23 08:00:00,147.6993526106119
2012-09-23 09:00:00,250.35665329405475
2012-09-23 10:00:00,432.34202627270093
2012-09-23 11:00:00,528.1322473169686
2012-09-23 12:00:00,638.6284136830174
2012-09-23 13:00:00,620.9351845036563
2012-09-23 14:00:00,591.658132777976
2012-09-23 15:00:00,589.9512114840701
2012-09-23 16:00:00,560.9292279072945
2012-09-23 17:00:00,520.2479322737547
2012-09-23 18:00:00,441.6603982027564
2012-09-23 19:00:00,352.8749768683859
2012-09-23 20:00:00,273.8862724955057
2012-09-23 21:00:00,201.15126896182346
2012-09-23 22:00:00,168.4733884292077
2012-09-23 23:00:00,94.96198363420865
2012-09-24 00:00:00,52.66873987635616
2012-09-24 01:00:00,18.85396388526554
2012-09-24 02:00:00,9.419649388929532
2012-09-24 03:00:00,5.663762281188613
2012-09-24 04:00:00,8.074697630313196
2012-09-24 05:00:00,42.43961540196367
2012-09-24 06:00:00,184.40137604667078
2012-09-24 07:00:00,539.7287171388982
2012-09-24 08:00:00,704.340770870055
2012-09-24 09:00:00,365.5053296636123
2012-09-24 10:00:00,213.5962998062852
2012-09-24 11:00:00,250.13390800606896
2012-09-24 12:00:00,309.9776961839842
2012-09-24 13:00:00,315.9508389355734
2012-09-24 14:00:00,277.75969700172965
2012-09-24 15:00:00,310.5097844081188
2012-09-24 16:00:00,432.88254154269185
2012-09-24 17:00:00,828.762707512132
2012-09-24 18:00:00,809.559018199282
2012-09-24 19:00:00,536.654081318111
2012-09-24 20:00:00,367.6598026160586
2012-09-24 21:00:00,251.99409484505378
2012-09-24 22:00:00,173.18648194164825
2012-09-24 23:00:00,105.78807687580532
2012-09-25 00:00:00,50.669716197782634
2012-09-25 01:00:00,15.05088642456225
2012-09-25 02:00:00,7.463049815726429
2012-09-25 03:00:00,4.805455137185574
2012-09-25 04:00:00,7.587011536746887
2012-09-25 05:00:00,40.99897316820468
2012-09-25 06:00:00,172.7285108862819
2012-09-25 07:00:00,503.5594304832341
2012-09-25 08:00:00,680.5344652685889
2012-09-25 09:00:00,366.8909915988143
2012-09-25 10:00:00,217.9461488031862
2012-09-25 11:00:00,254.95804451846902
2012-09-25 12:00:00,326.41832121226344
2012-09-25 13:00:00,325.88114313412854
2012-09-25 14:00:00,293.8400611355831
2012-09-25 15:00:00,318.820365742954
2012-09-25 16:00:00,481.69093356618544
2012-09-25 17:00:00,937.4768507030193
2012-09-25 18:00:00,890.8437768338337
2012-09-25 19:00:00,586.9882850188505
2012-09-25 20:00:00,441.43432802757775
2012-09-25 21:00:00,318.7677976272897
2012-09-25 22:00:00,223.285111958316
2012-09-25 23:00:00,135.166357755831
2012-09-26 00:00:00,56.50064944346948
2012-09-26 01:00:00,19.62683887903191
2012-09-26 02:00:00,6.474494989195128
2012-09-26 03:00:00,5.753431137072216
2012-09-26 04:00:00,9.300233036752232
2012-09-26 05:00:00,47.19573118534497
2012-09-26 06:00:00,204.9329331854709
2012-09-26 07:00:00,581.9692750494218
2012-09-26 08:00:00,722.182307242344
2012-09-26 09:00:00,378.9934947777277
2012-09-26 10:00:00,224.4147021853387
2012-09-26 11:00:00,272.57520425554685
2012-09-26 12:00:00,348.38028026832234
2012-09-26 13:00:00,322.2980484908712
2012-09-26 14:00:00,279.84255298710804
2012-09-26 15:00:00,307.2653780528293
2012-09-26 16:00:00,448.9192029473501
2012-09-26 17:00:00,851.050780500968
2012-09-26 18:00:00,850.9404537863592
2012-09-26 19:00:00,611.1598054105749
2012-09-26 20:00:00,457.9127252842698
2012-09-26 21:00:00,328.95290766979355
2012-09-26 22:00:00,146.1563972659771
2012-09-26 23:00:00,125.93849161290687
2012-09-27 00:00:00,67.41889440539016
2012-09-27 01:00:00,26.8575176276696
2012-09-27 02:00:00,10.680828084307134
2012-09-27 03:00:00,8.385051552429337
2012-09-27 04:00:00,11.313229578115855
2012-09-27 05:00:00,50.45916796844058
2012-09-27 06:00:00,197.14744183094587
2012-09-27 07:00:00,622.9064323494571
2012-09-27 08:00:00,790.6286170026975
2012-09-27 09:00:00,388.79891083748987
2012-09-27 10:00:00,222.8327168386736
2012-09-27 11:00:00,262.8579715215686
2012-09-27 12:00:00,328.35352690492317
2012-09-27 13:00:00,310.18529362958026
2012-09-27 14:00:00,285.24129978215166
2012-09-27 15:00:00,298.81426977737067
2012-09-27 16:00:00,438.9236373858285
2012-09-27 17:00:00,840.72582201468515
2012-09-27 18:00:00,779.3198527921896
2012-09-27 19:00:00,595.5286969914431
2012-09-27 20:00:00,422.0408686248803
2012-09-27 21:00:00,182.5519390268221
2012-09-27 22:00:00,134.3665151797294
2012-09-27 23:00:00,112.1576067812981
2012-09-28 00:00:00,40.894443504673056
2012-09-28 01:00:00,26.527087151717158
2012-09-28 02:00:00,8.924876095995977
2012-09-28 03:00:00,7.685960823872612
2012-09-28 04:00:00,9.212954096320102
2012-09-28 05:00:00,48.24576471003436
2012-09-28 06:00:00,146.21535932137482
2012-09-28 07:00:00,385.18471337613465
2012-09-28 08:00:00,721.7093502224216
2012-09-28 09:00:00,362.18094718374243
2012-09-28 10:00:00,250.23645294230522
2012-09-28 11:00:00,307.7427357988271
2012-09-28 12:00:00,402.66423896472213
2012-09-28 13:00:00,392.321058257132
2012-09-28 14:00:00,335.91866837475675
2012-09-28 15:00:00,372.0029404703353
2012-09-28 16:00:00,540.8706754461151
2012-09-28 17:00:00,827.1762044385716
2012-09-28 18:00:00,708.8975382537843
2012-09-28 19:00:00,408.9387786742161
2012-09-28 20:00:00,299.694212750269
2012-09-28 21:00:00,234.22816975789544
2012-09-28 22:00:00,230.3009581129199
2012-09-28 23:00:00,176.56414027065395
2012-09-29 00:00:00,171.20946908311913
2012-09-29 01:00:00,132.25839137207635
2012-09-29 02:00:00,69.34830817758778
2012-09-29 03:00:00,34.09690133496866
2012-09-29 04:00:00,15.227661702262116
2012-09-29 05:00:00,13.344166827633705
2012-09-29 06:00:00,31.6052399153399
2012-09-29 07:00:00,75.36105473753395
2012-09-29 08:00:00,185.33428367746194
2012-09-29 09:00:00,295.65174799647417
2012-09-29 10:00:00,495.1917559800857
2012-09-29 11:00:00,572.7259294166283
2012-09-29 12:00:00,678.4326045138716
2012-09-29 13:00:00,683.8768618651175
2012-09-29 14:00:00,673.0021604362928
2012-09-29 15:00:00,674.7438443196983
2012-09-29 16:00:00,654.8150122419214
2012-09-29 17:00:00,570.4172527939111
2012-09-29 18:00:00,483.9953836666687
2012-09-29 19:00:00,396.386438280318
2012-09-29 20:00:00,304.19398214859115
2012-09-29 21:00:00,248.788082860977
2012-09-29 22:00:00,206.1156310011324
2012-09-29 23:00:00,182.29440189825306
2012-09-30 00:00:00,132.3072601907503
2012-09-30 01:00:00,114.72470544142855
2012-09-30 02:00:00,83.46789261903122
2012-09-30 03:00:00,37.509116999582815
2012-09-30 04:00:00,14.422402285485926
2012-09-30 05:00:00,11.540678323082203
2012-09-30 06:00:00,19.82054097774747
2012-09-30 07:00:00,59.409602419378835
2012-09-30 08:00:00,148.71799250434887
2012-09-30 09:00:00,286.2317259569426
2012-09-30 10:00:00,434.53841447627406
2012-09-30 11:00:00,533.6581944808568
2012-09-30 12:00:00,624.8692880289357
2012-09-30 13:00:00,604.6458597170131
2012-09-30 14:00:00,594.592794692566
2012-09-30 15:00:00,599.9456100156167
2012-09-30 16:00:00,580.3789519924203
2012-09-30 17:00:00,506.5850181412613
2012-09-30 18:00:00,389.3531548292528
2012-09-30 19:00:00,216.08079041043678
2012-09-30 20:00:00,175.35335289629722
2012-09-30 21:00:00,184.61770788953706
2012-09-30 22:00:00,152.8165371416233
2012-09-30 23:00:00,99.86305705526519
2012-10-20 00:00:00,155.39983362188997
2012-10-20 01:00:00,123.84537816847588
2012-10-20 02:00:00,78.12474329691088
2012-10-20 03:00:00,37.02224678276299
2012-10-20 04:00:00,12.528028378616753
2012-10-20 05:00:00,11.619908739337541
2012-10-20 06:00:00,27.780788908172266
2012-10-20 07:00:00,65.3760469027426
2012-10-20 08:00:00,198.41727736003426
2012-10-20 09:00:00,300.60475737751204
2012-10-20 10:00:00,481.89347676290004
2012-10-20 11:00:00,595.5102651038065
2012-10-20 12:00:00,695.853856908815
2012-10-20 13:00:00,697.1603866788888
2012-10-20 14:00:00,662.1008302675326
2012-10-20 15:00:00,638.4735328039956
2012-10-20 16:00:00,631.1386438704648
2012-10-20 17:00:00,594.0500829271356
2012-10-20 18:00:00,480.46752144375205
2012-10-20 19:00:00,349.7721484016303
2012-10-20 20:00:00,287.09219889197215
2012-10-20 21:00:00,221.74469064653664
2012-10-20 22:00:00,182.05808795633928
2012-10-20 23:00:00,156.24863427453815
2012-10-21 00:00:00,118.23655644706925
2012-10-21 01:00:00,98.87698935168666
2012-10-21 02:00:00,69.03955260271859
2012-10-21 03:00:00,30.501982344669724
2012-10-21 04:00:00,11.202101475741737
2012-10-21 05:00:00,10.311087770229129
2012-10-21 06:00:00,18.12646543886341
2012-10-21 07:00:00,51.71642133510743
2012-10-21 08:00:00,126.23541825472313
2012-10-21 09:00:00,263.6796042838708
2012-10-21 10:00:00,384.2307941302866
2012-10-21 11:00:00,511.15958382242343
2012-10-21 12:00:00,604.6509999990423
2012-10-21 13:00:00,609.22249307876
2012-10-21 14:00:00,586.871412289788
2012-10-21 15:00:00,571.6243552600342
2012-10-21 16:00:00,577.4429035588562
2012-10-21 17:00:00,517.6657456965689
2012-10-21 18:00:00,422.23836638760525
2012-10-21 19:00:00,311.78962610870224
2012-10-21 20:00:00,243.87955961760574
2012-10-21 21:00:00,169.77131011476607
2012-10-21 22:00:00,134.77480518606188
2012-10-21 23:00:00,87.74992993529796
2012-10-22 00:00:00,45.678277331910046
2012-10-22 01:00:00,14.722186090364751
2012-10-22 02:00:00,7.786859256349512
2012-10-22 03:00:00,4.968548675024301
2012-10-22 04:00:00,7.52640601685663
2012-10-22 05:00:00,37.61065783449204
2012-10-22 06:00:00,155.8644712962273
2012-10-22 07:00:00,452.9400546894522
2012-10-22 08:00:00,732.0273044519719
2012-10-22 09:00:00,359.3822189320483
2012-10-22 10:00:00,195.00044128662643
2012-10-22 11:00:00,249.98334259649124
2012-10-22 12:00:00,315.99738454251445
2012-10-22 13:00:00,337.07778217069676
2012-10-22 14:00:00,283.05726088385467
2012-10-22 15:00:00,331.279719647744
2012-10-22 16:00:00,481.62355036737887
2012-10-22 17:00:00,925.5495291725168
2012-10-22 18:00:00,780.1346317997157
2012-10-22 19:00:00,513.7209388765473
2012-10-22 20:00:00,344.45042382975237
2012-10-22 21:00:00,248.37355292798983
2012-10-22 22:00:00,177.02126616937545
2012-10-22 23:00:00,104.08471092889036
2012-10-23 00:00:00,48.35297425115358
2012-10-23 01:00:00,18.140480991482136
2012-10-23 02:00:00,6.654604482012291
2012-10-23 03:00:00,5.9799735533959195
2012-10-23 04:00:00,8.431171578823257
2012-10-23 05:00:00,40.955689015820504
2012-10-23 06:00:00,157.70186324697758
2012-10-23 07:00:00,457.8717363661338
2012-10-23 08:00:00,700.905731857071
2012-10-23 09:00:00,319.75043522384135
2012-10-23 10:00:00,214.77244387078213
2012-10-23 11:00:00,256.29405399134987
2012-10-23 12:00:00,322.0838139740415
2012-10-23 13:00:00,302.6645510534884
2012-10-23 14:00:00,300.0157518807797
2012-10-23 15:00:00,334.44892257451494
2012-10-23 16:00:00,510.5324095658334
2012-10-23 17:00:00,933.6181227940914
2012-10-23 18:00:00,871.3071210611961
2012-10-23 19:00:00,590.6094088077152
2012-10-23 20:00:00,409.19026647667977
2012-10-23 21:00:00,280.7999175092358
2012-10-23 22:00:00,197.9621162395029
2012-10-23 23:00:00,125.89979583961545
2012-10-24 00:00:00,59.90787722878653
2012-10-24 01:00:00,20.617972224176928
2012-10-24 02:00:00,6.628336931270018
2012-10-24 03:00:00,7.597802361630525
2012-10-24 04:00:00,9.43640942239416
2012-10-24 05:00:00,46.003290284528525
2012-10-24 06:00:00,189.9134697373835
2012-10-24 07:00:00,484.33624141886037
2012-10-24 08:00:00,739.39118285351
2012-10-24 09:00:00,385.35385750873144
2012-10-24 10:00:00,199.71727780095776
2012-10-24 11:00:00,239.67966462394833
2012-10-24 12:00:00,339.85402425082214
2012-10-24 13:00:00,323.25718708402906
2012-10-24 14:00:00,300.56116292922707
2012-10-24 15:00:00,339.22190964425505
2012-10-24 16:00:00,483.65252997244727
2012-10-24 17:00:00,897.5901153013506
2012-10-24 18:00:00,873.4412942986196
2012-10-24 19:00:00,584.758590366014
2012-10-24 20:00:00,453.9710547808154
2012-10-24 21:00:00,326.1436308507804
2012-10-24 22:00:00,229.24172608344236
2012-10-24 23:00:00,128.98568841767178
2012-10-25 00:00:00,61.69682993339255
2012-10-25 01:00:00,22.39225783082716
2012-10-25 02:00:00,9.977615758626058
2012-10-25 03:00:00,5.797057607978124
2012-10-25 04:00:00,10.054193534916761
2012-10-25 05:00:00,44.49359284983543
2012-10-25 06:00:00,169.4034383219393
2012-10-25 07:00:00,455.99351451780126
2012-10-25 08:00:00,728.2249598302215
2012-10-25 09:00:00,329.8006644044995
2012-10-25 10:00:00,182.15552869152808
2012-10-25 11:00:00,207.19099088683149
2012-10-25 12:00:00,286.5246268833565
2012-10-25 13:00:00,281.2206792737241
2012-10-25 14:00:00,283.01550187158927
2012-10-25 15:00:00,309.59879929481417
2012-10-25 16:00:00,464.86602774309546
2012-10-25 17:00:00,873.4719986680628
2012-10-25 18:00:00,690.3936546756595
2012-10-25 19:00:00,498.7523426928983
2012-10-25 20:00:00,318.18832736187903
2012-10-25 21:00:00,236.58422565766827
2012-10-25 22:00:00,188.63550804464623
2012-10-25 23:00:00,124.76377451267878
2012-10-26 00:00:00,66.05481861233419
2012-10-26 01:00:00,32.33674744535099
2012-10-26 02:00:00,14.025247701491363
2012-10-26 03:00:00,7.239443788981057
2012-10-26 04:00:00,10.55329194797561
2012-10-26 05:00:00,43.70843186203992
2012-10-26 06:00:00,151.01326656899846
2012-10-26 07:00:00,418.6870769762892
2012-10-26 08:00:00,625.5589063802389
2012-10-26 09:00:00,330.42879238476837
2012-10-26 10:00:00,200.74728702506556
2012-10-26 11:00:00,286.81700598763354
2012-10-26 12:00:00,317.24035395260785
2012-10-26 13:00:00,342.95372612474165
2012-10-26 14:00:00,325.9211178682596
2012-10-26 15:00:00,360.6324316850377
2012-10-26 16:00:00,455.46797872987406
2012-10-26 17:00:00,696.5598243828518
2012-10-26 18:00:00,622.7017049899467
2012-10-26 19:00:00,402.5549119067307
2012-10-26 20:00:00,300.22292387704977
2012-10-26 21:00:00,265.2796843349371
2012-10-26 22:00:00,192.3378213077072
2012-10-26 23:00:00,171.18003383144804
2012-10-27 00:00:00,149.49168918862208
2012-10-27 01:00:00,109.31987639573975
2012-10-27 02:00:00,69.66785149899592
2012-10-27 03:00:00,38.42992659769148
2012-10-27 04:00:00,12.572820329715944
2012-10-27 05:00:00,12.647045938043188
2012-10-27 06:00:00,27.76198135741961
2012-10-27 07:00:00,80.28943310336315
2012-10-27 08:00:00,192.45470814582885
2012-10-27 09:00:00,285.3434488586221
2012-10-27 10:00:00,462.59265753351553
2012-10-27 11:00:00,562.3909616309633
2012-10-27 12:00:00,687.568951475717
2012-10-27 13:00:00,692.3308506492717
2012-10-27 14:00:00,667.0028366826951
2012-10-27 15:00:00,600.0937070964457
2012-10-27 16:00:00,567.51976968627
2012-10-27 17:00:00,515.6468682425199
2012-10-27 18:00:00,432.30389426091995
2012-10-27 19:00:00,362.10398974640793
2012-10-27 20:00:00,268.63581145461507
2012-10-27 21:00:00,218.7734966983879
2012-10-27 22:00:00,204.37166408800613
2012-10-27 23:00:00,171.2216369745379
2012-10-28 00:00:00,99.81563027944237
2012-10-28 01:00:00,102.83662225417937
2012-10-28 02:00:00,77.63527146912512
2012-10-28 03:00:00,33.16479738076533
2012-10-28 04:00:00,13.683775951045765
2012-10-28 05:00:00,11.890430400769509
2012-10-28 06:00:00,20.405871995332774
2012-10-28 07:00:00,56.15619109778885
2012-10-28 08:00:00,133.1882284057192
2012-10-28 09:00:00,244.58203248190196
2012-10-28 10:00:00,367.95986465502335
2012-10-28 11:00:00,435.86904065908635
2012-10-28 12:00:00,494.8884148383414
2012-10-28 13:00:00,500.02387103050387
2012-10-28 14:00:00,461.49223774216085
2012-10-28 15:00:00,460.09952055961577
2012-10-28 16:00:00,270.2839511788614
2012-10-28 17:00:00,178.04010722871652
2012-10-28 18:00:00,121.6429194367796
2012-10-28 19:00:00,129.74599270487622
2012-10-28 20:00:00,85.39059517023746
2012-10-28 21:00:00,83.62433042288681
2012-10-28 22:00:00,67.37126509456982
2012-10-28 23:00:00,44.523673608710375
2012-10-29 00:00:00,25.0555790221481
2012-10-30 13:00:00,92.98684317581777
2012-10-30 14:00:00,84.01360803146383
2012-10-30 15:00:00,86.98880503835535
2012-10-30 16:00:00,132.2812256119168
2012-10-30 17:00:00,290.5260210191676
2012-10-30 18:00:00,284.6449633643934
2012-10-30 19:00:00,416.06993269784266
2012-10-30 20:00:00,216.94141286163892
2012-10-30 21:00:00,156.17153873442413
2012-10-30 22:00:00,133.51264503276659
2012-10-30 23:00:00,84.5740773597227
2012-10-31 00:00:00,38.85820785703102
2012-10-31 01:00:00,14.76103246887528
2012-10-31 02:00:00,5.297030452823707
2012-10-31 03:00:00,4.9925833310918835
2012-10-31 04:00:00,5.147570851259547
2012-10-31 05:00:00,35.31887036183571
2012-10-31 06:00:00,150.67151233464563
2012-10-31 07:00:00,386.287046274031
2012-10-31 08:00:00,731.0548863190147
2012-10-31 09:00:00,368.76111063690826
2012-10-31 10:00:00,166.31162672525858
2012-10-31 11:00:00,178.1642595701984
2012-10-31 12:00:00,241.95891603797457
2012-10-31 13:00:00,232.7301848555306
2012-10-31 14:00:00,207.76288362366955
2012-10-31 15:00:00,235.35245393592916
2012-10-31 16:00:00,323.8497386051817
2012-10-31 17:00:00,617.8400132298597
2012-10-31 18:00:00,579.8036265723064
2012-10-31 19:00:00,384.55082605600523
2012-10-31 20:00:00,285.09326408532166
2012-10-31 21:00:00,211.23528936712253
2012-10-31 22:00:00,162.45541030216916
2012-10-31 23:00:00,98.58999208704799
2012-11-20 00:00:00,39.686045747950324
2012-11-20 01:00:00,13.881583157436488
2012-11-20 02:00:00,5.348976265990085
2012-11-20 03:00:00,4.259645232834294
2012-11-20 04:00:00,6.724983821341129
2012-11-20 05:00:00,33.6469677738496
2012-11-20 06:00:00,147.17497907993769
2012-11-20 07:00:00,445.01222506503746
2012-11-20 08:00:00,731.1266743973074
2012-11-20 09:00:00,326.3495924707027
2012-11-20 10:00:00,164.79289442411135
2012-11-20 11:00:00,182.89346098078764
2012-11-20 12:00:00,223.86128190460505
2012-11-20 13:00:00,223.2917337114206
2012-11-20 14:00:00,204.95637792752527
2012-11-20 15:00:00,257.5823106099629
2012-11-20 16:00:00,331.4919259315603
2012-11-20 17:00:00,579.4476422592102
2012-11-20 18:00:00,560.6187413158766
2012-11-20 19:00:00,365.8627248709423
2012-11-20 20:00:00,244.37092202216778
2012-11-20 21:00:00,202.56481958080457
2012-11-20 22:00:00,150.75452377327417
2012-11-20 23:00:00,85.329078656173
2012-11-21 00:00:00,43.83070969623899
2012-11-21 01:00:00,15.786279909149796
2012-11-21 02:00:00,5.261799340507377
2012-11-21 03:00:00,5.51134436129871
2012-11-21 04:00:00,5.654684714807267
2012-11-21 05:00:00,35.781734299660066
2012-11-21 06:00:00,142.78106348515672
2012-11-21 07:00:00,374.0464611420003
2012-11-21 08:00:00,700.9319874403614
2012-11-21 09:00:00,349.88656512194507
2012-11-21 10:00:00,178.88567656379888
2012-11-21 11:00:00,192.3733323891855
2012-11-21 12:00:00,258.9774817958159
2012-11-21 13:00:00,241.61305348349725
2012-11-21 14:00:00,248.06037436256273
2012-11-21 15:00:00,282.24574088461844
2012-11-21 16:00:00,357.8204541685109
2012-11-21 17:00:00,643.4020175938413
2012-11-21 18:00:00,638.0809361521632
2012-11-21 19:00:00,400.5269499626865
2012-11-21 20:00:00,298.91240067936974
2012-11-21 21:00:00,207.65854078417965
2012-11-21 22:00:00,160.2894030069175
2012-11-21 23:00:00,91.11693969768044
2012-11-22 00:00:00,98.6121878971797
2012-11-22 01:00:00,52.40789565953976
2012-11-22 02:00:00,25.480921348628996
2012-11-22 03:00:00,10.331463381876956
2012-11-22 04:00:00,9.122886298496777
2012-11-22 05:00:00,10.62029926210024
2012-11-22 06:00:00,28.073677106300476
2012-11-22 07:00:00,72.62793889422342
2012-11-22 08:00:00,171.32708471103354
2012-11-22 09:00:00,190.15923444419766
2012-11-22 10:00:00,287.4677593719951
2012-11-22 11:00:00,405.21373606394394
2012-11-22 12:00:00,435.9790580273316
2012-11-22 13:00:00,511.4226376289029
2012-11-22 14:00:00,469.05386723988056
2012-11-22 15:00:00,466.95947189410435
2012-11-22 16:00:00,500.94521797129113
2012-11-22 17:00:00,401.3182760466953
2012-11-22 18:00:00,318.7537750860667
2012-11-22 19:00:00,245.78528240913772
2012-11-22 20:00:00,194.56459650233379
2012-11-22 21:00:00,161.7320736995304
2012-11-22 22:00:00,116.7112070623834
2012-11-22 23:00:00,73.93619524950658
2012-11-23 00:00:00,49.80894944585831
2012-11-23 01:00:00,28.72519844475771
2012-11-23 02:00:00,10.506287169282722
2012-11-23 03:00:00,5.423161918373196
2012-11-23 04:00:00,6.579953285934549
2012-11-23 05:00:00,33.15125653301354
2012-11-23 06:00:00,117.77584064002181
2012-11-23 07:00:00,342.52170267878296
2012-11-23 08:00:00,600.6535444140986
2012-11-23 09:00:00,378.2033444153162
2012-11-23 10:00:00,222.12017266724706
2012-11-23 11:00:00,242.68198034097315
2012-11-23 12:00:00,330.54730147812376
2012-11-23 13:00:00,344.25309740066723
2012-11-23 14:00:00,302.9727158563564
2012-11-23 15:00:00,338.27518602503534
2012-11-23 16:00:00,454.3202346465667
2012-11-23 17:00:00,718.1212224198965
2012-11-23 18:00:00,603.8997518974713
2012-11-23 19:00:00,416.2642707053641
2012-11-23 20:00:00,316.3470899455856
2012-11-23 21:00:00,246.18099327132384
2012-11-23 22:00:00,187.9420914518794
2012-11-23 23:00:00,143.569116208985
2012-11-24 00:00:00,122.22508870644309
2012-11-24 01:00:00,84.82856912450349
2012-11-24 02:00:00,49.64676388266648
2012-11-24 03:00:00,23.89466262579905
2012-11-24 04:00:00,8.754742546794507
2012-11-24 05:00:00,8.74607262911627
2012-11-24 06:00:00,19.42608481389756
2012-11-24 07:00:00,48.6967372392901
2012-11-24 08:00:00,116.31145284181524
2012-11-24 09:00:00,172.877036542257
2012-11-24 10:00:00,287.50396603547165
2012-11-24 11:00:00,355.7009006712446
2012-11-24 12:00:00,365.7466494590913
2012-11-24 13:00:00,454.64694117955736
2012-11-24 14:00:00,406.4438936179875
2012-11-24 15:00:00,395.1631077935587
2012-11-24 16:00:00,427.1210297171821
2012-11-24 17:00:00,344.1288997315245
2012-11-24 18:00:00,286.53284372888743
2012-11-24 19:00:00,238.1793906879856
2012-11-24 20:00:00,162.8083987167464
2012-11-24 21:00:00,147.7379882449053
2012-11-24 22:00:00,127.44796156321434
2012-11-24 23:00:00,113.04647137236073
2012-11-25 00:00:00,81.32483825053747
2012-11-25 01:00:00,74.10004612750802
2012-11-25 02:00:00,46.89864141547101
2012-11-25 03:00:00,23.024392067254535
2012-11-25 04:00:00,8.735010664209588
2012-11-25 05:00:00,7.925846511965658
2012-11-25 06:00:00,13.922759116100991
2012-11-25 07:00:00,39.07075985735859
2012-11-25 08:00:00,91.3547917612865
2012-11-25 09:00:00,163.3994850785345
2012-11-25 10:00:00,269.08548945384115
2012-11-25 11:00:00,286.0063561703554
2012-11-25 12:00:00,338.71308747519174
2012-11-25 13:00:00,336.8195924326563
2012-11-25 14:00:00,360.6056481319162
2012-11-25 15:00:00,375.6724156596865
2012-11-25 16:00:00,362.5490153837834
2012-11-25 17:00:00,330.99905416591787
2012-11-25 18:00:00,246.36420413004518
2012-11-25 19:00:00,194.0048842258409
2012-11-25 20:00:00,147.4483331204202
2012-11-25 21:00:00,124.45022604173798
2012-11-25 22:00:00,96.83357471694916
2012-11-25 23:00:00,58.221461043170486
2012-11-26 00:00:00,33.072997657253296
2012-11-26 01:00:00,10.302587410519681
2012-11-26 02:00:00,5.616101186561918
2012-11-26 03:00:00,3.5004648006038996
2012-11-26 04:00:00,5.662559492970489
2012-11-26 05:00:00,28.546142931663823
2012-11-26 06:00:00,116.00469708001472
2012-11-26 07:00:00,335.58531813817154
2012-11-26 08:00:00,577.3893499939609
2012-11-26 09:00:00,341.6187479114667
2012-11-26 10:00:00,161.4605261921165
2012-11-26 11:00:00,193.79310117884629
2012-11-26 12:00:00,270.20356802621194
2012-11-26 13:00:00,256.0519639862734
2012-11-26 14:00:00,218.56004382471
2012-11-26 15:00:00,240.70046839187972
2012-11-26 16:00:00,353.7262619881297
2012-11-26 17:00:00,703.4464764598179
2012-11-26 18:00:00,585.7931472381615
2012-11-26 19:00:00,393.0377248371693
2012-11-26 20:00:00,283.87279713528096
2012-11-26 21:00:00,206.994984906432
2012-11-26 22:00:00,138.26645131955897
2012-11-26 23:00:00,72.46713346477011
2012-11-27 00:00:00,37.38742741083254
2012-11-27 01:00:00,12.315883174095108
2012-11-27 02:00:00,5.59467647678876
2012-11-27 03:00:00,3.3018940571296795
2012-11-27 04:00:00,5.204511594011465
2012-11-27 05:00:00,29.661872525711427
2012-11-27 06:00:00,125.26299337704148
2012-11-27 07:00:00,226.3632332095908
2012-11-27 08:00:00,415.7411162023358
2012-11-27 09:00:00,297.70812175515357
2012-11-27 10:00:00,92.66373545697715
2012-11-27 11:00:00,76.23747955363774
2012-11-27 12:00:00,88.27433616917256
2012-11-27 13:00:00,86.04323863695086
2012-11-27 14:00:00,72.14663591515857
2012-11-27 15:00:00,153.03379620145586
2012-11-27 16:00:00,231.12800445088465
2012-11-27 17:00:00,442.7301505610091
2012-11-27 18:00:00,406.51643238166474
2012-11-27 19:00:00,288.70248189746235
2012-11-27 20:00:00,210.67231453085049
2012-11-27 21:00:00,140.24725643039636
2012-11-27 22:00:00,124.05557405429255
2012-11-27 23:00:00,64.78805048068953
2012-11-28 00:00:00,35.425808540090216
2012-11-28 01:00:00,11.583432390216128
2012-11-28 02:00:00,5.000695215460873
2012-11-28 03:00:00,4.094579955009122
2012-11-28 04:00:00,5.005940378233146
2012-11-28 05:00:00,32.30330427722592
2012-11-28 06:00:00,135.17008643024695
2012-11-28 07:00:00,396.8574771543229
2012-11-28 08:00:00,643.1356796957689
2012-11-28 09:00:00,351.42355696941263
2012-11-28 10:00:00,167.05052499438855
2012-11-28 11:00:00,179.04096682748195
2012-11-28 12:00:00,238.16232023228184
2012-11-28 13:00:00,226.1060824537484
2012-11-28 14:00:00,193.51814075039178
2012-11-28 15:00:00,222.16576898437415
2012-11-28 16:00:00,320.7155058338963
2012-11-28 17:00:00,641.5397491274658
2012-11-28 18:00:00,527.0171822472247
2012-11-28 19:00:00,370.6272501649284
2012-11-28 20:00:00,282.04302224620244
2012-11-28 21:00:00,198.4926880106823
2012-11-28 22:00:00,153.99493378513571
2012-11-28 23:00:00,82.13955240546088
2012-11-29 00:00:00,38.06489945445856
2012-11-29 01:00:00,12.721542185924756
2012-11-29 02:00:00,6.346128119981432
2012-11-29 04:00:00,6.365599961366041
2012-11-29 05:00:00,29.892702445629762
2012-11-29 06:00:00,127.9002644305976
2012-11-29 07:00:00,367.27722639743695
2012-11-29 08:00:00,657.6074453201102
2012-11-29 09:00:00,314.38792437877856
2012-11-29 10:00:00,167.92108899082683
2012-11-29 11:00:00,206.67238859527444
2012-11-29 12:00:00,256.3835991892346
2012-11-29 13:00:00,253.5860968122904
2012-11-29 14:00:00,211.22506201509225
2012-11-29 15:00:00,227.62605397506158
2012-11-29 16:00:00,339.2791562725116
2012-11-29 17:00:00,663.4785260183498
2012-11-29 18:00:00,539.7879171193267
2012-11-29 19:00:00,362.35401956048906
2012-11-29 20:00:00,277.59857931801434
2012-11-29 21:00:00,179.27793715205564
2012-11-29 22:00:00,136.4104302374861
2012-11-29 23:00:00,105.22259108259502
2012-11-30 00:00:00,44.054644860828134
2012-11-30 01:00:00,21.652309917292186
2012-11-30 02:00:00,10.138621222387478
2012-11-30 03:00:00,5.354966289835089
2012-11-30 04:00:00,6.146885533137011
2012-11-30 05:00:00,31.827065628019007
2012-11-30 06:00:00,103.86254985153708
2012-11-30 07:00:00,338.01094283754185
2012-11-30 08:00:00,583.826898259455
2012-11-30 09:00:00,337.682380893801
2012-11-30 10:00:00,184.46402201106926
2012-11-30 11:00:00,232.1906812382583
2012-11-30 12:00:00,283.72905571236487
2012-11-30 13:00:00,283.3335732414558
2012-11-30 14:00:00,249.5440277175813
2012-11-30 15:00:00,300.38758834859027
2012-11-30 16:00:00,402.1286757192311
2012-11-30 17:00:00,598.64150166355
2012-11-30 18:00:00,503.9219157697113
2012-11-30 19:00:00,321.41155262664796
2012-11-30 20:00:00,222.78864193424826
2012-11-30 21:00:00,189.37317112783558
2012-11-30 22:00:00,168.36392336791917
2012-11-30 23:00:00,114.97799044480867
2012-12-20 00:00:00,45.357334133205086
2012-12-20 01:00:00,16.126380561641188
2012-12-20 02:00:00,7.8056544764369145
2012-12-20 03:00:00,4.368203989078918
2012-12-20 04:00:00,6.542812878332479
2012-12-20 05:00:00,35.062780003679286
2012-12-20 06:00:00,150.24577663026074
2012-12-20 07:00:00,421.8715196644596
2012-12-20 08:00:00,689.7480143820537
2012-12-20 09:00:00,339.08242798795203
2012-12-20 10:00:00,158.97487632456833
2012-12-20 11:00:00,189.94817014495618
2012-12-20 12:00:00,243.0929231757718
2012-12-20 13:00:00,222.60767112905052
2012-12-20 14:00:00,195.14151912668402
2012-12-20 15:00:00,215.6321365839699
2012-12-20 16:00:00,299.57051756663043
2012-12-20 17:00:00,583.6785878566541
2012-12-20 18:00:00,544.5975085077891
2012-12-20 19:00:00,283.53299399443165
2012-12-20 20:00:00,221.87007661227452
2012-12-20 21:00:00,158.94863699423348
2012-12-20 22:00:00,92.18775624196944
2012-12-20 23:00:00,64.60060034724981
2012-12-21 00:00:00,15.233543072107935
2012-12-21 01:00:00,9.748751697354876
2012-12-21 02:00:00,5.892902104157665
2012-12-21 03:00:00,2.4535549288925647
2012-12-21 04:00:00,2.8267095315189144
2012-12-21 05:00:00,16.649044936148485
2012-12-21 06:00:00,73.3683705342278
2012-12-21 07:00:00,233.05614893722847
2012-12-21 08:00:00,474.409123779376
2012-12-21 09:00:00,248.29401928104332
2012-12-21 10:00:00,127.52478034546976
2012-12-21 11:00:00,136.42756650655366
2012-12-21 12:00:00,165.7736547114709
2012-12-21 13:00:00,160.20647295864677
2012-12-21 14:00:00,136.94035523529044
2012-12-21 15:00:00,149.52554543395223
2012-12-21 16:00:00,215.44089937090786
2012-12-21 17:00:00,317.3058008515881
2012-12-21 18:00:00,276.1379303302867
2012-12-21 19:00:00,209.74937538355957
2012-12-21 20:00:00,146.61575948072394
2012-12-21 21:00:00,113.66278908847164
2012-12-21 22:00:00,96.59593705582799
2012-12-21 23:00:00,74.00979470107602
2012-12-22 00:00:00,52.366644866203394
2012-12-22 01:00:00,44.313093069475876
2012-12-22 02:00:00,33.39960771536066
2012-12-22 03:00:00,14.750642170994402
2012-12-22 04:00:00,4.850305541251386
2012-12-22 05:00:00,4.612379856452985
2012-12-22 06:00:00,10.963458155844018
2012-12-22 07:00:00,29.436509789815037
2012-12-22 08:00:00,67.42282999132932
2012-12-22 09:00:00,121.27817833005905
2012-12-22 10:00:00,183.4529614250652
2012-12-22 11:00:00,231.60440916637486
2012-12-22 12:00:00,234.20669024519933
2012-12-22 13:00:00,264.51430316386336
2012-12-22 14:00:00,245.34258175475009
2012-12-22 15:00:00,227.76669857129752
2012-12-22 16:00:00,235.59555202024347
2012-12-22 17:00:00,223.81285473962237
2012-12-22 18:00:00,163.95902130753598
2012-12-22 19:00:00,131.47004215420787
2012-12-22 20:00:00,115.8385614733805
2012-12-22 21:00:00,81.23176588217505
2012-12-22 22:00:00,70.82806550630697
2012-12-22 23:00:00,67.15358202436904
2012-12-23 00:00:00,47.99462451654476
2012-12-23 01:00:00,44.66519860066429
2012-12-23 02:00:00,36.13858468601508
2012-12-23 03:00:00,16.54012616416559
2012-12-23 04:00:00,5.108760211725181
2012-12-23 05:00:00,4.033243616376723
2012-12-23 06:00:00,6.442790839278295
2012-12-23 07:00:00,19.793526558907047
2012-12-23 08:00:00,49.20158163145158
2012-12-23 09:00:00,100.89911779493518
2012-12-23 10:00:00,151.50931128229817
2012-12-23 11:00:00,191.3243788963865
2012-12-23 12:00:00,240.6469579887135
2012-12-23 13:00:00,255.49589735069236
2012-12-23 14:00:00,251.50310942671982
2012-12-23 15:00:00,263.9012456309925
2012-12-23 16:00:00,248.54070802268183
2012-12-23 17:00:00,202.45875026243505
2012-12-23 18:00:00,176.95370721462697
2012-12-23 19:00:00,141.53098870603802
2012-12-23 20:00:00,91.96761808586204
2012-12-23 21:00:00,73.71597877511188
2012-12-23 22:00:00,60.0830071752654
2012-12-23 23:00:00,37.46878296310313
2012-12-24 00:00:00,19.76568588532255
2012-12-24 01:00:00,6.431420908528078
2012-12-24 02:00:00,3.514981053928275
2012-12-24 03:00:00,2.150052039293694
2012-12-24 05:00:00,14.333984364443841
2012-12-24 06:00:00,65.58066933023701
2012-12-24 07:00:00,195.76241984105403
2012-12-24 08:00:00,385.6144898526013
2012-12-24 09:00:00,210.68446289006218
2012-12-24 10:00:00,89.14623205894507
2012-12-24 11:00:00,92.84873184186347
2012-12-24 12:00:00,133.6496671554318
2012-12-24 13:00:00,65.90470770672229
2012-12-24 14:00:00,52.65396711802717
2012-12-24 15:00:00,69.99277560080947
2012-12-24 16:00:00,104.42450142390216
2012-12-24 17:00:00,211.22750311003284
2012-12-24 18:00:00,168.6356580681315
2012-12-24 19:00:00,187.2924291327634
2012-12-24 20:00:00,101.86374888115634
2012-12-24 21:00:00,61.34054141128861
2012-12-24 22:00:00,59.131364715486775
2012-12-24 23:00:00,25.177844942521077
2012-12-25 00:00:00,28.56188328985698
2012-12-25 01:00:00,29.33086394267252
2012-12-25 02:00:00,18.099339142483675
2012-12-25 04:00:00,5.72988990376032
2012-12-25 05:00:00,5.900364385013746
2012-12-25 06:00:00,15.117449794991844
2012-12-25 07:00:00,39.04763591741196
2012-12-25 08:00:00,95.68394833962779
2012-12-25 09:00:00,106.48000008788844
2012-12-25 10:00:00,161.5064892049088
2012-12-25 11:00:00,196.2566770386493
2012-12-25 12:00:00,216.05840708168833
2012-12-25 13:00:00,269.15160949200174
2012-12-25 14:00:00,259.3254257488832
2012-12-25 15:00:00,257.1026597330435
2012-12-25 16:00:00,293.3154726973042
2012-12-25 17:00:00,232.46476420278665
2012-12-25 18:00:00,200.41927228077353
2012-12-25 19:00:00,161.90803977851405
2012-12-25 20:00:00,112.7601107679655
2012-12-25 21:00:00,94.04245738019475
2012-12-25 22:00:00,76.68914720717137
2012-12-25 23:00:00,42.981996268861266
2012-12-26 00:00:00,26.00012395325428
2012-12-26 01:00:00,7.438789173931416
2012-12-26 02:00:00,3.2379362156387668
2012-12-26 03:00:00,2.3699478049106504
2012-12-26 04:00:00,1.8008318198471762
2012-12-26 05:00:00,14.772208588007754
2012-12-26 06:00:00,74.246550845176
2012-12-26 07:00:00,90.55483742474381
2012-12-26 08:00:00,214.19219619227417
2012-12-26 09:00:00,107.1326745191404
2012-12-26 10:00:00,46.4496687854698
2012-12-26 11:00:00,36.57837883001302
2012-12-26 12:00:00,50.64182498500926
2012-12-26 13:00:00,46.458933387208724
2012-12-26 14:00:00,42.80149366587416
2012-12-26 15:00:00,55.00207252699968
2012-12-26 16:00:00,77.47127491985357
2012-12-26 17:00:00,136.92787675889645
2012-12-26 18:00:00,108.16626047666321
2012-12-26 19:00:00,108.26527491119396
2012-12-26 20:00:00,59.657627556273475
2012-12-26 21:00:00,90.4632768779932
2012-12-26 22:00:00,26.865336202232626
2012-12-26 23:00:00,27.278040281758734
2012-12-27 00:00:00,13.316374253710979
2012-12-27 01:00:00,4.103836507434823
2012-12-27 02:00:00,2.650232967819787
2012-12-27 03:00:00,2.5262417590196806
2012-12-27 04:00:00,1.9297035764709705
2012-12-27 05:00:00,18.39986411373033
2012-12-27 06:00:00,71.31312658528375
2012-12-27 07:00:00,245.8013760929016
2012-12-27 08:00:00,466.6104111249265
2012-12-27 09:00:00,243.11837059087773
2012-12-27 10:00:00,110.97481522806535
2012-12-27 11:00:00,118.93449434930868
2012-12-27 12:00:00,137.6422350835626
2012-12-27 13:00:00,135.0949957002229
2012-12-27 14:00:00,100.69873762895338
2012-12-27 15:00:00,107.82342806646298
2012-12-27 16:00:00,175.18195565991704
2012-12-27 17:00:00,346.18471889241783
2012-12-27 18:00:00,322.60136235741976
2012-12-27 19:00:00,213.7547682829033
2012-12-27 20:00:00,174.2014192023726
2012-12-27 21:00:00,117.25233309480237
2012-12-27 22:00:00,78.87759909393294
2012-12-27 23:00:00,55.58335840321695
2012-12-28 00:00:00,29.682816778494466
2012-12-28 01:00:00,14.206453662115335
2012-12-28 02:00:00,6.816592259419418
2012-12-28 03:00:00,3.2565617087315353
2012-12-28 04:00:00,2.586147059027333
2012-12-28 05:00:00,16.33809315060693
2012-12-28 06:00:00,63.64461917463009
2012-12-28 07:00:00,224.55351471039782
2012-12-28 08:00:00,500.1899949891496
2012-12-28 09:00:00,252.12015014687736
2012-12-28 10:00:00,131.760120392796
2012-12-28 11:00:00,131.61843217771982
2012-12-28 12:00:00,174.13478044023785
2012-12-28 13:00:00,171.0086290538929
2012-12-28 14:00:00,144.73228745687732
2012-12-28 15:00:00,153.9075448178226
2012-12-28 16:00:00,237.4786551524347
2012-12-28 17:00:00,361.09671212336355
2012-12-28 18:00:00,315.5347444459024
2012-12-28 19:00:00,183.27049804109748
2012-12-28 20:00:00,117.9908837139414
2012-12-28 21:00:00,109.54073705313127
2012-12-28 22:00:00,89.54118205672924
2012-12-28 23:00:00,66.42784065235949
2012-12-29 00:00:00,59.71285751264437
2012-12-29 01:00:00,47.65077106834637
2012-12-29 02:00:00,35.32698669061112
2012-12-29 03:00:00,14.7936378307422
2012-12-29 04:00:00,5.151206205651035
2012-12-29 05:00:00,4.484810634762105
2012-12-29 06:00:00,11.104220017638744
2012-12-29 07:00:00,29.095164541176302
2012-12-29 08:00:00,75.42199319696614
2012-12-29 09:00:00,113.73994680243047
2012-12-29 10:00:00,124.7081244509937
2012-12-29 11:00:00,122.68672606372363
2012-12-29 12:00:00,154.96645609078675
2012-12-29 13:00:00,149.8548817586448
2012-12-29 14:00:00,214.62220830855634
2012-12-29 15:00:00,208.7827961344493
2012-12-29 16:00:00,277.244787017592
2012-12-29 17:00:00,215.69034060097223
2012-12-29 18:00:00,204.41121260157755
2012-12-29 19:00:00,159.2836957742095
2012-12-29 20:00:00,109.16277106259479
2012-12-29 21:00:00,95.55017383913307
2012-12-29 22:00:00,73.53774147178467
2012-12-29 23:00:00,71.63783685709225
2012-12-30 00:00:00,49.709731141507426
2012-12-30 01:00:00,43.079402153540116
2012-12-30 02:00:00,38.461233032456406
2012-12-30 03:00:00,16.648364514565227
2012-12-30 04:00:00,4.854841565713687
2012-12-30 05:00:00,4.221843473872885
2012-12-30 06:00:00,6.0952832039941285
2012-12-30 07:00:00,21.227362957720302
2012-12-30 08:00:00,50.02666491615837
2012-12-30 09:00:00,96.37309463927959
2012-12-30 10:00:00,145.14500737356647
2012-12-30 11:00:00,194.94604544736865
2012-12-30 12:00:00,231.34536321017913
2012-12-30 13:00:00,218.122629180391
2012-12-30 14:00:00,215.6085642420691
2012-12-30 15:00:00,220.10090082362402
2012-12-30 16:00:00,236.7473658565781
2012-12-30 17:00:00,184.02586324694576
2012-12-30 18:00:00,138.0560090551483
2012-12-30 19:00:00,151.8071182197468
2012-12-30 20:00:00,79.68786914550638
2012-12-30 21:00:00,71.73751342860155
2012-12-30 22:00:00,52.01223492751297
2012-12-30 23:00:00,32.749438508397134
2012-12-31 00:00:00,19.10927627592189
2012-12-31 01:00:00,5.728352216046082
2012-12-31 02:00:00,3.370380812752121
2012-12-31 03:00:00,2.0403640958574067
2012-12-31 04:00:00,2.140559244849597
2012-12-31 05:00:00,12.09531481806239
2012-12-31 06:00:00,63.425403455982305
2012-12-31 07:00:00,189.6273380167197
2012-12-31 08:00:00,362.6966189477575
2012-12-31 09:00:00,214.66974600012747
2012-12-31 10:00:00,87.84615339198209
2012-12-31 11:00:00,90.71664721454906
2012-12-31 12:00:00,118.34698248568945
2012-12-31 13:00:00,113.59463268401507
2012-12-31 14:00:00,110.17399026413618
2012-12-31 15:00:00,121.64651768700172
2012-12-31 16:00:00,150.31475916384227
2012-12-31 17:00:00,304.0823534802228
2012-12-31 18:00:00,296.1286591786654
2012-12-31 19:00:00,204.98086118507837
2012-12-31 20:00:00,137.42569095459856
2012-12-31 21:00:00,105.19377194159925
2012-12-31 22:00:00,75.60952203227751
2012-12-31 23:00:00,40.42967985517162
