datetime,count
2011-01-20 00:00:00,0
2011-01-20 01:00:00,4.626666809736645
2011-01-20 02:00:00,0.5804832854979627
2011-01-20 03:00:00,0.5282929733852022
2011-01-20 04:00:00,2.955897606253543
2011-01-20 05:00:00,9.340425620096589
2011-01-20 06:00:00,45.99884521876008
2011-01-20 07:00:00,118.50740773866423
2011-01-20 08:00:00,238.0339495313682
2011-01-20 09:00:00,131.48805788462553
2011-01-20 10:00:00,47.440131449075544
2011-01-20 11:00:00,47.41235923040136
2011-01-20 12:00:00,81.37224699636872
2011-01-20 13:00:00,68.14012770552607
2011-01-20 14:00:00,52.42029984868603
2011-01-20 15:00:00,47.61108742073487
2011-01-20 16:00:00,88.25999768577698
2011-01-20 17:00:00,195.29236815987846
2011-01-20 18:00:00,181.3938905629784
2011-01-20 19:00:00,114.88569260255198
2011-01-20 20:00:00,77.79282703020124
2011-01-20 21:00:00,61.84631274932656
2011-01-20 22:00:00,38.90254237376725
2011-01-20 23:00:00,17.41781643962578
2011-01-21 00:00:00,0
2011-01-21 01:00:00,7.744852738981714
2011-01-21 02:00:00,22.25027284583887
2011-01-21 03:00:00,16.81637315797648
2011-01-21 04:00:00,17.396350085715632
2011-01-21 05:00:00,0.5410005080725764
2011-01-21 06:00:00,28.68456847165931
2011-01-21 07:00:00,70.69085305549585
2011-01-21 08:00:00,207.51468272730438
2011-01-21 09:00:00,129.57449097539407
2011-01-21 10:00:00,47.925629395591585
2011-01-21 11:00:00,66.59499194757305
2011-01-21 12:00:00,62.64655106449771
2011-01-21 13:00:00,59.968766706630745
2011-01-21 14:00:00,74.35719385011545
2011-01-21 15:00:00,81.74566821898854
2011-01-21 16:00:00,105.43341916911899
2011-01-21 17:00:00,170.65378365511836
2011-01-21 18:00:00,115.11248613307644
2011-01-21 19:00:00,75.77891739410023
2011-01-21 20:00:00,60.583673268766795
2011-01-21 21:00:00,35.3582151847322
2011-01-21 22:00:00,59.09890692506362
2011-01-21 23:00:00,39.2903499751542
2011-01-22 00:00:00,9.978575245587109
2011-01-22 01:00:00,9.34258038760827
2011-01-22 02:00:00,6.921730273204904
2011-01-22 03:00:00,0
2011-01-22 04:00:00,0
2011-01-22 06:00:00,0
2011-01-22 07:00:00,0
2011-01-22 08:00:00,0
2011-01-22 09:00:00,54.20034550547637
2011-01-22 10:00:00,105.63348009263242
2011-01-22 11:00:00,114.217888543916
2011-01-22 12:00:00,143.40214753951085
2011-01-22 13:00:00,160.02552174748865
2011-01-22 14:00:00,151.8036875808545
2011-01-22 15:00:00,145.71335466166323
2011-01-22 16:00:00,119.98372974574542
2011-01-22 17:00:00,70.6952450885685
2011-01-22 18:00:00,76.85764842380178
2011-01-22 19:00:00,60.18270313673052
2011-01-22 20:00:00,58.46328134857529
2011-01-22 21:00:00,30.43605006169139
2011-01-22 22:00:00,38.6937966371647
2011-01-22 23:00:00,35.14766688258368
2011-01-23 00:00:00,13.431981698369196
2011-01-23 01:00:00,27.160927037933003
2011-01-23 02:00:00,14.817775305297479
2011-01-23 03:00:00,7.269632644628638
2011-01-23 05:00:00,0
2011-01-23 06:00:00,0
2011-01-23 07:00:00,0
2011-01-23 08:00:00,0
2011-01-23 09:00:00,42.39685114482523
2011-01-23 10:00:00,99.87291652595891
2011-01-23 11:00:00,120.88012599213816
2011-01-23 12:00:00,137.74863757945687
2011-01-23 13:00:00,140.4303637262281
2011-01-23 14:00:00,121.4828466380028
2011-01-23 15:00:00,117.16399517667774
2011-01-23 16:00:00,93.10088181996538
2011-01-23 17:00:00,52.79820112832494
2011-01-23 18:00:00,45.81987729406135
2011-01-23 19:00:00,29.140583186308575
2011-01-23 20:00:00,23.612198620582895
2011-01-23 21:00:00,13.590923322616225
2011-01-23 22:00:00,0
2011-01-23 23:00:00,0
2011-01-24 00:00:00,0
2011-01-24 01:00:00,1.7405111375821603
2011-01-24 03:00:00,0
2011-01-24 04:00:00,5.011069620971382
2011-01-24 05:00:00,11.841017757537006
2011-01-24 06:00:00,46.65791181378725
2011-01-24 07:00:00,79.54366991949558
2011-01-24 08:00:00,192.1408521293211
2011-01-24 09:00:00,112.28784897945947
2011-01-24 10:00:00,45.29303195910575
2011-01-24 11:00:00,52.451575086395685
2011-01-24 12:00:00,54.17576329377171
2011-01-24 13:00:00,58.3096028680422
2011-01-24 14:00:00,46.84462814326899
2011-01-24 15:00:00,42.24169440059899
2011-01-24 16:00:00,73.16521173715972
2011-01-24 17:00:00,195.32872166122607
2011-01-24 18:00:00,196.98805415255464
2011-01-24 19:00:00,139.15348254704148
2011-01-24 20:00:00,96.67965285220114
2011-01-24 21:00:00,68.99752907840812
2011-01-24 22:00:00,33.89780543445641
2011-01-24 23:00:00,0
2011-01-25 00:00:00,0
2011-01-25 01:00:00,0
2011-01-25 02:00:00,0
2011-01-25 04:00:00,8.661865921234366
2011-01-25 05:00:00,13.514825905755139
2011-01-25 06:00:00,52.61883003066589
2011-01-25 07:00:00,126.40853529298676
2011-01-25 08:00:00,223.23841640011096
2011-01-25 09:00:00,133.83639106934245
2011-01-25 10:00:00,56.49133412070182
2011-01-25 11:00:00,55.03802807528511
2011-01-25 12:00:00,69.29393691620257
2011-01-25 13:00:00,68.78612518882319
2011-01-25 14:00:00,55.11380021863861
2011-01-25 15:00:00,60.77857000220831
2011-01-25 16:00:00,91.76952376867433
2011-01-25 17:00:00,225.7273466179072
2011-01-25 18:00:00,225.78982414886332
2011-01-25 19:00:00,132.16033315993738
2011-01-25 20:00:00,101.13679386202946
2011-01-25 21:00:00,73.9816947772902
2011-01-25 22:00:00,54.193885413368875
2011-01-25 23:00:00,19.956917663998055
2011-01-26 00:00:00,0
2011-01-26 01:00:00,0.018496590230589027
2011-01-26 02:00:00,18.9834779094722
2011-01-26 05:00:00,13.96111472858056
2011-01-26 06:00:00,25.069047553289295
2011-01-26 07:00:00,21.93102313637129
2011-01-26 08:00:00,134.55620867279472
2011-01-26 09:00:00,82.34513185513764
2011-01-26 10:00:00,8.279768211249053
2011-01-26 11:00:00,0
2011-01-26 12:00:00,0
2011-01-26 13:00:00,0
2011-01-26 14:00:00,0
2011-01-26 15:00:00,0
2011-01-26 16:00:00,0
2011-01-26 17:00:00,0
2011-01-27 16:00:00,94.4529377376465
2011-01-27 17:00:00,184.4854900022074
2011-01-27 18:00:00,175.31673115347087
2011-01-27 19:00:00,124.1076661318536
2011-01-27 20:00:00,103.66327936876773
2011-01-27 21:00:00,76.52558168572949
2011-01-27 22:00:00,58.74702370325684
2011-01-27 23:00:00,28.94279795509415
2011-01-28 00:00:00,0
2011-01-28 01:00:00,12.75923214819512
2011-01-28 02:00:00,7.9883177874601845
2011-01-28 03:00:00,5.303569123573297
2011-01-28 05:00:00,13.371195476481983
2011-01-28 06:00:00,38.60549449631554
2011-01-28 07:00:00,89.16321692861624
2011-01-28 08:00:00,210.79874286415702
2011-01-28 09:00:00,94.22725067585992
2011-01-28 10:00:00,27.08053895417304
2011-01-28 11:00:00,26.146239437627074
2011-01-28 12:00:00,19.975095599935013
2011-01-28 13:00:00,32.595099703389934
2011-01-28 14:00:00,40.21409895407495
2011-01-28 15:00:00,71.99548318836449
2011-01-28 16:00:00,115.75272148665316
2011-01-28 17:00:00,164.03884291081457
2011-01-28 18:00:00,145.70338546007224
2011-01-28 19:00:00,105.80982915890698
2011-01-28 20:00:00,69.71119309406575
2011-01-28 21:00:00,56.94989070920779
2011-01-28 22:00:00,48.70771704674143
2011-01-28 23:00:00,52.095551218565646
2011-01-29 00:00:00,0
2011-01-29 01:00:00,23.764832567516642
2011-01-29 02:00:00,7.552519239244872
2011-01-29 03:00:00,0
2011-01-29 04:00:00,0
2011-01-29 06:00:00,0
2011-01-29 07:00:00,0
2011-01-29 08:00:00,13.827334772012977
2011-01-29 09:00:00,66.44994399241615
2011-01-29 10:00:00,112.73281250033739
2011-01-29 11:00:00,122.54578075729785
2011-01-29 12:00:00,150.89446774508758
2011-01-29 13:00:00,166.82221052143797
2011-01-29 14:00:00,160.94500607747784
2011-01-29 15:00:00,157.7539326982131
2011-01-29 16:00:00,146.59043286421047
2011-01-29 17:00:00,95.66570668907066
2011-01-29 18:00:00,96.30918268718106
2011-01-29 19:00:00,63.34041110723232
2011-01-29 20:00:00,62.45064824400533
2011-01-29 21:00:00,44.87633057155797
2011-01-29 22:00:00,43.5679488155935
2011-01-29 23:00:00,30.50798519242884
2011-01-30 00:00:00,8.577883521006846
2011-01-30 01:00:00,29.133342135430077
2011-01-30 02:00:00,11.15707949812872
2011-01-30 03:00:00,8.637768392889203
2011-01-30 04:00:00,0
2011-01-30 05:00:00,0
2011-01-30 07:00:00,0
2011-01-30 08:00:00,0
2011-01-30 09:00:00,49.903811364165435
2011-01-30 10:00:00,115.88828431405221
2011-01-30 11:00:00,128.59152436085694
2011-01-30 12:00:00,194.36603008108824
2011-01-30 13:00:00,175.83248458106453
2011-01-30 14:00:00,165.38938438788057
2011-01-30 15:00:00,171.26330087585507
2011-01-30 16:00:00,151.50384972789516
2011-01-30 17:00:00,110.59746656696657
2011-01-30 18:00:00,86.45661240777845
2011-01-30 19:00:00,62.89346703193674
2011-01-30 20:00:00,53.306947752994404
2011-01-30 21:00:00,36.05366721383746
2011-01-30 22:00:00,26.57082702998357
2011-01-30 23:00:00,0
2011-01-31 00:00:00,0
2011-01-31 01:00:00,0
2011-01-31 02:00:00,2.140302426318233
2011-01-31 03:00:00,1.8792878632302008
2011-01-31 04:00:00,0
2011-01-31 05:00:00,0.8715391135436416
2011-01-31 06:00:00,36.6241244351925
2011-01-31 07:00:00,77.80272402253375
2011-01-31 08:00:00,178.30304911527963
2011-01-31 09:00:00,114.01177953590341
2011-01-31 10:00:00,36.7273865555278
2011-01-31 11:00:00,41.090739808819286
2011-01-31 12:00:00,62.67203890307226
2011-01-31 13:00:00,57.125249737797375
2011-01-31 14:00:00,46.53485261362456
2011-01-31 15:00:00,47.22814589112197
2011-01-31 16:00:00,79.28874471586371
2011-01-31 17:00:00,184.7488794065673
2011-01-31 18:00:00,171.22239772376116
2011-01-31 19:00:00,153.29320119992317
2011-01-31 20:00:00,75.5383645287772
2011-01-31 21:00:00,66.06613923982079
2011-01-31 22:00:00,31.87429823666011
2011-01-31 23:00:00,3.5537345788001296
2011-02-20 00:00:00,0
2011-02-20 01:00:00,0
2011-02-20 02:00:00,0
2011-02-20 03:00:00,0
2011-02-20 04:00:00,0
2011-02-20 06:00:00,0
2011-02-20 07:00:00,0
2011-02-20 08:00:00,0
2011-02-20 09:00:00,39.45986344060482
2011-02-20 10:00:00,116.90313904739679
2011-02-20 11:00:00,126.67993807988474
2011-02-20 12:00:00,186.68614915366467
2011-02-20 13:00:00,183.37491127518558
2011-02-20 14:00:00,189.70893702217143
2011-02-20 15:00:00,195.60799769464936
2011-02-20 16:00:00,178.8802745930077
2011-02-20 17:00:00,108.88450269318699
2011-02-20 18:00:00,93.66505417835688
2011-02-20 19:00:00,67.92535055024709
2011-02-20 20:00:00,63.078717953842386
2011-02-20 21:00:00,40.57030004000098
2011-02-20 22:00:00,28.866041730792013
2011-02-20 23:00:00,0
2011-02-21 00:00:00,4.153089455181944
2011-02-21 01:00:00,2.7719826636746863
2011-02-21 02:00:00,0
2011-02-21 03:00:00,0
2011-02-21 04:00:00,0
2011-02-21 05:00:00,6.27798897226496
2011-02-21 06:00:00,0
2011-02-21 07:00:00,22.418787690617705
2011-02-21 08:00:00,136.69140011789437
2011-02-21 09:00:00,79.64449842509454
2011-02-21 10:00:00,90.013542854198
2011-02-21 11:00:00,126.88506239028835
2011-02-21 12:00:00,125.14669417975045
2011-02-21 13:00:00,72.65694616761695
2011-02-21 14:00:00,94.92957111382324
2011-02-21 15:00:00,107.06882762994321
2011-02-21 16:00:00,44.53990320027066
2011-02-21 17:00:00,126.56551900095698
2011-02-21 18:00:00,99.58311263564673
2011-02-21 19:00:00,72.32693999840457
2011-02-21 20:00:00,51.35452602574265
2011-02-21 21:00:00,4.650156850846791
2011-02-21 22:00:00,0
2011-02-21 23:00:00,0
2011-02-22 06:00:00,41.67028794706858
2011-02-22 07:00:00,93.22900611712538
2011-02-22 08:00:00,193.76868287168926
2011-02-22 09:00:00,130.75923534688212
2011-02-22 10:00:00,54.55509783636924
2011-02-22 11:00:00,51.29258093310952
2011-02-22 12:00:00,68.40646081140002
2011-02-22 13:00:00,70.52166611561513
2011-02-22 14:00:00,56.831186543905
2011-02-22 15:00:00,58.0917277344128
2011-02-22 16:00:00,96.36025275575479
2011-02-22 17:00:00,208.34314258476212
2011-02-22 18:00:00,209.75645320582618
2011-02-22 19:00:00,116.29988240623899
2011-02-22 20:00:00,88.73247898350135
2011-02-22 21:00:00,61.501066869426225
2011-02-22 22:00:00,30.752134060531265
2011-02-22 23:00:00,5.920184023624934
2011-02-23 00:00:00,0
2011-02-23 01:00:00,0
2011-02-23 02:00:00,0
2011-02-23 03:00:00,0
2011-02-23 05:00:00,7.165358237912276
2011-02-23 06:00:00,44.613434908500025
2011-02-23 07:00:00,100.48336330602754
2011-02-23 08:00:00,227.38941501529055
2011-02-23 09:00:00,131.4603161540106
2011-02-23 10:00:00,38.62061969124701
2011-02-23 11:00:00,51.771875752099064
2011-02-23 12:00:00,68.83800113651681
2011-02-23 13:00:00,71.39525708676624
2011-02-23 14:00:00,56.64350057253026
2011-02-23 15:00:00,69.21616788839653
2011-02-23 16:00:00,88.90762057850772
2011-02-23 17:00:00,203.790684089945
2011-02-23 18:00:00,192.54497328876397
2011-02-23 19:00:00,133.08886727371328
2011-02-23 20:00:00,102.76887103153085
2011-02-23 21:00:00,74.59931713149844
2011-02-23 22:00:00,53.58509388520188
2011-02-23 23:00:00,29.023442403543008
2011-02-24 00:00:00,0
2011-02-24 01:00:00,2.3498736198624828
2011-02-24 02:00:00,0
2011-02-24 03:00:00,0
2011-02-24 05:00:00,5.8360596269275256
2011-02-24 06:00:00,41.4607114373842
2011-02-24 07:00:00,136.8080847717437
2011-02-24 08:00:00,243.01846432589122
2011-02-24 09:00:00,132.0901050065361
2011-02-24 10:00:00,49.83729398496686
2011-02-24 11:00:00,57.08447806164719
2011-02-24 12:00:00,69.84535070082815
2011-02-24 13:00:00,72.7164703400915
2011-02-24 14:00:00,59.51449989963136
2011-02-24 15:00:00,37.055770774339614
2011-02-24 16:00:00,2.1601746672398487
2011-02-24 17:00:00,149.70219337768003
2011-02-24 18:00:00,61.965348319642786
2011-02-24 19:00:00,15.462624020591822
2011-02-24 20:00:00,58.61163434603633
2011-02-24 21:00:00,65.15751495314963
2011-02-24 22:00:00,10.734299288761171
2011-02-24 23:00:00,34.843474678934385
2011-02-25 00:00:00,0
2011-02-25 01:00:00,7.639792491254052
2011-02-25 02:00:00,10.546717207524884
2011-02-25 03:00:00,6.388611449242658
2011-02-25 05:00:00,12.360274071966995
2011-02-25 06:00:00,13.430990258533924
2011-02-25 07:00:00,0
2011-02-25 08:00:00,123.20465939034887
2011-02-25 09:00:00,75.27929512287116
2011-02-25 10:00:00,11.095127204164069
2011-02-25 11:00:00,114.24293630175846
2011-02-25 12:00:00,91.7623248221109
2011-02-25 13:00:00,104.01134027433248
2011-02-25 14:00:00,66.58974891231462
2011-02-25 15:00:00,105.48621754864297
2011-02-25 16:00:00,119.22963719243737
2011-02-25 17:00:00,177.20116046563072
2011-02-25 18:00:00,136.90553177310719
2011-02-25 19:00:00,86.52601355432482
2011-02-25 20:00:00,46.61153254059175
2011-02-25 21:00:00,52.31240930791331
2011-02-25 22:00:00,52.537067403883235
2011-02-25 23:00:00,46.730638848823304
2011-02-26 00:00:00,14.223934015665293
2011-02-26 01:00:00,13.08353729286981
2011-02-26 02:00:00,1.392682398156774
2011-02-26 03:00:00,4.00631177325661
2011-02-26 04:00:00,0
2011-02-26 05:00:00,0
2011-02-26 06:00:00,0
2011-02-26 07:00:00,0
2011-02-26 08:00:00,17.13078536391402
2011-02-26 09:00:00,74.22815581495382
2011-02-26 10:00:00,122.10883040333218
2011-02-26 11:00:00,135.64830892178458
2011-02-26 12:00:00,183.82949758756232
2011-02-26 13:00:00,175.51614969920445
2011-02-26 14:00:00,160.48978661243993
2011-02-26 15:00:00,169.4439423288585
2011-02-26 16:00:00,164.7729598334327
2011-02-26 17:00:00,142.56378480481854
2011-02-26 18:00:00,109.37850301602482
2011-02-26 19:00:00,73.7195598537933
2011-02-26 20:00:00,67.73697943308088
2011-02-26 21:00:00,33.27012926246433
2011-02-26 22:00:00,49.97945095346282
2011-02-26 23:00:00,31.12244802808186
2011-02-27 00:00:00,4.267884940559741
2011-02-27 01:00:00,31.313524131767263
2011-02-27 02:00:00,23.199513951571017
2011-02-27 03:00:00,14.516592462818906
2011-02-27 04:00:00,0
2011-02-27 06:00:00,0
2011-02-27 07:00:00,0
2011-02-27 08:00:00,8.041166298003688
2011-02-27 09:00:00,62.45151152606118
2011-02-27 10:00:00,125.16175064074804
2011-02-27 11:00:00,165.38278639962888
2011-02-27 12:00:00,222.09124749867482
2011-02-27 13:00:00,220.19863671557255
2011-02-27 14:00:00,231.19026607045458
2011-02-27 15:00:00,248.5716245328901
2011-02-27 16:00:00,255.09965859294715
2011-02-27 17:00:00,166.72657097609562
2011-02-27 18:00:00,132.6224911487608
2011-02-27 19:00:00,96.05888323032394
2011-02-27 20:00:00,83.11886995802
2011-02-27 21:00:00,49.61302806709137
2011-02-27 22:00:00,26.8010966836508
2011-02-27 23:00:00,0
2011-02-28 00:00:00,0
2011-02-28 01:00:00,21.401094652072764
2011-02-28 03:00:00,39.50416967640071
2011-02-28 05:00:00,11.855386436496637
2011-02-28 06:00:00,40.29634238775481
2011-02-28 07:00:00,136.4965189521162
2011-02-28 08:00:00,221.76691861468635
2011-02-28 09:00:00,139.9938873321845
2011-02-28 10:00:00,63.62529753921537
2011-02-28 11:00:00,78.28831503092371
2011-02-28 12:00:00,105.82834597553375
2011-02-28 13:00:00,25.281852458620488
2011-02-28 14:00:00,4.878645134031737
2011-02-28 15:00:00,1.6951684884840628
2011-02-28 16:00:00,26.32254827779031
2011-02-28 17:00:00,36.44824399924567
2011-02-28 18:00:00,168.43335285538484
2011-02-28 19:00:00,66.71598763841682
2011-02-28 20:00:00,25.675197071787952
2011-02-28 21:00:00,73.47073902492966
2011-02-28 22:00:00,19.185623878567352
2011-02-28 23:00:00,11.212391918638627
2011-03-20 00:00:00,5.198983993565778
2011-03-20 01:00:00,16.159500665055663
2011-03-20 02:00:00,7.615148505766653
2011-03-20 03:00:00,0
2011-03-20 04:00:00,0
2011-03-20 05:00:00,0
2011-03-20 06:00:00,0
2011-03-20 07:00:00,0
2011-03-20 08:00:00,6.2297948764471425
2011-03-20 09:00:00,56.39541708860168
2011-03-20 10:00:00,124.8430460299454
2011-03-20 11:00:00,155.57347446422958
2011-03-20 12:00:00,218.14991133345364
2011-03-20 13:00:00,215.8224911903343
2011-03-20 14:00:00,220.21648132920032
2011-03-20 15:00:00,211.62542187266683
2011-03-20 16:00:00,203.99534455036593
2011-03-20 17:00:00,149.7963213113329
2011-03-20 18:00:00,96.15446330781987
2011-03-20 19:00:00,73.22142589790046
2011-03-20 20:00:00,54.19856001769666
2011-03-20 21:00:00,27.248460213892987
2011-03-20 22:00:00,13.309305236624084
2011-03-20 23:00:00,0
2011-03-21 00:00:00,0
2011-03-21 01:00:00,0.11482202812274522
2011-03-21 02:00:00,0
2011-03-21 03:00:00,0
2011-03-21 05:00:00,11.631341431021884
2011-03-21 06:00:00,40.82676184955771
2011-03-21 07:00:00,71.04864377794054
2011-03-21 08:00:00,255.04577194818086
2011-03-21 09:00:00,138.64669417337072
2011-03-21 10:00:00,76.48672269947355
2011-03-21 11:00:00,99.16379956119636
2011-03-21 12:00:00,101.48898887368442
2011-03-21 13:00:00,137.62152400005112
2011-03-21 14:00:00,131.02296758795418
2011-03-21 15:00:00,161.26474499631675
2011-03-21 16:00:00,192.82953651521376
2011-03-21 17:00:00,452.498110519827
2011-03-21 18:00:00,382.01288524826356
2011-03-21 19:00:00,352.84811444370445
2011-03-21 20:00:00,251.6372335496669
2011-03-21 21:00:00,124.71765351755734
2011-03-21 22:00:00,95.80054840153677
2011-03-21 23:00:00,56.88507498260111
2011-03-22 00:00:00,24.007531076855468
2011-03-22 01:00:00,0.7785266601375004
2011-03-22 02:00:00,0
2011-03-22 03:00:00,2.801466292020915
2011-03-22 04:00:00,0
2011-03-22 05:00:00,14.599467147811609
2011-03-22 06:00:00,81.97997030326873
2011-03-22 07:00:00,227.39803933947348
2011-03-22 08:00:00,346.5136714172405
2011-03-22 09:00:00,158.2206089060079
2011-03-22 10:00:00,80.43208537385414
2011-03-22 11:00:00,100.02527589953243
2011-03-22 12:00:00,130.27201011996988
2011-03-22 13:00:00,154.07920819852205
2011-03-22 14:00:00,135.2599002812243
2011-03-22 15:00:00,144.63599670948906
2011-03-22 16:00:00,217.69719836788056
2011-03-22 17:00:00,446.27791687840306
2011-03-22 18:00:00,405.4947778943044
2011-03-22 19:00:00,244.43683295350908
2011-03-22 20:00:00,143.408343153289
2011-03-22 21:00:00,108.74319318023448
2011-03-22 22:00:00,76.23895991869533
2011-03-22 23:00:00,46.13699310404839
2011-03-23 00:00:00,0
2011-03-23 01:00:00,14.649825545345452
2011-03-23 02:00:00,19.17627490056498
2011-03-23 03:00:00,0
2011-03-23 05:00:00,26.54042781884896
2011-03-23 06:00:00,45.03329154272227
2011-03-23 07:00:00,158.3602001738697
2011-03-23 08:00:00,315.3686869901228
2011-03-23 09:00:00,158.08003505637146
2011-03-23 10:00:00,56.27854211949402
2011-03-23 11:00:00,43.91692893068922
2011-03-23 12:00:00,58.014784030025375
2011-03-23 13:00:00,38.09858907416789
2011-03-23 14:00:00,73.5566111696641
2011-03-23 15:00:00,80.92012274702894
2011-03-23 16:00:00,126.07889940987616
2011-03-23 17:00:00,275.473833187573
2011-03-23 18:00:00,164.03732384350928
2011-03-23 19:00:00,125.87372896504431
2011-03-23 20:00:00,0
2011-03-23 21:00:00,20.860852697649744
2011-03-23 22:00:00,53.426608808994374
2011-03-23 23:00:00,20.47971663168291
2011-03-24 00:00:00,0
2011-03-24 01:00:00,3.0733415113329166
2011-03-24 02:00:00,1.472266237189325
2011-03-24 03:00:00,0
2011-03-24 04:00:00,0
2011-03-24 05:00:00,15.226303651018249
2011-03-24 06:00:00,62.07007459934835
2011-03-24 07:00:00,82.73867724145293
2011-03-24 08:00:00,196.01007479620154
2011-03-24 09:00:00,147.0007272513406
2011-03-24 10:00:00,60.08381085514538
2011-03-24 11:00:00,54.00689089837854
2011-03-24 12:00:00,100.01773410943758
2011-03-24 13:00:00,86.88023697223888
2011-03-24 14:00:00,77.14695418363453
2011-03-24 15:00:00,76.26722323988149
2011-03-24 16:00:00,116.59734600655598
2011-03-24 17:00:00,252.03171912659263
2011-03-24 18:00:00,227.39784557578255
2011-03-24 19:00:00,184.97341593019874
2011-03-24 20:00:00,118.75733893347746
2011-03-24 21:00:00,100.35207735336857
2011-03-24 22:00:00,77.79680199405402
2011-03-24 23:00:00,48.40753605473374
2011-03-25 00:00:00,5.277847603405547
2011-03-25 01:00:00,7.871311702564665
2011-03-25 02:00:00,0
2011-03-25 03:00:00,0
2011-03-25 04:00:00,0.5453221996267954
2011-03-25 05:00:00,12.40764627510622
2011-03-25 06:00:00,50.70344342627387
2011-03-25 07:00:00,121.76270371211915
2011-03-25 08:00:00,266.8848325989303
2011-03-25 09:00:00,165.43466621321562
2011-03-25 10:00:00,91.98306084431148
2011-03-25 11:00:00,97.85972796198618
2011-03-25 12:00:00,126.64622634017594
2011-03-25 13:00:00,142.95388693882126
2011-03-25 14:00:00,148.0987542178969
2011-03-25 15:00:00,140.18872009591269
2011-03-25 16:00:00,171.65659456828186
2011-03-25 17:00:00,300.71651858634755
2011-03-25 18:00:00,211.03903403782564
2011-03-25 19:00:00,175.97166538628596
2011-03-25 20:00:00,85.98836001727935
2011-03-25 21:00:00,67.09725220070312
2011-03-25 22:00:00,72.93140787382742
2011-03-25 23:00:00,63.933300180570114
2011-03-26 00:00:00,27.491074695735563
2011-03-26 01:00:00,13.861276450271003
2011-03-26 02:00:00,7.90342372568554
2011-03-26 03:00:00,0
2011-03-26 04:00:00,0
2011-03-26 05:00:00,0
2011-03-26 06:00:00,0
2011-03-26 07:00:00,0
2011-03-26 08:00:00,56.69923409978068
2011-03-26 09:00:00,97.24836044241789
2011-03-26 10:00:00,149.72378071115727
2011-03-26 11:00:00,157.60132686734312
2011-03-26 12:00:00,216.734240114337
2011-03-26 13:00:00,229.78827346736406
2011-03-26 14:00:00,219.45857464770737
2011-03-26 15:00:00,229.1951939094004
2011-03-26 16:00:00,217.74531674290154
2011-03-26 17:00:00,191.08656855529375
2011-03-26 18:00:00,155.40459123067623
2011-03-26 19:00:00,118.25872476536611
2011-03-26 20:00:00,72.12562473131072
2011-03-26 21:00:00,58.45931254807889
2011-03-26 22:00:00,65.03108580818005
2011-03-26 23:00:00,46.67356279290705
2011-03-27 00:00:00,38.94360712274428
2011-03-27 01:00:00,30.940426398086572
2011-03-27 02:00:00,49.819586936366754
2011-03-27 03:00:00,22.783243028052386
2011-03-27 04:00:00,15.160944842059624
2011-03-27 06:00:00,0
2011-03-27 07:00:00,0
2011-03-27 08:00:00,50.42007139485767
2011-03-27 09:00:00,86.30052606393077
2011-03-27 10:00:00,152.21483499678484
2011-03-27 11:00:00,163.07936365586212
2011-03-27 12:00:00,213.63950451831556
2011-03-27 13:00:00,221.38243978884452
2011-03-27 14:00:00,212.94877369343396
2011-03-27 15:00:00,210.10452249548493
2011-03-27 16:00:00,212.06392891155534
2011-03-27 17:00:00,195.6897823228064
2011-03-27 18:00:00,152.57710148986735
2011-03-27 19:00:00,123.32804191372713
2011-03-27 20:00:00,90.13608084983713
2011-03-27 21:00:00,62.97157008738314
2011-03-27 22:00:00,51.95799725943437
2011-03-27 23:00:00,25.519542830787252
2011-03-28 00:00:00,0
2011-03-28 01:00:00,0
2011-03-28 02:00:00,0
2011-03-28 03:00:00,0
2011-03-28 05:00:00,2.9720443131589005
2011-03-28 06:00:00,46.0660999730736
2011-03-28 07:00:00,137.3495318772059
2011-03-28 08:00:00,245.02505577198534
2011-03-28 09:00:00,138.10918694876088
2011-03-28 10:00:00,65.65719733568216
2011-03-28 11:00:00,54.61304785037398
2011-03-28 12:00:00,80.27582286395483
2011-03-28 13:00:00,82.37953684274406
2011-03-28 14:00:00,94.91784961860961
2011-03-28 15:00:00,80.0507485884598
2011-03-28 16:00:00,140.64621335103936
2011-03-28 17:00:00,314.0039892221841
2011-03-28 18:00:00,255.72254294013035
2011-03-28 19:00:00,210.8166261341585
2011-03-28 20:00:00,115.6006858123189
2011-03-28 21:00:00,92.20974024847212
2011-03-28 22:00:00,63.81952899219594
2011-03-28 23:00:00,16.92237424298142
2011-03-29 00:00:00,0
2011-03-29 01:00:00,1.2047075135870937
2011-03-29 02:00:00,0
2011-03-29 03:00:00,0
2011-03-29 04:00:00,0
2011-03-29 05:00:00,11.139695275368076
2011-03-29 06:00:00,51.28891538431505
2011-03-29 07:00:00,146.6960809700162
2011-03-29 08:00:00,267.62678044246894
2011-03-29 09:00:00,151.78532264224583
2011-03-29 10:00:00,74.91744525441841
2011-03-29 11:00:00,71.83358243101742
2011-03-29 12:00:00,106.95006589152922
2011-03-29 13:00:00,111.80728318145978
2011-03-29 14:00:00,101.16569938524958
2011-03-29 15:00:00,120.07225459008347
2011-03-29 16:00:00,168.86044800423053
2011-03-29 17:00:00,366.4193020628078
2011-03-29 18:00:00,324.33912064201365
2011-03-29 19:00:00,214.83656848569058
2011-03-29 20:00:00,152.86390717344855
2011-03-29 21:00:00,99.92551755790774
2011-03-29 22:00:00,79.82245951245524
2011-03-29 23:00:00,32.43345289875181
2011-03-30 00:00:00,0
2011-03-30 01:00:00,0
2011-03-30 02:00:00,0
2011-03-30 03:00:00,0
2011-03-30 04:00:00,0
2011-03-30 05:00:00,8.133466680348903
2011-03-30 06:00:00,56.473418234891234
2011-03-30 07:00:00,154.09032281753065
2011-03-30 08:00:00,330.04823572607046
2011-03-30 09:00:00,151.35659104068742
2011-03-30 10:00:00,64.2086970720088
2011-03-30 11:00:00,59.55298280793858
2011-03-30 12:00:00,89.68984496939318
2011-03-30 13:00:00,86.45255072740542
2011-03-30 14:00:00,72.76362777028073
2011-03-30 15:00:00,29.308609068963452
2011-03-30 16:00:00,7.587567024067667
2011-03-30 17:00:00,112.64965800833734
2011-03-30 18:00:00,86.98245558644253
2011-03-30 19:00:00,136.013726977662
2011-03-30 20:00:00,31.350096788524862
2011-03-30 21:00:00,58.66672077018828
2011-03-30 22:00:00,44.24828852092965
2011-03-30 23:00:00,15.07490821827853
2011-03-31 00:00:00,1.5798649229690098
2011-03-31 01:00:00,38.10910936776603
2011-03-31 02:00:00,41.46129289427643
2011-03-31 03:00:00,43.19828093641856
2011-03-31 04:00:00,28.716761396090593
2011-03-31 05:00:00,49.45084930002688
2011-03-31 06:00:00,54.14004250718232
2011-03-31 07:00:00,85.26534226309649
2011-03-31 08:00:00,256.6069443392871
2011-03-31 09:00:00,109.53806755007611
2011-03-31 10:00:00,53.338362037277115
2011-03-31 11:00:00,49.550235801059166
2011-03-31 12:00:00,58.525380848101854
2011-03-31 13:00:00,72.43005310103503
2011-03-31 14:00:00,61.61539340920425
2011-03-31 15:00:00,33.513440548385006
2011-03-31 16:00:00,86.3831295755816
2011-03-31 17:00:00,177.13054560327754
2011-03-31 18:00:00,147.94098467455976
2011-03-31 19:00:00,159.25600306225775
2011-03-31 20:00:00,59.99411066408017
2011-03-31 21:00:00,87.18682692634968
2011-03-31 22:00:00,53.116638641271685
2011-03-31 23:00:00,55.268608970853975
2011-04-20 00:00:00,18.4028013337071
2011-04-20 01:00:00,0
2011-04-20 02:00:00,0
2011-04-20 03:00:00,0
2011-04-20 04:00:00,2.4293477582788996
2011-04-20 05:00:00,6.05217750549618
2011-04-20 06:00:00,72.58628148348734
2011-04-20 07:00:00,241.6623172947345
2011-04-20 08:00:00,431.2560516886696
2011-04-20 09:00:00,217.43523775839705
2011-04-20 10:00:00,134.28839547359266
2011-04-20 11:00:00,147.95427216102118
2011-04-20 12:00:00,205.28918499187347
2011-04-20 13:00:00,192.20405027406926
2011-04-20 14:00:00,163.9240004510204
2011-04-20 15:00:00,179.93561192918938
2011-04-20 16:00:00,264.22960029165944
2011-04-20 17:00:00,509.4017511759668
2011-04-20 18:00:00,486.45706558335746
2011-04-20 19:00:00,385.1581567822326
2011-04-20 20:00:00,291.7864860700513
2011-04-20 21:00:00,213.4446182331435
2011-04-20 22:00:00,163.5273968092937
2011-04-20 23:00:00,97.42977384491059
2011-04-21 00:00:00,71.18570267879547
2011-04-21 01:00:00,18.575453853162706
2011-04-21 02:00:00,10.548236091577861
2011-04-21 03:00:00,0
2011-04-21 04:00:00,0
2011-04-21 05:00:00,0
2011-04-21 06:00:00,42.59396693551556
2011-04-21 07:00:00,200.10653271239846
2011-04-21 08:00:00,345.7801381509842
2011-04-21 09:00:00,178.76638476004376
2011-04-21 10:00:00,97.40665370906231
2011-04-21 11:00:00,110.51801526552165
2011-04-21 12:00:00,151.82142685555706
2011-04-21 13:00:00,145.15951969914164
2011-04-21 14:00:00,156.61593564704083
2011-04-21 15:00:00,161.53672031892327
2011-04-21 16:00:00,224.49846219155418
2011-04-21 17:00:00,440.55634736976407
2011-04-21 18:00:00,366.29226038878613
2011-04-21 19:00:00,269.47500446422566
2011-04-21 20:00:00,194.8153653421815
2011-04-21 21:00:00,139.94913935986642
2011-04-21 22:00:00,109.08973731395209
2011-04-21 23:00:00,83.08514839990131
2011-04-22 00:00:00,20.410827839808974
2011-04-22 01:00:00,14.956226775183376
2011-04-22 02:00:00,12.308591542314925
2011-04-22 03:00:00,5.446829531138043
2011-04-22 04:00:00,2.893711173946751
2011-04-22 05:00:00,20.30847949290278
2011-04-22 06:00:00,60.223260063177264
2011-04-22 07:00:00,130.2888323466058
2011-04-22 08:00:00,324.58530078793666
2011-04-22 09:00:00,127.49387376724226
2011-04-22 10:00:00,94.78143521716257
2011-04-22 11:00:00,80.77056763680619
2011-04-22 12:00:00,78.2844461089696
2011-04-22 13:00:00,82.11424265679037
2011-04-22 14:00:00,58.70698898730083
2011-04-22 15:00:00,74.74293703892279
2011-04-22 16:00:00,66.92945571971558
2011-04-22 17:00:00,124.84722262486072
2011-04-22 18:00:00,72.26414694320803
2011-04-22 19:00:00,90.59181864838591
2011-04-22 20:00:00,41.064981999229026
2011-04-22 21:00:00,49.26122992616593
2011-04-22 22:00:00,58.36010393876683
2011-04-22 23:00:00,61.26045206410883
2011-04-23 00:00:00,32.63490363429407
2011-04-23 01:00:00,26.004153890213185
2011-04-23 02:00:00,26.320376108646435
2011-04-23 03:00:00,0.6425972437054508
2011-04-23 04:00:00,6.499551098930812
2011-04-23 05:00:00,0
2011-04-23 06:00:00,0
2011-04-23 07:00:00,0
2011-04-23 08:00:00,45.109928418485865
2011-04-23 09:00:00,92.07340243112507
2011-04-23 10:00:00,180.1130040831193
2011-04-23 11:00:00,217.55523234958952
2011-04-23 12:00:00,270.85526632437586
2011-04-23 13:00:00,273.7705901077806
2011-04-23 14:00:00,322.7803386658371
2011-04-23 15:00:00,354.3498827654679
2011-04-23 16:00:00,360.55469060420535
2011-04-23 17:00:00,350.9646187257216
2011-04-23 18:00:00,281.882784876616
2011-04-23 19:00:00,216.51609191875482
2011-04-23 20:00:00,120.3239122538958
2011-04-23 21:00:00,139.9417761147425
2011-04-23 22:00:00,127.59864050403975
2011-04-23 23:00:00,84.14486444711576
2011-04-24 00:00:00,77.81738146200932
2011-04-24 01:00:00,56.73498970084622
2011-04-24 02:00:00,45.57036076607814
2011-04-24 03:00:00,5.956727710160463
2011-04-24 04:00:00,0
2011-04-24 05:00:00,0
2011-04-24 06:00:00,1.111575798055234
2011-04-24 07:00:00,18.240371224637727
2011-04-24 08:00:00,99.07553054440142
2011-04-24 09:00:00,156.34555906501276
2011-04-24 10:00:00,270.9444765168595
2011-04-24 11:00:00,339.30839678210367
2011-04-24 12:00:00,379.77415179277955
2011-04-24 13:00:00,386.7193287827761
2011-04-24 14:00:00,367.5578178776258
2011-04-24 15:00:00,369.2945552704083
2011-04-24 16:00:00,379.66415211652065
2011-04-24 17:00:00,380.9368710065198
2011-04-24 18:00:00,305.31036463836637
2011-04-24 19:00:00,191.4050514112938
2011-04-24 20:00:00,124.38520823245562
2011-04-24 21:00:00,88.70094732410695
2011-04-24 22:00:00,57.9702011322552
2011-04-24 23:00:00,29.778522687382917
2011-04-25 00:00:00,0
2011-04-25 01:00:00,0
2011-04-25 02:00:00,0
2011-04-25 03:00:00,0
2011-04-25 04:00:00,0
2011-04-25 05:00:00,0
2011-04-25 06:00:00,66.31145830937704
2011-04-25 07:00:00,207.92863511292637
2011-04-25 08:00:00,368.0460563816454
2011-04-25 09:00:00,200.0086172222919
2011-04-25 10:00:00,123.2878863585334
2011-04-25 11:00:00,140.17810902368618
2011-04-25 12:00:00,169.47372810402285
2011-04-25 13:00:00,179.76725238783823
2011-04-25 14:00:00,162.38508310375698
2011-04-25 15:00:00,171.28625700195897
2011-04-25 16:00:00,273.0952022948326
2011-04-25 17:00:00,525.7094385591857
2011-04-25 18:00:00,487.58203530681834
2011-04-25 19:00:00,364.2596488370343
2011-04-25 20:00:00,272.5750451395359
2011-04-25 21:00:00,187.9345553003558
2011-04-25 22:00:00,132.83791619204126
2011-04-25 23:00:00,80.63401904505938
2011-04-26 00:00:00,56.40987176575602
2011-04-26 01:00:00,22.730765168337314
2011-04-26 02:00:00,22.842568749426132
2011-04-26 03:00:00,0
2011-04-26 04:00:00,17.330999820884077
2011-04-26 05:00:00,11.895258670565841
2011-04-26 06:00:00,113.38363484989839
2011-04-26 07:00:00,297.96035658725015
2011-04-26 08:00:00,407.1563049520997
2011-04-26 09:00:00,211.557495060501
2011-04-26 10:00:00,131.9732411526956
2011-04-26 11:00:00,151.19782730448136
2011-04-26 12:00:00,195.60735630583855
2011-04-26 13:00:00,167.38391598960987
2011-04-26 14:00:00,170.38850441541854
2011-04-26 15:00:00,182.58557580549237
2011-04-26 16:00:00,283.4892206395823
2011-04-26 17:00:00,537.4232851576432
2011-04-26 18:00:00,476.71111056947507
2011-04-26 19:00:00,342.7724638132082
2011-04-26 20:00:00,263.58262916883746
2011-04-26 21:00:00,200.13487958538528
2011-04-26 22:00:00,130.7095946693235
2011-04-26 23:00:00,78.35237261554082
2011-04-27 00:00:00,54.83595932855632
2011-04-27 01:00:00,24.388876132519204
2011-04-27 02:00:00,9.820610940215508
2011-04-27 03:00:00,0
2011-04-27 04:00:00,12.867529370447507
2011-04-27 05:00:00,15.707699086529932
2011-04-27 06:00:00,102.28043309510348
2011-04-27 07:00:00,264.5284307921983
2011-04-27 08:00:00,397.0448901506103
2011-04-27 09:00:00,191.4703803122978
2011-04-27 10:00:00,112.0148804224221
2011-04-27 11:00:00,125.21180361705547
2011-04-27 12:00:00,178.35053936599087
2011-04-27 13:00:00,157.1005506270538
2011-04-27 14:00:00,164.12588507766793
2011-04-27 15:00:00,161.76575602921702
2011-04-27 16:00:00,263.79263614440924
2011-04-27 17:00:00,301.91826814938037
2011-04-27 18:00:00,288.6789969483321
2011-04-27 19:00:00,345.928094853762
2011-04-27 20:00:00,229.44750212684792
2011-04-27 21:00:00,186.5266222859671
2011-04-27 22:00:00,121.55568430933354
2011-04-27 23:00:00,74.30392648594422
2011-04-28 00:00:00,52.66724374715593
2011-04-28 01:00:00,12.397194717328807
2011-04-28 02:00:00,0
2011-04-28 03:00:00,5.905286435708563
2011-04-28 04:00:00,5.59188378076073
2011-04-28 05:00:00,25.582647150189196
2011-04-28 06:00:00,86.43848121177281
2011-04-28 07:00:00,261.6997217349549
2011-04-28 08:00:00,405.0423766527897
2011-04-28 09:00:00,150.1261488176605
2011-04-28 10:00:00,106.60840087993759
2011-04-28 11:00:00,115.96900279311718
2011-04-28 12:00:00,165.1847494364545
2011-04-28 13:00:00,140.2048633903035
2011-04-28 14:00:00,146.6795926643614
2011-04-28 15:00:00,179.01657830558844
2011-04-28 16:00:00,265.20017822741005
2011-04-28 17:00:00,515.8108030721689
2011-04-28 18:00:00,467.11060551133687
2011-04-28 19:00:00,356.9280171067008
2011-04-28 20:00:00,269.20270407291235
2011-04-28 21:00:00,212.42913212265913
2011-04-28 22:00:00,147.14945370993436
2011-04-28 23:00:00,104.19909420811094
2011-04-29 00:00:00,55.20741805490947
2011-04-29 01:00:00,32.72337607025152
2011-04-29 02:00:00,15.43729716209039
2011-04-29 03:00:00,10.990782961587394
2011-04-29 04:00:00,16.356988562142767
2011-04-29 05:00:00,30.35451313026181
2011-04-29 06:00:00,89.77851765439718
2011-04-29 07:00:00,259.1005449425008
2011-04-29 08:00:00,407.71681836498664
2011-04-29 09:00:00,223.9891804951335
2011-04-29 10:00:00,162.2540479522325
2011-04-29 11:00:00,193.3451985814064
2011-04-29 12:00:00,238.3922878343511
2011-04-29 13:00:00,251.15480026089875
2011-04-29 14:00:00,236.66109905061225
2011-04-29 15:00:00,229.34119129232178
2011-04-29 16:00:00,264.7304161656001
2011-04-29 17:00:00,431.82251143209584
2011-04-29 18:00:00,340.6488362397533
2011-04-29 19:00:00,234.5140999999347
2011-04-29 20:00:00,167.1114810832271
2011-04-29 21:00:00,128.24686306567804
2011-04-29 22:00:00,117.79902723199996
2011-04-29 23:00:00,97.89440342579155
2011-04-30 00:00:00,54.711433232439134
2011-04-30 01:00:00,34.85383599886416
2011-04-30 02:00:00,21.437505039877266
2011-04-30 03:00:00,0
2011-04-30 04:00:00,0
2011-04-30 05:00:00,0
2011-04-30 06:00:00,10.13782558792166
2011-04-30 07:00:00,28.842446706648193
2011-04-30 08:00:00,90.54786197942752
2011-04-30 09:00:00,125.81557962378466
2011-04-30 10:00:00,221.91715600241542
2011-04-30 11:00:00,279.7546268024371
2011-04-30 12:00:00,312.6932324423426
2011-04-30 13:00:00,358.72137579514117
2011-04-30 14:00:00,351.0070702937976
2011-04-30 15:00:00,397.78068913674474
2011-04-30 16:00:00,397.0559383227292
2011-04-30 17:00:00,383.13384220663477
2011-04-30 18:00:00,299.43587232840173
2011-04-30 19:00:00,243.30770488018587
2011-04-30 20:00:00,118.95726744568142
2011-04-30 21:00:00,100.20594895489832
2011-04-30 22:00:00,94.23433221866807
2011-04-30 23:00:00,81.14456435308826
2011-05-20 00:00:00,29.182517930629704
2011-05-20 01:00:00,16.602090577963438
2011-05-20 02:00:00,9.80054359707736
2011-05-20 03:00:00,3.4238220973761697
2011-05-20 04:00:00,9.282471012037567
2011-05-20 05:00:00,14.7552084626465
2011-05-20 06:00:00,90.44743575407412
2011-05-20 07:00:00,273.9188096168889
2011-05-20 08:00:00,418.8143721838377
2011-05-20 09:00:00,224.7150353442225
2011-05-20 10:00:00,163.34139009985557
2011-05-20 11:00:00,182.56710286389918
2011-05-20 12:00:00,235.83513037455793
2011-05-20 13:00:00,202.94472806747837
2011-05-20 14:00:00,227.57898395444903
2011-05-20 15:00:00,230.61359080554098
2011-05-20 16:00:00,322.11415654138756
2011-05-20 17:00:00,496.57560694452275
2011-05-20 18:00:00,458.91445967674633
2011-05-20 19:00:00,328.1791025004291
2011-05-20 20:00:00,229.51607491076555
2011-05-20 21:00:00,193.78691530797997
2011-05-20 22:00:00,161.57554282835724
2011-05-20 23:00:00,123.68784665254137
2011-05-21 00:00:00,90.03455216053403
2011-05-21 01:00:00,58.07137465683097
2011-05-21 02:00:00,45.58390771428325
2011-05-21 03:00:00,3.6378155387988813
2011-05-21 04:00:00,1.7793690021529867
2011-05-21 05:00:00,0
2011-05-21 06:00:00,19.436005486115572
2011-05-21 07:00:00,55.56322521262656
2011-05-21 08:00:00,134.6184369516065
2011-05-21 09:00:00,200.5248562782655
2011-05-21 10:00:00,275.63177838690757
2011-05-21 11:00:00,338.89128565065715
2011-05-21 12:00:00,388.9626855646854
2011-05-21 13:00:00,393.0902396929371
2011-05-21 14:00:00,397.80124503347395
2011-05-21 15:00:00,402.8952557199614
2011-05-21 16:00:00,395.53427476062876
2011-05-21 17:00:00,395.58484393235085
2011-05-21 18:00:00,319.7423347756819
2011-05-21 19:00:00,316.1304186269011
2011-05-21 20:00:00,208.85264096102378
2011-05-21 21:00:00,183.49765187006238
2011-05-21 22:00:00,154.76672243604094
2011-05-21 23:00:00,126.75698403293947
2011-05-22 00:00:00,82.90583407507205
2011-05-22 01:00:00,55.229882491656106
2011-05-22 02:00:00,49.016739101673615
2011-05-22 03:00:00,4.611057693043497
2011-05-22 04:00:00,0
2011-05-22 05:00:00,0
2011-05-22 06:00:00,25.513795827521406
2011-05-22 07:00:00,38.173945936635725
2011-05-22 08:00:00,126.4910089169633
2011-05-22 09:00:00,176.15278893505067
2011-05-22 10:00:00,271.86840984182993
2011-05-22 11:00:00,342.11137225704704
2011-05-22 12:00:00,362.26034583812725
2011-05-22 13:00:00,373.3348963376451
2011-05-22 14:00:00,294.18531314970016
2011-05-22 15:00:00,350.9978221215912
2011-05-22 16:00:00,390.3568716136695
2011-05-22 17:00:00,382.533833603501
2011-05-22 18:00:00,318.3468955918823
2011-05-22 19:00:00,297.582349711
2011-05-22 20:00:00,205.9266931720494
2011-05-22 21:00:00,175.0466155982532
2011-05-22 22:00:00,121.68525302133179
2011-05-22 23:00:00,76.87268146149344
2011-05-23 00:00:00,22.539172583712215
2011-05-23 01:00:00,13.198557761864635
2011-05-23 02:00:00,34.78900759144907
2011-05-23 03:00:00,10.689814960002565
2011-05-23 04:00:00,0
2011-05-23 05:00:00,0
2011-05-23 06:00:00,52.80898425263709
2011-05-23 07:00:00,221.4724200488598
2011-05-23 08:00:00,359.7116693652382
2011-05-23 09:00:00,189.91444443048556
2011-05-23 10:00:00,118.28776445157776
2011-05-23 11:00:00,139.26097558997836
2011-05-23 12:00:00,188.2436234006749
2011-05-23 13:00:00,165.6976486759352
2011-05-23 14:00:00,134.95211515378634
2011-05-23 15:00:00,136.46102133454832
2011-05-23 16:00:00,250.7550303709819
2011-05-23 17:00:00,396.6425887003917
2011-05-23 18:00:00,481.23997521283206
2011-05-23 19:00:00,369.8018161289338
2011-05-23 20:00:00,222.09685437214262
2011-05-23 21:00:00,176.41346741727716
2011-05-23 22:00:00,107.00129763647058
2011-05-23 23:00:00,55.714037062520084
2011-05-24 00:00:00,0.2597881412500418
2011-05-24 01:00:00,0
2011-05-24 02:00:00,0
2011-05-24 03:00:00,0
2011-05-24 04:00:00,12.280666739488996
2011-05-24 05:00:00,7.560156208649104
2011-05-24 06:00:00,89.2134184049756
2011-05-24 07:00:00,191.7627275722138
2011-05-24 08:00:00,270.67423428862423
2011-05-24 09:00:00,210.3211930347557
2011-05-24 10:00:00,137.6047286148339
2011-05-24 11:00:00,148.18284193491735
2011-05-24 12:00:00,201.19458059149258
2011-05-24 13:00:00,173.82455223765652
2011-05-24 14:00:00,158.75017119435495
2011-05-24 15:00:00,145.62183888402882
2011-05-24 16:00:00,282.982811315987
2011-05-24 17:00:00,539.8610952158778
2011-05-24 18:00:00,546.6197686359005
2011-05-24 19:00:00,374.95016521135835
2011-05-24 20:00:00,292.5013691807203
2011-05-24 21:00:00,205.5864941164221
2011-05-24 22:00:00,110.13744454103391
2011-05-24 23:00:00,106.43661294726682
2011-05-25 00:00:00,30.28992862637336
2011-05-25 01:00:00,37.31079424684201
2011-05-25 02:00:00,0.5270078758286716
2011-05-25 03:00:00,0
2011-05-25 04:00:00,0
2011-05-25 05:00:00,41.125806950372066
2011-05-25 06:00:00,105.33377303480312
2011-05-25 07:00:00,323.7379566003013
2011-05-25 08:00:00,452.0965510246694
2011-05-25 09:00:00,216.628387798001
2011-05-25 10:00:00,140.18654496224866
2011-05-25 11:00:00,147.11579387699268
2011-05-25 12:00:00,198.55679376802922
2011-05-25 13:00:00,190.35732665850702
2011-05-25 14:00:00,172.147244005295
2011-05-25 15:00:00,186.02487780094268
2011-05-25 16:00:00,261.54022091987355
2011-05-25 17:00:00,529.5167871177555
2011-05-25 18:00:00,511.0204665288077
2011-05-25 19:00:00,387.4693743210107
2011-05-25 20:00:00,298.6022785528073
2011-05-25 21:00:00,211.33894879391107
2011-05-25 22:00:00,167.19600773060546
2011-05-25 23:00:00,109.12567957289852
2011-05-26 00:00:00,62.36955658914292
2011-05-26 01:00:00,26.281685396180773
2011-05-26 02:00:00,17.812440705198156
2011-05-26 03:00:00,15.564915319962203
2011-05-26 04:00:00,15.86290707297708
2011-05-26 05:00:00,29.162559846843163
2011-05-26 06:00:00,81.57291016942547
2011-05-26 07:00:00,248.02006769746265
2011-05-26 08:00:00,406.109661924724
2011-05-26 09:00:00,221.9493792906966
2011-05-26 10:00:00,124.00054904239576
2011-05-26 11:00:00,139.28747177900607
2011-05-26 12:00:00,190.08543274140433
2011-05-26 13:00:00,188.69802354801266
2011-05-26 14:00:00,164.83092383807858
2011-05-26 15:00:00,163.48515086918383
2011-05-26 16:00:00,258.6707885552536
2011-05-26 17:00:00,513.076972166436
2011-05-26 18:00:00,470.4492845011541
2011-05-26 19:00:00,346.0867855956582
2011-05-26 20:00:00,300.2364901941314
2011-05-26 21:00:00,217.221576029552
2011-05-26 22:00:00,175.36211435819152
2011-05-26 23:00:00,111.33556446191974
2011-05-27 00:00:00,76.48807646032157
2011-05-27 01:00:00,38.099252156458775
2011-05-27 02:00:00,31.434721306103853
2011-05-27 03:00:00,26.033517698277667
2011-05-27 04:00:00,24.55224815084833
2011-05-27 05:00:00,43.109494980787105
2011-05-27 06:00:00,114.73322749262375
2011-05-27 07:00:00,296.9333248487587
2011-05-27 08:00:00,440.6095737072676
2011-05-27 09:00:00,237.8577718427787
2011-05-27 10:00:00,155.71781857286462
2011-05-27 11:00:00,179.36289039381282
2011-05-27 12:00:00,235.20035233263962
2011-05-27 13:00:00,234.6918549379434
2011-05-27 14:00:00,223.55383595917448
2011-05-27 15:00:00,225.02041047033532
2011-05-27 16:00:00,323.9938279764746
2011-05-27 17:00:00,491.6008500416009
2011-05-27 18:00:00,426.10994948658384
2011-05-27 19:00:00,254.15722435179154
2011-05-27 20:00:00,223.70772782729588
2011-05-27 21:00:00,184.74321773689138
2011-05-27 22:00:00,179.0511806987002
2011-05-27 23:00:00,130.310251611896
2011-05-28 00:00:00,98.99237941759395
2011-05-28 01:00:00,66.83037772693618
2011-05-28 02:00:00,48.862091498211825
2011-05-28 03:00:00,31.56830817785412
2011-05-28 04:00:00,9.184220125706215
2011-05-28 05:00:00,14.151925490401194
2011-05-28 06:00:00,42.26798852462019
2011-05-28 07:00:00,51.64695113588593
2011-05-28 08:00:00,133.53491643522838
2011-05-28 09:00:00,193.89003877796978
2011-05-28 10:00:00,280.56774645318393
2011-05-28 11:00:00,336.60024999204654
2011-05-28 12:00:00,368.4982744907196
2011-05-28 13:00:00,377.73960523407015
2011-05-28 14:00:00,371.94380044502395
2011-05-28 15:00:00,393.61558788435286
2011-05-28 16:00:00,385.93924531560873
2011-05-28 17:00:00,390.89060576919826
2011-05-28 18:00:00,332.6007888003059
2011-05-28 19:00:00,309.7460630990737
2011-05-28 20:00:00,236.23440816204217
2011-05-28 21:00:00,181.32879547386784
2011-05-28 22:00:00,161.64052595980056
2011-05-28 23:00:00,124.6819076878922
2011-05-29 00:00:00,109.67469745739182
2011-05-29 01:00:00,76.31332508667009
2011-05-29 02:00:00,52.65867767988371
2011-05-29 03:00:00,26.1000309897332
2011-05-29 04:00:00,11.29870586345709
2011-05-29 05:00:00,0
2011-05-29 06:00:00,33.01587954370498
2011-05-29 07:00:00,38.7072292662191
2011-05-29 08:00:00,91.90926886929711
2011-05-29 09:00:00,128.4531940486142
2011-05-29 10:00:00,249.91883312541336
2011-05-29 11:00:00,293.56426267559294
2011-05-29 12:00:00,340.8089177293439
2011-05-29 13:00:00,358.41711495249956
2011-05-29 14:00:00,340.5447314272982
2011-05-29 15:00:00,354.3928608378404
2011-05-29 16:00:00,364.77822054021283
2011-05-29 17:00:00,360.5447426016058
2011-05-29 18:00:00,299.0124114003529
2011-05-29 19:00:00,286.18253285359543
2011-05-29 20:00:00,206.72608977731414
2011-05-29 21:00:00,179.96637306683022
2011-05-29 22:00:00,126.4099116836606
2011-05-29 23:00:00,91.30892087466489
2011-05-30 00:00:00,45.909777617020204
2011-05-30 01:00:00,15.030786863149384
2011-05-30 02:00:00,0
2011-05-30 03:00:00,0
2011-05-30 04:00:00,0
2011-05-30 05:00:00,0
2011-05-30 06:00:00,17.766829934316732
2011-05-30 07:00:00,64.11578125665771
2011-05-30 08:00:00,185.29232580217592
2011-05-30 09:00:00,178.02693229732205
2011-05-30 10:00:00,255.68255111032454
2011-05-30 11:00:00,310.61589958326914
2011-05-30 12:00:00,339.269270134596
2011-05-30 13:00:00,315.88808594175293
2011-05-30 14:00:00,301.534272130622
2011-05-30 15:00:00,287.4435701505618
2011-05-30 16:00:00,316.7830322313855
2011-05-30 17:00:00,414.8586525248673
2011-05-30 18:00:00,368.5617831545745
2011-05-30 19:00:00,218.3495675084451
2011-05-30 20:00:00,263.63500461386275
2011-05-30 21:00:00,196.5095918217116
2011-05-30 22:00:00,127.51145035617444
2011-05-30 23:00:00,41.87210322279008
2011-05-31 00:00:00,47.7303239766584
2011-05-31 01:00:00,8.001575217551977
2011-05-31 02:00:00,0
2011-05-31 03:00:00,0
2011-05-31 04:00:00,9.023729823327285
2011-05-31 05:00:00,29.367228565167245
2011-05-31 06:00:00,124.98181154941491
2011-05-31 07:00:00,279.82028893211384
2011-05-31 08:00:00,411.7495761453231
2011-05-31 09:00:00,202.84780097742902
2011-05-31 10:00:00,116.91499643974967
2011-05-31 11:00:00,119.0647685248114
2011-05-31 12:00:00,165.10977558020468
2011-05-31 13:00:00,159.01295862834263
2011-05-31 14:00:00,137.23360600652788
2011-05-31 15:00:00,150.1266673520533
2011-05-31 16:00:00,243.00572994462001
2011-05-31 17:00:00,514.0202154064992
2011-05-31 18:00:00,524.067775282957
2011-05-31 19:00:00,374.5703537894831
2011-05-31 20:00:00,296.4338988809954
2011-05-31 21:00:00,225.97584251465426
2011-05-31 22:00:00,159.0398138308086
2011-05-31 23:00:00,91.64882982191176
2011-06-20 00:00:00,42.537308795014866
2011-06-20 01:00:00,7.524219350633482
2011-06-20 02:00:00,0
2011-06-20 03:00:00,19.273398072446984
2011-06-20 04:00:00,30.3261477585036
2011-06-20 05:00:00,51.71492546679192
2011-06-20 06:00:00,99.22026141765893
2011-06-20 07:00:00,162.5355249417893
2011-06-20 08:00:00,241.39813371782958
2011-06-20 09:00:00,198.45076747850607
2011-06-20 10:00:00,107.876273559291
2011-06-20 11:00:00,119.92918299498027
2011-06-20 12:00:00,172.9199363018976
2011-06-20 13:00:00,177.49136368441754
2011-06-20 14:00:00,168.27540233079793
2011-06-20 15:00:00,170.9541996660517
2011-06-20 16:00:00,280.6513717192218
2011-06-20 17:00:00,525.3369328274175
2011-06-20 18:00:00,513.3954451659417
2011-06-20 19:00:00,374.9112826050456
2011-06-20 20:00:00,277.84748429396166
2011-06-20 21:00:00,197.35811710298543
2011-06-20 22:00:00,126.35048975775109
2011-06-20 23:00:00,79.05790924197183
2011-06-21 00:00:00,49.75312246708421
2011-06-21 01:00:00,6.703013531382723
2011-06-21 02:00:00,3.918947410742984
2011-06-21 03:00:00,0
2011-06-21 04:00:00,0
2011-06-21 05:00:00,10.23144199657042
2011-06-21 06:00:00,89.37819151824972
2011-06-21 07:00:00,260.3615261561128
2011-06-21 08:00:00,387.5381446234683
2011-06-21 09:00:00,180.75217672346372
2011-06-21 10:00:00,105.58003329481744
2011-06-21 11:00:00,117.92931000145109
2011-06-21 12:00:00,156.1967726391228
2011-06-21 13:00:00,183.34443533743163
2011-06-21 14:00:00,171.9061655290144
2011-06-21 15:00:00,176.26920732651604
2011-06-21 16:00:00,286.7993045472576
2011-06-21 17:00:00,578.0025921690569
2011-06-21 18:00:00,505.54326614825715
2011-06-21 19:00:00,362.0904596499294
2011-06-21 20:00:00,215.17758193028197
2011-06-21 21:00:00,205.38732375931568
2011-06-21 22:00:00,152.6447680669851
2011-06-21 23:00:00,87.25261961950005
2011-06-22 00:00:00,48.7912929371885
2011-06-22 01:00:00,17.308123676729878
2011-06-22 02:00:00,8.275061399174419
2011-06-22 03:00:00,7.310197987946847
2011-06-22 04:00:00,3.621406248344596
2011-06-22 05:00:00,14.157989185800727
2011-06-22 06:00:00,105.60079519878458
2011-06-22 07:00:00,317.1572888119196
2011-06-22 08:00:00,438.4871922676772
2011-06-22 09:00:00,189.47519512421627
2011-06-22 10:00:00,119.03062433920593
2011-06-22 11:00:00,128.93256606972483
2011-06-22 12:00:00,183.8669998601901
2011-06-22 13:00:00,168.06363501787166
2011-06-22 14:00:00,169.3467999473139
2011-06-22 15:00:00,161.31450955020716
2011-06-22 16:00:00,250.05589315411422
2011-06-22 17:00:00,539.7083296923124
2011-06-22 18:00:00,492.0664623660015
2011-06-22 19:00:00,379.11755936815644
2011-06-22 20:00:00,292.90056747984323
2011-06-22 21:00:00,206.28228740276774
2011-06-22 22:00:00,152.2613188154048
2011-06-22 23:00:00,83.15208067634647
2011-06-23 00:00:00,27.832679664614446
2011-06-23 01:00:00,0
2011-06-23 02:00:00,0
2011-06-23 03:00:00,0
2011-06-23 04:00:00,0
2011-06-23 05:00:00,9.301229544376401
2011-06-23 06:00:00,96.47153562029591
2011-06-23 07:00:00,295.0919026589249
2011-06-23 08:00:00,397.5114413782847
2011-06-23 09:00:00,181.78890686247607
2011-06-23 10:00:00,121.7156997782034
2011-06-23 11:00:00,106.31321611553739
2011-06-23 12:00:00,188.95487258540243
2011-06-23 13:00:00,184.54373144240873
2011-06-23 14:00:00,160.72414020648452
2011-06-23 15:00:00,167.91711399699824
2011-06-23 16:00:00,279.20650155789315
2011-06-23 17:00:00,464.92625277833105
2011-06-23 18:00:00,486.339343377569
2011-06-23 19:00:00,359.557094368023
2011-06-23 20:00:00,275.09988424489575
2011-06-23 21:00:00,200.83149948178914
2011-06-23 22:00:00,147.97098140692938
2011-06-23 23:00:00,87.583135105181
2011-06-24 00:00:00,57.18078176312569
2011-06-24 01:00:00,16.04409029874812
2011-06-24 02:00:00,8.934363383509654
2011-06-24 03:00:00,0.9117685796367405
2011-06-24 04:00:00,0
2011-06-24 05:00:00,12.880576684745897
2011-06-24 06:00:00,95.50041240950479
2011-06-24 07:00:00,266.7279702878784
2011-06-24 08:00:00,422.99714668196566
2011-06-24 09:00:00,223.7658739172415
2011-06-24 10:00:00,143.80966323335258
2011-06-24 11:00:00,177.03089828747008
2011-06-24 12:00:00,226.05783750669536
2011-06-24 13:00:00,228.50478103437223
2011-06-24 14:00:00,209.10883382554357
2011-06-24 15:00:00,234.9197224897158
2011-06-24 16:00:00,326.35642879752766
2011-06-24 17:00:00,567.2593218474352
2011-06-24 18:00:00,493.1075970176228
2011-06-24 19:00:00,383.1683588846441
2011-06-24 20:00:00,288.517510417575
2011-06-24 21:00:00,213.9296464121517
2011-06-24 22:00:00,198.38873933082857
2011-06-24 23:00:00,144.26481181700768
2011-06-25 00:00:00,188.5631378990501
2011-06-25 01:00:00,136.3474114331813
2011-06-25 02:00:00,119.40248296398099
2011-06-25 03:00:00,73.92317548173938
2011-06-25 04:00:00,50.066977474592
2011-06-25 05:00:00,26.497437084717482
2011-06-25 06:00:00,71.06103074147336
2011-06-25 07:00:00,89.0611685946381
2011-06-25 08:00:00,181.1053303904965
2011-06-25 09:00:00,263.276148580515
2011-06-25 10:00:00,336.7908267187693
2011-06-25 11:00:00,395.11137916764545
2011-06-25 12:00:00,454.64538971937003
2011-06-25 13:00:00,458.3041010186928
2011-06-25 14:00:00,419.8506152985913
2011-06-25 15:00:00,426.61387842513653
2011-06-25 16:00:00,437.8561011231785
2011-06-25 17:00:00,433.6805209002663
2011-06-25 18:00:00,385.11907782456325
2011-06-25 19:00:00,351.9233713520308
2011-06-25 20:00:00,292.6320728167425
2011-06-25 21:00:00,229.38004493636618
2011-06-25 22:00:00,233.00272942985328
2011-06-25 23:00:00,184.50414643685718
2011-06-26 00:00:00,147.21170085245376
2011-06-26 01:00:00,111.85834819171427
2011-06-26 02:00:00,93.93259476237759
2011-06-26 03:00:00,44.427652007318926
2011-06-26 04:00:00,19.030759392391687
2011-06-26 05:00:00,22.170528941719745
2011-06-26 06:00:00,33.83228419591964
2011-06-26 07:00:00,53.63546455822925
2011-06-26 08:00:00,126.13726768083646
2011-06-26 09:00:00,201.77333875142034
2011-06-26 10:00:00,319.69401236980985
2011-06-26 11:00:00,378.3342596026657
2011-06-26 12:00:00,447.4080045582854
2011-06-26 13:00:00,441.44588937467574
2011-06-26 14:00:00,425.48003941005186
2011-06-26 15:00:00,429.40610912149026
2011-06-26 16:00:00,417.95509881557894
2011-06-26 17:00:00,391.08736831455127
2011-06-26 18:00:00,340.94409097895027
2011-06-26 19:00:00,308.79272591529343
2011-06-26 20:00:00,253.70594627905484
2011-06-26 21:00:00,190.59401960926448
2011-06-26 22:00:00,169.52738530021264
2011-06-26 23:00:00,129.88957292034382
2011-06-27 00:00:00,22.35371077574587
2011-06-27 01:00:00,1.343029903978179
2011-06-27 02:00:00,19.56947048633996
2011-06-27 03:00:00,14.577794819893118
2011-06-27 04:00:00,0
2011-06-27 05:00:00,13.875953230877778
2011-06-27 06:00:00,94.028892270359
2011-06-27 07:00:00,282.96744145536525
2011-06-27 08:00:00,393.18045804088894
2011-06-27 09:00:00,201.39163775365324
2011-06-27 10:00:00,118.45988865440651
2011-06-27 11:00:00,143.9474253677111
2011-06-27 12:00:00,185.6813595017625
2011-06-27 13:00:00,180.32629187105243
2011-06-27 14:00:00,166.4809466363098
2011-06-27 15:00:00,172.17838752025875
2011-06-27 16:00:00,289.16421525530353
2011-06-27 17:00:00,568.0179206773928
2011-06-27 18:00:00,558.4364224125316
2011-06-27 19:00:00,406.22420406718703
2011-06-27 20:00:00,290.4082239016698
2011-06-27 21:00:00,208.46189503185275
2011-06-27 22:00:00,147.16487845739667
2011-06-27 23:00:00,84.03897611375476
2011-06-28 00:00:00,39.390076339834
2011-06-28 01:00:00,15.279737530636517
2011-06-28 02:00:00,6.006676683501008
2011-06-28 03:00:00,0.8206147787061502
2011-06-28 04:00:00,2.3437558931079923
2011-06-28 05:00:00,24.487965381541112
2011-06-28 06:00:00,107.60223818896742
2011-06-28 07:00:00,304.8616925823084
2011-06-28 08:00:00,403.5593223789184
2011-06-28 09:00:00,184.1166589068848
2011-06-28 10:00:00,129.48634092039754
2011-06-28 11:00:00,142.06614161065596
2011-06-28 12:00:00,182.66012652409088
2011-06-28 13:00:00,180.64500318178287
2011-06-28 14:00:00,145.75592445045535
2011-06-28 15:00:00,156.9369626680358
2011-06-28 16:00:00,271.35449587540177
2011-06-28 17:00:00,475.93174956287857
2011-06-28 18:00:00,491.9469905397313
2011-06-28 19:00:00,378.6965395151926
2011-06-28 20:00:00,309.26110030133754
2011-06-28 21:00:00,226.17253845132532
2011-06-28 22:00:00,164.60344210007648
2011-06-28 23:00:00,97.77503624458987
2011-06-29 00:00:00,43.886835462332535
2011-06-29 01:00:00,15.823062172238442
2011-06-29 02:00:00,1.8359136749351648
2011-06-29 03:00:00,0
2011-06-29 04:00:00,0
2011-06-29 05:00:00,25.68594255049282
2011-06-29 06:00:00,116.89812616724211
2011-06-29 07:00:00,312.73993564220535
2011-06-29 08:00:00,473.2521410941144
2011-06-29 09:00:00,226.6600465317806
2011-06-29 10:00:00,147.11664027715875
2011-06-29 11:00:00,167.90149020638682
2011-06-29 12:00:00,214.8491945198909
2011-06-29 13:00:00,186.92886253764345
2011-06-29 14:00:00,166.12512964836395
2011-06-29 15:00:00,169.63563985047338
2011-06-29 16:00:00,265.6187216245512
2011-06-29 17:00:00,561.2967459879347
2011-06-29 18:00:00,525.7718472217891
2011-06-29 19:00:00,402.3455538984871
2011-06-29 20:00:00,328.1190241070308
2011-06-29 21:00:00,245.08371346486
2011-06-29 22:00:00,184.41968066721498
2011-06-29 23:00:00,116.30235514013691
2011-06-30 00:00:00,59.466354712737505
2011-06-30 01:00:00,18.889882533846095
2011-06-30 02:00:00,5.7426601325714195
2011-06-30 03:00:00,7.002089450689388
2011-06-30 04:00:00,21.203768561965315
2011-06-30 05:00:00,50.29410404162938
2011-06-30 06:00:00,116.143650502721
2011-06-30 07:00:00,306.9641858777095
2011-06-30 08:00:00,451.29596277989486
2011-06-30 09:00:00,216.6750887722915
2011-06-30 10:00:00,141.5787349495218
2011-06-30 11:00:00,171.37119811201185
2011-06-30 12:00:00,208.96322253427974
2011-06-30 13:00:00,202.97617535544384
2011-06-30 14:00:00,171.0115601173618
2011-06-30 15:00:00,198.64420354106122
2011-06-30 16:00:00,293.74322066276477
2011-06-30 17:00:00,577.2637095277756
2011-06-30 18:00:00,537.4112424684816
2011-06-30 19:00:00,405.4725258210984
2011-06-30 20:00:00,319.7242549595902
2011-06-30 21:00:00,236.8104593371204
2011-06-30 22:00:00,185.55435816005408
2011-06-30 23:00:00,111.15216856344763
2011-07-20 00:00:00,34.64157449883147
2011-07-20 01:00:00,2.052292408742054
2011-07-20 02:00:00,0
2011-07-20 03:00:00,0
2011-07-20 04:00:00,0
2011-07-20 05:00:00,13.707284649688313
2011-07-20 06:00:00,95.06415168493676
2011-07-20 07:00:00,292.6459748217748
2011-07-20 08:00:00,435.8496873957463
2011-07-20 09:00:00,188.9347023910866
2011-07-20 10:00:00,118.42757910885577
2011-07-20 11:00:00,126.66840730650793
2011-07-20 12:00:00,167.0220976216754
2011-07-20 13:00:00,161.4264393400411
2011-07-20 14:00:00,142.73643569330568
2011-07-20 15:00:00,151.6933752836715
2011-07-20 16:00:00,248.70446027244688
2011-07-20 17:00:00,513.885399889592
2011-07-20 18:00:00,510.1058432802252
2011-07-20 19:00:00,365.0428151201714
2011-07-20 20:00:00,269.32532393289125
2011-07-20 21:00:00,203.2112683085491
2011-07-20 22:00:00,152.31970298672212
2011-07-20 23:00:00,90.79689118836004
2011-07-21 00:00:00,31.714686508968924
2011-07-21 01:00:00,0
2011-07-21 02:00:00,0
2011-07-21 03:00:00,0
2011-07-21 04:00:00,0
2011-07-21 05:00:00,3.829822951300561
2011-07-21 06:00:00,90.40537301841123
2011-07-21 07:00:00,291.37197855019264
2011-07-21 08:00:00,390.9194419499388
2011-07-21 09:00:00,170.4629037443832
2011-07-21 10:00:00,93.0703534434563
2011-07-21 11:00:00,117.90353372551881
2011-07-21 12:00:00,146.78645060887817
2011-07-21 13:00:00,145.664156961838
2011-07-21 14:00:00,128.33874665146396
2011-07-21 15:00:00,138.26228211123248
2011-07-21 16:00:00,228.70466439755472
2011-07-21 17:00:00,470.4600874715561
2011-07-21 18:00:00,471.2813788877809
2011-07-21 19:00:00,344.4036970873078
2011-07-21 20:00:00,276.428581144755
2011-07-21 21:00:00,180.8196718391648
2011-07-21 22:00:00,143.97153317274916
2011-07-21 23:00:00,83.8297091196458
2011-07-22 00:00:00,42.615467600089445
2011-07-22 01:00:00,5.987020299402731
2011-07-22 02:00:00,0
2011-07-22 03:00:00,0
2011-07-22 04:00:00,0
2011-07-22 05:00:00,9.600835044002714
2011-07-22 06:00:00,94.37476528124046
2011-07-22 07:00:00,242.24535429773894
2011-07-22 08:00:00,395.3131673212722
2011-07-22 09:00:00,176.87561279910088
2011-07-22 10:00:00,85.36979429433016
2011-07-22 11:00:00,122.95692864362039
2011-07-22 12:00:00,127.25530519030784
2011-07-22 13:00:00,118.78118773663122
2011-07-22 14:00:00,105.00651293129235
2011-07-22 15:00:00,136.0864789359503
2011-07-22 16:00:00,255.93689480525967
2011-07-22 17:00:00,461.24962612449826
2011-07-22 18:00:00,435.78738785260975
2011-07-22 19:00:00,328.0151620453603
2011-07-22 20:00:00,251.471386221168
2011-07-22 21:00:00,183.9807004816302
2011-07-22 22:00:00,171.6919767841936
2011-07-22 23:00:00,114.68417982626738
2011-07-23 00:00:00,121.71826954569875
2011-07-23 01:00:00,92.58073481250081
2011-07-23 02:00:00,88.79255135265417
2011-07-23 03:00:00,49.02135531639705
2011-07-23 04:00:00,38.11878698331482
2011-07-23 05:00:00,33.976038796925295
2011-07-23 06:00:00,51.616844602376354
2011-07-23 07:00:00,67.4568379244023
2011-07-23 08:00:00,140.92504654337995
2011-07-23 09:00:00,215.91572663436398
2011-07-23 10:00:00,288.76562735706625
2011-07-23 11:00:00,295.138876153889
2011-07-23 12:00:00,301.98453537535784
2011-07-23 13:00:00,271.7830574432546
2011-07-23 14:00:00,289.46837034168203
2011-07-23 15:00:00,269.34762208848497
2011-07-23 16:00:00,266.03786434507697
2011-07-23 17:00:00,237.63834122148444
2011-07-23 18:00:00,250.43153173496248
2011-07-23 19:00:00,263.95026830481385
2011-07-23 20:00:00,237.7446406406582
2011-07-23 21:00:00,190.68756719455553
2011-07-23 22:00:00,178.2754639798082
2011-07-23 23:00:00,147.35010599864611
2011-07-24 00:00:00,127.60936967611133
2011-07-24 01:00:00,91.7303445558961
2011-07-24 02:00:00,69.99233685645633
2011-07-24 03:00:00,38.52619768973656
2011-07-24 04:00:00,26.447434175010283
2011-07-24 05:00:00,23.877229212987732
2011-07-24 06:00:00,26.384993162670924
2011-07-24 07:00:00,57.18853372804401
2011-07-24 08:00:00,102.57994423905075
2011-07-24 09:00:00,177.85798106303514
2011-07-24 10:00:00,273.3405722466993
2011-07-24 11:00:00,325.6665333348577
2011-07-24 12:00:00,334.0019905366794
2011-07-24 13:00:00,373.6739803324748
2011-07-24 14:00:00,358.217646899546
2011-07-24 15:00:00,314.2332567465773
2011-07-24 16:00:00,314.5447152506119
2011-07-24 17:00:00,290.91387570739363
2011-07-24 18:00:00,278.33676910602077
2011-07-24 19:00:00,284.5180778829506
2011-07-24 20:00:00,256.5577300902488
2011-07-24 21:00:00,185.39891898368035
2011-07-24 22:00:00,153.57131000952566
2011-07-24 23:00:00,103.5682012120951
2011-07-25 00:00:00,27.72730152252799
2011-07-25 01:00:00,0
2011-07-25 02:00:00,0
2011-07-25 03:00:00,0
2011-07-25 04:00:00,0
2011-07-25 05:00:00,1.8982897163485422
2011-07-25 06:00:00,84.88871597959644
2011-07-25 07:00:00,276.2507968847194
2011-07-25 08:00:00,377.7769191492192
2011-07-25 09:00:00,170.288969237625
2011-07-25 10:00:00,90.04145388259252
2011-07-25 11:00:00,109.41880878589988
2011-07-25 12:00:00,149.9297952000338
2011-07-25 13:00:00,129.54545367609123
2011-07-25 14:00:00,127.2406690012682
2011-07-25 15:00:00,130.3318919857728
2011-07-25 16:00:00,245.00387372662672
2011-07-25 17:00:00,497.48323788272205
2011-07-25 18:00:00,519.6609740762467
2011-07-25 19:00:00,371.27425842675916
2011-07-25 20:00:00,278.5510613722728
2011-07-25 21:00:00,182.52399539684228
2011-07-25 22:00:00,125.75004623378236
2011-07-25 23:00:00,61.50864421724247
2011-07-26 00:00:00,39.41776052199404
2011-07-26 01:00:00,6.305820025781625
2011-07-26 02:00:00,0
2011-07-26 03:00:00,0
2011-07-26 04:00:00,0
2011-07-26 05:00:00,9.503698739364628
2011-07-26 06:00:00,100.04201208751873
2011-07-26 07:00:00,308.25889508995914
2011-07-26 08:00:00,427.6811192621267
2011-07-26 09:00:00,224.66097915539785
2011-07-26 10:00:00,122.03515715044455
2011-07-26 11:00:00,137.90123035763418
2011-07-26 12:00:00,193.72225482307113
2011-07-26 13:00:00,184.23160498127623
2011-07-26 14:00:00,163.5069116479701
2011-07-26 15:00:00,176.48335714188943
2011-07-26 16:00:00,277.84163802080616
2011-07-26 17:00:00,560.3149548931887
2011-07-26 18:00:00,534.0312047620764
2011-07-26 19:00:00,381.58948402497066
2011-07-26 20:00:00,306.20548079899726
2011-07-26 21:00:00,218.00042616145083
2011-07-26 22:00:00,169.65094989732148
2011-07-26 23:00:00,99.21926538521292
2011-07-27 00:00:00,39.598870739016974
2011-07-27 01:00:00,6.655161085217033
2011-07-27 02:00:00,16.720756483570284
2011-07-27 03:00:00,15.283917532665344
2011-07-27 04:00:00,18.325383426855815
2011-07-27 05:00:00,50.294342312098344
2011-07-27 06:00:00,127.47370160681672
2011-07-27 07:00:00,319.0112729718873
2011-07-27 08:00:00,457.76263405459304
2011-07-27 09:00:00,224.03060464652188
2011-07-27 10:00:00,124.72763729343265
2011-07-27 11:00:00,136.04946815740698
2011-07-27 12:00:00,186.0576526476851
2011-07-27 13:00:00,176.74854608662713
2011-07-27 14:00:00,186.39224064154453
2011-07-27 15:00:00,185.74001882967195
2011-07-27 16:00:00,271.9454576284487
2011-07-27 17:00:00,565.2727222119004
2011-07-27 18:00:00,551.1383533353954
2011-07-27 19:00:00,381.928779858698
2011-07-27 20:00:00,316.39575318533093
2011-07-27 21:00:00,232.32563793868508
2011-07-27 22:00:00,183.03236982690333
2011-07-27 23:00:00,108.69413899807414
2011-07-28 00:00:00,56.43198603578871
2011-07-28 01:00:00,16.596682706497965
2011-07-28 02:00:00,8.326272294177905
2011-07-28 03:00:00,4.944635721504064
2011-07-28 04:00:00,8.042401426113486
2011-07-28 05:00:00,30.890024935030368
2011-07-28 06:00:00,101.62629807236378
2011-07-28 07:00:00,320.41410247645126
2011-07-28 08:00:00,418.9084005687623
2011-07-28 09:00:00,183.71963079643282
2011-07-28 10:00:00,120.37329436334932
2011-07-28 11:00:00,135.92622005285415
2011-07-28 12:00:00,175.8814089101536
2011-07-28 13:00:00,175.61389873004532
2011-07-28 14:00:00,160.71475345279242
2011-07-28 15:00:00,150.96537582075723
2011-07-28 16:00:00,267.99217799323344
2011-07-28 17:00:00,525.701321140138
2011-07-28 18:00:00,501.4988092766747
2011-07-28 19:00:00,373.3569100478277
2011-07-28 20:00:00,293.3361325313857
2011-07-28 21:00:00,211.26847360546293
2011-07-28 22:00:00,156.64030793844393
2011-07-28 23:00:00,87.11280638916543
2011-07-29 00:00:00,45.317777451293
2011-07-29 01:00:00,9.315702139895013
2011-07-29 02:00:00,0
2011-07-29 03:00:00,0
2011-07-29 04:00:00,0
2011-07-29 05:00:00,8.48035758480806
2011-07-29 06:00:00,92.73723513407027
2011-07-29 07:00:00,273.40695422960925
2011-07-29 08:00:00,420.9468342005851
2011-07-29 09:00:00,199.31647335994995
2011-07-29 10:00:00,98.91181055577763
2011-07-29 11:00:00,128.33597299030853
2011-07-29 12:00:00,103.53097303930721
2011-07-29 13:00:00,131.25109299253242
2011-07-29 14:00:00,99.31173810962612
2011-07-29 15:00:00,118.7746735077217
2011-07-29 16:00:00,207.9133406399819
2011-07-29 17:00:00,384.0581864676695
2011-07-29 18:00:00,385.9694859056899
2011-07-29 19:00:00,306.09942359936554
2011-07-29 20:00:00,256.13441987909755
2011-07-29 21:00:00,201.9749554305538
2011-07-29 22:00:00,183.8368845240616
2011-07-29 23:00:00,118.81425400016637
2011-07-30 00:00:00,142.6425274893373
2011-07-30 01:00:00,96.75287683625135
2011-07-30 02:00:00,93.39320867258688
2011-07-30 03:00:00,67.2357406451312
2011-07-30 04:00:00,49.15548392136529
2011-07-30 05:00:00,23.424853493365177
2011-07-30 06:00:00,47.36888408920828
2011-07-30 07:00:00,76.01569256249866
2011-07-30 08:00:00,120.78360295569699
2011-07-30 09:00:00,234.84884208764515
2011-07-30 10:00:00,317.0661965324196
2011-07-30 11:00:00,357.07688984286693
2011-07-30 12:00:00,400.69795403930414
2011-07-30 13:00:00,368.5894876654962
2011-07-30 14:00:00,333.9967433718657
2011-07-30 15:00:00,336.7204287317667
2011-07-30 16:00:00,343.92034460550997
2011-07-30 17:00:00,311.3920102912639
2011-07-30 18:00:00,311.09287186021226
2011-07-30 19:00:00,382.3181584685028
2011-07-30 20:00:00,272.1139846100634
2011-07-30 21:00:00,238.3215487760616
2011-07-30 22:00:00,177.64743522908913
2011-07-30 23:00:00,156.00356276778135
2011-07-31 00:00:00,139.1567402747902
2011-07-31 01:00:00,107.14490173099297
2011-07-31 02:00:00,90.76209064942317
2011-07-31 03:00:00,59.42973373296631
2011-07-31 04:00:00,27.716322585572257
2011-07-31 05:00:00,32.778217847591606
2011-07-31 06:00:00,38.27716927439165
2011-07-31 07:00:00,72.23566552834316
2011-07-31 08:00:00,121.19908624277986
2011-07-31 09:00:00,198.3816877154665
2011-07-31 10:00:00,288.9044519936337
2011-07-31 11:00:00,336.61403050837583
2011-07-31 12:00:00,337.2949046352295
2011-07-31 13:00:00,337.5398975310077
2011-07-31 14:00:00,334.4333865413397
2011-07-31 15:00:00,295.77260795558595
2011-07-31 16:00:00,299.18814740035214
2011-07-31 17:00:00,271.3221371138085
2011-07-31 18:00:00,307.71559371817796
2011-07-31 19:00:00,291.94612460684505
2011-07-31 20:00:00,249.27693832241883
2011-07-31 21:00:00,201.765790967173
2011-07-31 22:00:00,144.1198332197893
2011-07-31 23:00:00,121.0632571658553
2011-08-20 00:00:00,94.69531353616789
2011-08-20 01:00:00,87.23329717639899
2011-08-20 02:00:00,63.72848850947977
2011-08-20 03:00:00,30.29091890356024
2011-08-20 04:00:00,0
2011-08-20 05:00:00,9.581534496831845
2011-08-20 06:00:00,10.857339145449384
2011-08-20 07:00:00,38.0450165506176
2011-08-20 08:00:00,121.73534456677159
2011-08-20 09:00:00,219.21018914185498
2011-08-20 10:00:00,297.21979517685014
2011-08-20 11:00:00,353.17070783215695
2011-08-20 12:00:00,392.75573943629547
2011-08-20 13:00:00,381.95392231501415
2011-08-20 14:00:00,396.6768007866084
2011-08-20 15:00:00,401.10442037517754
2011-08-20 16:00:00,409.363234686943
2011-08-20 17:00:00,397.6661371016352
2011-08-20 18:00:00,330.8593369233605
2011-08-20 19:00:00,312.7018413830131
2011-08-20 20:00:00,265.88422750872644
2011-08-20 21:00:00,198.6625327560368
2011-08-20 22:00:00,147.98064853265495
2011-08-20 23:00:00,134.67583854404214
2011-08-21 00:00:00,122.24647674216172
2011-08-21 01:00:00,96.06468978315935
2011-08-21 02:00:00,83.34401603929933
2011-08-21 03:00:00,28.03546804657696
2011-08-21 04:00:00,15.356908008677898
2011-08-21 05:00:00,0
2011-08-21 06:00:00,11.031263252944912
2011-08-21 07:00:00,52.020598644339984
2011-08-21 08:00:00,98.08631644898821
2011-08-21 09:00:00,172.81473217561467
2011-08-21 10:00:00,269.14262723004293
2011-08-21 11:00:00,331.0538832702897
2011-08-21 12:00:00,366.2761992109492
2011-08-21 13:00:00,374.5178970360997
2011-08-21 14:00:00,274.1987060146138
2011-08-21 15:00:00,328.2873782179434
2011-08-21 16:00:00,356.1319212375697
2011-08-21 17:00:00,308.6039199454244
2011-08-21 18:00:00,264.84227293859163
2011-08-21 19:00:00,292.98243234468663
2011-08-21 20:00:00,211.05359715481939
2011-08-21 21:00:00,183.685151699056
2011-08-21 22:00:00,131.81372708948527
2011-08-21 23:00:00,105.2556567930297
2011-08-22 00:00:00,35.981932870056895
2011-08-22 01:00:00,5.514341645997096
2011-08-22 02:00:00,9.252795593834605
2011-08-22 03:00:00,38.9230060309114
2011-08-22 04:00:00,12.313777727683384
2011-08-22 05:00:00,38.85468309540911
2011-08-22 06:00:00,118.91832656711877
2011-08-22 07:00:00,295.69720837999887
2011-08-22 08:00:00,417.42297636946364
2011-08-22 09:00:00,210.90312284704947
2011-08-22 10:00:00,135.46034209210313
2011-08-22 11:00:00,169.99223752080684
2011-08-22 12:00:00,212.03540234498715
2011-08-22 13:00:00,198.4124600221438
2011-08-22 14:00:00,191.81578069114465
2011-08-22 15:00:00,195.37142538040743
2011-08-22 16:00:00,302.16376905491313
2011-08-22 17:00:00,607.0082471522428
2011-08-22 18:00:00,580.7353073625399
2011-08-22 19:00:00,410.7037102982963
2011-08-22 20:00:00,299.60933310695424
2011-08-22 21:00:00,214.81333703222265
2011-08-22 22:00:00,166.34292998041215
2011-08-22 23:00:00,100.82141458815482
2011-08-23 00:00:00,58.35817717675275
2011-08-23 01:00:00,42.083686014916296
2011-08-23 02:00:00,31.54884485990825
2011-08-23 03:00:00,40.21053238516935
2011-08-23 04:00:00,34.72280984621429
2011-08-23 05:00:00,55.448256030943064
2011-08-23 06:00:00,126.37157619536232
2011-08-23 07:00:00,300.4760892651217
2011-08-23 08:00:00,433.3733808239715
2011-08-23 09:00:00,214.4285048121974
2011-08-23 10:00:00,152.95515331520178
2011-08-23 11:00:00,168.15529265849068
2011-08-23 12:00:00,211.78248854403205
2011-08-23 13:00:00,212.45489943744215
2011-08-23 14:00:00,195.2867064459154
2011-08-23 15:00:00,209.20402899272295
2011-08-23 16:00:00,314.01602138906793
2011-08-23 17:00:00,615.5567784613204
2011-08-23 18:00:00,591.8742653953589
2011-08-23 19:00:00,401.5850619835671
2011-08-23 20:00:00,292.2276232202991
2011-08-23 21:00:00,213.80006776874455
2011-08-23 22:00:00,168.21215278141332
2011-08-23 23:00:00,103.34971759562177
2011-08-24 00:00:00,54.4157255195196
2011-08-24 01:00:00,20.95498281538546
2011-08-24 02:00:00,23.212284020218547
2011-08-24 03:00:00,17.483086694145
2011-08-24 04:00:00,20.916754608279486
2011-08-24 05:00:00,42.95255287347488
2011-08-24 06:00:00,120.79705235245902
2011-08-24 07:00:00,307.3787307084159
2011-08-24 08:00:00,468.72601200309634
2011-08-24 09:00:00,215.3338230790701
2011-08-24 10:00:00,147.27717938516813
2011-08-24 11:00:00,165.20148909652895
2011-08-24 12:00:00,203.72511803263907
2011-08-24 13:00:00,200.66359337807467
2011-08-24 14:00:00,188.23925011421355
2011-08-24 15:00:00,194.6161576627934
2011-08-24 16:00:00,276.2110774317104
2011-08-24 17:00:00,557.5841096840793
2011-08-24 18:00:00,547.1846317974135
2011-08-24 19:00:00,398.11549793754034
2011-08-24 20:00:00,313.9919145875907
2011-08-24 21:00:00,227.52967854850374
2011-08-24 22:00:00,177.90399487588232
2011-08-24 23:00:00,110.72363280581472
2011-08-25 00:00:00,41.22337554758576
2011-08-25 01:00:00,21.24556891476229
2011-08-25 02:00:00,9.724007023737016
2011-08-25 03:00:00,0
2011-08-25 04:00:00,0
2011-08-25 05:00:00,7.7022047755552485
2011-08-25 06:00:00,96.18828362158561
2011-08-25 07:00:00,298.88907130673965
2011-08-25 08:00:00,414.4588083395289
2011-08-25 09:00:00,197.21742325589682
2011-08-25 10:00:00,120.84283237907592
2011-08-25 11:00:00,59.45808586414998
2011-08-25 12:00:00,88.67530925213268
2011-08-25 13:00:00,135.88513685654544
2011-08-25 14:00:00,128.353537647408
2011-08-25 15:00:00,139.00657451860428
2011-08-25 16:00:00,247.7822876766702
2011-08-25 17:00:00,433.27912642591434
2011-08-25 18:00:00,362.41627397601735
2011-08-25 19:00:00,323.71576923456075
2011-08-25 20:00:00,249.33613087551106
2011-08-25 21:00:00,194.90630651944724
2011-08-25 22:00:00,137.6615447108574
2011-08-25 23:00:00,90.16297823453719
2011-08-26 00:00:00,49.143245729335305
2011-08-26 01:00:00,24.24325161889908
2011-08-26 02:00:00,3.6660832666457894
2011-08-26 03:00:00,0
2011-08-26 04:00:00,2.6585313134096182
2011-08-26 05:00:00,18.10602877470591
2011-08-26 06:00:00,91.25588146096456
2011-08-26 07:00:00,279.62470073885066
2011-08-26 08:00:00,414.78154132063304
2011-08-26 09:00:00,205.55960719195525
2011-08-26 10:00:00,139.18850517739472
2011-08-26 11:00:00,176.06541262274118
2011-08-26 12:00:00,226.44079159111442
2011-08-26 13:00:00,216.77585027643585
2011-08-26 14:00:00,200.0789955659994
2011-08-26 15:00:00,214.86205248688066
2011-08-26 16:00:00,312.70675731156456
2011-08-26 17:00:00,441.15853646586675
2011-08-26 18:00:00,431.73012200790635
2011-08-26 19:00:00,291.59851761815787
2011-08-26 20:00:00,237.96832429832122
2011-08-26 21:00:00,184.43406702567995
2011-08-26 22:00:00,162.97296570881346
2011-08-26 23:00:00,110.7741303677588
2011-08-27 00:00:00,111.05686193847505
2011-08-27 01:00:00,79.84759117084695
2011-08-27 02:00:00,64.17052799446778
2011-08-27 03:00:00,14.826436026765865
2011-08-27 04:00:00,0
2011-08-27 05:00:00,0
2011-08-27 06:00:00,10.194950483415845
2011-08-27 07:00:00,18.453246585781837
2011-08-27 08:00:00,80.22395705972052
2011-08-27 09:00:00,157.48140356899557
2011-08-27 10:00:00,231.88304636759813
2011-08-27 11:00:00,205.83521702310924
2011-08-27 12:00:00,243.74413980508075
2011-08-27 13:00:00,234.2511545907521
2011-08-27 14:00:00,204.47706064478916
2011-08-27 15:00:00,228.19447678158895
2011-08-27 16:00:00,176.7069220168683
2011-08-27 17:00:00,129.7625294691239
2011-08-28 07:00:00,0
2011-08-28 08:00:00,15.063377296451131
2011-08-28 09:00:00,177.82807685950002
2011-08-28 10:00:00,270.4930323496392
2011-08-28 11:00:00,361.8947551325067
2011-08-28 12:00:00,396.693767772913
2011-08-28 13:00:00,413.9589087924357
2011-08-28 14:00:00,373.68472596046803
2011-08-28 15:00:00,372.81671064325053
2011-08-28 16:00:00,385.26077789048327
2011-08-28 17:00:00,425.0256923720542
2011-08-28 18:00:00,359.55460607353666
2011-08-28 19:00:00,327.41699727907275
2011-08-28 20:00:00,281.7844914898231
2011-08-28 21:00:00,207.3789411758654
2011-08-28 22:00:00,140.22489158677814
2011-08-28 23:00:00,92.8823170632144
2011-08-29 00:00:00,37.67770249032386
2011-08-29 01:00:00,16.852986562334053
2011-08-29 02:00:00,11.151043212022755
2011-08-29 03:00:00,2.1261442531770878
2011-08-29 04:00:00,18.503523973899863
2011-08-29 05:00:00,36.11352361562537
2011-08-29 06:00:00,111.51700889021033
2011-08-29 07:00:00,292.57137377174394
2011-08-29 08:00:00,410.21623402697963
2011-08-29 09:00:00,201.73157458796612
2011-08-29 10:00:00,132.84000421084232
2011-08-29 11:00:00,154.46929840560603
2011-08-29 12:00:00,194.36433784246748
2011-08-29 13:00:00,196.4427190842802
2011-08-29 14:00:00,174.64883533367367
2011-08-29 15:00:00,187.85224921182524
2011-08-29 16:00:00,302.2598320453964
2011-08-29 17:00:00,574.2306163704889
2011-08-29 18:00:00,557.4949533066383
2011-08-29 19:00:00,406.3549496298074
2011-08-29 20:00:00,281.67628958458187
2011-08-29 21:00:00,213.27795019317878
2011-08-29 22:00:00,147.9084233492307
2011-08-29 23:00:00,84.71954928280812
2011-08-30 00:00:00,54.80817751446569
2011-08-30 01:00:00,34.43979316014547
2011-08-30 02:00:00,26.840711216221294
2011-08-30 03:00:00,30.43734526950715
2011-08-30 04:00:00,31.849758618484326
2011-08-30 05:00:00,50.94288843507863
2011-08-30 06:00:00,122.73507795191664
2011-08-30 07:00:00,321.17780563754735
2011-08-30 08:00:00,442.0717300341803
2011-08-30 09:00:00,216.20638523667623
2011-08-30 10:00:00,160.31298194324293
2011-08-30 11:00:00,175.78359901811126
2011-08-30 12:00:00,217.31725271111344
2011-08-30 13:00:00,215.18439773058094
2011-08-30 14:00:00,198.57577444137237
2011-08-30 15:00:00,204.71409367539707
2011-08-30 16:00:00,318.8620645479481
2011-08-30 17:00:00,605.0181940328587
2011-08-30 18:00:00,578.814250762174
2011-08-30 19:00:00,397.9503908180185
2011-08-30 20:00:00,300.7104029112402
2011-08-30 21:00:00,220.56931356365857
2011-08-30 22:00:00,161.97028238911622
2011-08-30 23:00:00,103.31026456161491
2011-08-31 00:00:00,56.95052113828164
2011-08-31 01:00:00,24.88879927862696
2011-08-31 02:00:00,25.346995094323077
2011-08-31 03:00:00,23.74501544462707
2011-08-31 04:00:00,17.946716597901787
2011-08-31 05:00:00,32.67686813419244
2011-08-31 06:00:00,122.18762145142546
2011-08-31 07:00:00,328.9164330146939
2011-08-31 08:00:00,469.0932150128357
2011-08-31 09:00:00,207.37384885106087
2011-08-31 10:00:00,141.50753931369874
2011-08-31 11:00:00,166.03502773009424
2011-08-31 12:00:00,199.51387947114705
2011-08-31 13:00:00,212.71402564481957
2011-08-31 14:00:00,192.5557936337638
2011-08-31 15:00:00,203.88878445719786
2011-08-31 16:00:00,281.3741997322996
2011-08-31 17:00:00,566.8114854526738
2011-08-31 18:00:00,540.4873215135896
2011-08-31 19:00:00,394.795837905829
2011-08-31 20:00:00,303.2701245954987
2011-08-31 21:00:00,220.44705453678884
2011-08-31 22:00:00,162.62705489331324
2011-08-31 23:00:00,96.3439903037385
2011-09-20 00:00:00,48.854465116452964
2011-09-20 01:00:00,17.999122037985828
2011-09-20 02:00:00,9.221568306205722
2011-09-20 03:00:00,12.80295924227793
2011-09-20 04:00:00,6.477457806528353
2011-09-20 05:00:00,20.539457535224813
2011-09-20 06:00:00,99.56093436006299
2011-09-20 07:00:00,285.7253197020091
2011-09-20 08:00:00,214.83735670549348
2011-09-20 09:00:00,104.08004205361141
2011-09-20 10:00:00,63.40572066430456
2011-09-20 11:00:00,64.14117824408903
2011-09-20 12:00:00,118.29797275724974
2011-09-20 13:00:00,112.16393657459422
2011-09-20 14:00:00,115.46811862710747
2011-09-20 15:00:00,141.0149244397702
2011-09-20 16:00:00,235.05753814213656
2011-09-20 17:00:00,453.9349379274537
2011-09-20 18:00:00,410.75555612861183
2011-09-20 19:00:00,304.8903130124021
2011-09-20 20:00:00,215.67314021505436
2011-09-20 21:00:00,174.93320014027563
2011-09-20 22:00:00,126.16164148461652
2011-09-20 23:00:00,75.41216759461122
2011-09-21 00:00:00,28.056785574451517
2011-09-21 01:00:00,12.762738142586773
2011-09-21 02:00:00,2.6404158129209208
2011-09-21 03:00:00,2.0803099510675316
2011-09-21 04:00:00,0
2011-09-21 05:00:00,9.2377101034624
2011-09-21 06:00:00,87.86501978999226
2011-09-21 07:00:00,267.3013115134079
2011-09-21 08:00:00,393.5393754597457
2011-09-21 09:00:00,162.6384682726258
2011-09-21 10:00:00,90.72063465909508
2011-09-21 11:00:00,112.74354582592093
2011-09-21 12:00:00,153.627347970439
2011-09-21 13:00:00,150.01940945408424
2011-09-21 14:00:00,144.17428107934845
2011-09-21 15:00:00,149.05610143395873
2011-09-21 16:00:00,251.7563253843277
2011-09-21 17:00:00,393.50903779509935
2011-09-21 18:00:00,327.59903136832423
2011-09-21 19:00:00,219.27185654692198
2011-09-21 20:00:00,110.87282938700491
2011-09-21 21:00:00,166.37337561450707
2011-09-21 22:00:00,114.80043775013185
2011-09-21 23:00:00,79.77025576633235
2011-09-22 00:00:00,30.70803065737337
2011-09-22 01:00:00,5.052883374161327
2011-09-22 02:00:00,0
2011-09-22 03:00:00,0
2011-09-22 04:00:00,0
2011-09-22 05:00:00,9.24726432651909
2011-09-22 06:00:00,92.0117460990512
2011-09-22 07:00:00,273.56710808893956
2011-09-22 08:00:00,378.01496228467795
2011-09-22 09:00:00,165.80740105101307
2011-09-22 10:00:00,86.63819656525716
2011-09-22 11:00:00,101.41085449099953
2011-09-22 12:00:00,137.9500974413782
2011-09-22 13:00:00,128.0515317261822
2011-09-22 14:00:00,112.34813525855186
2011-09-22 15:00:00,136.51065045391636
2011-09-22 16:00:00,260.74359346101136
2011-09-22 17:00:00,465.66785113596825
2011-09-22 18:00:00,340.94579630295067
2011-09-22 19:00:00,288.41425424077556
2011-09-22 20:00:00,197.09471344213256
2011-09-22 21:00:00,167.8720963882621
2011-09-22 22:00:00,119.55893709538897
2011-09-22 23:00:00,71.79459634593266
2011-09-23 00:00:00,27.320001760177277
2011-09-23 01:00:00,5.584547514327186
2011-09-23 02:00:00,0
2011-09-23 03:00:00,0
2011-09-23 04:00:00,0
2011-09-23 05:00:00,0
2011-09-23 06:00:00,70.99127335421238
2011-09-23 07:00:00,109.83943906594848
2011-09-23 08:00:00,190.20497660258513
2011-09-23 09:00:00,141.56964641057095
2011-09-23 10:00:00,74.68617948677758
2011-09-23 11:00:00,88.5426975754769
2011-09-23 12:00:00,120.53750176172014
2011-09-23 13:00:00,125.67672354511697
2011-09-23 14:00:00,114.81865960414041
2011-09-23 15:00:00,136.61203280570533
2011-09-23 16:00:00,215.13922549226174
2011-09-23 17:00:00,355.3916338767873
2011-09-23 18:00:00,318.4688548417823
2011-09-23 19:00:00,247.44753413187814
2011-09-23 20:00:00,187.34923811316867
2011-09-23 21:00:00,157.0770640130151
2011-09-23 22:00:00,129.2171954660832
2011-09-23 23:00:00,81.24748467145125
2011-09-24 00:00:00,110.14946888432124
2011-09-24 01:00:00,63.493605103315545
2011-09-24 02:00:00,40.88932201249425
2011-09-24 03:00:00,11.210248574298177
2011-09-24 04:00:00,11.550421319790054
2011-09-24 05:00:00,0
2011-09-24 06:00:00,19.288164629782585
2011-09-24 07:00:00,45.857315633922944
2011-09-24 08:00:00,96.98909310550705
2011-09-24 09:00:00,174.46786196587547
2011-09-24 10:00:00,238.40815308568827
2011-09-24 11:00:00,296.4590870872124
2011-09-24 12:00:00,339.5636106500196
2011-09-24 13:00:00,381.9269672909069
2011-09-24 14:00:00,394.1778665633044
2011-09-24 15:00:00,406.3819531902126
2011-09-24 16:00:00,407.1173941659839
2011-09-24 17:00:00,405.8389381216694
2011-09-24 18:00:00,330.7308133039865
2011-09-24 19:00:00,243.9251115345805
2011-09-24 20:00:00,187.5686396393341
2011-09-24 21:00:00,177.50585595410527
2011-09-24 22:00:00,122.72109474130701
2011-09-24 23:00:00,101.40166057466065
2011-09-25 00:00:00,86.6022937260875
2011-09-25 01:00:00,57.71946070048845
2011-09-25 02:00:00,42.59118454155472
2011-09-25 03:00:00,4.949891371014022
2011-09-25 04:00:00,0
2011-09-25 05:00:00,1.0063487728328955
2011-09-25 06:00:00,9.851284421226254
2011-09-25 07:00:00,32.36998707987185
2011-09-25 08:00:00,84.69141478066086
2011-09-25 09:00:00,163.83968989801446
2011-09-25 10:00:00,247.45177745439202
2011-09-25 11:00:00,326.27936207894413
2011-09-25 12:00:00,381.66335909546285
2011-09-25 13:00:00,389.0227557072853
2011-09-25 14:00:00,354.2913840410292
2011-09-25 15:00:00,362.74788625979295
2011-09-25 16:00:00,445.0383842526395
2011-09-25 17:00:00,397.38991697295944
2011-09-25 18:00:00,337.7064030194359
2011-09-25 19:00:00,237.36981968993194
2011-09-25 20:00:00,175.82401856710683
2011-09-25 21:00:00,150.40027013474185
2011-09-25 22:00:00,114.77422735295139
2011-09-25 23:00:00,54.62187522394273
2011-09-26 00:00:00,5.311924360149145
2011-09-26 01:00:00,0
2011-09-26 02:00:00,0
2011-09-26 03:00:00,0
2011-09-26 04:00:00,0
2011-09-26 05:00:00,0
2011-09-26 06:00:00,62.1316014514402
2011-09-26 07:00:00,250.24297232961314
2011-09-26 08:00:00,376.9446490313429
2011-09-26 09:00:00,186.287454545586
2011-09-26 10:00:00,77.22738081161351
2011-09-26 11:00:00,124.96707113613782
2011-09-26 12:00:00,174.04893455148817
2011-09-26 13:00:00,147.57631954819945
2011-09-26 14:00:00,157.4925099907725
2011-09-26 15:00:00,192.7699633435964
2011-09-26 16:00:00,322.7229370730422
2011-09-26 17:00:00,565.3437282536879
2011-09-26 18:00:00,440.4679873172943
2011-09-26 19:00:00,330.2440365286623
2011-09-26 20:00:00,218.7261436185451
2011-09-26 21:00:00,165.382378531948
2011-09-26 22:00:00,91.90878482755379
2011-09-26 23:00:00,41.39234613371853
2011-09-27 00:00:00,28.424285732564172
2011-09-27 01:00:00,0
2011-09-27 02:00:00,0
2011-09-27 03:00:00,0
2011-09-27 04:00:00,0
2011-09-27 05:00:00,10.893259527702392
2011-09-27 06:00:00,77.20995201469303
2011-09-27 07:00:00,267.13610236560487
2011-09-27 08:00:00,417.11202195935
2011-09-27 09:00:00,149.52057527634875
2011-09-27 10:00:00,69.94300855402078
2011-09-27 11:00:00,108.35101332006799
2011-09-27 12:00:00,153.62654139091148
2011-09-27 13:00:00,156.17242275291883
2011-09-27 14:00:00,152.76353395733747
2011-09-27 15:00:00,157.411775075646
2011-09-27 16:00:00,288.112997453944
2011-09-27 17:00:00,444.46412320492027
2011-09-27 18:00:00,375.12845344691345
2011-09-27 19:00:00,292.355664147298
2011-09-27 20:00:00,283.47043937279807
2011-09-27 21:00:00,185.84715369069585
2011-09-27 22:00:00,117.81761095576763
2011-09-27 23:00:00,67.33041705814621
2011-09-28 00:00:00,35.31937545377431
2011-09-28 01:00:00,0
2011-09-28 02:00:00,0
2011-09-28 03:00:00,0
2011-09-28 04:00:00,0
2011-09-28 05:00:00,0
2011-09-28 06:00:00,51.068255976766054
2011-09-28 07:00:00,135.8142903921519
2011-09-28 08:00:00,187.51849285187762
2011-09-28 09:00:00,120.01182411325736
2011-09-28 10:00:00,86.83471389931415
2011-09-28 11:00:00,117.48469986388949
2011-09-28 12:00:00,184.1936323840956
2011-09-28 13:00:00,159.44272486646102
2011-09-28 14:00:00,180.24708181279766
2011-09-28 15:00:00,195.38549754149415
2011-09-28 16:00:00,303.3156885402847
2011-09-28 17:00:00,541.4528773241649
2011-09-28 18:00:00,314.6846170149404
2011-09-28 19:00:00,241.82014497811866
2011-09-28 20:00:00,130.92799969518447
2011-09-28 21:00:00,109.93087450338783
2011-09-28 22:00:00,123.5979772077029
2011-09-28 23:00:00,65.50329904826735
2011-09-29 00:00:00,32.230235694219
2011-09-29 01:00:00,0
2011-09-29 02:00:00,0
2011-09-29 03:00:00,0
2011-09-29 04:00:00,0
2011-09-29 05:00:00,0
2011-09-29 06:00:00,81.86250101542099
2011-09-29 07:00:00,316.88955086194454
2011-09-29 08:00:00,455.1293549709811
2011-09-29 09:00:00,212.2031632113279
2011-09-29 10:00:00,143.8478198960346
2011-09-29 11:00:00,161.36455406109602
2011-09-29 12:00:00,224.42396321756198
2011-09-29 13:00:00,209.90053779599938
2011-09-29 14:00:00,184.05293177703211
2011-09-29 15:00:00,206.57277143607521
2011-09-29 16:00:00,322.9338125886152
2011-09-29 17:00:00,591.5275997868696
2011-09-29 18:00:00,544.5736139686323
2011-09-29 19:00:00,372.23448061231295
2011-09-29 20:00:00,290.03204719017594
2011-09-29 21:00:00,206.64468179360338
2011-09-29 22:00:00,145.29774826320062
2011-09-29 23:00:00,99.59386936699389
2011-09-30 00:00:00,57.74371422687927
2011-09-30 01:00:00,36.826413939686915
2011-09-30 02:00:00,15.172883266964428
2011-09-30 03:00:00,7.50663571887499
2011-09-30 04:00:00,7.3810331516639485
2011-09-30 05:00:00,25.21799362988165
2011-09-30 06:00:00,97.81550603169256
2011-09-30 07:00:00,294.7395780432181
2011-09-30 08:00:00,450.56438748334097
2011-09-30 09:00:00,239.83424040805977
2011-09-30 10:00:00,151.20484352668478
2011-09-30 11:00:00,195.70099781119546
2011-09-30 12:00:00,256.2314377681911
2011-09-30 13:00:00,244.6356674559768
2011-09-30 14:00:00,229.51367787193578
2011-09-30 15:00:00,255.3007137292965
2011-09-30 16:00:00,366.36928518425015
2011-09-30 17:00:00,572.2788876006526
2011-09-30 18:00:00,423.16853547465774
2011-09-30 19:00:00,291.1681277411519
2011-09-30 20:00:00,225.85978201312923
2011-09-30 21:00:00,179.3341907204495
2011-09-30 22:00:00,150.79798291125496
2011-09-30 23:00:00,124.87440588839385
2011-10-20 00:00:00,29.276436518798764
2011-10-20 01:00:00,0
2011-10-20 02:00:00,0
2011-10-20 03:00:00,0
2011-10-20 04:00:00,0
2011-10-20 05:00:00,5.401838823468813
2011-10-20 06:00:00,85.31330514687593
2011-10-20 07:00:00,301.09821301340713
2011-10-20 08:00:00,464.69909756672797
2011-10-20 09:00:00,186.9161177746515
2011-10-20 10:00:00,116.7668963137608
2011-10-20 11:00:00,137.8831101286709
2011-10-20 12:00:00,173.1993797563443
2011-10-20 13:00:00,165.41374052264268
2011-10-20 14:00:00,135.90984274460808
2011-10-20 15:00:00,138.35445605290994
2011-10-20 16:00:00,234.48802196980995
2011-10-20 17:00:00,439.4175672266713
2011-10-20 18:00:00,412.0899207128496
2011-10-20 19:00:00,254.0930736700767
2011-10-20 20:00:00,198.59172859513905
2011-10-20 21:00:00,153.25914519570398
2011-10-20 22:00:00,103.43334724604529
2011-10-20 23:00:00,77.2719848423898
2011-10-21 00:00:00,48.30320641918546
2011-10-21 01:00:00,31.326705327983493
2011-10-21 02:00:00,19.659837595721335
2011-10-21 03:00:00,23.60250871454094
2011-10-21 04:00:00,21.649166067450036
2011-10-21 05:00:00,22.15167143472698
2011-10-21 06:00:00,92.80977710844216
2011-10-21 07:00:00,245.22212886756083
2011-10-21 08:00:00,450.4951829577406
2011-10-21 09:00:00,243.0565022633535
2011-10-21 10:00:00,141.59581106194736
2011-10-21 11:00:00,185.54215068097784
2011-10-21 12:00:00,217.97236757206508
2011-10-21 13:00:00,193.36002641712227
2011-10-21 14:00:00,213.71737551508517
2011-10-21 15:00:00,229.0442624167009
2011-10-21 16:00:00,314.1784225124488
2011-10-21 17:00:00,441.97329860034984
2011-10-21 18:00:00,383.3536830013969
2011-10-21 19:00:00,233.59698341631565
2011-10-21 20:00:00,184.9186112730864
2011-10-21 21:00:00,142.93738305978576
2011-10-21 22:00:00,125.71405616482622
2011-10-21 23:00:00,106.8157546953874
2011-10-22 00:00:00,103.73522235053024
2011-10-22 01:00:00,79.6184160640837
2011-10-22 02:00:00,49.453253313190004
2011-10-22 03:00:00,38.98270085589269
2011-10-22 04:00:00,20.718615253528732
2011-10-22 05:00:00,25.647528369996635
2011-10-22 06:00:00,42.91742067545668
2011-10-22 07:00:00,65.56431151106746
2011-10-22 08:00:00,123.92962280857456
2011-10-22 09:00:00,170.45010997295108
2011-10-22 10:00:00,227.03951140782158
2011-10-22 11:00:00,287.81093868039466
2011-10-22 12:00:00,351.5414914187976
2011-10-22 13:00:00,384.25157759957153
2011-10-22 14:00:00,329.0503473905297
2011-10-22 15:00:00,344.8312203001084
2011-10-22 16:00:00,386.9658395784214
2011-10-22 17:00:00,319.1361735859537
2011-10-22 18:00:00,261.9206088592809
2011-10-22 19:00:00,202.06179443574982
2011-10-22 20:00:00,142.33751215384052
2011-10-22 21:00:00,126.69047557089559
2011-10-22 22:00:00,119.79084725996472
2011-10-22 23:00:00,90.19775651241702
2011-10-23 00:00:00,84.98195999599218
2011-10-23 01:00:00,67.54844823630097
2011-10-23 02:00:00,41.120665134751036
2011-10-23 03:00:00,25.08101598373619
2011-10-23 04:00:00,15.476062053122353
2011-10-23 05:00:00,8.455961593113116
2011-10-23 06:00:00,17.599830482623574
2011-10-23 07:00:00,39.67482834037638
2011-10-23 08:00:00,81.88855701743306
2011-10-23 09:00:00,147.3401331604916
2011-10-23 10:00:00,235.08911254616112
2011-10-23 11:00:00,289.69869592816417
2011-10-23 12:00:00,354.3152289120857
2011-10-23 13:00:00,388.0851541124499
2011-10-23 14:00:00,362.7752275366098
2011-10-23 15:00:00,375.0195923512592
2011-10-23 16:00:00,394.3286700610854
2011-10-23 17:00:00,322.40084924453146
2011-10-23 18:00:00,278.8911210357689
2011-10-23 19:00:00,194.7401199463545
2011-10-23 20:00:00,140.06908985421833
2011-10-23 21:00:00,117.33176526690306
2011-10-23 22:00:00,90.22660525097429
2011-10-23 23:00:00,56.45038564327831
2011-10-24 00:00:00,42.529069198332735
2011-10-24 01:00:00,27.206594324792555
2011-10-24 02:00:00,17.901498800335492
2011-10-24 03:00:00,12.125877654919574
2011-10-24 04:00:00,19.586241404537567
2011-10-24 05:00:00,32.34122097735437
2011-10-24 06:00:00,102.40103708747151
2011-10-24 07:00:00,239.58959330330208
2011-10-24 08:00:00,408.73820291188684
2011-10-24 09:00:00,204.38347104071212
2011-10-24 10:00:00,90.55092588293171
2011-10-24 11:00:00,137.24789288060555
2011-10-24 12:00:00,168.02707313187545
2011-10-24 13:00:00,172.65039006300378
2011-10-24 14:00:00,158.95063144618035
2011-10-24 15:00:00,200.4143602459376
2011-10-24 16:00:00,280.33529495557246
2011-10-24 17:00:00,492.4977732179577
2011-10-24 18:00:00,502.3363492979096
2011-10-24 19:00:00,230.0145897823583
2011-10-24 20:00:00,212.8360442031886
2011-10-24 21:00:00,155.11306043954974
2011-10-24 22:00:00,110.9887364903094
2011-10-24 23:00:00,68.47229986943613
2011-10-25 00:00:00,46.38376863279692
2011-10-25 01:00:00,22.80804630508839
2011-10-25 02:00:00,8.64494532371834
2011-10-25 03:00:00,17.28128490860024
2011-10-25 04:00:00,9.812543043157648
2011-10-25 05:00:00,31.09074880088005
2011-10-25 06:00:00,99.7644326512459
2011-10-25 07:00:00,299.87879327171066
2011-10-25 08:00:00,484.55268156593024
2011-10-25 09:00:00,235.04768832149477
2011-10-25 10:00:00,143.32083980253535
2011-10-25 11:00:00,155.99398684384892
2011-10-25 12:00:00,192.62979231946704
2011-10-25 13:00:00,199.8094853636547
2011-10-25 14:00:00,174.15147558588745
2011-10-25 15:00:00,202.89859642487693
2011-10-25 16:00:00,294.7671337189268
2011-10-25 17:00:00,575.8748692159555
2011-10-25 18:00:00,499.83641514989
2011-10-25 19:00:00,291.7305697522539
2011-10-25 20:00:00,230.53852593790612
2011-10-25 21:00:00,161.80608552111863
2011-10-25 22:00:00,115.81990188854564
2011-10-25 23:00:00,75.749939050547
2011-10-26 00:00:00,46.61977653743583
2011-10-26 01:00:00,1.4878699932404125
2011-10-26 02:00:00,5.048877705846751
2011-10-26 03:00:00,0
2011-10-26 04:00:00,0.09312431431116375
2011-10-26 05:00:00,30.72419975302396
2011-10-26 06:00:00,104.98849362648625
2011-10-26 07:00:00,324.6671151760276
2011-10-26 08:00:00,472.75823067812075
2011-10-26 09:00:00,228.94936832290318
2011-10-26 10:00:00,138.0992043813284
2011-10-26 11:00:00,158.96402683510277
2011-10-26 12:00:00,171.70163068606757
2011-10-26 13:00:00,145.27526409667684
2011-10-26 14:00:00,142.6778292879957
2011-10-26 15:00:00,165.1913759364925
2011-10-26 16:00:00,248.0155502133076
2011-10-26 17:00:00,458.4137604121855
2011-10-26 18:00:00,432.2479227666937
2011-10-26 19:00:00,259.5394452744654
2011-10-26 20:00:00,213.64708199998014
2011-10-26 21:00:00,170.4462358118055
2011-10-26 22:00:00,105.39053859470124
2011-10-26 23:00:00,59.62755010051957
2011-10-27 00:00:00,39.741360282634226
2011-10-27 01:00:00,13.68243399851362
2011-10-27 02:00:00,10.87958656559246
2011-10-27 03:00:00,7.035908638247246
2011-10-27 04:00:00,6.710441211155754
2011-10-27 05:00:00,29.837923953126996
2011-10-27 06:00:00,72.64249830787811
2011-10-27 07:00:00,290.4802201834465
2011-10-27 08:00:00,254.74999608663276
2011-10-27 09:00:00,223.57324952574427
2011-10-27 10:00:00,89.56496302119587
2011-10-27 11:00:00,90.62240259137356
2011-10-27 12:00:00,106.9966608553833
2011-10-27 13:00:00,150.9643903305817
2011-10-27 14:00:00,124.80717072951697
2011-10-27 15:00:00,141.46904973147596
2011-10-27 16:00:00,264.9971154221705
2011-10-27 17:00:00,396.62687741826505
2011-10-27 18:00:00,380.42110261277287
2011-10-27 19:00:00,227.97850148923365
2011-10-27 20:00:00,186.05275499600268
2011-10-27 21:00:00,155.82923811167893
2011-10-27 22:00:00,103.45180051041274
2011-10-27 23:00:00,70.65283189863744
2011-10-28 00:00:00,36.20686183656937
2011-10-28 01:00:00,23.551643980935587
2011-10-28 02:00:00,15.50283921327294
2011-10-28 03:00:00,3.5657845650253686
2011-10-28 04:00:00,8.444817982440014
2011-10-28 05:00:00,26.989475456515333
2011-10-28 06:00:00,74.29628758310113
2011-10-28 07:00:00,206.7922110715572
2011-10-28 08:00:00,387.20661449511385
2011-10-28 09:00:00,220.3197074394216
2011-10-28 10:00:00,127.63074165955061
2011-10-28 11:00:00,150.31344918172354
2011-10-28 12:00:00,183.82813302378284
2011-10-28 13:00:00,187.07181388753332
2011-10-28 14:00:00,169.69325900294672
2011-10-28 15:00:00,179.15982633708248
2011-10-28 16:00:00,244.64410306313644
2011-10-28 17:00:00,381.31063837333375
2011-10-28 18:00:00,342.6465683959912
2011-10-28 19:00:00,211.82546324591118
2011-10-28 20:00:00,100.14720937794118
2011-10-28 21:00:00,66.05011211368436
2011-10-28 22:00:00,63.05644688430013
2011-10-28 23:00:00,69.40775326305595
2011-10-29 00:00:00,39.74954361506694
2011-10-29 01:00:00,42.2560061530976
2011-10-29 02:00:00,31.641462549907455
2011-10-29 03:00:00,12.767134215915453
2011-10-29 04:00:00,0
2011-10-29 05:00:00,1.4559997704908891
2011-10-29 06:00:00,0
2011-10-29 07:00:00,4.131911854230868
2011-10-29 08:00:00,33.66730944794811
2011-10-29 09:00:00,95.59644138406492
2011-10-29 10:00:00,133.2683698111887
2011-10-29 11:00:00,145.7308736721686
2011-10-29 12:00:00,176.19430003494284
2011-10-29 13:00:00,162.45521353045007
2011-10-29 14:00:00,160.31229649862468
2011-10-29 15:00:00,181.51315822467097
2011-10-29 16:00:00,133.75617505551267
2011-10-29 17:00:00,103.635869535809
2011-10-29 18:00:00,99.3753817002873
2011-10-29 19:00:00,102.33977938423502
2011-10-29 20:00:00,80.59671463398782
2011-10-29 21:00:00,77.93357208678118
2011-10-29 22:00:00,83.83139884006336
2011-10-29 23:00:00,72.66055750204242
2011-10-30 00:00:00,58.15710244127368
2011-10-30 01:00:00,40.73604437029297
2011-10-30 02:00:00,25.23842503540064
2011-10-30 03:00:00,5.599186020026576
2011-10-30 04:00:00,0
2011-10-30 05:00:00,0
2011-10-30 06:00:00,0
2011-10-30 07:00:00,35.005179162575395
2011-10-30 08:00:00,66.5578361797617
2011-10-30 09:00:00,111.76760855953263
2011-10-30 10:00:00,195.97098367705996
2011-10-30 11:00:00,246.5781216164689
2011-10-30 12:00:00,283.4744164063114
2011-10-30 13:00:00,311.15502809139457
2011-10-30 14:00:00,306.7624013333822
2011-10-30 15:00:00,302.97140650509266
2011-10-30 16:00:00,309.766349684866
2011-10-30 17:00:00,261.805216311033
2011-10-30 18:00:00,199.31899294922357
2011-10-30 19:00:00,258.5744072779653
2011-10-30 20:00:00,134.97715952158555
2011-10-30 21:00:00,105.52533466998744
2011-10-30 22:00:00,73.44902283734656
2011-10-30 23:00:00,37.956863088363306
2011-10-31 00:00:00,28.391448746070303
2011-10-31 01:00:00,26.64017578751936
2011-10-31 02:00:00,15.016639067184745
2011-10-31 03:00:00,13.809867347299788
2011-10-31 04:00:00,13.940375164534466
2011-10-31 05:00:00,23.684890145216514
2011-10-31 06:00:00,85.65418196343954
2011-10-31 07:00:00,229.1787210254711
2011-10-31 08:00:00,400.69698172907243
2011-10-31 09:00:00,192.822019591507
2011-10-31 10:00:00,111.30119308006846
2011-10-31 11:00:00,145.94555896188217
2011-10-31 12:00:00,157.97251551870713
2011-10-31 13:00:00,155.69037215592164
2011-10-31 14:00:00,129.34114072487634
2011-10-31 15:00:00,154.07194238638124
2011-10-31 16:00:00,236.03785047989464
2011-10-31 17:00:00,441.49054950720307
2011-10-31 18:00:00,411.63924080135223
2011-10-31 19:00:00,280.1550786158236
2011-10-31 20:00:00,194.17210148178702
2011-10-31 21:00:00,115.22962089596419
2011-10-31 22:00:00,79.97966847681313
2011-10-31 23:00:00,44.425221824943755
2011-11-20 00:00:00,86.20091838372107
2011-11-20 01:00:00,68.20604783347427
2011-11-20 02:00:00,43.503904479224516
2011-11-20 03:00:00,7.975176759822901
2011-11-20 04:00:00,0.15529425718815837
2011-11-20 05:00:00,0
2011-11-20 06:00:00,0
2011-11-20 07:00:00,49.186108955781705
2011-11-20 08:00:00,79.33988095315762
2011-11-20 09:00:00,149.55916646820012
2011-11-20 10:00:00,216.95046398499557
2011-11-20 11:00:00,316.26818848180574
2011-11-20 12:00:00,350.15600768287715
2011-11-20 13:00:00,372.50460675753624
2011-11-20 14:00:00,355.0348882736522
2011-11-20 15:00:00,334.42832919036675
2011-11-20 16:00:00,357.9005229988337
2011-11-20 17:00:00,320.19838294550334
2011-11-20 18:00:00,306.221550768165
2011-11-20 19:00:00,211.5735991613145
2011-11-20 20:00:00,170.2013293361201
2011-11-20 21:00:00,109.77711585835789
2011-11-20 22:00:00,59.55184131772505
2011-11-20 23:00:00,36.05524555158651
2011-11-21 00:00:00,26.55624324582002
2011-11-21 01:00:00,36.921696862941005
2011-11-21 02:00:00,32.84293396599881
2011-11-21 03:00:00,30.45928315749459
2011-11-21 04:00:00,30.982535861356933
2011-11-21 05:00:00,6.340704415399956
2011-11-21 06:00:00,78.58599014949212
2011-11-21 07:00:00,267.5740852247773
2011-11-21 08:00:00,411.26158058256266
2011-11-21 09:00:00,194.75504736174997
2011-11-21 10:00:00,104.3089874254438
2011-11-21 11:00:00,108.42602290758792
2011-11-21 12:00:00,155.96776339912512
2011-11-21 13:00:00,139.78079023918647
2011-11-21 14:00:00,124.01733414978861
2011-11-21 15:00:00,89.7994617175562
2011-11-21 16:00:00,141.6919963967563
2011-11-21 17:00:00,204.9183407802842
2011-11-21 18:00:00,256.32902347065715
2011-11-21 19:00:00,183.78037318678855
2011-11-21 20:00:00,128.9355967537897
2011-11-21 21:00:00,130.65981947717015
2011-11-21 22:00:00,83.19914789705217
2011-11-21 23:00:00,66.38324912883438
2011-11-22 00:00:00,7.019082020369481
2011-11-22 01:00:00,26.493571911123617
2011-11-22 02:00:00,11.273038140047788
2011-11-22 03:00:00,11.943193091888073
2011-11-22 04:00:00,16.70969094650735
2011-11-22 05:00:00,35.920663682694965
2011-11-22 06:00:00,83.6175570640855
2011-11-22 07:00:00,118.96306847340897
2011-11-22 08:00:00,197.6915829539488
2011-11-22 09:00:00,150.64903619171315
2011-11-22 10:00:00,73.41581564088756
2011-11-22 11:00:00,77.73087358093225
2011-11-22 12:00:00,79.28266822943252
2011-11-22 13:00:00,74.48832675418177
2011-11-22 14:00:00,54.427947814072994
2011-11-22 15:00:00,71.0298635434878
2011-11-22 16:00:00,126.07471539804729
2011-11-22 17:00:00,228.54933280430194
2011-11-22 18:00:00,238.3254175262731
2011-11-22 19:00:00,180.3913691973698
2011-11-22 20:00:00,173.66472141695422
2011-11-22 21:00:00,120.07051203047882
2011-11-22 22:00:00,107.28170553035991
2011-11-22 23:00:00,45.52635939230523
2011-11-23 00:00:00,9.402938051093344
2011-11-23 01:00:00,0
2011-11-23 02:00:00,0
2011-11-23 03:00:00,0
2011-11-23 04:00:00,0
2011-11-23 05:00:00,0
2011-11-23 06:00:00,78.2014870712481
2011-11-23 07:00:00,276.74882854376204
2011-11-23 08:00:00,448.6043223471505
2011-11-23 09:00:00,200.80760665376158
2011-11-23 10:00:00,111.44716800687618
2011-11-23 11:00:00,127.19057560044024
2011-11-23 12:00:00,175.78785023070287
2011-11-23 13:00:00,143.10102151630963
2011-11-23 14:00:00,125.39393277135295
2011-11-23 15:00:00,125.22966167979111
2011-11-23 16:00:00,174.80875697940368
2011-11-23 17:00:00,238.00650321362917
2011-11-23 18:00:00,348.2401586476806
2011-11-23 19:00:00,230.31432666206393
2011-11-23 20:00:00,173.62702410101429
2011-11-23 21:00:00,135.1065052369099
2011-11-23 22:00:00,93.37552395636493
2011-11-23 23:00:00,65.35776988393326
2011-11-24 00:00:00,78.5355686882612
2011-11-24 01:00:00,43.62984547157874
2011-11-24 02:00:00,22.41117833824134
2011-11-24 03:00:00,35.984080759097104
2011-11-24 04:00:00,24.262244132713057
2011-11-24 05:00:00,24.359961401923133
2011-11-24 06:00:00,42.59984062458205
2011-11-24 07:00:00,101.68686109041988
2011-11-24 08:00:00,228.9761505434914
2011-11-24 09:00:00,164.90625846042275
2011-11-24 10:00:00,198.78098197290333
2011-11-24 11:00:00,240.85247095032483
2011-11-24 12:00:00,279.7696332295208
2011-11-24 13:00:00,260.4654292133449
2011-11-24 14:00:00,282.4899792017639
2011-11-24 15:00:00,282.9668883222989
2011-11-24 16:00:00,307.9329290155263
2011-11-24 17:00:00,340.5921316303646
2011-11-24 18:00:00,271.6687712236036
2011-11-24 19:00:00,221.7156071539644
2011-11-24 20:00:00,143.23328351860002
2011-11-24 21:00:00,124.68196838421974
2011-11-24 22:00:00,99.51414933548087
2011-11-24 23:00:00,53.896511466089706
2011-11-25 00:00:00,33.16082617945782
2011-11-25 01:00:00,28.830990882158474
2011-11-25 02:00:00,13.868920535308272
2011-11-25 03:00:00,9.92437679876033
2011-11-25 04:00:00,17.21513292565557
2011-11-25 05:00:00,31.342707303017498
2011-11-25 06:00:00,73.74544753287245
2011-11-25 07:00:00,223.9018174974242
2011-11-25 08:00:00,391.646889199514
2011-11-25 09:00:00,215.1498134692768
2011-11-25 10:00:00,133.33937005965964
2011-11-25 11:00:00,167.01501504063157
2011-11-25 12:00:00,214.50668145064049
2011-11-25 13:00:00,230.84931433285908
2011-11-25 14:00:00,223.16129116911787
2011-11-25 15:00:00,244.29079112471206
2011-11-25 16:00:00,327.1954173445958
2011-11-25 17:00:00,494.2018427330863
2011-11-25 18:00:00,412.4391721585587
2011-11-25 19:00:00,249.32680753852935
2011-11-25 20:00:00,169.2480907339687
2011-11-25 21:00:00,143.27814429412348
2011-11-25 22:00:00,114.94034631305345
2011-11-25 23:00:00,87.21262025811833
2011-11-26 00:00:00,80.19966787340411
2011-11-26 01:00:00,65.04447786333633
2011-11-26 02:00:00,42.74528398310303
2011-11-26 03:00:00,30.149115942858476
2011-11-26 04:00:00,12.799646897449284
2011-11-26 05:00:00,12.420416153444101
2011-11-26 06:00:00,23.826471775600517
2011-11-26 07:00:00,39.71247481579008
2011-11-26 08:00:00,93.21251864552612
2011-11-26 09:00:00,150.0697167216885
2011-11-26 10:00:00,204.75685184469185
2011-11-26 11:00:00,276.73862551389186
2011-11-26 12:00:00,344.06873081104743
2011-11-26 13:00:00,365.77556561354083
2011-11-26 14:00:00,335.4016850224861
2011-11-26 15:00:00,373.78467749431616
2011-11-26 16:00:00,325.4147057314742
2011-11-26 17:00:00,288.4984337540841
2011-11-26 18:00:00,233.9064277562425
2011-11-26 19:00:00,178.25575601261875
2011-11-26 20:00:00,135.09530784694223
2011-11-26 21:00:00,95.09159893043177
2011-11-26 22:00:00,95.11794503114777
2011-11-26 23:00:00,98.49425156544632
2011-11-27 00:00:00,86.59094074510833
2011-11-27 01:00:00,70.02493427083516
2011-11-27 02:00:00,46.115086030565735
2011-11-27 03:00:00,25.31703223619561
2011-11-27 04:00:00,7.340988002020192
2011-11-27 05:00:00,9.505636764942658
2011-11-27 06:00:00,15.922902129609195
2011-11-27 07:00:00,45.177847580152644
2011-11-27 08:00:00,78.68503020106746
2011-11-27 09:00:00,142.3041646516759
2011-11-27 10:00:00,224.47682238920606
2011-11-27 11:00:00,319.5042172821853
2011-11-27 12:00:00,375.8478802096157
2011-11-27 13:00:00,386.9831850334672
2011-11-27 14:00:00,417.65600951165777
2011-11-27 15:00:00,425.60932477040694
2011-11-27 16:00:00,384.1315771453752
2011-11-27 17:00:00,361.97117928952485
2011-11-27 18:00:00,282.79250564337497
2011-11-27 19:00:00,201.00669640997785
2011-11-27 20:00:00,174.02187128722392
2011-11-27 21:00:00,106.87597821082991
2011-11-27 22:00:00,82.3394362288692
2011-11-27 23:00:00,54.655026328809456
2011-11-28 00:00:00,33.66206329853756
2011-11-28 01:00:00,9.142563996237282
2011-11-28 03:00:00,1.6824372805145296
2011-11-28 04:00:00,6.278940326342515
2011-11-28 05:00:00,29.947923566058954
2011-11-28 06:00:00,99.4296462456147
2011-11-28 07:00:00,300.0359733949325
2011-11-28 08:00:00,409.0677728312821
2011-11-28 09:00:00,202.35073059284858
2011-11-28 10:00:00,119.7912677945478
2011-11-28 11:00:00,129.36494187923145
2011-11-28 12:00:00,200.26495724452582
2011-11-28 13:00:00,171.72467115094042
2011-11-28 14:00:00,174.54632253936205
2011-11-28 15:00:00,196.35088218578292
2011-11-28 16:00:00,284.97944646603526
2011-11-28 17:00:00,569.5659107634533
2011-11-28 18:00:00,483.2890464483303
2011-11-28 19:00:00,316.77539844191034
2011-11-28 20:00:00,225.51860564308134
2011-11-28 21:00:00,166.9021265749783
2011-11-28 22:00:00,92.88984816173634
2011-11-28 23:00:00,48.465507208163125
2011-11-29 00:00:00,49.83895116159073
2011-11-29 01:00:00,16.27646972567841
2011-11-29 02:00:00,8.140744528841699
2011-11-29 03:00:00,0.9493304969763591
2011-11-29 04:00:00,0
2011-11-29 05:00:00,17.41280791161832
2011-11-29 06:00:00,101.85747344607161
2011-11-29 07:00:00,338.4041369622854
2011-11-29 08:00:00,456.4594004153483
2011-11-29 09:00:00,169.8055155674573
2011-11-29 10:00:00,102.2549115678359
2011-11-29 11:00:00,85.42404854249844
2011-11-29 12:00:00,70.36002531058132
2011-11-29 13:00:00,76.4073365590831
2011-11-29 14:00:00,67.87848036312282
2011-11-29 15:00:00,70.09857478513003
2011-11-29 16:00:00,110.05965307574749
2011-11-29 17:00:00,264.90461876849145
2011-11-29 18:00:00,306.7664870437819
2011-11-29 19:00:00,183.0138692465484
2011-11-29 20:00:00,125.99100291888402
2011-11-29 21:00:00,118.34982228368538
2011-11-29 22:00:00,83.513345577704
2011-11-29 23:00:00,59.09463692221808
2011-11-30 00:00:00,39.703749962367716
2011-11-30 01:00:00,21.537389940491877
2011-11-30 02:00:00,15.143031958137215
2011-11-30 03:00:00,12.791010229821916
2011-11-30 04:00:00,12.746580987426016
2011-11-30 05:00:00,30.235525875670437
2011-11-30 06:00:00,86.49057835202616
2011-11-30 07:00:00,248.26770909647684
2011-11-30 08:00:00,434.6714345846417
2011-11-30 09:00:00,198.33274391126602
2011-11-30 10:00:00,120.13972251615444
2011-11-30 11:00:00,131.88664602849605
2011-11-30 12:00:00,146.93220894395384
2011-11-30 13:00:00,134.676990383988
2011-11-30 14:00:00,115.75377149093102
2011-11-30 15:00:00,144.52357256570156
2011-11-30 16:00:00,186.5291009474148
2011-11-30 17:00:00,351.2700821059127
2011-11-30 18:00:00,320.70572857586455
2011-11-30 19:00:00,219.83525278648403
2011-11-30 20:00:00,150.97065955329296
2011-11-30 21:00:00,128.75357657797085
2011-11-30 22:00:00,95.50064458137892
2011-11-30 23:00:00,62.52583140311817
2011-12-20 00:00:00,58.80225242569578
2011-12-20 01:00:00,40.57919919797169
2011-12-20 02:00:00,26.73951032311609
2011-12-20 03:00:00,16.406182776470498
2011-12-20 04:00:00,26.788600893970425
2011-12-20 05:00:00,44.85767993510831
2011-12-20 06:00:00,109.98971830341931
2011-12-20 07:00:00,286.6050968684604
2011-12-20 08:00:00,470.7642007476952
2011-12-20 09:00:00,229.51799309067164
2011-12-20 10:00:00,119.75641710392071
2011-12-20 11:00:00,136.46229290591188
2011-12-20 12:00:00,172.73036763237155
2011-12-20 13:00:00,164.0479961592938
2011-12-20 14:00:00,134.28401710298968
2011-12-20 15:00:00,148.77046147683905
2011-12-20 16:00:00,249.53689155633012
2011-12-20 17:00:00,427.2411815343528
2011-12-20 18:00:00,396.66845170723434
2011-12-20 19:00:00,259.8604180122324
2011-12-20 20:00:00,198.12849170916306
2011-12-20 21:00:00,152.90449834276333
2011-12-20 22:00:00,108.8728415371615
2011-12-20 23:00:00,68.46778841677958
2011-12-21 00:00:00,0
2011-12-21 01:00:00,4.876011431986915
2011-12-21 02:00:00,18.590430366520906
2011-12-21 03:00:00,8.051713334794018
2011-12-21 04:00:00,15.133187310577549
2011-12-21 05:00:00,6.977291958856439
2011-12-21 06:00:00,55.37078857952217
2011-12-21 07:00:00,151.51507339339986
2011-12-21 08:00:00,156.0574479549336
2011-12-21 09:00:00,147.8162279533407
2011-12-21 10:00:00,56.0511136732486
2011-12-21 11:00:00,54.13748827154481
2011-12-21 12:00:00,1.692282185673672
2011-12-21 13:00:00,0
2011-12-21 14:00:00,52.50840628205589
2011-12-21 15:00:00,39.50548909970481
2011-12-21 16:00:00,0
2011-12-21 17:00:00,0
2011-12-21 18:00:00,121.92116535521518
2011-12-21 19:00:00,125.33300048190992
2011-12-21 20:00:00,108.74065609452458
2011-12-21 21:00:00,107.3417433539512
2011-12-21 22:00:00,77.78662655762533
2011-12-21 23:00:00,44.94380186256593
2011-12-22 00:00:00,0
2011-12-22 01:00:00,0
2011-12-22 02:00:00,0
2011-12-22 03:00:00,0
2011-12-22 04:00:00,1.3015031766016447
2011-12-22 05:00:00,11.128028852388024
2011-12-22 06:00:00,72.84379033689153
2011-12-22 07:00:00,163.73841287684843
2011-12-22 08:00:00,302.19862621551533
2011-12-22 09:00:00,151.51417832476966
2011-12-22 10:00:00,50.76349454967678
2011-12-22 11:00:00,68.08505365380864
2011-12-22 12:00:00,102.65596503397137
2011-12-22 13:00:00,84.93361356423421
2011-12-22 14:00:00,84.68743957650231
2011-12-22 15:00:00,71.90586175917998
2011-12-22 16:00:00,123.46638020050126
2011-12-22 17:00:00,248.73463647494532
2011-12-22 18:00:00,277.19334920007543
2011-12-22 19:00:00,176.52751141031823
2011-12-22 20:00:00,60.82834746914883
2011-12-22 21:00:00,65.21950523526505
2011-12-22 22:00:00,25.59459108733277
2011-12-22 23:00:00,21.494471349903012
2011-12-23 00:00:00,0
2011-12-23 01:00:00,6.16202808052057
2011-12-23 02:00:00,0
2011-12-23 03:00:00,0
2011-12-23 04:00:00,0
2011-12-23 05:00:00,5.943201653711192
2011-12-23 06:00:00,36.35886014223616
2011-12-23 07:00:00,152.42785051491265
2011-12-23 08:00:00,297.9714481047882
2011-12-23 09:00:00,157.1734376970042
2011-12-23 10:00:00,62.3354881516444
2011-12-23 11:00:00,102.19896340200324
2011-12-23 12:00:00,107.43964743511457
2011-12-23 13:00:00,108.52861525459494
2011-12-23 14:00:00,108.44989832094738
2011-12-23 15:00:00,111.77042639477229
2011-12-23 16:00:00,126.11431873538272
2011-12-23 17:00:00,231.38926787493898
2011-12-23 18:00:00,169.20886292099337
2011-12-23 19:00:00,116.14624760851446
2011-12-23 20:00:00,65.04774781370426
2011-12-23 21:00:00,58.827868018146305
2011-12-23 22:00:00,63.37495597417316
2011-12-23 23:00:00,54.85086840935182
2011-12-24 00:00:00,25.158583341033296
2011-12-24 01:00:00,29.033480785848703
2011-12-24 02:00:00,20.860159288603967
2011-12-24 03:00:00,13.636199118443201
2011-12-24 04:00:00,0
2011-12-24 05:00:00,0
2011-12-24 06:00:00,0
2011-12-24 07:00:00,0
2011-12-24 08:00:00,25.815074121184136
2011-12-24 09:00:00,60.076727858318364
2011-12-24 10:00:00,107.76128905075817
2011-12-24 11:00:00,132.35999930013594
2011-12-24 12:00:00,180.22878486758862
2011-12-24 13:00:00,185.9186423035726
2011-12-24 14:00:00,166.85399477683674
2011-12-24 15:00:00,174.0830798184525
2011-12-24 16:00:00,154.83912441381682
2011-12-24 17:00:00,99.39930567545005
2011-12-24 18:00:00,111.41993984596549
2011-12-24 19:00:00,82.5002724318608
2011-12-24 20:00:00,62.59499804704674
2011-12-24 21:00:00,46.74106240256842
2011-12-24 22:00:00,43.69856645524938
2011-12-24 23:00:00,34.51163746749633
2011-12-25 00:00:00,9.858527295383812
2011-12-25 01:00:00,27.91941419971044
2011-12-25 02:00:00,18.577983775476543
2011-12-25 03:00:00,7.4771002570745075
2011-12-25 05:00:00,0
2011-12-25 06:00:00,0
2011-12-25 07:00:00,0
2011-12-25 08:00:00,2.323414851997597
2011-12-25 09:00:00,58.10713569576495
2011-12-25 10:00:00,111.92099026378988
2011-12-25 11:00:00,141.7273339034256
2011-12-25 12:00:00,164.87136369622743
2011-12-25 13:00:00,154.52316433718377
2011-12-25 14:00:00,156.88544861162387
2011-12-25 15:00:00,167.02890334445843
2011-12-25 16:00:00,187.49629397416635
2011-12-25 17:00:00,117.03760228940236
2011-12-25 18:00:00,104.32889409277738
2011-12-25 19:00:00,76.26588888774819
2011-12-25 20:00:00,61.11380140617706
2011-12-25 21:00:00,43.68072435681097
2011-12-25 22:00:00,27.29352956883876
2011-12-25 23:00:00,0
2011-12-26 00:00:00,0
2011-12-26 01:00:00,0
2011-12-26 02:00:00,0
2011-12-26 04:00:00,0
2011-12-26 05:00:00,0
2011-12-26 06:00:00,0
2011-12-26 07:00:00,9.854293149928424
2011-12-26 08:00:00,122.81923613020932
2011-12-26 09:00:00,48.42685201583727
2011-12-26 10:00:00,59.156760460942266
2011-12-26 11:00:00,50.431685396495226
2011-12-26 12:00:00,101.7971391527633
2011-12-26 13:00:00,126.36471271926749
2011-12-26 14:00:00,114.4429994034121
2011-12-26 15:00:00,125.02689125902378
2011-12-26 16:00:00,101.20625076279859
2011-12-26 17:00:00,141.86162169083065
2011-12-26 18:00:00,137.3789417607174
2011-12-26 19:00:00,99.1508100101286
2011-12-26 20:00:00,63.714275043690776
2011-12-26 21:00:00,39.514075285608975
2011-12-26 22:00:00,14.765563123811287
2011-12-26 23:00:00,0
2011-12-27 00:00:00,0
2011-12-27 01:00:00,11.457304804221728
2011-12-27 02:00:00,7.732658327023566
2011-12-27 03:00:00,2.7185277513866284
2011-12-27 04:00:00,7.055849903973864
2011-12-27 05:00:00,5.329635285336961
2011-12-27 06:00:00,44.60739316786786
2011-12-27 07:00:00,113.6274040516182
2011-12-27 08:00:00,260.4821153971136
2011-12-27 09:00:00,94.2278664772829
2011-12-27 10:00:00,60.63067936244654
2011-12-27 11:00:00,34.50695015055248
2011-12-27 12:00:00,26.27023298990835
2011-12-27 13:00:00,19.12560141291135
2011-12-27 14:00:00,0
2011-12-27 15:00:00,0
2011-12-27 16:00:00,1.528979887849717
2011-12-27 17:00:00,91.29047993839227
2011-12-27 18:00:00,124.2546981203859
2011-12-27 19:00:00,105.83398990341644
2011-12-27 20:00:00,87.29362233370156
2011-12-27 21:00:00,87.77031392289258
2011-12-27 22:00:00,62.827594054043644
2011-12-27 23:00:00,28.393798366024594
2011-12-28 00:00:00,0
2011-12-28 01:00:00,7.07988898910418
2011-12-28 02:00:00,0
2011-12-28 03:00:00,0
2011-12-28 05:00:00,3.6010558264940804
2011-12-28 06:00:00,49.39636984238898
2011-12-28 07:00:00,140.63881866710472
2011-12-28 08:00:00,283.55894007466105
2011-12-28 09:00:00,140.32160590051015
2011-12-28 10:00:00,66.02879556298952
2011-12-28 11:00:00,63.33093799029891
2011-12-28 12:00:00,63.96248570150745
2011-12-28 13:00:00,72.12818001574198
2011-12-28 14:00:00,45.48384437902402
2011-12-28 15:00:00,54.670256215280126
2011-12-28 16:00:00,66.9323242210787
2011-12-28 17:00:00,171.82277892326775
2011-12-28 18:00:00,147.00478173617793
2011-12-28 19:00:00,122.5575307160635
2011-12-28 20:00:00,92.13062596212127
2011-12-28 21:00:00,74.11190389487484
2011-12-28 22:00:00,50.92794007383437
2011-12-28 23:00:00,14.317147825430894
2011-12-29 00:00:00,0
2011-12-29 01:00:00,0
2011-12-29 02:00:00,0
2011-12-29 03:00:00,0
2011-12-29 04:00:00,0
2011-12-29 05:00:00,4.5912624119363645
2011-12-29 06:00:00,43.14968131280923
2011-12-29 07:00:00,117.16292397178005
2011-12-29 08:00:00,238.53169356470033
2011-12-29 09:00:00,128.8551408612988
2011-12-29 10:00:00,47.70712535865579
2011-12-29 11:00:00,54.198587301909924
2011-12-29 12:00:00,70.8015413243513
2011-12-29 13:00:00,71.3905750076714
2011-12-29 14:00:00,51.414909447597815
2011-12-29 15:00:00,57.9159666141874
2011-12-29 16:00:00,95.17951600721628
2011-12-29 17:00:00,207.8918563045276
2011-12-29 18:00:00,201.61846323388457
2011-12-29 19:00:00,140.50006016049568
2011-12-29 20:00:00,105.57784806666253
2011-12-29 21:00:00,70.77271134305201
2011-12-29 22:00:00,61.77227945518338
2011-12-29 23:00:00,31.254426461775214
2011-12-30 00:00:00,0
2011-12-30 01:00:00,6.927784076849492
2011-12-30 02:00:00,7.300026083394133
2011-12-30 03:00:00,4.574302272443546
2011-12-30 04:00:00,7.578004988242362
2011-12-30 05:00:00,11.972085689133054
2011-12-30 06:00:00,42.77582160100851
2011-12-30 07:00:00,110.77291878273937
2011-12-30 08:00:00,239.23115773553496
2011-12-30 09:00:00,154.31117242024973
2011-12-30 10:00:00,59.28060705299855
2011-12-30 11:00:00,83.42866776091807
2011-12-30 12:00:00,104.53211915116958
2011-12-30 13:00:00,119.43757103771478
2011-12-30 14:00:00,118.09640447043095
2011-12-30 15:00:00,125.6716266816796
2011-12-30 16:00:00,163.51192663442245
2011-12-30 17:00:00,222.14850984495993
2011-12-30 18:00:00,197.1574202581705
2011-12-30 19:00:00,88.474033582025
2011-12-30 20:00:00,72.43620484266495
2011-12-30 21:00:00,66.23955977290255
2011-12-30 22:00:00,72.23121028872416
2011-12-30 23:00:00,48.3901963068581
2011-12-31 00:00:00,4.818964609520731
2011-12-31 01:00:00,16.72193159249163
2011-12-31 02:00:00,3.28898929160602
2011-12-31 03:00:00,0
2011-12-31 04:00:00,0
2011-12-31 05:00:00,0
2011-12-31 06:00:00,0
2011-12-31 07:00:00,0
2011-12-31 08:00:00,33.53037988117443
2011-12-31 09:00:00,97.96245169824809
2011-12-31 10:00:00,165.15773956865002
2011-12-31 11:00:00,199.68808661481256
2011-12-31 12:00:00,286.94810202258174
2011-12-31 13:00:00,285.9741503991948
2011-12-31 14:00:00,248.28087402317544
2011-12-31 15:00:00,231.76987752466027
2011-12-31 16:00:00,195.52351653773945
2011-12-31 17:00:00,180.09421376239692
2011-12-31 18:00:00,153.03584294494578
2011-12-31 19:00:00,116.04285250422811
2011-12-31 20:00:00,82.14046667014442
2011-12-31 21:00:00,69.58323986644764
2011-12-31 22:00:00,61.80034484568618
2011-12-31 23:00:00,56.10806005077312
2012-01-20 00:00:00,2.4089920133368183
2012-01-20 01:00:00,6.190604166254044
2012-01-20 02:00:00,0
2012-01-20 03:00:00,0
2012-01-20 04:00:00,0
2012-01-20 05:00:00,8.89714954457769
2012-01-20 06:00:00,69.02127956569893
2012-01-20 07:00:00,235.64327919814306
2012-01-20 08:00:00,450.8022485613389
2012-01-20 09:00:00,248.74945993433937
2012-01-20 10:00:00,103.35234167337029
2012-01-20 11:00:00,112.03362366526322
2012-01-20 12:00:00,146.82427735888547
2012-01-20 13:00:00,156.17336277058664
2012-01-20 14:00:00,142.4787048548623
2012-01-20 15:00:00,168.75068436252224
2012-01-20 16:00:00,233.93906339117575
2012-01-20 17:00:00,349.5508156903895
2012-01-20 18:00:00,294.80824987452337
2012-01-20 19:00:00,220.92173455859302
2012-01-20 20:00:00,130.44369658073234
2012-01-20 21:00:00,98.98051946644644
2012-01-20 22:00:00,89.8731757258993
2012-01-20 23:00:00,42.490154636051116
2012-01-21 00:00:00,3.5728778866773325
2012-01-21 01:00:00,26.45147155852618
2012-01-21 02:00:00,18.173128243554665
2012-01-21 03:00:00,11.582191572603689
2012-01-21 04:00:00,0
2012-01-21 05:00:00,0
2012-01-21 06:00:00,0
2012-01-21 07:00:00,0
2012-01-21 08:00:00,57.8474198721731
2012-01-21 09:00:00,122.85633920895916
2012-01-21 10:00:00,141.8191041745592
2012-01-21 11:00:00,232.6858222758539
2012-01-21 12:00:00,285.4824130700942
2012-01-21 13:00:00,262.7795680256034
2012-01-21 14:00:00,216.968759434544
2012-01-21 15:00:00,216.26970834973957
2012-01-21 16:00:00,229.37306309553753
2012-01-21 17:00:00,139.70545370855277
2012-01-21 18:00:00,127.10408744635407
2012-01-21 19:00:00,90.7594226824627
2012-01-21 20:00:00,79.08698008622395
2012-01-21 21:00:00,72.87813408252389
2012-01-21 22:00:00,69.8844171825781
2012-01-21 23:00:00,45.87447083331639
2012-01-22 00:00:00,10.103228701182424
2012-01-22 01:00:00,34.48819293886624
2012-01-22 02:00:00,18.801567220711487
2012-01-22 03:00:00,0
2012-01-22 04:00:00,0
2012-01-22 05:00:00,0
2012-01-22 06:00:00,0
2012-01-22 07:00:00,0
2012-01-22 08:00:00,47.92674473087353
2012-01-22 09:00:00,113.5675229185733
2012-01-22 10:00:00,178.62536696127657
2012-01-22 11:00:00,138.32735724047816
2012-01-22 12:00:00,259.7283289281354
2012-01-22 13:00:00,259.34660510345765
2012-01-22 14:00:00,250.08750058020215
2012-01-22 15:00:00,232.40195889940082
2012-01-22 16:00:00,228.48526724528728
2012-01-22 17:00:00,120.45781740319715
2012-01-22 18:00:00,32.39637349724372
2012-01-22 19:00:00,37.129535660430015
2012-01-22 20:00:00,29.20527696291814
2012-01-22 21:00:00,10.713066502458473
2012-01-22 22:00:00,52.79652130054881
2012-01-22 23:00:00,21.686417590026792
2012-01-23 00:00:00,0
2012-01-23 01:00:00,0
2012-01-23 02:00:00,0
2012-01-23 03:00:00,0
2012-01-23 04:00:00,0
2012-01-23 05:00:00,0
2012-01-23 06:00:00,68.93675574277658
2012-01-23 07:00:00,122.47504581098457
2012-01-23 08:00:00,269.78144436087973
2012-01-23 09:00:00,216.618081085278
2012-01-23 10:00:00,78.76050938305723
2012-01-23 11:00:00,72.19009334053244
2012-01-23 12:00:00,95.73539629192027
2012-01-23 13:00:00,72.98525749807325
2012-01-23 14:00:00,55.10042162924162
2012-01-23 15:00:00,91.06831744216113
2012-01-23 16:00:00,143.4640084324532
2012-01-23 17:00:00,241.70988466322393
2012-01-23 18:00:00,231.283703561259
2012-01-23 19:00:00,231.65459729582093
2012-01-23 20:00:00,147.58410555044
2012-01-23 21:00:00,100.65623356164733
2012-01-23 22:00:00,56.30350006769079
2012-01-23 23:00:00,20.21768962899538
2012-01-24 00:00:00,0
2012-01-24 01:00:00,0
2012-01-24 02:00:00,0
2012-01-24 03:00:00,0
2012-01-24 04:00:00,0
2012-01-24 05:00:00,1.7468235879112717
2012-01-24 06:00:00,82.51069935040952
2012-01-24 07:00:00,259.4748317625384
2012-01-24 08:00:00,481.9583879605622
2012-01-24 09:00:00,250.43283547580106
2012-01-24 10:00:00,103.09820434448665
2012-01-24 11:00:00,110.46858475157859
2012-01-24 12:00:00,123.76623688679673
2012-01-24 13:00:00,124.24361768286883
2012-01-24 14:00:00,116.17117699904588
2012-01-24 15:00:00,149.86478746435918
2012-01-24 16:00:00,243.9122762982172
2012-01-24 17:00:00,489.5344769598834
2012-01-24 18:00:00,470.40131845700495
2012-01-24 19:00:00,357.0513272144003
2012-01-24 20:00:00,197.90194056812464
2012-01-24 21:00:00,179.02695593837007
2012-01-24 22:00:00,100.04492549329204
2012-01-24 23:00:00,54.140237463573584
2012-01-25 00:00:00,0
2012-01-25 01:00:00,5.735593096272753
2012-01-25 02:00:00,1.715316161520742
2012-01-25 03:00:00,1.106809378518781
2012-01-25 04:00:00,0
2012-01-25 05:00:00,12.92415821746188
2012-01-25 06:00:00,96.74617445717298
2012-01-25 07:00:00,300.15553146047387
2012-01-25 08:00:00,495.90106344824414
2012-01-25 09:00:00,244.4885388533843
2012-01-25 10:00:00,103.4118925806255
2012-01-25 11:00:00,100.19592209083334
2012-01-25 12:00:00,164.63341782423424
2012-01-25 13:00:00,158.33164292705393
2012-01-25 14:00:00,139.44030039961046
2012-01-25 15:00:00,171.99669297470328
2012-01-25 16:00:00,221.24125882488087
2012-01-25 17:00:00,423.9184241678655
2012-01-25 18:00:00,403.5423427525163
2012-01-25 19:00:00,305.27417485479054
2012-01-25 20:00:00,201.45129632892588
2012-01-25 21:00:00,140.04027403832737
2012-01-25 22:00:00,104.0725726566032
2012-01-25 23:00:00,50.771178832083805
2012-01-26 00:00:00,5.155485990993609
2012-01-26 01:00:00,9.253671054680675
2012-01-26 02:00:00,2.502300868741823
2012-01-26 03:00:00,3.0544078556182823
2012-01-26 04:00:00,4.456392576162289
2012-01-26 05:00:00,17.129934078590555
2012-01-26 06:00:00,96.37828602704832
2012-01-26 07:00:00,294.4633142163378
2012-01-26 08:00:00,518.7328161823245
2012-01-26 09:00:00,257.59857833387684
2012-01-26 10:00:00,100.49657371591711
2012-01-26 11:00:00,105.3503664419366
2012-01-26 12:00:00,137.69962558369755
2012-01-26 13:00:00,152.8503206509381
2012-01-26 14:00:00,142.35945773857404
2012-01-26 15:00:00,154.1408825224505
2012-01-26 16:00:00,237.58896357468095
2012-01-26 17:00:00,448.8908125402435
2012-01-26 18:00:00,485.83545984017326
2012-01-26 19:00:00,317.6191207365221
2012-01-26 20:00:00,200.45733641421336
2012-01-26 21:00:00,172.36882094468746
2012-01-26 22:00:00,131.04084974901565
2012-01-26 23:00:00,83.22081830476267
2012-01-27 00:00:00,21.43106585150251
2012-01-27 01:00:00,9.303845249411966
2012-01-27 02:00:00,1.7140807329970222
2012-01-27 03:00:00,0
2012-01-27 04:00:00,0
2012-01-27 05:00:00,0.021550071245015623
2012-01-27 06:00:00,79.99713922110584
2012-01-27 07:00:00,260.53098758324626
2012-01-27 08:00:00,329.1502121150213
2012-01-27 09:00:00,202.03211138615117
2012-01-27 10:00:00,94.07592406315155
2012-01-27 11:00:00,177.6779931964747
2012-01-27 12:00:00,223.25511486021946
2012-01-27 13:00:00,261.8620376331416
2012-01-27 14:00:00,223.36587681757356
2012-01-27 15:00:00,241.92878142446955
2012-01-27 16:00:00,282.7280229889477
2012-01-27 17:00:00,433.9013398643089
2012-01-27 18:00:00,354.87225977745953
2012-01-27 19:00:00,229.8882971292959
2012-01-27 20:00:00,157.1542810139786
2012-01-27 21:00:00,125.26388517663928
2012-01-27 22:00:00,109.63645176494221
2012-01-27 23:00:00,76.21758157008205
2012-01-28 00:00:00,55.18639640855052
2012-01-28 01:00:00,61.7330130829636
2012-01-28 02:00:00,34.86713147872578
2012-01-28 03:00:00,15.709033472425842
2012-01-28 04:00:00,1.9143430401228914
2012-01-28 05:00:00,3.05726442274844
2012-01-28 06:00:00,9.867799269696638
2012-01-28 07:00:00,22.947346429114916
2012-01-28 08:00:00,77.98224060229096
2012-01-28 09:00:00,152.36866215435717
2012-01-28 10:00:00,218.17569182888099
2012-01-28 11:00:00,271.16428509958325
2012-01-28 12:00:00,312.4680914451858
2012-01-28 13:00:00,342.0209549502108
2012-01-28 14:00:00,354.09579237328853
2012-01-28 15:00:00,348.09818941880883
2012-01-28 16:00:00,352.226731121513
2012-01-28 17:00:00,332.68385058639
2012-01-28 18:00:00,261.60404557402495
2012-01-28 19:00:00,189.40563488222557
2012-01-28 20:00:00,178.35221533588054
2012-01-28 21:00:00,123.54971057188722
2012-01-28 22:00:00,134.62780089877964
2012-01-28 23:00:00,81.79707578703395
2012-01-29 00:00:00,38.47678645464645
2012-01-29 01:00:00,23.503294804888437
2012-01-29 02:00:00,7.20478595143363
2012-01-29 03:00:00,0
2012-01-29 04:00:00,0
2012-01-29 05:00:00,0
2012-01-29 06:00:00,0
2012-01-29 07:00:00,0
2012-01-29 08:00:00,29.901648824512222
2012-01-29 09:00:00,105.36538738350134
2012-01-29 10:00:00,189.89463774345066
2012-01-29 11:00:00,216.0829686497589
2012-01-29 12:00:00,303.3547477008548
2012-01-29 13:00:00,307.33138084186135
2012-01-29 14:00:00,280.6325184016483
2012-01-29 15:00:00,288.1265192836296
2012-01-29 16:00:00,273.4071583279177
2012-01-29 17:00:00,228.0288659454915
2012-01-29 18:00:00,139.3779525452654
2012-01-29 19:00:00,120.01370494222174
2012-01-29 20:00:00,96.68485583416992
2012-01-29 21:00:00,57.05669822418805
2012-01-29 22:00:00,47.40224226548972
2012-01-29 23:00:00,9.151999572714253
2012-01-30 00:00:00,0
2012-01-30 01:00:00,0
2012-01-30 02:00:00,0
2012-01-30 03:00:00,0
2012-01-30 04:00:00,0
2012-01-30 05:00:00,7.30906668301771
2012-01-30 06:00:00,71.63877094669891
2012-01-30 07:00:00,234.77936426520006
2012-01-30 08:00:00,430.6015004313367
2012-01-30 09:00:00,215.9824096313392
2012-01-30 10:00:00,76.8261615736498
2012-01-30 11:00:00,95.18398483465917
2012-01-30 12:00:00,128.89937648650246
2012-01-30 13:00:00,123.72346258544786
2012-01-30 14:00:00,118.36674299749929
2012-01-30 15:00:00,136.43083789195845
2012-01-30 16:00:00,226.51006063897037
2012-01-30 17:00:00,429.39693553378487
2012-01-30 18:00:00,403.08359476772756
2012-01-30 19:00:00,289.17417725421654
2012-01-30 20:00:00,181.11401204709168
2012-01-30 21:00:00,123.36423036797528
2012-01-30 22:00:00,79.83892941093649
2012-01-30 23:00:00,35.58813482280442
2012-01-31 00:00:00,0
2012-01-31 01:00:00,0
2012-01-31 02:00:00,0
2012-01-31 03:00:00,0
2012-01-31 04:00:00,0
2012-01-31 05:00:00,12.124304723820435
2012-01-31 06:00:00,89.48331605185842
2012-01-31 07:00:00,265.1965160001394
2012-01-31 08:00:00,498.75025130344625
2012-01-31 09:00:00,244.57505352276868
2012-01-31 10:00:00,110.11837081323418
2012-01-31 11:00:00,159.96318630945856
2012-01-31 12:00:00,180.0064101887313
2012-01-31 13:00:00,200.21471984540062
2012-01-31 14:00:00,191.19254213868606
2012-01-31 15:00:00,233.56570821418993
2012-01-31 16:00:00,317.0752881206485
2012-01-31 17:00:00,590.6898124195958
2012-01-31 18:00:00,569.7953386897362
2012-01-31 19:00:00,371.53459205542
2012-01-31 20:00:00,224.052868354991
2012-01-31 21:00:00,185.27051368886285
2012-01-31 22:00:00,113.40461473200548
2012-01-31 23:00:00,68.2597212197883
2012-02-20 00:00:00,58.342936684123444
2012-02-20 01:00:00,56.46377506961929
2012-02-20 02:00:00,38.111585496968225
2012-02-20 03:00:00,39.695328943615216
2012-02-20 05:00:00,0
2012-02-20 06:00:00,0
2012-02-20 07:00:00,50.84123992430532
2012-02-20 08:00:00,141.82015327515379
2012-02-20 09:00:00,101.26666674844049
2012-02-20 10:00:00,139.690135163648
2012-02-20 11:00:00,159.64181640324426
2012-02-20 12:00:00,210.56789510849893
2012-02-20 13:00:00,201.93577699150654
2012-02-20 14:00:00,217.59148546208056
2012-02-20 15:00:00,232.45722890553068
2012-02-20 16:00:00,259.47320426117267
2012-02-20 17:00:00,273.84522293167566
2012-02-20 18:00:00,231.51585853876753
2012-02-20 19:00:00,172.6057065787076
2012-02-20 20:00:00,116.93428598267836
2012-02-20 21:00:00,59.09657871767002
2012-02-20 22:00:00,42.1224652025113
2012-02-20 23:00:00,4.414925091068239
2012-02-21 00:00:00,0
2012-02-21 01:00:00,0
2012-02-21 02:00:00,0
2012-02-21 04:00:00,0
2012-02-21 05:00:00,3.276341509327813
2012-02-21 06:00:00,84.44819688285824
2012-02-21 07:00:00,254.98046163842656
2012-02-21 08:00:00,468.22483072535584
2012-02-21 09:00:00,237.539606625037
2012-02-21 10:00:00,107.72076485319234
2012-02-21 11:00:00,94.92719475869094
2012-02-21 12:00:00,134.1706710045351
2012-02-21 13:00:00,147.63917956905135
2012-02-21 14:00:00,106.24265076616533
2012-02-21 15:00:00,142.18531802173564
2012-02-21 16:00:00,212.8775697511941
2012-02-21 17:00:00,434.4930188560104
2012-02-21 18:00:00,432.7859901937423
2012-02-21 19:00:00,274.92985776456925
2012-02-21 20:00:00,198.59672579486045
2012-02-21 21:00:00,142.66759547883777
2012-02-21 22:00:00,101.52806515741463
2012-02-21 23:00:00,48.54976190027697
2012-02-22 00:00:00,5.632182694375636
2012-02-22 01:00:00,9.71631014334782
2012-02-22 02:00:00,0.7051809940688262
2012-02-22 03:00:00,6.700334187946044
2012-02-22 04:00:00,17.473430282503852
2012-02-22 05:00:00,22.26732498434729
2012-02-22 06:00:00,101.50144821900203
2012-02-22 07:00:00,324.5336506977091
2012-02-22 08:00:00,556.149628300045
2012-02-22 09:00:00,259.99845696954367
2012-02-22 10:00:00,134.54402666816165
2012-02-22 11:00:00,130.92499947473448
2012-02-22 12:00:00,181.48806303283266
2012-02-22 13:00:00,169.5806736709547
2012-02-22 14:00:00,147.57132069522
2012-02-22 15:00:00,218.6519663159008
2012-02-22 16:00:00,298.5682800996203
2012-02-22 17:00:00,568.8869488653825
2012-02-22 18:00:00,537.0107037907477
2012-02-22 19:00:00,346.93552996896034
2012-02-22 20:00:00,242.2820580924847
2012-02-22 21:00:00,175.1880636267411
2012-02-22 22:00:00,107.10058334667855
2012-02-22 23:00:00,75.11147969394659
2012-02-23 00:00:00,15.789827381729548
2012-02-23 01:00:00,0
2012-02-23 02:00:00,0
2012-02-23 03:00:00,0.880805329697856
2012-02-23 04:00:00,7.516644737199962
2012-02-23 05:00:00,17.03394531271799
2012-02-23 06:00:00,112.90687627491815
2012-02-23 07:00:00,325.30451951916746
2012-02-23 08:00:00,533.649228718526
2012-02-23 09:00:00,256.35932402884526
2012-02-23 10:00:00,129.17282784847276
2012-02-23 11:00:00,174.7390765464
2012-02-23 12:00:00,225.10685496124916
2012-02-23 13:00:00,247.7903136982818
2012-02-23 14:00:00,211.94552026394103
2012-02-23 15:00:00,240.7498462905631
2012-02-23 16:00:00,332.1510502925577
2012-02-23 17:00:00,597.281671981896
2012-02-23 18:00:00,613.6812995980808
2012-02-23 19:00:00,393.38045271772853
2012-02-23 20:00:00,288.3724536553157
2012-02-23 21:00:00,187.98737816574288
2012-02-23 22:00:00,126.2854976737171
2012-02-23 23:00:00,95.3537583965831
2012-02-24 00:00:00,35.311167863412244
2012-02-24 01:00:00,12.666991870710758
2012-02-24 02:00:00,0
2012-02-24 03:00:00,10.062179922579986
2012-02-24 04:00:00,9.812600765663108
2012-02-24 05:00:00,9.712262200521458
2012-02-24 06:00:00,95.76777094004504
2012-02-24 07:00:00,296.99139894201875
2012-02-24 08:00:00,528.8696110693279
2012-02-24 09:00:00,157.7626399531066
2012-02-24 10:00:00,75.55649536488083
2012-02-24 11:00:00,142.25054426744728
2012-02-24 12:00:00,193.65400045997848
2012-02-24 13:00:00,210.72423866104498
2012-02-24 14:00:00,205.55333403930285
2012-02-24 15:00:00,108.76658762430756
2012-02-24 16:00:00,114.89489329752996
2012-02-24 17:00:00,196.19600002624074
2012-02-24 18:00:00,256.80399324809264
2012-02-24 19:00:00,263.23517450035035
2012-02-24 20:00:00,200.26130370807235
2012-02-24 21:00:00,151.6639295481665
2012-02-24 22:00:00,115.06997671522453
2012-02-24 23:00:00,83.58717063303465
2012-02-25 00:00:00,86.48227766423757
2012-02-25 01:00:00,77.4057613843158
2012-02-25 02:00:00,28.698885215620223
2012-02-25 03:00:00,12.694823413158037
2012-02-25 04:00:00,0
2012-02-25 05:00:00,0
2012-02-25 06:00:00,4.713600426282995
2012-02-25 07:00:00,14.850537338834922
2012-02-25 08:00:00,73.94660655107197
2012-02-25 09:00:00,65.93172139660193
2012-02-25 10:00:00,208.9400551403807
2012-02-25 11:00:00,227.56354853294718
2012-02-25 12:00:00,287.2403931572784
2012-02-25 13:00:00,337.8066791799967
2012-02-25 14:00:00,306.51451560885664
2012-02-25 15:00:00,299.5979995976841
2012-02-25 16:00:00,235.57733902911838
2012-02-25 17:00:00,224.32190514128843
2012-02-25 18:00:00,103.64164772509908
2012-02-25 19:00:00,122.44163024021545
2012-02-25 20:00:00,86.57989333986028
2012-02-25 21:00:00,67.34509590712888
2012-02-25 22:00:00,56.39446273100287
2012-02-25 23:00:00,50.45443896709062
2012-02-26 00:00:00,18.265258281962346
2012-02-26 01:00:00,29.704551498257345
2012-02-26 02:00:00,7.398205662761889
2012-02-26 03:00:00,0
2012-02-26 04:00:00,0
2012-02-26 05:00:00,0
2012-02-26 06:00:00,0
2012-02-26 07:00:00,0
2012-02-26 08:00:00,36.88961232821086
2012-02-26 09:00:00,118.62507047721587
2012-02-26 10:00:00,192.7434342366666
2012-02-26 11:00:00,219.4603235903616
2012-02-26 12:00:00,306.71595104100646
2012-02-26 13:00:00,323.28612062287993
2012-02-26 14:00:00,321.67060960911203
2012-02-26 15:00:00,312.6801181375115
2012-02-26 16:00:00,291.7991260295852
2012-02-26 17:00:00,245.06494171529243
2012-02-26 18:00:00,189.56117412552024
2012-02-26 19:00:00,149.83031574177255
2012-02-26 20:00:00,113.70620244400774
2012-02-26 21:00:00,70.93292359817814
2012-02-26 22:00:00,57.825460767594436
2012-02-26 23:00:00,26.19153881090597
2012-02-27 00:00:00,0
2012-02-27 01:00:00,0
2012-02-27 02:00:00,0
2012-02-27 03:00:00,0
2012-02-27 04:00:00,0
2012-02-27 05:00:00,14.144790503433336
2012-02-27 06:00:00,77.176819112977
2012-02-27 07:00:00,253.7209898868773
2012-02-27 08:00:00,453.0065288007596
2012-02-27 09:00:00,226.9693805336818
2012-02-27 10:00:00,101.01910259333056
2012-02-27 11:00:00,128.28903370894824
2012-02-27 12:00:00,191.37399886761443
2012-02-27 13:00:00,161.4747388548058
2012-02-27 14:00:00,182.3075400669548
2012-02-27 15:00:00,211.30535966702723
2012-02-27 16:00:00,305.00306704089047
2012-02-27 17:00:00,573.6544071843676
2012-02-27 18:00:00,552.4089827942158
2012-02-27 19:00:00,370.17428254543154
2012-02-27 20:00:00,267.44459202030407
2012-02-27 21:00:00,188.1409789755844
2012-02-27 22:00:00,108.04639635515176
2012-02-27 23:00:00,60.88659486052862
2012-02-28 00:00:00,26.686212832193526
2012-02-28 01:00:00,0
2012-02-28 02:00:00,0.8383502490374601
2012-02-28 03:00:00,0
2012-02-28 04:00:00,0
2012-02-28 05:00:00,7.8968502976387045
2012-02-28 06:00:00,78.3194541987713
2012-02-28 07:00:00,256.466250746577
2012-02-28 08:00:00,457.35033437062424
2012-02-28 09:00:00,231.00126971352395
2012-02-28 10:00:00,89.42973720762136
2012-02-28 11:00:00,130.0572556711064
2012-02-28 12:00:00,173.62672102272555
2012-02-28 13:00:00,166.76991177591202
2012-02-28 14:00:00,158.7186276425703
2012-02-28 15:00:00,172.88457126550833
2012-02-28 16:00:00,263.0789388474983
2012-02-28 17:00:00,497.89354568450045
2012-02-28 18:00:00,488.04339299718
2012-02-28 19:00:00,361.0207925164275
2012-02-28 20:00:00,222.72455846591043
2012-02-28 21:00:00,142.5761218126162
2012-02-28 22:00:00,103.13627075117269
2012-02-28 23:00:00,52.1676582885544
2012-02-29 00:00:00,14.65989329634928
2012-02-29 01:00:00,5.66343526747853
2012-02-29 02:00:00,0.7333344459095414
2012-02-29 03:00:00,6.008745771852507
2012-02-29 05:00:00,19.683492790639274
2012-02-29 06:00:00,100.60819467331991
2012-02-29 07:00:00,287.0053226539807
2012-02-29 08:00:00,538.0563083338576
2012-02-29 09:00:00,161.788010642825
2012-02-29 10:00:00,61.346900945818426
2012-02-29 11:00:00,34.2886928198129
2012-02-29 12:00:00,36.51740475345905
2012-02-29 13:00:00,95.49646474379786
2012-02-29 14:00:00,85.0550651438977
2012-02-29 15:00:00,132.61708112820386
2012-02-29 16:00:00,108.8515763629479
2012-02-29 17:00:00,324.27454213271164
2012-02-29 18:00:00,238.38618361509893
2012-02-29 19:00:00,274.4414869021965
2012-02-29 20:00:00,121.98084417857291
2012-02-29 21:00:00,102.06290397793053
2012-02-29 22:00:00,33.48267856441589
2012-02-29 23:00:00,11.177950549643393
2012-03-20 00:00:00,41.86799492403452
2012-03-20 01:00:00,1.495893527168871
2012-03-20 02:00:00,0
2012-03-20 03:00:00,0
2012-03-20 04:00:00,10.19668156065547
2012-03-20 05:00:00,20.969776029116183
2012-03-20 06:00:00,122.95925325404376
2012-03-20 07:00:00,186.23053704347203
2012-03-20 08:00:00,590.0313880909794
2012-03-20 09:00:00,270.13445143434285
2012-03-20 10:00:00,146.42327736678786
2012-03-20 11:00:00,164.554711027348
2012-03-20 12:00:00,204.1228348606894
2012-03-20 13:00:00,199.33570523049409
2012-03-20 14:00:00,195.95919932056904
2012-03-20 15:00:00,225.00785530428178
2012-03-20 16:00:00,368.8742224515445
2012-03-20 17:00:00,665.412438566833
2012-03-20 18:00:00,701.9041221609898
2012-03-20 19:00:00,453.09429661780786
2012-03-20 20:00:00,318.17527179749885
2012-03-20 21:00:00,236.8169176122901
2012-03-20 22:00:00,171.9310675816671
2012-03-20 23:00:00,89.88354703076567
2012-03-21 00:00:00,65.65500743418065
2012-03-21 01:00:00,24.17579046676219
2012-03-21 02:00:00,11.607732836338855
2012-03-21 03:00:00,0
2012-03-21 04:00:00,0
2012-03-21 05:00:00,25.21611736333447
2012-03-21 06:00:00,114.74430357468079
2012-03-21 07:00:00,200.31157775206302
2012-03-21 08:00:00,375.51341169476063
2012-03-21 09:00:00,312.86992250019847
2012-03-21 10:00:00,168.7834388493102
2012-03-21 11:00:00,177.3766893908997
2012-03-21 12:00:00,238.77270345444185
2012-03-21 13:00:00,208.0572737408085
2012-03-21 14:00:00,214.48063431302978
2012-03-21 15:00:00,247.60624179879267
2012-03-21 16:00:00,370.09801333739534
2012-03-21 17:00:00,729.0187758304152
2012-03-21 18:00:00,752.4638817677742
2012-03-21 19:00:00,528.5939107591255
2012-03-21 20:00:00,359.20898602783006
2012-03-21 21:00:00,251.61932053202455
2012-03-21 22:00:00,183.98779567522726
2012-03-21 23:00:00,134.67116806648212
2012-03-22 00:00:00,70.83194058250989
2012-03-22 01:00:00,29.858956695048825
2012-03-22 02:00:00,24.92621422977198
2012-03-22 03:00:00,16.7181728055059
2012-03-22 04:00:00,2.6383531624181753
2012-03-22 05:00:00,24.584920557923773
2012-03-22 06:00:00,136.1641299003746
2012-03-22 07:00:00,377.23613297114593
2012-03-22 08:00:00,637.7575825210156
2012-03-22 09:00:00,310.4218732630705
2012-03-22 10:00:00,156.7825714266778
2012-03-22 11:00:00,187.78951146424612
2012-03-22 12:00:00,224.73341610897234
2012-03-22 13:00:00,250.46085797782288
2012-03-22 14:00:00,244.25689099904474
2012-03-22 15:00:00,282.6238825500329
2012-03-22 16:00:00,417.4865358870043
2012-03-22 17:00:00,772.2068604912671
2012-03-22 18:00:00,775.7848358337199
2012-03-22 19:00:00,540.719711607447
2012-03-22 20:00:00,382.9159304472932
2012-03-22 21:00:00,277.07495102750596
2012-03-22 22:00:00,208.58561203302247
2012-03-22 23:00:00,142.0538856726297
2012-03-23 00:00:00,83.4502299578497
2012-03-23 01:00:00,23.536185273210197
2012-03-23 02:00:00,8.238401409715255
2012-03-23 03:00:00,24.88317420350865
2012-03-23 04:00:00,6.118337758109193
2012-03-23 05:00:00,27.673180157592583
2012-03-23 06:00:00,137.4514637030213
2012-03-23 07:00:00,351.0727438338366
2012-03-23 08:00:00,618.8111323893381
2012-03-23 09:00:00,320.6061954730135
2012-03-23 10:00:00,184.84398186316855
2012-03-23 11:00:00,256.9409719366414
2012-03-23 12:00:00,332.28375784086103
2012-03-23 13:00:00,351.5313846166408
2012-03-23 14:00:00,335.42357121745545
2012-03-23 15:00:00,364.26338731404957
2012-03-23 16:00:00,494.9935198136968
2012-03-23 17:00:00,762.7509883887517
2012-03-23 18:00:00,691.2815529730207
2012-03-23 19:00:00,480.8841146843002
2012-03-23 20:00:00,369.17975149565416
2012-03-23 21:00:00,275.031630362494
2012-03-23 22:00:00,230.80932249931345
2012-03-23 23:00:00,173.89167366926534
2012-03-24 00:00:00,172.09118915299814
2012-03-24 01:00:00,130.20715245214387
2012-03-24 02:00:00,91.30368941776732
2012-03-24 03:00:00,57.51271176961369
2012-03-24 04:00:00,21.811642813950947
2012-03-24 05:00:00,29.598050517906838
2012-03-24 06:00:00,56.37110270421299
2012-03-24 07:00:00,82.17100488091523
2012-03-24 08:00:00,167.64323657774898
2012-03-24 09:00:00,242.61879923371356
2012-03-24 10:00:00,337.98501331029127
2012-03-24 11:00:00,405.27072022569814
2012-03-24 12:00:00,349.42289271560264
2012-03-24 13:00:00,365.22896599834905
2012-03-24 14:00:00,342.93568700772516
2012-03-24 15:00:00,330.14124919624066
2012-03-24 16:00:00,234.499603493976
2012-03-24 17:00:00,266.918350659628
2012-03-24 18:00:00,153.91071523805425
2012-03-24 19:00:00,145.99757866629105
2012-03-24 20:00:00,59.4004113292782
2012-03-24 21:00:00,38.27698564192442
2012-03-24 22:00:00,29.741034013626606
2012-03-24 23:00:00,97.54369025822501
2012-03-25 00:00:00,80.80962396329835
2012-03-25 01:00:00,54.22353943657163
2012-03-25 02:00:00,0
2012-03-25 03:00:00,0
2012-03-25 04:00:00,0
2012-03-25 05:00:00,0
2012-03-25 06:00:00,5.694893676891163
2012-03-25 07:00:00,38.235232294175205
2012-03-25 08:00:00,112.69441407656703
2012-03-25 09:00:00,162.0775865671469
2012-03-25 10:00:00,272.34207555903487
2012-03-25 11:00:00,290.53939752144936
2012-03-25 12:00:00,340.91316626569244
2012-03-25 13:00:00,378.0989298349873
2012-03-25 14:00:00,373.5766812618042
2012-03-25 15:00:00,344.26316219609566
2012-03-25 16:00:00,434.392530516628
2012-03-25 17:00:00,409.7037910509506
2012-03-25 18:00:00,356.4475983600926
2012-03-25 19:00:00,269.2272767908184
2012-03-25 20:00:00,209.42251793391958
2012-03-25 21:00:00,160.25239697596254
2012-03-25 22:00:00,137.4211188256811
2012-03-25 23:00:00,113.42826014522205
2012-03-26 00:00:00,37.34331495543844
2012-03-26 01:00:00,11.427747981114585
2012-03-26 02:00:00,3.272485049462734
2012-03-26 03:00:00,3.5949743102211755
2012-03-26 04:00:00,0
2012-03-26 05:00:00,20.759387571116925
2012-03-26 06:00:00,124.87708283309242
2012-03-26 07:00:00,410.8547169184448
2012-03-26 08:00:00,617.6729228154167
2012-03-26 09:00:00,308.3289324742907
2012-03-26 10:00:00,165.49351011761988
2012-03-26 11:00:00,181.1443470544873
2012-03-26 12:00:00,245.4421047886005
2012-03-26 13:00:00,208.67651033743465
2012-03-26 14:00:00,227.6581664065885
2012-03-26 15:00:00,205.44314690027733
2012-03-26 16:00:00,304.6136998831024
2012-03-26 17:00:00,590.6919712495637
2012-03-26 18:00:00,530.3218887904311
2012-03-26 19:00:00,416.83388265012394
2012-03-26 20:00:00,232.10774948195822
2012-03-26 21:00:00,177.62028746133603
2012-03-26 22:00:00,121.08275933896296
2012-03-26 23:00:00,59.28813808832514
2012-03-27 00:00:00,17.421962272993667
2012-03-27 01:00:00,0
2012-03-27 02:00:00,0
2012-03-27 03:00:00,0
2012-03-27 04:00:00,0
2012-03-27 05:00:00,15.308906685543771
2012-03-27 06:00:00,102.27342200011486
2012-03-27 07:00:00,302.17301731754105
2012-03-27 08:00:00,506.3091109239554
2012-03-27 09:00:00,257.4570636515654
2012-03-27 10:00:00,123.64169614151484
2012-03-27 11:00:00,128.25128799565186
2012-03-27 12:00:00,185.62166473650475
2012-03-27 13:00:00,203.97970322008644
2012-03-27 14:00:00,204.00921412988413
2012-03-27 15:00:00,220.10753489266514
2012-03-27 16:00:00,323.1887020219398
2012-03-27 17:00:00,612.0411496477739
2012-03-27 18:00:00,574.8206749956967
2012-03-27 19:00:00,452.77203542031964
2012-03-27 20:00:00,304.41063557811424
2012-03-27 21:00:00,191.94707759447468
2012-03-27 22:00:00,151.62482637449278
2012-03-27 23:00:00,96.74668724883513
2012-03-28 00:00:00,40.37112465917658
2012-03-28 01:00:00,11.662776095059208
2012-03-28 02:00:00,4.441953532843066
2012-03-28 03:00:00,8.650434945677702
2012-03-28 04:00:00,8.163634920883416
2012-03-28 05:00:00,38.72727822440964
2012-03-28 06:00:00,125.31289683984456
2012-03-28 07:00:00,359.22796339054236
2012-03-28 08:00:00,627.3674948830594
2012-03-28 09:00:00,294.7844038658672
2012-03-28 10:00:00,179.39244954753747
2012-03-28 11:00:00,222.11287187477143
2012-03-28 12:00:00,271.69366860189984
2012-03-28 13:00:00,286.94588709946566
2012-03-28 14:00:00,278.7838905084014
2012-03-28 15:00:00,286.1617040155411
2012-03-28 16:00:00,333.9448693932756
2012-03-28 17:00:00,764.9093906184705
2012-03-28 18:00:00,763.1759460204071
2012-03-28 19:00:00,543.2880864800173
2012-03-28 20:00:00,388.65826442369905
2012-03-28 21:00:00,268.63402191920517
2012-03-28 22:00:00,204.69011552079496
2012-03-28 23:00:00,129.66429578816658
2012-03-29 00:00:00,86.5708594606977
2012-03-29 01:00:00,41.86073905489536
2012-03-29 02:00:00,51.86539585679829
2012-03-29 03:00:00,43.371212075122834
2012-03-29 04:00:00,43.41258570300508
2012-03-29 05:00:00,56.0546294717841
2012-03-29 06:00:00,149.52074897852376
2012-03-29 07:00:00,438.5591213657496
2012-03-29 08:00:00,688.8262367075096
2012-03-29 09:00:00,336.2643468460944
2012-03-29 10:00:00,168.7005434286915
2012-03-29 11:00:00,226.6742408321284
2012-03-29 12:00:00,259.6606936903251
2012-03-29 13:00:00,244.304390252686
2012-03-29 14:00:00,241.4075570143978
2012-03-29 15:00:00,280.53659457942854
2012-03-29 16:00:00,386.53936045866567
2012-03-29 17:00:00,694.4201712989953
2012-03-29 18:00:00,660.9870910050782
2012-03-29 19:00:00,461.3952077705206
2012-03-29 20:00:00,322.7677507524586
2012-03-29 21:00:00,224.93106011986575
2012-03-29 22:00:00,166.00807591695266
2012-03-29 23:00:00,118.18432885568939
2012-03-30 00:00:00,63.89698936492704
2012-03-30 01:00:00,19.84598136928667
2012-03-30 02:00:00,15.288159972188922
2012-03-30 03:00:00,0.6215850979989788
2012-03-30 04:00:00,12.969186649264714
2012-03-30 05:00:00,17.08277779834036
2012-03-30 06:00:00,101.58275716246622
2012-03-30 07:00:00,297.66583363349895
2012-03-30 08:00:00,553.340479566778
2012-03-30 09:00:00,294.4769845609014
2012-03-30 10:00:00,171.1557067845893
2012-03-30 11:00:00,185.00873284379253
2012-03-30 12:00:00,234.47148377202592
2012-03-30 13:00:00,191.61635696389646
2012-03-30 14:00:00,156.78752825345913
2012-03-30 15:00:00,179.51892790028802
2012-03-30 16:00:00,169.1146971320098
2012-03-30 17:00:00,523.9672181737628
2012-03-30 18:00:00,487.1701875032106
2012-03-30 19:00:00,347.28100131951425
2012-03-30 20:00:00,205.00527542772886
2012-03-30 21:00:00,171.5658590490686
2012-03-30 22:00:00,152.72903836841851
2012-03-30 23:00:00,127.97044531287726
2012-03-31 00:00:00,99.9796569572303
2012-03-31 01:00:00,76.66623216978212
2012-03-31 02:00:00,49.635231350269336
2012-03-31 03:00:00,17.689055802932764
2012-03-31 04:00:00,14.718159938235521
2012-03-31 05:00:00,10.911612313891823
2012-03-31 06:00:00,19.023330675166275
2012-03-31 07:00:00,43.39368097709324
2012-03-31 08:00:00,126.30207656062883
2012-03-31 09:00:00,205.21376310100234
2012-03-31 10:00:00,292.42631547905927
2012-03-31 11:00:00,405.36595809367134
2012-03-31 12:00:00,469.98232025294624
2012-03-31 13:00:00,540.033082868259
2012-03-31 14:00:00,457.6893446373853
2012-03-31 15:00:00,467.7873693996605
2012-03-31 16:00:00,419.38802074258354
2012-03-31 17:00:00,428.8093797767858
2012-03-31 18:00:00,254.42175453013235
2012-03-31 19:00:00,239.9988732876531
2012-03-31 20:00:00,165.4365888722595
2012-03-31 21:00:00,138.038693467007
2012-03-31 22:00:00,117.44213303117411
2012-03-31 23:00:00,89.3872284882761
2012-04-20 00:00:00,71.18540088076367
2012-04-20 01:00:00,38.28105706208204
2012-04-20 02:00:00,11.325741062150087
2012-04-20 03:00:00,7.944726643750021
2012-04-20 04:00:00,0.8904478410567922
2012-04-20 05:00:00,17.527968443812103
2012-04-20 06:00:00,126.49205609538012
2012-04-20 07:00:00,337.9359013473483
2012-04-20 08:00:00,612.8968190569484
2012-04-20 09:00:00,334.1441261451662
2012-04-20 10:00:00,213.01581093088384
2012-04-20 11:00:00,249.61903981400084
2012-04-20 12:00:00,318.91009324232937
2012-04-20 13:00:00,362.7263963382578
2012-04-20 14:00:00,331.60464284684707
2012-04-20 15:00:00,354.743931454085
2012-04-20 16:00:00,493.19792212435294
2012-04-20 17:00:00,741.7159837598175
2012-04-20 18:00:00,673.2806015045205
2012-04-20 19:00:00,478.81730029588806
2012-04-20 20:00:00,310.1326489250805
2012-04-20 21:00:00,248.5492367311289
2012-04-20 22:00:00,203.5262682781976
2012-04-20 23:00:00,161.80583992942908
2012-04-21 00:00:00,152.8895275920441
2012-04-21 01:00:00,117.4379829166141
2012-04-21 02:00:00,95.10932530859793
2012-04-21 03:00:00,44.85498857629675
2012-04-21 04:00:00,17.99950337723597
2012-04-21 05:00:00,33.07262152715319
2012-04-21 06:00:00,66.74539495185086
2012-04-21 07:00:00,99.43991339865477
2012-04-21 08:00:00,196.04931076540322
2012-04-21 09:00:00,271.7912842416657
2012-04-21 10:00:00,419.3601901728604
2012-04-21 11:00:00,518.6052850638251
2012-04-21 12:00:00,571.1478074121569
2012-04-21 13:00:00,597.9368399841508
2012-04-21 14:00:00,589.2566258161328
2012-04-21 15:00:00,613.8022159297157
2012-04-21 16:00:00,601.1463110966529
2012-04-21 17:00:00,604.2951975961828
2012-04-21 18:00:00,469.5391368577149
2012-04-21 19:00:00,222.87265284854962
2012-04-21 20:00:00,103.60954922361377
2012-04-21 21:00:00,68.8329261319315
2012-04-21 22:00:00,165.8126511611132
2012-04-21 23:00:00,125.91492070424454
2012-04-22 00:00:00,114.02693350370602
2012-04-22 01:00:00,84.5656320195247
2012-04-22 02:00:00,68.77140153783003
2012-04-22 03:00:00,13.375840120221323
2012-04-22 04:00:00,10.091532209708598
2012-04-22 05:00:00,1.6705668091678314
2012-04-22 06:00:00,24.909053997641383
2012-04-22 07:00:00,0
2012-04-22 08:00:00,35.228150329659115
2012-04-22 09:00:00,61.65734774592082
2012-04-22 10:00:00,162.73600313809493
2012-04-22 11:00:00,174.62493891247703
2012-04-22 12:00:00,231.25015135553951
2012-04-22 13:00:00,243.22111014827547
2012-04-22 14:00:00,223.22246887014583
2012-04-22 15:00:00,211.75462348147443
2012-04-22 16:00:00,138.2588253546475
2012-04-22 17:00:00,129.82638531760932
2012-04-22 18:00:00,42.03899103352368
2012-04-22 19:00:00,34.69754981618759
2012-04-22 20:00:00,12.46019082980685
2012-04-22 21:00:00,0
2012-04-22 22:00:00,0
2012-04-22 23:00:00,0
2012-04-23 00:00:00,0
2012-04-23 01:00:00,0
2012-04-23 02:00:00,0
2012-04-23 03:00:00,0
2012-04-23 04:00:00,0
2012-04-23 05:00:00,0
2012-04-23 06:00:00,86.54654682849906
2012-04-23 07:00:00,147.00759497750818
2012-04-23 08:00:00,502.08215997204127
2012-04-23 09:00:00,246.4511952158272
2012-04-23 10:00:00,115.67321363508299
2012-04-23 11:00:00,117.27914135909094
2012-04-23 12:00:00,71.20045725425632
2012-04-23 13:00:00,76.01110493018842
2012-04-23 14:00:00,34.317487852924415
2012-04-23 15:00:00,149.2610738646591
2012-04-23 16:00:00,105.97938034944472
2012-04-23 17:00:00,250.46349797460337
2012-04-23 18:00:00,296.5292518733087
2012-04-23 19:00:00,334.48115524088763
2012-04-23 20:00:00,189.78910354203424
2012-04-23 21:00:00,131.1253232118815
2012-04-23 22:00:00,97.79401737589308
2012-04-23 23:00:00,50.32715295388745
2012-04-24 00:00:00,5.147900778775029
2012-04-24 01:00:00,0
2012-04-24 02:00:00,0
2012-04-24 03:00:00,0
2012-04-24 04:00:00,0
2012-04-24 05:00:00,8.62946445219432
2012-04-24 06:00:00,101.18544218711162
2012-04-24 07:00:00,324.70112075016897
2012-04-24 08:00:00,572.533337119456
2012-04-24 09:00:00,295.2125246571186
2012-04-24 10:00:00,158.9230486938389
2012-04-24 11:00:00,211.43344794277593
2012-04-24 12:00:00,253.4360406137244
2012-04-24 13:00:00,271.2853592340465
2012-04-24 14:00:00,244.59146726447966
2012-04-24 15:00:00,270.5032680550996
2012-04-24 16:00:00,378.1399965098532
2012-04-24 17:00:00,695.4980634632294
2012-04-24 18:00:00,654.3163982798915
2012-04-24 19:00:00,472.82628701146234
2012-04-24 20:00:00,317.7845324486691
2012-04-24 21:00:00,209.21430577360914
2012-04-24 22:00:00,162.32358931533005
2012-04-24 23:00:00,105.59540426048392
2012-04-25 00:00:00,67.93196303534376
2012-04-25 01:00:00,23.223771730773027
2012-04-25 02:00:00,6.522979082538657
2012-04-25 03:00:00,0
2012-04-25 04:00:00,3.590419998035984
2012-04-25 05:00:00,33.80970070079817
2012-04-25 06:00:00,126.4552660615325
2012-04-25 07:00:00,390.0816679646599
2012-04-25 08:00:00,640.5094312809906
2012-04-25 09:00:00,310.4692972547461
2012-04-25 10:00:00,209.21535264556618
2012-04-25 11:00:00,237.65436991939703
2012-04-25 12:00:00,288.02400608393316
2012-04-25 13:00:00,294.86489650693306
2012-04-25 14:00:00,277.7780533858994
2012-04-25 15:00:00,316.22246795693144
2012-04-25 16:00:00,404.21632009005697
2012-04-25 17:00:00,769.2235346180314
2012-04-25 18:00:00,751.5060008274365
2012-04-25 19:00:00,545.7988840361786
2012-04-25 20:00:00,379.81897127955517
2012-04-25 21:00:00,244.04034700620122
2012-04-25 22:00:00,181.2857889959173
2012-04-25 23:00:00,101.03328374912763
2012-04-26 00:00:00,52.560903568508635
2012-04-26 01:00:00,30.459780633390434
2012-04-26 02:00:00,16.93022944299665
2012-04-26 03:00:00,10.730957573963671
2012-04-26 04:00:00,2.981156580906597
2012-04-26 05:00:00,33.178586648081065
2012-04-26 06:00:00,134.75740551928186
2012-04-26 07:00:00,270.5090491649292
2012-04-26 08:00:00,472.51031052281616
2012-04-26 09:00:00,245.0510253427141
2012-04-26 10:00:00,146.69895165210858
2012-04-26 11:00:00,168.0876433963041
2012-04-26 12:00:00,221.38419415831828
2012-04-26 13:00:00,222.54472671745012
2012-04-26 14:00:00,217.93444062561682
2012-04-26 15:00:00,212.4964607572493
2012-04-26 16:00:00,309.9268766261375
2012-04-26 17:00:00,666.9738663175865
2012-04-26 18:00:00,612.7585350051809
2012-04-26 19:00:00,458.15194150297566
2012-04-26 20:00:00,363.2686461198701
2012-04-26 21:00:00,238.91419868365247
2012-04-26 22:00:00,191.3004702440769
2012-04-26 23:00:00,140.70964332541968
2012-04-27 00:00:00,63.76818546137526
2012-04-27 01:00:00,24.690102043778296
2012-04-27 02:00:00,20.407545033878527
2012-04-27 03:00:00,0.8389908723889121
2012-04-27 04:00:00,24.910366375874524
2012-04-27 05:00:00,54.327244903581956
2012-04-27 06:00:00,140.6900535181468
2012-04-27 07:00:00,341.5746177193545
2012-04-27 08:00:00,618.3798596154448
2012-04-27 09:00:00,332.1381474090188
2012-04-27 10:00:00,198.74337220216088
2012-04-27 11:00:00,245.2722015804843
2012-04-27 12:00:00,302.80149153180156
2012-04-27 13:00:00,302.2577845664506
2012-04-27 14:00:00,299.5984737161647
2012-04-27 15:00:00,321.7916104612514
2012-04-27 16:00:00,425.13318469035005
2012-04-27 17:00:00,691.6550858364153
2012-04-27 18:00:00,561.3782503474987
2012-04-27 19:00:00,416.6138881780717
2012-04-27 20:00:00,273.1618471558676
2012-04-27 21:00:00,216.55371052879866
2012-04-27 22:00:00,185.17718806172257
2012-04-27 23:00:00,139.17608970557052
2012-04-28 00:00:00,130.1371213995777
2012-04-28 01:00:00,70.83916012804244
2012-04-28 02:00:00,75.92876405731268
2012-04-28 03:00:00,19.978385902719083
2012-04-28 04:00:00,16.563822558916183
2012-04-28 05:00:00,25.86082448089769
2012-04-28 06:00:00,30.91428692200797
2012-04-28 07:00:00,56.0775495309634
2012-04-28 08:00:00,176.15496595266347
2012-04-28 09:00:00,238.3263947236382
2012-04-28 10:00:00,284.43303883530604
2012-04-28 11:00:00,356.1723022755605
2012-04-28 12:00:00,410.34504721463026
2012-04-28 13:00:00,457.37615323818227
2012-04-28 14:00:00,467.5927594231964
2012-04-28 15:00:00,435.647483869643
2012-04-28 16:00:00,410.2525524111334
2012-04-28 17:00:00,403.232858000174
2012-04-28 18:00:00,236.03593226256095
2012-04-28 19:00:00,141.9634041630937
2012-04-28 20:00:00,147.4633615799531
2012-04-28 21:00:00,41.732326446438385
2012-04-28 22:00:00,126.16303031842975
2012-04-28 23:00:00,102.27478369847188
2012-04-29 00:00:00,5.501461960625779
2012-04-29 01:00:00,63.75064530839737
2012-04-29 02:00:00,55.971381574874016
2012-04-29 03:00:00,8.528657838641625
2012-04-29 04:00:00,4.070779319086876
2012-04-29 05:00:00,19.12539971110169
2012-04-29 06:00:00,24.4421366242929
2012-04-29 07:00:00,41.692596042336376
2012-04-29 08:00:00,133.3776521690442
2012-04-29 09:00:00,205.0489568571992
2012-04-29 10:00:00,304.0561861793257
2012-04-29 11:00:00,379.95476994500586
2012-04-29 12:00:00,490.7505437532028
2012-04-29 13:00:00,498.60241575252627
2012-04-29 14:00:00,524.6905836030437
2012-04-29 15:00:00,532.1317793806096
2012-04-29 16:00:00,545.5879998539524
2012-04-29 17:00:00,535.2641502411097
2012-04-29 18:00:00,455.0570252841162
2012-04-29 19:00:00,362.11336255920384
2012-04-29 20:00:00,282.5902023213428
2012-04-29 21:00:00,190.91007479558453
2012-04-29 22:00:00,147.51446634808914
2012-04-29 23:00:00,107.3656904641293
2012-04-30 00:00:00,40.6996457022624
2012-04-30 01:00:00,8.46197055407987
2012-04-30 02:00:00,9.115183140084238
2012-04-30 03:00:00,0
2012-04-30 04:00:00,0
2012-04-30 05:00:00,18.743291531542816
2012-04-30 06:00:00,127.7583047481523
2012-04-30 07:00:00,374.82190128976316
2012-04-30 08:00:00,596.0981339127786
2012-04-30 09:00:00,289.7589876442709
2012-04-30 10:00:00,139.73626615397148
2012-04-30 11:00:00,185.5604248824672
2012-04-30 12:00:00,223.19131936718395
2012-04-30 13:00:00,211.67315065705708
2012-04-30 14:00:00,205.02876002837723
2012-04-30 15:00:00,223.42955088662836
2012-04-30 16:00:00,357.48054767655105
2012-04-30 17:00:00,688.7932814143709
2012-04-30 18:00:00,663.674394977964
2012-04-30 19:00:00,441.4100548495879
2012-04-30 20:00:00,276.8234614125591
2012-04-30 21:00:00,196.07150633501135
2012-04-30 22:00:00,145.421328892648
2012-04-30 23:00:00,80.45776908505103
2012-05-20 00:00:00,162.8887002208901
2012-05-20 01:00:00,119.55184681943034
2012-05-20 02:00:00,97.51610333106805
2012-05-20 03:00:00,61.17253808290117
2012-05-20 04:00:00,25.46999446385744
2012-05-20 05:00:00,32.628584802383585
2012-05-20 06:00:00,56.73146329539999
2012-05-20 07:00:00,98.85555196658851
2012-05-20 08:00:00,190.2294342411551
2012-05-20 09:00:00,316.5049513863964
2012-05-20 10:00:00,427.31905838807876
2012-05-20 11:00:00,514.3591392675622
2012-05-20 12:00:00,579.0675393514816
2012-05-20 13:00:00,600.0170598673649
2012-05-20 14:00:00,569.6805445126835
2012-05-20 15:00:00,533.5067870219714
2012-05-20 16:00:00,563.2206344384598
2012-05-20 17:00:00,534.4035634448474
2012-05-20 18:00:00,466.0269748832841
2012-05-20 19:00:00,371.56992347927695
2012-05-20 20:00:00,299.35701625269616
2012-05-20 21:00:00,229.43769739853786
2012-05-20 22:00:00,195.40502363723857
2012-05-20 23:00:00,47.255394407181726
2012-05-21 00:00:00,0
2012-05-21 01:00:00,0
2012-05-21 02:00:00,0
2012-05-21 03:00:00,0
2012-05-21 04:00:00,0
2012-05-21 05:00:00,0
2012-05-21 06:00:00,51.112580336097274
2012-05-21 07:00:00,197.90342402157333
2012-05-21 08:00:00,304.58855264974915
2012-05-21 09:00:00,174.9426068893079
2012-05-21 10:00:00,59.48535311684127
2012-05-21 11:00:00,166.9589692250865
2012-05-21 12:00:00,202.52889309287235
2012-05-21 13:00:00,111.48088085093575
2012-05-21 14:00:00,102.72745586805542
2012-05-21 15:00:00,242.5885043927898
2012-05-21 16:00:00,370.6760196171938
2012-05-21 17:00:00,701.531305710493
2012-05-21 18:00:00,748.5036049345723
2012-05-21 19:00:00,524.7008274641371
2012-05-21 20:00:00,359.67255727474117
2012-05-21 21:00:00,253.4289194327468
2012-05-21 22:00:00,176.10065087220923
2012-05-21 23:00:00,113.00696980474501
2012-05-22 00:00:00,60.216753899730406
2012-05-22 01:00:00,0
2012-05-22 02:00:00,0
2012-05-22 03:00:00,0
2012-05-22 04:00:00,0
2012-05-22 05:00:00,0
2012-05-22 06:00:00,73.44691587601665
2012-05-22 07:00:00,225.01747943481985
2012-05-22 08:00:00,605.6229676877895
2012-05-22 09:00:00,299.0041761380337
2012-05-22 10:00:00,174.30000093226937
2012-05-22 11:00:00,190.84265984184555
2012-05-22 12:00:00,251.87439469387363
2012-05-22 13:00:00,245.75612175519166
2012-05-22 14:00:00,212.94269966815222
2012-05-22 15:00:00,276.2801608069818
2012-05-22 16:00:00,412.3868233608482
2012-05-22 17:00:00,782.1969309876503
2012-05-22 18:00:00,786.2297373661377
2012-05-22 19:00:00,526.420353661709
2012-05-22 20:00:00,365.6371535342546
2012-05-22 21:00:00,269.02472451506924
2012-05-22 22:00:00,208.1481756569887
2012-05-22 23:00:00,133.1380420694666
2012-05-23 00:00:00,94.77276592447679
2012-05-23 01:00:00,26.014894682046172
2012-05-23 02:00:00,4.032591152184851
2012-05-23 03:00:00,16.76977692404386
2012-05-23 04:00:00,0
2012-05-23 05:00:00,0
2012-05-23 06:00:00,154.52371106202528
2012-05-23 07:00:00,442.7807737282971
2012-05-23 08:00:00,677.2527118289435
2012-05-23 09:00:00,333.07837162185473
2012-05-23 10:00:00,203.09707365336916
2012-05-23 11:00:00,232.57348063387738
2012-05-23 12:00:00,288.0558691083096
2012-05-23 13:00:00,256.3450834364425
2012-05-23 14:00:00,257.4678747267818
2012-05-23 15:00:00,269.3900714791977
2012-05-23 16:00:00,290.61898482848585
2012-05-23 17:00:00,564.0258973637766
2012-05-23 18:00:00,661.5285525982722
2012-05-23 19:00:00,454.7664735662148
2012-05-23 20:00:00,307.193490507503
2012-05-23 21:00:00,239.71571962665627
2012-05-23 22:00:00,181.26297982624752
2012-05-23 23:00:00,128.49907116222693
2012-05-24 00:00:00,73.72515117465807
2012-05-24 01:00:00,24.457859322647458
2012-05-24 02:00:00,10.930282988007875
2012-05-24 03:00:00,0
2012-05-24 04:00:00,6.360090378863198
2012-05-24 05:00:00,33.48242199766915
2012-05-24 06:00:00,151.1607769846367
2012-05-24 07:00:00,440.13710844645846
2012-05-24 08:00:00,707.5421357487518
2012-05-24 09:00:00,349.20257378060046
2012-05-24 10:00:00,199.8500169799931
2012-05-24 11:00:00,243.08999361799462
2012-05-24 12:00:00,308.10040107657613
2012-05-24 13:00:00,294.85125202112937
2012-05-24 14:00:00,256.09114417183173
2012-05-24 15:00:00,285.4836419679194
2012-05-24 16:00:00,418.6535803109266
2012-05-24 17:00:00,772.2187683866912
2012-05-24 18:00:00,766.8383531757813
2012-05-24 19:00:00,538.1576100817717
2012-05-24 20:00:00,379.0335280793438
2012-05-24 21:00:00,233.244661978947
2012-05-24 22:00:00,210.74102829653702
2012-05-24 23:00:00,140.25509569297756
2012-05-25 00:00:00,83.32195132353566
2012-05-25 01:00:00,31.57607677315871
2012-05-25 02:00:00,12.767317394124643
2012-05-25 03:00:00,0
2012-05-25 04:00:00,7.292219525077693
2012-05-25 05:00:00,32.31630415320947
2012-05-25 06:00:00,136.09985655949242
2012-05-25 07:00:00,367.083124802933
2012-05-25 08:00:00,623.8753600251209
2012-05-25 09:00:00,324.4215215047536
2012-05-25 10:00:00,226.93876200273996
2012-05-25 11:00:00,255.44542066922102
2012-05-25 12:00:00,329.4311373190195
2012-05-25 13:00:00,332.79088633084535
2012-05-25 14:00:00,292.6723623187651
2012-05-25 15:00:00,328.62965625822477
2012-05-25 16:00:00,449.36578001735154
2012-05-25 17:00:00,727.1901254662441
2012-05-25 18:00:00,672.4557091020928
2012-05-25 19:00:00,470.0504677771868
2012-05-25 20:00:00,354.5907155696754
2012-05-25 21:00:00,270.7538306499705
2012-05-25 22:00:00,244.1150884997302
2012-05-25 23:00:00,177.59042560188502
2012-05-26 00:00:00,180.35882330631802
2012-05-26 01:00:00,136.74111260751144
2012-05-26 02:00:00,96.65912675846596
2012-05-26 03:00:00,51.640437968581786
2012-05-26 04:00:00,40.10923377478339
2012-05-26 05:00:00,53.214892318170605
2012-05-26 06:00:00,85.61302516288863
2012-05-26 07:00:00,100.8389292613068
2012-05-26 08:00:00,236.77791797822294
2012-05-26 09:00:00,290.88677331608346
2012-05-26 10:00:00,408.33878028776985
2012-05-26 11:00:00,497.3709736411206
2012-05-26 12:00:00,547.178879897951
2012-05-26 13:00:00,579.1165478082119
2012-05-26 14:00:00,548.6936380494114
2012-05-26 15:00:00,555.0065400363
2012-05-26 16:00:00,529.1260925666252
2012-05-26 17:00:00,523.0736406691947
2012-05-26 18:00:00,489.2198750652958
2012-05-26 19:00:00,390.39658732445105
2012-05-26 20:00:00,320.8044066003062
2012-05-26 21:00:00,265.1988015952992
2012-05-26 22:00:00,230.1136253642095
2012-05-26 23:00:00,200.4004437523355
2012-05-27 00:00:00,173.65303513780665
2012-05-27 01:00:00,148.06434906666516
2012-05-27 02:00:00,106.8407212552049
2012-05-27 03:00:00,73.69438295654184
2012-05-27 04:00:00,27.03615412746006
2012-05-27 05:00:00,37.29716628892542
2012-05-27 06:00:00,71.80339693241469
2012-05-27 07:00:00,88.94995071337972
2012-05-27 08:00:00,176.06053448243784
2012-05-27 09:00:00,261.49202793775964
2012-05-27 10:00:00,397.47989129586904
2012-05-27 11:00:00,459.7045922912084
2012-05-27 12:00:00,514.3093296260636
2012-05-27 13:00:00,549.6965548329588
2012-05-27 14:00:00,508.92147043167114
2012-05-27 15:00:00,498.0773493614498
2012-05-27 16:00:00,506.9787611023247
2012-05-27 17:00:00,507.2283547088409
2012-05-27 18:00:00,471.18894593154266
2012-05-27 19:00:00,373.1165118682416
2012-05-27 20:00:00,300.28699312880616
2012-05-27 21:00:00,143.26876407502152
2012-05-27 22:00:00,79.73630349564415
2012-05-27 23:00:00,52.0102881731857
2012-05-28 00:00:00,125.30300698447023
2012-05-28 01:00:00,74.57647152054886
2012-05-28 02:00:00,48.927078333140095
2012-05-28 03:00:00,3.433898163611275
2012-05-28 04:00:00,1.754310016149054
2012-05-28 05:00:00,13.329275266207082
2012-05-28 06:00:00,43.25007893031024
2012-05-28 07:00:00,111.2176892509391
2012-05-28 08:00:00,273.9069834706007
2012-05-28 09:00:00,240.7475978520002
2012-05-28 10:00:00,301.69576130676506
2012-05-28 11:00:00,376.5987670669709
2012-05-28 12:00:00,485.549754595337
2012-05-28 13:00:00,496.243264536966
2012-05-28 14:00:00,478.63729216198396
2012-05-28 15:00:00,472.78369981336084
2012-05-28 16:00:00,505.96857637224673
2012-05-28 17:00:00,598.7515095752099
2012-05-28 18:00:00,537.4402181147153
2012-05-28 19:00:00,428.46250453785285
2012-05-28 20:00:00,335.11087400781804
2012-05-28 21:00:00,277.18664845763146
2012-05-28 22:00:00,204.06880209607982
2012-05-28 23:00:00,121.47258142534952
2012-05-29 00:00:00,75.70250020007407
2012-05-29 01:00:00,16.63765986912766
2012-05-29 02:00:00,6.505750012366475
2012-05-29 03:00:00,16.183612773605454
2012-05-29 04:00:00,13.49113967315572
2012-05-29 05:00:00,44.992953619809775
2012-05-29 06:00:00,168.3210232579611
2012-05-29 07:00:00,470.9012415631409
2012-05-29 08:00:00,660.8914784135058
2012-05-29 09:00:00,324.7291742419895
2012-05-29 10:00:00,190.0818148600014
2012-05-29 11:00:00,229.91915538053502
2012-05-29 12:00:00,283.25206291046584
2012-05-29 13:00:00,281.4838512171973
2012-05-29 14:00:00,250.0497008073781
2012-05-29 15:00:00,279.6555623786377
2012-05-29 16:00:00,393.7512536009322
2012-05-29 17:00:00,773.9968904073461
2012-05-29 18:00:00,747.6194655919414
2012-05-29 19:00:00,508.9815142864751
2012-05-29 20:00:00,247.99071009457728
2012-05-29 21:00:00,109.77462948026111
2012-05-29 22:00:00,155.0813330834654
2012-05-29 23:00:00,28.784469657095507
2012-05-30 00:00:00,0
2012-05-30 01:00:00,0
2012-05-30 02:00:00,0
2012-05-30 03:00:00,0
2012-05-30 04:00:00,0
2012-05-30 05:00:00,44.173337358934035
2012-05-30 06:00:00,154.28986761968577
2012-05-30 07:00:00,285.0601802360189
2012-05-30 08:00:00,690.0432000724193
2012-05-30 09:00:00,334.6894351338922
2012-05-30 10:00:00,191.5795980499228
2012-05-30 11:00:00,223.83961085511294
2012-05-30 12:00:00,306.5002612133192
2012-05-30 13:00:00,292.6512104607435
2012-05-30 14:00:00,279.87652467372004
2012-05-30 15:00:00,291.6311222489886
2012-05-30 16:00:00,411.97787125823254
2012-05-30 17:00:00,775.6281095681727
2012-05-30 18:00:00,795.7601715811384
2012-05-30 19:00:00,552.4847843241062
2012-05-30 20:00:00,330.0082332866875
2012-05-30 21:00:00,293.2643238939471
2012-05-30 22:00:00,227.9320624556939
2012-05-30 23:00:00,145.58951991047473
2012-05-31 00:00:00,96.24230753374802
2012-05-31 01:00:00,33.03089587355671
2012-05-31 02:00:00,28.164986304477907
2012-05-31 03:00:00,24.106471825027782
2012-05-31 04:00:00,23.135405221384868
2012-05-31 05:00:00,56.366992853067124
2012-05-31 06:00:00,180.73111964252072
2012-05-31 07:00:00,471.1099627000111
2012-05-31 08:00:00,694.3927282306533
2012-05-31 09:00:00,356.5447688663324
2012-05-31 10:00:00,229.68507353283883
2012-05-31 11:00:00,280.1805538238601
2012-05-31 12:00:00,341.60164869695944
2012-05-31 13:00:00,329.09357505093766
2012-05-31 14:00:00,294.66038056638865
2012-05-31 15:00:00,321.4442839455968
2012-05-31 16:00:00,448.23712268361436
2012-05-31 17:00:00,808.2954939703709
2012-05-31 18:00:00,784.4671925118655
2012-05-31 19:00:00,584.4847439000115
2012-05-31 20:00:00,426.0001407552219
2012-05-31 21:00:00,308.9884708559249
2012-05-31 22:00:00,241.40998926821229
2012-05-31 23:00:00,160.5592583496861
2012-06-20 00:00:00,89.24519335231753
2012-06-20 01:00:00,40.445027525199706
2012-06-20 02:00:00,24.238265567625614
2012-06-20 03:00:00,17.702944028131096
2012-06-20 04:00:00,12.762413368118814
2012-06-20 05:00:00,47.69984713370723
2012-06-20 06:00:00,139.44720253664934
2012-06-20 07:00:00,406.5775869716984
2012-06-20 08:00:00,674.6796003182465
2012-06-20 09:00:00,329.6755212208516
2012-06-20 10:00:00,200.58540728726206
2012-06-20 11:00:00,192.6104493530782
2012-06-20 12:00:00,264.6181483452661
2012-06-20 13:00:00,248.44536470585967
2012-06-20 14:00:00,215.87567807629654
2012-06-20 15:00:00,234.00733855943707
2012-06-20 16:00:00,352.6084837814663
2012-06-20 17:00:00,693.6434467614287
2012-06-20 18:00:00,721.7513702093349
2012-06-20 19:00:00,495.4525681108548
2012-06-20 20:00:00,391.5307938967887
2012-06-20 21:00:00,270.5176304183692
2012-06-20 22:00:00,226.79832516956776
2012-06-20 23:00:00,134.05203179952667
2012-06-21 00:00:00,72.91457959658446
2012-06-21 01:00:00,17.19968723864756
2012-06-21 02:00:00,1.4525935994996644
2012-06-21 03:00:00,1.4542052441767472
2012-06-21 04:00:00,4.016286164239634
2012-06-21 05:00:00,37.083809547540135
2012-06-21 06:00:00,157.95149182667586
2012-06-21 07:00:00,442.1240529460522
2012-06-21 08:00:00,671.057245729239
2012-06-21 09:00:00,324.9964911297298
2012-06-21 10:00:00,174.84477901859694
2012-06-21 11:00:00,217.6677480160235
2012-06-21 12:00:00,255.05479947313114
2012-06-21 13:00:00,243.4316552212913
2012-06-21 14:00:00,227.4354436043168
2012-06-21 15:00:00,230.19469092219632
2012-06-21 16:00:00,386.6373190406014
2012-06-21 17:00:00,762.0019796251124
2012-06-21 18:00:00,780.4215887659717
2012-06-21 19:00:00,557.630438859431
2012-06-21 20:00:00,407.6583291741181
2012-06-21 21:00:00,313.9947999818328
2012-06-21 22:00:00,229.38928563662432
2012-06-21 23:00:00,148.08361983397384
2012-06-22 00:00:00,94.97554352846991
2012-06-22 01:00:00,34.13123630027498
2012-06-22 02:00:00,7.823357075360134
2012-06-22 03:00:00,0.7524974426360731
2012-06-22 04:00:00,40.49134509949492
2012-06-22 05:00:00,60.781960588230064
2012-06-22 06:00:00,168.23876499577514
2012-06-22 07:00:00,435.83949235739584
2012-06-22 08:00:00,686.6346894900886
2012-06-22 09:00:00,350.4444094239159
2012-06-22 10:00:00,232.45200750187976
2012-06-22 11:00:00,277.39269319118165
2012-06-22 12:00:00,301.84018494711427
2012-06-22 13:00:00,306.1470853582174
2012-06-22 14:00:00,285.6173537648283
2012-06-22 15:00:00,310.7480039579447
2012-06-22 16:00:00,433.323776172729
2012-06-22 17:00:00,797.0123241485626
2012-06-22 18:00:00,682.360789920765
2012-06-22 19:00:00,507.6826237585843
2012-06-22 20:00:00,381.08527992461944
2012-06-22 21:00:00,235.50675135714187
2012-06-22 22:00:00,247.11193839193402
2012-06-22 23:00:00,173.71603769106474
2012-06-23 00:00:00,150.4033913219259
2012-06-23 01:00:00,135.9694226544548
2012-06-23 02:00:00,84.0182172015652
2012-06-23 03:00:00,32.06334714878513
2012-06-23 04:00:00,15.407034818101543
2012-06-23 05:00:00,18.351075686829123
2012-06-23 06:00:00,50.758415699390895
2012-06-23 07:00:00,81.6829836467639
2012-06-23 08:00:00,206.9104842275971
2012-06-23 09:00:00,311.99853783499077
2012-06-23 10:00:00,412.6873244312093
2012-06-23 11:00:00,555.6827023103765
2012-06-23 12:00:00,572.0553306207319
2012-06-23 13:00:00,593.4442439963661
2012-06-23 14:00:00,599.1201677170747
2012-06-23 15:00:00,548.5833942278173
2012-06-23 16:00:00,540.6616196327359
2012-06-23 17:00:00,551.3422079481065
2012-06-23 18:00:00,492.5712572277949
2012-06-23 19:00:00,442.2976559470917
2012-06-23 20:00:00,368.4946280947462
2012-06-23 21:00:00,384.2290348158651
2012-06-23 22:00:00,329.67950709039883
2012-06-23 23:00:00,290.56108920584325
2012-06-24 00:00:00,179.55728915630692
2012-06-24 01:00:00,125.08566678248714
2012-06-24 02:00:00,108.93894293121872
2012-06-24 03:00:00,55.674493065282704
2012-06-24 04:00:00,35.10229711221995
2012-06-24 05:00:00,29.993446043820253
2012-06-24 06:00:00,55.711763850069374
2012-06-24 07:00:00,77.8228441629449
2012-06-24 08:00:00,175.55764344965854
2012-06-24 09:00:00,266.9899453136934
2012-06-24 10:00:00,432.24264517169024
2012-06-24 11:00:00,517.9069925046933
2012-06-24 12:00:00,540.4739052154644
2012-06-24 13:00:00,544.2915667209421
2012-06-24 14:00:00,493.42592170906585
2012-06-24 15:00:00,468.2255735749402
2012-06-24 16:00:00,474.51929058716803
2012-06-24 17:00:00,459.8233057439371
2012-06-24 18:00:00,454.3220399001078
2012-06-24 19:00:00,398.5552084361101
2012-06-24 20:00:00,313.6487493673749
2012-06-24 21:00:00,257.7716354184549
2012-06-24 22:00:00,202.51041679332008
2012-06-24 23:00:00,146.2809354148456
2012-06-25 00:00:00,94.98667260663129
2012-06-25 01:00:00,34.436460555925834
2012-06-25 02:00:00,7.530453322505647
2012-06-25 03:00:00,18.73298101215075
2012-06-25 04:00:00,8.329077195653191
2012-06-25 05:00:00,38.925130994659604
2012-06-25 06:00:00,159.86811947539607
2012-06-25 07:00:00,467.65539159166013
2012-06-25 08:00:00,650.0018471810188
2012-06-25 09:00:00,328.43577011848066
2012-06-25 10:00:00,198.25553355292635
2012-06-25 11:00:00,246.34012185106883
2012-06-25 12:00:00,299.7372392198437
2012-06-25 13:00:00,293.87255722311363
2012-06-25 14:00:00,257.77577314520295
2012-06-25 15:00:00,301.7325667237056
2012-06-25 16:00:00,439.8415956008879
2012-06-25 17:00:00,841.7722724576422
2012-06-25 18:00:00,829.2392948104483
2012-06-25 19:00:00,634.0259824909708
2012-06-25 20:00:00,451.3601094441888
2012-06-25 21:00:00,335.45941029866765
2012-06-25 22:00:00,252.6570998244261
2012-06-25 23:00:00,171.0654725228391
2012-06-26 00:00:00,127.79900285819582
2012-06-26 01:00:00,72.97806155309246
2012-06-26 02:00:00,56.94129483250205
2012-06-26 03:00:00,45.412162970010925
2012-06-26 04:00:00,40.04391902064994
2012-06-26 05:00:00,84.9724423151422
2012-06-26 06:00:00,182.1242397112447
2012-06-26 07:00:00,470.6873709327204
2012-06-26 08:00:00,702.1093522825947
2012-06-26 09:00:00,344.8620820280107
2012-06-26 10:00:00,235.22169536852627
2012-06-26 11:00:00,282.3059245674556
2012-06-26 12:00:00,339.4119724881242
2012-06-26 13:00:00,326.00859571945074
2012-06-26 14:00:00,305.0659947806487
2012-06-26 15:00:00,355.3676667946471
2012-06-26 16:00:00,500.86810760114133
2012-06-26 17:00:00,890.7975332384882
2012-06-26 18:00:00,844.1845878361981
2012-06-26 19:00:00,652.5832656242428
2012-06-26 20:00:00,452.200987287355
2012-06-26 21:00:00,345.82929498922056
2012-06-26 22:00:00,274.172197284051
2012-06-26 23:00:00,174.90620684150701
2012-06-27 00:00:00,124.7481280621316
2012-06-27 01:00:00,58.21852536973191
2012-06-27 02:00:00,51.52290641636386
2012-06-27 03:00:00,33.50006706266588
2012-06-27 04:00:00,61.90975509163926
2012-06-27 05:00:00,85.82638478976835
2012-06-27 06:00:00,195.75780716239615
2012-06-27 07:00:00,497.4841895109464
2012-06-27 08:00:00,736.602393994538
2012-06-27 09:00:00,377.8765746485626
2012-06-27 10:00:00,256.1018272625315
2012-06-27 11:00:00,280.5304609445741
2012-06-27 12:00:00,341.68637708759155
2012-06-27 13:00:00,321.81503546366673
2012-06-27 14:00:00,302.93807877407585
2012-06-27 15:00:00,327.344497313643
2012-06-27 16:00:00,448.27916357135393
2012-06-27 17:00:00,841.5002077713293
2012-06-27 18:00:00,810.1635702120167
2012-06-27 19:00:00,597.2565888851726
2012-06-27 20:00:00,464.7054021549806
2012-06-27 21:00:00,355.48067182719643
2012-06-27 22:00:00,284.9658004670745
2012-06-27 23:00:00,180.70122720270115
2012-06-28 00:00:00,115.14535406994477
2012-06-28 01:00:00,47.361463815070145
2012-06-28 02:00:00,45.38659473467485
2012-06-28 03:00:00,39.02068493114553
2012-06-28 04:00:00,28.334971204662427
2012-06-28 05:00:00,59.24668757404067
2012-06-28 06:00:00,178.82505871151494
2012-06-28 07:00:00,477.0562050428166
2012-06-28 08:00:00,724.0745953803571
2012-06-28 09:00:00,348.55744210775595
2012-06-28 10:00:00,221.29272058679814
2012-06-28 11:00:00,241.97119569385296
2012-06-28 12:00:00,300.97533148412066
2012-06-28 13:00:00,285.2115648903916
2012-06-28 14:00:00,267.0746812997264
2012-06-28 15:00:00,288.1704451256118
2012-06-28 16:00:00,403.45430290573347
2012-06-28 17:00:00,782.090948806672
2012-06-28 18:00:00,776.6311355687706
2012-06-28 19:00:00,556.492039626218
2012-06-28 20:00:00,442.66100369335555
2012-06-28 21:00:00,319.94669157553363
2012-06-28 22:00:00,239.45516815906814
2012-06-28 23:00:00,179.45296477115124
2012-06-29 00:00:00,131.14899187472545
2012-06-29 01:00:00,58.665537370710325
2012-06-29 02:00:00,42.395401426838646
2012-06-29 03:00:00,33.644626729993995
2012-06-29 04:00:00,39.83614403612422
2012-06-29 05:00:00,69.32045467959642
2012-06-29 06:00:00,183.17432870276
2012-06-29 07:00:00,440.68111503347507
2012-06-29 08:00:00,695.4907954768495
2012-06-29 09:00:00,352.1070417964044
2012-06-29 10:00:00,188.33383488076078
2012-06-29 11:00:00,221.84786705703044
2012-06-29 12:00:00,272.9681759840247
2012-06-29 13:00:00,230.41230768356394
2012-06-29 14:00:00,180.12365740157082
2012-06-29 15:00:00,211.88805361156147
2012-06-29 16:00:00,337.62359899119576
2012-06-29 17:00:00,620.0064804367153
2012-06-29 18:00:00,557.9364875894778
2012-06-29 19:00:00,450.50993162265826
2012-06-29 20:00:00,305.20189263807083
2012-06-29 21:00:00,255.24354302082534
2012-06-29 22:00:00,173.0205179071116
2012-06-29 23:00:00,130.95304521215328
2012-06-30 00:00:00,73.40922814911734
2012-06-30 01:00:00,70.04442902624297
2012-06-30 02:00:00,75.18789567202958
2012-06-30 03:00:00,22.151156177944234
2012-06-30 04:00:00,0
2012-06-30 05:00:00,25.073423870231508
2012-06-30 06:00:00,50.15183347133842
2012-06-30 07:00:00,72.13585141381688
2012-06-30 08:00:00,152.38854961830734
2012-06-30 09:00:00,250.81134083274856
2012-06-30 10:00:00,373.35153280108216
2012-06-30 11:00:00,483.9439493513463
2012-06-30 12:00:00,532.1152346241594
2012-06-30 13:00:00,541.4521836675863
2012-06-30 14:00:00,531.214109747672
2012-06-30 15:00:00,518.273994881951
2012-06-30 16:00:00,463.1066471424664
2012-06-30 17:00:00,476.1383822760597
2012-06-30 18:00:00,429.35440790623943
2012-06-30 19:00:00,409.0832950096303
2012-06-30 20:00:00,317.60401497006205
2012-06-30 21:00:00,282.08895496074257
2012-06-30 22:00:00,223.0127763303276
2012-06-30 23:00:00,185.9070152918842
2012-07-20 00:00:00,11.577718932968256
2012-07-20 01:00:00,23.51195815884207
2012-07-20 02:00:00,15.906065033040509
2012-07-20 03:00:00,1.8802293897946036
2012-07-20 04:00:00,7.575207557591168
2012-07-20 05:00:00,27.047812935974385
2012-07-20 06:00:00,148.7210242781495
2012-07-20 07:00:00,395.6255428974871
2012-07-20 08:00:00,655.06924508824045
2012-07-20 09:00:00,343.40722503476206
2012-07-20 10:00:00,209.1238892858321
2012-07-20 11:00:00,184.34703180136165
2012-07-20 12:00:00,206.233654273099
2012-07-20 13:00:00,205.5698024444664
2012-07-20 14:00:00,189.48900501563733
2012-07-20 15:00:00,287.03541144451566
2012-07-20 16:00:00,415.03356058863204
2012-07-20 17:00:00,563.4487882183632
2012-07-20 18:00:00,581.8749649642718
2012-07-20 19:00:00,414.13343023144046
2012-07-20 20:00:00,162.790296823284
2012-07-20 21:00:00,173.31337031233863
2012-07-20 22:00:00,201.05634796261452
2012-07-20 23:00:00,151.83896579752619
2012-07-21 00:00:00,72.8516876615657
2012-07-21 01:00:00,103.97843312742282
2012-07-21 02:00:00,17.53929001627273
2012-07-21 03:00:00,0
2012-07-21 04:00:00,0
2012-07-21 05:00:00,0
2012-07-21 06:00:00,0
2012-07-21 07:00:00,36.16417595300406
2012-07-21 08:00:00,124.7452960307774
2012-07-21 09:00:00,224.48104315070734
2012-07-21 10:00:00,241.1854006011381
2012-07-21 11:00:00,416.52680479272954
2012-07-21 12:00:00,372.33894247921876
2012-07-21 13:00:00,388.97865930090427
2012-07-21 14:00:00,417.533632300147
2012-07-21 15:00:00,348.14870751157423
2012-07-21 16:00:00,256.3822453558478
2012-07-21 17:00:00,257.0567274291143
2012-07-21 18:00:00,228.762876869857
2012-07-21 19:00:00,262.8998761477159
2012-07-21 20:00:00,127.90480652828917
2012-07-21 21:00:00,179.7728067830265
2012-07-21 22:00:00,138.31967014890225
2012-07-21 23:00:00,114.97949660314757
2012-07-22 00:00:00,89.75103454553275
2012-07-22 01:00:00,75.18816416246393
2012-07-22 02:00:00,46.289384785004444
2012-07-22 03:00:00,0
2012-07-22 04:00:00,0
2012-07-22 05:00:00,0
2012-07-22 06:00:00,7.770556933259641
2012-07-22 07:00:00,34.56388273266844
2012-07-22 08:00:00,123.91735114734922
2012-07-22 09:00:00,243.32359176886962
2012-07-22 10:00:00,353.0993588254706
2012-07-22 11:00:00,420.65405085318105
2012-07-22 12:00:00,489.81124369414124
2012-07-22 13:00:00,516.2587941540166
2012-07-22 14:00:00,490.4819110526706
2012-07-22 15:00:00,486.09795397837377
2012-07-22 16:00:00,477.381810062048
2012-07-22 17:00:00,468.8792135858563
2012-07-22 18:00:00,430.3318542061503
2012-07-22 19:00:00,358.47958872731374
2012-07-22 20:00:00,272.90795051672114
2012-07-22 21:00:00,231.3754022077478
2012-07-22 22:00:00,180.81217103126392
2012-07-22 23:00:00,136.0178792806515
2012-07-23 00:00:00,56.844816468655566
2012-07-23 01:00:00,4.6501099579772625
2012-07-23 02:00:00,0
2012-07-23 03:00:00,0
2012-07-23 04:00:00,0
2012-07-23 05:00:00,3.1235760764747926
2012-07-23 06:00:00,135.4445068297351
2012-07-23 07:00:00,427.56124806855337
2012-07-23 08:00:00,606.2252542325932
2012-07-23 09:00:00,300.1139034347922
2012-07-23 10:00:00,183.114373793811
2012-07-23 11:00:00,219.63118490350692
2012-07-23 12:00:00,276.6373533918286
2012-07-23 13:00:00,268.0991255996495
2012-07-23 14:00:00,233.66201939216268
2012-07-23 15:00:00,272.01691180631025
2012-07-23 16:00:00,413.17115887337116
2012-07-23 17:00:00,805.1793892246619
2012-07-23 18:00:00,812.305947438568
2012-07-23 19:00:00,582.2795624031394
2012-07-23 20:00:00,419.25102303452593
2012-07-23 21:00:00,297.99177334739636
2012-07-23 22:00:00,213.50162420035736
2012-07-23 23:00:00,131.53406184221157
2012-07-24 00:00:00,79.74682139417625
2012-07-24 01:00:00,29.515243965692044
2012-07-24 02:00:00,14.187930901264643
2012-07-24 03:00:00,6.2542883377183145
2012-07-24 04:00:00,0.6658163502978146
2012-07-24 05:00:00,33.66625523133898
2012-07-24 06:00:00,157.4707239936604
2012-07-24 07:00:00,483.3678361949893
2012-07-24 08:00:00,646.9326839134523
2012-07-24 09:00:00,287.0783181486358
2012-07-24 10:00:00,203.67165203649887
2012-07-24 11:00:00,204.4224210527804
2012-07-24 12:00:00,275.93793079098805
2012-07-24 13:00:00,251.11928908494338
2012-07-24 14:00:00,214.37423859901298
2012-07-24 15:00:00,304.8360365885047
2012-07-24 16:00:00,431.76365621255565
2012-07-24 17:00:00,832.6166326757178
2012-07-24 18:00:00,813.0389497781301
2012-07-24 19:00:00,584.727373122407
2012-07-24 20:00:00,432.84135211444084
2012-07-24 21:00:00,314.74736362878036
2012-07-24 22:00:00,230.67662909066678
2012-07-24 23:00:00,155.74576345087598
2012-07-25 00:00:00,117.96973596470654
2012-07-25 01:00:00,51.408524761172735
2012-07-25 02:00:00,43.42063378706796
2012-07-25 03:00:00,37.3654959199962
2012-07-25 04:00:00,41.900027735226786
2012-07-25 05:00:00,72.38801298306413
2012-07-25 06:00:00,193.0279216803173
2012-07-25 07:00:00,505.71304658783686
2012-07-25 08:00:00,747.8442455546797
2012-07-25 09:00:00,389.87262510607843
2012-07-25 10:00:00,247.1817513652225
2012-07-25 11:00:00,270.56688489568523
2012-07-25 12:00:00,333.7437063361655
2012-07-25 13:00:00,303.7496143801632
2012-07-25 14:00:00,273.3356283658428
2012-07-25 15:00:00,304.1036924459934
2012-07-25 16:00:00,427.42892068888204
2012-07-25 17:00:00,819.2472101188141
2012-07-25 18:00:00,816.6808572316172
2012-07-25 19:00:00,623.8008880004007
2012-07-25 20:00:00,471.7212879874056
2012-07-25 21:00:00,340.2641694725122
2012-07-25 22:00:00,249.3839310234787
2012-07-25 23:00:00,178.78487334192377
2012-07-26 00:00:00,103.44478665500891
2012-07-26 01:00:00,50.46732438962306
2012-07-26 02:00:00,33.38651473024455
2012-07-26 03:00:00,27.047985977725986
2012-07-26 04:00:00,15.365243204760375
2012-07-26 05:00:00,47.090920116802145
2012-07-26 06:00:00,175.98284600468727
2012-07-26 07:00:00,489.2439400661272
2012-07-26 08:00:00,678.0494183597542
2012-07-26 09:00:00,325.1151541713466
2012-07-26 10:00:00,181.7379854611744
2012-07-26 11:00:00,232.50537656200135
2012-07-26 12:00:00,270.4342339534432
2012-07-26 13:00:00,256.28405226926617
2012-07-26 14:00:00,215.2809890107401
2012-07-26 15:00:00,223.65171566546798
2012-07-26 16:00:00,339.17755638910455
2012-07-26 17:00:00,719.9354844809471
2012-07-26 18:00:00,718.6963839456234
2012-07-26 19:00:00,513.105851827551
2012-07-26 20:00:00,402.81550392725774
2012-07-26 21:00:00,311.76307594172704
2012-07-26 22:00:00,231.38518040332892
2012-07-26 23:00:00,144.56926586763413
2012-07-27 00:00:00,92.81106043485121
2012-07-27 01:00:00,35.651725453544465
2012-07-27 02:00:00,16.838076785016252
2012-07-27 03:00:00,15.250234263172326
2012-07-27 04:00:00,12.373892788498974
2012-07-27 05:00:00,34.934377981442594
2012-07-27 06:00:00,158.77870035258775
2012-07-27 07:00:00,450.7366481814787
2012-07-27 08:00:00,689.1765453963881
2012-07-27 09:00:00,364.8154686635727
2012-07-27 10:00:00,207.78121966465613
2012-07-27 11:00:00,262.606668479925
2012-07-27 12:00:00,308.9497711605091
2012-07-27 13:00:00,325.49460447128797
2012-07-27 14:00:00,282.9807785661192
2012-07-27 15:00:00,321.95156769482605
2012-07-27 16:00:00,458.3018379630634
2012-07-27 17:00:00,749.3828656955554
2012-07-27 18:00:00,707.6152106699753
2012-07-27 19:00:00,515.7799409770489
2012-07-27 20:00:00,374.80841912260803
2012-07-27 21:00:00,289.6238193618056
2012-07-27 22:00:00,237.52319464951995
2012-07-27 23:00:00,184.48662492476797
2012-07-28 00:00:00,200.63243725473495
2012-07-28 01:00:00,135.05472122399888
2012-07-28 02:00:00,108.56876229504752
2012-07-28 03:00:00,64.55248298590007
2012-07-28 04:00:00,42.04373183820127
2012-07-28 05:00:00,58.42850402927346
2012-07-28 06:00:00,85.17221959091742
2012-07-28 07:00:00,105.5788577891443
2012-07-28 08:00:00,202.27628800991434
2012-07-28 09:00:00,281.66922236832374
2012-07-28 10:00:00,401.08584896369337
2012-07-28 11:00:00,516.9271473205642
2012-07-28 12:00:00,560.0537723868563
2012-07-28 13:00:00,555.2151246841289
2012-07-28 14:00:00,551.795456937816
2012-07-28 15:00:00,522.82877383156
2012-07-28 16:00:00,530.9560697439501
2012-07-28 17:00:00,523.9474524266043
2012-07-28 18:00:00,495.820154899309
2012-07-28 19:00:00,338.6959071977846
2012-07-28 20:00:00,250.2774649647415
2012-07-28 21:00:00,249.9855091114336
2012-07-28 22:00:00,211.5046127748715
2012-07-28 23:00:00,170.77196465263444
2012-07-29 00:00:00,119.85001595615915
2012-07-29 01:00:00,96.5934418935872
2012-07-29 02:00:00,93.59726054933358
2012-07-29 03:00:00,65.42780312917208
2012-07-29 04:00:00,19.251513524554568
2012-07-29 05:00:00,17.331527438354556
2012-07-29 06:00:00,45.66170104213409
2012-07-29 07:00:00,101.27286232089494
2012-07-29 08:00:00,178.17114206916557
2012-07-29 09:00:00,269.3035634188635
2012-07-29 10:00:00,381.78704218863913
2012-07-29 11:00:00,454.5663234751073
2012-07-29 12:00:00,520.1567462780802
2012-07-29 13:00:00,540.9163682543713
2012-07-29 14:00:00,504.01953597124134
2012-07-29 15:00:00,495.5057242998127
2012-07-29 16:00:00,502.43762926044633
2012-07-29 17:00:00,492.58851853491586
2012-07-29 18:00:00,465.7685355178833
2012-07-29 19:00:00,370.2023296798925
2012-07-29 20:00:00,291.1885429716024
2012-07-29 21:00:00,237.87497978766783
2012-07-29 22:00:00,182.8559949285475
2012-07-29 23:00:00,136.5242981512659
2012-07-30 00:00:00,65.96366983043771
2012-07-30 01:00:00,11.783774640630682
2012-07-30 02:00:00,6.564529698870752
2012-07-30 03:00:00,0
2012-07-30 04:00:00,0
2012-07-30 05:00:00,27.22919140285964
2012-07-30 06:00:00,150.8661307620074
2012-07-30 07:00:00,459.96328018185613
2012-07-30 08:00:00,622.1094225013517
2012-07-30 09:00:00,299.7897268239801
2012-07-30 10:00:00,191.31182343500095
2012-07-30 11:00:00,216.159170064918
2012-07-30 12:00:00,275.8426415919529
2012-07-30 13:00:00,284.18339738628663
2012-07-30 14:00:00,255.70650373853474
2012-07-30 15:00:00,290.4656971827915
2012-07-30 16:00:00,428.5956488535028
2012-07-30 17:00:00,824.4951623898135
2012-07-30 18:00:00,800.6157266903963
2012-07-30 19:00:00,582.872821158511
2012-07-30 20:00:00,410.03682993744985
2012-07-30 21:00:00,287.50832001310636
2012-07-30 22:00:00,188.57405385902226
2012-07-30 23:00:00,112.49441716015743
2012-07-31 00:00:00,81.21671947320208
2012-07-31 01:00:00,17.960568684953678
2012-07-31 02:00:00,10.032931754091454
2012-07-31 03:00:00,2.677581306044723
2012-07-31 04:00:00,2.6503188610786923
2012-07-31 05:00:00,35.891215374011836
2012-07-31 06:00:00,148.59551346383023
2012-07-31 07:00:00,448.5975425693865
2012-07-31 08:00:00,656.6347066150558
2012-07-31 09:00:00,320.4737206778749
2012-07-31 10:00:00,213.45731402987462
2012-07-31 11:00:00,230.0066205597606
2012-07-31 12:00:00,291.46755045436237
2012-07-31 13:00:00,285.9513467287105
2012-07-31 14:00:00,258.2681306168387
2012-07-31 15:00:00,273.5869949392716
2012-07-31 16:00:00,429.0411334080385
2012-07-31 17:00:00,827.9250479434342
2012-07-31 18:00:00,835.3493183527659
2012-07-31 19:00:00,465.86599026523794
2012-07-31 20:00:00,309.5314567088745
2012-07-31 21:00:00,293.6888778255539
2012-07-31 22:00:00,219.5857440978922
2012-07-31 23:00:00,118.06414373883413
2012-08-20 00:00:00,42.144490924421376
2012-08-20 01:00:00,11.591438016851118
2012-08-20 02:00:00,0
2012-08-20 03:00:00,0
2012-08-20 04:00:00,0
2012-08-20 05:00:00,16.31828798449326
2012-08-20 06:00:00,140.15741299880503
2012-08-20 07:00:00,450.2183556213788
2012-08-20 08:00:00,642.1392276998456
2012-08-20 09:00:00,318.0202803002448
2012-08-20 10:00:00,185.2597252187878
2012-08-20 11:00:00,231.00038599772375
2012-08-20 12:00:00,287.4219762096495
2012-08-20 13:00:00,285.35018404171956
2012-08-20 14:00:00,256.9150270469243
2012-08-20 15:00:00,294.8746239505125
2012-08-20 16:00:00,433.8745881657713
2012-08-20 17:00:00,822.1254975694122
2012-08-20 18:00:00,678.6707557584092
2012-08-20 19:00:00,532.516506884508
2012-08-20 20:00:00,302.8954936247827
2012-08-20 21:00:00,252.5896186676164
2012-08-20 22:00:00,152.56707239612035
2012-08-20 23:00:00,85.95045323329583
2012-08-21 00:00:00,49.125394143877145
2012-08-21 01:00:00,10.757648091048074
2012-08-21 02:00:00,0
2012-08-21 03:00:00,4.713759419751434
2012-08-21 04:00:00,0
2012-08-21 05:00:00,35.07453868360085
2012-08-21 06:00:00,154.61371047485062
2012-08-21 07:00:00,477.8722392591074
2012-08-21 08:00:00,675.9227135757201
2012-08-21 09:00:00,331.91437925128497
2012-08-21 10:00:00,216.37822910473437
2012-08-21 11:00:00,246.06237925045883
2012-08-21 12:00:00,317.3867025930394
2012-08-21 13:00:00,328.2405763335425
2012-08-21 14:00:00,296.525715515661
2012-08-21 15:00:00,324.4053936579591
2012-08-21 16:00:00,471.9263695368211
2012-08-21 17:00:00,846.3745710303609
2012-08-21 18:00:00,841.1391063561483
2012-08-21 19:00:00,421.2876471841234
2012-08-21 20:00:00,393.8716720127316
2012-08-21 21:00:00,293.16416242936003
2012-08-21 22:00:00,209.24392041810265
2012-08-21 23:00:00,115.16383757712669
2012-08-22 00:00:00,72.14999280925107
2012-08-22 01:00:00,37.77553014915278
2012-08-22 02:00:00,25.086468970626125
2012-08-22 03:00:00,22.51874890263906
2012-08-22 04:00:00,7.770502330082478
2012-08-22 05:00:00,46.99754319611426
2012-08-22 06:00:00,182.1819207722677
2012-08-22 07:00:00,504.20917594112643
2012-08-22 08:00:00,724.3946887322102
2012-08-22 09:00:00,348.910407436316
2012-08-22 10:00:00,219.88995571914032
2012-08-22 11:00:00,246.73199733936016
2012-08-22 12:00:00,310.8945254643643
2012-08-22 13:00:00,305.18224608688627
2012-08-22 14:00:00,276.501673747011
2012-08-22 15:00:00,312.21349239096224
2012-08-22 16:00:00,349.3084113705622
2012-08-22 17:00:00,697.9102929510789
2012-08-22 18:00:00,750.1178527460822
2012-08-22 19:00:00,552.6295372750631
2012-08-22 20:00:00,405.2621933725329
2012-08-22 21:00:00,304.47103438315816
2012-08-22 22:00:00,225.06278259141183
2012-08-22 23:00:00,127.06901894539627
2012-08-23 00:00:00,86.57129914406953
2012-08-23 01:00:00,21.019428573006767
2012-08-23 02:00:00,7.1254865299851975
2012-08-23 03:00:00,0
2012-08-23 04:00:00,2.6057887847670007
2012-08-23 05:00:00,33.25295762634386
2012-08-23 06:00:00,143.34833297413252
2012-08-23 07:00:00,430.18791913616434
2012-08-23 08:00:00,691.5639763079541
2012-08-23 09:00:00,327.8584478885158
2012-08-23 10:00:00,201.17604387557554
2012-08-23 11:00:00,256.7617557339937
2012-08-23 12:00:00,312.20035426664253
2012-08-23 13:00:00,300.7680202770423
2012-08-23 14:00:00,257.5763614379477
2012-08-23 15:00:00,280.96844480824984
2012-08-23 16:00:00,450.54175722971024
2012-08-23 17:00:00,837.1435515736
2012-08-23 18:00:00,831.2890983465873
2012-08-23 19:00:00,597.0036447052805
2012-08-23 20:00:00,434.3724654731058
2012-08-23 21:00:00,320.65796846708963
2012-08-23 22:00:00,241.26876655832086
2012-08-23 23:00:00,151.99036470891357
2012-08-24 00:00:00,106.90123036027006
2012-08-24 01:00:00,37.22855257880866
2012-08-24 02:00:00,29.170628349024316
2012-08-24 03:00:00,19.620995100458032
2012-08-24 04:00:00,19.930518038745916
2012-08-24 05:00:00,45.39773994773636
2012-08-24 06:00:00,145.28738504266127
2012-08-24 07:00:00,434.94838774371084
2012-08-24 08:00:00,689.8421042466264
2012-08-24 09:00:00,368.16825913423946
2012-08-24 10:00:00,252.10065877840373
2012-08-24 11:00:00,290.78415566289766
2012-08-24 12:00:00,350.96608820908574
2012-08-24 13:00:00,349.6761186991819
2012-08-24 14:00:00,309.31785295053726
2012-08-24 15:00:00,354.6600233585943
2012-08-24 16:00:00,493.39873158555736
2012-08-24 17:00:00,790.133308655319
2012-08-24 18:00:00,691.4802764260412
2012-08-24 19:00:00,520.2571257757019
2012-08-24 20:00:00,371.1187930931737
2012-08-24 21:00:00,302.26375077689005
2012-08-24 22:00:00,257.2641538083063
2012-08-24 23:00:00,188.50734635778872
2012-08-25 00:00:00,191.51125975349294
2012-08-25 01:00:00,132.75331392272273
2012-08-25 02:00:00,103.2049428583671
2012-08-25 03:00:00,80.14856771947134
2012-08-25 04:00:00,46.671712415853
2012-08-25 05:00:00,38.197243132907936
2012-08-25 06:00:00,60.1752004013557
2012-08-25 07:00:00,81.23738443580312
2012-08-25 08:00:00,174.45452547326394
2012-08-25 09:00:00,292.1772564751682
2012-08-25 10:00:00,405.34832101896166
2012-08-25 11:00:00,508.99014443301974
2012-08-25 12:00:00,529.1973142844117
2012-08-25 13:00:00,574.376957199807
2012-08-25 14:00:00,474.10601129336067
2012-08-25 15:00:00,477.3033577809076
2012-08-25 16:00:00,464.5942490772194
2012-08-25 17:00:00,451.4524834389394
2012-08-25 18:00:00,418.1627005893538
2012-08-25 19:00:00,348.6900002953811
2012-08-25 20:00:00,149.62112956180653
2012-08-25 21:00:00,224.61808467031804
2012-08-25 22:00:00,178.72829907421098
2012-08-25 23:00:00,140.50066297110325
2012-08-26 00:00:00,108.8198043607742
2012-08-26 01:00:00,90.83707537193898
2012-08-26 02:00:00,48.1657771545076
2012-08-26 03:00:00,0
2012-08-26 04:00:00,0
2012-08-26 05:00:00,0
2012-08-26 06:00:00,13.578190555728446
2012-08-26 07:00:00,41.78949952737071
2012-08-26 08:00:00,157.69075899919542
2012-08-26 09:00:00,248.08501587146253
2012-08-26 10:00:00,383.6509674586938
2012-08-26 11:00:00,447.06527941620345
2012-08-26 12:00:00,407.052852444663
2012-08-26 13:00:00,373.02259213793394
2012-08-26 14:00:00,413.2898938736824
2012-08-26 15:00:00,317.8934161122058
2012-08-26 16:00:00,260.8673915382648
2012-08-26 17:00:00,337.8236814984751
2012-08-26 18:00:00,236.62142229427718
2012-08-26 19:00:00,250.6266101885012
2012-08-26 20:00:00,194.58558093829345
2012-08-26 21:00:00,192.50166829909824
2012-08-26 22:00:00,127.61802380043126
2012-08-26 23:00:00,95.818597384711
2012-08-27 00:00:00,49.77308678676155
2012-08-27 01:00:00,2.3257676691030174
2012-08-27 02:00:00,0
2012-08-27 03:00:00,0
2012-08-27 04:00:00,0
2012-08-27 05:00:00,16.867007951472434
2012-08-27 06:00:00,132.87767243247364
2012-08-27 07:00:00,434.80917687718227
2012-08-27 08:00:00,622.254376585024
2012-08-27 09:00:00,301.8293777943131
2012-08-27 10:00:00,176.22566661670692
2012-08-27 11:00:00,219.50860704020033
2012-08-27 12:00:00,277.66827855770936
2012-08-27 13:00:00,280.08907652940786
2012-08-27 14:00:00,252.0883463573163
2012-08-27 15:00:00,281.8674713923567
2012-08-27 16:00:00,416.0835049984455
2012-08-27 17:00:00,825.6889653602208
2012-08-27 18:00:00,810.313434060526
2012-08-27 19:00:00,562.1486241997062
2012-08-27 20:00:00,400.48056266305105
2012-08-27 21:00:00,280.28776161984933
2012-08-27 22:00:00,187.3170686795197
2012-08-27 23:00:00,102.48433035215623
2012-08-28 00:00:00,71.47585884774293
2012-08-28 01:00:00,9.359870625121705
2012-08-28 02:00:00,9.160530476446306
2012-08-28 03:00:00,0
2012-08-28 04:00:00,1.034406665015024
2012-08-28 05:00:00,25.059881273980103
2012-08-28 06:00:00,144.69364997772396
2012-08-28 07:00:00,429.0138332727739
2012-08-28 08:00:00,640.8060626153832
2012-08-28 09:00:00,319.95430651539243
2012-08-28 10:00:00,220.1929026136387
2012-08-28 11:00:00,238.86555516767783
2012-08-28 12:00:00,303.1549601532424
2012-08-28 13:00:00,300.6207234778964
2012-08-28 14:00:00,257.3379575415842
2012-08-28 15:00:00,310.8277824024889
2012-08-28 16:00:00,445.82098527012124
2012-08-28 17:00:00,850.0808020000189
2012-08-28 18:00:00,844.7839271589017
2012-08-28 19:00:00,603.1407033590871
2012-08-28 20:00:00,446.60237062835756
2012-08-28 21:00:00,334.8973776680946
2012-08-28 22:00:00,239.09695910427186
2012-08-28 23:00:00,157.53127308375366
2012-08-29 00:00:00,98.41965107072501
2012-08-29 01:00:00,47.29652179642095
2012-08-29 02:00:00,29.671343170314902
2012-08-29 03:00:00,22.623627258979926
2012-08-29 04:00:00,23.260783628965584
2012-08-29 05:00:00,57.257862595876354
2012-08-29 06:00:00,182.82713104559926
2012-08-29 07:00:00,490.8003252894332
2012-08-29 08:00:00,728.994268349396
2012-08-29 09:00:00,354.9955092534758
2012-08-29 10:00:00,237.170593922951
2012-08-29 11:00:00,264.0310677396477
2012-08-29 12:00:00,328.4693168555498
2012-08-29 13:00:00,308.3991406489292
2012-08-29 14:00:00,290.974518407006
2012-08-29 15:00:00,324.2479571508683
2012-08-29 16:00:00,457.6388349513653
2012-08-29 17:00:00,843.2828374354182
2012-08-29 18:00:00,844.7607630947668
2012-08-29 19:00:00,605.5275554278638
2012-08-29 20:00:00,443.8942018344673
2012-08-29 21:00:00,324.71156980288504
2012-08-29 22:00:00,249.33163694648402
2012-08-29 23:00:00,168.5131491250382
2012-08-30 00:00:00,96.06242873033996
2012-08-30 01:00:00,45.79596115509132
2012-08-30 02:00:00,22.88818556775239
2012-08-30 03:00:00,15.683072528874357
2012-08-30 04:00:00,15.567328573501516
2012-08-30 05:00:00,49.612302290454224
2012-08-30 06:00:00,157.1831371088631
2012-08-30 07:00:00,495.20558384642834
2012-08-30 08:00:00,713.1712289981266
2012-08-30 09:00:00,341.9129928645496
2012-08-30 10:00:00,209.97827708841726
2012-08-30 11:00:00,267.31840790315573
2012-08-30 12:00:00,313.3701732348229
2012-08-30 13:00:00,304.96451736539575
2012-08-30 14:00:00,277.710289374037
2012-08-30 15:00:00,287.4786341840402
2012-08-30 16:00:00,436.40575177607457
2012-08-30 17:00:00,833.5240725095413
2012-08-30 18:00:00,805.4624906629224
2012-08-30 19:00:00,602.4996036581306
2012-08-30 20:00:00,441.34522672149933
2012-08-30 21:00:00,322.9396718166301
2012-08-30 22:00:00,227.73790275408777
2012-08-30 23:00:00,146.82564971493974
2012-08-31 00:00:00,88.20943086724492
2012-08-31 01:00:00,31.98976105075992
2012-08-31 02:00:00,10.529685746786345
2012-08-31 03:00:00,5.618333938893686
2012-08-31 04:00:00,2.735789501303948
2012-08-31 05:00:00,27.284691005334363
2012-08-31 06:00:00,139.77449590167686
2012-08-31 07:00:00,384.75529233649337
2012-08-31 08:00:00,687.3236972758223
2012-08-31 09:00:00,329.2663372067617
2012-08-31 10:00:00,222.81035544839327
2012-08-31 11:00:00,284.9668147899106
2012-08-31 12:00:00,342.43369534092943
2012-08-31 13:00:00,331.4725408425363
2012-08-31 14:00:00,303.2383016428314
2012-08-31 15:00:00,327.5104855300034
2012-08-31 16:00:00,451.31287440180654
2012-08-31 17:00:00,734.292063752843
2012-08-31 18:00:00,697.5466925751824
2012-08-31 19:00:00,523.3098994923606
2012-08-31 20:00:00,389.1602686693066
2012-08-31 21:00:00,297.01551722797865
2012-08-31 22:00:00,244.28501971293156
2012-08-31 23:00:00,187.15698441408153
2012-09-20 00:00:00,89.19686954521549
2012-09-20 01:00:00,43.010961539525404
2012-09-20 02:00:00,29.757298773890433
2012-09-20 03:00:00,12.718076955297132
2012-09-20 04:00:00,15.535657199503643
2012-09-20 05:00:00,39.167650495964246
2012-09-20 06:00:00,156.6054849543284
2012-09-20 07:00:00,465.80205722524545
2012-09-20 08:00:00,721.8990171497214
2012-09-20 09:00:00,337.03154651168256
2012-09-20 10:00:00,205.2338565337796
2012-09-20 11:00:00,253.41842985859742
2012-09-20 12:00:00,316.3771384397061
2012-09-20 13:00:00,311.9819504303639
2012-09-20 14:00:00,282.91876790212353
2012-09-20 15:00:00,313.8465296538082
2012-09-20 16:00:00,456.6098819933088
2012-09-20 17:00:00,836.6043059657521
2012-09-20 18:00:00,803.7023865343352
2012-09-20 19:00:00,560.9960944900837
2012-09-20 20:00:00,390.33973002017376
2012-09-20 21:00:00,301.46557150570476
2012-09-20 22:00:00,213.40617446611031
2012-09-20 23:00:00,155.06968331877772
2012-09-21 00:00:00,98.02329615811831
2012-09-21 01:00:00,57.084695881278975
2012-09-21 02:00:00,40.977078511457236
2012-09-21 03:00:00,26.158994661523963
2012-09-21 04:00:00,28.65011451064472
2012-09-21 05:00:00,56.22993001373243
2012-09-21 06:00:00,163.2375104820187
2012-09-21 07:00:00,452.4892764206623
2012-09-21 08:00:00,681.8911908507005
2012-09-21 09:00:00,345.6097880007206
2012-09-21 10:00:00,235.00628927586845
2012-09-21 11:00:00,286.3118211757786
2012-09-21 12:00:00,343.03874412940615
2012-09-21 13:00:00,351.86677087912403
2012-09-21 14:00:00,323.57013787269756
2012-09-21 15:00:00,355.53998369045945
2012-09-21 16:00:00,486.6758503817034
2012-09-21 17:00:00,785.8018998445416
2012-09-21 18:00:00,714.9526568987106
2012-09-21 19:00:00,510.71699276310136
2012-09-21 20:00:00,353.9516767392672
2012-09-21 21:00:00,280.60670009782945
2012-09-21 22:00:00,232.3706725996602
2012-09-21 23:00:00,176.00060379116553
2012-09-22 00:00:00,167.61024271031366
2012-09-22 01:00:00,103.75858244286593
2012-09-22 02:00:00,68.19518154896652
2012-09-22 03:00:00,38.70212550273545
2012-09-22 04:00:00,8.015605064694547
2012-09-22 05:00:00,20.91711174220569
2012-09-22 06:00:00,36.01421740571284
2012-09-22 07:00:00,66.83402642451613
2012-09-22 08:00:00,178.73100931721353
2012-09-22 09:00:00,291.5788325783094
2012-09-22 10:00:00,424.2092804477154
2012-09-22 11:00:00,520.1586405482526
2012-09-22 12:00:00,569.5714126109738
2012-09-22 13:00:00,592.2882818344086
2012-09-22 14:00:00,599.2077907144342
2012-09-22 15:00:00,596.1976458339733
2012-09-22 16:00:00,543.6782135519495
2012-09-22 17:00:00,539.4276620561858
2012-09-22 18:00:00,484.7123474339495
2012-09-22 19:00:00,417.7332050851927
2012-09-22 20:00:00,336.6689737108258
2012-09-22 21:00:00,297.68020633393195
2012-09-22 22:00:00,245.06103205654506
2012-09-22 23:00:00,243.3484804370191
2012-09-23 00:00:00,271.2802420933455
2012-09-23 01:00:00,147.52974186917535
2012-09-23 02:00:00,126.53971175536205
2012-09-23 03:00:00,62.49163465602636
2012-09-23 04:00:00,48.390044929024754
2012-09-23 05:00:00,37.16810524850809
2012-09-23 06:00:00,44.33629866149842
2012-09-23 07:00:00,115.99076567806671
2012-09-23 08:00:00,191.05270168722586
2012-09-23 09:00:00,280.0248714707716
2012-09-23 10:00:00,406.9874572830024
2012-09-23 11:00:00,486.14368546089855
2012-09-23 12:00:00,590.7680841323482
2012-09-23 13:00:00,653.8506257758797
2012-09-23 14:00:00,624.0526839596273
2012-09-23 15:00:00,613.6148562972827
2012-09-23 16:00:00,634.9831935092766
2012-09-23 17:00:00,546.9556574006735
2012-09-23 18:00:00,492.9785638127586
2012-09-23 19:00:00,366.0227903911375
2012-09-23 20:00:00,306.5806626152106
2012-09-23 21:00:00,216.23515104156562
2012-09-23 22:00:00,202.6015143382166
2012-09-23 23:00:00,135.91547990428637
2012-09-24 00:00:00,88.4854169947699
2012-09-24 01:00:00,32.54980173385083
2012-09-24 02:00:00,24.923026321142817
2012-09-24 03:00:00,20.810670329555197
2012-09-24 04:00:00,9.046261203164256
2012-09-24 05:00:00,58.21309951446776
2012-09-24 06:00:00,170.88023874695085
2012-09-24 07:00:00,485.7202551022654
2012-09-24 08:00:00,725.7940241842093
2012-09-24 09:00:00,357.3995841532622
2012-09-24 10:00:00,218.09040033488301
2012-09-24 11:00:00,265.21643649042153
2012-09-24 12:00:00,322.89971151665196
2012-09-24 13:00:00,315.2352834041762
2012-09-24 14:00:00,296.3375687485237
2012-09-24 15:00:00,330.33096555964727
2012-09-24 16:00:00,453.1477560488625
2012-09-24 17:00:00,829.0154633124984
2012-09-24 18:00:00,777.0515321582809
2012-09-24 19:00:00,502.6480619843957
2012-09-24 20:00:00,358.17811969121504
2012-09-24 21:00:00,256.0532520208973
2012-09-24 22:00:00,187.92378684030172
2012-09-24 23:00:00,119.72433378405621
2012-09-25 00:00:00,84.3600345664339
2012-09-25 01:00:00,28.30574092160059
2012-09-25 02:00:00,18.140098275879556
2012-09-25 03:00:00,20.69742937530134
2012-09-25 04:00:00,18.198966576607454
2012-09-25 05:00:00,40.35696329791917
2012-09-25 06:00:00,153.5104668892031
2012-09-25 07:00:00,476.6368681973598
2012-09-25 08:00:00,726.9999425788983
2012-09-25 09:00:00,362.34062839988206
2012-09-25 10:00:00,222.95181717902247
2012-09-25 11:00:00,266.71380381387286
2012-09-25 12:00:00,346.06570434534154
2012-09-25 13:00:00,328.83768646733677
2012-09-25 14:00:00,316.0311030840796
2012-09-25 15:00:00,350.9272393098513
2012-09-25 16:00:00,515.1858219990083
2012-09-25 17:00:00,911.9038492923498
2012-09-25 18:00:00,885.7864403858684
2012-09-25 19:00:00,566.2753638912625
2012-09-25 20:00:00,419.7126301593555
2012-09-25 21:00:00,304.6303136230199
2012-09-25 22:00:00,233.84630064614626
2012-09-25 23:00:00,152.4715180619645
2012-09-26 00:00:00,111.75536528498554
2012-09-26 01:00:00,43.142163065656085
2012-09-26 02:00:00,24.017921941163927
2012-09-26 03:00:00,16.416794541043302
2012-09-26 04:00:00,26.722072258598875
2012-09-26 05:00:00,67.87069253433424
2012-09-26 06:00:00,187.99588141804256
2012-09-26 07:00:00,524.2259727037613
2012-09-26 08:00:00,760.6222203496758
2012-09-26 09:00:00,389.4045119734363
2012-09-26 10:00:00,224.9650021397718
2012-09-26 11:00:00,271.5372223452817
2012-09-26 12:00:00,355.61768840202734
2012-09-26 13:00:00,330.86268192787963
2012-09-26 14:00:00,292.6230768008191
2012-09-26 15:00:00,336.9521181272347
2012-09-26 16:00:00,487.8095124371296
2012-09-26 17:00:00,874.3483905205621
2012-09-26 18:00:00,870.4387412844004
2012-09-26 19:00:00,604.9513982298597
2012-09-26 20:00:00,436.93487927755757
2012-09-26 21:00:00,325.05200309375186
2012-09-26 22:00:00,168.64652796651833
2012-09-26 23:00:00,127.4004834349177
2012-09-27 00:00:00,100.50291424020328
2012-09-27 01:00:00,34.24867718826695
2012-09-27 02:00:00,18.24077932153659
2012-09-27 03:00:00,15.748768770295234
2012-09-27 04:00:00,10.534616027771023
2012-09-27 05:00:00,48.0185744869306
2012-09-27 06:00:00,171.92749698309288
2012-09-27 07:00:00,512.8140334173457
2012-09-27 08:00:00,772.7767423815112
2012-09-27 09:00:00,386.5686779315021
2012-09-27 10:00:00,228.40779994705545
2012-09-27 11:00:00,269.7134286954707
2012-09-27 12:00:00,344.24521897610055
2012-09-27 13:00:00,324.6366225649898
2012-09-27 14:00:00,300.60281318182956
2012-09-27 15:00:00,338.3219841027234
2012-09-27 16:00:00,473.9580815468422
2012-09-27 17:00:00,786.8987700947155
2012-09-27 18:00:00,797.5069836655753
2012-09-27 19:00:00,579.9576080332586
2012-09-27 20:00:00,398.2482078745824
2012-09-27 21:00:00,222.8998016809388
2012-09-27 22:00:00,154.35771570791485
2012-09-27 23:00:00,117.1831016988266
2012-09-28 00:00:00,37.63056085793049
2012-09-28 01:00:00,2.6652367026290182
2012-09-28 02:00:00,0
2012-09-28 03:00:00,0.0658728224335059
2012-09-28 04:00:00,0
2012-09-28 05:00:00,37.08619544591849
2012-09-28 06:00:00,136.0603954355101
2012-09-28 07:00:00,389.4974084843396
2012-09-28 08:00:00,687.5348773830364
2012-09-28 09:00:00,358.35603580952255
2012-09-28 10:00:00,230.83565993311237
2012-09-28 11:00:00,280.11980796605144
2012-09-28 12:00:00,381.68871077529525
2012-09-28 13:00:00,379.53462376500363
2012-09-28 14:00:00,339.62575506784515
2012-09-28 15:00:00,380.4592822463915
2012-09-28 16:00:00,543.5451498200252
2012-09-28 17:00:00,819.8720362842063
2012-09-28 18:00:00,746.5249345573599
2012-09-28 19:00:00,430.4889279253446
2012-09-28 20:00:00,319.12630093772026
2012-09-28 21:00:00,271.4082531963679
2012-09-28 22:00:00,232.239656133652
2012-09-28 23:00:00,178.45964070072014
2012-09-29 00:00:00,230.2003393576879
2012-09-29 01:00:00,179.65789813155087
2012-09-29 02:00:00,145.92570597899504
2012-09-29 03:00:00,83.18270592492547
2012-09-29 04:00:00,79.25803237198795
2012-09-29 05:00:00,86.02245948327251
2012-09-29 06:00:00,105.53226236048046
2012-09-29 07:00:00,133.47986992228965
2012-09-29 08:00:00,233.50860365274255
2012-09-29 09:00:00,326.6204910270234
2012-09-29 10:00:00,430.0956368926429
2012-09-29 11:00:00,539.739035217174
2012-09-29 12:00:00,699.7136771245707
2012-09-29 13:00:00,708.8218588677735
2012-09-29 14:00:00,684.553914909248
2012-09-29 15:00:00,681.1134149582988
2012-09-29 16:00:00,690.9498042859386
2012-09-29 17:00:00,660.1812035634018
2012-09-29 18:00:00,503.6834374856157
2012-09-29 19:00:00,368.9584452211351
2012-09-29 20:00:00,303.59836350867755
2012-09-29 21:00:00,268.0376886088633
2012-09-29 22:00:00,228.32465552894354
2012-09-29 23:00:00,209.60709372437717
2012-09-30 00:00:00,187.6639966642328
2012-09-30 01:00:00,155.15317759767277
2012-09-30 02:00:00,107.753149926469
2012-09-30 03:00:00,49.27033149871892
2012-09-30 04:00:00,39.35244251190471
2012-09-30 05:00:00,31.36117605868688
2012-09-30 06:00:00,55.833451314045554
2012-09-30 07:00:00,101.06306963704773
2012-09-30 08:00:00,193.29870671462177
2012-09-30 09:00:00,301.7738674558229
2012-09-30 10:00:00,421.0316043121979
2012-09-30 11:00:00,563.8915822379216
2012-09-30 12:00:00,635.9449978953402
2012-09-30 13:00:00,641.120127589061
2012-09-30 14:00:00,616.7522853005688
2012-09-30 15:00:00,618.8370136442275
2012-09-30 16:00:00,662.7939404713109
2012-09-30 17:00:00,605.2407253506947
2012-09-30 18:00:00,425.9812914439042
2012-09-30 19:00:00,262.32867554317966
2012-09-30 20:00:00,200.0876087227829
2012-09-30 21:00:00,204.86378841469755
2012-09-30 22:00:00,165.76920971404073
2012-09-30 23:00:00,131.0224372979506
2012-10-20 00:00:00,170.230301946859
2012-10-20 01:00:00,139.22751894916826
2012-10-20 02:00:00,89.13332666511202
2012-10-20 03:00:00,56.06933697681369
2012-10-20 04:00:00,49.15596998370114
2012-10-20 05:00:00,46.734907300903956
2012-10-20 06:00:00,78.45423233101104
2012-10-20 07:00:00,119.1326316090684
2012-10-20 08:00:00,211.32970400189564
2012-10-20 09:00:00,328.1136855018678
2012-10-20 10:00:00,427.68680554115645
2012-10-20 11:00:00,538.52616644925
2012-10-20 12:00:00,608.5922210923477
2012-10-20 13:00:00,646.510936070679
2012-10-20 14:00:00,619.7640354228241
2012-10-20 15:00:00,621.91479822007
2012-10-20 16:00:00,601.3030694320719
2012-10-20 17:00:00,578.5383747132569
2012-10-20 18:00:00,502.7534422728984
2012-10-20 19:00:00,361.9329221125983
2012-10-20 20:00:00,318.50491423713004
2012-10-20 21:00:00,208.9115431052886
2012-10-20 22:00:00,192.2117361882896
2012-10-20 23:00:00,163.6605911061468
2012-10-21 00:00:00,142.6739290603617
2012-10-21 01:00:00,103.6087534277619
2012-10-21 02:00:00,75.92190364213496
2012-10-21 03:00:00,41.83274481453977
2012-10-21 04:00:00,26.258028137545246
2012-10-21 05:00:00,39.2639553676069
2012-10-21 06:00:00,58.3793684770805
2012-10-21 07:00:00,105.69137550412584
2012-10-21 08:00:00,164.29080542949598
2012-10-21 09:00:00,258.29259013452054
2012-10-21 10:00:00,383.04223243118986
2012-10-21 11:00:00,502.2120619090264
2012-10-21 12:00:00,569.313617163576
2012-10-21 13:00:00,590.5566153737306
2012-10-21 14:00:00,573.0738239089052
2012-10-21 15:00:00,561.6186979203896
2012-10-21 16:00:00,580.5759271864501
2012-10-21 17:00:00,519.478151925775
2012-10-21 18:00:00,480.9374232299179
2012-10-21 19:00:00,356.45666933514025
2012-10-21 20:00:00,272.6105620481609
2012-10-21 21:00:00,170.26993422860122
2012-10-21 22:00:00,146.91842736588708
2012-10-21 23:00:00,111.94589762498003
2012-10-22 00:00:00,77.33060313160625
2012-10-22 01:00:00,37.345881371205024
2012-10-22 02:00:00,18.901878411740046
2012-10-22 03:00:00,15.378828460732512
2012-10-22 04:00:00,18.504783249686803
2012-10-22 05:00:00,40.37541492312953
2012-10-22 06:00:00,143.19443915026966
2012-10-22 07:00:00,446.66915118883037
2012-10-22 08:00:00,710.4410437869066
2012-10-22 09:00:00,352.1185627968555
2012-10-22 10:00:00,222.91154316615635
2012-10-22 11:00:00,266.44063959835063
2012-10-22 12:00:00,327.7505150850887
2012-10-22 13:00:00,326.8674825552422
2012-10-22 14:00:00,295.4005733750828
2012-10-22 15:00:00,341.71366229338935
2012-10-22 16:00:00,496.8977181255648
2012-10-22 17:00:00,883.2457752053151
2012-10-22 18:00:00,749.1737306318602
2012-10-22 19:00:00,482.4410246510171
2012-10-22 20:00:00,356.3537713535802
2012-10-22 21:00:00,234.81169287473082
2012-10-22 22:00:00,172.57379956265842
2012-10-22 23:00:00,112.0332842339878
2012-10-23 00:00:00,79.26823511627741
2012-10-23 01:00:00,36.27413225703525
2012-10-23 02:00:00,13.730229020676932
2012-10-23 03:00:00,9.380341099064015
2012-10-23 04:00:00,11.175854744709378
2012-10-23 05:00:00,37.23015324288427
2012-10-23 06:00:00,154.62950744214228
2012-10-23 07:00:00,457.1236512179202
2012-10-23 08:00:00,730.6737966298884
2012-10-23 09:00:00,358.64202583092805
2012-10-23 10:00:00,232.49533206037455
2012-10-23 11:00:00,268.786361673301
2012-10-23 12:00:00,338.1766558372011
2012-10-23 13:00:00,339.9746436060799
2012-10-23 14:00:00,318.29427021327075
2012-10-23 15:00:00,356.42886502608593
2012-10-23 16:00:00,525.8504492891714
2012-10-23 17:00:00,914.7351391093425
2012-10-23 18:00:00,864.5573638394253
2012-10-23 19:00:00,574.6139403615559
2012-10-23 20:00:00,393.9978885878082
2012-10-23 21:00:00,278.35948308529163
2012-10-23 22:00:00,204.80509610032897
2012-10-23 23:00:00,138.20884490588992
2012-10-24 00:00:00,110.09538716768525
2012-10-24 01:00:00,42.739386731689535
2012-10-24 02:00:00,28.81325250887079
2012-10-24 03:00:00,28.711867194130505
2012-10-24 04:00:00,28.852293576688787
2012-10-24 05:00:00,60.12121666011667
2012-10-24 06:00:00,178.39976146799484
2012-10-24 07:00:00,482.53992412012025
2012-10-24 08:00:00,741.5737015187063
2012-10-24 09:00:00,364.90822249256394
2012-10-24 10:00:00,214.68590642939375
2012-10-24 11:00:00,258.73208408756045
2012-10-24 12:00:00,350.0166956874083
2012-10-24 13:00:00,333.95091731267655
2012-10-24 14:00:00,318.35906508798695
2012-10-24 15:00:00,367.0368017044791
2012-10-24 16:00:00,510.58575585177744
2012-10-24 17:00:00,878.2494787459536
2012-10-24 18:00:00,879.8608813935757
2012-10-24 19:00:00,575.2753078508938
2012-10-24 20:00:00,413.81240954175547
2012-10-24 21:00:00,298.23927283607907
2012-10-24 22:00:00,231.49155216115867
2012-10-24 23:00:00,129.3311451572393
2012-10-25 00:00:00,111.05751954217548
2012-10-25 01:00:00,36.85588009894137
2012-10-25 02:00:00,31.850156254153617
2012-10-25 03:00:00,26.953219707340757
2012-10-25 04:00:00,30.798063433798895
2012-10-25 05:00:00,60.793743445101896
2012-10-25 06:00:00,177.7622690298806
2012-10-25 07:00:00,472.2758850592918
2012-10-25 08:00:00,718.6159497565839
2012-10-25 09:00:00,346.7280792948776
2012-10-25 10:00:00,183.84080341874494
2012-10-25 11:00:00,208.76909644485553
2012-10-25 12:00:00,283.77041893304795
2012-10-25 13:00:00,255.62384620997665
2012-10-25 14:00:00,264.49942284424213
2012-10-25 15:00:00,326.69682476621864
2012-10-25 16:00:00,468.32468198703714
2012-10-25 17:00:00,829.9945757257876
2012-10-25 18:00:00,550.9752111588631
2012-10-25 19:00:00,439.45311757437526
2012-10-25 20:00:00,335.7270633124725
2012-10-25 21:00:00,256.9308127778098
2012-10-25 22:00:00,192.58392892208263
2012-10-25 23:00:00,126.49327556376223
2012-10-26 00:00:00,102.63590623716877
2012-10-26 01:00:00,49.53450232473508
2012-10-26 02:00:00,41.33056038851585
2012-10-26 03:00:00,28.718779675249795
2012-10-26 04:00:00,30.463902791349714
2012-10-26 05:00:00,58.13953266042904
2012-10-26 06:00:00,165.79680198518196
2012-10-26 07:00:00,429.0563872601192
2012-10-26 08:00:00,653.5920675359108
2012-10-26 09:00:00,350.95516979383467
2012-10-26 10:00:00,200.00730847349243
2012-10-26 11:00:00,252.30743470057553
2012-10-26 12:00:00,311.9117581839334
2012-10-26 13:00:00,309.6930654330199
2012-10-26 14:00:00,316.9435237711071
2012-10-26 15:00:00,360.6527581313414
2012-10-26 16:00:00,470.8687240370655
2012-10-26 17:00:00,726.2355670321089
2012-10-26 18:00:00,607.4267172858818
2012-10-26 19:00:00,381.23233742706753
2012-10-26 20:00:00,286.64550963714083
2012-10-26 21:00:00,250.68946644702973
2012-10-26 22:00:00,197.9311060716046
2012-10-26 23:00:00,163.03447712403437
2012-10-27 00:00:00,195.80805954499056
2012-10-27 01:00:00,143.74265797403388
2012-10-27 02:00:00,118.31730901672528
2012-10-27 03:00:00,81.22624260920054
2012-10-27 04:00:00,53.23669503831481
2012-10-27 05:00:00,65.96313423804648
2012-10-27 06:00:00,88.50385226409324
2012-10-27 07:00:00,129.70791873511916
2012-10-27 08:00:00,232.61360432735893
2012-10-27 09:00:00,307.30112084321786
2012-10-27 10:00:00,409.78489853411946
2012-10-27 11:00:00,534.640230219884
2012-10-27 12:00:00,660.365690372739
2012-10-27 13:00:00,704.7133917248923
2012-10-27 14:00:00,659.0839199973245
2012-10-27 15:00:00,557.9831804259629
2012-10-27 16:00:00,536.4228720581098
2012-10-27 17:00:00,523.3126719277642
2012-10-27 18:00:00,470.694224083173
2012-10-27 19:00:00,335.3253296732015
2012-10-27 20:00:00,270.2539977700971
2012-10-27 21:00:00,232.25712937374834
2012-10-27 22:00:00,201.93878313784114
2012-10-27 23:00:00,181.82622066901527
2012-10-28 00:00:00,121.44918186820996
2012-10-28 01:00:00,119.16497510084136
2012-10-28 02:00:00,88.62009497448744
2012-10-28 03:00:00,46.788362150474335
2012-10-28 04:00:00,30.72929769297111
2012-10-28 05:00:00,43.41164700831966
2012-10-28 06:00:00,64.50120615106911
2012-10-28 07:00:00,106.47659750364774
2012-10-28 08:00:00,183.620619394823
2012-10-28 09:00:00,262.53167676202696
2012-10-28 10:00:00,348.1128032778747
2012-10-28 11:00:00,445.6349216870608
2012-10-28 12:00:00,470.8176509963914
2012-10-28 13:00:00,482.9205263754321
2012-10-28 14:00:00,481.7296650055335
2012-10-28 15:00:00,466.3521066084762
2012-10-28 16:00:00,377.2256520461432
2012-10-28 17:00:00,307.3679132460836
2012-10-28 18:00:00,156.09235416587626
2012-10-28 19:00:00,137.36303682900913
2012-10-28 20:00:00,86.64220613587743
2012-10-28 21:00:00,75.16589834751794
2012-10-28 22:00:00,58.59817239216774
2012-10-28 23:00:00,26.242112150880835
2012-10-29 00:00:00,29.706316689615168
2012-10-30 13:00:00,108.7966981019137
2012-10-30 14:00:00,86.38745635669369
2012-10-30 15:00:00,111.12453472621358
2012-10-30 16:00:00,177.35359908853448
2012-10-30 17:00:00,365.52920499814866
2012-10-30 18:00:00,332.6545027863142
2012-10-30 19:00:00,452.02818758559044
2012-10-30 20:00:00,225.0111500366501
2012-10-30 21:00:00,167.90728844424828
2012-10-30 22:00:00,133.4903231294006
2012-10-30 23:00:00,84.40098501090216
2012-10-31 00:00:00,51.749816300111355
2012-10-31 01:00:00,23.14806728557383
2012-10-31 02:00:00,16.666922733632706
2012-10-31 03:00:00,12.248117929775509
2012-10-31 04:00:00,0
2012-10-31 05:00:00,35.083949364034616
2012-10-31 06:00:00,138.33553218595137
2012-10-31 07:00:00,370.2194873462756
2012-10-31 08:00:00,709.2555386978108
2012-10-31 09:00:00,329.0328501031731
2012-10-31 10:00:00,177.71178215881653
2012-10-31 11:00:00,178.08729573840782
2012-10-31 12:00:00,269.9717800744649
2012-10-31 13:00:00,245.7187457842944
2012-10-31 14:00:00,206.93111506435247
2012-10-31 15:00:00,253.19717071276898
2012-10-31 16:00:00,351.25885814288523
2012-10-31 17:00:00,625.1631152881477
2012-10-31 18:00:00,599.3263875202069
2012-10-31 19:00:00,417.5085463639283
2012-10-31 20:00:00,283.01275310425564
2012-10-31 21:00:00,224.21388851611187
2012-10-31 22:00:00,166.6622469300206
2012-10-31 23:00:00,123.41195310222616
2012-11-20 00:00:00,50.92889052580832
2012-11-20 01:00:00,30.698453342652083
2012-11-20 02:00:00,3.892115458876809
2012-11-20 03:00:00,9.48476815427653
2012-11-20 04:00:00,12.767420365957939
2012-11-20 05:00:00,39.091920962028404
2012-11-20 06:00:00,137.35608927482028
2012-11-20 07:00:00,407.06369119829134
2012-11-20 08:00:00,716.5686643600416
2012-11-20 09:00:00,337.35209502098235
2012-11-20 10:00:00,176.319603812055
2012-11-20 11:00:00,202.5193825860633
2012-11-20 12:00:00,241.20048185342236
2012-11-20 13:00:00,255.37193263440327
2012-11-20 14:00:00,204.41645282155088
2012-11-20 15:00:00,261.4008742757253
2012-11-20 16:00:00,356.93001893542595
2012-11-20 17:00:00,614.7806501946826
2012-11-20 18:00:00,606.7968453797085
2012-11-20 19:00:00,407.7655841482262
2012-11-20 20:00:00,263.410132270038
2012-11-20 21:00:00,226.77147312590583
2012-11-20 22:00:00,161.95242901292474
2012-11-20 23:00:00,86.77575616836907
2012-11-21 00:00:00,70.57456770093495
2012-11-21 01:00:00,27.624574577889128
2012-11-21 02:00:00,5.590863978978425
2012-11-21 03:00:00,5.459207182027946
2012-11-21 04:00:00,0.7839469419701208
2012-11-21 05:00:00,26.950159817974235
2012-11-21 06:00:00,131.62147065992113
2012-11-21 07:00:00,374.3336081624651
2012-11-21 08:00:00,688.6242434989788
2012-11-21 09:00:00,322.10211106451135
2012-11-21 10:00:00,201.5389570602595
2012-11-21 11:00:00,223.84285502730984
2012-11-21 12:00:00,292.0460238395369
2012-11-21 13:00:00,276.3750393075235
2012-11-21 14:00:00,269.95896244052545
2012-11-21 15:00:00,293.46792828150194
2012-11-21 16:00:00,387.1876398478812
2012-11-21 17:00:00,654.9476952708467
2012-11-21 18:00:00,646.5464294191607
2012-11-21 19:00:00,427.110934302877
2012-11-21 20:00:00,287.5760829219506
2012-11-21 21:00:00,237.5196545116883
2012-11-21 22:00:00,169.1595779207636
2012-11-21 23:00:00,102.71050416391695
2012-11-22 00:00:00,132.11797617878287
2012-11-22 01:00:00,95.51479339521553
2012-11-22 02:00:00,54.16203564194076
2012-11-22 03:00:00,45.50011130098128
2012-11-22 04:00:00,49.724605957579264
2012-11-22 05:00:00,37.605027294945074
2012-11-22 06:00:00,53.9338946617607
2012-11-22 07:00:00,135.01229536177004
2012-11-22 08:00:00,280.8372740851623
2012-11-22 09:00:00,239.9791332385084
2012-11-22 10:00:00,287.0429290173172
2012-11-22 11:00:00,405.42439024909896
2012-11-22 12:00:00,471.0414781459981
2012-11-22 13:00:00,455.06787940788564
2012-11-22 14:00:00,463.93182324046063
2012-11-22 15:00:00,450.6248959413108
2012-11-22 16:00:00,474.6871152055268
2012-11-22 17:00:00,491.21572153879464
2012-11-22 18:00:00,382.4175222206079
2012-11-22 19:00:00,282.1456631918853
2012-11-22 20:00:00,225.03647416192345
2012-11-22 21:00:00,179.49589790272944
2012-11-22 22:00:00,141.41907990663657
2012-11-22 23:00:00,92.1373528535625
2012-11-23 00:00:00,60.89206241195275
2012-11-23 01:00:00,23.487121581283628
2012-11-23 02:00:00,5.979669822881793
2012-11-23 03:00:00,4.4280682482695015
2012-11-23 04:00:00,3.580084144181453
2012-11-23 05:00:00,21.90656975922944
2012-11-23 06:00:00,113.13370480842114
2012-11-23 07:00:00,351.90092363425896
2012-11-23 08:00:00,587.0367911023122
2012-11-23 09:00:00,317.6545447096292
2012-11-23 10:00:00,189.71417258558154
2012-11-23 11:00:00,247.81334278299863
2012-11-23 12:00:00,322.4242617225415
2012-11-23 13:00:00,319.17090625509576
2012-11-23 14:00:00,324.46598530228925
2012-11-23 15:00:00,339.88756866843784
2012-11-23 16:00:00,474.5849801422779
2012-11-23 17:00:00,742.3878021040039
2012-11-23 18:00:00,618.6271951173285
2012-11-23 19:00:00,413.04526488970504
2012-11-23 20:00:00,326.2564810987351
2012-11-23 21:00:00,228.1535334405882
2012-11-23 22:00:00,196.4998817149837
2012-11-23 23:00:00,160.72340092023524
2012-11-24 00:00:00,184.22767665451497
2012-11-24 01:00:00,127.67942553743572
2012-11-24 02:00:00,54.37222554777423
2012-11-24 03:00:00,50.33831684956704
2012-11-24 04:00:00,23.278642631892712
2012-11-24 05:00:00,33.088991247508716
2012-11-24 06:00:00,42.754318343813104
2012-11-24 07:00:00,75.10574013814572
2012-11-24 08:00:00,147.90774762895757
2012-11-24 09:00:00,216.11155446638736
2012-11-24 10:00:00,260.24264899413515
2012-11-24 11:00:00,352.9621580235396
2012-11-24 12:00:00,373.08071633028624
2012-11-24 13:00:00,438.1036886993545
2012-11-24 14:00:00,408.06792175586145
2012-11-24 15:00:00,387.6631074837889
2012-11-24 16:00:00,374.76750962504514
2012-11-24 17:00:00,312.1507030953924
2012-11-24 18:00:00,245.2549557657091
2012-11-24 19:00:00,228.63606904855607
2012-11-24 20:00:00,171.14923958167512
2012-11-24 21:00:00,149.05153634109132
2012-11-24 22:00:00,130.11102263720673
2012-11-24 23:00:00,119.9138851331635
2012-11-25 00:00:00,86.42178680066759
2012-11-25 01:00:00,77.94393341679569
2012-11-25 02:00:00,40.29719727389806
2012-11-25 03:00:00,38.28867241337078
2012-11-25 04:00:00,20.490451896680902
2012-11-25 05:00:00,15.98356727180243
2012-11-25 06:00:00,24.847318236438884
2012-11-25 07:00:00,59.46182129342026
2012-11-25 08:00:00,117.72460565122802
2012-11-25 09:00:00,182.33303584656386
2012-11-25 10:00:00,252.53041088255935
2012-11-25 11:00:00,309.7859933676881
2012-11-25 12:00:00,369.2097073486314
2012-11-25 13:00:00,368.18865472392474
2012-11-25 14:00:00,348.97301516670746
2012-11-25 15:00:00,349.2716777991235
2012-11-25 16:00:00,372.41900761878884
2012-11-25 17:00:00,297.59403120079014
2012-11-25 18:00:00,255.64275894280397
2012-11-25 19:00:00,213.76763905053346
2012-11-25 20:00:00,152.99763796247728
2012-11-25 21:00:00,125.41431134162245
2012-11-25 22:00:00,100.4075926230525
2012-11-25 23:00:00,55.55600480599978
2012-11-26 00:00:00,33.20267870489454
2012-11-26 01:00:00,4.767996707899276
2012-11-26 02:00:00,0
2012-11-26 03:00:00,0
2012-11-26 04:00:00,0
2012-11-26 05:00:00,23.065620741838305
2012-11-26 06:00:00,115.26172331728988
2012-11-26 07:00:00,390.36948052451214
2012-11-26 08:00:00,638.8675395488751
2012-11-26 09:00:00,306.9888806397056
2012-11-26 10:00:00,165.69976263662423
2012-11-26 11:00:00,228.3763566562473
2012-11-26 12:00:00,283.4950775413469
2012-11-26 13:00:00,266.3731913658963
2012-11-26 14:00:00,238.02335238742876
2012-11-26 15:00:00,263.55452269516513
2012-11-26 16:00:00,394.9639778448067
2012-11-26 17:00:00,694.7341392166617
2012-11-26 18:00:00,581.5809401184176
2012-11-26 19:00:00,410.0614814253798
2012-11-26 20:00:00,283.50178382510717
2012-11-26 21:00:00,203.91050068438642
2012-11-26 22:00:00,130.79699732567929
2012-11-26 23:00:00,72.59714889274474
2012-11-27 00:00:00,48.06774696107589
2012-11-27 01:00:00,15.385128948806996
2012-11-27 02:00:00,5.022709237292149
2012-11-27 03:00:00,8.864757871701663
2012-11-27 04:00:00,5.47056981168771
2012-11-27 05:00:00,22.079546792089126
2012-11-27 06:00:00,124.82848498464591
2012-11-27 07:00:00,243.23323992626908
2012-11-27 08:00:00,352.5657350213337
2012-11-27 09:00:00,310.382697899078
2012-11-27 10:00:00,106.12911737390532
2012-11-27 11:00:00,82.14862569567686
2012-11-27 12:00:00,120.13735480166496
2012-11-27 13:00:00,112.7003961012595
2012-11-27 14:00:00,88.89018485331444
2012-11-27 15:00:00,173.9204184752015
2012-11-27 16:00:00,289.014565431939
2012-11-27 17:00:00,513.6249159099112
2012-11-27 18:00:00,402.59068833919844
2012-11-27 19:00:00,339.19516617291936
2012-11-27 20:00:00,239.00601051340627
2012-11-27 21:00:00,164.26106858174077
2012-11-27 22:00:00,123.00887561067273
2012-11-27 23:00:00,63.29592466028558
2012-11-28 00:00:00,36.99327967777205
2012-11-28 01:00:00,18.12921355524178
2012-11-28 02:00:00,6.88280748755795
2012-11-28 03:00:00,3.0407133329791614
2012-11-28 04:00:00,5.194965672643005
2012-11-28 05:00:00,32.42650746169607
2012-11-28 06:00:00,131.23741293012472
2012-11-28 07:00:00,392.16295450531555
2012-11-28 08:00:00,655.866942723591
2012-11-28 09:00:00,318.2402948653758
2012-11-28 10:00:00,171.3483624847841
2012-11-28 11:00:00,185.64657651841458
2012-11-28 12:00:00,247.70308940586708
2012-11-28 13:00:00,235.94356100311597
2012-11-28 14:00:00,205.7733009033482
2012-11-28 15:00:00,242.53197816424637
2012-11-28 16:00:00,335.14997083517
2012-11-28 17:00:00,614.1722391861739
2012-11-28 18:00:00,539.6875011628198
2012-11-28 19:00:00,395.42677156819195
2012-11-28 20:00:00,279.2091037230143
2012-11-28 21:00:00,194.35800456975562
2012-11-28 22:00:00,149.21839912311538
2012-11-28 23:00:00,95.00673013836042
2012-11-29 00:00:00,61.15861426578982
2012-11-29 01:00:00,23.828272399264478
2012-11-29 02:00:00,13.97245327027155
2012-11-29 04:00:00,0.7172825891032231
2012-11-29 05:00:00,24.842674284916534
2012-11-29 06:00:00,130.29445345941818
2012-11-29 07:00:00,386.68759962239847
2012-11-29 08:00:00,642.1842736025408
2012-11-29 09:00:00,311.7233903472625
2012-11-29 10:00:00,160.97451805411333
2012-11-29 11:00:00,208.7611142839855
2012-11-29 12:00:00,263.0401722048335
2012-11-29 13:00:00,256.37662427569927
2012-11-29 14:00:00,219.28025284578732
2012-11-29 15:00:00,244.75644497802347
2012-11-29 16:00:00,359.267027384372
2012-11-29 17:00:00,629.2747618624011
2012-11-29 18:00:00,536.7944333166781
2012-11-29 19:00:00,382.6085841608899
2012-11-29 20:00:00,273.7709165525075
2012-11-29 21:00:00,190.93044096227118
2012-11-29 22:00:00,141.46817927858908
2012-11-29 23:00:00,110.1221498957811
2012-11-30 00:00:00,47.07946527307957
2012-11-30 01:00:00,18.413318304815355
2012-11-30 02:00:00,3.385502757136423
2012-11-30 03:00:00,0
2012-11-30 04:00:00,0
2012-11-30 05:00:00,18.63237088628392
2012-11-30 06:00:00,99.33086899249679
2012-11-30 07:00:00,337.5386654856399
2012-11-30 08:00:00,595.6818917299569
2012-11-30 09:00:00,313.4536325403202
2012-11-30 10:00:00,178.6354443900309
2012-11-30 11:00:00,214.02012340549356
2012-11-30 12:00:00,289.93768825489644
2012-11-30 13:00:00,297.24757018805695
2012-11-30 14:00:00,275.14723245155767
2012-11-30 15:00:00,306.84383661869714
2012-11-30 16:00:00,419.1759145090449
2012-11-30 17:00:00,606.6027856398134
2012-11-30 18:00:00,494.72733902384255
2012-11-30 19:00:00,332.2291770787632
2012-11-30 20:00:00,228.38915764372427
2012-11-30 21:00:00,161.52045059290174
2012-11-30 22:00:00,145.72296922051592
2012-11-30 23:00:00,115.13953672250197
2012-12-20 00:00:00,64.962169147081
2012-12-20 01:00:00,32.37417827969249
2012-12-20 02:00:00,20.8859397621912
2012-12-20 03:00:00,9.664696453426162
2012-12-20 04:00:00,8.66571169155456
2012-12-20 05:00:00,35.005591886637426
2012-12-20 06:00:00,138.57928074482143
2012-12-20 07:00:00,399.6256108250621
2012-12-20 08:00:00,687.0735236906218
2012-12-20 09:00:00,315.49924774260705
2012-12-20 10:00:00,161.34294429570485
2012-12-20 11:00:00,182.68660202224672
2012-12-20 12:00:00,245.524495971744
2012-12-20 13:00:00,223.88075292876096
2012-12-20 14:00:00,199.5053295545642
2012-12-20 15:00:00,216.44542630163204
2012-12-20 16:00:00,327.90160986305125
2012-12-20 17:00:00,593.6635580295118
2012-12-20 18:00:00,547.8390156359777
2012-12-20 19:00:00,289.8618902582363
2012-12-20 20:00:00,224.59476331923955
2012-12-20 21:00:00,163.20896720891952
2012-12-20 22:00:00,118.78027271479361
2012-12-20 23:00:00,91.47843821369402
2012-12-21 00:00:00,0
2012-12-21 01:00:00,0
2012-12-21 02:00:00,0
2012-12-21 03:00:00,0
2012-12-21 04:00:00,4.284254316148677
2012-12-21 05:00:00,10.29770812020975
2012-12-21 06:00:00,68.03034262291087
2012-12-21 07:00:00,238.1610566334185
2012-12-21 08:00:00,502.560576884488
2012-12-21 09:00:00,257.41534135872655
2012-12-21 10:00:00,117.68783827531557
2012-12-21 11:00:00,149.95348315636056
2012-12-21 12:00:00,179.69328952521312
2012-12-21 13:00:00,184.38890513970907
2012-12-21 14:00:00,158.81965617062647
2012-12-21 15:00:00,173.4628890106844
2012-12-21 16:00:00,232.4668849034714
2012-12-21 17:00:00,351.43039294789247
2012-12-21 18:00:00,303.48965037869846
2012-12-21 19:00:00,213.86016662881136
2012-12-21 20:00:00,138.5286794444811
2012-12-21 21:00:00,107.46130250062342
2012-12-21 22:00:00,98.5020528230901
2012-12-21 23:00:00,71.54657526607741
2012-12-22 00:00:00,12.74243585763045
2012-12-22 01:00:00,46.45695832103751
2012-12-22 02:00:00,23.747713926958905
2012-12-22 03:00:00,10.832697261256406
2012-12-22 04:00:00,1.6741015184090253
2012-12-22 05:00:00,0
2012-12-22 06:00:00,0
2012-12-22 07:00:00,9.522412836760328
2012-12-22 08:00:00,37.504167540352235
2012-12-22 09:00:00,147.07214815562855
2012-12-22 10:00:00,210.30798787271192
2012-12-22 11:00:00,261.8871025346666
2012-12-22 12:00:00,281.0787819135781
2012-12-22 13:00:00,341.64239345003057
2012-12-22 14:00:00,318.43572230119975
2012-12-22 15:00:00,271.55628966974206
2012-12-22 16:00:00,259.90020726711066
2012-12-22 17:00:00,209.56974176761807
2012-12-22 18:00:00,148.99350303986944
2012-12-22 19:00:00,134.4196694096333
2012-12-22 20:00:00,110.86236143546415
2012-12-22 21:00:00,80.06305842275603
2012-12-22 22:00:00,77.64385722399099
2012-12-22 23:00:00,65.94305113826303
2012-12-23 00:00:00,29.56719474316575
2012-12-23 01:00:00,44.61336406263053
2012-12-23 02:00:00,17.550384997533033
2012-12-23 03:00:00,6.550643080136187
2012-12-23 04:00:00,0
2012-12-23 05:00:00,0
2012-12-23 06:00:00,0
2012-12-23 07:00:00,3.794095972633584
2012-12-23 08:00:00,45.40596171395381
2012-12-23 09:00:00,114.43880325086774
2012-12-23 10:00:00,202.02001703719228
2012-12-23 11:00:00,227.09871624001437
2012-12-23 12:00:00,298.80622202417305
2012-12-23 13:00:00,318.57626446867937
2012-12-23 14:00:00,304.92612714271047
2012-12-23 15:00:00,301.18691111610485
2012-12-23 16:00:00,285.64293675207676
2012-12-23 17:00:00,203.35803576315726
2012-12-23 18:00:00,166.87117252348577
2012-12-23 19:00:00,125.44668062608645
2012-12-23 20:00:00,97.94498502994605
2012-12-23 21:00:00,72.27653525259184
2012-12-23 22:00:00,54.957151439321756
2012-12-23 23:00:00,20.094805310068068
2012-12-24 00:00:00,0
2012-12-24 01:00:00,0
2012-12-24 02:00:00,0
2012-12-24 03:00:00,0
2012-12-24 05:00:00,5.845642514263567
2012-12-24 06:00:00,79.74396008537401
2012-12-24 07:00:00,262.7027355476513
2012-12-24 08:00:00,473.127582032142
2012-12-24 09:00:00,225.76570561768898
2012-12-24 10:00:00,95.75310934967048
2012-12-24 11:00:00,98.66233965125247
2012-12-24 12:00:00,141.51461109061844
2012-12-24 13:00:00,84.29086600051988
2012-12-24 14:00:00,62.34791454260271
2012-12-24 15:00:00,75.59817465987177
2012-12-24 16:00:00,101.52287045745967
2012-12-24 17:00:00,191.8066668556878
2012-12-24 18:00:00,225.7522917842619
2012-12-24 19:00:00,232.1366647925902
2012-12-24 20:00:00,125.32394185928001
2012-12-24 21:00:00,94.6499607773938
2012-12-24 22:00:00,68.96552028183952
2012-12-24 23:00:00,30.887219193073875
2012-12-25 00:00:00,0
2012-12-25 01:00:00,50.333968749529824
2012-12-25 02:00:00,32.17677874630435
2012-12-25 04:00:00,16.268154366708735
2012-12-25 05:00:00,8.630073567125411
2012-12-25 06:00:00,18.400081896915392
2012-12-25 07:00:00,65.40773326514444
2012-12-25 08:00:00,195.39144799507
2012-12-25 09:00:00,161.4667879150664
2012-12-25 10:00:00,190.02077680472124
2012-12-25 11:00:00,180.15470383010472
2012-12-25 12:00:00,227.00660631553794
2012-12-25 13:00:00,278.3376868295298
2012-12-25 14:00:00,238.16896157549624
2012-12-25 15:00:00,226.8975874386763
2012-12-25 16:00:00,227.95083025536053
2012-12-25 17:00:00,249.96241577232615
2012-12-25 18:00:00,203.03751302620017
2012-12-25 19:00:00,170.13014885673707
2012-12-25 20:00:00,114.48378100143462
2012-12-25 21:00:00,84.88020347924423
2012-12-25 22:00:00,72.23813770948769
2012-12-25 23:00:00,12.556123724378565
2012-12-26 00:00:00,0
2012-12-26 01:00:00,0
2012-12-26 02:00:00,0
2012-12-26 03:00:00,0
2012-12-26 04:00:00,0
2012-12-26 05:00:00,3.2979673684975115
2012-12-26 06:00:00,84.88950226128391
2012-12-26 07:00:00,111.63024809955246
2012-12-26 08:00:00,279.1171515847029
2012-12-26 09:00:00,139.36863275320874
2012-12-26 10:00:00,43.32313336339283
2012-12-26 11:00:00,23.075734439274925
2012-12-26 12:00:00,41.88888294856042
2012-12-26 13:00:00,35.25275283771997
2012-12-26 14:00:00,18.308649513631543
2012-12-26 15:00:00,38.239011105130466
2012-12-26 16:00:00,45.2705358270458
2012-12-26 17:00:00,110.78166723899812
2012-12-26 18:00:00,179.55984105095078
2012-12-26 19:00:00,130.11039956318953
2012-12-26 20:00:00,80.6277065047057
2012-12-26 21:00:00,114.51207004008053
2012-12-26 22:00:00,27.470313171849604
2012-12-26 23:00:00,14.937106215525247
2012-12-27 00:00:00,0
2012-12-27 01:00:00,5.619066043034984
2012-12-27 02:00:00,5.15182882838499
2012-12-27 03:00:00,3.361282452574014
2012-12-27 04:00:00,0
2012-12-27 05:00:00,18.550253146359303
2012-12-27 06:00:00,87.9839785375145
2012-12-27 07:00:00,292.41331453696154
2012-12-27 08:00:00,477.3264697937784
2012-12-27 09:00:00,241.83452876100412
2012-12-27 10:00:00,111.40010550845673
2012-12-27 11:00:00,111.26867398540784
2012-12-27 12:00:00,151.1757578464433
2012-12-27 13:00:00,135.84622431043286
2012-12-27 14:00:00,109.26665775400232
2012-12-27 15:00:00,123.16910265826759
2012-12-27 16:00:00,197.69634099683887
2012-12-27 17:00:00,360.35396099285026
2012-12-27 18:00:00,362.2430887110152
2012-12-27 19:00:00,272.78064769416767
2012-12-27 20:00:00,194.60183639594158
2012-12-27 21:00:00,121.40705451895481
2012-12-27 22:00:00,85.94281461971487
2012-12-27 23:00:00,50.5393530615727
2012-12-28 00:00:00,3.869192163409018
2012-12-28 01:00:00,0
2012-12-28 02:00:00,0
2012-12-28 03:00:00,0
2012-12-28 04:00:00,0.9717170906252133
2012-12-28 05:00:00,12.573497824631918
2012-12-28 06:00:00,66.22851096910566
2012-12-28 07:00:00,217.02724236431217
2012-12-28 08:00:00,470.52201473769713
2012-12-28 09:00:00,252.91510854122444
2012-12-28 10:00:00,117.06769638599886
2012-12-28 11:00:00,136.6378300026521
2012-12-28 12:00:00,181.10587994678545
2012-12-28 13:00:00,186.11559413061957
2012-12-28 14:00:00,160.06592297712737
2012-12-28 15:00:00,184.10423238454507
2012-12-28 16:00:00,251.40692471725447
2012-12-28 17:00:00,356.2200393093671
2012-12-28 18:00:00,309.72236128115907
2012-12-28 19:00:00,226.03814833116587
2012-12-28 20:00:00,138.8560597709075
2012-12-28 21:00:00,110.66151316868772
2012-12-28 22:00:00,106.7321314471205
2012-12-28 23:00:00,74.06514875517148
2012-12-29 00:00:00,59.45019918059037
2012-12-29 01:00:00,63.53073550165763
2012-12-29 02:00:00,42.61628134020421
2012-12-29 03:00:00,18.424858096988718
2012-12-29 04:00:00,10.102711666911176
2012-12-29 05:00:00,5.5316451273240705
2012-12-29 06:00:00,9.917288490034586
2012-12-29 07:00:00,24.649442363762997
2012-12-29 08:00:00,85.7572232091625
2012-12-29 09:00:00,155.69920444109937
2012-12-29 10:00:00,167.25091184719287
2012-12-29 11:00:00,185.5684947741487
2012-12-29 12:00:00,216.21768509122433
2012-12-29 13:00:00,211.56602212899003
2012-12-29 14:00:00,283.7752410371258
2012-12-29 15:00:00,269.6387764943583
2012-12-29 16:00:00,273.7543366111624
2012-12-29 17:00:00,177.56182479995542
2012-12-29 18:00:00,182.46128509956117
2012-12-29 19:00:00,135.52990453085732
2012-12-29 20:00:00,102.20289576716479
2012-12-29 21:00:00,81.29121605622855
2012-12-29 22:00:00,70.81996418945647
2012-12-29 23:00:00,69.101274679534
2012-12-30 00:00:00,40.60679184347016
2012-12-30 01:00:00,42.53296396138225
2012-12-30 02:00:00,26.487220794261397
2012-12-30 03:00:00,7.084818888855804
2012-12-30 04:00:00,0
2012-12-30 05:00:00,0
2012-12-30 06:00:00,0
2012-12-30 07:00:00,0.4385828559668833
2012-12-30 08:00:00,45.923813276675766
2012-12-30 09:00:00,114.16704969868343
2012-12-30 10:00:00,149.29616886657521
2012-12-30 11:00:00,209.5715030540681
2012-12-30 12:00:00,250.23873275915903
2012-12-30 13:00:00,247.34096720580507
2012-12-30 14:00:00,267.1854988575948
2012-12-30 15:00:00,251.95430590236805
2012-12-30 16:00:00,238.5654841517695
2012-12-30 17:00:00,165.90925105717264
2012-12-30 18:00:00,135.6976620590408
2012-12-30 19:00:00,147.73736011705597
2012-12-30 20:00:00,83.80925282937648
2012-12-30 21:00:00,63.36642792967438
2012-12-30 22:00:00,49.02920055287096
2012-12-30 23:00:00,13.138678869436703
2012-12-31 00:00:00,0
2012-12-31 01:00:00,0
2012-12-31 02:00:00,0
2012-12-31 03:00:00,0
2012-12-31 04:00:00,0
2012-12-31 05:00:00,0
2012-12-31 06:00:00,71.41339600429609
2012-12-31 07:00:00,242.56306117306406
2012-12-31 08:00:00,426.15154157346757
2012-12-31 09:00:00,222.44006671377687
2012-12-31 10:00:00,89.96447490828793
2012-12-31 11:00:00,95.57015824296805
2012-12-31 12:00:00,129.417998779242
2012-12-31 13:00:00,119.48147962133716
2012-12-31 14:00:00,103.09219309137369
2012-12-31 15:00:00,123.04102433186608
2012-12-31 16:00:00,200.3190945275519
2012-12-31 17:00:00,369.7710779515125
2012-12-31 18:00:00,381.4778185987038
2012-12-31 19:00:00,278.34107033157267
2012-12-31 20:00:00,168.90008120959644
2012-12-31 21:00:00,127.67610621797972
2012-12-31 22:00:00,82.1934351698394
2012-12-31 23:00:00,32.465369117068086
