datetime,count
2011-01-20 00:00:00,34.398743721461244
2011-01-20 01:00:00,4.925268009954271
2011-01-20 02:00:00,1.3953081994276804
2011-01-20 03:00:00,3.39876215270868
2011-01-20 04:00:00,3.39876215270868
2011-01-20 05:00:00,7.818461970489438
2011-01-20 06:00:00,34.398743721461244
2011-01-20 07:00:00,109.35576488884469
2011-01-20 08:00:00,241.78104457449436
2011-01-20 09:00:00,131.84672795973478
2011-01-20 10:00:00,66.24423140074401
2011-01-20 11:00:00,66.24423140074401
2011-01-20 12:00:00,62.5899935428999
2011-01-20 13:00:00,62.5899935428999
2011-01-20 14:00:00,34.398743721461244
2011-01-20 15:00:00,34.398743721461244
2011-01-20 16:00:00,34.398743721461244
2011-01-20 17:00:00,179.79110412285098
2011-01-20 18:00:00,152.26694382581672
2011-01-20 19:00:00,101.8117974658898
2011-01-20 20:00:00,70.36893779823366
2011-01-20 21:00:00,34.398743721461244
2011-01-20 22:00:00,34.398743721461244
2011-01-20 23:00:00,26.446715456404398
2011-01-21 00:00:00,34.398743721461244
2011-01-21 01:00:00,2.393206192736438
2011-01-21 02:00:00,3.364479360121801
2011-01-21 03:00:00,1.7198728650146322
2011-01-21 04:00:00,1.7198728650146322
2011-01-21 05:00:00,2.8690273408069347
2011-01-21 06:00:00,34.398743721461244
2011-01-21 07:00:00,109.35576488884469
2011-01-21 08:00:00,190.03987482413527
2011-01-21 09:00:00,131.84672795973478
2011-01-21 10:00:00,44.334595123971674
2011-01-21 11:00:00,71.81440177073344
2011-01-21 12:00:00,71.81440177073344
2011-01-21 13:00:00,71.81440177073344
2011-01-21 14:00:00,71.81440177073344
2011-01-21 15:00:00,71.81440177073344
2011-01-21 16:00:00,78.792176887309
2011-01-21 17:00:00,137.41251110837786
2011-01-21 18:00:00,137.41251110837786
2011-01-21 19:00:00,32.158851066815004
2011-01-21 20:00:00,71.81440177073344
2011-01-21 21:00:00,32.158851066815004
2011-01-21 22:00:00,32.158851066815004
2011-01-21 23:00:00,30.70321748577968
2011-01-22 00:00:00,16.20469937969578
2011-01-22 01:00:00,32.158851066815004
2011-01-22 02:00:00,17.635020650947
2011-01-22 03:00:00,5.914970800044362
2011-01-22 04:00:00,1.7779391866408762
2011-01-22 06:00:00,2.463759312642597
2011-01-22 07:00:00,7.319121417058086
2011-01-22 08:00:00,22.07900747501971
2011-01-22 09:00:00,40.56158539753646
2011-01-22 10:00:00,32.158851066815004
2011-01-22 11:00:00,32.158851066815004
2011-01-22 12:00:00,32.158851066815004
2011-01-22 13:00:00,60.41065424787849
2011-01-22 14:00:00,32.158851066815004
2011-01-22 15:00:00,32.158851066815004
2011-01-22 16:00:00,109.62111881541202
2011-01-22 17:00:00,74.38134129591624
2011-01-22 18:00:00,74.38134129591624
2011-01-22 19:00:00,32.158851066815004
2011-01-22 20:00:00,45.68467233297761
2011-01-22 21:00:00,32.158851066815004
2011-01-22 22:00:00,16.20469937969578
2011-01-22 23:00:00,18.232845927619362
2011-01-23 00:00:00,16.20469937969578
2011-01-23 01:00:00,16.20469937969578
2011-01-23 02:00:00,17.635020650947
2011-01-23 03:00:00,5.914970800044362
2011-01-23 05:00:00,1.3953081994276804
2011-01-23 06:00:00,2.463759312642597
2011-01-23 07:00:00,7.319121417058086
2011-01-23 08:00:00,22.07900747501971
2011-01-23 09:00:00,40.56158539753646
2011-01-23 10:00:00,44.334595123971674
2011-01-23 11:00:00,16.20469937969578
2011-01-23 12:00:00,71.81440177073344
2011-01-23 13:00:00,60.41065424787849
2011-01-23 14:00:00,32.158851066815004
2011-01-23 15:00:00,32.158851066815004
2011-01-23 16:00:00,109.62111881541202
2011-01-23 17:00:00,74.38134129591624
2011-01-23 18:00:00,74.38134129591624
2011-01-23 19:00:00,32.158851066815004
2011-01-23 20:00:00,32.158851066815004
2011-01-23 21:00:00,32.158851066815004
2011-01-23 22:00:00,32.158851066815004
2011-01-23 23:00:00,18.232845927619362
2011-01-24 00:00:00,32.158851066815004
2011-01-24 01:00:00,4.925268009954271
2011-01-24 03:00:00,1.148698354997035
2011-01-24 04:00:00,1.7198728650146322
2011-01-24 05:00:00,7.818461970489438
2011-01-24 06:00:00,16.20469937969578
2011-01-24 07:00:00,84.98329485975167
2011-01-24 08:00:00,190.03987482413527
2011-01-24 09:00:00,131.84672795973478
2011-01-24 10:00:00,44.334595123971674
2011-01-24 11:00:00,16.20469937969578
2011-01-24 12:00:00,30.751417111859485
2011-01-24 13:00:00,30.751417111859485
2011-01-24 14:00:00,30.751417111859485
2011-01-24 15:00:00,32.158851066815004
2011-01-24 16:00:00,16.20469937969578
2011-01-24 17:00:00,179.79110412285098
2011-01-24 18:00:00,152.26694382581672
2011-01-24 19:00:00,101.8117974658898
2011-01-24 20:00:00,70.36893779823366
2011-01-24 21:00:00,30.751417111859485
2011-01-24 22:00:00,30.751417111859485
2011-01-24 23:00:00,26.446715456404398
2011-01-25 00:00:00,30.751417111859485
2011-01-25 01:00:00,2.393206192736438
2011-01-25 02:00:00,2.1755032513514077
2011-01-25 04:00:00,1.7198728650146322
2011-01-25 05:00:00,7.818461970489438
2011-01-25 06:00:00,16.20469937969578
2011-01-25 07:00:00,84.98329485975167
2011-01-25 08:00:00,190.03987482413527
2011-01-25 09:00:00,131.84672795973478
2011-01-25 10:00:00,66.24423140074401
2011-01-25 11:00:00,66.24423140074401
2011-01-25 12:00:00,62.5899935428999
2011-01-25 13:00:00,62.5899935428999
2011-01-25 14:00:00,34.398743721461244
2011-01-25 15:00:00,34.398743721461244
2011-01-25 16:00:00,34.398743721461244
2011-01-25 17:00:00,179.79110412285098
2011-01-25 18:00:00,152.26694382581672
2011-01-25 19:00:00,101.8117974658898
2011-01-25 20:00:00,70.36893779823366
2011-01-25 21:00:00,34.398743721461244
2011-01-25 22:00:00,34.398743721461244
2011-01-25 23:00:00,26.446715456404398
2011-01-26 00:00:00,34.398743721461244
2011-01-26 01:00:00,4.925268009954271
2011-01-26 02:00:00,3.364479360121801
2011-01-26 05:00:00,4.560081720172828
2011-01-26 06:00:00,12.771643704054698
2011-01-26 07:00:00,12.771643704054698
2011-01-26 08:00:00,12.771643704054698
2011-01-26 09:00:00,12.771643704054698
2011-01-26 10:00:00,12.771643704054698
2011-01-26 11:00:00,12.771643704054698
2011-01-26 12:00:00,12.771643704054698
2011-01-26 13:00:00,12.771643704054698
2011-01-26 14:00:00,12.771643704054698
2011-01-26 15:00:00,12.771643704054698
2011-01-26 16:00:00,12.771643704054698
2011-01-26 17:00:00,12.771643704054698
2011-01-27 16:00:00,34.398743721461244
2011-01-27 17:00:00,179.79110412285098
2011-01-27 18:00:00,152.26694382581672
2011-01-27 19:00:00,101.8117974658898
2011-01-27 20:00:00,70.36893779823366
2011-01-27 21:00:00,34.398743721461244
2011-01-27 22:00:00,34.398743721461244
2011-01-27 23:00:00,26.446715456404398
2011-01-28 00:00:00,34.398743721461244
2011-01-28 01:00:00,4.925268009954271
2011-01-28 02:00:00,2.1755032513514077
2011-01-28 03:00:00,1.148698354997035
2011-01-28 05:00:00,7.818461970489438
2011-01-28 06:00:00,34.398743721461244
2011-01-28 07:00:00,84.98329485975167
2011-01-28 08:00:00,241.78104457449436
2011-01-28 09:00:00,26.446715456404398
2011-01-28 10:00:00,26.446715456404398
2011-01-28 11:00:00,26.446715456404398
2011-01-28 12:00:00,26.446715456404398
2011-01-28 13:00:00,26.446715456404398
2011-01-28 14:00:00,26.446715456404398
2011-01-28 15:00:00,34.398743721461244
2011-01-28 16:00:00,34.398743721461244
2011-01-28 17:00:00,179.79110412285098
2011-01-28 18:00:00,152.26694382581672
2011-01-28 19:00:00,101.8117974658898
2011-01-28 20:00:00,70.36893779823366
2011-01-28 21:00:00,34.398743721461244
2011-01-28 22:00:00,34.398743721461244
2011-01-28 23:00:00,18.232845927619362
2011-01-29 00:00:00,34.398743721461244
2011-01-29 01:00:00,34.398743721461244
2011-01-29 02:00:00,17.635020650947
2011-01-29 03:00:00,5.914970800044362
2011-01-29 04:00:00,3.39876215270868
2011-01-29 06:00:00,2.463759312642597
2011-01-29 07:00:00,7.319121417058086
2011-01-29 08:00:00,22.07900747501971
2011-01-29 09:00:00,40.56158539753646
2011-01-29 10:00:00,66.24423140074401
2011-01-29 11:00:00,66.24423140074401
2011-01-29 12:00:00,62.5899935428999
2011-01-29 13:00:00,62.5899935428999
2011-01-29 14:00:00,34.398743721461244
2011-01-29 15:00:00,34.398743721461244
2011-01-29 16:00:00,34.398743721461244
2011-01-29 17:00:00,74.38134129591624
2011-01-29 18:00:00,74.38134129591624
2011-01-29 19:00:00,45.68467233297761
2011-01-29 20:00:00,45.68467233297761
2011-01-29 21:00:00,34.398743721461244
2011-01-29 22:00:00,16.20469937969578
2011-01-29 23:00:00,59.88514398592759
2011-01-30 00:00:00,16.20469937969578
2011-01-30 01:00:00,16.20469937969578
2011-01-30 02:00:00,17.635020650947
2011-01-30 03:00:00,11.96517746883319
2011-01-30 04:00:00,3.39876215270868
2011-01-30 05:00:00,1.3953081994276804
2011-01-30 07:00:00,7.319121417058086
2011-01-30 08:00:00,22.07900747501971
2011-01-30 09:00:00,40.56158539753646
2011-01-30 10:00:00,44.334595123971674
2011-01-30 11:00:00,66.24423140074401
2011-01-30 12:00:00,62.5899935428999
2011-01-30 13:00:00,62.5899935428999
2011-01-30 14:00:00,34.398743721461244
2011-01-30 15:00:00,34.398743721461244
2011-01-30 16:00:00,34.398743721461244
2011-01-30 17:00:00,74.38134129591624
2011-01-30 18:00:00,74.38134129591624
2011-01-30 19:00:00,45.68467233297761
2011-01-30 20:00:00,45.68467233297761
2011-01-30 21:00:00,34.398743721461244
2011-01-30 22:00:00,34.398743721461244
2011-01-30 23:00:00,35.02972351181618
2011-01-31 00:00:00,34.398743721461244
2011-01-31 01:00:00,2.393206192736438
2011-01-31 02:00:00,2.1755032513514077
2011-01-31 03:00:00,1.148698354997035
2011-01-31 04:00:00,1.148698354997035
2011-01-31 05:00:00,2.8690273408069347
2011-01-31 06:00:00,16.20469937969578
2011-01-31 07:00:00,84.98329485975167
2011-01-31 08:00:00,190.03987482413527
2011-01-31 09:00:00,131.84672795973478
2011-01-31 10:00:00,44.334595123971674
2011-01-31 11:00:00,30.751417111859485
2011-01-31 12:00:00,62.5899935428999
2011-01-31 13:00:00,30.751417111859485
2011-01-31 14:00:00,34.398743721461244
2011-01-31 15:00:00,30.751417111859485
2011-01-31 16:00:00,30.751417111859485
2011-01-31 17:00:00,179.79110412285098
2011-01-31 18:00:00,152.26694382581672
2011-01-31 19:00:00,101.8117974658898
2011-01-31 20:00:00,18.232845927619362
2011-01-31 21:00:00,18.232845927619362
2011-01-31 22:00:00,30.751417111859485
2011-01-31 23:00:00,26.446715456404398
2011-02-20 00:00:00,76.48251880047418
2011-02-20 01:00:00,71.81440177073344
2011-02-20 02:00:00,17.635020650947
2011-02-20 03:00:00,5.914970800044362
2011-02-20 04:00:00,1.7779391866408762
2011-02-20 06:00:00,2.463759312642597
2011-02-20 07:00:00,7.319121417058086
2011-02-20 08:00:00,22.07900747501971
2011-02-20 09:00:00,40.56158539753646
2011-02-20 10:00:00,76.48251880047418
2011-02-20 11:00:00,76.48251880047418
2011-02-20 12:00:00,76.48251880047418
2011-02-20 13:00:00,98.073921961712
2011-02-20 14:00:00,98.073921961712
2011-02-20 15:00:00,98.073921961712
2011-02-20 16:00:00,98.073921961712
2011-02-20 17:00:00,137.41251110837786
2011-02-20 18:00:00,74.38134129591624
2011-02-20 19:00:00,98.073921961712
2011-02-20 20:00:00,98.073921961712
2011-02-20 21:00:00,34.398743721461244
2011-02-20 22:00:00,34.398743721461244
2011-02-20 23:00:00,59.88514398592759
2011-02-21 00:00:00,42.88637149402188
2011-02-21 01:00:00,42.88637149402188
2011-02-21 02:00:00,17.635020650947
2011-02-21 03:00:00,5.914970800044362
2011-02-21 04:00:00,1.7779391866408762
2011-02-21 05:00:00,3.364479360121801
2011-02-21 06:00:00,2.463759312642597
2011-02-21 07:00:00,7.319121417058086
2011-02-21 08:00:00,22.07900747501971
2011-02-21 09:00:00,40.56158539753646
2011-02-21 10:00:00,66.24423140074401
2011-02-21 11:00:00,66.24423140074401
2011-02-21 12:00:00,62.5899935428999
2011-02-21 13:00:00,12.771643704054698
2011-02-21 14:00:00,34.398743721461244
2011-02-21 15:00:00,34.398743721461244
2011-02-21 16:00:00,12.771643704054698
2011-02-21 17:00:00,74.38134129591624
2011-02-21 18:00:00,74.38134129591624
2011-02-21 19:00:00,45.68467233297761
2011-02-21 20:00:00,12.771643704054698
2011-02-21 21:00:00,12.771643704054698
2011-02-21 22:00:00,12.771643704054698
2011-02-21 23:00:00,34.398743721461244
2011-02-22 06:00:00,38.40419180057122
2011-02-22 07:00:00,84.98329485975167
2011-02-22 08:00:00,190.03987482413527
2011-02-22 09:00:00,131.84672795973478
2011-02-22 10:00:00,44.334595123971674
2011-02-22 11:00:00,38.40419180057122
2011-02-22 12:00:00,62.5899935428999
2011-02-22 13:00:00,62.5899935428999
2011-02-22 14:00:00,34.398743721461244
2011-02-22 15:00:00,34.398743721461244
2011-02-22 16:00:00,34.398743721461244
2011-02-22 17:00:00,232.3220346777293
2011-02-22 18:00:00,232.3220346777293
2011-02-22 19:00:00,101.8117974658898
2011-02-22 20:00:00,70.36893779823366
2011-02-22 21:00:00,34.398743721461244
2011-02-22 22:00:00,38.40419180057122
2011-02-22 23:00:00,18.232845927619362
2011-02-23 00:00:00,38.40419180057122
2011-02-23 01:00:00,4.925268009954271
2011-02-23 02:00:00,1.3953081994276804
2011-02-23 03:00:00,1.148698354997035
2011-02-23 05:00:00,7.818461970489438
2011-02-23 06:00:00,38.40419180057122
2011-02-23 07:00:00,84.98329485975167
2011-02-23 08:00:00,190.03987482413527
2011-02-23 09:00:00,131.84672795973478
2011-02-23 10:00:00,61.04795872192567
2011-02-23 11:00:00,61.04795872192567
2011-02-23 12:00:00,78.792176887309
2011-02-23 13:00:00,78.792176887309
2011-02-23 14:00:00,78.792176887309
2011-02-23 15:00:00,98.073921961712
2011-02-23 16:00:00,98.073921961712
2011-02-23 17:00:00,232.3220346777293
2011-02-23 18:00:00,232.3220346777293
2011-02-23 19:00:00,109.62111881541202
2011-02-23 20:00:00,70.36893779823366
2011-02-23 21:00:00,34.398743721461244
2011-02-23 22:00:00,34.398743721461244
2011-02-23 23:00:00,18.232845927619362
2011-02-24 00:00:00,34.398743721461244
2011-02-24 01:00:00,4.925268009954271
2011-02-24 02:00:00,1.3953081994276804
2011-02-24 03:00:00,1.148698354997035
2011-02-24 05:00:00,7.818461970489438
2011-02-24 06:00:00,34.398743721461244
2011-02-24 07:00:00,109.35576488884469
2011-02-24 08:00:00,241.78104457449436
2011-02-24 09:00:00,131.84672795973478
2011-02-24 10:00:00,66.24423140074401
2011-02-24 11:00:00,66.24423140074401
2011-02-24 12:00:00,98.073921961712
2011-02-24 13:00:00,98.073921961712
2011-02-24 14:00:00,98.073921961712
2011-02-24 15:00:00,30.70321748577968
2011-02-24 16:00:00,26.446715456404398
2011-02-24 17:00:00,26.446715456404398
2011-02-24 18:00:00,187.64184727567522
2011-02-24 19:00:00,12.771643704054698
2011-02-24 20:00:00,98.073921961712
2011-02-24 21:00:00,98.073921961712
2011-02-24 22:00:00,12.771643704054698
2011-02-24 23:00:00,26.446715456404398
2011-02-25 00:00:00,26.446715456404398
2011-02-25 01:00:00,4.925268009954271
2011-02-25 02:00:00,3.364479360121801
2011-02-25 03:00:00,1.7779391866408762
2011-02-25 05:00:00,7.818461970489438
2011-02-25 06:00:00,26.446715456404398
2011-02-25 07:00:00,18.232845927619362
2011-02-25 08:00:00,59.88514398592759
2011-02-25 09:00:00,12.771643704054698
2011-02-25 10:00:00,12.771643704054698
2011-02-25 11:00:00,141.14335940085738
2011-02-25 12:00:00,30.70321748577968
2011-02-25 13:00:00,30.70321748577968
2011-02-25 14:00:00,30.70321748577968
2011-02-25 15:00:00,141.14335940085738
2011-02-25 16:00:00,34.398743721461244
2011-02-25 17:00:00,187.64184727567522
2011-02-25 18:00:00,187.64184727567522
2011-02-25 19:00:00,101.8117974658898
2011-02-25 20:00:00,70.36893779823366
2011-02-25 21:00:00,34.398743721461244
2011-02-25 22:00:00,34.398743721461244
2011-02-25 23:00:00,30.70321748577968
2011-02-26 00:00:00,34.398743721461244
2011-02-26 01:00:00,34.398743721461244
2011-02-26 02:00:00,17.635020650947
2011-02-26 03:00:00,5.914970800044362
2011-02-26 04:00:00,3.39876215270868
2011-02-26 05:00:00,1.3953081994276804
2011-02-26 06:00:00,2.463759312642597
2011-02-26 07:00:00,7.319121417058086
2011-02-26 08:00:00,22.07900747501971
2011-02-26 09:00:00,40.56158539753646
2011-02-26 10:00:00,66.24423140074401
2011-02-26 11:00:00,66.24423140074401
2011-02-26 12:00:00,62.5899935428999
2011-02-26 13:00:00,98.073921961712
2011-02-26 14:00:00,98.073921961712
2011-02-26 15:00:00,98.073921961712
2011-02-26 16:00:00,98.073921961712
2011-02-26 17:00:00,179.79110412285098
2011-02-26 18:00:00,74.38134129591624
2011-02-26 19:00:00,45.68467233297761
2011-02-26 20:00:00,45.68467233297761
2011-02-26 21:00:00,34.398743721461244
2011-02-26 22:00:00,34.398743721461244
2011-02-26 23:00:00,35.02972351181618
2011-02-27 00:00:00,34.398743721461244
2011-02-27 01:00:00,34.398743721461244
2011-02-27 02:00:00,17.635020650947
2011-02-27 03:00:00,11.96517746883319
2011-02-27 04:00:00,3.39876215270868
2011-02-27 06:00:00,2.463759312642597
2011-02-27 07:00:00,7.319121417058086
2011-02-27 08:00:00,22.07900747501971
2011-02-27 09:00:00,40.56158539753646
2011-02-27 10:00:00,66.24423140074401
2011-02-27 11:00:00,98.073921961712
2011-02-27 12:00:00,98.073921961712
2011-02-27 13:00:00,98.073921961712
2011-02-27 14:00:00,98.073921961712
2011-02-27 15:00:00,141.14335940085738
2011-02-27 16:00:00,141.14335940085738
2011-02-27 17:00:00,179.79110412285098
2011-02-27 18:00:00,152.26694382581672
2011-02-27 19:00:00,98.073921961712
2011-02-27 20:00:00,98.073921961712
2011-02-27 21:00:00,98.073921961712
2011-02-27 22:00:00,98.073921961712
2011-02-27 23:00:00,59.88514398592759
2011-02-28 00:00:00,71.61056482666186
2011-02-28 01:00:00,2.393206192736438
2011-02-28 03:00:00,1.7779391866408762
2011-02-28 05:00:00,7.818461970489438
2011-02-28 06:00:00,71.61056482666186
2011-02-28 07:00:00,71.61056482666186
2011-02-28 08:00:00,241.78104457449436
2011-02-28 09:00:00,71.61056482666186
2011-02-28 10:00:00,71.61056482666186
2011-02-28 11:00:00,71.61056482666186
2011-02-28 12:00:00,71.61056482666186
2011-02-28 13:00:00,26.446715456404398
2011-02-28 14:00:00,12.771643704054698
2011-02-28 15:00:00,12.771643704054698
2011-02-28 16:00:00,26.446715456404398
2011-02-28 17:00:00,12.771643704054698
2011-02-28 18:00:00,26.446715456404398
2011-02-28 19:00:00,12.771643704054698
2011-02-28 20:00:00,12.771643704054698
2011-02-28 21:00:00,71.61056482666186
2011-02-28 22:00:00,12.771643704054698
2011-02-28 23:00:00,12.771643704054698
2011-03-20 00:00:00,143.40069476949662
2011-03-20 01:00:00,34.398743721461244
2011-03-20 02:00:00,17.635020650947
2011-03-20 03:00:00,5.914970800044362
2011-03-20 04:00:00,1.7779391866408762
2011-03-20 05:00:00,4.771368824756678
2011-03-20 06:00:00,22.36904869011932
2011-03-20 07:00:00,19.479642349628477
2011-03-20 08:00:00,48.134017044460656
2011-03-20 09:00:00,48.134017044460656
2011-03-20 10:00:00,143.40069476949662
2011-03-20 11:00:00,143.40069476949662
2011-03-20 12:00:00,143.40069476949662
2011-03-20 13:00:00,143.40069476949662
2011-03-20 14:00:00,143.40069476949662
2011-03-20 15:00:00,143.40069476949662
2011-03-20 16:00:00,203.03874841863666
2011-03-20 17:00:00,288.3799396431996
2011-03-20 18:00:00,197.13349815121236
2011-03-20 19:00:00,143.40069476949662
2011-03-20 20:00:00,143.40069476949662
2011-03-20 21:00:00,143.40069476949662
2011-03-20 22:00:00,143.40069476949662
2011-03-20 23:00:00,34.21134785021455
2011-03-21 00:00:00,87.19122952478607
2011-03-21 01:00:00,9.743240819722557
2011-03-21 02:00:00,4.771368824756678
2011-03-21 03:00:00,1.7617295898720438
2011-03-21 05:00:00,2.8690273408069347
2011-03-21 06:00:00,39.94750747146794
2011-03-21 07:00:00,203.03874841863666
2011-03-21 08:00:00,291.8597744440674
2011-03-21 09:00:00,143.40069476949662
2011-03-21 10:00:00,87.19122952478607
2011-03-21 11:00:00,87.19122952478607
2011-03-21 12:00:00,87.19122952478607
2011-03-21 13:00:00,87.19122952478607
2011-03-21 14:00:00,101.56350757135156
2011-03-21 15:00:00,134.29545814225898
2011-03-21 16:00:00,235.96583885219061
2011-03-21 17:00:00,305.6235921737594
2011-03-21 18:00:00,305.6235921737594
2011-03-21 19:00:00,235.96583885219061
2011-03-21 20:00:00,171.84614438915878
2011-03-21 21:00:00,146.2264957153675
2011-03-21 22:00:00,36.98684841571661
2011-03-21 23:00:00,39.94750747146794
2011-03-22 00:00:00,65.85930740989033
2011-03-22 01:00:00,9.743240819722557
2011-03-22 02:00:00,3.6614224110025346
2011-03-22 03:00:00,1.7779391866408762
2011-03-22 04:00:00,1.7779391866408762
2011-03-22 05:00:00,7.818461970489438
2011-03-22 06:00:00,34.443932703301854
2011-03-22 07:00:00,203.03874841863666
2011-03-22 08:00:00,291.8597744440674
2011-03-22 09:00:00,143.40069476949662
2011-03-22 10:00:00,87.19122952478607
2011-03-22 11:00:00,87.19122952478607
2011-03-22 12:00:00,87.19122952478607
2011-03-22 13:00:00,87.19122952478607
2011-03-22 14:00:00,87.19122952478607
2011-03-22 15:00:00,87.19122952478607
2011-03-22 16:00:00,111.19335039590247
2011-03-22 17:00:00,288.3799396431996
2011-03-22 18:00:00,238.96393303234782
2011-03-22 19:00:00,87.19122952478607
2011-03-22 20:00:00,87.19122952478607
2011-03-22 21:00:00,87.19122952478607
2011-03-22 22:00:00,87.19122952478607
2011-03-22 23:00:00,41.85229132975213
2011-03-23 00:00:00,87.19122952478607
2011-03-23 01:00:00,4.925268009954271
2011-03-23 02:00:00,3.364479360121801
2011-03-23 03:00:00,1.7779391866408762
2011-03-23 05:00:00,4.560081720172828
2011-03-23 06:00:00,34.443932703301854
2011-03-23 07:00:00,196.8009392540773
2011-03-23 08:00:00,291.8597744440674
2011-03-23 09:00:00,143.40069476949662
2011-03-23 10:00:00,87.19122952478607
2011-03-23 11:00:00,87.19122952478607
2011-03-23 12:00:00,87.19122952478607
2011-03-23 13:00:00,87.19122952478607
2011-03-23 14:00:00,87.19122952478607
2011-03-23 15:00:00,87.19122952478607
2011-03-23 16:00:00,111.19335039590247
2011-03-23 17:00:00,238.96393303234782
2011-03-23 18:00:00,238.96393303234782
2011-03-23 19:00:00,87.19122952478607
2011-03-23 20:00:00,87.19122952478607
2011-03-23 21:00:00,25.25541090443384
2011-03-23 22:00:00,65.85930740989033
2011-03-23 23:00:00,41.85229132975213
2011-03-24 00:00:00,65.85930740989033
2011-03-24 01:00:00,9.743240819722557
2011-03-24 02:00:00,3.5434754512865094
2011-03-24 03:00:00,1.7779391866408762
2011-03-24 04:00:00,1.7779391866408762
2011-03-24 05:00:00,7.818461970489438
2011-03-24 06:00:00,71.92733069777337
2011-03-24 07:00:00,196.8009392540773
2011-03-24 08:00:00,196.8009392540773
2011-03-24 09:00:00,104.02985462456655
2011-03-24 10:00:00,65.85930740989033
2011-03-24 11:00:00,48.134017044460656
2011-03-24 12:00:00,48.134017044460656
2011-03-24 13:00:00,87.19122952478607
2011-03-24 14:00:00,48.134017044460656
2011-03-24 15:00:00,48.134017044460656
2011-03-24 16:00:00,111.19335039590247
2011-03-24 17:00:00,137.044416786484
2011-03-24 18:00:00,137.044416786484
2011-03-24 19:00:00,48.134017044460656
2011-03-24 20:00:00,48.134017044460656
2011-03-24 21:00:00,48.134017044460656
2011-03-24 22:00:00,48.134017044460656
2011-03-24 23:00:00,60.311062054619974
2011-03-25 00:00:00,34.51723243805117
2011-03-25 01:00:00,9.743240819722557
2011-03-25 02:00:00,9.375046073784818
2011-03-25 03:00:00,1.148698354997035
2011-03-25 04:00:00,1.7198728650146322
2011-03-25 05:00:00,7.818461970489438
2011-03-25 06:00:00,39.94750747146794
2011-03-25 07:00:00,203.03874841863666
2011-03-25 08:00:00,291.8597744440674
2011-03-25 09:00:00,48.134017044460656
2011-03-25 10:00:00,48.134017044460656
2011-03-25 11:00:00,48.134017044460656
2011-03-25 12:00:00,87.19122952478607
2011-03-25 13:00:00,87.19122952478607
2011-03-25 14:00:00,87.19122952478607
2011-03-25 15:00:00,87.19122952478607
2011-03-25 16:00:00,111.19335039590247
2011-03-25 17:00:00,288.3799396431996
2011-03-25 18:00:00,137.044416786484
2011-03-25 19:00:00,48.134017044460656
2011-03-25 20:00:00,48.134017044460656
2011-03-25 21:00:00,48.134017044460656
2011-03-25 22:00:00,48.134017044460656
2011-03-25 23:00:00,79.78772947624512
2011-03-26 00:00:00,48.134017044460656
2011-03-26 01:00:00,76.48251880047418
2011-03-26 02:00:00,17.635020650947
2011-03-26 03:00:00,5.914970800044362
2011-03-26 04:00:00,1.7779391866408762
2011-03-26 05:00:00,3.5434754512865094
2011-03-26 06:00:00,13.446417070120829
2011-03-26 07:00:00,19.479642349628477
2011-03-26 08:00:00,68.39784462757903
2011-03-26 09:00:00,48.134017044460656
2011-03-26 10:00:00,48.134017044460656
2011-03-26 11:00:00,48.134017044460656
2011-03-26 12:00:00,48.134017044460656
2011-03-26 13:00:00,143.40069476949662
2011-03-26 14:00:00,143.40069476949662
2011-03-26 15:00:00,143.40069476949662
2011-03-26 16:00:00,203.03874841863666
2011-03-26 17:00:00,288.3799396431996
2011-03-26 18:00:00,197.13349815121236
2011-03-26 19:00:00,48.134017044460656
2011-03-26 20:00:00,48.134017044460656
2011-03-26 21:00:00,48.134017044460656
2011-03-26 22:00:00,48.134017044460656
2011-03-26 23:00:00,41.85229132975213
2011-03-27 00:00:00,48.134017044460656
2011-03-27 01:00:00,34.398743721461244
2011-03-27 02:00:00,17.635020650947
2011-03-27 03:00:00,11.96517746883319
2011-03-27 04:00:00,3.39876215270868
2011-03-27 06:00:00,22.36904869011932
2011-03-27 07:00:00,19.479642349628477
2011-03-27 08:00:00,68.39784462757903
2011-03-27 09:00:00,48.134017044460656
2011-03-27 10:00:00,109.70824016020578
2011-03-27 11:00:00,109.70824016020578
2011-03-27 12:00:00,48.134017044460656
2011-03-27 13:00:00,48.134017044460656
2011-03-27 14:00:00,143.40069476949662
2011-03-27 15:00:00,143.40069476949662
2011-03-27 16:00:00,203.03874841863666
2011-03-27 17:00:00,288.3799396431996
2011-03-27 18:00:00,137.044416786484
2011-03-27 19:00:00,48.134017044460656
2011-03-27 20:00:00,48.134017044460656
2011-03-27 21:00:00,48.134017044460656
2011-03-27 22:00:00,48.134017044460656
2011-03-27 23:00:00,34.21134785021455
2011-03-28 00:00:00,34.51723243805117
2011-03-28 01:00:00,9.743240819722557
2011-03-28 02:00:00,4.771368824756678
2011-03-28 03:00:00,1.148698354997035
2011-03-28 05:00:00,7.818461970489438
2011-03-28 06:00:00,39.94750747146794
2011-03-28 07:00:00,203.03874841863666
2011-03-28 08:00:00,291.8597744440674
2011-03-28 09:00:00,48.134017044460656
2011-03-28 10:00:00,94.87024042028182
2011-03-28 11:00:00,48.134017044460656
2011-03-28 12:00:00,48.134017044460656
2011-03-28 13:00:00,48.134017044460656
2011-03-28 14:00:00,87.19122952478607
2011-03-28 15:00:00,87.19122952478607
2011-03-28 16:00:00,111.19335039590247
2011-03-28 17:00:00,288.3799396431996
2011-03-28 18:00:00,288.3799396431996
2011-03-28 19:00:00,48.134017044460656
2011-03-28 20:00:00,87.19122952478607
2011-03-28 21:00:00,87.19122952478607
2011-03-28 22:00:00,48.134017044460656
2011-03-28 23:00:00,34.21134785021455
2011-03-29 00:00:00,48.134017044460656
2011-03-29 01:00:00,9.743240819722557
2011-03-29 02:00:00,4.771368824756678
2011-03-29 03:00:00,1.7617295898720438
2011-03-29 04:00:00,1.7198728650146322
2011-03-29 05:00:00,7.818461970489438
2011-03-29 06:00:00,39.94750747146794
2011-03-29 07:00:00,203.03874841863666
2011-03-29 08:00:00,291.8597744440674
2011-03-29 09:00:00,48.134017044460656
2011-03-29 10:00:00,48.134017044460656
2011-03-29 11:00:00,87.19122952478607
2011-03-29 12:00:00,87.19122952478607
2011-03-29 13:00:00,87.19122952478607
2011-03-29 14:00:00,87.19122952478607
2011-03-29 15:00:00,87.19122952478607
2011-03-29 16:00:00,111.19335039590247
2011-03-29 17:00:00,288.3799396431996
2011-03-29 18:00:00,288.3799396431996
2011-03-29 19:00:00,87.19122952478607
2011-03-29 20:00:00,87.19122952478607
2011-03-29 21:00:00,87.19122952478607
2011-03-29 22:00:00,87.19122952478607
2011-03-29 23:00:00,41.85229132975213
2011-03-30 00:00:00,87.19122952478607
2011-03-30 01:00:00,4.925268009954271
2011-03-30 02:00:00,3.364479360121801
2011-03-30 03:00:00,3.39876215270868
2011-03-30 04:00:00,3.39876215270868
2011-03-30 05:00:00,7.818461970489438
2011-03-30 06:00:00,39.94750747146794
2011-03-30 07:00:00,203.03874841863666
2011-03-30 08:00:00,291.8597744440674
2011-03-30 09:00:00,143.40069476949662
2011-03-30 10:00:00,87.19122952478607
2011-03-30 11:00:00,87.19122952478607
2011-03-30 12:00:00,87.19122952478607
2011-03-30 13:00:00,87.19122952478607
2011-03-30 14:00:00,87.19122952478607
2011-03-30 15:00:00,48.134017044460656
2011-03-30 16:00:00,111.19335039590247
2011-03-30 17:00:00,95.46766671676868
2011-03-30 18:00:00,95.46766671676868
2011-03-30 19:00:00,104.02985462456655
2011-03-30 20:00:00,75.84516361451408
2011-03-30 21:00:00,74.26658712573139
2011-03-30 22:00:00,25.25541090443384
2011-03-30 23:00:00,34.21134785021455
2011-03-31 00:00:00,25.25541090443384
2011-03-31 01:00:00,9.743240819722557
2011-03-31 02:00:00,3.5434754512865094
2011-03-31 03:00:00,1.7779391866408762
2011-03-31 04:00:00,1.7779391866408762
2011-03-31 05:00:00,4.560081720172828
2011-03-31 06:00:00,71.92733069777337
2011-03-31 07:00:00,196.8009392540773
2011-03-31 08:00:00,196.8009392540773
2011-03-31 09:00:00,69.38025471856538
2011-03-31 10:00:00,25.25541090443384
2011-03-31 11:00:00,25.25541090443384
2011-03-31 12:00:00,25.25541090443384
2011-03-31 13:00:00,48.134017044460656
2011-03-31 14:00:00,48.134017044460656
2011-03-31 15:00:00,48.134017044460656
2011-03-31 16:00:00,111.19335039590247
2011-03-31 17:00:00,95.46766671676868
2011-03-31 18:00:00,95.46766671676868
2011-03-31 19:00:00,48.134017044460656
2011-03-31 20:00:00,75.84516361451408
2011-03-31 21:00:00,146.2264957153675
2011-03-31 22:00:00,25.25541090443384
2011-03-31 23:00:00,60.311062054619974
2011-04-20 00:00:00,65.85930740989033
2011-04-20 01:00:00,28.4266665334962
2011-04-20 02:00:00,3.6614224110025346
2011-04-20 03:00:00,7.646844286195298
2011-04-20 04:00:00,7.646844286195298
2011-04-20 05:00:00,16.387101614707237
2011-04-20 06:00:00,61.970485768770544
2011-04-20 07:00:00,196.8009392540773
2011-04-20 08:00:00,419.3448670175295
2011-04-20 09:00:00,165.91266046433526
2011-04-20 10:00:00,79.31185403316928
2011-04-20 11:00:00,101.56350757135156
2011-04-20 12:00:00,165.91266046433526
2011-04-20 13:00:00,165.91266046433526
2011-04-20 14:00:00,165.91266046433526
2011-04-20 15:00:00,165.91266046433526
2011-04-20 16:00:00,235.96583885219061
2011-04-20 17:00:00,392.701550165576
2011-04-20 18:00:00,392.701550165576
2011-04-20 19:00:00,321.15041564318545
2011-04-20 20:00:00,171.84614438915878
2011-04-20 21:00:00,211.2890725179566
2011-04-20 22:00:00,165.91266046433526
2011-04-20 23:00:00,71.92733069777337
2011-04-21 00:00:00,165.91266046433526
2011-04-21 01:00:00,19.843919085970153
2011-04-21 02:00:00,9.599282743500916
2011-04-21 03:00:00,4.8880501336395294
2011-04-21 04:00:00,4.8880501336395294
2011-04-21 05:00:00,16.387101614707237
2011-04-21 06:00:00,71.92733069777337
2011-04-21 07:00:00,203.03874841863666
2011-04-21 08:00:00,291.8597744440674
2011-04-21 09:00:00,171.00921333910284
2011-04-21 10:00:00,122.71776202118176
2011-04-21 11:00:00,122.71776202118176
2011-04-21 12:00:00,160.4270195760395
2011-04-21 13:00:00,122.71776202118176
2011-04-21 14:00:00,122.71776202118176
2011-04-21 15:00:00,122.71776202118176
2011-04-21 16:00:00,111.19335039590247
2011-04-21 17:00:00,344.3859530698167
2011-04-21 18:00:00,344.3859530698167
2011-04-21 19:00:00,273.67081395412185
2011-04-21 20:00:00,122.71776202118176
2011-04-21 21:00:00,122.71776202118176
2011-04-21 22:00:00,122.71776202118176
2011-04-21 23:00:00,79.78772947624512
2011-04-22 00:00:00,122.71776202118176
2011-04-22 01:00:00,14.785098767560163
2011-04-22 02:00:00,9.375046073784818
2011-04-22 03:00:00,5.216358818430946
2011-04-22 04:00:00,5.216358818430946
2011-04-22 05:00:00,16.387101614707237
2011-04-22 06:00:00,61.970485768770544
2011-04-22 07:00:00,203.03874841863666
2011-04-22 08:00:00,291.8597744440674
2011-04-22 09:00:00,143.40069476949662
2011-04-22 10:00:00,122.71776202118176
2011-04-22 11:00:00,87.19122952478607
2011-04-22 12:00:00,87.19122952478607
2011-04-22 13:00:00,25.25541090443384
2011-04-22 14:00:00,25.25541090443384
2011-04-22 15:00:00,25.25541090443384
2011-04-22 16:00:00,180.5704150943746
2011-04-22 17:00:00,361.1429563001377
2011-04-22 18:00:00,361.1429563001377
2011-04-22 19:00:00,69.38025471856538
2011-04-22 20:00:00,75.84516361451408
2011-04-22 21:00:00,25.25541090443384
2011-04-22 22:00:00,25.25541090443384
2011-04-22 23:00:00,60.311062054619974
2011-04-23 00:00:00,146.2264957153675
2011-04-23 01:00:00,34.398743721461244
2011-04-23 02:00:00,54.597619124055235
2011-04-23 03:00:00,23.102091847260354
2011-04-23 04:00:00,4.366566253743836
2011-04-23 05:00:00,4.771368824756678
2011-04-23 06:00:00,13.446417070120829
2011-04-23 07:00:00,19.479642349628477
2011-04-23 08:00:00,63.26668379389265
2011-04-23 09:00:00,104.02985462456655
2011-04-23 10:00:00,74.26658712573139
2011-04-23 11:00:00,146.2264957153675
2011-04-23 12:00:00,273.67081395412185
2011-04-23 13:00:00,171.00921333910284
2011-04-23 14:00:00,324.153372657829
2011-04-23 15:00:00,324.153372657829
2011-04-23 16:00:00,324.153372657829
2011-04-23 17:00:00,229.4406402819344
2011-04-23 18:00:00,229.4406402819344
2011-04-23 19:00:00,324.153372657829
2011-04-23 20:00:00,75.84516361451408
2011-04-23 21:00:00,125.24028519202366
2011-04-23 22:00:00,125.24028519202366
2011-04-23 23:00:00,61.970485768770544
2011-04-24 00:00:00,171.00921333910284
2011-04-24 01:00:00,71.61056482666186
2011-04-24 02:00:00,61.433043621600476
2011-04-24 03:00:00,24.132902298596353
2011-04-24 04:00:00,8.827633299482999
2011-04-24 05:00:00,14.626094723701275
2011-04-24 06:00:00,8.245665448153071
2011-04-24 07:00:00,39.06436674852673
2011-04-24 08:00:00,63.26668379389265
2011-04-24 09:00:00,104.02985462456655
2011-04-24 10:00:00,324.153372657829
2011-04-24 11:00:00,344.5549975007454
2011-04-24 12:00:00,344.5549975007454
2011-04-24 13:00:00,344.5549975007454
2011-04-24 14:00:00,344.5549975007454
2011-04-24 15:00:00,344.5549975007454
2011-04-24 16:00:00,344.5549975007454
2011-04-24 17:00:00,333.0923053363583
2011-04-24 18:00:00,333.0923053363583
2011-04-24 19:00:00,324.153372657829
2011-04-24 20:00:00,324.153372657829
2011-04-24 21:00:00,65.85930740989033
2011-04-24 22:00:00,74.26658712573139
2011-04-24 23:00:00,61.970485768770544
2011-04-25 00:00:00,36.98684841571661
2011-04-25 01:00:00,28.4266665334962
2011-04-25 02:00:00,6.445973661139108
2011-04-25 03:00:00,7.646844286195298
2011-04-25 04:00:00,7.646844286195298
2011-04-25 05:00:00,9.852954466303936
2011-04-25 06:00:00,61.970485768770544
2011-04-25 07:00:00,282.88502883746486
2011-04-25 08:00:00,282.88502883746486
2011-04-25 09:00:00,210.24316538127405
2011-04-25 10:00:00,134.29545814225898
2011-04-25 11:00:00,101.56350757135156
2011-04-25 12:00:00,101.56350757135156
2011-04-25 13:00:00,101.56350757135156
2011-04-25 14:00:00,165.91266046433526
2011-04-25 15:00:00,165.91266046433526
2011-04-25 16:00:00,235.96583885219061
2011-04-25 17:00:00,392.701550165576
2011-04-25 18:00:00,392.701550165576
2011-04-25 19:00:00,321.15041564318545
2011-04-25 20:00:00,171.84614438915878
2011-04-25 21:00:00,210.24316538127405
2011-04-25 22:00:00,154.4695341027317
2011-04-25 23:00:00,34.443932703301854
2011-04-26 00:00:00,101.56350757135156
2011-04-26 01:00:00,28.4266665334962
2011-04-26 02:00:00,7.484772157966116
2011-04-26 03:00:00,7.646844286195298
2011-04-26 04:00:00,7.646844286195298
2011-04-26 05:00:00,16.387101614707237
2011-04-26 06:00:00,136.57148220257318
2011-04-26 07:00:00,171.84614438915878
2011-04-26 08:00:00,419.3448670175295
2011-04-26 09:00:00,210.24316538127405
2011-04-26 10:00:00,134.29545814225898
2011-04-26 11:00:00,101.56350757135156
2011-04-26 12:00:00,165.91266046433526
2011-04-26 13:00:00,165.91266046433526
2011-04-26 14:00:00,165.91266046433526
2011-04-26 15:00:00,165.91266046433526
2011-04-26 16:00:00,289.9674457325027
2011-04-26 17:00:00,519.2672364245469
2011-04-26 18:00:00,533.5573713953835
2011-04-26 19:00:00,285.52322040174874
2011-04-26 20:00:00,171.84614438915878
2011-04-26 21:00:00,210.24316538127405
2011-04-26 22:00:00,154.4695341027317
2011-04-26 23:00:00,136.57148220257318
2011-04-27 00:00:00,101.56350757135156
2011-04-27 01:00:00,28.4266665334962
2011-04-27 02:00:00,7.484772157966116
2011-04-27 03:00:00,5.113659681464105
2011-04-27 04:00:00,5.113659681464105
2011-04-27 05:00:00,16.387101614707237
2011-04-27 06:00:00,136.57148220257318
2011-04-27 07:00:00,282.88502883746486
2011-04-27 08:00:00,282.88502883746486
2011-04-27 09:00:00,104.02985462456655
2011-04-27 10:00:00,134.29545814225898
2011-04-27 11:00:00,101.56350757135156
2011-04-27 12:00:00,101.56350757135156
2011-04-27 13:00:00,101.56350757135156
2011-04-27 14:00:00,101.56350757135156
2011-04-27 15:00:00,154.4695341027317
2011-04-27 16:00:00,289.9674457325027
2011-04-27 17:00:00,361.1429563001377
2011-04-27 18:00:00,361.1429563001377
2011-04-27 19:00:00,285.52322040174874
2011-04-27 20:00:00,171.84614438915878
2011-04-27 21:00:00,146.2264957153675
2011-04-27 22:00:00,36.98684841571661
2011-04-27 23:00:00,136.57148220257318
2011-04-28 00:00:00,101.56350757135156
2011-04-28 01:00:00,14.785098767560163
2011-04-28 02:00:00,7.692708975357233
2011-04-28 03:00:00,5.113659681464105
2011-04-28 04:00:00,5.113659681464105
2011-04-28 05:00:00,16.387101614707237
2011-04-28 06:00:00,136.57148220257318
2011-04-28 07:00:00,171.84614438915878
2011-04-28 08:00:00,419.3448670175295
2011-04-28 09:00:00,69.38025471856538
2011-04-28 10:00:00,65.85930740989033
2011-04-28 11:00:00,101.56350757135156
2011-04-28 12:00:00,101.56350757135156
2011-04-28 13:00:00,101.56350757135156
2011-04-28 14:00:00,101.56350757135156
2011-04-28 15:00:00,154.4695341027317
2011-04-28 16:00:00,289.9674457325027
2011-04-28 17:00:00,519.2672364245469
2011-04-28 18:00:00,458.03794034988994
2011-04-28 19:00:00,321.15041564318545
2011-04-28 20:00:00,171.84614438915878
2011-04-28 21:00:00,211.2890725179566
2011-04-28 22:00:00,165.91266046433526
2011-04-28 23:00:00,136.57148220257318
2011-04-29 00:00:00,122.71776202118176
2011-04-29 01:00:00,19.843919085970153
2011-04-29 02:00:00,6.445973661139108
2011-04-29 03:00:00,5.216358818430946
2011-04-29 04:00:00,5.216358818430946
2011-04-29 05:00:00,16.387101614707237
2011-04-29 06:00:00,136.57148220257318
2011-04-29 07:00:00,271.60241199818324
2011-04-29 08:00:00,419.3448670175295
2011-04-29 09:00:00,211.2890725179566
2011-04-29 10:00:00,101.56350757135156
2011-04-29 11:00:00,211.2890725179566
2011-04-29 12:00:00,211.2890725179566
2011-04-29 13:00:00,211.2890725179566
2011-04-29 14:00:00,211.2890725179566
2011-04-29 15:00:00,211.2890725179566
2011-04-29 16:00:00,351.6063402335863
2011-04-29 17:00:00,344.3859530698167
2011-04-29 18:00:00,344.3859530698167
2011-04-29 19:00:00,273.67081395412185
2011-04-29 20:00:00,122.71776202118176
2011-04-29 21:00:00,122.71776202118176
2011-04-29 22:00:00,122.71776202118176
2011-04-29 23:00:00,136.57148220257318
2011-04-30 00:00:00,171.00921333910284
2011-04-30 01:00:00,71.61056482666186
2011-04-30 02:00:00,37.86290520719935
2011-04-30 03:00:00,23.102091847260354
2011-04-30 04:00:00,4.366566253743836
2011-04-30 05:00:00,8.18230408233931
2011-04-30 06:00:00,13.446417070120829
2011-04-30 07:00:00,19.479642349628477
2011-04-30 08:00:00,171.00921333910284
2011-04-30 09:00:00,122.71776202118176
2011-04-30 10:00:00,171.00921333910284
2011-04-30 11:00:00,171.00921333910284
2011-04-30 12:00:00,273.67081395412185
2011-04-30 13:00:00,344.5549975007454
2011-04-30 14:00:00,344.5549975007454
2011-04-30 15:00:00,344.5549975007454
2011-04-30 16:00:00,344.5549975007454
2011-04-30 17:00:00,305.6235921737594
2011-04-30 18:00:00,305.6235921737594
2011-04-30 19:00:00,344.5549975007454
2011-04-30 20:00:00,171.00921333910284
2011-04-30 21:00:00,171.00921333910284
2011-04-30 22:00:00,171.00921333910284
2011-04-30 23:00:00,136.57148220257318
2011-05-20 00:00:00,36.98684841571661
2011-05-20 01:00:00,28.4266665334962
2011-05-20 02:00:00,6.445973661139108
2011-05-20 03:00:00,5.216358818430946
2011-05-20 04:00:00,5.216358818430946
2011-05-20 05:00:00,23.906641766987946
2011-05-20 06:00:00,83.18271293106596
2011-05-20 07:00:00,271.60241199818324
2011-05-20 08:00:00,419.3448670175295
2011-05-20 09:00:00,210.24316538127405
2011-05-20 10:00:00,134.29545814225898
2011-05-20 11:00:00,211.2890725179566
2011-05-20 12:00:00,211.2890725179566
2011-05-20 13:00:00,211.2890725179566
2011-05-20 14:00:00,211.2890725179566
2011-05-20 15:00:00,211.2890725179566
2011-05-20 16:00:00,351.6063402335863
2011-05-20 17:00:00,458.03794034988994
2011-05-20 18:00:00,519.2672364245469
2011-05-20 19:00:00,289.9674457325027
2011-05-20 20:00:00,259.18858185186804
2011-05-20 21:00:00,210.24316538127405
2011-05-20 22:00:00,154.4695341027317
2011-05-20 23:00:00,140.96096613319315
2011-05-21 00:00:00,324.153372657829
2011-05-21 01:00:00,71.61056482666186
2011-05-21 02:00:00,61.433043621600476
2011-05-21 03:00:00,24.132902298596353
2011-05-21 04:00:00,11.521690047196996
2011-05-21 05:00:00,14.626094723701275
2011-05-21 06:00:00,13.446417070120829
2011-05-21 07:00:00,39.06436674852673
2011-05-21 08:00:00,101.56350757135156
2011-05-21 09:00:00,188.33428202812541
2011-05-21 10:00:00,292.93565426224063
2011-05-21 11:00:00,344.5549975007454
2011-05-21 12:00:00,344.5549975007454
2011-05-21 13:00:00,344.5549975007454
2011-05-21 14:00:00,344.5549975007454
2011-05-21 15:00:00,344.5549975007454
2011-05-21 16:00:00,344.5549975007454
2011-05-21 17:00:00,360.7738707997652
2011-05-21 18:00:00,419.60358116330144
2011-05-21 19:00:00,344.5549975007454
2011-05-21 20:00:00,236.31347575021226
2011-05-21 21:00:00,207.80012873650747
2011-05-21 22:00:00,125.24028519202366
2011-05-21 23:00:00,136.57148220257318
2011-05-22 00:00:00,117.7684579606959
2011-05-22 01:00:00,71.61056482666186
2011-05-22 02:00:00,61.433043621600476
2011-05-22 03:00:00,24.132902298596353
2011-05-22 04:00:00,11.521690047196996
2011-05-22 05:00:00,14.626094723701275
2011-05-22 06:00:00,13.446417070120829
2011-05-22 07:00:00,39.06436674852673
2011-05-22 08:00:00,101.56350757135156
2011-05-22 09:00:00,188.33428202812541
2011-05-22 10:00:00,292.93565426224063
2011-05-22 11:00:00,344.5549975007454
2011-05-22 12:00:00,344.5549975007454
2011-05-22 13:00:00,344.5549975007454
2011-05-22 14:00:00,344.5549975007454
2011-05-22 15:00:00,344.5549975007454
2011-05-22 16:00:00,344.5549975007454
2011-05-22 17:00:00,333.0923053363583
2011-05-22 18:00:00,333.0923053363583
2011-05-22 19:00:00,344.5549975007454
2011-05-22 20:00:00,236.31347575021226
2011-05-22 21:00:00,125.24028519202366
2011-05-22 22:00:00,125.24028519202366
2011-05-22 23:00:00,59.8319993029304
2011-05-23 00:00:00,65.85930740989033
2011-05-23 01:00:00,11.521345877019813
2011-05-23 02:00:00,14.626094723701275
2011-05-23 03:00:00,3.5002636004290095
2011-05-23 04:00:00,3.6017393355514153
2011-05-23 05:00:00,23.906641766987946
2011-05-23 06:00:00,101.99600364757113
2011-05-23 07:00:00,282.88502883746486
2011-05-23 08:00:00,282.88502883746486
2011-05-23 09:00:00,217.90509771850853
2011-05-23 10:00:00,134.29545814225898
2011-05-23 11:00:00,101.56350757135156
2011-05-23 12:00:00,101.56350757135156
2011-05-23 13:00:00,165.91266046433526
2011-05-23 14:00:00,165.91266046433526
2011-05-23 15:00:00,165.91266046433526
2011-05-23 16:00:00,289.9674457325027
2011-05-23 17:00:00,392.701550165576
2011-05-23 18:00:00,533.5573713953835
2011-05-23 19:00:00,321.15041564318545
2011-05-23 20:00:00,302.82935450037735
2011-05-23 21:00:00,146.2264957153675
2011-05-23 22:00:00,36.98684841571661
2011-05-23 23:00:00,59.8319993029304
2011-05-24 00:00:00,65.85930740989033
2011-05-24 01:00:00,11.521345877019813
2011-05-24 02:00:00,7.484772157966116
2011-05-24 03:00:00,5.113659681464105
2011-05-24 04:00:00,5.113659681464105
2011-05-24 05:00:00,31.318242636444705
2011-05-24 06:00:00,121.19630888445097
2011-05-24 07:00:00,171.84614438915878
2011-05-24 08:00:00,419.3448670175295
2011-05-24 09:00:00,210.24316538127405
2011-05-24 10:00:00,101.56350757135156
2011-05-24 11:00:00,165.91266046433526
2011-05-24 12:00:00,165.91266046433526
2011-05-24 13:00:00,165.91266046433526
2011-05-24 14:00:00,165.91266046433526
2011-05-24 15:00:00,165.91266046433526
2011-05-24 16:00:00,289.9674457325027
2011-05-24 17:00:00,533.5573713953835
2011-05-24 18:00:00,533.5573713953835
2011-05-24 19:00:00,321.15041564318545
2011-05-24 20:00:00,302.82935450037735
2011-05-24 21:00:00,210.24316538127405
2011-05-24 22:00:00,36.98684841571661
2011-05-24 23:00:00,71.92733069777337
2011-05-25 00:00:00,101.56350757135156
2011-05-25 01:00:00,8.4551608674411
2011-05-25 02:00:00,7.484772157966116
2011-05-25 03:00:00,5.27338547212351
2011-05-25 04:00:00,5.27338547212351
2011-05-25 05:00:00,23.906641766987946
2011-05-25 06:00:00,105.99504924472978
2011-05-25 07:00:00,302.82935450037735
2011-05-25 08:00:00,419.3448670175295
2011-05-25 09:00:00,210.24316538127405
2011-05-25 10:00:00,101.56350757135156
2011-05-25 11:00:00,165.91266046433526
2011-05-25 12:00:00,165.91266046433526
2011-05-25 13:00:00,165.91266046433526
2011-05-25 14:00:00,165.91266046433526
2011-05-25 15:00:00,165.91266046433526
2011-05-25 16:00:00,289.9674457325027
2011-05-25 17:00:00,578.3787366003992
2011-05-25 18:00:00,533.5573713953835
2011-05-25 19:00:00,321.15041564318545
2011-05-25 20:00:00,302.82935450037735
2011-05-25 21:00:00,210.24316538127405
2011-05-25 22:00:00,154.4695341027317
2011-05-25 23:00:00,105.88417729059043
2011-05-26 00:00:00,101.56350757135156
2011-05-26 01:00:00,22.091438414839047
2011-05-26 02:00:00,6.445973661139108
2011-05-26 03:00:00,5.27338547212351
2011-05-26 04:00:00,5.27338547212351
2011-05-26 05:00:00,23.906641766987946
2011-05-26 06:00:00,110.33223407625356
2011-05-26 07:00:00,282.88502883746486
2011-05-26 08:00:00,419.3448670175295
2011-05-26 09:00:00,210.24316538127405
2011-05-26 10:00:00,134.29545814225898
2011-05-26 11:00:00,101.56350757135156
2011-05-26 12:00:00,165.91266046433526
2011-05-26 13:00:00,165.91266046433526
2011-05-26 14:00:00,165.91266046433526
2011-05-26 15:00:00,165.91266046433526
2011-05-26 16:00:00,289.9674457325027
2011-05-26 17:00:00,578.3787366003992
2011-05-26 18:00:00,533.5573713953835
2011-05-26 19:00:00,321.15041564318545
2011-05-26 20:00:00,302.82935450037735
2011-05-26 21:00:00,211.2890725179566
2011-05-26 22:00:00,154.4695341027317
2011-05-26 23:00:00,105.88417729059043
2011-05-27 00:00:00,101.56350757135156
2011-05-27 01:00:00,19.843919085970153
2011-05-27 02:00:00,15.364839822611069
2011-05-27 03:00:00,5.216358818430946
2011-05-27 04:00:00,5.216358818430946
2011-05-27 05:00:00,28.437349725822482
2011-05-27 06:00:00,105.88417729059043
2011-05-27 07:00:00,259.18858185186804
2011-05-27 08:00:00,419.3448670175295
2011-05-27 09:00:00,210.24316538127405
2011-05-27 10:00:00,101.56350757135156
2011-05-27 11:00:00,211.2890725179566
2011-05-27 12:00:00,211.2890725179566
2011-05-27 13:00:00,211.2890725179566
2011-05-27 14:00:00,211.2890725179566
2011-05-27 15:00:00,211.2890725179566
2011-05-27 16:00:00,351.6063402335863
2011-05-27 17:00:00,519.2672364245469
2011-05-27 18:00:00,458.03794034988994
2011-05-27 19:00:00,235.96583885219061
2011-05-27 20:00:00,302.82935450037735
2011-05-27 21:00:00,210.24316538127405
2011-05-27 22:00:00,154.4695341027317
2011-05-27 23:00:00,140.96096613319315
2011-05-28 00:00:00,117.7684579606959
2011-05-28 01:00:00,71.61056482666186
2011-05-28 02:00:00,61.433043621600476
2011-05-28 03:00:00,24.132902298596353
2011-05-28 04:00:00,11.521690047196996
2011-05-28 05:00:00,6.445973661139108
2011-05-28 06:00:00,22.36904869011932
2011-05-28 07:00:00,39.06436674852673
2011-05-28 08:00:00,101.56350757135156
2011-05-28 09:00:00,324.153372657829
2011-05-28 10:00:00,292.93565426224063
2011-05-28 11:00:00,344.5549975007454
2011-05-28 12:00:00,344.5549975007454
2011-05-28 13:00:00,344.5549975007454
2011-05-28 14:00:00,344.5549975007454
2011-05-28 15:00:00,344.5549975007454
2011-05-28 16:00:00,344.5549975007454
2011-05-28 17:00:00,419.60358116330144
2011-05-28 18:00:00,333.0923053363583
2011-05-28 19:00:00,344.5549975007454
2011-05-28 20:00:00,236.31347575021226
2011-05-28 21:00:00,161.60190765518675
2011-05-28 22:00:00,161.60190765518675
2011-05-28 23:00:00,136.57148220257318
2011-05-29 00:00:00,324.153372657829
2011-05-29 01:00:00,71.61056482666186
2011-05-29 02:00:00,61.433043621600476
2011-05-29 03:00:00,24.132902298596353
2011-05-29 04:00:00,11.521690047196996
2011-05-29 05:00:00,14.626094723701275
2011-05-29 06:00:00,13.446417070120829
2011-05-29 07:00:00,39.06436674852673
2011-05-29 08:00:00,63.26668379389265
2011-05-29 09:00:00,104.02985462456655
2011-05-29 10:00:00,324.153372657829
2011-05-29 11:00:00,324.153372657829
2011-05-29 12:00:00,324.153372657829
2011-05-29 13:00:00,344.5549975007454
2011-05-29 14:00:00,344.5549975007454
2011-05-29 15:00:00,344.5549975007454
2011-05-29 16:00:00,344.5549975007454
2011-05-29 17:00:00,333.0923053363583
2011-05-29 18:00:00,229.4406402819344
2011-05-29 19:00:00,324.153372657829
2011-05-29 20:00:00,324.153372657829
2011-05-29 21:00:00,161.60190765518675
2011-05-29 22:00:00,117.7684579606959
2011-05-29 23:00:00,105.88417729059043
2011-05-30 00:00:00,67.05851461343518
2011-05-30 01:00:00,42.88637149402188
2011-05-30 02:00:00,23.906641766987946
2011-05-30 03:00:00,11.96517746883319
2011-05-30 04:00:00,11.521690047196996
2011-05-30 05:00:00,8.18230408233931
2011-05-30 06:00:00,8.245665448153071
2011-05-30 07:00:00,39.06436674852673
2011-05-30 08:00:00,63.26668379389265
2011-05-30 09:00:00,324.153372657829
2011-05-30 10:00:00,236.31347575021226
2011-05-30 11:00:00,344.5549975007454
2011-05-30 12:00:00,344.5549975007454
2011-05-30 13:00:00,344.5549975007454
2011-05-30 14:00:00,344.5549975007454
2011-05-30 15:00:00,344.5549975007454
2011-05-30 16:00:00,344.5549975007454
2011-05-30 17:00:00,360.7738707997652
2011-05-30 18:00:00,360.7738707997652
2011-05-30 19:00:00,344.5549975007454
2011-05-30 20:00:00,292.93565426224063
2011-05-30 21:00:00,161.60190765518675
2011-05-30 22:00:00,161.60190765518675
2011-05-30 23:00:00,105.88417729059043
2011-05-31 00:00:00,101.56350757135156
2011-05-31 01:00:00,20.043072877754046
2011-05-31 02:00:00,7.484772157966116
2011-05-31 03:00:00,5.113659681464105
2011-05-31 04:00:00,5.113659681464105
2011-05-31 05:00:00,31.318242636444705
2011-05-31 06:00:00,105.99504924472978
2011-05-31 07:00:00,302.82935450037735
2011-05-31 08:00:00,419.3448670175295
2011-05-31 09:00:00,165.91266046433526
2011-05-31 10:00:00,101.56350757135156
2011-05-31 11:00:00,165.91266046433526
2011-05-31 12:00:00,165.91266046433526
2011-05-31 13:00:00,165.91266046433526
2011-05-31 14:00:00,165.91266046433526
2011-05-31 15:00:00,165.91266046433526
2011-05-31 16:00:00,246.1188297860444
2011-05-31 17:00:00,504.82684716716506
2011-05-31 18:00:00,533.5573713953835
2011-05-31 19:00:00,321.15041564318545
2011-05-31 20:00:00,302.82935450037735
2011-05-31 21:00:00,210.24316538127405
2011-05-31 22:00:00,154.4695341027317
2011-05-31 23:00:00,105.88417729059043
2011-06-20 00:00:00,101.56350757135156
2011-06-20 01:00:00,20.043072877754046
2011-06-20 02:00:00,6.445973661139108
2011-06-20 03:00:00,3.5002636004290095
2011-06-20 04:00:00,3.5002636004290095
2011-06-20 05:00:00,16.387101614707237
2011-06-20 06:00:00,71.92733069777337
2011-06-20 07:00:00,130.48461679080475
2011-06-20 08:00:00,419.3448670175295
2011-06-20 09:00:00,210.24316538127405
2011-06-20 10:00:00,134.29545814225898
2011-06-20 11:00:00,101.56350757135156
2011-06-20 12:00:00,101.56350757135156
2011-06-20 13:00:00,101.56350757135156
2011-06-20 14:00:00,165.91266046433526
2011-06-20 15:00:00,165.91266046433526
2011-06-20 16:00:00,289.9674457325027
2011-06-20 17:00:00,533.5573713953835
2011-06-20 18:00:00,533.5573713953835
2011-06-20 19:00:00,399.63416420116886
2011-06-20 20:00:00,302.82935450037735
2011-06-20 21:00:00,210.24316538127405
2011-06-20 22:00:00,154.4695341027317
2011-06-20 23:00:00,105.88417729059043
2011-06-21 00:00:00,101.56350757135156
2011-06-21 01:00:00,8.4551608674411
2011-06-21 02:00:00,3.6614224110025346
2011-06-21 03:00:00,6.447979736438823
2011-06-21 04:00:00,6.030542121633832
2011-06-21 05:00:00,23.906641766987946
2011-06-21 06:00:00,121.19630888445097
2011-06-21 07:00:00,282.88502883746486
2011-06-21 08:00:00,282.88502883746486
2011-06-21 09:00:00,217.90509771850853
2011-06-21 10:00:00,134.29545814225898
2011-06-21 11:00:00,101.56350757135156
2011-06-21 12:00:00,101.56350757135156
2011-06-21 13:00:00,101.56350757135156
2011-06-21 14:00:00,165.91266046433526
2011-06-21 15:00:00,165.91266046433526
2011-06-21 16:00:00,289.9674457325027
2011-06-21 17:00:00,504.82684716716506
2011-06-21 18:00:00,533.5573713953835
2011-06-21 19:00:00,399.63416420116886
2011-06-21 20:00:00,171.84614438915878
2011-06-21 21:00:00,210.24316538127405
2011-06-21 22:00:00,154.4695341027317
2011-06-21 23:00:00,105.88417729059043
2011-06-22 00:00:00,101.56350757135156
2011-06-22 01:00:00,20.043072877754046
2011-06-22 02:00:00,7.484772157966116
2011-06-22 03:00:00,6.447979736438823
2011-06-22 04:00:00,6.447979736438823
2011-06-22 05:00:00,31.318242636444705
2011-06-22 06:00:00,105.99504924472978
2011-06-22 07:00:00,302.82935450037735
2011-06-22 08:00:00,419.3448670175295
2011-06-22 09:00:00,210.24316538127405
2011-06-22 10:00:00,134.29545814225898
2011-06-22 11:00:00,101.56350757135156
2011-06-22 12:00:00,165.91266046433526
2011-06-22 13:00:00,165.91266046433526
2011-06-22 14:00:00,165.91266046433526
2011-06-22 15:00:00,165.91266046433526
2011-06-22 16:00:00,246.1188297860444
2011-06-22 17:00:00,578.3787366003992
2011-06-22 18:00:00,533.5573713953835
2011-06-22 19:00:00,399.63416420116886
2011-06-22 20:00:00,302.82935450037735
2011-06-22 21:00:00,210.24316538127405
2011-06-22 22:00:00,154.4695341027317
2011-06-22 23:00:00,105.88417729059043
2011-06-23 00:00:00,101.56350757135156
2011-06-23 01:00:00,22.091438414839047
2011-06-23 02:00:00,7.692708975357233
2011-06-23 03:00:00,3.9958951961211464
2011-06-23 04:00:00,6.447979736438823
2011-06-23 05:00:00,21.03480958824755
2011-06-23 06:00:00,121.19630888445097
2011-06-23 07:00:00,302.82935450037735
2011-06-23 08:00:00,419.3448670175295
2011-06-23 09:00:00,210.24316538127405
2011-06-23 10:00:00,79.31185403316928
2011-06-23 11:00:00,101.56350757135156
2011-06-23 12:00:00,101.56350757135156
2011-06-23 13:00:00,165.91266046433526
2011-06-23 14:00:00,101.56350757135156
2011-06-23 15:00:00,165.91266046433526
2011-06-23 16:00:00,289.9674457325027
2011-06-23 17:00:00,578.3787366003992
2011-06-23 18:00:00,533.5573713953835
2011-06-23 19:00:00,365.4962988039971
2011-06-23 20:00:00,302.82935450037735
2011-06-23 21:00:00,210.24316538127405
2011-06-23 22:00:00,154.4695341027317
2011-06-23 23:00:00,105.88417729059043
2011-06-24 00:00:00,101.56350757135156
2011-06-24 01:00:00,28.4266665334962
2011-06-24 02:00:00,15.364839822611069
2011-06-24 03:00:00,6.030542121633832
2011-06-24 04:00:00,6.030542121633832
2011-06-24 05:00:00,31.318242636444705
2011-06-24 06:00:00,105.88417729059043
2011-06-24 07:00:00,302.82935450037735
2011-06-24 08:00:00,419.3448670175295
2011-06-24 09:00:00,211.2890725179566
2011-06-24 10:00:00,101.56350757135156
2011-06-24 11:00:00,211.2890725179566
2011-06-24 12:00:00,211.2890725179566
2011-06-24 13:00:00,211.2890725179566
2011-06-24 14:00:00,211.2890725179566
2011-06-24 15:00:00,211.2890725179566
2011-06-24 16:00:00,351.6063402335863
2011-06-24 17:00:00,519.2672364245469
2011-06-24 18:00:00,458.03794034988994
2011-06-24 19:00:00,321.15041564318545
2011-06-24 20:00:00,259.18858185186804
2011-06-24 21:00:00,165.91266046433526
2011-06-24 22:00:00,211.2890725179566
2011-06-24 23:00:00,140.96096613319315
2011-06-25 00:00:00,344.5549975007454
2011-06-25 01:00:00,71.61056482666186
2011-06-25 02:00:00,61.433043621600476
2011-06-25 03:00:00,24.132902298596353
2011-06-25 04:00:00,8.269174492020216
2011-06-25 05:00:00,9.599282743500916
2011-06-25 06:00:00,27.416945371228703
2011-06-25 07:00:00,64.49658160531713
2011-06-25 08:00:00,165.91266046433526
2011-06-25 09:00:00,188.33428202812541
2011-06-25 10:00:00,292.93565426224063
2011-06-25 11:00:00,344.5549975007454
2011-06-25 12:00:00,344.5549975007454
2011-06-25 13:00:00,344.5549975007454
2011-06-25 14:00:00,344.5549975007454
2011-06-25 15:00:00,344.5549975007454
2011-06-25 16:00:00,344.5549975007454
2011-06-25 17:00:00,360.7738707997652
2011-06-25 18:00:00,419.60358116330144
2011-06-25 19:00:00,344.5549975007454
2011-06-25 20:00:00,236.31347575021226
2011-06-25 21:00:00,207.80012873650747
2011-06-25 22:00:00,207.80012873650747
2011-06-25 23:00:00,136.57148220257318
2011-06-26 00:00:00,344.5549975007454
2011-06-26 01:00:00,71.61056482666186
2011-06-26 02:00:00,61.433043621600476
2011-06-26 03:00:00,24.132902298596353
2011-06-26 04:00:00,7.646844286195298
2011-06-26 05:00:00,9.599282743500916
2011-06-26 06:00:00,27.416945371228703
2011-06-26 07:00:00,64.49658160531713
2011-06-26 08:00:00,165.91266046433526
2011-06-26 09:00:00,188.33428202812541
2011-06-26 10:00:00,292.93565426224063
2011-06-26 11:00:00,344.5549975007454
2011-06-26 12:00:00,344.5549975007454
2011-06-26 13:00:00,344.5549975007454
2011-06-26 14:00:00,344.5549975007454
2011-06-26 15:00:00,344.5549975007454
2011-06-26 16:00:00,344.5549975007454
2011-06-26 17:00:00,360.7738707997652
2011-06-26 18:00:00,419.60358116330144
2011-06-26 19:00:00,344.5549975007454
2011-06-26 20:00:00,236.31347575021226
2011-06-26 21:00:00,207.80012873650747
2011-06-26 22:00:00,207.80012873650747
2011-06-26 23:00:00,105.88417729059043
2011-06-27 00:00:00,101.56350757135156
2011-06-27 01:00:00,11.521345877019813
2011-06-27 02:00:00,14.626094723701275
2011-06-27 03:00:00,6.447979736438823
2011-06-27 04:00:00,6.030542121633832
2011-06-27 05:00:00,31.318242636444705
2011-06-27 06:00:00,101.99600364757113
2011-06-27 07:00:00,302.82935450037735
2011-06-27 08:00:00,419.3448670175295
2011-06-27 09:00:00,165.91266046433526
2011-06-27 10:00:00,101.56350757135156
2011-06-27 11:00:00,165.91266046433526
2011-06-27 12:00:00,165.91266046433526
2011-06-27 13:00:00,165.91266046433526
2011-06-27 14:00:00,165.91266046433526
2011-06-27 15:00:00,165.91266046433526
2011-06-27 16:00:00,289.9674457325027
2011-06-27 17:00:00,578.3787366003992
2011-06-27 18:00:00,546.64435130545
2011-06-27 19:00:00,399.63416420116886
2011-06-27 20:00:00,302.82935450037735
2011-06-27 21:00:00,210.24316538127405
2011-06-27 22:00:00,154.4695341027317
2011-06-27 23:00:00,105.88417729059043
2011-06-28 00:00:00,101.56350757135156
2011-06-28 01:00:00,20.043072877754046
2011-06-28 02:00:00,7.484772157966116
2011-06-28 03:00:00,6.447979736438823
2011-06-28 04:00:00,6.447979736438823
2011-06-28 05:00:00,23.906641766987946
2011-06-28 06:00:00,121.19630888445097
2011-06-28 07:00:00,302.82935450037735
2011-06-28 08:00:00,419.3448670175295
2011-06-28 09:00:00,210.24316538127405
2011-06-28 10:00:00,101.56350757135156
2011-06-28 11:00:00,165.91266046433526
2011-06-28 12:00:00,165.91266046433526
2011-06-28 13:00:00,165.91266046433526
2011-06-28 14:00:00,165.91266046433526
2011-06-28 15:00:00,165.91266046433526
2011-06-28 16:00:00,246.1188297860444
2011-06-28 17:00:00,392.701550165576
2011-06-28 18:00:00,392.701550165576
2011-06-28 19:00:00,365.4962988039971
2011-06-28 20:00:00,302.82935450037735
2011-06-28 21:00:00,210.24316538127405
2011-06-28 22:00:00,154.4695341027317
2011-06-28 23:00:00,105.88417729059043
2011-06-29 00:00:00,101.56350757135156
2011-06-29 01:00:00,20.043072877754046
2011-06-29 02:00:00,7.484772157966116
2011-06-29 03:00:00,6.447979736438823
2011-06-29 04:00:00,6.447979736438823
2011-06-29 05:00:00,31.318242636444705
2011-06-29 06:00:00,121.19630888445097
2011-06-29 07:00:00,302.82935450037735
2011-06-29 08:00:00,419.3448670175295
2011-06-29 09:00:00,165.91266046433526
2011-06-29 10:00:00,101.56350757135156
2011-06-29 11:00:00,165.91266046433526
2011-06-29 12:00:00,165.91266046433526
2011-06-29 13:00:00,165.91266046433526
2011-06-29 14:00:00,165.91266046433526
2011-06-29 15:00:00,165.91266046433526
2011-06-29 16:00:00,289.9674457325027
2011-06-29 17:00:00,578.3787366003992
2011-06-29 18:00:00,533.5573713953835
2011-06-29 19:00:00,365.4962988039971
2011-06-29 20:00:00,302.82935450037735
2011-06-29 21:00:00,211.2890725179566
2011-06-29 22:00:00,165.91266046433526
2011-06-29 23:00:00,105.88417729059043
2011-06-30 00:00:00,165.91266046433526
2011-06-30 01:00:00,22.091438414839047
2011-06-30 02:00:00,9.599282743500916
2011-06-30 03:00:00,6.610677169610724
2011-06-30 04:00:00,6.610677169610724
2011-06-30 05:00:00,31.318242636444705
2011-06-30 06:00:00,121.19630888445097
2011-06-30 07:00:00,302.82935450037735
2011-06-30 08:00:00,419.3448670175295
2011-06-30 09:00:00,165.91266046433526
2011-06-30 10:00:00,101.56350757135156
2011-06-30 11:00:00,165.91266046433526
2011-06-30 12:00:00,165.91266046433526
2011-06-30 13:00:00,165.91266046433526
2011-06-30 14:00:00,165.91266046433526
2011-06-30 15:00:00,165.91266046433526
2011-06-30 16:00:00,289.9674457325027
2011-06-30 17:00:00,578.3787366003992
2011-06-30 18:00:00,533.5573713953835
2011-06-30 19:00:00,399.63416420116886
2011-06-30 20:00:00,302.82935450037735
2011-06-30 21:00:00,211.2890725179566
2011-06-30 22:00:00,165.91266046433526
2011-06-30 23:00:00,105.88417729059043
2011-07-20 00:00:00,101.56350757135156
2011-07-20 01:00:00,14.142034796100912
2011-07-20 02:00:00,7.484772157966116
2011-07-20 03:00:00,6.482095020474673
2011-07-20 04:00:00,6.482095020474673
2011-07-20 05:00:00,31.318242636444705
2011-07-20 06:00:00,121.19630888445097
2011-07-20 07:00:00,302.82935450037735
2011-07-20 08:00:00,419.3448670175295
2011-07-20 09:00:00,210.24316538127405
2011-07-20 10:00:00,79.31185403316928
2011-07-20 11:00:00,165.91266046433526
2011-07-20 12:00:00,165.91266046433526
2011-07-20 13:00:00,165.91266046433526
2011-07-20 14:00:00,165.91266046433526
2011-07-20 15:00:00,165.91266046433526
2011-07-20 16:00:00,246.1188297860444
2011-07-20 17:00:00,504.82684716716506
2011-07-20 18:00:00,533.5573713953835
2011-07-20 19:00:00,399.63416420116886
2011-07-20 20:00:00,302.82935450037735
2011-07-20 21:00:00,210.24316538127405
2011-07-20 22:00:00,154.4695341027317
2011-07-20 23:00:00,84.8606793601417
2011-07-21 00:00:00,101.56350757135156
2011-07-21 01:00:00,22.091438414839047
2011-07-21 02:00:00,7.692708975357233
2011-07-21 03:00:00,3.9958951961211464
2011-07-21 04:00:00,6.447979736438823
2011-07-21 05:00:00,21.03480958824755
2011-07-21 06:00:00,121.19630888445097
2011-07-21 07:00:00,302.82935450037735
2011-07-21 08:00:00,419.3448670175295
2011-07-21 09:00:00,210.24316538127405
2011-07-21 10:00:00,134.29545814225898
2011-07-21 11:00:00,165.91266046433526
2011-07-21 12:00:00,165.91266046433526
2011-07-21 13:00:00,165.91266046433526
2011-07-21 14:00:00,165.91266046433526
2011-07-21 15:00:00,165.91266046433526
2011-07-21 16:00:00,246.1188297860444
2011-07-21 17:00:00,504.82684716716506
2011-07-21 18:00:00,533.5573713953835
2011-07-21 19:00:00,365.4962988039971
2011-07-21 20:00:00,302.82935450037735
2011-07-21 21:00:00,210.24316538127405
2011-07-21 22:00:00,154.4695341027317
2011-07-21 23:00:00,105.88417729059043
2011-07-22 00:00:00,211.2890725179566
2011-07-22 01:00:00,19.843919085970153
2011-07-22 02:00:00,15.364839822611069
2011-07-22 03:00:00,6.030542121633832
2011-07-22 04:00:00,6.030542121633832
2011-07-22 05:00:00,21.03480958824755
2011-07-22 06:00:00,84.8606793601417
2011-07-22 07:00:00,259.18858185186804
2011-07-22 08:00:00,419.3448670175295
2011-07-22 09:00:00,211.2890725179566
2011-07-22 10:00:00,101.56350757135156
2011-07-22 11:00:00,211.2890725179566
2011-07-22 12:00:00,211.2890725179566
2011-07-22 13:00:00,211.2890725179566
2011-07-22 14:00:00,211.2890725179566
2011-07-22 15:00:00,211.2890725179566
2011-07-22 16:00:00,235.96583885219061
2011-07-22 17:00:00,458.03794034988994
2011-07-22 18:00:00,504.82684716716506
2011-07-22 19:00:00,321.15041564318545
2011-07-22 20:00:00,259.18858185186804
2011-07-22 21:00:00,165.91266046433526
2011-07-22 22:00:00,211.2890725179566
2011-07-22 23:00:00,140.96096613319315
2011-07-23 00:00:00,344.5549975007454
2011-07-23 01:00:00,71.61056482666186
2011-07-23 02:00:00,61.433043621600476
2011-07-23 03:00:00,37.2800776182833
2011-07-23 04:00:00,8.269174492020216
2011-07-23 05:00:00,9.599282743500916
2011-07-23 06:00:00,27.416945371228703
2011-07-23 07:00:00,64.49658160531713
2011-07-23 08:00:00,165.91266046433526
2011-07-23 09:00:00,188.33428202812541
2011-07-23 10:00:00,292.93565426224063
2011-07-23 11:00:00,344.5549975007454
2011-07-23 12:00:00,344.5549975007454
2011-07-23 13:00:00,344.5549975007454
2011-07-23 14:00:00,344.5549975007454
2011-07-23 15:00:00,344.5549975007454
2011-07-23 16:00:00,344.5549975007454
2011-07-23 17:00:00,360.7738707997652
2011-07-23 18:00:00,360.7738707997652
2011-07-23 19:00:00,344.5549975007454
2011-07-23 20:00:00,236.31347575021226
2011-07-23 21:00:00,207.80012873650747
2011-07-23 22:00:00,207.80012873650747
2011-07-23 23:00:00,136.57148220257318
2011-07-24 00:00:00,344.5549975007454
2011-07-24 01:00:00,71.61056482666186
2011-07-24 02:00:00,61.433043621600476
2011-07-24 03:00:00,37.2800776182833
2011-07-24 04:00:00,7.646844286195298
2011-07-24 05:00:00,9.599282743500916
2011-07-24 06:00:00,8.245665448153071
2011-07-24 07:00:00,64.49658160531713
2011-07-24 08:00:00,165.91266046433526
2011-07-24 09:00:00,188.33428202812541
2011-07-24 10:00:00,292.93565426224063
2011-07-24 11:00:00,344.5549975007454
2011-07-24 12:00:00,344.5549975007454
2011-07-24 13:00:00,344.5549975007454
2011-07-24 14:00:00,344.5549975007454
2011-07-24 15:00:00,344.5549975007454
2011-07-24 16:00:00,344.5549975007454
2011-07-24 17:00:00,360.7738707997652
2011-07-24 18:00:00,360.7738707997652
2011-07-24 19:00:00,344.5549975007454
2011-07-24 20:00:00,236.31347575021226
2011-07-24 21:00:00,207.80012873650747
2011-07-24 22:00:00,161.60190765518675
2011-07-24 23:00:00,84.8606793601417
2011-07-25 00:00:00,101.56350757135156
2011-07-25 01:00:00,14.142034796100912
2011-07-25 02:00:00,6.445973661139108
2011-07-25 03:00:00,3.9958951961211464
2011-07-25 04:00:00,4.436073300766023
2011-07-25 05:00:00,21.03480958824755
2011-07-25 06:00:00,101.99600364757113
2011-07-25 07:00:00,302.82935450037735
2011-07-25 08:00:00,419.3448670175295
2011-07-25 09:00:00,210.24316538127405
2011-07-25 10:00:00,101.56350757135156
2011-07-25 11:00:00,165.91266046433526
2011-07-25 12:00:00,165.91266046433526
2011-07-25 13:00:00,101.56350757135156
2011-07-25 14:00:00,101.56350757135156
2011-07-25 15:00:00,154.4695341027317
2011-07-25 16:00:00,289.9674457325027
2011-07-25 17:00:00,533.5573713953835
2011-07-25 18:00:00,546.64435130545
2011-07-25 19:00:00,399.63416420116886
2011-07-25 20:00:00,302.82935450037735
2011-07-25 21:00:00,210.24316538127405
2011-07-25 22:00:00,154.4695341027317
2011-07-25 23:00:00,84.8606793601417
2011-07-26 00:00:00,101.56350757135156
2011-07-26 01:00:00,14.142034796100912
2011-07-26 02:00:00,7.484772157966116
2011-07-26 03:00:00,4.436073300766023
2011-07-26 04:00:00,4.436073300766023
2011-07-26 05:00:00,24.43576501129031
2011-07-26 06:00:00,121.19630888445097
2011-07-26 07:00:00,302.82935450037735
2011-07-26 08:00:00,419.3448670175295
2011-07-26 09:00:00,165.91266046433526
2011-07-26 10:00:00,101.56350757135156
2011-07-26 11:00:00,165.91266046433526
2011-07-26 12:00:00,165.91266046433526
2011-07-26 13:00:00,165.91266046433526
2011-07-26 14:00:00,165.91266046433526
2011-07-26 15:00:00,165.91266046433526
2011-07-26 16:00:00,289.9674457325027
2011-07-26 17:00:00,504.82684716716506
2011-07-26 18:00:00,533.5573713953835
2011-07-26 19:00:00,365.4962988039971
2011-07-26 20:00:00,302.82935450037735
2011-07-26 21:00:00,211.2890725179566
2011-07-26 22:00:00,165.91266046433526
2011-07-26 23:00:00,84.8606793601417
2011-07-27 00:00:00,165.91266046433526
2011-07-27 01:00:00,14.142034796100912
2011-07-27 02:00:00,7.484772157966116
2011-07-27 03:00:00,4.436073300766023
2011-07-27 04:00:00,4.436073300766023
2011-07-27 05:00:00,31.318242636444705
2011-07-27 06:00:00,121.19630888445097
2011-07-27 07:00:00,302.82935450037735
2011-07-27 08:00:00,419.3448670175295
2011-07-27 09:00:00,165.91266046433526
2011-07-27 10:00:00,101.56350757135156
2011-07-27 11:00:00,165.91266046433526
2011-07-27 12:00:00,165.91266046433526
2011-07-27 13:00:00,165.91266046433526
2011-07-27 14:00:00,165.91266046433526
2011-07-27 15:00:00,165.91266046433526
2011-07-27 16:00:00,289.9674457325027
2011-07-27 17:00:00,578.3787366003992
2011-07-27 18:00:00,546.64435130545
2011-07-27 19:00:00,399.63416420116886
2011-07-27 20:00:00,302.82935450037735
2011-07-27 21:00:00,211.2890725179566
2011-07-27 22:00:00,165.91266046433526
2011-07-27 23:00:00,84.8606793601417
2011-07-28 00:00:00,165.91266046433526
2011-07-28 01:00:00,22.091438414839047
2011-07-28 02:00:00,6.445973661139108
2011-07-28 03:00:00,6.447979736438823
2011-07-28 04:00:00,6.447979736438823
2011-07-28 05:00:00,27.987078427344958
2011-07-28 06:00:00,105.99504924472978
2011-07-28 07:00:00,302.82935450037735
2011-07-28 08:00:00,419.3448670175295
2011-07-28 09:00:00,165.91266046433526
2011-07-28 10:00:00,101.56350757135156
2011-07-28 11:00:00,165.91266046433526
2011-07-28 12:00:00,165.91266046433526
2011-07-28 13:00:00,165.91266046433526
2011-07-28 14:00:00,165.91266046433526
2011-07-28 15:00:00,165.91266046433526
2011-07-28 16:00:00,246.1188297860444
2011-07-28 17:00:00,504.82684716716506
2011-07-28 18:00:00,533.5573713953835
2011-07-28 19:00:00,399.63416420116886
2011-07-28 20:00:00,302.82935450037735
2011-07-28 21:00:00,210.24316538127405
2011-07-28 22:00:00,154.4695341027317
2011-07-28 23:00:00,105.88417729059043
2011-07-29 00:00:00,101.56350757135156
2011-07-29 01:00:00,28.4266665334962
2011-07-29 02:00:00,15.364839822611069
2011-07-29 03:00:00,6.030542121633832
2011-07-29 04:00:00,6.030542121633832
2011-07-29 05:00:00,21.03480958824755
2011-07-29 06:00:00,84.8606793601417
2011-07-29 07:00:00,259.18858185186804
2011-07-29 08:00:00,419.3448670175295
2011-07-29 09:00:00,211.2890725179566
2011-07-29 10:00:00,101.56350757135156
2011-07-29 11:00:00,211.2890725179566
2011-07-29 12:00:00,211.2890725179566
2011-07-29 13:00:00,211.2890725179566
2011-07-29 14:00:00,211.2890725179566
2011-07-29 15:00:00,211.2890725179566
2011-07-29 16:00:00,351.6063402335863
2011-07-29 17:00:00,504.82684716716506
2011-07-29 18:00:00,458.03794034988994
2011-07-29 19:00:00,321.15041564318545
2011-07-29 20:00:00,302.82935450037735
2011-07-29 21:00:00,165.91266046433526
2011-07-29 22:00:00,211.2890725179566
2011-07-29 23:00:00,140.96096613319315
2011-07-30 00:00:00,344.5549975007454
2011-07-30 01:00:00,71.61056482666186
2011-07-30 02:00:00,61.433043621600476
2011-07-30 03:00:00,37.2800776182833
2011-07-30 04:00:00,8.269174492020216
2011-07-30 05:00:00,6.445973661139108
2011-07-30 06:00:00,27.416945371228703
2011-07-30 07:00:00,64.49658160531713
2011-07-30 08:00:00,165.91266046433526
2011-07-30 09:00:00,188.33428202812541
2011-07-30 10:00:00,292.93565426224063
2011-07-30 11:00:00,344.5549975007454
2011-07-30 12:00:00,344.5549975007454
2011-07-30 13:00:00,344.5549975007454
2011-07-30 14:00:00,344.5549975007454
2011-07-30 15:00:00,344.5549975007454
2011-07-30 16:00:00,344.5549975007454
2011-07-30 17:00:00,360.7738707997652
2011-07-30 18:00:00,360.7738707997652
2011-07-30 19:00:00,344.5549975007454
2011-07-30 20:00:00,236.31347575021226
2011-07-30 21:00:00,207.80012873650747
2011-07-30 22:00:00,207.80012873650747
2011-07-30 23:00:00,136.57148220257318
2011-07-31 00:00:00,344.5549975007454
2011-07-31 01:00:00,71.61056482666186
2011-07-31 02:00:00,61.433043621600476
2011-07-31 03:00:00,37.2800776182833
2011-07-31 04:00:00,7.646844286195298
2011-07-31 05:00:00,9.599282743500916
2011-07-31 06:00:00,27.416945371228703
2011-07-31 07:00:00,64.49658160531713
2011-07-31 08:00:00,165.91266046433526
2011-07-31 09:00:00,188.33428202812541
2011-07-31 10:00:00,292.93565426224063
2011-07-31 11:00:00,344.5549975007454
2011-07-31 12:00:00,344.5549975007454
2011-07-31 13:00:00,344.5549975007454
2011-07-31 14:00:00,344.5549975007454
2011-07-31 15:00:00,344.5549975007454
2011-07-31 16:00:00,344.5549975007454
2011-07-31 17:00:00,360.7738707997652
2011-07-31 18:00:00,360.7738707997652
2011-07-31 19:00:00,344.5549975007454
2011-07-31 20:00:00,236.31347575021226
2011-07-31 21:00:00,207.80012873650747
2011-07-31 22:00:00,161.60190765518675
2011-07-31 23:00:00,84.8606793601417
2011-08-20 00:00:00,117.7684579606959
2011-08-20 01:00:00,71.61056482666186
2011-08-20 02:00:00,61.433043621600476
2011-08-20 03:00:00,37.2800776182833
2011-08-20 04:00:00,5.216358818430946
2011-08-20 05:00:00,14.626094723701275
2011-08-20 06:00:00,22.36904869011932
2011-08-20 07:00:00,39.06436674852673
2011-08-20 08:00:00,101.56350757135156
2011-08-20 09:00:00,188.33428202812541
2011-08-20 10:00:00,292.93565426224063
2011-08-20 11:00:00,344.5549975007454
2011-08-20 12:00:00,344.5549975007454
2011-08-20 13:00:00,344.5549975007454
2011-08-20 14:00:00,344.5549975007454
2011-08-20 15:00:00,344.5549975007454
2011-08-20 16:00:00,344.5549975007454
2011-08-20 17:00:00,419.60358116330144
2011-08-20 18:00:00,333.0923053363583
2011-08-20 19:00:00,344.5549975007454
2011-08-20 20:00:00,236.31347575021226
2011-08-20 21:00:00,161.60190765518675
2011-08-20 22:00:00,161.60190765518675
2011-08-20 23:00:00,136.57148220257318
2011-08-21 00:00:00,201.98779682084705
2011-08-21 01:00:00,71.61056482666186
2011-08-21 02:00:00,61.433043621600476
2011-08-21 03:00:00,37.2800776182833
2011-08-21 04:00:00,5.113659681464105
2011-08-21 05:00:00,6.445973661139108
2011-08-21 06:00:00,27.416945371228703
2011-08-21 07:00:00,64.49658160531713
2011-08-21 08:00:00,101.56350757135156
2011-08-21 09:00:00,201.98779682084705
2011-08-21 10:00:00,201.98779682084705
2011-08-21 11:00:00,344.5549975007454
2011-08-21 12:00:00,344.5549975007454
2011-08-21 13:00:00,344.5549975007454
2011-08-21 14:00:00,201.98779682084705
2011-08-21 15:00:00,147.20598899625162
2011-08-21 16:00:00,201.98779682084705
2011-08-21 17:00:00,229.4406402819344
2011-08-21 18:00:00,229.4406402819344
2011-08-21 19:00:00,344.5549975007454
2011-08-21 20:00:00,201.98779682084705
2011-08-21 21:00:00,161.60190765518675
2011-08-21 22:00:00,161.60190765518675
2011-08-21 23:00:00,84.8606793601417
2011-08-22 00:00:00,101.56350757135156
2011-08-22 01:00:00,14.142034796100912
2011-08-22 02:00:00,6.445973661139108
2011-08-22 03:00:00,4.436073300766023
2011-08-22 04:00:00,4.436073300766023
2011-08-22 05:00:00,27.987078427344958
2011-08-22 06:00:00,101.99600364757113
2011-08-22 07:00:00,259.18858185186804
2011-08-22 08:00:00,419.3448670175295
2011-08-22 09:00:00,165.91266046433526
2011-08-22 10:00:00,101.56350757135156
2011-08-22 11:00:00,165.91266046433526
2011-08-22 12:00:00,165.91266046433526
2011-08-22 13:00:00,165.91266046433526
2011-08-22 14:00:00,165.91266046433526
2011-08-22 15:00:00,165.91266046433526
2011-08-22 16:00:00,289.9674457325027
2011-08-22 17:00:00,578.3787366003992
2011-08-22 18:00:00,533.5573713953835
2011-08-22 19:00:00,365.4962988039971
2011-08-22 20:00:00,233.87405011005353
2011-08-22 21:00:00,211.2890725179566
2011-08-22 22:00:00,165.91266046433526
2011-08-22 23:00:00,84.8606793601417
2011-08-23 00:00:00,165.91266046433526
2011-08-23 01:00:00,10.064141571750003
2011-08-23 02:00:00,4.318044927794647
2011-08-23 03:00:00,6.610677169610724
2011-08-23 04:00:00,6.610677169610724
2011-08-23 05:00:00,27.987078427344958
2011-08-23 06:00:00,110.33223407625356
2011-08-23 07:00:00,302.82935450037735
2011-08-23 08:00:00,419.3448670175295
2011-08-23 09:00:00,165.91266046433526
2011-08-23 10:00:00,101.56350757135156
2011-08-23 11:00:00,165.91266046433526
2011-08-23 12:00:00,165.91266046433526
2011-08-23 13:00:00,165.91266046433526
2011-08-23 14:00:00,165.91266046433526
2011-08-23 15:00:00,165.91266046433526
2011-08-23 16:00:00,289.9674457325027
2011-08-23 17:00:00,578.3787366003992
2011-08-23 18:00:00,533.5573713953835
2011-08-23 19:00:00,399.63416420116886
2011-08-23 20:00:00,233.87405011005353
2011-08-23 21:00:00,211.2890725179566
2011-08-23 22:00:00,165.91266046433526
2011-08-23 23:00:00,84.8606793601417
2011-08-24 00:00:00,165.91266046433526
2011-08-24 01:00:00,10.064141571750003
2011-08-24 02:00:00,4.318044927794647
2011-08-24 03:00:00,6.610677169610724
2011-08-24 04:00:00,8.827633299482999
2011-08-24 05:00:00,31.318242636444705
2011-08-24 06:00:00,105.99504924472978
2011-08-24 07:00:00,302.82935450037735
2011-08-24 08:00:00,419.3448670175295
2011-08-24 09:00:00,210.24316538127405
2011-08-24 10:00:00,101.56350757135156
2011-08-24 11:00:00,165.91266046433526
2011-08-24 12:00:00,165.91266046433526
2011-08-24 13:00:00,165.91266046433526
2011-08-24 14:00:00,165.91266046433526
2011-08-24 15:00:00,165.91266046433526
2011-08-24 16:00:00,289.9674457325027
2011-08-24 17:00:00,578.3787366003992
2011-08-24 18:00:00,533.5573713953835
2011-08-24 19:00:00,365.4962988039971
2011-08-24 20:00:00,233.87405011005353
2011-08-24 21:00:00,211.2890725179566
2011-08-24 22:00:00,154.4695341027317
2011-08-24 23:00:00,84.8606793601417
2011-08-25 00:00:00,101.56350757135156
2011-08-25 01:00:00,22.091438414839047
2011-08-25 02:00:00,9.599282743500916
2011-08-25 03:00:00,6.447979736438823
2011-08-25 04:00:00,6.447979736438823
2011-08-25 05:00:00,27.987078427344958
2011-08-25 06:00:00,121.19630888445097
2011-08-25 07:00:00,259.18858185186804
2011-08-25 08:00:00,419.3448670175295
2011-08-25 09:00:00,210.24316538127405
2011-08-25 10:00:00,134.29545814225898
2011-08-25 11:00:00,101.56350757135156
2011-08-25 12:00:00,101.56350757135156
2011-08-25 13:00:00,101.56350757135156
2011-08-25 14:00:00,101.56350757135156
2011-08-25 15:00:00,154.4695341027317
2011-08-25 16:00:00,289.9674457325027
2011-08-25 17:00:00,361.1429563001377
2011-08-25 18:00:00,361.1429563001377
2011-08-25 19:00:00,285.52322040174874
2011-08-25 20:00:00,233.87405011005353
2011-08-25 21:00:00,162.63580015157484
2011-08-25 22:00:00,154.4695341027317
2011-08-25 23:00:00,105.88417729059043
2011-08-26 00:00:00,101.56350757135156
2011-08-26 01:00:00,28.4266665334962
2011-08-26 02:00:00,15.364839822611069
2011-08-26 03:00:00,6.030542121633832
2011-08-26 04:00:00,6.030542121633832
2011-08-26 05:00:00,20.427145201482055
2011-08-26 06:00:00,95.60681661318164
2011-08-26 07:00:00,259.18858185186804
2011-08-26 08:00:00,419.3448670175295
2011-08-26 09:00:00,210.24316538127405
2011-08-26 10:00:00,79.31185403316928
2011-08-26 11:00:00,211.2890725179566
2011-08-26 12:00:00,101.56350757135156
2011-08-26 13:00:00,211.2890725179566
2011-08-26 14:00:00,211.2890725179566
2011-08-26 15:00:00,211.2890725179566
2011-08-26 16:00:00,351.6063402335863
2011-08-26 17:00:00,519.2672364245469
2011-08-26 18:00:00,519.2672364245469
2011-08-26 19:00:00,321.15041564318545
2011-08-26 20:00:00,233.87405011005353
2011-08-26 21:00:00,162.63580015157484
2011-08-26 22:00:00,154.4695341027317
2011-08-26 23:00:00,140.96096613319315
2011-08-27 00:00:00,147.20598899625162
2011-08-27 01:00:00,71.61056482666186
2011-08-27 02:00:00,61.433043621600476
2011-08-27 03:00:00,37.2800776182833
2011-08-27 04:00:00,5.216358818430946
2011-08-27 05:00:00,6.445973661139108
2011-08-27 06:00:00,27.416945371228703
2011-08-27 07:00:00,64.49658160531713
2011-08-27 08:00:00,101.56350757135156
2011-08-27 09:00:00,147.20598899625162
2011-08-27 10:00:00,201.98779682084705
2011-08-27 11:00:00,117.7684579606959
2011-08-27 12:00:00,147.20598899625162
2011-08-27 13:00:00,147.20598899625162
2011-08-27 14:00:00,117.7684579606959
2011-08-27 15:00:00,219.93996417238947
2011-08-27 16:00:00,117.7684579606959
2011-08-27 17:00:00,229.4406402819344
2011-08-28 07:00:00,39.06436674852673
2011-08-28 08:00:00,101.56350757135156
2011-08-28 09:00:00,201.98779682084705
2011-08-28 10:00:00,292.93565426224063
2011-08-28 11:00:00,344.5549975007454
2011-08-28 12:00:00,344.5549975007454
2011-08-28 13:00:00,344.5549975007454
2011-08-28 14:00:00,344.5549975007454
2011-08-28 15:00:00,344.5549975007454
2011-08-28 16:00:00,344.5549975007454
2011-08-28 17:00:00,360.7738707997652
2011-08-28 18:00:00,360.7738707997652
2011-08-28 19:00:00,344.5549975007454
2011-08-28 20:00:00,236.31347575021226
2011-08-28 21:00:00,207.80012873650747
2011-08-28 22:00:00,161.60190765518675
2011-08-28 23:00:00,84.8606793601417
2011-08-29 00:00:00,101.56350757135156
2011-08-29 01:00:00,10.064141571750003
2011-08-29 02:00:00,9.599282743500916
2011-08-29 03:00:00,6.610677169610724
2011-08-29 04:00:00,6.610677169610724
2011-08-29 05:00:00,24.43576501129031
2011-08-29 06:00:00,101.99600364757113
2011-08-29 07:00:00,302.82935450037735
2011-08-29 08:00:00,419.3448670175295
2011-08-29 09:00:00,165.91266046433526
2011-08-29 10:00:00,101.56350757135156
2011-08-29 11:00:00,165.91266046433526
2011-08-29 12:00:00,165.91266046433526
2011-08-29 13:00:00,165.91266046433526
2011-08-29 14:00:00,165.91266046433526
2011-08-29 15:00:00,165.91266046433526
2011-08-29 16:00:00,289.9674457325027
2011-08-29 17:00:00,578.3787366003992
2011-08-29 18:00:00,458.03794034988994
2011-08-29 19:00:00,399.63416420116886
2011-08-29 20:00:00,233.87405011005353
2011-08-29 21:00:00,211.2890725179566
2011-08-29 22:00:00,165.91266046433526
2011-08-29 23:00:00,84.8606793601417
2011-08-30 00:00:00,101.56350757135156
2011-08-30 01:00:00,11.521345877019813
2011-08-30 02:00:00,4.318044927794647
2011-08-30 03:00:00,8.827633299482999
2011-08-30 04:00:00,8.827633299482999
2011-08-30 05:00:00,24.43576501129031
2011-08-30 06:00:00,110.33223407625356
2011-08-30 07:00:00,302.82935450037735
2011-08-30 08:00:00,419.3448670175295
2011-08-30 09:00:00,165.91266046433526
2011-08-30 10:00:00,101.56350757135156
2011-08-30 11:00:00,165.91266046433526
2011-08-30 12:00:00,165.91266046433526
2011-08-30 13:00:00,165.91266046433526
2011-08-30 14:00:00,165.91266046433526
2011-08-30 15:00:00,165.91266046433526
2011-08-30 16:00:00,289.9674457325027
2011-08-30 17:00:00,578.3787366003992
2011-08-30 18:00:00,546.64435130545
2011-08-30 19:00:00,399.63416420116886
2011-08-30 20:00:00,233.87405011005353
2011-08-30 21:00:00,162.63580015157484
2011-08-30 22:00:00,165.91266046433526
2011-08-30 23:00:00,84.8606793601417
2011-08-31 00:00:00,101.56350757135156
2011-08-31 01:00:00,10.064141571750003
2011-08-31 02:00:00,4.318044927794647
2011-08-31 03:00:00,8.827633299482999
2011-08-31 04:00:00,8.827633299482999
2011-08-31 05:00:00,31.318242636444705
2011-08-31 06:00:00,105.99504924472978
2011-08-31 07:00:00,302.82935450037735
2011-08-31 08:00:00,419.3448670175295
2011-08-31 09:00:00,210.24316538127405
2011-08-31 10:00:00,101.56350757135156
2011-08-31 11:00:00,165.91266046433526
2011-08-31 12:00:00,165.91266046433526
2011-08-31 13:00:00,165.91266046433526
2011-08-31 14:00:00,165.91266046433526
2011-08-31 15:00:00,165.91266046433526
2011-08-31 16:00:00,289.9674457325027
2011-08-31 17:00:00,578.3787366003992
2011-08-31 18:00:00,533.5573713953835
2011-08-31 19:00:00,399.63416420116886
2011-08-31 20:00:00,233.87405011005353
2011-08-31 21:00:00,211.2890725179566
2011-08-31 22:00:00,154.4695341027317
2011-08-31 23:00:00,84.8606793601417
2011-09-20 00:00:00,101.56350757135156
2011-09-20 01:00:00,11.521345877019813
2011-09-20 02:00:00,4.318044927794647
2011-09-20 03:00:00,8.827633299482999
2011-09-20 04:00:00,8.827633299482999
2011-09-20 05:00:00,20.427145201482055
2011-09-20 06:00:00,110.33223407625356
2011-09-20 07:00:00,282.88502883746486
2011-09-20 08:00:00,130.48461679080475
2011-09-20 09:00:00,69.38025471856538
2011-09-20 10:00:00,65.85930740989033
2011-09-20 11:00:00,65.85930740989033
2011-09-20 12:00:00,65.85930740989033
2011-09-20 13:00:00,65.85930740989033
2011-09-20 14:00:00,65.85930740989033
2011-09-20 15:00:00,154.4695341027317
2011-09-20 16:00:00,289.9674457325027
2011-09-20 17:00:00,361.1429563001377
2011-09-20 18:00:00,361.1429563001377
2011-09-20 19:00:00,217.90509771850853
2011-09-20 20:00:00,180.5704150943746
2011-09-20 21:00:00,74.26658712573139
2011-09-20 22:00:00,65.85930740989033
2011-09-20 23:00:00,95.60681661318164
2011-09-21 00:00:00,36.98684841571661
2011-09-21 01:00:00,19.940133324833596
2011-09-21 02:00:00,4.318044927794647
2011-09-21 03:00:00,3.3754943489788403
2011-09-21 04:00:00,3.3754943489788403
2011-09-21 05:00:00,9.852954466303936
2011-09-21 06:00:00,110.33223407625356
2011-09-21 07:00:00,282.88502883746486
2011-09-21 08:00:00,282.88502883746486
2011-09-21 09:00:00,135.6079217608577
2011-09-21 10:00:00,36.98684841571661
2011-09-21 11:00:00,101.56350757135156
2011-09-21 12:00:00,101.56350757135156
2011-09-21 13:00:00,101.56350757135156
2011-09-21 14:00:00,101.56350757135156
2011-09-21 15:00:00,154.4695341027317
2011-09-21 16:00:00,289.9674457325027
2011-09-21 17:00:00,392.701550165576
2011-09-21 18:00:00,210.94169879490076
2011-09-21 19:00:00,135.6079217608577
2011-09-21 20:00:00,180.5704150943746
2011-09-21 21:00:00,74.26658712573139
2011-09-21 22:00:00,65.85930740989033
2011-09-21 23:00:00,95.60681661318164
2011-09-22 00:00:00,36.98684841571661
2011-09-22 01:00:00,22.091438414839047
2011-09-22 02:00:00,6.445973661139108
2011-09-22 03:00:00,3.3754943489788403
2011-09-22 04:00:00,3.3754943489788403
2011-09-22 05:00:00,20.427145201482055
2011-09-22 06:00:00,110.33223407625356
2011-09-22 07:00:00,282.88502883746486
2011-09-22 08:00:00,282.88502883746486
2011-09-22 09:00:00,135.6079217608577
2011-09-22 10:00:00,65.85930740989033
2011-09-22 11:00:00,65.85930740989033
2011-09-22 12:00:00,101.56350757135156
2011-09-22 13:00:00,101.56350757135156
2011-09-22 14:00:00,101.56350757135156
2011-09-22 15:00:00,154.4695341027317
2011-09-22 16:00:00,289.9674457325027
2011-09-22 17:00:00,458.03794034988994
2011-09-22 18:00:00,210.94169879490076
2011-09-22 19:00:00,217.90509771850853
2011-09-22 20:00:00,180.5704150943746
2011-09-22 21:00:00,74.26658712573139
2011-09-22 22:00:00,65.85930740989033
2011-09-22 23:00:00,66.30516217446048
2011-09-23 00:00:00,36.98684841571661
2011-09-23 01:00:00,14.785098767560163
2011-09-23 02:00:00,3.5434754512865094
2011-09-23 03:00:00,5.216358818430946
2011-09-23 04:00:00,8.269174492020216
2011-09-23 05:00:00,20.427145201482055
2011-09-23 06:00:00,66.30516217446048
2011-09-23 07:00:00,130.48461679080475
2011-09-23 08:00:00,130.48461679080475
2011-09-23 09:00:00,135.6079217608577
2011-09-23 10:00:00,36.98684841571661
2011-09-23 11:00:00,36.98684841571661
2011-09-23 12:00:00,36.98684841571661
2011-09-23 13:00:00,36.98684841571661
2011-09-23 14:00:00,36.98684841571661
2011-09-23 15:00:00,36.98684841571661
2011-09-23 16:00:00,180.5704150943746
2011-09-23 17:00:00,119.24249886545239
2011-09-23 18:00:00,119.24249886545239
2011-09-23 19:00:00,135.6079217608577
2011-09-23 20:00:00,180.5704150943746
2011-09-23 21:00:00,146.2264957153675
2011-09-23 22:00:00,65.85930740989033
2011-09-23 23:00:00,140.96096613319315
2011-09-24 00:00:00,67.05851461343518
2011-09-24 01:00:00,71.61056482666186
2011-09-24 02:00:00,70.81589591577774
2011-09-24 03:00:00,24.132902298596353
2011-09-24 04:00:00,6.030542121633832
2011-09-24 05:00:00,9.375046073784818
2011-09-24 06:00:00,8.245665448153071
2011-09-24 07:00:00,39.06436674852673
2011-09-24 08:00:00,63.26668379389265
2011-09-24 09:00:00,104.02985462456655
2011-09-24 10:00:00,117.7684579606959
2011-09-24 11:00:00,283.99108628871926
2011-09-24 12:00:00,283.99108628871926
2011-09-24 13:00:00,283.99108628871926
2011-09-24 14:00:00,283.99108628871926
2011-09-24 15:00:00,324.153372657829
2011-09-24 16:00:00,283.99108628871926
2011-09-24 17:00:00,229.4406402819344
2011-09-24 18:00:00,229.4406402819344
2011-09-24 19:00:00,104.02985462456655
2011-09-24 20:00:00,201.98779682084705
2011-09-24 21:00:00,207.80012873650747
2011-09-24 22:00:00,117.7684579606959
2011-09-24 23:00:00,136.57148220257318
2011-09-25 00:00:00,117.7684579606959
2011-09-25 01:00:00,71.61056482666186
2011-09-25 02:00:00,61.433043621600476
2011-09-25 03:00:00,24.132902298596353
2011-09-25 04:00:00,8.827633299482999
2011-09-25 05:00:00,9.375046073784818
2011-09-25 06:00:00,8.245665448153071
2011-09-25 07:00:00,39.06436674852673
2011-09-25 08:00:00,63.26668379389265
2011-09-25 09:00:00,283.99108628871926
2011-09-25 10:00:00,283.99108628871926
2011-09-25 11:00:00,283.99108628871926
2011-09-25 12:00:00,283.99108628871926
2011-09-25 13:00:00,283.99108628871926
2011-09-25 14:00:00,283.99108628871926
2011-09-25 15:00:00,324.153372657829
2011-09-25 16:00:00,419.3448670175295
2011-09-25 17:00:00,229.4406402819344
2011-09-25 18:00:00,229.4406402819344
2011-09-25 19:00:00,283.99108628871926
2011-09-25 20:00:00,201.98779682084705
2011-09-25 21:00:00,67.05851461343518
2011-09-25 22:00:00,117.7684579606959
2011-09-25 23:00:00,59.8319993029304
2011-09-26 00:00:00,36.98684841571661
2011-09-26 01:00:00,11.521345877019813
2011-09-26 02:00:00,9.375046073784818
2011-09-26 03:00:00,3.6017393355514153
2011-09-26 04:00:00,3.6017393355514153
2011-09-26 05:00:00,20.427145201482055
2011-09-26 06:00:00,121.19630888445097
2011-09-26 07:00:00,282.88502883746486
2011-09-26 08:00:00,282.88502883746486
2011-09-26 09:00:00,217.90509771850853
2011-09-26 10:00:00,65.85930740989033
2011-09-26 11:00:00,101.56350757135156
2011-09-26 12:00:00,101.56350757135156
2011-09-26 13:00:00,101.56350757135156
2011-09-26 14:00:00,101.56350757135156
2011-09-26 15:00:00,165.91266046433526
2011-09-26 16:00:00,289.9674457325027
2011-09-26 17:00:00,578.3787366003992
2011-09-26 18:00:00,210.94169879490076
2011-09-26 19:00:00,285.52322040174874
2011-09-26 20:00:00,75.84516361451408
2011-09-26 21:00:00,74.26658712573139
2011-09-26 22:00:00,65.85930740989033
2011-09-26 23:00:00,59.8319993029304
2011-09-27 00:00:00,65.85930740989033
2011-09-27 01:00:00,10.064141571750003
2011-09-27 02:00:00,9.375046073784818
2011-09-27 03:00:00,5.113659681464105
2011-09-27 04:00:00,5.113659681464105
2011-09-27 05:00:00,16.387101614707237
2011-09-27 06:00:00,101.99600364757113
2011-09-27 07:00:00,282.88502883746486
2011-09-27 08:00:00,282.88502883746486
2011-09-27 09:00:00,217.90509771850853
2011-09-27 10:00:00,65.85930740989033
2011-09-27 11:00:00,36.98684841571661
2011-09-27 12:00:00,65.85930740989033
2011-09-27 13:00:00,101.56350757135156
2011-09-27 14:00:00,101.56350757135156
2011-09-27 15:00:00,154.4695341027317
2011-09-27 16:00:00,289.9674457325027
2011-09-27 17:00:00,361.1429563001377
2011-09-27 18:00:00,361.1429563001377
2011-09-27 19:00:00,217.90509771850853
2011-09-27 20:00:00,233.87405011005353
2011-09-27 21:00:00,162.63580015157484
2011-09-27 22:00:00,65.85930740989033
2011-09-27 23:00:00,95.60681661318164
2011-09-28 00:00:00,36.98684841571661
2011-09-28 01:00:00,10.064141571750003
2011-09-28 02:00:00,3.364479360121801
2011-09-28 03:00:00,3.6017393355514153
2011-09-28 04:00:00,5.27338547212351
2011-09-28 05:00:00,28.437349725822482
2011-09-28 06:00:00,61.970485768770544
2011-09-28 07:00:00,130.48461679080475
2011-09-28 08:00:00,130.48461679080475
2011-09-28 09:00:00,69.38025471856538
2011-09-28 10:00:00,36.98684841571661
2011-09-28 11:00:00,101.56350757135156
2011-09-28 12:00:00,101.56350757135156
2011-09-28 13:00:00,101.56350757135156
2011-09-28 14:00:00,165.91266046433526
2011-09-28 15:00:00,154.4695341027317
2011-09-28 16:00:00,289.9674457325027
2011-09-28 17:00:00,578.3787366003992
2011-09-28 18:00:00,210.94169879490076
2011-09-28 19:00:00,235.96583885219061
2011-09-28 20:00:00,171.84614438915878
2011-09-28 21:00:00,146.2264957153675
2011-09-28 22:00:00,65.85930740989033
2011-09-28 23:00:00,95.60681661318164
2011-09-29 00:00:00,65.85930740989033
2011-09-29 01:00:00,22.091438414839047
2011-09-29 02:00:00,9.375046073784818
2011-09-29 03:00:00,5.113659681464105
2011-09-29 04:00:00,5.113659681464105
2011-09-29 05:00:00,20.427145201482055
2011-09-29 06:00:00,101.99600364757113
2011-09-29 07:00:00,282.88502883746486
2011-09-29 08:00:00,344.5549975007454
2011-09-29 09:00:00,210.24316538127405
2011-09-29 10:00:00,134.29545814225898
2011-09-29 11:00:00,165.91266046433526
2011-09-29 12:00:00,165.91266046433526
2011-09-29 13:00:00,165.91266046433526
2011-09-29 14:00:00,165.91266046433526
2011-09-29 15:00:00,165.91266046433526
2011-09-29 16:00:00,289.9674457325027
2011-09-29 17:00:00,578.3787366003992
2011-09-29 18:00:00,458.03794034988994
2011-09-29 19:00:00,399.63416420116886
2011-09-29 20:00:00,233.87405011005353
2011-09-29 21:00:00,211.2890725179566
2011-09-29 22:00:00,154.4695341027317
2011-09-29 23:00:00,71.46559969612308
2011-09-30 00:00:00,101.56350757135156
2011-09-30 01:00:00,28.4266665334962
2011-09-30 02:00:00,15.364839822611069
2011-09-30 03:00:00,8.269174492020216
2011-09-30 04:00:00,8.269174492020216
2011-09-30 05:00:00,21.13847006933983
2011-09-30 06:00:00,83.18271293106596
2011-09-30 07:00:00,302.82935450037735
2011-09-30 08:00:00,344.5549975007454
2011-09-30 09:00:00,210.24316538127405
2011-09-30 10:00:00,79.31185403316928
2011-09-30 11:00:00,211.2890725179566
2011-09-30 12:00:00,211.2890725179566
2011-09-30 13:00:00,211.2890725179566
2011-09-30 14:00:00,211.2890725179566
2011-09-30 15:00:00,211.2890725179566
2011-09-30 16:00:00,351.6063402335863
2011-09-30 17:00:00,519.2672364245469
2011-09-30 18:00:00,458.03794034988994
2011-09-30 19:00:00,289.9674457325027
2011-09-30 20:00:00,233.87405011005353
2011-09-30 21:00:00,165.91266046433526
2011-09-30 22:00:00,211.2890725179566
2011-09-30 23:00:00,140.96096613319315
2011-10-20 00:00:00,65.85930740989033
2011-10-20 01:00:00,22.091438414839047
2011-10-20 02:00:00,9.375046073784818
2011-10-20 03:00:00,3.4425283466563505
2011-10-20 04:00:00,3.4425283466563505
2011-10-20 05:00:00,27.987078427344958
2011-10-20 06:00:00,101.99600364757113
2011-10-20 07:00:00,271.60241199818324
2011-10-20 08:00:00,442.6317497693284
2011-10-20 09:00:00,171.00921333910284
2011-10-20 10:00:00,122.71776202118176
2011-10-20 11:00:00,122.71776202118176
2011-10-20 12:00:00,160.4270195760395
2011-10-20 13:00:00,122.71776202118176
2011-10-20 14:00:00,122.71776202118176
2011-10-20 15:00:00,122.71776202118176
2011-10-20 16:00:00,271.60241199818324
2011-10-20 17:00:00,488.36908877374276
2011-10-20 18:00:00,488.36908877374276
2011-10-20 19:00:00,273.67081395412185
2011-10-20 20:00:00,122.71776202118176
2011-10-20 21:00:00,122.71776202118176
2011-10-20 22:00:00,122.71776202118176
2011-10-20 23:00:00,83.18271293106596
2011-10-21 00:00:00,122.71776202118176
2011-10-21 01:00:00,19.843919085970153
2011-10-21 02:00:00,8.18230408233931
2011-10-21 03:00:00,8.269174492020216
2011-10-21 04:00:00,8.269174492020216
2011-10-21 05:00:00,27.987078427344958
2011-10-21 06:00:00,83.18271293106596
2011-10-21 07:00:00,226.13980908231488
2011-10-21 08:00:00,402.9028905303549
2011-10-21 09:00:00,171.00921333910284
2011-10-21 10:00:00,122.71776202118176
2011-10-21 11:00:00,122.71776202118176
2011-10-21 12:00:00,160.4270195760395
2011-10-21 13:00:00,122.71776202118176
2011-10-21 14:00:00,211.2890725179566
2011-10-21 15:00:00,122.71776202118176
2011-10-21 16:00:00,271.60241199818324
2011-10-21 17:00:00,488.36908877374276
2011-10-21 18:00:00,488.36908877374276
2011-10-21 19:00:00,273.67081395412185
2011-10-21 20:00:00,122.71776202118176
2011-10-21 21:00:00,122.71776202118176
2011-10-21 22:00:00,122.71776202118176
2011-10-21 23:00:00,60.311062054619974
2011-10-22 00:00:00,171.00921333910284
2011-10-22 01:00:00,71.61056482666186
2011-10-22 02:00:00,54.597619124055235
2011-10-22 03:00:00,23.102091847260354
2011-10-22 04:00:00,6.610677169610724
2011-10-22 05:00:00,4.189227900172197
2011-10-22 06:00:00,13.446417070120829
2011-10-22 07:00:00,28.460415343599667
2011-10-22 08:00:00,171.00921333910284
2011-10-22 09:00:00,122.71776202118176
2011-10-22 10:00:00,171.00921333910284
2011-10-22 11:00:00,171.00921333910284
2011-10-22 12:00:00,273.67081395412185
2011-10-22 13:00:00,171.00921333910284
2011-10-22 14:00:00,171.00921333910284
2011-10-22 15:00:00,171.00921333910284
2011-10-22 16:00:00,271.60241199818324
2011-10-22 17:00:00,238.96393303234782
2011-10-22 18:00:00,197.13349815121236
2011-10-22 19:00:00,160.4270195760395
2011-10-22 20:00:00,171.00921333910284
2011-10-22 21:00:00,171.00921333910284
2011-10-22 22:00:00,171.00921333910284
2011-10-22 23:00:00,64.30260734418226
2011-10-23 00:00:00,117.7684579606959
2011-10-23 01:00:00,71.61056482666186
2011-10-23 02:00:00,54.597619124055235
2011-10-23 03:00:00,35.53334264879233
2011-10-23 04:00:00,8.827633299482999
2011-10-23 05:00:00,6.411785636380645
2011-10-23 06:00:00,22.36904869011932
2011-10-23 07:00:00,28.460415343599667
2011-10-23 08:00:00,63.26668379389265
2011-10-23 09:00:00,122.71776202118176
2011-10-23 10:00:00,171.00921333910284
2011-10-23 11:00:00,171.00921333910284
2011-10-23 12:00:00,273.67081395412185
2011-10-23 13:00:00,419.3448670175295
2011-10-23 14:00:00,419.3448670175295
2011-10-23 15:00:00,419.3448670175295
2011-10-23 16:00:00,419.3448670175295
2011-10-23 17:00:00,305.6235921737594
2011-10-23 18:00:00,305.6235921737594
2011-10-23 19:00:00,160.4270195760395
2011-10-23 20:00:00,171.00921333910284
2011-10-23 21:00:00,171.00921333910284
2011-10-23 22:00:00,171.00921333910284
2011-10-23 23:00:00,59.8319993029304
2011-10-24 00:00:00,122.71776202118176
2011-10-24 01:00:00,9.317428218118476
2011-10-24 02:00:00,4.189227900172197
2011-10-24 03:00:00,5.27338547212351
2011-10-24 04:00:00,5.27338547212351
2011-10-24 05:00:00,24.43576501129031
2011-10-24 06:00:00,110.33223407625356
2011-10-24 07:00:00,282.88502883746486
2011-10-24 08:00:00,464.13444810594797
2011-10-24 09:00:00,171.00921333910284
2011-10-24 10:00:00,122.71776202118176
2011-10-24 11:00:00,122.71776202118176
2011-10-24 12:00:00,101.56350757135156
2011-10-24 13:00:00,101.56350757135156
2011-10-24 14:00:00,101.56350757135156
2011-10-24 15:00:00,165.91266046433526
2011-10-24 16:00:00,289.9674457325027
2011-10-24 17:00:00,488.36908877374276
2011-10-24 18:00:00,546.64435130545
2011-10-24 19:00:00,87.19122952478607
2011-10-24 20:00:00,122.71776202118176
2011-10-24 21:00:00,146.2264957153675
2011-10-24 22:00:00,122.71776202118176
2011-10-24 23:00:00,59.8319993029304
2011-10-25 00:00:00,122.71776202118176
2011-10-25 01:00:00,9.317428218118476
2011-10-25 02:00:00,3.6614224110025346
2011-10-25 03:00:00,3.4425283466563505
2011-10-25 04:00:00,3.4425283466563505
2011-10-25 05:00:00,24.43576501129031
2011-10-25 06:00:00,101.99600364757113
2011-10-25 07:00:00,226.13980908231488
2011-10-25 08:00:00,442.6317497693284
2011-10-25 09:00:00,171.00921333910284
2011-10-25 10:00:00,122.71776202118176
2011-10-25 11:00:00,165.91266046433526
2011-10-25 12:00:00,165.91266046433526
2011-10-25 13:00:00,165.91266046433526
2011-10-25 14:00:00,165.91266046433526
2011-10-25 15:00:00,165.91266046433526
2011-10-25 16:00:00,289.9674457325027
2011-10-25 17:00:00,458.03794034988994
2011-10-25 18:00:00,488.36908877374276
2011-10-25 19:00:00,273.67081395412185
2011-10-25 20:00:00,122.71776202118176
2011-10-25 21:00:00,122.71776202118176
2011-10-25 22:00:00,122.71776202118176
2011-10-25 23:00:00,83.18271293106596
2011-10-26 00:00:00,122.71776202118176
2011-10-26 01:00:00,9.317428218118476
2011-10-26 02:00:00,3.6614224110025346
2011-10-26 03:00:00,3.4425283466563505
2011-10-26 04:00:00,3.4425283466563505
2011-10-26 05:00:00,23.906641766987946
2011-10-26 06:00:00,101.99600364757113
2011-10-26 07:00:00,271.60241199818324
2011-10-26 08:00:00,402.9028905303549
2011-10-26 09:00:00,171.00921333910284
2011-10-26 10:00:00,134.29545814225898
2011-10-26 11:00:00,165.91266046433526
2011-10-26 12:00:00,165.91266046433526
2011-10-26 13:00:00,165.91266046433526
2011-10-26 14:00:00,101.56350757135156
2011-10-26 15:00:00,154.4695341027317
2011-10-26 16:00:00,289.9674457325027
2011-10-26 17:00:00,488.36908877374276
2011-10-26 18:00:00,488.36908877374276
2011-10-26 19:00:00,273.67081395412185
2011-10-26 20:00:00,180.5704150943746
2011-10-26 21:00:00,162.63580015157484
2011-10-26 22:00:00,65.85930740989033
2011-10-26 23:00:00,66.30516217446048
2011-10-27 00:00:00,36.98684841571661
2011-10-27 01:00:00,20.043072877754046
2011-10-27 02:00:00,6.445973661139108
2011-10-27 03:00:00,3.5002636004290095
2011-10-27 04:00:00,3.5002636004290095
2011-10-27 05:00:00,16.387101614707237
2011-10-27 06:00:00,61.970485768770544
2011-10-27 07:00:00,282.88502883746486
2011-10-27 08:00:00,464.13444810594797
2011-10-27 09:00:00,171.00921333910284
2011-10-27 10:00:00,65.85930740989033
2011-10-27 11:00:00,65.85930740989033
2011-10-27 12:00:00,65.85930740989033
2011-10-27 13:00:00,65.85930740989033
2011-10-27 14:00:00,101.56350757135156
2011-10-27 15:00:00,154.4695341027317
2011-10-27 16:00:00,289.9674457325027
2011-10-27 17:00:00,421.6840910429809
2011-10-27 18:00:00,488.36908877374276
2011-10-27 19:00:00,273.67081395412185
2011-10-27 20:00:00,122.71776202118176
2011-10-27 21:00:00,122.71776202118176
2011-10-27 22:00:00,122.71776202118176
2011-10-27 23:00:00,60.311062054619974
2011-10-28 00:00:00,122.71776202118176
2011-10-28 01:00:00,14.785098767560163
2011-10-28 02:00:00,8.18230408233931
2011-10-28 03:00:00,3.426327493872997
2011-10-28 04:00:00,3.426327493872997
2011-10-28 05:00:00,20.427145201482055
2011-10-28 06:00:00,83.18271293106596
2011-10-28 07:00:00,226.13980908231488
2011-10-28 08:00:00,442.6317497693284
2011-10-28 09:00:00,171.00921333910284
2011-10-28 10:00:00,122.71776202118176
2011-10-28 11:00:00,122.71776202118176
2011-10-28 12:00:00,160.4270195760395
2011-10-28 13:00:00,122.71776202118176
2011-10-28 14:00:00,122.71776202118176
2011-10-28 15:00:00,122.71776202118176
2011-10-28 16:00:00,226.13980908231488
2011-10-28 17:00:00,418.4448272217696
2011-10-28 18:00:00,418.4448272217696
2011-10-28 19:00:00,273.67081395412185
2011-10-28 20:00:00,87.19122952478607
2011-10-28 21:00:00,48.134017044460656
2011-10-28 22:00:00,48.134017044460656
2011-10-28 23:00:00,60.311062054619974
2011-10-29 00:00:00,117.7684579606959
2011-10-29 01:00:00,12.771643704054698
2011-10-29 02:00:00,37.86290520719935
2011-10-29 03:00:00,16.54147889521016
2011-10-29 04:00:00,8.827633299482999
2011-10-29 05:00:00,4.189227900172197
2011-10-29 06:00:00,13.446417070120829
2011-10-29 07:00:00,28.460415343599667
2011-10-29 08:00:00,63.26668379389265
2011-10-29 09:00:00,69.38025471856538
2011-10-29 10:00:00,67.05851461343518
2011-10-29 11:00:00,67.05851461343518
2011-10-29 12:00:00,117.7684579606959
2011-10-29 13:00:00,117.7684579606959
2011-10-29 14:00:00,117.7684579606959
2011-10-29 15:00:00,219.93996417238947
2011-10-29 16:00:00,117.7684579606959
2011-10-29 17:00:00,95.46766671676868
2011-10-29 18:00:00,95.46766671676868
2011-10-29 19:00:00,104.02985462456655
2011-10-29 20:00:00,117.7684579606959
2011-10-29 21:00:00,117.7684579606959
2011-10-29 22:00:00,117.7684579606959
2011-10-29 23:00:00,64.30260734418226
2011-10-30 00:00:00,117.7684579606959
2011-10-30 01:00:00,76.48251880047418
2011-10-30 02:00:00,54.597619124055235
2011-10-30 03:00:00,16.54147889521016
2011-10-30 04:00:00,8.827633299482999
2011-10-30 05:00:00,6.411785636380645
2011-10-30 06:00:00,22.36904869011932
2011-10-30 07:00:00,28.460415343599667
2011-10-30 08:00:00,171.00921333910284
2011-10-30 09:00:00,122.71776202118176
2011-10-30 10:00:00,171.00921333910284
2011-10-30 11:00:00,171.00921333910284
2011-10-30 12:00:00,273.67081395412185
2011-10-30 13:00:00,171.00921333910284
2011-10-30 14:00:00,171.00921333910284
2011-10-30 15:00:00,171.00921333910284
2011-10-30 16:00:00,271.60241199818324
2011-10-30 17:00:00,288.3799396431996
2011-10-30 18:00:00,197.13349815121236
2011-10-30 19:00:00,419.3448670175295
2011-10-30 20:00:00,171.00921333910284
2011-10-30 21:00:00,171.00921333910284
2011-10-30 22:00:00,171.00921333910284
2011-10-30 23:00:00,34.21134785021455
2011-10-31 00:00:00,36.98684841571661
2011-10-31 01:00:00,9.317428218118476
2011-10-31 02:00:00,4.189227900172197
2011-10-31 03:00:00,3.426327493872997
2011-10-31 04:00:00,3.426327493872997
2011-10-31 05:00:00,21.03480958824755
2011-10-31 06:00:00,94.27786254342445
2011-10-31 07:00:00,282.88502883746486
2011-10-31 08:00:00,464.13444810594797
2011-10-31 09:00:00,171.00921333910284
2011-10-31 10:00:00,122.71776202118176
2011-10-31 11:00:00,122.71776202118176
2011-10-31 12:00:00,160.4270195760395
2011-10-31 13:00:00,122.71776202118176
2011-10-31 14:00:00,122.71776202118176
2011-10-31 15:00:00,122.71776202118176
2011-10-31 16:00:00,271.60241199818324
2011-10-31 17:00:00,421.6840910429809
2011-10-31 18:00:00,418.4448272217696
2011-10-31 19:00:00,273.67081395412185
2011-10-31 20:00:00,122.71776202118176
2011-10-31 21:00:00,122.71776202118176
2011-10-31 22:00:00,122.71776202118176
2011-10-31 23:00:00,64.30260734418226
2011-11-20 00:00:00,171.00921333910284
2011-11-20 01:00:00,71.61056482666186
2011-11-20 02:00:00,54.597619124055235
2011-11-20 03:00:00,31.285344025219313
2011-11-20 04:00:00,8.827633299482999
2011-11-20 05:00:00,8.18230408233931
2011-11-20 06:00:00,13.446417070120829
2011-11-20 07:00:00,39.06436674852673
2011-11-20 08:00:00,171.00921333910284
2011-11-20 09:00:00,122.71776202118176
2011-11-20 10:00:00,171.00921333910284
2011-11-20 11:00:00,171.00921333910284
2011-11-20 12:00:00,273.67081395412185
2011-11-20 13:00:00,419.3448670175295
2011-11-20 14:00:00,419.3448670175295
2011-11-20 15:00:00,419.3448670175295
2011-11-20 16:00:00,419.3448670175295
2011-11-20 17:00:00,305.6235921737594
2011-11-20 18:00:00,305.6235921737594
2011-11-20 19:00:00,160.4270195760395
2011-11-20 20:00:00,236.31347575021226
2011-11-20 21:00:00,171.00921333910284
2011-11-20 22:00:00,117.7684579606959
2011-11-20 23:00:00,61.970485768770544
2011-11-21 00:00:00,36.98684841571661
2011-11-21 01:00:00,8.4551608674411
2011-11-21 02:00:00,14.626094723701275
2011-11-21 03:00:00,3.5002636004290095
2011-11-21 04:00:00,3.5002636004290095
2011-11-21 05:00:00,9.852954466303936
2011-11-21 06:00:00,110.33223407625356
2011-11-21 07:00:00,282.88502883746486
2011-11-21 08:00:00,464.13444810594797
2011-11-21 09:00:00,135.6079217608577
2011-11-21 10:00:00,134.29545814225898
2011-11-21 11:00:00,101.56350757135156
2011-11-21 12:00:00,160.4270195760395
2011-11-21 13:00:00,122.71776202118176
2011-11-21 14:00:00,122.71776202118176
2011-11-21 15:00:00,65.85930740989033
2011-11-21 16:00:00,180.5704150943746
2011-11-21 17:00:00,119.24249886545239
2011-11-21 18:00:00,210.94169879490076
2011-11-21 19:00:00,135.6079217608577
2011-11-21 20:00:00,180.5704150943746
2011-11-21 21:00:00,25.25541090443384
2011-11-21 22:00:00,25.25541090443384
2011-11-21 23:00:00,41.85229132975213
2011-11-22 00:00:00,25.25541090443384
2011-11-22 01:00:00,9.317428218118476
2011-11-22 02:00:00,7.484772157966116
2011-11-22 03:00:00,3.4425283466563505
2011-11-22 04:00:00,3.4425283466563505
2011-11-22 05:00:00,16.387101614707237
2011-11-22 06:00:00,101.99600364757113
2011-11-22 07:00:00,130.48461679080475
2011-11-22 08:00:00,130.48461679080475
2011-11-22 09:00:00,217.90509771850853
2011-11-22 10:00:00,25.25541090443384
2011-11-22 11:00:00,25.25541090443384
2011-11-22 12:00:00,25.25541090443384
2011-11-22 13:00:00,25.25541090443384
2011-11-22 14:00:00,25.25541090443384
2011-11-22 15:00:00,36.98684841571661
2011-11-22 16:00:00,180.5704150943746
2011-11-22 17:00:00,361.1429563001377
2011-11-22 18:00:00,361.1429563001377
2011-11-22 19:00:00,217.90509771850853
2011-11-22 20:00:00,75.84516361451408
2011-11-22 21:00:00,74.26658712573139
2011-11-22 22:00:00,65.85930740989033
2011-11-22 23:00:00,66.30516217446048
2011-11-23 00:00:00,65.85930740989033
2011-11-23 01:00:00,15.054067452460739
2011-11-23 02:00:00,3.6614224110025346
2011-11-23 03:00:00,3.4425283466563505
2011-11-23 04:00:00,3.4425283466563505
2011-11-23 05:00:00,23.906641766987946
2011-11-23 06:00:00,101.99600364757113
2011-11-23 07:00:00,282.88502883746486
2011-11-23 08:00:00,464.13444810594797
2011-11-23 09:00:00,135.6079217608577
2011-11-23 10:00:00,65.85930740989033
2011-11-23 11:00:00,122.71776202118176
2011-11-23 12:00:00,160.4270195760395
2011-11-23 13:00:00,122.71776202118176
2011-11-23 14:00:00,122.71776202118176
2011-11-23 15:00:00,122.71776202118176
2011-11-23 16:00:00,271.60241199818324
2011-11-23 17:00:00,488.36908877374276
2011-11-23 18:00:00,418.4448272217696
2011-11-23 19:00:00,273.67081395412185
2011-11-23 20:00:00,122.71776202118176
2011-11-23 21:00:00,122.71776202118176
2011-11-23 22:00:00,122.71776202118176
2011-11-23 23:00:00,34.21134785021455
2011-11-24 00:00:00,171.00921333910284
2011-11-24 01:00:00,34.398743721461244
2011-11-24 02:00:00,20.427145201482055
2011-11-24 03:00:00,5.914970800044362
2011-11-24 04:00:00,6.610677169610724
2011-11-24 05:00:00,9.599282743500916
2011-11-24 06:00:00,27.416945371228703
2011-11-24 07:00:00,28.460415343599667
2011-11-24 08:00:00,171.00921333910284
2011-11-24 09:00:00,122.71776202118176
2011-11-24 10:00:00,171.00921333910284
2011-11-24 11:00:00,171.00921333910284
2011-11-24 12:00:00,273.67081395412185
2011-11-24 13:00:00,171.00921333910284
2011-11-24 14:00:00,171.00921333910284
2011-11-24 15:00:00,171.00921333910284
2011-11-24 16:00:00,271.60241199818324
2011-11-24 17:00:00,238.96393303234782
2011-11-24 18:00:00,197.13349815121236
2011-11-24 19:00:00,160.4270195760395
2011-11-24 20:00:00,171.00921333910284
2011-11-24 21:00:00,171.00921333910284
2011-11-24 22:00:00,171.00921333910284
2011-11-24 23:00:00,60.311062054619974
2011-11-25 00:00:00,122.71776202118176
2011-11-25 01:00:00,14.785098767560163
2011-11-25 02:00:00,8.18230408233931
2011-11-25 03:00:00,2.1181899489695537
2011-11-25 04:00:00,2.1181899489695537
2011-11-25 05:00:00,24.43576501129031
2011-11-25 06:00:00,83.18271293106596
2011-11-25 07:00:00,226.13980908231488
2011-11-25 08:00:00,402.9028905303549
2011-11-25 09:00:00,171.00921333910284
2011-11-25 10:00:00,122.71776202118176
2011-11-25 11:00:00,122.71776202118176
2011-11-25 12:00:00,160.4270195760395
2011-11-25 13:00:00,122.71776202118176
2011-11-25 14:00:00,211.2890725179566
2011-11-25 15:00:00,211.2890725179566
2011-11-25 16:00:00,271.60241199818324
2011-11-25 17:00:00,488.36908877374276
2011-11-25 18:00:00,421.6840910429809
2011-11-25 19:00:00,273.67081395412185
2011-11-25 20:00:00,122.71776202118176
2011-11-25 21:00:00,122.71776202118176
2011-11-25 22:00:00,122.71776202118176
2011-11-25 23:00:00,60.311062054619974
2011-11-26 00:00:00,171.00921333910284
2011-11-26 01:00:00,76.48251880047418
2011-11-26 02:00:00,54.597619124055235
2011-11-26 03:00:00,23.102091847260354
2011-11-26 04:00:00,8.827633299482999
2011-11-26 05:00:00,4.189227900172197
2011-11-26 06:00:00,8.245665448153071
2011-11-26 07:00:00,28.460415343599667
2011-11-26 08:00:00,171.00921333910284
2011-11-26 09:00:00,122.71776202118176
2011-11-26 10:00:00,171.00921333910284
2011-11-26 11:00:00,171.00921333910284
2011-11-26 12:00:00,273.67081395412185
2011-11-26 13:00:00,171.00921333910284
2011-11-26 14:00:00,171.00921333910284
2011-11-26 15:00:00,171.00921333910284
2011-11-26 16:00:00,271.60241199818324
2011-11-26 17:00:00,238.96393303234782
2011-11-26 18:00:00,197.13349815121236
2011-11-26 19:00:00,160.4270195760395
2011-11-26 20:00:00,171.00921333910284
2011-11-26 21:00:00,171.00921333910284
2011-11-26 22:00:00,171.00921333910284
2011-11-26 23:00:00,64.30260734418226
2011-11-27 00:00:00,171.00921333910284
2011-11-27 01:00:00,71.61056482666186
2011-11-27 02:00:00,54.597619124055235
2011-11-27 03:00:00,35.53334264879233
2011-11-27 04:00:00,8.827633299482999
2011-11-27 05:00:00,6.411785636380645
2011-11-27 06:00:00,13.446417070120829
2011-11-27 07:00:00,28.460415343599667
2011-11-27 08:00:00,171.00921333910284
2011-11-27 09:00:00,122.71776202118176
2011-11-27 10:00:00,171.00921333910284
2011-11-27 11:00:00,171.00921333910284
2011-11-27 12:00:00,419.3448670175295
2011-11-27 13:00:00,419.3448670175295
2011-11-27 14:00:00,419.3448670175295
2011-11-27 15:00:00,419.3448670175295
2011-11-27 16:00:00,419.3448670175295
2011-11-27 17:00:00,305.6235921737594
2011-11-27 18:00:00,305.6235921737594
2011-11-27 19:00:00,160.4270195760395
2011-11-27 20:00:00,171.00921333910284
2011-11-27 21:00:00,171.00921333910284
2011-11-27 22:00:00,171.00921333910284
2011-11-27 23:00:00,59.8319993029304
2011-11-28 00:00:00,122.71776202118176
2011-11-28 01:00:00,15.054067452460739
2011-11-28 03:00:00,3.4425283466563505
2011-11-28 04:00:00,5.27338547212351
2011-11-28 05:00:00,24.43576501129031
2011-11-28 06:00:00,105.99504924472978
2011-11-28 07:00:00,282.88502883746486
2011-11-28 08:00:00,464.13444810594797
2011-11-28 09:00:00,217.90509771850853
2011-11-28 10:00:00,122.71776202118176
2011-11-28 11:00:00,101.56350757135156
2011-11-28 12:00:00,165.91266046433526
2011-11-28 13:00:00,165.91266046433526
2011-11-28 14:00:00,165.91266046433526
2011-11-28 15:00:00,165.91266046433526
2011-11-28 16:00:00,289.9674457325027
2011-11-28 17:00:00,578.3787366003992
2011-11-28 18:00:00,458.03794034988994
2011-11-28 19:00:00,285.52322040174874
2011-11-28 20:00:00,233.87405011005353
2011-11-28 21:00:00,162.63580015157484
2011-11-28 22:00:00,154.4695341027317
2011-11-28 23:00:00,59.8319993029304
2011-11-29 00:00:00,101.56350757135156
2011-11-29 01:00:00,11.521345877019813
2011-11-29 02:00:00,4.318044927794647
2011-11-29 03:00:00,3.4425283466563505
2011-11-29 04:00:00,3.6017393355514153
2011-11-29 05:00:00,27.987078427344958
2011-11-29 06:00:00,101.99600364757113
2011-11-29 07:00:00,302.82935450037735
2011-11-29 08:00:00,344.5549975007454
2011-11-29 09:00:00,210.24316538127405
2011-11-29 10:00:00,134.29545814225898
2011-11-29 11:00:00,65.85930740989033
2011-11-29 12:00:00,87.19122952478607
2011-11-29 13:00:00,87.19122952478607
2011-11-29 14:00:00,25.25541090443384
2011-11-29 15:00:00,25.25541090443384
2011-11-29 16:00:00,75.84516361451408
2011-11-29 17:00:00,361.1429563001377
2011-11-29 18:00:00,361.1429563001377
2011-11-29 19:00:00,273.67081395412185
2011-11-29 20:00:00,75.84516361451408
2011-11-29 21:00:00,74.26658712573139
2011-11-29 22:00:00,122.71776202118176
2011-11-29 23:00:00,64.30260734418226
2011-11-30 00:00:00,122.71776202118176
2011-11-30 01:00:00,9.317428218118476
2011-11-30 02:00:00,3.6614224110025346
2011-11-30 03:00:00,3.426327493872997
2011-11-30 04:00:00,3.426327493872997
2011-11-30 05:00:00,21.03480958824755
2011-11-30 06:00:00,94.27786254342445
2011-11-30 07:00:00,271.60241199818324
2011-11-30 08:00:00,402.9028905303549
2011-11-30 09:00:00,171.00921333910284
2011-11-30 10:00:00,122.71776202118176
2011-11-30 11:00:00,122.71776202118176
2011-11-30 12:00:00,160.4270195760395
2011-11-30 13:00:00,122.71776202118176
2011-11-30 14:00:00,122.71776202118176
2011-11-30 15:00:00,122.71776202118176
2011-11-30 16:00:00,271.60241199818324
2011-11-30 17:00:00,418.4448272217696
2011-11-30 18:00:00,418.4448272217696
2011-11-30 19:00:00,273.67081395412185
2011-11-30 20:00:00,122.71776202118176
2011-11-30 21:00:00,122.71776202118176
2011-11-30 22:00:00,122.71776202118176
2011-11-30 23:00:00,34.21134785021455
2011-12-20 00:00:00,122.71776202118176
2011-12-20 01:00:00,14.400851998274598
2011-12-20 02:00:00,3.6614224110025346
2011-12-20 03:00:00,3.4425283466563505
2011-12-20 04:00:00,1.927130258606757
2011-12-20 05:00:00,20.427145201482055
2011-12-20 06:00:00,101.99600364757113
2011-12-20 07:00:00,226.13980908231488
2011-12-20 08:00:00,442.6317497693284
2011-12-20 09:00:00,171.00921333910284
2011-12-20 10:00:00,122.71776202118176
2011-12-20 11:00:00,122.71776202118176
2011-12-20 12:00:00,160.4270195760395
2011-12-20 13:00:00,122.71776202118176
2011-12-20 14:00:00,122.71776202118176
2011-12-20 15:00:00,122.71776202118176
2011-12-20 16:00:00,271.60241199818324
2011-12-20 17:00:00,374.6566920919727
2011-12-20 18:00:00,374.6566920919727
2011-12-20 19:00:00,273.67081395412185
2011-12-20 20:00:00,122.71776202118176
2011-12-20 21:00:00,122.71776202118176
2011-12-20 22:00:00,122.71776202118176
2011-12-20 23:00:00,64.30260734418226
2011-12-21 00:00:00,122.71776202118176
2011-12-21 01:00:00,5.620493786680336
2011-12-21 02:00:00,3.364479360121801
2011-12-21 03:00:00,3.6017393355514153
2011-12-21 04:00:00,1.927130258606757
2011-12-21 05:00:00,23.906641766987946
2011-12-21 06:00:00,110.33223407625356
2011-12-21 07:00:00,282.88502883746486
2011-12-21 08:00:00,130.48461679080475
2011-12-21 09:00:00,217.90509771850853
2011-12-21 10:00:00,122.71776202118176
2011-12-21 11:00:00,122.71776202118176
2011-12-21 12:00:00,65.85930740989033
2011-12-21 13:00:00,65.85930740989033
2011-12-21 14:00:00,65.85930740989033
2011-12-21 15:00:00,65.85930740989033
2011-12-21 16:00:00,75.84516361451408
2011-12-21 17:00:00,119.24249886545239
2011-12-21 18:00:00,119.24249886545239
2011-12-21 19:00:00,135.6079217608577
2011-12-21 20:00:00,75.84516361451408
2011-12-21 21:00:00,146.2264957153675
2011-12-21 22:00:00,36.98684841571661
2011-12-21 23:00:00,71.46559969612308
2011-12-22 00:00:00,122.71776202118176
2011-12-22 01:00:00,5.620493786680336
2011-12-22 02:00:00,6.445973661139108
2011-12-22 03:00:00,5.27338547212351
2011-12-22 04:00:00,1.927130258606757
2011-12-22 05:00:00,24.43576501129031
2011-12-22 06:00:00,105.99504924472978
2011-12-22 07:00:00,282.88502883746486
2011-12-22 08:00:00,464.13444810594797
2011-12-22 09:00:00,217.90509771850853
2011-12-22 10:00:00,122.71776202118176
2011-12-22 11:00:00,122.71776202118176
2011-12-22 12:00:00,160.4270195760395
2011-12-22 13:00:00,122.71776202118176
2011-12-22 14:00:00,122.71776202118176
2011-12-22 15:00:00,122.71776202118176
2011-12-22 16:00:00,271.60241199818324
2011-12-22 17:00:00,488.36908877374276
2011-12-22 18:00:00,421.6840910429809
2011-12-22 19:00:00,273.67081395412185
2011-12-22 20:00:00,87.19122952478607
2011-12-22 21:00:00,87.19122952478607
2011-12-22 22:00:00,25.25541090443384
2011-12-22 23:00:00,60.311062054619974
2011-12-23 00:00:00,25.25541090443384
2011-12-23 01:00:00,28.4266665334962
2011-12-23 02:00:00,8.18230408233931
2011-12-23 03:00:00,8.269174492020216
2011-12-23 04:00:00,1.927130258606757
2011-12-23 05:00:00,27.987078427344958
2011-12-23 06:00:00,83.18271293106596
2011-12-23 07:00:00,226.13980908231488
2011-12-23 08:00:00,442.6317497693284
2011-12-23 09:00:00,171.00921333910284
2011-12-23 10:00:00,122.71776202118176
2011-12-23 11:00:00,122.71776202118176
2011-12-23 12:00:00,160.4270195760395
2011-12-23 13:00:00,122.71776202118176
2011-12-23 14:00:00,122.71776202118176
2011-12-23 15:00:00,122.71776202118176
2011-12-23 16:00:00,226.13980908231488
2011-12-23 17:00:00,418.4448272217696
2011-12-23 18:00:00,418.4448272217696
2011-12-23 19:00:00,273.67081395412185
2011-12-23 20:00:00,122.71776202118176
2011-12-23 21:00:00,122.71776202118176
2011-12-23 22:00:00,122.71776202118176
2011-12-23 23:00:00,60.311062054619974
2011-12-24 00:00:00,171.00921333910284
2011-12-24 01:00:00,34.398743721461244
2011-12-24 02:00:00,54.597619124055235
2011-12-24 03:00:00,23.102091847260354
2011-12-24 04:00:00,4.366566253743836
2011-12-24 05:00:00,4.771368824756678
2011-12-24 06:00:00,6.077281231651474
2011-12-24 07:00:00,19.479642349628477
2011-12-24 08:00:00,171.00921333910284
2011-12-24 09:00:00,122.71776202118176
2011-12-24 10:00:00,171.00921333910284
2011-12-24 11:00:00,171.00921333910284
2011-12-24 12:00:00,273.67081395412185
2011-12-24 13:00:00,171.00921333910284
2011-12-24 14:00:00,171.00921333910284
2011-12-24 15:00:00,171.00921333910284
2011-12-24 16:00:00,226.13980908231488
2011-12-24 17:00:00,137.044416786484
2011-12-24 18:00:00,137.044416786484
2011-12-24 19:00:00,160.4270195760395
2011-12-24 20:00:00,171.00921333910284
2011-12-24 21:00:00,171.00921333910284
2011-12-24 22:00:00,68.39784462757903
2011-12-24 23:00:00,64.30260734418226
2011-12-25 00:00:00,68.39784462757903
2011-12-25 01:00:00,34.398743721461244
2011-12-25 02:00:00,54.597619124055235
2011-12-25 03:00:00,16.54147889521016
2011-12-25 05:00:00,4.771368824756678
2011-12-25 06:00:00,6.077281231651474
2011-12-25 07:00:00,19.479642349628477
2011-12-25 08:00:00,68.39784462757903
2011-12-25 09:00:00,104.02985462456655
2011-12-25 10:00:00,171.00921333910284
2011-12-25 11:00:00,171.00921333910284
2011-12-25 12:00:00,273.67081395412185
2011-12-25 13:00:00,171.00921333910284
2011-12-25 14:00:00,171.00921333910284
2011-12-25 15:00:00,171.00921333910284
2011-12-25 16:00:00,226.13980908231488
2011-12-25 17:00:00,238.96393303234782
2011-12-25 18:00:00,197.13349815121236
2011-12-25 19:00:00,160.4270195760395
2011-12-25 20:00:00,171.00921333910284
2011-12-25 21:00:00,171.00921333910284
2011-12-25 22:00:00,171.00921333910284
2011-12-25 23:00:00,34.21134785021455
2011-12-26 00:00:00,68.39784462757903
2011-12-26 01:00:00,34.398743721461244
2011-12-26 02:00:00,9.852954466303936
2011-12-26 04:00:00,3.3754943489788403
2011-12-26 05:00:00,3.5434754512865094
2011-12-26 06:00:00,27.416945371228703
2011-12-26 07:00:00,19.479642349628477
2011-12-26 08:00:00,171.00921333910284
2011-12-26 09:00:00,122.71776202118176
2011-12-26 10:00:00,171.00921333910284
2011-12-26 11:00:00,171.00921333910284
2011-12-26 12:00:00,273.67081395412185
2011-12-26 13:00:00,171.00921333910284
2011-12-26 14:00:00,171.00921333910284
2011-12-26 15:00:00,171.00921333910284
2011-12-26 16:00:00,226.13980908231488
2011-12-26 17:00:00,238.96393303234782
2011-12-26 18:00:00,197.13349815121236
2011-12-26 19:00:00,160.4270195760395
2011-12-26 20:00:00,171.00921333910284
2011-12-26 21:00:00,171.00921333910284
2011-12-26 22:00:00,171.00921333910284
2011-12-26 23:00:00,34.21134785021455
2011-12-27 00:00:00,122.71776202118176
2011-12-27 01:00:00,5.620493786680336
2011-12-27 02:00:00,4.771368824756678
2011-12-27 03:00:00,3.426327493872997
2011-12-27 04:00:00,3.426327493872997
2011-12-27 05:00:00,20.427145201482055
2011-12-27 06:00:00,94.27786254342445
2011-12-27 07:00:00,226.13980908231488
2011-12-27 08:00:00,442.6317497693284
2011-12-27 09:00:00,48.134017044460656
2011-12-27 10:00:00,122.71776202118176
2011-12-27 11:00:00,48.134017044460656
2011-12-27 12:00:00,48.134017044460656
2011-12-27 13:00:00,25.25541090443384
2011-12-27 14:00:00,87.19122952478607
2011-12-27 15:00:00,87.19122952478607
2011-12-27 16:00:00,75.84516361451408
2011-12-27 17:00:00,361.1429563001377
2011-12-27 18:00:00,361.1429563001377
2011-12-27 19:00:00,217.90509771850853
2011-12-27 20:00:00,180.5704150943746
2011-12-27 21:00:00,146.2264957153675
2011-12-27 22:00:00,65.85930740989033
2011-12-27 23:00:00,34.21134785021455
2011-12-28 00:00:00,65.85930740989033
2011-12-28 01:00:00,5.620493786680336
2011-12-28 02:00:00,3.364479360121801
2011-12-28 03:00:00,3.426327493872997
2011-12-28 05:00:00,28.437349725822482
2011-12-28 06:00:00,94.27786254342445
2011-12-28 07:00:00,271.60241199818324
2011-12-28 08:00:00,442.6317497693284
2011-12-28 09:00:00,171.00921333910284
2011-12-28 10:00:00,122.71776202118176
2011-12-28 11:00:00,122.71776202118176
2011-12-28 12:00:00,160.4270195760395
2011-12-28 13:00:00,122.71776202118176
2011-12-28 14:00:00,122.71776202118176
2011-12-28 15:00:00,122.71776202118176
2011-12-28 16:00:00,271.60241199818324
2011-12-28 17:00:00,327.6995498982087
2011-12-28 18:00:00,327.6995498982087
2011-12-28 19:00:00,94.87024042028182
2011-12-28 20:00:00,94.87024042028182
2011-12-28 21:00:00,34.51723243805117
2011-12-28 22:00:00,34.51723243805117
2011-12-28 23:00:00,34.21134785021455
2011-12-29 00:00:00,68.39784462757903
2011-12-29 01:00:00,5.620493786680336
2011-12-29 02:00:00,4.771368824756678
2011-12-29 03:00:00,3.426327493872997
2011-12-29 04:00:00,3.426327493872997
2011-12-29 05:00:00,21.03480958824755
2011-12-29 06:00:00,74.35363797297377
2011-12-29 07:00:00,226.13980908231488
2011-12-29 08:00:00,402.9028905303549
2011-12-29 09:00:00,171.00921333910284
2011-12-29 10:00:00,109.70824016020578
2011-12-29 11:00:00,109.70824016020578
2011-12-29 12:00:00,160.4270195760395
2011-12-29 13:00:00,122.71776202118176
2011-12-29 14:00:00,122.71776202118176
2011-12-29 15:00:00,122.71776202118176
2011-12-29 16:00:00,226.13980908231488
2011-12-29 17:00:00,327.6995498982087
2011-12-29 18:00:00,327.6995498982087
2011-12-29 19:00:00,273.67081395412185
2011-12-29 20:00:00,122.71776202118176
2011-12-29 21:00:00,122.71776202118176
2011-12-29 22:00:00,122.71776202118176
2011-12-29 23:00:00,60.311062054619974
2011-12-30 00:00:00,122.71776202118176
2011-12-30 01:00:00,14.785098767560163
2011-12-30 02:00:00,9.375046073784818
2011-12-30 03:00:00,2.1181899489695537
2011-12-30 04:00:00,2.1181899489695537
2011-12-30 05:00:00,21.03480958824755
2011-12-30 06:00:00,71.46559969612308
2011-12-30 07:00:00,226.13980908231488
2011-12-30 08:00:00,402.9028905303549
2011-12-30 09:00:00,171.00921333910284
2011-12-30 10:00:00,122.71776202118176
2011-12-30 11:00:00,122.71776202118176
2011-12-30 12:00:00,160.4270195760395
2011-12-30 13:00:00,122.71776202118176
2011-12-30 14:00:00,122.71776202118176
2011-12-30 15:00:00,122.71776202118176
2011-12-30 16:00:00,271.60241199818324
2011-12-30 17:00:00,418.4448272217696
2011-12-30 18:00:00,418.4448272217696
2011-12-30 19:00:00,273.67081395412185
2011-12-30 20:00:00,122.71776202118176
2011-12-30 21:00:00,122.71776202118176
2011-12-30 22:00:00,122.71776202118176
2011-12-30 23:00:00,60.311062054619974
2011-12-31 00:00:00,171.00921333910284
2011-12-31 01:00:00,71.61056482666186
2011-12-31 02:00:00,54.597619124055235
2011-12-31 03:00:00,23.102091847260354
2011-12-31 04:00:00,4.366566253743836
2011-12-31 05:00:00,4.771368824756678
2011-12-31 06:00:00,6.077281231651474
2011-12-31 07:00:00,19.479642349628477
2011-12-31 08:00:00,171.00921333910284
2011-12-31 09:00:00,122.71776202118176
2011-12-31 10:00:00,171.00921333910284
2011-12-31 11:00:00,171.00921333910284
2011-12-31 12:00:00,344.5549975007454
2011-12-31 13:00:00,171.00921333910284
2011-12-31 14:00:00,171.00921333910284
2011-12-31 15:00:00,171.00921333910284
2011-12-31 16:00:00,271.60241199818324
2011-12-31 17:00:00,238.96393303234782
2011-12-31 18:00:00,197.13349815121236
2011-12-31 19:00:00,160.4270195760395
2011-12-31 20:00:00,171.00921333910284
2011-12-31 21:00:00,171.00921333910284
2011-12-31 22:00:00,171.00921333910284
2011-12-31 23:00:00,64.30260734418226
2012-01-20 00:00:00,122.71776202118176
2012-01-20 01:00:00,14.785098767560163
2012-01-20 02:00:00,9.375046073784818
2012-01-20 03:00:00,2.294626545916417
2012-01-20 04:00:00,1.4804612306333502
2012-01-20 05:00:00,21.03480958824755
2012-01-20 06:00:00,71.46559969612308
2012-01-20 07:00:00,226.13980908231488
2012-01-20 08:00:00,496.724654032738
2012-01-20 09:00:00,171.00921333910284
2012-01-20 10:00:00,109.70824016020578
2012-01-20 11:00:00,153.74534652212088
2012-01-20 12:00:00,153.74534652212088
2012-01-20 13:00:00,153.74534652212088
2012-01-20 14:00:00,153.74534652212088
2012-01-20 15:00:00,153.74534652212088
2012-01-20 16:00:00,173.27564540383176
2012-01-20 17:00:00,327.6995498982087
2012-01-20 18:00:00,327.6995498982087
2012-01-20 19:00:00,153.74534652212088
2012-01-20 20:00:00,153.74534652212088
2012-01-20 21:00:00,94.87024042028182
2012-01-20 22:00:00,70.21725739443387
2012-01-20 23:00:00,60.311062054619974
2012-01-21 00:00:00,68.39784462757903
2012-01-21 01:00:00,35.02972351181618
2012-01-21 02:00:00,37.86290520719935
2012-01-21 03:00:00,16.54147889521016
2012-01-21 04:00:00,4.366566253743836
2012-01-21 05:00:00,4.771368824756678
2012-01-21 06:00:00,6.077281231651474
2012-01-21 07:00:00,19.479642349628477
2012-01-21 08:00:00,63.26668379389265
2012-01-21 09:00:00,104.02985462456655
2012-01-21 10:00:00,67.05851461343518
2012-01-21 11:00:00,109.70824016020578
2012-01-21 12:00:00,34.51723243805117
2012-01-21 13:00:00,34.51723243805117
2012-01-21 14:00:00,68.39784462757903
2012-01-21 15:00:00,68.39784462757903
2012-01-21 16:00:00,226.13980908231488
2012-01-21 17:00:00,137.044416786484
2012-01-21 18:00:00,137.044416786484
2012-01-21 19:00:00,34.51723243805117
2012-01-21 20:00:00,34.51723243805117
2012-01-21 21:00:00,68.39784462757903
2012-01-21 22:00:00,34.51723243805117
2012-01-21 23:00:00,64.30260734418226
2012-01-22 00:00:00,68.39784462757903
2012-01-22 01:00:00,34.398743721461244
2012-01-22 02:00:00,54.597619124055235
2012-01-22 03:00:00,16.54147889521016
2012-01-22 04:00:00,8.827633299482999
2012-01-22 05:00:00,4.771368824756678
2012-01-22 06:00:00,6.077281231651474
2012-01-22 07:00:00,19.479642349628477
2012-01-22 08:00:00,34.51723243805117
2012-01-22 09:00:00,122.71776202118176
2012-01-22 10:00:00,109.70824016020578
2012-01-22 11:00:00,109.70824016020578
2012-01-22 12:00:00,34.51723243805117
2012-01-22 13:00:00,34.51723243805117
2012-01-22 14:00:00,34.51723243805117
2012-01-22 15:00:00,34.51723243805117
2012-01-22 16:00:00,226.13980908231488
2012-01-22 17:00:00,137.044416786484
2012-01-22 18:00:00,95.46766671676868
2012-01-22 19:00:00,68.39784462757903
2012-01-22 20:00:00,68.39784462757903
2012-01-22 21:00:00,68.39784462757903
2012-01-22 22:00:00,67.05851461343518
2012-01-22 23:00:00,34.21134785021455
2012-01-23 00:00:00,68.39784462757903
2012-01-23 01:00:00,5.620493786680336
2012-01-23 02:00:00,3.5434754512865094
2012-01-23 03:00:00,1.4804612306333502
2012-01-23 04:00:00,1.4804612306333502
2012-01-23 05:00:00,21.03480958824755
2012-01-23 06:00:00,74.35363797297377
2012-01-23 07:00:00,203.03874841863666
2012-01-23 08:00:00,291.8597744440674
2012-01-23 09:00:00,171.00921333910284
2012-01-23 10:00:00,36.98684841571661
2012-01-23 11:00:00,36.98684841571661
2012-01-23 12:00:00,36.98684841571661
2012-01-23 13:00:00,25.25541090443384
2012-01-23 14:00:00,25.25541090443384
2012-01-23 15:00:00,65.85930740989033
2012-01-23 16:00:00,75.84516361451408
2012-01-23 17:00:00,119.24249886545239
2012-01-23 18:00:00,119.24249886545239
2012-01-23 19:00:00,217.90509771850853
2012-01-23 20:00:00,75.84516361451408
2012-01-23 21:00:00,74.26658712573139
2012-01-23 22:00:00,36.98684841571661
2012-01-23 23:00:00,34.21134785021455
2012-01-24 00:00:00,65.85930740989033
2012-01-24 01:00:00,5.620493786680336
2012-01-24 02:00:00,3.5434754512865094
2012-01-24 03:00:00,2.294626545916417
2012-01-24 04:00:00,1.4804612306333502
2012-01-24 05:00:00,9.852954466303936
2012-01-24 06:00:00,94.27786254342445
2012-01-24 07:00:00,282.88502883746486
2012-01-24 08:00:00,464.13444810594797
2012-01-24 09:00:00,217.90509771850853
2012-01-24 10:00:00,36.98684841571661
2012-01-24 11:00:00,65.85930740989033
2012-01-24 12:00:00,65.85930740989033
2012-01-24 13:00:00,65.85930740989033
2012-01-24 14:00:00,122.71776202118176
2012-01-24 15:00:00,122.71776202118176
2012-01-24 16:00:00,226.13980908231488
2012-01-24 17:00:00,421.6840910429809
2012-01-24 18:00:00,418.4448272217696
2012-01-24 19:00:00,273.67081395412185
2012-01-24 20:00:00,122.71776202118176
2012-01-24 21:00:00,122.71776202118176
2012-01-24 22:00:00,122.71776202118176
2012-01-24 23:00:00,64.30260734418226
2012-01-25 00:00:00,36.98684841571661
2012-01-25 01:00:00,5.620493786680336
2012-01-25 02:00:00,3.364479360121801
2012-01-25 03:00:00,2.294626545916417
2012-01-25 04:00:00,1.4804612306333502
2012-01-25 05:00:00,21.03480958824755
2012-01-25 06:00:00,94.27786254342445
2012-01-25 07:00:00,271.60241199818324
2012-01-25 08:00:00,496.724654032738
2012-01-25 09:00:00,171.00921333910284
2012-01-25 10:00:00,122.71776202118176
2012-01-25 11:00:00,122.71776202118176
2012-01-25 12:00:00,160.4270195760395
2012-01-25 13:00:00,122.71776202118176
2012-01-25 14:00:00,122.71776202118176
2012-01-25 15:00:00,122.71776202118176
2012-01-25 16:00:00,271.60241199818324
2012-01-25 17:00:00,418.4448272217696
2012-01-25 18:00:00,327.6995498982087
2012-01-25 19:00:00,273.67081395412185
2012-01-25 20:00:00,122.71776202118176
2012-01-25 21:00:00,122.71776202118176
2012-01-25 22:00:00,122.71776202118176
2012-01-25 23:00:00,34.21134785021455
2012-01-26 00:00:00,122.71776202118176
2012-01-26 01:00:00,5.620493786680336
2012-01-26 02:00:00,4.771368824756678
2012-01-26 03:00:00,2.294626545916417
2012-01-26 04:00:00,1.4804612306333502
2012-01-26 05:00:00,20.427145201482055
2012-01-26 06:00:00,94.27786254342445
2012-01-26 07:00:00,226.13980908231488
2012-01-26 08:00:00,496.724654032738
2012-01-26 09:00:00,171.00921333910284
2012-01-26 10:00:00,122.71776202118176
2012-01-26 11:00:00,36.98684841571661
2012-01-26 12:00:00,160.4270195760395
2012-01-26 13:00:00,122.71776202118176
2012-01-26 14:00:00,122.71776202118176
2012-01-26 15:00:00,122.71776202118176
2012-01-26 16:00:00,226.13980908231488
2012-01-26 17:00:00,421.6840910429809
2012-01-26 18:00:00,421.6840910429809
2012-01-26 19:00:00,273.67081395412185
2012-01-26 20:00:00,122.71776202118176
2012-01-26 21:00:00,122.71776202118176
2012-01-26 22:00:00,122.71776202118176
2012-01-26 23:00:00,60.311062054619974
2012-01-27 00:00:00,122.71776202118176
2012-01-27 01:00:00,19.843919085970153
2012-01-27 02:00:00,15.488728148215362
2012-01-27 03:00:00,5.216358818430946
2012-01-27 04:00:00,1.927130258606757
2012-01-27 05:00:00,20.427145201482055
2012-01-27 06:00:00,66.30516217446048
2012-01-27 07:00:00,282.88502883746486
2012-01-27 08:00:00,130.48461679080475
2012-01-27 09:00:00,69.38025471856538
2012-01-27 10:00:00,65.85930740989033
2012-01-27 11:00:00,65.85930740989033
2012-01-27 12:00:00,65.85930740989033
2012-01-27 13:00:00,122.71776202118176
2012-01-27 14:00:00,122.71776202118176
2012-01-27 15:00:00,122.71776202118176
2012-01-27 16:00:00,271.60241199818324
2012-01-27 17:00:00,488.36908877374276
2012-01-27 18:00:00,418.4448272217696
2012-01-27 19:00:00,273.67081395412185
2012-01-27 20:00:00,122.71776202118176
2012-01-27 21:00:00,122.71776202118176
2012-01-27 22:00:00,122.71776202118176
2012-01-27 23:00:00,79.78772947624512
2012-01-28 00:00:00,171.00921333910284
2012-01-28 01:00:00,34.398743721461244
2012-01-28 02:00:00,54.597619124055235
2012-01-28 03:00:00,16.54147889521016
2012-01-28 04:00:00,4.366566253743836
2012-01-28 05:00:00,4.771368824756678
2012-01-28 06:00:00,6.077281231651474
2012-01-28 07:00:00,19.479642349628477
2012-01-28 08:00:00,68.39784462757903
2012-01-28 09:00:00,122.71776202118176
2012-01-28 10:00:00,171.00921333910284
2012-01-28 11:00:00,171.00921333910284
2012-01-28 12:00:00,273.67081395412185
2012-01-28 13:00:00,171.00921333910284
2012-01-28 14:00:00,171.00921333910284
2012-01-28 15:00:00,171.00921333910284
2012-01-28 16:00:00,271.60241199818324
2012-01-28 17:00:00,238.96393303234782
2012-01-28 18:00:00,197.13349815121236
2012-01-28 19:00:00,160.4270195760395
2012-01-28 20:00:00,171.00921333910284
2012-01-28 21:00:00,171.00921333910284
2012-01-28 22:00:00,171.00921333910284
2012-01-28 23:00:00,64.30260734418226
2012-01-29 00:00:00,171.00921333910284
2012-01-29 01:00:00,76.48251880047418
2012-01-29 02:00:00,42.17474270269944
2012-01-29 03:00:00,16.54147889521016
2012-01-29 04:00:00,3.3754943489788403
2012-01-29 05:00:00,3.5434754512865094
2012-01-29 06:00:00,6.077281231651474
2012-01-29 07:00:00,19.479642349628477
2012-01-29 08:00:00,153.74534652212088
2012-01-29 09:00:00,122.71776202118176
2012-01-29 10:00:00,153.74534652212088
2012-01-29 11:00:00,171.00921333910284
2012-01-29 12:00:00,273.67081395412185
2012-01-29 13:00:00,171.00921333910284
2012-01-29 14:00:00,171.00921333910284
2012-01-29 15:00:00,171.00921333910284
2012-01-29 16:00:00,226.13980908231488
2012-01-29 17:00:00,288.3799396431996
2012-01-29 18:00:00,197.13349815121236
2012-01-29 19:00:00,160.4270195760395
2012-01-29 20:00:00,171.00921333910284
2012-01-29 21:00:00,171.00921333910284
2012-01-29 22:00:00,171.00921333910284
2012-01-29 23:00:00,34.21134785021455
2012-01-30 00:00:00,122.71776202118176
2012-01-30 01:00:00,5.620493786680336
2012-01-30 02:00:00,4.771368824756678
2012-01-30 03:00:00,1.4804612306333502
2012-01-30 04:00:00,1.4804612306333502
2012-01-30 05:00:00,16.897408186811425
2012-01-30 06:00:00,74.35363797297377
2012-01-30 07:00:00,226.13980908231488
2012-01-30 08:00:00,402.9028905303549
2012-01-30 09:00:00,171.00921333910284
2012-01-30 10:00:00,153.74534652212088
2012-01-30 11:00:00,122.71776202118176
2012-01-30 12:00:00,160.4270195760395
2012-01-30 13:00:00,122.71776202118176
2012-01-30 14:00:00,122.71776202118176
2012-01-30 15:00:00,122.71776202118176
2012-01-30 16:00:00,226.13980908231488
2012-01-30 17:00:00,418.4448272217696
2012-01-30 18:00:00,418.4448272217696
2012-01-30 19:00:00,273.67081395412185
2012-01-30 20:00:00,122.71776202118176
2012-01-30 21:00:00,122.71776202118176
2012-01-30 22:00:00,122.71776202118176
2012-01-30 23:00:00,34.21134785021455
2012-01-31 00:00:00,122.71776202118176
2012-01-31 01:00:00,5.620493786680336
2012-01-31 02:00:00,4.771368824756678
2012-01-31 03:00:00,2.294626545916417
2012-01-31 04:00:00,1.4804612306333502
2012-01-31 05:00:00,21.13847006933983
2012-01-31 06:00:00,94.27786254342445
2012-01-31 07:00:00,226.13980908231488
2012-01-31 08:00:00,496.724654032738
2012-01-31 09:00:00,171.00921333910284
2012-01-31 10:00:00,122.71776202118176
2012-01-31 11:00:00,122.71776202118176
2012-01-31 12:00:00,160.4270195760395
2012-01-31 13:00:00,122.71776202118176
2012-01-31 14:00:00,122.71776202118176
2012-01-31 15:00:00,165.91266046433526
2012-01-31 16:00:00,289.9674457325027
2012-01-31 17:00:00,578.3787366003992
2012-01-31 18:00:00,458.03794034988994
2012-01-31 19:00:00,273.67081395412185
2012-01-31 20:00:00,122.71776202118176
2012-01-31 21:00:00,122.71776202118176
2012-01-31 22:00:00,122.71776202118176
2012-01-31 23:00:00,83.18271293106596
2012-02-20 00:00:00,117.7684579606959
2012-02-20 01:00:00,34.398743721461244
2012-02-20 02:00:00,21.03480958824755
2012-02-20 03:00:00,11.96517746883319
2012-02-20 05:00:00,2.64111740110372
2012-02-20 06:00:00,8.245665448153071
2012-02-20 07:00:00,19.479642349628477
2012-02-20 08:00:00,68.39784462757903
2012-02-20 09:00:00,122.71776202118176
2012-02-20 10:00:00,109.70824016020578
2012-02-20 11:00:00,171.00921333910284
2012-02-20 12:00:00,273.67081395412185
2012-02-20 13:00:00,171.00921333910284
2012-02-20 14:00:00,171.00921333910284
2012-02-20 15:00:00,171.00921333910284
2012-02-20 16:00:00,226.13980908231488
2012-02-20 17:00:00,238.96393303234782
2012-02-20 18:00:00,197.13349815121236
2012-02-20 19:00:00,160.4270195760395
2012-02-20 20:00:00,171.00921333910284
2012-02-20 21:00:00,171.00921333910284
2012-02-20 22:00:00,171.00921333910284
2012-02-20 23:00:00,64.30260734418226
2012-02-21 00:00:00,122.71776202118176
2012-02-21 01:00:00,5.620493786680336
2012-02-21 02:00:00,2.64111740110372
2012-02-21 04:00:00,1.4804612306333502
2012-02-21 05:00:00,21.03480958824755
2012-02-21 06:00:00,94.27786254342445
2012-02-21 07:00:00,272.1967783733252
2012-02-21 08:00:00,496.724654032738
2012-02-21 09:00:00,171.00921333910284
2012-02-21 10:00:00,109.70824016020578
2012-02-21 11:00:00,122.71776202118176
2012-02-21 12:00:00,160.4270195760395
2012-02-21 13:00:00,122.71776202118176
2012-02-21 14:00:00,122.71776202118176
2012-02-21 15:00:00,122.71776202118176
2012-02-21 16:00:00,272.1967783733252
2012-02-21 17:00:00,418.4448272217696
2012-02-21 18:00:00,418.4448272217696
2012-02-21 19:00:00,273.67081395412185
2012-02-21 20:00:00,122.71776202118176
2012-02-21 21:00:00,122.71776202118176
2012-02-21 22:00:00,122.71776202118176
2012-02-21 23:00:00,34.21134785021455
2012-02-22 00:00:00,122.71776202118176
2012-02-22 01:00:00,5.620493786680336
2012-02-22 02:00:00,3.364479360121801
2012-02-22 03:00:00,2.5980877587601454
2012-02-22 04:00:00,1.927130258606757
2012-02-22 05:00:00,23.906641766987946
2012-02-22 06:00:00,94.27786254342445
2012-02-22 07:00:00,323.7531942097614
2012-02-22 08:00:00,496.724654032738
2012-02-22 09:00:00,171.00921333910284
2012-02-22 10:00:00,122.71776202118176
2012-02-22 11:00:00,122.71776202118176
2012-02-22 12:00:00,160.4270195760395
2012-02-22 13:00:00,122.71776202118176
2012-02-22 14:00:00,122.71776202118176
2012-02-22 15:00:00,122.71776202118176
2012-02-22 16:00:00,289.9674457325027
2012-02-22 17:00:00,421.6840910429809
2012-02-22 18:00:00,488.36908877374276
2012-02-22 19:00:00,273.67081395412185
2012-02-22 20:00:00,122.71776202118176
2012-02-22 21:00:00,122.71776202118176
2012-02-22 22:00:00,122.71776202118176
2012-02-22 23:00:00,83.18271293106596
2012-02-23 00:00:00,122.71776202118176
2012-02-23 01:00:00,5.620493786680336
2012-02-23 02:00:00,9.599282743500916
2012-02-23 03:00:00,3.4425283466563505
2012-02-23 04:00:00,1.927130258606757
2012-02-23 05:00:00,27.987078427344958
2012-02-23 06:00:00,110.33223407625356
2012-02-23 07:00:00,272.1967783733252
2012-02-23 08:00:00,464.13444810594797
2012-02-23 09:00:00,171.00921333910284
2012-02-23 10:00:00,122.71776202118176
2012-02-23 11:00:00,122.71776202118176
2012-02-23 12:00:00,160.4270195760395
2012-02-23 13:00:00,165.91266046433526
2012-02-23 14:00:00,165.91266046433526
2012-02-23 15:00:00,165.91266046433526
2012-02-23 16:00:00,289.9674457325027
2012-02-23 17:00:00,578.3787366003992
2012-02-23 18:00:00,546.64435130545
2012-02-23 19:00:00,273.67081395412185
2012-02-23 20:00:00,122.71776202118176
2012-02-23 21:00:00,122.71776202118176
2012-02-23 22:00:00,122.71776202118176
2012-02-23 23:00:00,83.18271293106596
2012-02-24 00:00:00,122.71776202118176
2012-02-24 01:00:00,19.843919085970153
2012-02-24 02:00:00,15.488728148215362
2012-02-24 03:00:00,8.269174492020216
2012-02-24 04:00:00,1.927130258606757
2012-02-24 05:00:00,20.427145201482055
2012-02-24 06:00:00,66.30516217446048
2012-02-24 07:00:00,272.1967783733252
2012-02-24 08:00:00,496.724654032738
2012-02-24 09:00:00,143.40069476949662
2012-02-24 10:00:00,87.19122952478607
2012-02-24 11:00:00,122.71776202118176
2012-02-24 12:00:00,160.4270195760395
2012-02-24 13:00:00,122.71776202118176
2012-02-24 14:00:00,122.71776202118176
2012-02-24 15:00:00,25.25541090443384
2012-02-24 16:00:00,75.84516361451408
2012-02-24 17:00:00,119.24249886545239
2012-02-24 18:00:00,119.24249886545239
2012-02-24 19:00:00,217.90509771850853
2012-02-24 20:00:00,122.71776202118176
2012-02-24 21:00:00,122.71776202118176
2012-02-24 22:00:00,122.71776202118176
2012-02-24 23:00:00,79.78772947624512
2012-02-25 00:00:00,171.00921333910284
2012-02-25 01:00:00,71.61056482666186
2012-02-25 02:00:00,42.17474270269944
2012-02-25 03:00:00,16.54147889521016
2012-02-25 04:00:00,3.3754943489788403
2012-02-25 05:00:00,2.64111740110372
2012-02-25 06:00:00,6.077281231651474
2012-02-25 07:00:00,19.479642349628477
2012-02-25 08:00:00,171.00921333910284
2012-02-25 09:00:00,48.134017044460656
2012-02-25 10:00:00,171.00921333910284
2012-02-25 11:00:00,171.00921333910284
2012-02-25 12:00:00,273.67081395412185
2012-02-25 13:00:00,171.00921333910284
2012-02-25 14:00:00,171.00921333910284
2012-02-25 15:00:00,171.00921333910284
2012-02-25 16:00:00,173.27564540383176
2012-02-25 17:00:00,137.044416786484
2012-02-25 18:00:00,137.044416786484
2012-02-25 19:00:00,160.4270195760395
2012-02-25 20:00:00,171.00921333910284
2012-02-25 21:00:00,94.87024042028182
2012-02-25 22:00:00,70.21725739443387
2012-02-25 23:00:00,64.30260734418226
2012-02-26 00:00:00,153.74534652212088
2012-02-26 01:00:00,34.398743721461244
2012-02-26 02:00:00,42.17474270269944
2012-02-26 03:00:00,16.54147889521016
2012-02-26 04:00:00,3.3754943489788403
2012-02-26 05:00:00,2.64111740110372
2012-02-26 06:00:00,6.077281231651474
2012-02-26 07:00:00,19.479642349628477
2012-02-26 08:00:00,68.39784462757903
2012-02-26 09:00:00,122.71776202118176
2012-02-26 10:00:00,171.00921333910284
2012-02-26 11:00:00,171.00921333910284
2012-02-26 12:00:00,273.67081395412185
2012-02-26 13:00:00,171.00921333910284
2012-02-26 14:00:00,171.00921333910284
2012-02-26 15:00:00,171.00921333910284
2012-02-26 16:00:00,272.1967783733252
2012-02-26 17:00:00,288.3799396431996
2012-02-26 18:00:00,197.13349815121236
2012-02-26 19:00:00,160.4270195760395
2012-02-26 20:00:00,171.00921333910284
2012-02-26 21:00:00,171.00921333910284
2012-02-26 22:00:00,171.00921333910284
2012-02-26 23:00:00,34.21134785021455
2012-02-27 00:00:00,122.71776202118176
2012-02-27 01:00:00,5.620493786680336
2012-02-27 02:00:00,2.64111740110372
2012-02-27 03:00:00,1.4804612306333502
2012-02-27 04:00:00,1.4804612306333502
2012-02-27 05:00:00,16.897408186811425
2012-02-27 06:00:00,94.27786254342445
2012-02-27 07:00:00,226.13980908231488
2012-02-27 08:00:00,402.9028905303549
2012-02-27 09:00:00,171.00921333910284
2012-02-27 10:00:00,122.71776202118176
2012-02-27 11:00:00,122.71776202118176
2012-02-27 12:00:00,160.4270195760395
2012-02-27 13:00:00,122.71776202118176
2012-02-27 14:00:00,122.71776202118176
2012-02-27 15:00:00,165.91266046433526
2012-02-27 16:00:00,289.9674457325027
2012-02-27 17:00:00,578.3787366003992
2012-02-27 18:00:00,421.6840910429809
2012-02-27 19:00:00,273.67081395412185
2012-02-27 20:00:00,122.71776202118176
2012-02-27 21:00:00,122.71776202118176
2012-02-27 22:00:00,122.71776202118176
2012-02-27 23:00:00,59.8319993029304
2012-02-28 00:00:00,122.71776202118176
2012-02-28 01:00:00,5.620493786680336
2012-02-28 02:00:00,3.6614224110025346
2012-02-28 03:00:00,3.5002636004290095
2012-02-28 04:00:00,1.4804612306333502
2012-02-28 05:00:00,21.13847006933983
2012-02-28 06:00:00,94.27786254342445
2012-02-28 07:00:00,272.1967783733252
2012-02-28 08:00:00,496.724654032738
2012-02-28 09:00:00,171.00921333910284
2012-02-28 10:00:00,122.71776202118176
2012-02-28 11:00:00,122.71776202118176
2012-02-28 12:00:00,160.4270195760395
2012-02-28 13:00:00,122.71776202118176
2012-02-28 14:00:00,122.71776202118176
2012-02-28 15:00:00,122.71776202118176
2012-02-28 16:00:00,323.7531942097614
2012-02-28 17:00:00,421.6840910429809
2012-02-28 18:00:00,421.6840910429809
2012-02-28 19:00:00,273.67081395412185
2012-02-28 20:00:00,122.71776202118176
2012-02-28 21:00:00,122.71776202118176
2012-02-28 22:00:00,122.71776202118176
2012-02-28 23:00:00,34.21134785021455
2012-02-29 00:00:00,122.71776202118176
2012-02-29 01:00:00,5.620493786680336
2012-02-29 02:00:00,3.364479360121801
2012-02-29 03:00:00,2.294626545916417
2012-02-29 05:00:00,21.03480958824755
2012-02-29 06:00:00,94.27786254342445
2012-02-29 07:00:00,323.7531942097614
2012-02-29 08:00:00,496.724654032738
2012-02-29 09:00:00,48.134017044460656
2012-02-29 10:00:00,48.134017044460656
2012-02-29 11:00:00,25.25541090443384
2012-02-29 12:00:00,25.25541090443384
2012-02-29 13:00:00,65.85930740989033
2012-02-29 14:00:00,65.85930740989033
2012-02-29 15:00:00,122.71776202118176
2012-02-29 16:00:00,111.19335039590247
2012-02-29 17:00:00,210.94169879490076
2012-02-29 18:00:00,210.94169879490076
2012-02-29 19:00:00,217.90509771850853
2012-02-29 20:00:00,75.84516361451408
2012-02-29 21:00:00,25.25541090443384
2012-02-29 22:00:00,25.25541090443384
2012-02-29 23:00:00,34.443932703301854
2012-03-20 00:00:00,111.49962085040896
2012-03-20 01:00:00,11.521345877019813
2012-03-20 02:00:00,4.318044927794647
2012-03-20 03:00:00,2.5980877587601454
2012-03-20 04:00:00,4.611549444315298
2012-03-20 05:00:00,20.427145201482055
2012-03-20 06:00:00,110.33223407625356
2012-03-20 07:00:00,130.48461679080475
2012-03-20 08:00:00,556.1608035663504
2012-03-20 09:00:00,329.8188471118799
2012-03-20 10:00:00,228.53501378560136
2012-03-20 11:00:00,236.0203443328959
2012-03-20 12:00:00,215.4166186324558
2012-03-20 13:00:00,225.5908028259471
2012-03-20 14:00:00,236.0203443328959
2012-03-20 15:00:00,225.5908028259471
2012-03-20 16:00:00,382.9284618511776
2012-03-20 17:00:00,711.41030947451
2012-03-20 18:00:00,711.41030947451
2012-03-20 19:00:00,518.250973198125
2012-03-20 20:00:00,329.8188471118799
2012-03-20 21:00:00,228.53501378560136
2012-03-20 22:00:00,111.49962085040896
2012-03-20 23:00:00,95.60681661318164
2012-03-21 00:00:00,111.49962085040896
2012-03-21 01:00:00,19.940133324833596
2012-03-21 02:00:00,4.318044927794647
2012-03-21 03:00:00,2.5980877587601454
2012-03-21 04:00:00,4.611549444315298
2012-03-21 05:00:00,23.906641766987946
2012-03-21 06:00:00,110.33223407625356
2012-03-21 07:00:00,130.48461679080475
2012-03-21 08:00:00,130.48461679080475
2012-03-21 09:00:00,329.8188471118799
2012-03-21 10:00:00,228.53501378560136
2012-03-21 11:00:00,236.0203443328959
2012-03-21 12:00:00,287.8801290222093
2012-03-21 13:00:00,225.5908028259471
2012-03-21 14:00:00,236.0203443328959
2012-03-21 15:00:00,225.5908028259471
2012-03-21 16:00:00,322.05211226594156
2012-03-21 17:00:00,711.41030947451
2012-03-21 18:00:00,711.41030947451
2012-03-21 19:00:00,518.250973198125
2012-03-21 20:00:00,329.8188471118799
2012-03-21 21:00:00,228.53501378560136
2012-03-21 22:00:00,111.49962085040896
2012-03-21 23:00:00,95.60681661318164
2012-03-22 00:00:00,111.49962085040896
2012-03-22 01:00:00,22.091438414839047
2012-03-22 02:00:00,11.148011666589216
2012-03-22 03:00:00,5.27338547212351
2012-03-22 04:00:00,4.611549444315298
2012-03-22 05:00:00,9.852954466303936
2012-03-22 06:00:00,110.33223407625356
2012-03-22 07:00:00,497.23174323120674
2012-03-22 08:00:00,556.1608035663504
2012-03-22 09:00:00,329.8188471118799
2012-03-22 10:00:00,357.35781560005637
2012-03-22 11:00:00,236.0203443328959
2012-03-22 12:00:00,287.8801290222093
2012-03-22 13:00:00,225.5908028259471
2012-03-22 14:00:00,236.0203443328959
2012-03-22 15:00:00,225.5908028259471
2012-03-22 16:00:00,382.9284618511776
2012-03-22 17:00:00,711.41030947451
2012-03-22 18:00:00,711.41030947451
2012-03-22 19:00:00,518.250973198125
2012-03-22 20:00:00,329.8188471118799
2012-03-22 21:00:00,228.53501378560136
2012-03-22 22:00:00,111.49962085040896
2012-03-22 23:00:00,95.60681661318164
2012-03-23 00:00:00,111.49962085040896
2012-03-23 01:00:00,28.4266665334962
2012-03-23 02:00:00,15.488728148215362
2012-03-23 03:00:00,8.269174492020216
2012-03-23 04:00:00,4.611549444315298
2012-03-23 05:00:00,20.427145201482055
2012-03-23 06:00:00,66.30516217446048
2012-03-23 07:00:00,409.19500823608627
2012-03-23 08:00:00,622.6052760773221
2012-03-23 09:00:00,329.8188471118799
2012-03-23 10:00:00,228.53501378560136
2012-03-23 11:00:00,236.0203443328959
2012-03-23 12:00:00,360.2789267620156
2012-03-23 13:00:00,349.54382918072315
2012-03-23 14:00:00,236.0203443328959
2012-03-23 15:00:00,349.54382918072315
2012-03-23 16:00:00,502.05201900733493
2012-03-23 17:00:00,781.4622513133037
2012-03-23 18:00:00,711.1127622352464
2012-03-23 19:00:00,492.26329079123803
2012-03-23 20:00:00,361.78027762270995
2012-03-23 21:00:00,228.53501378560136
2012-03-23 22:00:00,111.49962085040896
2012-03-23 23:00:00,140.96096613319315
2012-03-24 00:00:00,111.49962085040896
2012-03-24 01:00:00,71.61056482666186
2012-03-24 02:00:00,70.81589591577774
2012-03-24 03:00:00,35.53334264879233
2012-03-24 04:00:00,11.521690047196996
2012-03-24 05:00:00,14.626094723701275
2012-03-24 06:00:00,39.731842348998846
2012-03-24 07:00:00,109.08179092006048
2012-03-24 08:00:00,111.49962085040896
2012-03-24 09:00:00,213.82506260083292
2012-03-24 10:00:00,228.53501378560136
2012-03-24 11:00:00,451.60435636988456
2012-03-24 12:00:00,67.05851461343518
2012-03-24 13:00:00,67.05851461343518
2012-03-24 14:00:00,117.7684579606959
2012-03-24 15:00:00,219.93996417238947
2012-03-24 16:00:00,117.7684579606959
2012-03-24 17:00:00,229.4406402819344
2012-03-24 18:00:00,95.46766671676868
2012-03-24 19:00:00,104.02985462456655
2012-03-24 20:00:00,67.05851461343518
2012-03-24 21:00:00,67.05851461343518
2012-03-24 22:00:00,67.05851461343518
2012-03-24 23:00:00,136.57148220257318
2012-03-25 00:00:00,111.49962085040896
2012-03-25 01:00:00,39.73528232631395
2012-03-25 02:00:00,64.70379279507858
2012-03-25 03:00:00,35.53334264879233
2012-03-25 04:00:00,11.521690047196996
2012-03-25 05:00:00,6.411785636380645
2012-03-25 06:00:00,15.061334364775764
2012-03-25 07:00:00,48.97352061353355
2012-03-25 08:00:00,111.49962085040896
2012-03-25 09:00:00,213.82506260083292
2012-03-25 10:00:00,228.53501378560136
2012-03-25 11:00:00,451.60435636988456
2012-03-25 12:00:00,409.19500823608627
2012-03-25 13:00:00,485.507313017382
2012-03-25 14:00:00,451.60435636988456
2012-03-25 15:00:00,485.507313017382
2012-03-25 16:00:00,492.26329079123803
2012-03-25 17:00:00,543.7339044046693
2012-03-25 18:00:00,459.28694336784935
2012-03-25 19:00:00,322.05211226594156
2012-03-25 20:00:00,213.82506260083292
2012-03-25 21:00:00,228.53501378560136
2012-03-25 22:00:00,111.49962085040896
2012-03-25 23:00:00,59.8319993029304
2012-03-26 00:00:00,111.49962085040896
2012-03-26 01:00:00,15.054067452460739
2012-03-26 02:00:00,7.657114219531244
2012-03-26 03:00:00,2.5980877587601454
2012-03-26 04:00:00,4.611549444315298
2012-03-26 05:00:00,27.987078427344958
2012-03-26 06:00:00,101.99600364757113
2012-03-26 07:00:00,409.19500823608627
2012-03-26 08:00:00,622.6052760773221
2012-03-26 09:00:00,329.8188471118799
2012-03-26 10:00:00,228.53501378560136
2012-03-26 11:00:00,236.0203443328959
2012-03-26 12:00:00,287.8801290222093
2012-03-26 13:00:00,279.0859646094786
2012-03-26 14:00:00,236.0203443328959
2012-03-26 15:00:00,279.0859646094786
2012-03-26 16:00:00,382.9284618511776
2012-03-26 17:00:00,628.7462284233045
2012-03-26 18:00:00,628.7462284233045
2012-03-26 19:00:00,427.36792687781667
2012-03-26 20:00:00,329.8188471118799
2012-03-26 21:00:00,228.53501378560136
2012-03-26 22:00:00,111.49962085040896
2012-03-26 23:00:00,34.21134785021455
2012-03-27 00:00:00,111.49962085040896
2012-03-27 01:00:00,9.317428218118476
2012-03-27 02:00:00,2.64111740110372
2012-03-27 03:00:00,2.294626545916417
2012-03-27 04:00:00,1.4804612306333502
2012-03-27 05:00:00,16.897408186811425
2012-03-27 06:00:00,94.27786254342445
2012-03-27 07:00:00,409.19500823608627
2012-03-27 08:00:00,622.6052760773221
2012-03-27 09:00:00,329.8188471118799
2012-03-27 10:00:00,228.53501378560136
2012-03-27 11:00:00,236.0203443328959
2012-03-27 12:00:00,215.4166186324558
2012-03-27 13:00:00,225.5908028259471
2012-03-27 14:00:00,236.0203443328959
2012-03-27 15:00:00,225.5908028259471
2012-03-27 16:00:00,382.9284618511776
2012-03-27 17:00:00,553.4348181064246
2012-03-27 18:00:00,553.4348181064246
2012-03-27 19:00:00,427.36792687781667
2012-03-27 20:00:00,329.8188471118799
2012-03-27 21:00:00,228.53501378560136
2012-03-27 22:00:00,111.49962085040896
2012-03-27 23:00:00,64.30260734418226
2012-03-28 00:00:00,111.49962085040896
2012-03-28 01:00:00,9.317428218118476
2012-03-28 02:00:00,3.364479360121801
2012-03-28 03:00:00,5.113659681464105
2012-03-28 04:00:00,1.927130258606757
2012-03-28 05:00:00,28.437349725822482
2012-03-28 06:00:00,110.33223407625356
2012-03-28 07:00:00,318.36756433287644
2012-03-28 08:00:00,622.6052760773221
2012-03-28 09:00:00,329.8188471118799
2012-03-28 10:00:00,228.53501378560136
2012-03-28 11:00:00,236.0203443328959
2012-03-28 12:00:00,287.8801290222093
2012-03-28 13:00:00,279.0859646094786
2012-03-28 14:00:00,236.0203443328959
2012-03-28 15:00:00,279.0859646094786
2012-03-28 16:00:00,235.96583885219061
2012-03-28 17:00:00,711.41030947451
2012-03-28 18:00:00,711.41030947451
2012-03-28 19:00:00,518.250973198125
2012-03-28 20:00:00,361.78027762270995
2012-03-28 21:00:00,228.53501378560136
2012-03-28 22:00:00,111.49962085040896
2012-03-28 23:00:00,95.60681661318164
2012-03-29 00:00:00,111.49962085040896
2012-03-29 01:00:00,22.091438414839047
2012-03-29 02:00:00,17.023904342433276
2012-03-29 03:00:00,4.8880501336395294
2012-03-29 04:00:00,4.611549444315298
2012-03-29 05:00:00,27.987078427344958
2012-03-29 06:00:00,110.33223407625356
2012-03-29 07:00:00,318.36756433287644
2012-03-29 08:00:00,622.6052760773221
2012-03-29 09:00:00,329.8188471118799
2012-03-29 10:00:00,228.53501378560136
2012-03-29 11:00:00,236.0203443328959
2012-03-29 12:00:00,287.8801290222093
2012-03-29 13:00:00,225.5908028259471
2012-03-29 14:00:00,236.0203443328959
2012-03-29 15:00:00,279.0859646094786
2012-03-29 16:00:00,410.31702428890816
2012-03-29 17:00:00,711.41030947451
2012-03-29 18:00:00,711.41030947451
2012-03-29 19:00:00,492.26329079123803
2012-03-29 20:00:00,329.8188471118799
2012-03-29 21:00:00,228.53501378560136
2012-03-29 22:00:00,111.49962085040896
2012-03-29 23:00:00,83.18271293106596
2012-03-30 00:00:00,111.49962085040896
2012-03-30 01:00:00,40.30030520508843
2012-03-30 02:00:00,9.375046073784818
2012-03-30 03:00:00,8.269174492020216
2012-03-30 04:00:00,1.927130258606757
2012-03-30 05:00:00,27.987078427344958
2012-03-30 06:00:00,83.18271293106596
2012-03-30 07:00:00,318.36756433287644
2012-03-30 08:00:00,622.6052760773221
2012-03-30 09:00:00,329.8188471118799
2012-03-30 10:00:00,228.53501378560136
2012-03-30 11:00:00,236.0203443328959
2012-03-30 12:00:00,287.8801290222093
2012-03-30 13:00:00,87.19122952478607
2012-03-30 14:00:00,87.19122952478607
2012-03-30 15:00:00,87.19122952478607
2012-03-30 16:00:00,111.19335039590247
2012-03-30 17:00:00,711.41030947451
2012-03-30 18:00:00,711.41030947451
2012-03-30 19:00:00,427.36792687781667
2012-03-30 20:00:00,329.8188471118799
2012-03-30 21:00:00,228.53501378560136
2012-03-30 22:00:00,111.49962085040896
2012-03-30 23:00:00,60.311062054619974
2012-03-31 00:00:00,111.49962085040896
2012-03-31 01:00:00,71.61056482666186
2012-03-31 02:00:00,37.86290520719935
2012-03-31 03:00:00,23.102091847260354
2012-03-31 04:00:00,11.521690047196996
2012-03-31 05:00:00,17.023904342433276
2012-03-31 06:00:00,15.061334364775764
2012-03-31 07:00:00,64.57784900435527
2012-03-31 08:00:00,111.49962085040896
2012-03-31 09:00:00,213.82506260083292
2012-03-31 10:00:00,228.53501378560136
2012-03-31 11:00:00,451.60435636988456
2012-03-31 12:00:00,409.19500823608627
2012-03-31 13:00:00,485.507313017382
2012-03-31 14:00:00,451.60435636988456
2012-03-31 15:00:00,485.507313017382
2012-03-31 16:00:00,492.26329079123803
2012-03-31 17:00:00,543.7339044046693
2012-03-31 18:00:00,313.47374734815713
2012-03-31 19:00:00,410.31702428890816
2012-03-31 20:00:00,213.82506260083292
2012-03-31 21:00:00,228.53501378560136
2012-03-31 22:00:00,111.49962085040896
2012-03-31 23:00:00,64.30260734418226
2012-04-20 00:00:00,111.49962085040896
2012-04-20 01:00:00,40.30030520508843
2012-04-20 02:00:00,15.488728148215362
2012-04-20 03:00:00,8.269174492020216
2012-04-20 04:00:00,1.927130258606757
2012-04-20 05:00:00,24.43576501129031
2012-04-20 06:00:00,149.2251546725203
2012-04-20 07:00:00,409.19500823608627
2012-04-20 08:00:00,622.6052760773221
2012-04-20 09:00:00,329.8188471118799
2012-04-20 10:00:00,228.53501378560136
2012-04-20 11:00:00,236.0203443328959
2012-04-20 12:00:00,360.2789267620156
2012-04-20 13:00:00,349.54382918072315
2012-04-20 14:00:00,236.0203443328959
2012-04-20 15:00:00,349.54382918072315
2012-04-20 16:00:00,502.05201900733493
2012-04-20 17:00:00,781.4622513133037
2012-04-20 18:00:00,711.41030947451
2012-04-20 19:00:00,492.26329079123803
2012-04-20 20:00:00,329.8188471118799
2012-04-20 21:00:00,228.53501378560136
2012-04-20 22:00:00,111.49962085040896
2012-04-20 23:00:00,101.61074103708458
2012-04-21 00:00:00,111.49962085040896
2012-04-21 01:00:00,106.790189509205
2012-04-21 02:00:00,70.81589591577774
2012-04-21 03:00:00,35.53334264879233
2012-04-21 04:00:00,11.521690047196996
2012-04-21 05:00:00,17.023904342433276
2012-04-21 06:00:00,39.731842348998846
2012-04-21 07:00:00,109.08179092006048
2012-04-21 08:00:00,111.49962085040896
2012-04-21 09:00:00,292.1261604342744
2012-04-21 10:00:00,228.53501378560136
2012-04-21 11:00:00,451.60435636988456
2012-04-21 12:00:00,318.36756433287644
2012-04-21 13:00:00,485.507313017382
2012-04-21 14:00:00,497.23174323120674
2012-04-21 15:00:00,599.5269564274232
2012-04-21 16:00:00,619.1241816493325
2012-04-21 17:00:00,581.718216244218
2012-04-21 18:00:00,459.28694336784935
2012-04-21 19:00:00,283.99108628871926
2012-04-21 20:00:00,143.40069476949662
2012-04-21 21:00:00,143.40069476949662
2012-04-21 22:00:00,111.49962085040896
2012-04-21 23:00:00,101.61074103708458
2012-04-22 00:00:00,111.49962085040896
2012-04-22 01:00:00,106.790189509205
2012-04-22 02:00:00,64.70379279507858
2012-04-22 03:00:00,31.285344025219313
2012-04-22 04:00:00,11.521690047196996
2012-04-22 05:00:00,6.445973661139108
2012-04-22 06:00:00,39.731842348998846
2012-04-22 07:00:00,39.06436674852673
2012-04-22 08:00:00,143.40069476949662
2012-04-22 09:00:00,87.19122952478607
2012-04-22 10:00:00,143.40069476949662
2012-04-22 11:00:00,117.7684579606959
2012-04-22 12:00:00,117.7684579606959
2012-04-22 13:00:00,143.40069476949662
2012-04-22 14:00:00,117.7684579606959
2012-04-22 15:00:00,219.93996417238947
2012-04-22 16:00:00,117.7684579606959
2012-04-22 17:00:00,95.46766671676868
2012-04-22 18:00:00,95.46766671676868
2012-04-22 19:00:00,69.38025471856538
2012-04-22 20:00:00,67.05851461343518
2012-04-22 21:00:00,117.7684579606959
2012-04-22 22:00:00,117.7684579606959
2012-04-22 23:00:00,34.21134785021455
2012-04-23 00:00:00,87.19122952478607
2012-04-23 01:00:00,9.317428218118476
2012-04-23 02:00:00,7.06644730694987
2012-04-23 03:00:00,1.4804612306333502
2012-04-23 04:00:00,2.1181899489695537
2012-04-23 05:00:00,16.387101614707237
2012-04-23 06:00:00,149.2251546725203
2012-04-23 07:00:00,203.03874841863666
2012-04-23 08:00:00,622.6052760773221
2012-04-23 09:00:00,329.8188471118799
2012-04-23 10:00:00,228.53501378560136
2012-04-23 11:00:00,236.0203443328959
2012-04-23 12:00:00,87.19122952478607
2012-04-23 13:00:00,87.19122952478607
2012-04-23 14:00:00,87.19122952478607
2012-04-23 15:00:00,279.0859646094786
2012-04-23 16:00:00,111.19335039590247
2012-04-23 17:00:00,210.94169879490076
2012-04-23 18:00:00,210.94169879490076
2012-04-23 19:00:00,427.36792687781667
2012-04-23 20:00:00,329.8188471118799
2012-04-23 21:00:00,228.53501378560136
2012-04-23 22:00:00,111.49962085040896
2012-04-23 23:00:00,101.61074103708458
2012-04-24 00:00:00,111.49962085040896
2012-04-24 01:00:00,9.317428218118476
2012-04-24 02:00:00,2.64111740110372
2012-04-24 03:00:00,2.294626545916417
2012-04-24 04:00:00,1.4804612306333502
2012-04-24 05:00:00,21.13847006933983
2012-04-24 06:00:00,149.2251546725203
2012-04-24 07:00:00,318.36756433287644
2012-04-24 08:00:00,622.6052760773221
2012-04-24 09:00:00,329.8188471118799
2012-04-24 10:00:00,228.53501378560136
2012-04-24 11:00:00,236.0203443328959
2012-04-24 12:00:00,287.8801290222093
2012-04-24 13:00:00,279.0859646094786
2012-04-24 14:00:00,236.0203443328959
2012-04-24 15:00:00,279.0859646094786
2012-04-24 16:00:00,355.0820979119387
2012-04-24 17:00:00,553.4348181064246
2012-04-24 18:00:00,553.4348181064246
2012-04-24 19:00:00,492.26329079123803
2012-04-24 20:00:00,329.8188471118799
2012-04-24 21:00:00,228.53501378560136
2012-04-24 22:00:00,111.49962085040896
2012-04-24 23:00:00,101.61074103708458
2012-04-25 00:00:00,111.49962085040896
2012-04-25 01:00:00,9.317428218118476
2012-04-25 02:00:00,3.364479360121801
2012-04-25 03:00:00,2.294626545916417
2012-04-25 04:00:00,1.927130258606757
2012-04-25 05:00:00,23.906641766987946
2012-04-25 06:00:00,149.2251546725203
2012-04-25 07:00:00,409.19500823608627
2012-04-25 08:00:00,622.6052760773221
2012-04-25 09:00:00,329.8188471118799
2012-04-25 10:00:00,228.53501378560136
2012-04-25 11:00:00,236.0203443328959
2012-04-25 12:00:00,287.8801290222093
2012-04-25 13:00:00,279.0859646094786
2012-04-25 14:00:00,236.0203443328959
2012-04-25 15:00:00,279.0859646094786
2012-04-25 16:00:00,355.0820979119387
2012-04-25 17:00:00,553.4348181064246
2012-04-25 18:00:00,553.4348181064246
2012-04-25 19:00:00,518.250973198125
2012-04-25 20:00:00,329.8188471118799
2012-04-25 21:00:00,228.53501378560136
2012-04-25 22:00:00,111.49962085040896
2012-04-25 23:00:00,101.61074103708458
2012-04-26 00:00:00,111.49962085040896
2012-04-26 01:00:00,15.054067452460739
2012-04-26 02:00:00,6.445973661139108
2012-04-26 03:00:00,3.5002636004290095
2012-04-26 04:00:00,4.611549444315298
2012-04-26 05:00:00,20.427145201482055
2012-04-26 06:00:00,149.2251546725203
2012-04-26 07:00:00,203.03874841863666
2012-04-26 08:00:00,291.8597744440674
2012-04-26 09:00:00,217.90509771850853
2012-04-26 10:00:00,228.53501378560136
2012-04-26 11:00:00,236.0203443328959
2012-04-26 12:00:00,287.8801290222093
2012-04-26 13:00:00,279.0859646094786
2012-04-26 14:00:00,236.0203443328959
2012-04-26 15:00:00,225.5908028259471
2012-04-26 16:00:00,382.9284618511776
2012-04-26 17:00:00,711.41030947451
2012-04-26 18:00:00,553.4348181064246
2012-04-26 19:00:00,498.5135232843018
2012-04-26 20:00:00,329.8188471118799
2012-04-26 21:00:00,228.53501378560136
2012-04-26 22:00:00,111.49962085040896
2012-04-26 23:00:00,101.61074103708458
2012-04-27 00:00:00,111.49962085040896
2012-04-27 01:00:00,40.30030520508843
2012-04-27 02:00:00,17.023904342433276
2012-04-27 03:00:00,8.269174492020216
2012-04-27 04:00:00,1.927130258606757
2012-04-27 05:00:00,24.43576501129031
2012-04-27 06:00:00,149.2251546725203
2012-04-27 07:00:00,318.36756433287644
2012-04-27 08:00:00,556.1608035663504
2012-04-27 09:00:00,329.8188471118799
2012-04-27 10:00:00,228.53501378560136
2012-04-27 11:00:00,236.0203443328959
2012-04-27 12:00:00,287.8801290222093
2012-04-27 13:00:00,349.54382918072315
2012-04-27 14:00:00,236.0203443328959
2012-04-27 15:00:00,349.54382918072315
2012-04-27 16:00:00,502.05201900733493
2012-04-27 17:00:00,628.7462284233045
2012-04-27 18:00:00,628.7462284233045
2012-04-27 19:00:00,492.26329079123803
2012-04-27 20:00:00,329.8188471118799
2012-04-27 21:00:00,228.53501378560136
2012-04-27 22:00:00,111.49962085040896
2012-04-27 23:00:00,101.61074103708458
2012-04-28 00:00:00,463.9466326109295
2012-04-28 01:00:00,106.790189509205
2012-04-28 02:00:00,37.86290520719935
2012-04-28 03:00:00,23.102091847260354
2012-04-28 04:00:00,11.521690047196996
2012-04-28 05:00:00,7.06644730694987
2012-04-28 06:00:00,24.05648013595262
2012-04-28 07:00:00,64.57784900435527
2012-04-28 08:00:00,463.9466326109295
2012-04-28 09:00:00,463.9466326109295
2012-04-28 10:00:00,463.9466326109295
2012-04-28 11:00:00,463.9466326109295
2012-04-28 12:00:00,463.9466326109295
2012-04-28 13:00:00,463.9466326109295
2012-04-28 14:00:00,463.9466326109295
2012-04-28 15:00:00,463.9466326109295
2012-04-28 16:00:00,492.26329079123803
2012-04-28 17:00:00,313.47374734815713
2012-04-28 18:00:00,197.13349815121236
2012-04-28 19:00:00,143.40069476949662
2012-04-28 20:00:00,213.82506260083292
2012-04-28 21:00:00,143.40069476949662
2012-04-28 22:00:00,111.49962085040896
2012-04-28 23:00:00,101.61074103708458
2012-04-29 00:00:00,143.40069476949662
2012-04-29 01:00:00,106.790189509205
2012-04-29 02:00:00,64.70379279507858
2012-04-29 03:00:00,31.285344025219313
2012-04-29 04:00:00,11.521690047196996
2012-04-29 05:00:00,7.06644730694987
2012-04-29 06:00:00,15.061334364775764
2012-04-29 07:00:00,48.97352061353355
2012-04-29 08:00:00,111.49962085040896
2012-04-29 09:00:00,213.82506260083292
2012-04-29 10:00:00,228.53501378560136
2012-04-29 11:00:00,451.60435636988456
2012-04-29 12:00:00,497.23174323120674
2012-04-29 13:00:00,497.23174323120674
2012-04-29 14:00:00,599.5269564274232
2012-04-29 15:00:00,599.5269564274232
2012-04-29 16:00:00,619.1241816493325
2012-04-29 17:00:00,415.48883465001023
2012-04-29 18:00:00,415.48883465001023
2012-04-29 19:00:00,410.31702428890816
2012-04-29 20:00:00,178.12918891362787
2012-04-29 21:00:00,228.53501378560136
2012-04-29 22:00:00,200.86117995255395
2012-04-29 23:00:00,82.47221144046944
2012-04-30 00:00:00,111.49962085040896
2012-04-30 01:00:00,9.317428218118476
2012-04-30 02:00:00,11.952317009090661
2012-04-30 03:00:00,5.27338547212351
2012-04-30 04:00:00,4.611549444315298
2012-04-30 05:00:00,27.987078427344958
2012-04-30 06:00:00,149.2251546725203
2012-04-30 07:00:00,318.36756433287644
2012-04-30 08:00:00,622.6052760773221
2012-04-30 09:00:00,329.8188471118799
2012-04-30 10:00:00,228.53501378560136
2012-04-30 11:00:00,236.0203443328959
2012-04-30 12:00:00,287.8801290222093
2012-04-30 13:00:00,279.0859646094786
2012-04-30 14:00:00,236.0203443328959
2012-04-30 15:00:00,279.0859646094786
2012-04-30 16:00:00,382.9284618511776
2012-04-30 17:00:00,711.41030947451
2012-04-30 18:00:00,711.41030947451
2012-04-30 19:00:00,498.5135232843018
2012-04-30 20:00:00,329.8188471118799
2012-04-30 21:00:00,228.53501378560136
2012-04-30 22:00:00,111.49962085040896
2012-04-30 23:00:00,101.61074103708458
2012-05-20 00:00:00,111.49962085040896
2012-05-20 01:00:00,106.790189509205
2012-05-20 02:00:00,70.81589591577774
2012-05-20 03:00:00,35.53334264879233
2012-05-20 04:00:00,9.696739454143772
2012-05-20 05:00:00,11.148011666589216
2012-05-20 06:00:00,24.05648013595262
2012-05-20 07:00:00,48.97352061353355
2012-05-20 08:00:00,111.49962085040896
2012-05-20 09:00:00,599.5269564274232
2012-05-20 10:00:00,357.35781560005637
2012-05-20 11:00:00,497.23174323120674
2012-05-20 12:00:00,599.5269564274232
2012-05-20 13:00:00,599.5269564274232
2012-05-20 14:00:00,599.5269564274232
2012-05-20 15:00:00,599.5269564274232
2012-05-20 16:00:00,619.1241816493325
2012-05-20 17:00:00,543.7339044046693
2012-05-20 18:00:00,459.28694336784935
2012-05-20 19:00:00,322.05211226594156
2012-05-20 20:00:00,232.65975217457162
2012-05-20 21:00:00,228.53501378560136
2012-05-20 22:00:00,111.49962085040896
2012-05-20 23:00:00,71.92733069777337
2012-05-21 00:00:00,65.85930740989033
2012-05-21 01:00:00,8.4551608674411
2012-05-21 02:00:00,7.657114219531244
2012-05-21 03:00:00,5.113659681464105
2012-05-21 04:00:00,5.817666785603332
2012-05-21 05:00:00,26.23379980803643
2012-05-21 06:00:00,34.443932703301854
2012-05-21 07:00:00,130.48461679080475
2012-05-21 08:00:00,130.48461679080475
2012-05-21 09:00:00,69.38025471856538
2012-05-21 10:00:00,65.85930740989033
2012-05-21 11:00:00,236.0203443328959
2012-05-21 12:00:00,215.4166186324558
2012-05-21 13:00:00,101.56350757135156
2012-05-21 14:00:00,101.56350757135156
2012-05-21 15:00:00,225.5908028259471
2012-05-21 16:00:00,382.9284618511776
2012-05-21 17:00:00,711.41030947451
2012-05-21 18:00:00,711.41030947451
2012-05-21 19:00:00,518.250973198125
2012-05-21 20:00:00,437.9009000817935
2012-05-21 21:00:00,228.53501378560136
2012-05-21 22:00:00,111.49962085040896
2012-05-21 23:00:00,101.61074103708458
2012-05-22 00:00:00,111.49962085040896
2012-05-22 01:00:00,11.521345877019813
2012-05-22 02:00:00,9.759431366697235
2012-05-22 03:00:00,5.113659681464105
2012-05-22 04:00:00,9.72101458327908
2012-05-22 05:00:00,26.23379980803643
2012-05-22 06:00:00,61.970485768770544
2012-05-22 07:00:00,130.48461679080475
2012-05-22 08:00:00,556.1608035663504
2012-05-22 09:00:00,329.8188471118799
2012-05-22 10:00:00,228.53501378560136
2012-05-22 11:00:00,236.0203443328959
2012-05-22 12:00:00,215.4166186324558
2012-05-22 13:00:00,225.5908028259471
2012-05-22 14:00:00,236.0203443328959
2012-05-22 15:00:00,279.0859646094786
2012-05-22 16:00:00,382.9284618511776
2012-05-22 17:00:00,711.41030947451
2012-05-22 18:00:00,711.41030947451
2012-05-22 19:00:00,518.250973198125
2012-05-22 20:00:00,437.9009000817935
2012-05-22 21:00:00,228.53501378560136
2012-05-22 22:00:00,111.49962085040896
2012-05-22 23:00:00,121.22817489797798
2012-05-23 00:00:00,111.49962085040896
2012-05-23 01:00:00,10.064141571750003
2012-05-23 02:00:00,9.759431366697235
2012-05-23 03:00:00,7.0498688447187
2012-05-23 04:00:00,9.72101458327908
2012-05-23 05:00:00,35.499059735727556
2012-05-23 06:00:00,210.62154918398633
2012-05-23 07:00:00,449.8770322436818
2012-05-23 08:00:00,556.1608035663504
2012-05-23 09:00:00,329.8188471118799
2012-05-23 10:00:00,228.53501378560136
2012-05-23 11:00:00,236.0203443328959
2012-05-23 12:00:00,287.8801290222093
2012-05-23 13:00:00,225.5908028259471
2012-05-23 14:00:00,236.0203443328959
2012-05-23 15:00:00,279.0859646094786
2012-05-23 16:00:00,235.96583885219061
2012-05-23 17:00:00,721.5980697983551
2012-05-23 18:00:00,721.5980697983551
2012-05-23 19:00:00,498.5135232843018
2012-05-23 20:00:00,329.8188471118799
2012-05-23 21:00:00,228.53501378560136
2012-05-23 22:00:00,111.49962085040896
2012-05-23 23:00:00,146.0564825130736
2012-05-24 00:00:00,111.49962085040896
2012-05-24 01:00:00,22.091438414839047
2012-05-24 02:00:00,11.148011666589216
2012-05-24 03:00:00,7.0498688447187
2012-05-24 04:00:00,9.72101458327908
2012-05-24 05:00:00,34.39234327509193
2012-05-24 06:00:00,168.9306721221238
2012-05-24 07:00:00,449.8770322436818
2012-05-24 08:00:00,688.7771807904475
2012-05-24 09:00:00,329.8188471118799
2012-05-24 10:00:00,228.53501378560136
2012-05-24 11:00:00,236.0203443328959
2012-05-24 12:00:00,287.8801290222093
2012-05-24 13:00:00,279.0859646094786
2012-05-24 14:00:00,236.0203443328959
2012-05-24 15:00:00,279.0859646094786
2012-05-24 16:00:00,410.31702428890816
2012-05-24 17:00:00,711.41030947451
2012-05-24 18:00:00,711.41030947451
2012-05-24 19:00:00,599.1149206337113
2012-05-24 20:00:00,437.9009000817935
2012-05-24 21:00:00,162.63580015157484
2012-05-24 22:00:00,111.49962085040896
2012-05-24 23:00:00,210.62154918398633
2012-05-25 00:00:00,111.49962085040896
2012-05-25 01:00:00,40.30030520508843
2012-05-25 02:00:00,15.364839822611069
2012-05-25 03:00:00,5.216358818430946
2012-05-25 04:00:00,9.696739454143772
2012-05-25 05:00:00,38.89898748653493
2012-05-25 06:00:00,146.0564825130736
2012-05-25 07:00:00,409.19500823608627
2012-05-25 08:00:00,688.7771807904475
2012-05-25 09:00:00,329.8188471118799
2012-05-25 10:00:00,228.53501378560136
2012-05-25 11:00:00,236.0203443328959
2012-05-25 12:00:00,360.2789267620156
2012-05-25 13:00:00,349.54382918072315
2012-05-25 14:00:00,236.0203443328959
2012-05-25 15:00:00,349.54382918072315
2012-05-25 16:00:00,502.05201900733493
2012-05-25 17:00:00,711.41030947451
2012-05-25 18:00:00,711.41030947451
2012-05-25 19:00:00,492.26329079123803
2012-05-25 20:00:00,361.78027762270995
2012-05-25 21:00:00,228.53501378560136
2012-05-25 22:00:00,111.49962085040896
2012-05-25 23:00:00,210.62154918398633
2012-05-26 00:00:00,111.49962085040896
2012-05-26 01:00:00,106.790189509205
2012-05-26 02:00:00,70.81589591577774
2012-05-26 03:00:00,35.53334264879233
2012-05-26 04:00:00,9.696739454143772
2012-05-26 05:00:00,17.023904342433276
2012-05-26 06:00:00,39.731842348998846
2012-05-26 07:00:00,109.08179092006048
2012-05-26 08:00:00,111.49962085040896
2012-05-26 09:00:00,292.1261604342744
2012-05-26 10:00:00,228.53501378560136
2012-05-26 11:00:00,451.60435636988456
2012-05-26 12:00:00,528.8174770123918
2012-05-26 13:00:00,485.507313017382
2012-05-26 14:00:00,451.60435636988456
2012-05-26 15:00:00,485.507313017382
2012-05-26 16:00:00,570.5068183703822
2012-05-26 17:00:00,543.7339044046693
2012-05-26 18:00:00,459.28694336784935
2012-05-26 19:00:00,322.05211226594156
2012-05-26 20:00:00,292.1261604342744
2012-05-26 21:00:00,228.53501378560136
2012-05-26 22:00:00,111.49962085040896
2012-05-26 23:00:00,210.62154918398633
2012-05-27 00:00:00,111.49962085040896
2012-05-27 01:00:00,106.790189509205
2012-05-27 02:00:00,86.61059858704108
2012-05-27 03:00:00,35.53334264879233
2012-05-27 04:00:00,9.696739454143772
2012-05-27 05:00:00,17.023904342433276
2012-05-27 06:00:00,39.731842348998846
2012-05-27 07:00:00,48.97352061353355
2012-05-27 08:00:00,111.49962085040896
2012-05-27 09:00:00,232.65975217457162
2012-05-27 10:00:00,228.53501378560136
2012-05-27 11:00:00,451.60435636988456
2012-05-27 12:00:00,528.8174770123918
2012-05-27 13:00:00,485.507313017382
2012-05-27 14:00:00,451.60435636988456
2012-05-27 15:00:00,485.507313017382
2012-05-27 16:00:00,570.5068183703822
2012-05-27 17:00:00,543.7339044046693
2012-05-27 18:00:00,459.28694336784935
2012-05-27 19:00:00,410.31702428890816
2012-05-27 20:00:00,232.65975217457162
2012-05-27 21:00:00,161.60190765518675
2012-05-27 22:00:00,125.24028519202366
2012-05-27 23:00:00,100.38962810853707
2012-05-28 00:00:00,111.49962085040896
2012-05-28 01:00:00,42.88637149402188
2012-05-28 02:00:00,34.39234327509193
2012-05-28 03:00:00,11.96517746883319
2012-05-28 04:00:00,9.696739454143772
2012-05-28 05:00:00,11.952317009090661
2012-05-28 06:00:00,39.731842348998846
2012-05-28 07:00:00,109.08179092006048
2012-05-28 08:00:00,111.49962085040896
2012-05-28 09:00:00,329.8188471118799
2012-05-28 10:00:00,228.53501378560136
2012-05-28 11:00:00,451.60435636988456
2012-05-28 12:00:00,528.8174770123918
2012-05-28 13:00:00,485.507313017382
2012-05-28 14:00:00,451.60435636988456
2012-05-28 15:00:00,485.507313017382
2012-05-28 16:00:00,498.5135232843018
2012-05-28 17:00:00,543.7339044046693
2012-05-28 18:00:00,459.28694336784935
2012-05-28 19:00:00,410.31702428890816
2012-05-28 20:00:00,437.9009000817935
2012-05-28 21:00:00,228.53501378560136
2012-05-28 22:00:00,111.49962085040896
2012-05-28 23:00:00,82.47221144046944
2012-05-29 00:00:00,111.49962085040896
2012-05-29 01:00:00,20.043072877754046
2012-05-29 02:00:00,9.759431366697235
2012-05-29 03:00:00,7.0498688447187
2012-05-29 04:00:00,9.72101458327908
2012-05-29 05:00:00,34.39234327509193
2012-05-29 06:00:00,168.9306721221238
2012-05-29 07:00:00,449.8770322436818
2012-05-29 08:00:00,688.7771807904475
2012-05-29 09:00:00,329.8188471118799
2012-05-29 10:00:00,228.53501378560136
2012-05-29 11:00:00,236.0203443328959
2012-05-29 12:00:00,287.8801290222093
2012-05-29 13:00:00,279.0859646094786
2012-05-29 14:00:00,236.0203443328959
2012-05-29 15:00:00,279.0859646094786
2012-05-29 16:00:00,410.31702428890816
2012-05-29 17:00:00,822.1178670686887
2012-05-29 18:00:00,822.1178670686887
2012-05-29 19:00:00,599.1149206337113
2012-05-29 20:00:00,171.84614438915878
2012-05-29 21:00:00,146.2264957153675
2012-05-29 22:00:00,111.49962085040896
2012-05-29 23:00:00,100.38962810853707
2012-05-30 00:00:00,36.98684841571661
2012-05-30 01:00:00,8.4551608674411
2012-05-30 02:00:00,3.6614224110025346
2012-05-30 03:00:00,3.5002636004290095
2012-05-30 04:00:00,5.817666785603332
2012-05-30 05:00:00,45.04050454629341
2012-05-30 06:00:00,167.45596246183686
2012-05-30 07:00:00,171.84614438915878
2012-05-30 08:00:00,688.7771807904475
2012-05-30 09:00:00,329.8188471118799
2012-05-30 10:00:00,228.53501378560136
2012-05-30 11:00:00,236.0203443328959
2012-05-30 12:00:00,287.8801290222093
2012-05-30 13:00:00,279.0859646094786
2012-05-30 14:00:00,236.0203443328959
2012-05-30 15:00:00,279.0859646094786
2012-05-30 16:00:00,410.31702428890816
2012-05-30 17:00:00,822.1178670686887
2012-05-30 18:00:00,822.1178670686887
2012-05-30 19:00:00,518.250973198125
2012-05-30 20:00:00,329.8188471118799
2012-05-30 21:00:00,228.53501378560136
2012-05-30 22:00:00,111.49962085040896
2012-05-30 23:00:00,146.0564825130736
2012-05-31 00:00:00,111.49962085040896
2012-05-31 01:00:00,22.091438414839047
2012-05-31 02:00:00,11.148011666589216
2012-05-31 03:00:00,7.0498688447187
2012-05-31 04:00:00,9.72101458327908
2012-05-31 05:00:00,34.39234327509193
2012-05-31 06:00:00,168.9306721221238
2012-05-31 07:00:00,449.8770322436818
2012-05-31 08:00:00,688.7771807904475
2012-05-31 09:00:00,329.8188471118799
2012-05-31 10:00:00,228.53501378560136
2012-05-31 11:00:00,236.0203443328959
2012-05-31 12:00:00,287.8801290222093
2012-05-31 13:00:00,279.0859646094786
2012-05-31 14:00:00,236.0203443328959
2012-05-31 15:00:00,279.0859646094786
2012-05-31 16:00:00,410.31702428890816
2012-05-31 17:00:00,822.1178670686887
2012-05-31 18:00:00,822.1178670686887
2012-05-31 19:00:00,518.250973198125
2012-05-31 20:00:00,437.9009000817935
2012-05-31 21:00:00,228.53501378560136
2012-05-31 22:00:00,111.49962085040896
2012-05-31 23:00:00,167.45596246183686
2012-06-20 00:00:00,111.49962085040896
2012-06-20 01:00:00,20.043072877754046
2012-06-20 02:00:00,9.759431366697235
2012-06-20 03:00:00,7.0498688447187
2012-06-20 04:00:00,5.817666785603332
2012-06-20 05:00:00,45.04050454629341
2012-06-20 06:00:00,167.45596246183686
2012-06-20 07:00:00,449.8770322436818
2012-06-20 08:00:00,688.7771807904475
2012-06-20 09:00:00,329.8188471118799
2012-06-20 10:00:00,228.53501378560136
2012-06-20 11:00:00,236.0203443328959
2012-06-20 12:00:00,237.3947487378787
2012-06-20 13:00:00,279.0859646094786
2012-06-20 14:00:00,236.0203443328959
2012-06-20 15:00:00,279.0859646094786
2012-06-20 16:00:00,410.31702428890816
2012-06-20 17:00:00,675.5499480577773
2012-06-20 18:00:00,675.5499480577773
2012-06-20 19:00:00,518.250973198125
2012-06-20 20:00:00,437.9009000817935
2012-06-20 21:00:00,228.53501378560136
2012-06-20 22:00:00,111.49962085040896
2012-06-20 23:00:00,146.0564825130736
2012-06-21 00:00:00,111.49962085040896
2012-06-21 01:00:00,22.091438414839047
2012-06-21 02:00:00,11.148011666589216
2012-06-21 03:00:00,3.9958951961211464
2012-06-21 04:00:00,8.586010758494822
2012-06-21 05:00:00,38.89898748653493
2012-06-21 06:00:00,168.9306721221238
2012-06-21 07:00:00,449.8770322436818
2012-06-21 08:00:00,622.6052760773221
2012-06-21 09:00:00,329.8188471118799
2012-06-21 10:00:00,228.53501378560136
2012-06-21 11:00:00,236.0203443328959
2012-06-21 12:00:00,237.3947487378787
2012-06-21 13:00:00,279.0859646094786
2012-06-21 14:00:00,236.0203443328959
2012-06-21 15:00:00,279.0859646094786
2012-06-21 16:00:00,410.31702428890816
2012-06-21 17:00:00,675.5499480577773
2012-06-21 18:00:00,822.1178670686887
2012-06-21 19:00:00,570.5068183703822
2012-06-21 20:00:00,437.9009000817935
2012-06-21 21:00:00,228.53501378560136
2012-06-21 22:00:00,111.49962085040896
2012-06-21 23:00:00,167.45596246183686
2012-06-22 00:00:00,111.49962085040896
2012-06-22 01:00:00,40.30030520508843
2012-06-22 02:00:00,15.488728148215362
2012-06-22 03:00:00,6.030542121633832
2012-06-22 04:00:00,9.696739454143772
2012-06-22 05:00:00,38.89898748653493
2012-06-22 06:00:00,137.45446228874343
2012-06-22 07:00:00,318.36756433287644
2012-06-22 08:00:00,556.1608035663504
2012-06-22 09:00:00,329.8188471118799
2012-06-22 10:00:00,228.53501378560136
2012-06-22 11:00:00,236.0203443328959
2012-06-22 12:00:00,360.2789267620156
2012-06-22 13:00:00,349.54382918072315
2012-06-22 14:00:00,236.0203443328959
2012-06-22 15:00:00,349.54382918072315
2012-06-22 16:00:00,502.05201900733493
2012-06-22 17:00:00,781.4622513133037
2012-06-22 18:00:00,711.1127622352464
2012-06-22 19:00:00,492.26329079123803
2012-06-22 20:00:00,361.78027762270995
2012-06-22 21:00:00,162.63580015157484
2012-06-22 22:00:00,111.49962085040896
2012-06-22 23:00:00,167.45596246183686
2012-06-23 00:00:00,111.49962085040896
2012-06-23 01:00:00,106.790189509205
2012-06-23 02:00:00,70.81589591577774
2012-06-23 03:00:00,37.2800776182833
2012-06-23 04:00:00,9.696739454143772
2012-06-23 05:00:00,6.445973661139108
2012-06-23 06:00:00,24.05648013595262
2012-06-23 07:00:00,64.57784900435527
2012-06-23 08:00:00,111.49962085040896
2012-06-23 09:00:00,292.1261604342744
2012-06-23 10:00:00,228.53501378560136
2012-06-23 11:00:00,451.60435636988456
2012-06-23 12:00:00,497.23174323120674
2012-06-23 13:00:00,599.5269564274232
2012-06-23 14:00:00,599.5269564274232
2012-06-23 15:00:00,599.5269564274232
2012-06-23 16:00:00,599.1149206337113
2012-06-23 17:00:00,581.718216244218
2012-06-23 18:00:00,581.718216244218
2012-06-23 19:00:00,355.0820979119387
2012-06-23 20:00:00,178.12918891362787
2012-06-23 21:00:00,200.86117995255395
2012-06-23 22:00:00,200.86117995255395
2012-06-23 23:00:00,186.0367142844301
2012-06-24 00:00:00,111.49962085040896
2012-06-24 01:00:00,106.790189509205
2012-06-24 02:00:00,70.81589591577774
2012-06-24 03:00:00,37.2800776182833
2012-06-24 04:00:00,9.696739454143772
2012-06-24 05:00:00,11.148011666589216
2012-06-24 06:00:00,24.05648013595262
2012-06-24 07:00:00,48.97352061353355
2012-06-24 08:00:00,111.49962085040896
2012-06-24 09:00:00,232.65975217457162
2012-06-24 10:00:00,357.35781560005637
2012-06-24 11:00:00,497.23174323120674
2012-06-24 12:00:00,599.5269564274232
2012-06-24 13:00:00,599.5269564274232
2012-06-24 14:00:00,599.5269564274232
2012-06-24 15:00:00,599.5269564274232
2012-06-24 16:00:00,518.250973198125
2012-06-24 17:00:00,581.718216244218
2012-06-24 18:00:00,581.718216244218
2012-06-24 19:00:00,410.31702428890816
2012-06-24 20:00:00,327.3732685881122
2012-06-24 21:00:00,228.53501378560136
2012-06-24 22:00:00,111.49962085040896
2012-06-24 23:00:00,82.47221144046944
2012-06-25 00:00:00,111.49962085040896
2012-06-25 01:00:00,14.142034796100912
2012-06-25 02:00:00,7.657114219531244
2012-06-25 03:00:00,6.482095020474673
2012-06-25 04:00:00,9.72101458327908
2012-06-25 05:00:00,34.39234327509193
2012-06-25 06:00:00,149.2251546725203
2012-06-25 07:00:00,449.8770322436818
2012-06-25 08:00:00,622.6052760773221
2012-06-25 09:00:00,329.8188471118799
2012-06-25 10:00:00,228.53501378560136
2012-06-25 11:00:00,236.0203443328959
2012-06-25 12:00:00,287.8801290222093
2012-06-25 13:00:00,279.0859646094786
2012-06-25 14:00:00,236.0203443328959
2012-06-25 15:00:00,279.0859646094786
2012-06-25 16:00:00,410.31702428890816
2012-06-25 17:00:00,675.5499480577773
2012-06-25 18:00:00,822.1178670686887
2012-06-25 19:00:00,619.1241816493325
2012-06-25 20:00:00,437.9009000817935
2012-06-25 21:00:00,228.53501378560136
2012-06-25 22:00:00,111.49962085040896
2012-06-25 23:00:00,101.61074103708458
2012-06-26 00:00:00,111.49962085040896
2012-06-26 01:00:00,10.064141571750003
2012-06-26 02:00:00,9.759431366697235
2012-06-26 03:00:00,10.447387372808008
2012-06-26 04:00:00,8.586010758494822
2012-06-26 05:00:00,34.39234327509193
2012-06-26 06:00:00,168.9306721221238
2012-06-26 07:00:00,528.8174770123918
2012-06-26 08:00:00,622.6052760773221
2012-06-26 09:00:00,329.8188471118799
2012-06-26 10:00:00,228.53501378560136
2012-06-26 11:00:00,236.0203443328959
2012-06-26 12:00:00,287.8801290222093
2012-06-26 13:00:00,279.0859646094786
2012-06-26 14:00:00,236.0203443328959
2012-06-26 15:00:00,279.0859646094786
2012-06-26 16:00:00,355.0820979119387
2012-06-26 17:00:00,822.1178670686887
2012-06-26 18:00:00,822.1178670686887
2012-06-26 19:00:00,619.1241816493325
2012-06-26 20:00:00,437.9009000817935
2012-06-26 21:00:00,228.53501378560136
2012-06-26 22:00:00,111.49962085040896
2012-06-26 23:00:00,121.22817489797798
2012-06-27 00:00:00,111.49962085040896
2012-06-27 01:00:00,10.064141571750003
2012-06-27 02:00:00,9.759431366697235
2012-06-27 03:00:00,6.610677169610724
2012-06-27 04:00:00,5.817666785603332
2012-06-27 05:00:00,45.04050454629341
2012-06-27 06:00:00,186.0367142844301
2012-06-27 07:00:00,449.8770322436818
2012-06-27 08:00:00,622.6052760773221
2012-06-27 09:00:00,329.8188471118799
2012-06-27 10:00:00,228.53501378560136
2012-06-27 11:00:00,236.0203443328959
2012-06-27 12:00:00,287.8801290222093
2012-06-27 13:00:00,279.0859646094786
2012-06-27 14:00:00,236.0203443328959
2012-06-27 15:00:00,279.0859646094786
2012-06-27 16:00:00,355.0820979119387
2012-06-27 17:00:00,675.5499480577773
2012-06-27 18:00:00,675.5499480577773
2012-06-27 19:00:00,570.5068183703822
2012-06-27 20:00:00,437.9009000817935
2012-06-27 21:00:00,228.53501378560136
2012-06-27 22:00:00,111.49962085040896
2012-06-27 23:00:00,146.0564825130736
2012-06-28 00:00:00,111.49962085040896
2012-06-28 01:00:00,22.091438414839047
2012-06-28 02:00:00,17.023904342433276
2012-06-28 03:00:00,6.447979736438823
2012-06-28 04:00:00,6.954226459353433
2012-06-28 05:00:00,38.89898748653493
2012-06-28 06:00:00,168.9306721221238
2012-06-28 07:00:00,449.8770322436818
2012-06-28 08:00:00,622.6052760773221
2012-06-28 09:00:00,329.8188471118799
2012-06-28 10:00:00,228.53501378560136
2012-06-28 11:00:00,236.0203443328959
2012-06-28 12:00:00,287.8801290222093
2012-06-28 13:00:00,279.0859646094786
2012-06-28 14:00:00,236.0203443328959
2012-06-28 15:00:00,279.0859646094786
2012-06-28 16:00:00,355.0820979119387
2012-06-28 17:00:00,553.4348181064246
2012-06-28 18:00:00,675.5499480577773
2012-06-28 19:00:00,570.5068183703822
2012-06-28 20:00:00,437.9009000817935
2012-06-28 21:00:00,228.53501378560136
2012-06-28 22:00:00,111.49962085040896
2012-06-28 23:00:00,167.45596246183686
2012-06-29 00:00:00,111.49962085040896
2012-06-29 01:00:00,40.30030520508843
2012-06-29 02:00:00,17.023904342433276
2012-06-29 03:00:00,10.447387372808008
2012-06-29 04:00:00,9.696739454143772
2012-06-29 05:00:00,38.89898748653493
2012-06-29 06:00:00,146.0564825130736
2012-06-29 07:00:00,318.36756433287644
2012-06-29 08:00:00,556.1608035663504
2012-06-29 09:00:00,329.8188471118799
2012-06-29 10:00:00,228.53501378560136
2012-06-29 11:00:00,236.0203443328959
2012-06-29 12:00:00,360.2789267620156
2012-06-29 13:00:00,349.54382918072315
2012-06-29 14:00:00,236.0203443328959
2012-06-29 15:00:00,349.54382918072315
2012-06-29 16:00:00,502.05201900733493
2012-06-29 17:00:00,675.5499480577773
2012-06-29 18:00:00,675.5499480577773
2012-06-29 19:00:00,492.26329079123803
2012-06-29 20:00:00,361.78027762270995
2012-06-29 21:00:00,228.53501378560136
2012-06-29 22:00:00,211.2890725179566
2012-06-29 23:00:00,100.38962810853707
2012-06-30 00:00:00,117.7684579606959
2012-06-30 01:00:00,35.02972351181618
2012-06-30 02:00:00,70.81589591577774
2012-06-30 03:00:00,37.2800776182833
2012-06-30 04:00:00,9.696739454143772
2012-06-30 05:00:00,17.023904342433276
2012-06-30 06:00:00,24.05648013595262
2012-06-30 07:00:00,64.57784900435527
2012-06-30 08:00:00,111.49962085040896
2012-06-30 09:00:00,292.1261604342744
2012-06-30 10:00:00,357.35781560005637
2012-06-30 11:00:00,497.23174323120674
2012-06-30 12:00:00,599.5269564274232
2012-06-30 13:00:00,599.5269564274232
2012-06-30 14:00:00,599.5269564274232
2012-06-30 15:00:00,599.5269564274232
2012-06-30 16:00:00,518.250973198125
2012-06-30 17:00:00,377.19376822070507
2012-06-30 18:00:00,377.19376822070507
2012-06-30 19:00:00,410.31702428890816
2012-06-30 20:00:00,292.1261604342744
2012-06-30 21:00:00,228.53501378560136
2012-06-30 22:00:00,111.49962085040896
2012-06-30 23:00:00,186.0367142844301
2012-07-20 00:00:00,36.98684841571661
2012-07-20 01:00:00,40.30030520508843
2012-07-20 02:00:00,15.364839822611069
2012-07-20 03:00:00,6.030542121633832
2012-07-20 04:00:00,9.696739454143772
2012-07-20 05:00:00,38.89898748653493
2012-07-20 06:00:00,146.0564825130736
2012-07-20 07:00:00,409.19500823608627
2012-07-20 08:00:00,680.4103666162747
2012-07-20 09:00:00,329.8188471118799
2012-07-20 10:00:00,228.53501378560136
2012-07-20 11:00:00,101.56350757135156
2012-07-20 12:00:00,101.56350757135156
2012-07-20 13:00:00,101.56350757135156
2012-07-20 14:00:00,101.56350757135156
2012-07-20 15:00:00,349.54382918072315
2012-07-20 16:00:00,382.9284618511776
2012-07-20 17:00:00,553.4348181064246
2012-07-20 18:00:00,553.4348181064246
2012-07-20 19:00:00,492.26329079123803
2012-07-20 20:00:00,171.84614438915878
2012-07-20 21:00:00,162.63580015157484
2012-07-20 22:00:00,111.49962085040896
2012-07-20 23:00:00,167.45596246183686
2012-07-21 00:00:00,147.20598899625162
2012-07-21 01:00:00,106.790189509205
2012-07-21 02:00:00,61.433043621600476
2012-07-21 03:00:00,37.2800776182833
2012-07-21 04:00:00,12.994915956524158
2012-07-21 05:00:00,17.023904342433276
2012-07-21 06:00:00,6.077281231651474
2012-07-21 07:00:00,64.57784900435527
2012-07-21 08:00:00,111.49962085040896
2012-07-21 09:00:00,292.1261604342744
2012-07-21 10:00:00,117.7684579606959
2012-07-21 11:00:00,451.60435636988456
2012-07-21 12:00:00,147.20598899625162
2012-07-21 13:00:00,147.20598899625162
2012-07-21 14:00:00,451.60435636988456
2012-07-21 15:00:00,219.93996417238947
2012-07-21 16:00:00,117.7684579606959
2012-07-21 17:00:00,229.4406402819344
2012-07-21 18:00:00,415.48883465001023
2012-07-21 19:00:00,322.05211226594156
2012-07-21 20:00:00,117.7684579606959
2012-07-21 21:00:00,228.53501378560136
2012-07-21 22:00:00,111.49962085040896
2012-07-21 23:00:00,167.45596246183686
2012-07-22 00:00:00,111.49962085040896
2012-07-22 01:00:00,106.790189509205
2012-07-22 02:00:00,86.61059858704108
2012-07-22 03:00:00,37.2800776182833
2012-07-22 04:00:00,12.994915956524158
2012-07-22 05:00:00,17.023904342433276
2012-07-22 06:00:00,24.05648013595262
2012-07-22 07:00:00,48.97352061353355
2012-07-22 08:00:00,111.49962085040896
2012-07-22 09:00:00,232.65975217457162
2012-07-22 10:00:00,228.53501378560136
2012-07-22 11:00:00,451.60435636988456
2012-07-22 12:00:00,528.8174770123918
2012-07-22 13:00:00,485.507313017382
2012-07-22 14:00:00,451.60435636988456
2012-07-22 15:00:00,485.507313017382
2012-07-22 16:00:00,518.250973198125
2012-07-22 17:00:00,543.7339044046693
2012-07-22 18:00:00,459.28694336784935
2012-07-22 19:00:00,322.05211226594156
2012-07-22 20:00:00,232.65975217457162
2012-07-22 21:00:00,228.53501378560136
2012-07-22 22:00:00,111.49962085040896
2012-07-22 23:00:00,82.47221144046944
2012-07-23 00:00:00,111.49962085040896
2012-07-23 01:00:00,14.142034796100912
2012-07-23 02:00:00,6.445973661139108
2012-07-23 03:00:00,3.3754943489788403
2012-07-23 04:00:00,9.72101458327908
2012-07-23 05:00:00,38.89898748653493
2012-07-23 06:00:00,149.2251546725203
2012-07-23 07:00:00,449.8770322436818
2012-07-23 08:00:00,680.4103666162747
2012-07-23 09:00:00,329.8188471118799
2012-07-23 10:00:00,228.53501378560136
2012-07-23 11:00:00,236.0203443328959
2012-07-23 12:00:00,287.8801290222093
2012-07-23 13:00:00,279.0859646094786
2012-07-23 14:00:00,236.0203443328959
2012-07-23 15:00:00,279.0859646094786
2012-07-23 16:00:00,410.31702428890816
2012-07-23 17:00:00,822.1178670686887
2012-07-23 18:00:00,822.1178670686887
2012-07-23 19:00:00,570.5068183703822
2012-07-23 20:00:00,437.9009000817935
2012-07-23 21:00:00,228.53501378560136
2012-07-23 22:00:00,111.49962085040896
2012-07-23 23:00:00,101.61074103708458
2012-07-24 00:00:00,111.49962085040896
2012-07-24 01:00:00,21.764176489858645
2012-07-24 02:00:00,9.759431366697235
2012-07-24 03:00:00,4.436073300766023
2012-07-24 04:00:00,8.586010758494822
2012-07-24 05:00:00,38.89898748653493
2012-07-24 06:00:00,168.9306721221238
2012-07-24 07:00:00,449.8770322436818
2012-07-24 08:00:00,680.4103666162747
2012-07-24 09:00:00,329.8188471118799
2012-07-24 10:00:00,228.53501378560136
2012-07-24 11:00:00,236.0203443328959
2012-07-24 12:00:00,237.3947487378787
2012-07-24 13:00:00,279.0859646094786
2012-07-24 14:00:00,236.0203443328959
2012-07-24 15:00:00,279.0859646094786
2012-07-24 16:00:00,410.31702428890816
2012-07-24 17:00:00,822.1178670686887
2012-07-24 18:00:00,711.41030947451
2012-07-24 19:00:00,619.1241816493325
2012-07-24 20:00:00,437.9009000817935
2012-07-24 21:00:00,228.53501378560136
2012-07-24 22:00:00,111.49962085040896
2012-07-24 23:00:00,121.22817489797798
2012-07-25 00:00:00,111.49962085040896
2012-07-25 01:00:00,21.764176489858645
2012-07-25 02:00:00,9.759431366697235
2012-07-25 03:00:00,4.436073300766023
2012-07-25 04:00:00,5.817666785603332
2012-07-25 05:00:00,45.04050454629341
2012-07-25 06:00:00,186.0367142844301
2012-07-25 07:00:00,449.8770322436818
2012-07-25 08:00:00,680.4103666162747
2012-07-25 09:00:00,329.8188471118799
2012-07-25 10:00:00,228.53501378560136
2012-07-25 11:00:00,236.0203443328959
2012-07-25 12:00:00,287.8801290222093
2012-07-25 13:00:00,279.0859646094786
2012-07-25 14:00:00,236.0203443328959
2012-07-25 15:00:00,279.0859646094786
2012-07-25 16:00:00,355.0820979119387
2012-07-25 17:00:00,822.1178670686887
2012-07-25 18:00:00,675.5499480577773
2012-07-25 19:00:00,619.1241816493325
2012-07-25 20:00:00,437.9009000817935
2012-07-25 21:00:00,228.53501378560136
2012-07-25 22:00:00,111.49962085040896
2012-07-25 23:00:00,146.0564825130736
2012-07-26 00:00:00,111.49962085040896
2012-07-26 01:00:00,22.091438414839047
2012-07-26 02:00:00,11.148011666589216
2012-07-26 03:00:00,6.447979736438823
2012-07-26 04:00:00,6.954226459353433
2012-07-26 05:00:00,34.39234327509193
2012-07-26 06:00:00,168.9306721221238
2012-07-26 07:00:00,449.8770322436818
2012-07-26 08:00:00,680.4103666162747
2012-07-26 09:00:00,329.8188471118799
2012-07-26 10:00:00,228.53501378560136
2012-07-26 11:00:00,236.0203443328959
2012-07-26 12:00:00,237.3947487378787
2012-07-26 13:00:00,279.0859646094786
2012-07-26 14:00:00,236.0203443328959
2012-07-26 15:00:00,279.0859646094786
2012-07-26 16:00:00,410.31702428890816
2012-07-26 17:00:00,854.0103933757824
2012-07-26 18:00:00,806.7193781608693
2012-07-26 19:00:00,570.5068183703822
2012-07-26 20:00:00,437.9009000817935
2012-07-26 21:00:00,228.53501378560136
2012-07-26 22:00:00,111.49962085040896
2012-07-26 23:00:00,167.45596246183686
2012-07-27 00:00:00,111.49962085040896
2012-07-27 01:00:00,40.30030520508843
2012-07-27 02:00:00,15.488728148215362
2012-07-27 03:00:00,6.030542121633832
2012-07-27 04:00:00,9.696739454143772
2012-07-27 05:00:00,38.89898748653493
2012-07-27 06:00:00,146.0564825130736
2012-07-27 07:00:00,409.19500823608627
2012-07-27 08:00:00,680.4103666162747
2012-07-27 09:00:00,329.8188471118799
2012-07-27 10:00:00,228.53501378560136
2012-07-27 11:00:00,236.0203443328959
2012-07-27 12:00:00,360.2789267620156
2012-07-27 13:00:00,349.54382918072315
2012-07-27 14:00:00,236.0203443328959
2012-07-27 15:00:00,349.54382918072315
2012-07-27 16:00:00,502.05201900733493
2012-07-27 17:00:00,781.4622513133037
2012-07-27 18:00:00,711.1127622352464
2012-07-27 19:00:00,492.26329079123803
2012-07-27 20:00:00,361.78027762270995
2012-07-27 21:00:00,228.53501378560136
2012-07-27 22:00:00,111.49962085040896
2012-07-27 23:00:00,186.0367142844301
2012-07-28 00:00:00,111.49962085040896
2012-07-28 01:00:00,106.790189509205
2012-07-28 02:00:00,70.81589591577774
2012-07-28 03:00:00,37.2800776182833
2012-07-28 04:00:00,12.994915956524158
2012-07-28 05:00:00,17.023904342433276
2012-07-28 06:00:00,24.05648013595262
2012-07-28 07:00:00,64.57784900435527
2012-07-28 08:00:00,111.49962085040896
2012-07-28 09:00:00,292.1261604342744
2012-07-28 10:00:00,228.53501378560136
2012-07-28 11:00:00,497.23174323120674
2012-07-28 12:00:00,599.5269564274232
2012-07-28 13:00:00,599.5269564274232
2012-07-28 14:00:00,599.5269564274232
2012-07-28 15:00:00,599.5269564274232
2012-07-28 16:00:00,518.250973198125
2012-07-28 17:00:00,377.19376822070507
2012-07-28 18:00:00,377.19376822070507
2012-07-28 19:00:00,322.05211226594156
2012-07-28 20:00:00,292.1261604342744
2012-07-28 21:00:00,228.53501378560136
2012-07-28 22:00:00,111.49962085040896
2012-07-28 23:00:00,186.0367142844301
2012-07-29 00:00:00,111.49962085040896
2012-07-29 01:00:00,106.790189509205
2012-07-29 02:00:00,86.61059858704108
2012-07-29 03:00:00,37.2800776182833
2012-07-29 04:00:00,12.994915956524158
2012-07-29 05:00:00,17.023904342433276
2012-07-29 06:00:00,24.05648013595262
2012-07-29 07:00:00,48.97352061353355
2012-07-29 08:00:00,111.49962085040896
2012-07-29 09:00:00,232.65975217457162
2012-07-29 10:00:00,228.53501378560136
2012-07-29 11:00:00,451.60435636988456
2012-07-29 12:00:00,528.8174770123918
2012-07-29 13:00:00,485.507313017382
2012-07-29 14:00:00,497.23174323120674
2012-07-29 15:00:00,497.23174323120674
2012-07-29 16:00:00,518.250973198125
2012-07-29 17:00:00,377.19376822070507
2012-07-29 18:00:00,459.28694336784935
2012-07-29 19:00:00,410.31702428890816
2012-07-29 20:00:00,232.65975217457162
2012-07-29 21:00:00,228.53501378560136
2012-07-29 22:00:00,111.49962085040896
2012-07-29 23:00:00,82.47221144046944
2012-07-30 00:00:00,111.49962085040896
2012-07-30 01:00:00,14.142034796100912
2012-07-30 02:00:00,11.952317009090661
2012-07-30 03:00:00,4.436073300766023
2012-07-30 04:00:00,9.72101458327908
2012-07-30 05:00:00,38.89898748653493
2012-07-30 06:00:00,149.2251546725203
2012-07-30 07:00:00,449.8770322436818
2012-07-30 08:00:00,680.4103666162747
2012-07-30 09:00:00,329.8188471118799
2012-07-30 10:00:00,228.53501378560136
2012-07-30 11:00:00,236.0203443328959
2012-07-30 12:00:00,287.8801290222093
2012-07-30 13:00:00,279.0859646094786
2012-07-30 14:00:00,236.0203443328959
2012-07-30 15:00:00,279.0859646094786
2012-07-30 16:00:00,410.31702428890816
2012-07-30 17:00:00,854.0103933757824
2012-07-30 18:00:00,806.7193781608693
2012-07-30 19:00:00,570.5068183703822
2012-07-30 20:00:00,437.9009000817935
2012-07-30 21:00:00,228.53501378560136
2012-07-30 22:00:00,111.49962085040896
2012-07-30 23:00:00,101.61074103708458
2012-07-31 00:00:00,111.49962085040896
2012-07-31 01:00:00,21.764176489858645
2012-07-31 02:00:00,9.759431366697235
2012-07-31 03:00:00,6.482095020474673
2012-07-31 04:00:00,8.586010758494822
2012-07-31 05:00:00,34.39234327509193
2012-07-31 06:00:00,168.9306721221238
2012-07-31 07:00:00,449.8770322436818
2012-07-31 08:00:00,680.4103666162747
2012-07-31 09:00:00,329.8188471118799
2012-07-31 10:00:00,228.53501378560136
2012-07-31 11:00:00,236.0203443328959
2012-07-31 12:00:00,287.8801290222093
2012-07-31 13:00:00,279.0859646094786
2012-07-31 14:00:00,236.0203443328959
2012-07-31 15:00:00,279.0859646094786
2012-07-31 16:00:00,410.31702428890816
2012-07-31 17:00:00,854.0103933757824
2012-07-31 18:00:00,806.7193781608693
2012-07-31 19:00:00,399.63416420116886
2012-07-31 20:00:00,171.84614438915878
2012-07-31 21:00:00,228.53501378560136
2012-07-31 22:00:00,111.49962085040896
2012-07-31 23:00:00,121.22817489797798
2012-08-20 00:00:00,111.49962085040896
2012-08-20 01:00:00,10.064141571750003
2012-08-20 02:00:00,11.952317009090661
2012-08-20 03:00:00,6.030542121633832
2012-08-20 04:00:00,9.72101458327908
2012-08-20 05:00:00,38.89898748653493
2012-08-20 06:00:00,149.2251546725203
2012-08-20 07:00:00,449.8770322436818
2012-08-20 08:00:00,680.4103666162747
2012-08-20 09:00:00,329.8188471118799
2012-08-20 10:00:00,228.53501378560136
2012-08-20 11:00:00,236.0203443328959
2012-08-20 12:00:00,287.8801290222093
2012-08-20 13:00:00,279.0859646094786
2012-08-20 14:00:00,236.0203443328959
2012-08-20 15:00:00,279.0859646094786
2012-08-20 16:00:00,465.58367533291226
2012-08-20 17:00:00,854.0103933757824
2012-08-20 18:00:00,553.4348181064246
2012-08-20 19:00:00,498.5135232843018
2012-08-20 20:00:00,329.8188471118799
2012-08-20 21:00:00,228.53501378560136
2012-08-20 22:00:00,111.49962085040896
2012-08-20 23:00:00,101.61074103708458
2012-08-21 00:00:00,111.49962085040896
2012-08-21 01:00:00,11.521345877019813
2012-08-21 02:00:00,7.128274448610085
2012-08-21 03:00:00,10.447387372808008
2012-08-21 04:00:00,8.586010758494822
2012-08-21 05:00:00,34.39234327509193
2012-08-21 06:00:00,168.9306721221238
2012-08-21 07:00:00,449.8770322436818
2012-08-21 08:00:00,680.4103666162747
2012-08-21 09:00:00,329.8188471118799
2012-08-21 10:00:00,228.53501378560136
2012-08-21 11:00:00,236.0203443328959
2012-08-21 12:00:00,287.8801290222093
2012-08-21 13:00:00,279.0859646094786
2012-08-21 14:00:00,236.0203443328959
2012-08-21 15:00:00,279.0859646094786
2012-08-21 16:00:00,465.58367533291226
2012-08-21 17:00:00,854.0103933757824
2012-08-21 18:00:00,806.7193781608693
2012-08-21 19:00:00,235.96583885219061
2012-08-21 20:00:00,437.9009000817935
2012-08-21 21:00:00,228.53501378560136
2012-08-21 22:00:00,111.49962085040896
2012-08-21 23:00:00,121.22817489797798
2012-08-22 00:00:00,111.49962085040896
2012-08-22 01:00:00,10.064141571750003
2012-08-22 02:00:00,7.128274448610085
2012-08-22 03:00:00,6.482095020474673
2012-08-22 04:00:00,5.817666785603332
2012-08-22 05:00:00,45.04050454629341
2012-08-22 06:00:00,186.0367142844301
2012-08-22 07:00:00,449.8770322436818
2012-08-22 08:00:00,680.4103666162747
2012-08-22 09:00:00,329.8188471118799
2012-08-22 10:00:00,228.53501378560136
2012-08-22 11:00:00,236.0203443328959
2012-08-22 12:00:00,287.8801290222093
2012-08-22 13:00:00,279.0859646094786
2012-08-22 14:00:00,236.0203443328959
2012-08-22 15:00:00,279.0859646094786
2012-08-22 16:00:00,235.96583885219061
2012-08-22 17:00:00,721.5980697983551
2012-08-22 18:00:00,721.5980697983551
2012-08-22 19:00:00,498.5135232843018
2012-08-22 20:00:00,437.9009000817935
2012-08-22 21:00:00,228.53501378560136
2012-08-22 22:00:00,111.49962085040896
2012-08-22 23:00:00,146.0564825130736
2012-08-23 00:00:00,111.49962085040896
2012-08-23 01:00:00,22.091438414839047
2012-08-23 02:00:00,11.148011666589216
2012-08-23 03:00:00,6.447979736438823
2012-08-23 04:00:00,8.586010758494822
2012-08-23 05:00:00,38.89898748653493
2012-08-23 06:00:00,168.9306721221238
2012-08-23 07:00:00,449.8770322436818
2012-08-23 08:00:00,680.4103666162747
2012-08-23 09:00:00,329.8188471118799
2012-08-23 10:00:00,228.53501378560136
2012-08-23 11:00:00,236.0203443328959
2012-08-23 12:00:00,287.8801290222093
2012-08-23 13:00:00,279.0859646094786
2012-08-23 14:00:00,236.0203443328959
2012-08-23 15:00:00,279.0859646094786
2012-08-23 16:00:00,465.58367533291226
2012-08-23 17:00:00,854.0103933757824
2012-08-23 18:00:00,806.7193781608693
2012-08-23 19:00:00,619.1241816493325
2012-08-23 20:00:00,437.9009000817935
2012-08-23 21:00:00,228.53501378560136
2012-08-23 22:00:00,111.49962085040896
2012-08-23 23:00:00,186.0367142844301
2012-08-24 00:00:00,111.49962085040896
2012-08-24 01:00:00,40.30030520508843
2012-08-24 02:00:00,15.488728148215362
2012-08-24 03:00:00,10.447387372808008
2012-08-24 04:00:00,9.696739454143772
2012-08-24 05:00:00,38.89898748653493
2012-08-24 06:00:00,146.0564825130736
2012-08-24 07:00:00,409.19500823608627
2012-08-24 08:00:00,680.4103666162747
2012-08-24 09:00:00,329.8188471118799
2012-08-24 10:00:00,228.53501378560136
2012-08-24 11:00:00,236.0203443328959
2012-08-24 12:00:00,360.2789267620156
2012-08-24 13:00:00,349.54382918072315
2012-08-24 14:00:00,236.0203443328959
2012-08-24 15:00:00,349.54382918072315
2012-08-24 16:00:00,502.05201900733493
2012-08-24 17:00:00,781.4622513133037
2012-08-24 18:00:00,711.41030947451
2012-08-24 19:00:00,492.26329079123803
2012-08-24 20:00:00,361.78027762270995
2012-08-24 21:00:00,228.53501378560136
2012-08-24 22:00:00,111.49962085040896
2012-08-24 23:00:00,167.45596246183686
2012-08-25 00:00:00,111.49962085040896
2012-08-25 01:00:00,106.790189509205
2012-08-25 02:00:00,70.81589591577774
2012-08-25 03:00:00,37.2800776182833
2012-08-25 04:00:00,12.994915956524158
2012-08-25 05:00:00,9.599282743500916
2012-08-25 06:00:00,24.05648013595262
2012-08-25 07:00:00,64.57784900435527
2012-08-25 08:00:00,111.49962085040896
2012-08-25 09:00:00,292.1261604342744
2012-08-25 10:00:00,228.53501378560136
2012-08-25 11:00:00,451.60435636988456
2012-08-25 12:00:00,344.5549975007454
2012-08-25 13:00:00,485.507313017382
2012-08-25 14:00:00,344.5549975007454
2012-08-25 15:00:00,485.507313017382
2012-08-25 16:00:00,498.5135232843018
2012-08-25 17:00:00,415.48883465001023
2012-08-25 18:00:00,459.28694336784935
2012-08-25 19:00:00,322.05211226594156
2012-08-25 20:00:00,147.20598899625162
2012-08-25 21:00:00,228.53501378560136
2012-08-25 22:00:00,111.49962085040896
2012-08-25 23:00:00,167.45596246183686
2012-08-26 00:00:00,111.49962085040896
2012-08-26 01:00:00,106.790189509205
2012-08-26 02:00:00,86.61059858704108
2012-08-26 03:00:00,37.2800776182833
2012-08-26 04:00:00,12.994915956524158
2012-08-26 05:00:00,17.023904342433276
2012-08-26 06:00:00,24.05648013595262
2012-08-26 07:00:00,48.97352061353355
2012-08-26 08:00:00,111.49962085040896
2012-08-26 09:00:00,232.65975217457162
2012-08-26 10:00:00,228.53501378560136
2012-08-26 11:00:00,451.60435636988456
2012-08-26 12:00:00,283.99108628871926
2012-08-26 13:00:00,283.99108628871926
2012-08-26 14:00:00,451.60435636988456
2012-08-26 15:00:00,219.93996417238947
2012-08-26 16:00:00,117.7684579606959
2012-08-26 17:00:00,415.48883465001023
2012-08-26 18:00:00,415.48883465001023
2012-08-26 19:00:00,322.05211226594156
2012-08-26 20:00:00,292.1261604342744
2012-08-26 21:00:00,228.53501378560136
2012-08-26 22:00:00,111.49962085040896
2012-08-26 23:00:00,82.47221144046944
2012-08-27 00:00:00,111.49962085040896
2012-08-27 01:00:00,10.064141571750003
2012-08-27 02:00:00,11.952317009090661
2012-08-27 03:00:00,4.436073300766023
2012-08-27 04:00:00,9.72101458327908
2012-08-27 05:00:00,38.89898748653493
2012-08-27 06:00:00,149.2251546725203
2012-08-27 07:00:00,449.8770322436818
2012-08-27 08:00:00,680.4103666162747
2012-08-27 09:00:00,329.8188471118799
2012-08-27 10:00:00,228.53501378560136
2012-08-27 11:00:00,236.0203443328959
2012-08-27 12:00:00,287.8801290222093
2012-08-27 13:00:00,279.0859646094786
2012-08-27 14:00:00,236.0203443328959
2012-08-27 15:00:00,279.0859646094786
2012-08-27 16:00:00,465.58367533291226
2012-08-27 17:00:00,889.3585001383321
2012-08-27 18:00:00,806.7193781608693
2012-08-27 19:00:00,619.1241816493325
2012-08-27 20:00:00,437.9009000817935
2012-08-27 21:00:00,228.53501378560136
2012-08-27 22:00:00,111.49962085040896
2012-08-27 23:00:00,101.61074103708458
2012-08-28 00:00:00,111.49962085040896
2012-08-28 01:00:00,21.764176489858645
2012-08-28 02:00:00,7.128274448610085
2012-08-28 03:00:00,4.436073300766023
2012-08-28 04:00:00,8.586010758494822
2012-08-28 05:00:00,38.89898748653493
2012-08-28 06:00:00,168.9306721221238
2012-08-28 07:00:00,449.8770322436818
2012-08-28 08:00:00,680.4103666162747
2012-08-28 09:00:00,329.8188471118799
2012-08-28 10:00:00,228.53501378560136
2012-08-28 11:00:00,236.0203443328959
2012-08-28 12:00:00,287.8801290222093
2012-08-28 13:00:00,279.0859646094786
2012-08-28 14:00:00,236.0203443328959
2012-08-28 15:00:00,279.0859646094786
2012-08-28 16:00:00,465.58367533291226
2012-08-28 17:00:00,889.3585001383321
2012-08-28 18:00:00,889.3585001383321
2012-08-28 19:00:00,619.1241816493325
2012-08-28 20:00:00,437.9009000817935
2012-08-28 21:00:00,228.53501378560136
2012-08-28 22:00:00,111.49962085040896
2012-08-28 23:00:00,121.22817489797798
2012-08-29 00:00:00,111.49962085040896
2012-08-29 01:00:00,21.764176489858645
2012-08-29 02:00:00,7.128274448610085
2012-08-29 03:00:00,6.482095020474673
2012-08-29 04:00:00,5.817666785603332
2012-08-29 05:00:00,45.04050454629341
2012-08-29 06:00:00,186.0367142844301
2012-08-29 07:00:00,449.8770322436818
2012-08-29 08:00:00,680.4103666162747
2012-08-29 09:00:00,329.8188471118799
2012-08-29 10:00:00,228.53501378560136
2012-08-29 11:00:00,236.0203443328959
2012-08-29 12:00:00,287.8801290222093
2012-08-29 13:00:00,279.0859646094786
2012-08-29 14:00:00,236.0203443328959
2012-08-29 15:00:00,279.0859646094786
2012-08-29 16:00:00,465.58367533291226
2012-08-29 17:00:00,889.3585001383321
2012-08-29 18:00:00,889.3585001383321
2012-08-29 19:00:00,619.1241816493325
2012-08-29 20:00:00,437.9009000817935
2012-08-29 21:00:00,228.53501378560136
2012-08-29 22:00:00,111.49962085040896
2012-08-29 23:00:00,146.0564825130736
2012-08-30 00:00:00,111.49962085040896
2012-08-30 01:00:00,22.091438414839047
2012-08-30 02:00:00,11.148011666589216
2012-08-30 03:00:00,6.447979736438823
2012-08-30 04:00:00,8.586010758494822
2012-08-30 05:00:00,38.89898748653493
2012-08-30 06:00:00,168.9306721221238
2012-08-30 07:00:00,449.8770322436818
2012-08-30 08:00:00,680.4103666162747
2012-08-30 09:00:00,329.8188471118799
2012-08-30 10:00:00,228.53501378560136
2012-08-30 11:00:00,236.0203443328959
2012-08-30 12:00:00,287.8801290222093
2012-08-30 13:00:00,279.0859646094786
2012-08-30 14:00:00,236.0203443328959
2012-08-30 15:00:00,279.0859646094786
2012-08-30 16:00:00,465.58367533291226
2012-08-30 17:00:00,854.0103933757824
2012-08-30 18:00:00,806.7193781608693
2012-08-30 19:00:00,570.5068183703822
2012-08-30 20:00:00,437.9009000817935
2012-08-30 21:00:00,228.53501378560136
2012-08-30 22:00:00,111.49962085040896
2012-08-30 23:00:00,167.45596246183686
2012-08-31 00:00:00,111.49962085040896
2012-08-31 01:00:00,40.30030520508843
2012-08-31 02:00:00,15.488728148215362
2012-08-31 03:00:00,6.030542121633832
2012-08-31 04:00:00,9.696739454143772
2012-08-31 05:00:00,34.39234327509193
2012-08-31 06:00:00,146.0564825130736
2012-08-31 07:00:00,409.19500823608627
2012-08-31 08:00:00,680.4103666162747
2012-08-31 09:00:00,329.8188471118799
2012-08-31 10:00:00,228.53501378560136
2012-08-31 11:00:00,236.0203443328959
2012-08-31 12:00:00,360.2789267620156
2012-08-31 13:00:00,349.54382918072315
2012-08-31 14:00:00,236.0203443328959
2012-08-31 15:00:00,349.54382918072315
2012-08-31 16:00:00,502.05201900733493
2012-08-31 17:00:00,675.5499480577773
2012-08-31 18:00:00,675.5499480577773
2012-08-31 19:00:00,492.26329079123803
2012-08-31 20:00:00,361.78027762270995
2012-08-31 21:00:00,228.53501378560136
2012-08-31 22:00:00,111.49962085040896
2012-08-31 23:00:00,186.0367142844301
2012-09-20 00:00:00,111.49962085040896
2012-09-20 01:00:00,21.764176489858645
2012-09-20 02:00:00,11.148011666589216
2012-09-20 03:00:00,10.447387372808008
2012-09-20 04:00:00,8.586010758494822
2012-09-20 05:00:00,45.04050454629341
2012-09-20 06:00:00,168.9306721221238
2012-09-20 07:00:00,528.8174770123918
2012-09-20 08:00:00,771.5023847272407
2012-09-20 09:00:00,329.8188471118799
2012-09-20 10:00:00,228.53501378560136
2012-09-20 11:00:00,236.0203443328959
2012-09-20 12:00:00,287.8801290222093
2012-09-20 13:00:00,279.0859646094786
2012-09-20 14:00:00,236.0203443328959
2012-09-20 15:00:00,279.0859646094786
2012-09-20 16:00:00,465.58367533291226
2012-09-20 17:00:00,854.0103933757824
2012-09-20 18:00:00,806.7193781608693
2012-09-20 19:00:00,619.1241816493325
2012-09-20 20:00:00,329.8188471118799
2012-09-20 21:00:00,228.53501378560136
2012-09-20 22:00:00,111.49962085040896
2012-09-20 23:00:00,167.45596246183686
2012-09-21 00:00:00,111.49962085040896
2012-09-21 01:00:00,40.30030520508843
2012-09-21 02:00:00,15.488728148215362
2012-09-21 03:00:00,10.447387372808008
2012-09-21 04:00:00,9.696739454143772
2012-09-21 05:00:00,42.63634750088412
2012-09-21 06:00:00,146.0564825130736
2012-09-21 07:00:00,409.19500823608627
2012-09-21 08:00:00,771.5023847272407
2012-09-21 09:00:00,329.8188471118799
2012-09-21 10:00:00,228.53501378560136
2012-09-21 11:00:00,236.0203443328959
2012-09-21 12:00:00,360.2789267620156
2012-09-21 13:00:00,349.54382918072315
2012-09-21 14:00:00,236.0203443328959
2012-09-21 15:00:00,349.54382918072315
2012-09-21 16:00:00,502.05201900733493
2012-09-21 17:00:00,711.41030947451
2012-09-21 18:00:00,711.41030947451
2012-09-21 19:00:00,492.26329079123803
2012-09-21 20:00:00,361.78027762270995
2012-09-21 21:00:00,228.53501378560136
2012-09-21 22:00:00,111.49962085040896
2012-09-21 23:00:00,186.0367142844301
2012-09-22 00:00:00,111.49962085040896
2012-09-22 01:00:00,106.790189509205
2012-09-22 02:00:00,70.81589591577774
2012-09-22 03:00:00,37.2800776182833
2012-09-22 04:00:00,12.994915956524158
2012-09-22 05:00:00,17.023904342433276
2012-09-22 06:00:00,24.05648013595262
2012-09-22 07:00:00,64.57784900435527
2012-09-22 08:00:00,111.49962085040896
2012-09-22 09:00:00,292.1261604342744
2012-09-22 10:00:00,228.53501378560136
2012-09-22 11:00:00,451.60435636988456
2012-09-22 12:00:00,528.8174770123918
2012-09-22 13:00:00,485.507313017382
2012-09-22 14:00:00,451.60435636988456
2012-09-22 15:00:00,485.507313017382
2012-09-22 16:00:00,599.1149206337113
2012-09-22 17:00:00,543.7339044046693
2012-09-22 18:00:00,459.28694336784935
2012-09-22 19:00:00,465.58367533291226
2012-09-22 20:00:00,292.1261604342744
2012-09-22 21:00:00,228.53501378560136
2012-09-22 22:00:00,111.49962085040896
2012-09-22 23:00:00,186.0367142844301
2012-09-23 00:00:00,599.5269564274232
2012-09-23 01:00:00,106.790189509205
2012-09-23 02:00:00,70.81589591577774
2012-09-23 03:00:00,35.53334264879233
2012-09-23 04:00:00,12.994915956524158
2012-09-23 05:00:00,11.952317009090661
2012-09-23 06:00:00,24.05648013595262
2012-09-23 07:00:00,48.97352061353355
2012-09-23 08:00:00,111.49962085040896
2012-09-23 09:00:00,213.82506260083292
2012-09-23 10:00:00,357.35781560005637
2012-09-23 11:00:00,497.23174323120674
2012-09-23 12:00:00,497.23174323120674
2012-09-23 13:00:00,599.5269564274232
2012-09-23 14:00:00,599.5269564274232
2012-09-23 15:00:00,599.5269564274232
2012-09-23 16:00:00,619.1241816493325
2012-09-23 17:00:00,543.7339044046693
2012-09-23 18:00:00,459.28694336784935
2012-09-23 19:00:00,465.58367533291226
2012-09-23 20:00:00,327.3732685881122
2012-09-23 21:00:00,228.53501378560136
2012-09-23 22:00:00,111.49962085040896
2012-09-23 23:00:00,82.47221144046944
2012-09-24 00:00:00,111.49962085040896
2012-09-24 01:00:00,11.521345877019813
2012-09-24 02:00:00,9.599282743500916
2012-09-24 03:00:00,5.27338547212351
2012-09-24 04:00:00,9.72101458327908
2012-09-24 05:00:00,42.63634750088412
2012-09-24 06:00:00,149.2251546725203
2012-09-24 07:00:00,528.8174770123918
2012-09-24 08:00:00,771.5023847272407
2012-09-24 09:00:00,329.8188471118799
2012-09-24 10:00:00,228.53501378560136
2012-09-24 11:00:00,236.0203443328959
2012-09-24 12:00:00,287.8801290222093
2012-09-24 13:00:00,279.0859646094786
2012-09-24 14:00:00,236.0203443328959
2012-09-24 15:00:00,279.0859646094786
2012-09-24 16:00:00,465.58367533291226
2012-09-24 17:00:00,889.3585001383321
2012-09-24 18:00:00,889.3585001383321
2012-09-24 19:00:00,492.26329079123803
2012-09-24 20:00:00,329.8188471118799
2012-09-24 21:00:00,228.53501378560136
2012-09-24 22:00:00,111.49962085040896
2012-09-24 23:00:00,101.61074103708458
2012-09-25 00:00:00,111.49962085040896
2012-09-25 01:00:00,14.400851998274598
2012-09-25 02:00:00,3.6614224110025346
2012-09-25 03:00:00,3.4425283466563505
2012-09-25 04:00:00,6.954226459353433
2012-09-25 05:00:00,45.04050454629341
2012-09-25 06:00:00,168.9306721221238
2012-09-25 07:00:00,528.8174770123918
2012-09-25 08:00:00,771.5023847272407
2012-09-25 09:00:00,329.8188471118799
2012-09-25 10:00:00,228.53501378560136
2012-09-25 11:00:00,236.0203443328959
2012-09-25 12:00:00,287.8801290222093
2012-09-25 13:00:00,279.0859646094786
2012-09-25 14:00:00,236.0203443328959
2012-09-25 15:00:00,279.0859646094786
2012-09-25 16:00:00,465.58367533291226
2012-09-25 17:00:00,889.3585001383321
2012-09-25 18:00:00,889.3585001383321
2012-09-25 19:00:00,599.1149206337113
2012-09-25 20:00:00,437.9009000817935
2012-09-25 21:00:00,228.53501378560136
2012-09-25 22:00:00,111.49962085040896
2012-09-25 23:00:00,121.22817489797798
2012-09-26 00:00:00,111.49962085040896
2012-09-26 01:00:00,10.064141571750003
2012-09-26 02:00:00,3.364479360121801
2012-09-26 03:00:00,3.4425283466563505
2012-09-26 04:00:00,5.817666785603332
2012-09-26 05:00:00,45.04050454629341
2012-09-26 06:00:00,186.0367142844301
2012-09-26 07:00:00,528.8174770123918
2012-09-26 08:00:00,771.5023847272407
2012-09-26 09:00:00,329.8188471118799
2012-09-26 10:00:00,228.53501378560136
2012-09-26 11:00:00,236.0203443328959
2012-09-26 12:00:00,287.8801290222093
2012-09-26 13:00:00,279.0859646094786
2012-09-26 14:00:00,236.0203443328959
2012-09-26 15:00:00,279.0859646094786
2012-09-26 16:00:00,465.58367533291226
2012-09-26 17:00:00,854.0103933757824
2012-09-26 18:00:00,854.0103933757824
2012-09-26 19:00:00,518.250973198125
2012-09-26 20:00:00,437.9009000817935
2012-09-26 21:00:00,228.53501378560136
2012-09-26 22:00:00,154.4695341027317
2012-09-26 23:00:00,146.0564825130736
2012-09-27 00:00:00,111.49962085040896
2012-09-27 01:00:00,22.091438414839047
2012-09-27 02:00:00,9.375046073784818
2012-09-27 03:00:00,7.0498688447187
2012-09-27 04:00:00,8.586010758494822
2012-09-27 05:00:00,42.63634750088412
2012-09-27 06:00:00,168.9306721221238
2012-09-27 07:00:00,449.8770322436818
2012-09-27 08:00:00,771.5023847272407
2012-09-27 09:00:00,329.8188471118799
2012-09-27 10:00:00,228.53501378560136
2012-09-27 11:00:00,236.0203443328959
2012-09-27 12:00:00,287.8801290222093
2012-09-27 13:00:00,279.0859646094786
2012-09-27 14:00:00,236.0203443328959
2012-09-27 15:00:00,279.0859646094786
2012-09-27 16:00:00,465.58367533291226
2012-09-27 17:00:00,889.3585001383321
2012-09-27 18:00:00,889.3585001383321
2012-09-27 19:00:00,518.250973198125
2012-09-27 20:00:00,437.9009000817935
2012-09-27 21:00:00,162.63580015157484
2012-09-27 22:00:00,154.4695341027317
2012-09-27 23:00:00,100.38962810853707
2012-09-28 00:00:00,65.85930740989033
2012-09-28 01:00:00,28.4266665334962
2012-09-28 02:00:00,7.06644730694987
2012-09-28 03:00:00,5.216358818430946
2012-09-28 04:00:00,7.648335953349445
2012-09-28 05:00:00,42.63634750088412
2012-09-28 06:00:00,146.0564825130736
2012-09-28 07:00:00,409.19500823608627
2012-09-28 08:00:00,771.5023847272407
2012-09-28 09:00:00,329.8188471118799
2012-09-28 10:00:00,228.53501378560136
2012-09-28 11:00:00,236.0203443328959
2012-09-28 12:00:00,360.2789267620156
2012-09-28 13:00:00,349.54382918072315
2012-09-28 14:00:00,236.0203443328959
2012-09-28 15:00:00,349.54382918072315
2012-09-28 16:00:00,502.05201900733493
2012-09-28 17:00:00,711.41030947451
2012-09-28 18:00:00,711.41030947451
2012-09-28 19:00:00,321.15041564318545
2012-09-28 20:00:00,171.84614438915878
2012-09-28 21:00:00,165.91266046433526
2012-09-28 22:00:00,111.49962085040896
2012-09-28 23:00:00,167.45596246183686
2012-09-29 00:00:00,111.49962085040896
2012-09-29 01:00:00,106.790189509205
2012-09-29 02:00:00,86.61059858704108
2012-09-29 03:00:00,31.285344025219313
2012-09-29 04:00:00,12.994915956524158
2012-09-29 05:00:00,11.952317009090661
2012-09-29 06:00:00,24.05648013595262
2012-09-29 07:00:00,109.08179092006048
2012-09-29 08:00:00,111.49962085040896
2012-09-29 09:00:00,213.82506260083292
2012-09-29 10:00:00,228.53501378560136
2012-09-29 11:00:00,451.60435636988456
2012-09-29 12:00:00,599.5269564274232
2012-09-29 13:00:00,599.5269564274232
2012-09-29 14:00:00,599.5269564274232
2012-09-29 15:00:00,497.23174323120674
2012-09-29 16:00:00,619.1241816493325
2012-09-29 17:00:00,543.7339044046693
2012-09-29 18:00:00,459.28694336784935
2012-09-29 19:00:00,322.05211226594156
2012-09-29 20:00:00,213.82506260083292
2012-09-29 21:00:00,228.53501378560136
2012-09-29 22:00:00,111.49962085040896
2012-09-29 23:00:00,186.0367142844301
2012-09-30 00:00:00,111.49962085040896
2012-09-30 01:00:00,106.790189509205
2012-09-30 02:00:00,86.61059858704108
2012-09-30 03:00:00,35.53334264879233
2012-09-30 04:00:00,7.648335953349445
2012-09-30 05:00:00,7.657114219531244
2012-09-30 06:00:00,39.731842348998846
2012-09-30 07:00:00,48.97352061353355
2012-09-30 08:00:00,111.49962085040896
2012-09-30 09:00:00,213.82506260083292
2012-09-30 10:00:00,357.35781560005637
2012-09-30 11:00:00,497.23174323120674
2012-09-30 12:00:00,599.5269564274232
2012-09-30 13:00:00,599.5269564274232
2012-09-30 14:00:00,599.5269564274232
2012-09-30 15:00:00,599.5269564274232
2012-09-30 16:00:00,619.1241816493325
2012-09-30 17:00:00,543.7339044046693
2012-09-30 18:00:00,459.28694336784935
2012-09-30 19:00:00,143.40069476949662
2012-09-30 20:00:00,143.40069476949662
2012-09-30 21:00:00,228.53501378560136
2012-09-30 22:00:00,111.49962085040896
2012-09-30 23:00:00,82.47221144046944
2012-10-20 00:00:00,111.49962085040896
2012-10-20 01:00:00,106.790189509205
2012-10-20 02:00:00,54.597619124055235
2012-10-20 03:00:00,23.102091847260354
2012-10-20 04:00:00,7.648335953349445
2012-10-20 05:00:00,7.657114219531244
2012-10-20 06:00:00,39.731842348998846
2012-10-20 07:00:00,109.08179092006048
2012-10-20 08:00:00,111.49962085040896
2012-10-20 09:00:00,213.82506260083292
2012-10-20 10:00:00,228.53501378560136
2012-10-20 11:00:00,451.60435636988456
2012-10-20 12:00:00,497.23174323120674
2012-10-20 13:00:00,497.23174323120674
2012-10-20 14:00:00,599.5269564274232
2012-10-20 15:00:00,497.23174323120674
2012-10-20 16:00:00,619.1241816493325
2012-10-20 17:00:00,543.7339044046693
2012-10-20 18:00:00,459.28694336784935
2012-10-20 19:00:00,322.05211226594156
2012-10-20 20:00:00,327.3732685881122
2012-10-20 21:00:00,228.53501378560136
2012-10-20 22:00:00,111.49962085040896
2012-10-20 23:00:00,137.45446228874343
2012-10-21 00:00:00,111.49962085040896
2012-10-21 01:00:00,106.790189509205
2012-10-21 02:00:00,64.70379279507858
2012-10-21 03:00:00,35.53334264879233
2012-10-21 04:00:00,12.994915956524158
2012-10-21 05:00:00,7.657114219531244
2012-10-21 06:00:00,24.05648013595262
2012-10-21 07:00:00,48.97352061353355
2012-10-21 08:00:00,111.49962085040896
2012-10-21 09:00:00,213.82506260083292
2012-10-21 10:00:00,228.53501378560136
2012-10-21 11:00:00,497.23174323120674
2012-10-21 12:00:00,599.5269564274232
2012-10-21 13:00:00,599.5269564274232
2012-10-21 14:00:00,599.5269564274232
2012-10-21 15:00:00,599.5269564274232
2012-10-21 16:00:00,619.1241816493325
2012-10-21 17:00:00,543.7339044046693
2012-10-21 18:00:00,459.28694336784935
2012-10-21 19:00:00,322.05211226594156
2012-10-21 20:00:00,497.23174323120674
2012-10-21 21:00:00,228.53501378560136
2012-10-21 22:00:00,111.49962085040896
2012-10-21 23:00:00,82.47221144046944
2012-10-22 00:00:00,111.49962085040896
2012-10-22 01:00:00,14.400851998274598
2012-10-22 02:00:00,11.148011666589216
2012-10-22 03:00:00,5.27338547212351
2012-10-22 04:00:00,9.72101458327908
2012-10-22 05:00:00,26.23379980803643
2012-10-22 06:00:00,135.68367969290932
2012-10-22 07:00:00,393.3303846781131
2012-10-22 08:00:00,638.9027281267914
2012-10-22 09:00:00,329.8188471118799
2012-10-22 10:00:00,228.53501378560136
2012-10-22 11:00:00,236.0203443328959
2012-10-22 12:00:00,287.8801290222093
2012-10-22 13:00:00,279.0859646094786
2012-10-22 14:00:00,236.0203443328959
2012-10-22 15:00:00,279.0859646094786
2012-10-22 16:00:00,465.58367533291226
2012-10-22 17:00:00,594.8604665651138
2012-10-22 18:00:00,594.8604665651138
2012-10-22 19:00:00,411.0729860243103
2012-10-22 20:00:00,254.31776727388618
2012-10-22 21:00:00,228.53501378560136
2012-10-22 22:00:00,111.49962085040896
2012-10-22 23:00:00,92.65431420940561
2012-10-23 00:00:00,111.49962085040896
2012-10-23 01:00:00,11.521345877019813
2012-10-23 02:00:00,3.6614224110025346
2012-10-23 03:00:00,3.4425283466563505
2012-10-23 04:00:00,8.586010758494822
2012-10-23 05:00:00,45.04050454629341
2012-10-23 06:00:00,135.68367969290932
2012-10-23 07:00:00,528.8174770123918
2012-10-23 08:00:00,638.9027281267914
2012-10-23 09:00:00,329.8188471118799
2012-10-23 10:00:00,228.53501378560136
2012-10-23 11:00:00,236.0203443328959
2012-10-23 12:00:00,287.8801290222093
2012-10-23 13:00:00,279.0859646094786
2012-10-23 14:00:00,236.0203443328959
2012-10-23 15:00:00,279.0859646094786
2012-10-23 16:00:00,465.58367533291226
2012-10-23 17:00:00,594.8604665651138
2012-10-23 18:00:00,518.6330353731701
2012-10-23 19:00:00,518.250973198125
2012-10-23 20:00:00,254.31776727388618
2012-10-23 21:00:00,228.53501378560136
2012-10-23 22:00:00,111.49962085040896
2012-10-23 23:00:00,92.65431420940561
2012-10-24 00:00:00,111.49962085040896
2012-10-24 01:00:00,19.940133324833596
2012-10-24 02:00:00,3.364479360121801
2012-10-24 03:00:00,7.0498688447187
2012-10-24 04:00:00,5.817666785603332
2012-10-24 05:00:00,45.04050454629341
2012-10-24 06:00:00,135.68367969290932
2012-10-24 07:00:00,528.8174770123918
2012-10-24 08:00:00,771.5023847272407
2012-10-24 09:00:00,329.8188471118799
2012-10-24 10:00:00,228.53501378560136
2012-10-24 11:00:00,236.0203443328959
2012-10-24 12:00:00,287.8801290222093
2012-10-24 13:00:00,279.0859646094786
2012-10-24 14:00:00,236.0203443328959
2012-10-24 15:00:00,279.0859646094786
2012-10-24 16:00:00,465.58367533291226
2012-10-24 17:00:00,594.8604665651138
2012-10-24 18:00:00,518.6330353731701
2012-10-24 19:00:00,498.5135232843018
2012-10-24 20:00:00,437.9009000817935
2012-10-24 21:00:00,228.53501378560136
2012-10-24 22:00:00,111.49962085040896
2012-10-24 23:00:00,92.65431420940561
2012-10-25 00:00:00,111.49962085040896
2012-10-25 01:00:00,22.091438414839047
2012-10-25 02:00:00,7.06644730694987
2012-10-25 03:00:00,7.0498688447187
2012-10-25 04:00:00,8.586010758494822
2012-10-25 05:00:00,42.63634750088412
2012-10-25 06:00:00,135.68367969290932
2012-10-25 07:00:00,528.8174770123918
2012-10-25 08:00:00,638.9027281267914
2012-10-25 09:00:00,329.8188471118799
2012-10-25 10:00:00,228.53501378560136
2012-10-25 11:00:00,236.0203443328959
2012-10-25 12:00:00,287.8801290222093
2012-10-25 13:00:00,225.5908028259471
2012-10-25 14:00:00,236.0203443328959
2012-10-25 15:00:00,279.0859646094786
2012-10-25 16:00:00,382.9284618511776
2012-10-25 17:00:00,594.8604665651138
2012-10-25 18:00:00,518.6330353731701
2012-10-25 19:00:00,518.250973198125
2012-10-25 20:00:00,254.31776727388618
2012-10-25 21:00:00,228.53501378560136
2012-10-25 22:00:00,111.49962085040896
2012-10-25 23:00:00,92.65431420940561
2012-10-26 00:00:00,111.49962085040896
2012-10-26 01:00:00,14.785098767560163
2012-10-26 02:00:00,15.364839822611069
2012-10-26 03:00:00,5.216358818430946
2012-10-26 04:00:00,9.696739454143772
2012-10-26 05:00:00,42.63634750088412
2012-10-26 06:00:00,135.68367969290932
2012-10-26 07:00:00,409.19500823608627
2012-10-26 08:00:00,638.9027281267914
2012-10-26 09:00:00,329.8188471118799
2012-10-26 10:00:00,228.53501378560136
2012-10-26 11:00:00,236.0203443328959
2012-10-26 12:00:00,360.2789267620156
2012-10-26 13:00:00,349.54382918072315
2012-10-26 14:00:00,236.0203443328959
2012-10-26 15:00:00,349.54382918072315
2012-10-26 16:00:00,382.9284618511776
2012-10-26 17:00:00,594.8604665651138
2012-10-26 18:00:00,518.6330353731701
2012-10-26 19:00:00,411.0729860243103
2012-10-26 20:00:00,254.31776727388618
2012-10-26 21:00:00,228.53501378560136
2012-10-26 22:00:00,111.49962085040896
2012-10-26 23:00:00,135.68367969290932
2012-10-27 00:00:00,111.49962085040896
2012-10-27 01:00:00,106.790189509205
2012-10-27 02:00:00,70.81589591577774
2012-10-27 03:00:00,35.53334264879233
2012-10-27 04:00:00,12.994915956524158
2012-10-27 05:00:00,6.445973661139108
2012-10-27 06:00:00,39.731842348998846
2012-10-27 07:00:00,109.08179092006048
2012-10-27 08:00:00,111.49962085040896
2012-10-27 09:00:00,213.82506260083292
2012-10-27 10:00:00,228.53501378560136
2012-10-27 11:00:00,451.60435636988456
2012-10-27 12:00:00,528.8174770123918
2012-10-27 13:00:00,497.23174323120674
2012-10-27 14:00:00,497.23174323120674
2012-10-27 15:00:00,485.507313017382
2012-10-27 16:00:00,498.5135232843018
2012-10-27 17:00:00,543.7339044046693
2012-10-27 18:00:00,459.28694336784935
2012-10-27 19:00:00,322.05211226594156
2012-10-27 20:00:00,213.82506260083292
2012-10-27 21:00:00,228.53501378560136
2012-10-27 22:00:00,111.49962085040896
2012-10-27 23:00:00,167.45596246183686
2012-10-28 00:00:00,419.3448670175295
2012-10-28 01:00:00,106.790189509205
2012-10-28 02:00:00,86.61059858704108
2012-10-28 03:00:00,31.285344025219313
2012-10-28 04:00:00,12.994915956524158
2012-10-28 05:00:00,6.445973661139108
2012-10-28 06:00:00,24.05648013595262
2012-10-28 07:00:00,48.97352061353355
2012-10-28 08:00:00,111.49962085040896
2012-10-28 09:00:00,213.82506260083292
2012-10-28 10:00:00,228.53501378560136
2012-10-28 11:00:00,451.60435636988456
2012-10-28 12:00:00,528.8174770123918
2012-10-28 13:00:00,485.507313017382
2012-10-28 14:00:00,451.60435636988456
2012-10-28 15:00:00,485.507313017382
2012-10-28 16:00:00,203.03874841863666
2012-10-28 17:00:00,238.96393303234782
2012-10-28 18:00:00,95.46766671676868
2012-10-28 19:00:00,69.38025471856538
2012-10-28 20:00:00,67.05851461343518
2012-10-28 21:00:00,117.7684579606959
2012-10-28 22:00:00,117.7684579606959
2012-10-28 23:00:00,100.38962810853707
2012-10-29 00:00:00,65.85930740989033
2012-10-30 13:00:00,48.134017044460656
2012-10-30 14:00:00,48.134017044460656
2012-10-30 15:00:00,25.25541090443384
2012-10-30 16:00:00,75.84516361451408
2012-10-30 17:00:00,361.1429563001377
2012-10-30 18:00:00,361.1429563001377
2012-10-30 19:00:00,492.26329079123803
2012-10-30 20:00:00,254.31776727388618
2012-10-30 21:00:00,228.53501378560136
2012-10-30 22:00:00,111.49962085040896
2012-10-30 23:00:00,92.65431420940561
2012-10-31 00:00:00,111.49962085040896
2012-10-31 01:00:00,14.400851998274598
2012-10-31 02:00:00,3.6614224110025346
2012-10-31 03:00:00,2.294626545916417
2012-10-31 04:00:00,5.817666785603332
2012-10-31 05:00:00,35.499059735727556
2012-10-31 06:00:00,135.68367969290932
2012-10-31 07:00:00,393.3303846781131
2012-10-31 08:00:00,771.5023847272407
2012-10-31 09:00:00,329.8188471118799
2012-10-31 10:00:00,228.53501378560136
2012-10-31 11:00:00,236.0203443328959
2012-10-31 12:00:00,287.8801290222093
2012-10-31 13:00:00,225.5908028259471
2012-10-31 14:00:00,236.0203443328959
2012-10-31 15:00:00,225.5908028259471
2012-10-31 16:00:00,322.05211226594156
2012-10-31 17:00:00,594.8604665651138
2012-10-31 18:00:00,518.6330353731701
2012-10-31 19:00:00,427.36792687781667
2012-10-31 20:00:00,254.31776727388618
2012-10-31 21:00:00,228.53501378560136
2012-10-31 22:00:00,111.49962085040896
2012-10-31 23:00:00,92.65431420940561
2012-11-20 00:00:00,111.49962085040896
2012-11-20 01:00:00,14.400851998274598
2012-11-20 02:00:00,3.6614224110025346
2012-11-20 03:00:00,3.4425283466563505
2012-11-20 04:00:00,6.954226459353433
2012-11-20 05:00:00,35.499059735727556
2012-11-20 06:00:00,135.68367969290932
2012-11-20 07:00:00,393.3303846781131
2012-11-20 08:00:00,638.9027281267914
2012-11-20 09:00:00,329.8188471118799
2012-11-20 10:00:00,228.53501378560136
2012-11-20 11:00:00,236.0203443328959
2012-11-20 12:00:00,287.8801290222093
2012-11-20 13:00:00,279.0859646094786
2012-11-20 14:00:00,236.0203443328959
2012-11-20 15:00:00,279.0859646094786
2012-11-20 16:00:00,382.9284618511776
2012-11-20 17:00:00,594.8604665651138
2012-11-20 18:00:00,518.6330353731701
2012-11-20 19:00:00,427.36792687781667
2012-11-20 20:00:00,254.31776727388618
2012-11-20 21:00:00,228.53501378560136
2012-11-20 22:00:00,111.49962085040896
2012-11-20 23:00:00,92.65431420940561
2012-11-21 00:00:00,111.49962085040896
2012-11-21 01:00:00,14.400851998274598
2012-11-21 02:00:00,3.6614224110025346
2012-11-21 03:00:00,6.537320370126673
2012-11-21 04:00:00,5.817666785603332
2012-11-21 05:00:00,35.499059735727556
2012-11-21 06:00:00,135.68367969290932
2012-11-21 07:00:00,393.3303846781131
2012-11-21 08:00:00,680.4103666162747
2012-11-21 09:00:00,329.8188471118799
2012-11-21 10:00:00,228.53501378560136
2012-11-21 11:00:00,236.0203443328959
2012-11-21 12:00:00,287.8801290222093
2012-11-21 13:00:00,225.5908028259471
2012-11-21 14:00:00,236.0203443328959
2012-11-21 15:00:00,225.5908028259471
2012-11-21 16:00:00,322.05211226594156
2012-11-21 17:00:00,594.8604665651138
2012-11-21 18:00:00,518.6330353731701
2012-11-21 19:00:00,360.61539124221395
2012-11-21 20:00:00,254.31776727388618
2012-11-21 21:00:00,228.53501378560136
2012-11-21 22:00:00,111.49962085040896
2012-11-21 23:00:00,92.65431420940561
2012-11-22 00:00:00,111.49962085040896
2012-11-22 01:00:00,34.398743721461244
2012-11-22 02:00:00,26.23379980803643
2012-11-22 03:00:00,11.96517746883319
2012-11-22 04:00:00,7.648335953349445
2012-11-22 05:00:00,7.657114219531244
2012-11-22 06:00:00,39.731842348998846
2012-11-22 07:00:00,64.57784900435527
2012-11-22 08:00:00,111.49962085040896
2012-11-22 09:00:00,329.8188471118799
2012-11-22 10:00:00,228.53501378560136
2012-11-22 11:00:00,463.9466326109295
2012-11-22 12:00:00,463.9466326109295
2012-11-22 13:00:00,599.5269564274232
2012-11-22 14:00:00,599.5269564274232
2012-11-22 15:00:00,599.5269564274232
2012-11-22 16:00:00,411.0729860243103
2012-11-22 17:00:00,313.47374734815713
2012-11-22 18:00:00,313.47374734815713
2012-11-22 19:00:00,210.73421796208123
2012-11-22 20:00:00,254.31776727388618
2012-11-22 21:00:00,228.53501378560136
2012-11-22 22:00:00,111.49962085040896
2012-11-22 23:00:00,82.47221144046944
2012-11-23 00:00:00,111.49962085040896
2012-11-23 01:00:00,14.785098767560163
2012-11-23 02:00:00,11.952317009090661
2012-11-23 03:00:00,6.537320370126673
2012-11-23 04:00:00,7.648335953349445
2012-11-23 05:00:00,26.23379980803643
2012-11-23 06:00:00,135.68367969290932
2012-11-23 07:00:00,409.19500823608627
2012-11-23 08:00:00,638.9027281267914
2012-11-23 09:00:00,329.8188471118799
2012-11-23 10:00:00,228.53501378560136
2012-11-23 11:00:00,236.0203443328959
2012-11-23 12:00:00,287.8801290222093
2012-11-23 13:00:00,349.54382918072315
2012-11-23 14:00:00,236.0203443328959
2012-11-23 15:00:00,349.54382918072315
2012-11-23 16:00:00,382.9284618511776
2012-11-23 17:00:00,594.8604665651138
2012-11-23 18:00:00,518.6330353731701
2012-11-23 19:00:00,427.36792687781667
2012-11-23 20:00:00,254.31776727388618
2012-11-23 21:00:00,228.53501378560136
2012-11-23 22:00:00,111.49962085040896
2012-11-23 23:00:00,135.68367969290932
2012-11-24 00:00:00,463.9466326109295
2012-11-24 01:00:00,106.790189509205
2012-11-24 02:00:00,42.17474270269944
2012-11-24 03:00:00,16.54147889521016
2012-11-24 04:00:00,12.994915956524158
2012-11-24 05:00:00,11.952317009090661
2012-11-24 06:00:00,24.05648013595262
2012-11-24 07:00:00,64.57784900435527
2012-11-24 08:00:00,327.3732685881122
2012-11-24 09:00:00,327.3732685881122
2012-11-24 10:00:00,327.3732685881122
2012-11-24 11:00:00,327.3732685881122
2012-11-24 12:00:00,327.3732685881122
2012-11-24 13:00:00,327.3732685881122
2012-11-24 14:00:00,178.12918891362787
2012-11-24 15:00:00,327.3732685881122
2012-11-24 16:00:00,411.0729860243103
2012-11-24 17:00:00,313.47374734815713
2012-11-24 18:00:00,313.47374734815713
2012-11-24 19:00:00,210.73421796208123
2012-11-24 20:00:00,497.23174323120674
2012-11-24 21:00:00,200.86117995255395
2012-11-24 22:00:00,200.86117995255395
2012-11-24 23:00:00,137.45446228874343
2012-11-25 00:00:00,111.49962085040896
2012-11-25 01:00:00,34.398743721461244
2012-11-25 02:00:00,64.70379279507858
2012-11-25 03:00:00,16.54147889521016
2012-11-25 04:00:00,7.648335953349445
2012-11-25 05:00:00,6.411785636380645
2012-11-25 06:00:00,24.05648013595262
2012-11-25 07:00:00,48.97352061353355
2012-11-25 08:00:00,111.49962085040896
2012-11-25 09:00:00,213.82506260083292
2012-11-25 10:00:00,228.53501378560136
2012-11-25 11:00:00,327.3732685881122
2012-11-25 12:00:00,327.3732685881122
2012-11-25 13:00:00,327.3732685881122
2012-11-25 14:00:00,327.3732685881122
2012-11-25 15:00:00,327.3732685881122
2012-11-25 16:00:00,411.0729860243103
2012-11-25 17:00:00,313.47374734815713
2012-11-25 18:00:00,313.47374734815713
2012-11-25 19:00:00,210.73421796208123
2012-11-25 20:00:00,213.82506260083292
2012-11-25 21:00:00,228.53501378560136
2012-11-25 22:00:00,111.49962085040896
2012-11-25 23:00:00,82.47221144046944
2012-11-26 00:00:00,111.49962085040896
2012-11-26 01:00:00,14.400851998274598
2012-11-26 02:00:00,11.148011666589216
2012-11-26 03:00:00,6.537320370126673
2012-11-26 04:00:00,9.72101458327908
2012-11-26 05:00:00,35.499059735727556
2012-11-26 06:00:00,135.68367969290932
2012-11-26 07:00:00,393.3303846781131
2012-11-26 08:00:00,638.9027281267914
2012-11-26 09:00:00,329.8188471118799
2012-11-26 10:00:00,228.53501378560136
2012-11-26 11:00:00,236.0203443328959
2012-11-26 12:00:00,287.8801290222093
2012-11-26 13:00:00,225.5908028259471
2012-11-26 14:00:00,236.0203443328959
2012-11-26 15:00:00,225.5908028259471
2012-11-26 16:00:00,382.9284618511776
2012-11-26 17:00:00,594.8604665651138
2012-11-26 18:00:00,594.8604665651138
2012-11-26 19:00:00,360.61539124221395
2012-11-26 20:00:00,254.31776727388618
2012-11-26 21:00:00,228.53501378560136
2012-11-26 22:00:00,111.49962085040896
2012-11-26 23:00:00,92.65431420940561
2012-11-27 00:00:00,111.49962085040896
2012-11-27 01:00:00,14.400851998274598
2012-11-27 02:00:00,3.6614224110025346
2012-11-27 03:00:00,6.537320370126673
2012-11-27 04:00:00,5.817666785603332
2012-11-27 05:00:00,26.23379980803643
2012-11-27 06:00:00,135.68367969290932
2012-11-27 07:00:00,203.03874841863666
2012-11-27 08:00:00,291.8597744440674
2012-11-27 09:00:00,329.8188471118799
2012-11-27 10:00:00,48.134017044460656
2012-11-27 11:00:00,25.25541090443384
2012-11-27 12:00:00,25.25541090443384
2012-11-27 13:00:00,25.25541090443384
2012-11-27 14:00:00,25.25541090443384
2012-11-27 15:00:00,279.0859646094786
2012-11-27 16:00:00,465.58367533291226
2012-11-27 17:00:00,594.8604665651138
2012-11-27 18:00:00,518.6330353731701
2012-11-27 19:00:00,360.61539124221395
2012-11-27 20:00:00,254.31776727388618
2012-11-27 21:00:00,228.53501378560136
2012-11-27 22:00:00,111.49962085040896
2012-11-27 23:00:00,92.65431420940561
2012-11-28 00:00:00,111.49962085040896
2012-11-28 01:00:00,14.400851998274598
2012-11-28 02:00:00,3.6614224110025346
2012-11-28 03:00:00,6.537320370126673
2012-11-28 04:00:00,5.817666785603332
2012-11-28 05:00:00,35.499059735727556
2012-11-28 06:00:00,135.68367969290932
2012-11-28 07:00:00,393.3303846781131
2012-11-28 08:00:00,680.4103666162747
2012-11-28 09:00:00,329.8188471118799
2012-11-28 10:00:00,228.53501378560136
2012-11-28 11:00:00,236.0203443328959
2012-11-28 12:00:00,215.4166186324558
2012-11-28 13:00:00,225.5908028259471
2012-11-28 14:00:00,236.0203443328959
2012-11-28 15:00:00,225.5908028259471
2012-11-28 16:00:00,322.05211226594156
2012-11-28 17:00:00,594.8604665651138
2012-11-28 18:00:00,518.6330353731701
2012-11-28 19:00:00,360.61539124221395
2012-11-28 20:00:00,254.31776727388618
2012-11-28 21:00:00,228.53501378560136
2012-11-28 22:00:00,111.49962085040896
2012-11-28 23:00:00,92.65431420940561
2012-11-29 00:00:00,111.49962085040896
2012-11-29 01:00:00,14.400851998274598
2012-11-29 02:00:00,11.952317009090661
2012-11-29 04:00:00,8.586010758494822
2012-11-29 05:00:00,35.499059735727556
2012-11-29 06:00:00,135.68367969290932
2012-11-29 07:00:00,393.3303846781131
2012-11-29 08:00:00,638.9027281267914
2012-11-29 09:00:00,329.8188471118799
2012-11-29 10:00:00,228.53501378560136
2012-11-29 11:00:00,236.0203443328959
2012-11-29 12:00:00,215.4166186324558
2012-11-29 13:00:00,225.5908028259471
2012-11-29 14:00:00,236.0203443328959
2012-11-29 15:00:00,225.5908028259471
2012-11-29 16:00:00,382.9284618511776
2012-11-29 17:00:00,594.8604665651138
2012-11-29 18:00:00,518.6330353731701
2012-11-29 19:00:00,360.61539124221395
2012-11-29 20:00:00,254.31776727388618
2012-11-29 21:00:00,228.53501378560136
2012-11-29 22:00:00,111.49962085040896
2012-11-29 23:00:00,92.65431420940561
2012-11-30 00:00:00,111.49962085040896
2012-11-30 01:00:00,14.785098767560163
2012-11-30 02:00:00,11.952317009090661
2012-11-30 03:00:00,6.537320370126673
2012-11-30 04:00:00,7.648335953349445
2012-11-30 05:00:00,26.23379980803643
2012-11-30 06:00:00,135.68367969290932
2012-11-30 07:00:00,409.19500823608627
2012-11-30 08:00:00,638.9027281267914
2012-11-30 09:00:00,329.8188471118799
2012-11-30 10:00:00,228.53501378560136
2012-11-30 11:00:00,236.0203443328959
2012-11-30 12:00:00,287.8801290222093
2012-11-30 13:00:00,349.54382918072315
2012-11-30 14:00:00,236.0203443328959
2012-11-30 15:00:00,349.54382918072315
2012-11-30 16:00:00,382.9284618511776
2012-11-30 17:00:00,594.8604665651138
2012-11-30 18:00:00,518.6330353731701
2012-11-30 19:00:00,360.61539124221395
2012-11-30 20:00:00,254.31776727388618
2012-11-30 21:00:00,228.53501378560136
2012-11-30 22:00:00,111.49962085040896
2012-11-30 23:00:00,135.68367969290932
2012-12-20 00:00:00,111.49962085040896
2012-12-20 01:00:00,14.400851998274598
2012-12-20 02:00:00,11.952317009090661
2012-12-20 03:00:00,2.294626545916417
2012-12-20 04:00:00,6.954226459353433
2012-12-20 05:00:00,35.499059735727556
2012-12-20 06:00:00,113.53258177459433
2012-12-20 07:00:00,393.3303846781131
2012-12-20 08:00:00,638.9027281267914
2012-12-20 09:00:00,329.8188471118799
2012-12-20 10:00:00,228.53501378560136
2012-12-20 11:00:00,236.0203443328959
2012-12-20 12:00:00,237.3947487378787
2012-12-20 13:00:00,225.5908028259471
2012-12-20 14:00:00,236.0203443328959
2012-12-20 15:00:00,225.5908028259471
2012-12-20 16:00:00,382.9284618511776
2012-12-20 17:00:00,594.8604665651138
2012-12-20 18:00:00,518.6330353731701
2012-12-20 19:00:00,87.19122952478607
2012-12-20 20:00:00,87.19122952478607
2012-12-20 21:00:00,87.19122952478607
2012-12-20 22:00:00,25.25541090443384
2012-12-20 23:00:00,60.311062054619974
2012-12-21 00:00:00,25.25541090443384
2012-12-21 01:00:00,40.30030520508843
2012-12-21 02:00:00,15.488728148215362
2012-12-21 03:00:00,8.269174492020216
2012-12-21 04:00:00,7.648335953349445
2012-12-21 05:00:00,26.23379980803643
2012-12-21 06:00:00,113.53258177459433
2012-12-21 07:00:00,318.36756433287644
2012-12-21 08:00:00,638.9027281267914
2012-12-21 09:00:00,329.8188471118799
2012-12-21 10:00:00,228.53501378560136
2012-12-21 11:00:00,236.0203443328959
2012-12-21 12:00:00,215.4166186324558
2012-12-21 13:00:00,349.54382918072315
2012-12-21 14:00:00,236.0203443328959
2012-12-21 15:00:00,349.54382918072315
2012-12-21 16:00:00,382.9284618511776
2012-12-21 17:00:00,594.8604665651138
2012-12-21 18:00:00,518.6330353731701
2012-12-21 19:00:00,427.36792687781667
2012-12-21 20:00:00,254.31776727388618
2012-12-21 21:00:00,228.53501378560136
2012-12-21 22:00:00,111.49962085040896
2012-12-21 23:00:00,135.68367969290932
2012-12-22 00:00:00,327.3732685881122
2012-12-22 01:00:00,34.398743721461244
2012-12-22 02:00:00,42.17474270269944
2012-12-22 03:00:00,16.54147889521016
2012-12-22 04:00:00,12.994915956524158
2012-12-22 05:00:00,7.06644730694987
2012-12-22 06:00:00,24.05648013595262
2012-12-22 07:00:00,64.57784900435527
2012-12-22 08:00:00,327.3732685881122
2012-12-22 09:00:00,213.82506260083292
2012-12-22 10:00:00,228.53501378560136
2012-12-22 11:00:00,327.3732685881122
2012-12-22 12:00:00,327.3732685881122
2012-12-22 13:00:00,327.3732685881122
2012-12-22 14:00:00,327.3732685881122
2012-12-22 15:00:00,178.12918891362787
2012-12-22 16:00:00,411.0729860243103
2012-12-22 17:00:00,313.47374734815713
2012-12-22 18:00:00,313.47374734815713
2012-12-22 19:00:00,210.73421796208123
2012-12-22 20:00:00,213.82506260083292
2012-12-22 21:00:00,228.53501378560136
2012-12-22 22:00:00,111.49962085040896
2012-12-22 23:00:00,137.45446228874343
2012-12-23 00:00:00,111.49962085040896
2012-12-23 01:00:00,34.398743721461244
2012-12-23 02:00:00,64.70379279507858
2012-12-23 03:00:00,16.54147889521016
2012-12-23 04:00:00,12.994915956524158
2012-12-23 05:00:00,7.06644730694987
2012-12-23 06:00:00,39.731842348998846
2012-12-23 07:00:00,48.97352061353355
2012-12-23 08:00:00,111.49962085040896
2012-12-23 09:00:00,213.82506260083292
2012-12-23 10:00:00,228.53501378560136
2012-12-23 11:00:00,451.60435636988456
2012-12-23 12:00:00,327.3732685881122
2012-12-23 13:00:00,327.3732685881122
2012-12-23 14:00:00,178.12918891362787
2012-12-23 15:00:00,178.12918891362787
2012-12-23 16:00:00,411.0729860243103
2012-12-23 17:00:00,313.47374734815713
2012-12-23 18:00:00,313.47374734815713
2012-12-23 19:00:00,210.73421796208123
2012-12-23 20:00:00,213.82506260083292
2012-12-23 21:00:00,228.53501378560136
2012-12-23 22:00:00,111.49962085040896
2012-12-23 23:00:00,82.47221144046944
2012-12-24 00:00:00,111.49962085040896
2012-12-24 01:00:00,5.620493786680336
2012-12-24 02:00:00,7.06644730694987
2012-12-24 03:00:00,6.537320370126673
2012-12-24 05:00:00,26.23379980803643
2012-12-24 06:00:00,113.53258177459433
2012-12-24 07:00:00,393.3303846781131
2012-12-24 08:00:00,638.9027281267914
2012-12-24 09:00:00,329.8188471118799
2012-12-24 10:00:00,228.53501378560136
2012-12-24 11:00:00,236.0203443328959
2012-12-24 12:00:00,287.8801290222093
2012-12-24 13:00:00,34.51723243805117
2012-12-24 14:00:00,25.25541090443384
2012-12-24 15:00:00,25.25541090443384
2012-12-24 16:00:00,180.5704150943746
2012-12-24 17:00:00,119.24249886545239
2012-12-24 18:00:00,119.24249886545239
2012-12-24 19:00:00,427.36792687781667
2012-12-24 20:00:00,75.84516361451408
2012-12-24 21:00:00,25.25541090443384
2012-12-24 22:00:00,111.49962085040896
2012-12-24 23:00:00,34.21134785021455
2012-12-25 00:00:00,67.05851461343518
2012-12-25 01:00:00,34.398743721461244
2012-12-25 02:00:00,26.23379980803643
2012-12-25 04:00:00,12.994915956524158
2012-12-25 05:00:00,2.64111740110372
2012-12-25 06:00:00,15.061334364775764
2012-12-25 07:00:00,64.57784900435527
2012-12-25 08:00:00,111.49962085040896
2012-12-25 09:00:00,329.8188471118799
2012-12-25 10:00:00,228.53501378560136
2012-12-25 11:00:00,451.60435636988456
2012-12-25 12:00:00,393.3303846781131
2012-12-25 13:00:00,485.507313017382
2012-12-25 14:00:00,463.9466326109295
2012-12-25 15:00:00,485.507313017382
2012-12-25 16:00:00,492.26329079123803
2012-12-25 17:00:00,313.47374734815713
2012-12-25 18:00:00,313.47374734815713
2012-12-25 19:00:00,210.73421796208123
2012-12-25 20:00:00,254.31776727388618
2012-12-25 21:00:00,228.53501378560136
2012-12-25 22:00:00,111.49962085040896
2012-12-25 23:00:00,82.47221144046944
2012-12-26 00:00:00,111.49962085040896
2012-12-26 01:00:00,5.620493786680336
2012-12-26 02:00:00,2.1755032513514077
2012-12-26 03:00:00,6.537320370126673
2012-12-26 04:00:00,5.817666785603332
2012-12-26 05:00:00,35.499059735727556
2012-12-26 06:00:00,113.53258177459433
2012-12-26 07:00:00,130.48461679080475
2012-12-26 08:00:00,130.48461679080475
2012-12-26 09:00:00,69.38025471856538
2012-12-26 10:00:00,25.25541090443384
2012-12-26 11:00:00,25.25541090443384
2012-12-26 12:00:00,25.25541090443384
2012-12-26 13:00:00,25.25541090443384
2012-12-26 14:00:00,25.25541090443384
2012-12-26 15:00:00,25.25541090443384
2012-12-26 16:00:00,75.84516361451408
2012-12-26 17:00:00,119.24249886545239
2012-12-26 18:00:00,119.24249886545239
2012-12-26 19:00:00,217.90509771850853
2012-12-26 20:00:00,75.84516361451408
2012-12-26 21:00:00,228.53501378560136
2012-12-26 22:00:00,25.25541090443384
2012-12-26 23:00:00,34.21134785021455
2012-12-27 00:00:00,25.25541090443384
2012-12-27 01:00:00,5.620493786680336
2012-12-27 02:00:00,7.06644730694987
2012-12-27 03:00:00,2.294626545916417
2012-12-27 04:00:00,6.954226459353433
2012-12-27 05:00:00,26.23379980803643
2012-12-27 06:00:00,113.53258177459433
2012-12-27 07:00:00,393.3303846781131
2012-12-27 08:00:00,638.9027281267914
2012-12-27 09:00:00,329.8188471118799
2012-12-27 10:00:00,228.53501378560136
2012-12-27 11:00:00,236.0203443328959
2012-12-27 12:00:00,215.4166186324558
2012-12-27 13:00:00,225.5908028259471
2012-12-27 14:00:00,236.0203443328959
2012-12-27 15:00:00,225.5908028259471
2012-12-27 16:00:00,382.9284618511776
2012-12-27 17:00:00,594.8604665651138
2012-12-27 18:00:00,518.6330353731701
2012-12-27 19:00:00,427.36792687781667
2012-12-27 20:00:00,254.31776727388618
2012-12-27 21:00:00,228.53501378560136
2012-12-27 22:00:00,111.49962085040896
2012-12-27 23:00:00,92.65431420940561
2012-12-28 00:00:00,111.49962085040896
2012-12-28 01:00:00,40.30030520508843
2012-12-28 02:00:00,9.375046073784818
2012-12-28 03:00:00,6.537320370126673
2012-12-28 04:00:00,9.696739454143772
2012-12-28 05:00:00,35.499059735727556
2012-12-28 06:00:00,113.53258177459433
2012-12-28 07:00:00,318.36756433287644
2012-12-28 08:00:00,638.9027281267914
2012-12-28 09:00:00,329.8188471118799
2012-12-28 10:00:00,228.53501378560136
2012-12-28 11:00:00,236.0203443328959
2012-12-28 12:00:00,215.4166186324558
2012-12-28 13:00:00,349.54382918072315
2012-12-28 14:00:00,236.0203443328959
2012-12-28 15:00:00,349.54382918072315
2012-12-28 16:00:00,382.9284618511776
2012-12-28 17:00:00,594.8604665651138
2012-12-28 18:00:00,518.6330353731701
2012-12-28 19:00:00,427.36792687781667
2012-12-28 20:00:00,254.31776727388618
2012-12-28 21:00:00,228.53501378560136
2012-12-28 22:00:00,111.49962085040896
2012-12-28 23:00:00,135.68367969290932
2012-12-29 00:00:00,111.49962085040896
2012-12-29 01:00:00,34.398743721461244
2012-12-29 02:00:00,54.597619124055235
2012-12-29 03:00:00,16.54147889521016
2012-12-29 04:00:00,12.994915956524158
2012-12-29 05:00:00,7.06644730694987
2012-12-29 06:00:00,39.731842348998846
2012-12-29 07:00:00,64.57784900435527
2012-12-29 08:00:00,111.49962085040896
2012-12-29 09:00:00,213.82506260083292
2012-12-29 10:00:00,48.134017044460656
2012-12-29 11:00:00,67.05851461343518
2012-12-29 12:00:00,67.05851461343518
2012-12-29 13:00:00,67.05851461343518
2012-12-29 14:00:00,451.60435636988456
2012-12-29 15:00:00,485.507313017382
2012-12-29 16:00:00,411.0729860243103
2012-12-29 17:00:00,313.47374734815713
2012-12-29 18:00:00,313.47374734815713
2012-12-29 19:00:00,210.73421796208123
2012-12-29 20:00:00,213.82506260083292
2012-12-29 21:00:00,228.53501378560136
2012-12-29 22:00:00,111.49962085040896
2012-12-29 23:00:00,137.45446228874343
2012-12-30 00:00:00,111.49962085040896
2012-12-30 01:00:00,34.398743721461244
2012-12-30 02:00:00,64.70379279507858
2012-12-30 03:00:00,16.54147889521016
2012-12-30 04:00:00,12.994915956524158
2012-12-30 05:00:00,7.06644730694987
2012-12-30 06:00:00,24.05648013595262
2012-12-30 07:00:00,48.97352061353355
2012-12-30 08:00:00,111.49962085040896
2012-12-30 09:00:00,213.82506260083292
2012-12-30 10:00:00,327.3732685881122
2012-12-30 11:00:00,327.3732685881122
2012-12-30 12:00:00,327.3732685881122
2012-12-30 13:00:00,327.3732685881122
2012-12-30 14:00:00,327.3732685881122
2012-12-30 15:00:00,327.3732685881122
2012-12-30 16:00:00,411.0729860243103
2012-12-30 17:00:00,313.47374734815713
2012-12-30 18:00:00,313.47374734815713
2012-12-30 19:00:00,210.73421796208123
2012-12-30 20:00:00,213.82506260083292
2012-12-30 21:00:00,228.53501378560136
2012-12-30 22:00:00,111.49962085040896
2012-12-30 23:00:00,82.47221144046944
2012-12-31 00:00:00,111.49962085040896
2012-12-31 01:00:00,5.620493786680336
2012-12-31 02:00:00,7.06644730694987
2012-12-31 03:00:00,6.537320370126673
2012-12-31 04:00:00,9.72101458327908
2012-12-31 05:00:00,35.499059735727556
2012-12-31 06:00:00,113.53258177459433
2012-12-31 07:00:00,393.3303846781131
2012-12-31 08:00:00,638.9027281267914
2012-12-31 09:00:00,329.8188471118799
2012-12-31 10:00:00,228.53501378560136
2012-12-31 11:00:00,236.0203443328959
2012-12-31 12:00:00,360.2789267620156
2012-12-31 13:00:00,225.5908028259471
2012-12-31 14:00:00,236.0203443328959
2012-12-31 15:00:00,225.5908028259471
2012-12-31 16:00:00,382.9284618511776
2012-12-31 17:00:00,594.8604665651138
2012-12-31 18:00:00,594.8604665651138
2012-12-31 19:00:00,427.36792687781667
2012-12-31 20:00:00,254.31776727388618
2012-12-31 21:00:00,228.53501378560136
2012-12-31 22:00:00,111.49962085040896
2012-12-31 23:00:00,92.65431420940561
