datetime,count
2011-01-20 00:00:00,44.577192592193754
2011-01-20 01:00:00,4.643520336188274
2011-01-20 02:00:00,2.381919731010388
2011-01-20 03:00:00,2.490735635526715
2011-01-20 04:00:00,2.0508434543710967
2011-01-20 05:00:00,4.1819150673001575
2011-01-20 06:00:00,33.55039635734988
2011-01-20 07:00:00,80.36585290902475
2011-01-20 08:00:00,188.8892572958109
2011-01-20 09:00:00,119.42410273430421
2011-01-20 10:00:00,60.67693225045126
2011-01-20 11:00:00,62.519169844089404
2011-01-20 12:00:00,62.83425462422297
2011-01-20 13:00:00,64.28874854513299
2011-01-20 14:00:00,67.14740938670612
2011-01-20 15:00:00,60.15114633999067
2011-01-20 16:00:00,78.80852136571288
2011-01-20 17:00:00,176.50034140312167
2011-01-20 18:00:00,152.66381961555905
2011-01-20 19:00:00,94.27339581713902
2011-01-20 20:00:00,59.53677336234353
2011-01-20 21:00:00,50.65912107346214
2011-01-20 22:00:00,38.62421208414457
2011-01-20 23:00:00,25.489612050592225
2011-01-21 00:00:00,45.60309573002606
2011-01-21 01:00:00,5.2640781204990725
2011-01-21 02:00:00,2.872143829462913
2011-01-21 03:00:00,1.6810636059593802
2011-01-21 04:00:00,1.6363563323087762
2011-01-21 05:00:00,2.6234122460652354
2011-01-21 06:00:00,29.226988348152798
2011-01-21 07:00:00,75.87833542563678
2011-01-21 08:00:00,187.52223879215302
2011-01-21 09:00:00,121.53483946861252
2011-01-21 10:00:00,43.375737670414175
2011-01-21 11:00:00,50.73461448091975
2011-01-21 12:00:00,51.85565458064175
2011-01-21 13:00:00,54.978414635076085
2011-01-21 14:00:00,44.51802655402737
2011-01-21 15:00:00,45.292227538751945
2011-01-21 16:00:00,67.46866563159914
2011-01-21 17:00:00,147.40310377392422
2011-01-21 18:00:00,116.85956615037105
2011-01-21 19:00:00,61.20757955004313
2011-01-21 20:00:00,25.357212673649112
2011-01-21 21:00:00,24.03590488553962
2011-01-21 22:00:00,24.798185887411872
2011-01-21 23:00:00,18.13916567308497
2011-01-22 00:00:00,24.41120348149977
2011-01-22 01:00:00,17.151537937438892
2011-01-22 02:00:00,12.402561376276283
2011-01-22 03:00:00,4.438085167049496
2011-01-22 04:00:00,2.0157923404940927
2011-01-22 06:00:00,2.2569401007418994
2011-01-22 07:00:00,13.617338933500392
2011-01-22 08:00:00,23.06967242278117
2011-01-22 09:00:00,31.981963887266797
2011-01-22 10:00:00,29.080772364854074
2011-01-22 11:00:00,30.414240785193453
2011-01-22 12:00:00,33.51062575241964
2011-01-22 13:00:00,40.00858745141445
2011-01-22 14:00:00,33.924599587961396
2011-01-22 15:00:00,36.94798235482959
2011-01-22 16:00:00,42.186764737833656
2011-01-22 17:00:00,59.094215019317815
2011-01-22 18:00:00,43.685204363122025
2011-01-22 19:00:00,31.40319956638479
2011-01-22 20:00:00,24.530807271245532
2011-01-22 21:00:00,27.453903396630167
2011-01-22 22:00:00,22.988515590592964
2011-01-22 23:00:00,16.942974948342826
2011-01-23 00:00:00,19.705365883883296
2011-01-23 01:00:00,17.738172075050148
2011-01-23 02:00:00,12.059748125414062
2011-01-23 03:00:00,7.658895448592132
2011-01-23 05:00:00,1.8073083416853073
2011-01-23 06:00:00,1.9543263624522929
2011-01-23 07:00:00,9.707459521289
2011-01-23 08:00:00,19.705665756898355
2011-01-23 09:00:00,30.034124467079337
2011-01-23 10:00:00,36.196162668889905
2011-01-23 11:00:00,43.590453525060354
2011-01-23 12:00:00,55.95815695946881
2011-01-23 13:00:00,46.12552968400517
2011-01-23 14:00:00,58.63727381411547
2011-01-23 15:00:00,61.693275160382846
2011-01-23 16:00:00,66.34056151477768
2011-01-23 17:00:00,64.68935868058144
2011-01-23 18:00:00,50.247474659955245
2011-01-23 19:00:00,34.53484325408206
2011-01-23 20:00:00,27.944576948608468
2011-01-23 21:00:00,27.79282689705799
2011-01-23 22:00:00,23.298686347696016
2011-01-23 23:00:00,14.876730146305873
2011-01-24 00:00:00,18.49467799036242
2011-01-24 01:00:00,2.7999790980952985
2011-01-24 03:00:00,1.344301269500747
2011-01-24 04:00:00,2.3702197656171258
2011-01-24 05:00:00,4.505115910246181
2011-01-24 06:00:00,24.552987014648398
2011-01-24 07:00:00,59.670953853736364
2011-01-24 08:00:00,171.2874783014612
2011-01-24 09:00:00,98.04301716315054
2011-01-24 10:00:00,27.39986833725685
2011-01-24 11:00:00,20.487468464709476
2011-01-24 12:00:00,31.165762677417362
2011-01-24 13:00:00,42.64907656818538
2011-01-24 14:00:00,35.60630605950871
2011-01-24 15:00:00,51.413308882919914
2011-01-24 16:00:00,61.672139619761694
2011-01-24 17:00:00,123.67086918013985
2011-01-24 18:00:00,114.22882638146795
2011-01-24 19:00:00,73.00203038596553
2011-01-24 20:00:00,37.944758569008336
2011-01-24 21:00:00,34.22543519174019
2011-01-24 22:00:00,23.4217957902493
2011-01-24 23:00:00,21.437106140703293
2011-01-25 00:00:00,23.935988688706693
2011-01-25 01:00:00,3.3523329408741644
2011-01-25 02:00:00,2.1171729384913895
2011-01-25 04:00:00,1.8964149375901507
2011-01-25 05:00:00,4.086100473336695
2011-01-25 06:00:00,31.309436418549627
2011-01-25 07:00:00,75.66009092035726
2011-01-25 08:00:00,180.6233194945002
2011-01-25 09:00:00,108.53717896049099
2011-01-25 10:00:00,46.94837943787423
2011-01-25 11:00:00,52.43734775135675
2011-01-25 12:00:00,48.26390577145773
2011-01-25 13:00:00,62.92049526218748
2011-01-25 14:00:00,60.96436326971483
2011-01-25 15:00:00,68.1244557830088
2011-01-25 16:00:00,86.00297205917313
2011-01-25 17:00:00,190.31319108243582
2011-01-25 18:00:00,162.67045090244525
2011-01-25 19:00:00,96.76470021627806
2011-01-25 20:00:00,59.83533788367789
2011-01-25 21:00:00,48.40551435069307
2011-01-25 22:00:00,39.47571259475933
2011-01-25 23:00:00,23.660123482961826
2011-01-26 00:00:00,28.84328142596621
2011-01-26 01:00:00,5.005809164059689
2011-01-26 02:00:00,2.6046289878932445
2011-01-26 05:00:00,2.807471356928252
2011-01-26 06:00:00,22.35171530725124
2011-01-26 07:00:00,34.461758718609524
2011-01-26 08:00:00,93.70645962927358
2011-01-26 09:00:00,40.924546536065435
2011-01-26 10:00:00,17.012113488842115
2011-01-26 11:00:00,15.619543018893628
2011-01-26 12:00:00,15.449387340170656
2011-01-26 13:00:00,17.534334356405804
2011-01-26 14:00:00,15.956800109109832
2011-01-26 15:00:00,14.923056426811357
2011-01-26 16:00:00,19.03967460689283
2011-01-26 17:00:00,42.83553525311435
2011-01-27 16:00:00,58.92951476329518
2011-01-27 17:00:00,152.0482155971326
2011-01-27 18:00:00,123.39600847548981
2011-01-27 19:00:00,81.02755063007727
2011-01-27 20:00:00,54.86751721139129
2011-01-27 21:00:00,41.32699613071986
2011-01-27 22:00:00,33.30694416427935
2011-01-27 23:00:00,26.065992077391623
2011-01-28 00:00:00,37.59278706138379
2011-01-28 01:00:00,5.832457607997364
2011-01-28 02:00:00,1.8767687259574048
2011-01-28 03:00:00,1.4417532488012166
2011-01-28 05:00:00,6.055162748318923
2011-01-28 06:00:00,29.430872076092545
2011-01-28 07:00:00,64.86296759417453
2011-01-28 08:00:00,171.63511019204913
2011-01-28 09:00:00,44.43818737002328
2011-01-28 10:00:00,26.78738573932358
2011-01-28 11:00:00,23.425007834374522
2011-01-28 12:00:00,22.533957591793985
2011-01-28 13:00:00,23.957753974239107
2011-01-28 14:00:00,28.456106634105645
2011-01-28 15:00:00,36.453573160636154
2011-01-28 16:00:00,46.93026303002976
2011-01-28 17:00:00,148.4404563171677
2011-01-28 18:00:00,137.60848638559136
2011-01-28 19:00:00,97.62745884012789
2011-01-28 20:00:00,64.35085394931225
2011-01-28 21:00:00,50.2688947268189
2011-01-28 22:00:00,40.00148022481021
2011-01-28 23:00:00,29.572785935516837
2011-01-29 00:00:00,52.43609171849352
2011-01-29 01:00:00,20.38667149238956
2011-01-29 02:00:00,15.83949195144425
2011-01-29 03:00:00,8.930500593319662
2011-01-29 04:00:00,2.8826850281859664
2011-01-29 06:00:00,2.989495253437784
2011-01-29 07:00:00,11.871042874766776
2011-01-29 08:00:00,25.887293933191586
2011-01-29 09:00:00,39.517684296174515
2011-01-29 10:00:00,37.16553795954765
2011-01-29 11:00:00,40.4839739801977
2011-01-29 12:00:00,55.08031878705637
2011-01-29 13:00:00,53.53274434500657
2011-01-29 14:00:00,42.74372011650326
2011-01-29 15:00:00,51.6907558637893
2011-01-29 16:00:00,50.91778331491676
2011-01-29 17:00:00,61.95925313178362
2011-01-29 18:00:00,59.72860544749381
2011-01-29 19:00:00,57.28179208832259
2011-01-29 20:00:00,36.2307439603392
2011-01-29 21:00:00,33.33139694311003
2011-01-29 22:00:00,28.97887220686912
2011-01-29 23:00:00,22.2459144810923
2011-01-30 00:00:00,26.77046415752448
2011-01-30 01:00:00,23.054357238936493
2011-01-30 02:00:00,16.862068882246533
2011-01-30 03:00:00,8.742362210657957
2011-01-30 04:00:00,3.115065815044097
2011-01-30 05:00:00,2.209897667369871
2011-01-30 07:00:00,10.096221937735448
2011-01-30 08:00:00,22.14166641996744
2011-01-30 09:00:00,40.565785543333305
2011-01-30 10:00:00,37.63727890273243
2011-01-30 11:00:00,36.12121542948203
2011-01-30 12:00:00,66.50244901268823
2011-01-30 13:00:00,40.60596876230896
2011-01-30 14:00:00,43.981643195122956
2011-01-30 15:00:00,56.45043767716814
2011-01-30 16:00:00,62.01828244267512
2011-01-30 17:00:00,85.39227767627992
2011-01-30 18:00:00,63.51436224159808
2011-01-30 19:00:00,47.584391236513596
2011-01-30 20:00:00,36.48800778204858
2011-01-30 21:00:00,40.54528496064801
2011-01-30 22:00:00,33.93769945921779
2011-01-30 23:00:00,22.71601968957177
2011-01-31 00:00:00,42.13385954309169
2011-01-31 01:00:00,2.970776776990908
2011-01-31 02:00:00,2.285825117409703
2011-01-31 03:00:00,1.534031562393437
2011-01-31 04:00:00,1.4053901144788175
2011-01-31 05:00:00,2.379175806884188
2011-01-31 06:00:00,29.401152793685377
2011-01-31 07:00:00,63.40649755004263
2011-01-31 08:00:00,177.64393152488907
2011-01-31 09:00:00,106.63843097077914
2011-01-31 10:00:00,37.27733920444349
2011-01-31 11:00:00,35.11821751183595
2011-01-31 12:00:00,41.69665860552082
2011-01-31 13:00:00,35.01784737390401
2011-01-31 14:00:00,38.688207094573144
2011-01-31 15:00:00,31.30926916577031
2011-01-31 16:00:00,43.67351020774658
2011-01-31 17:00:00,129.42867538613422
2011-01-31 18:00:00,130.70416165242352
2011-01-31 19:00:00,96.91629013187665
2011-01-31 20:00:00,35.222838105583584
2011-01-31 21:00:00,23.94493129203415
2011-01-31 22:00:00,23.31546006080355
2011-01-31 23:00:00,20.18065176762172
2011-02-20 00:00:00,63.90372722928212
2011-02-20 01:00:00,22.44620736178777
2011-02-20 02:00:00,14.653769061521867
2011-02-20 03:00:00,5.265888017747985
2011-02-20 04:00:00,1.5800996186138019
2011-02-20 06:00:00,2.6427687063882597
2011-02-20 07:00:00,14.659853289578212
2011-02-20 08:00:00,26.149419831500005
2011-02-20 09:00:00,48.389323075948745
2011-02-20 10:00:00,62.90875448857972
2011-02-20 11:00:00,79.15041468985937
2011-02-20 12:00:00,80.10608704307249
2011-02-20 13:00:00,111.8721316889648
2011-02-20 14:00:00,106.45195508522855
2011-02-20 15:00:00,110.1251249302734
2011-02-20 16:00:00,115.65921692647075
2011-02-20 17:00:00,137.9717512949344
2011-02-20 18:00:00,113.71619030540495
2011-02-20 19:00:00,93.90277659711303
2011-02-20 20:00:00,85.43409105171443
2011-02-20 21:00:00,59.70800899535261
2011-02-20 22:00:00,55.87743053753107
2011-02-20 23:00:00,35.06571360664495
2011-02-21 00:00:00,85.20756810074144
2011-02-21 01:00:00,22.1023573514306
2011-02-21 02:00:00,13.194537963002533
2011-02-21 03:00:00,4.350313996171621
2011-02-21 04:00:00,2.9940743321043652
2011-02-21 05:00:00,3.041331280684735
2011-02-21 06:00:00,6.793606562052884
2011-02-21 07:00:00,42.02528686272616
2011-02-21 08:00:00,63.53193338997094
2011-02-21 09:00:00,67.56349024914847
2011-02-21 10:00:00,80.17827959594217
2011-02-21 11:00:00,75.43481958961335
2011-02-21 12:00:00,85.19142249034306
2011-02-21 13:00:00,24.645923971639633
2011-02-21 14:00:00,82.33354020067212
2011-02-21 15:00:00,39.88619651788943
2011-02-21 16:00:00,21.410197322099524
2011-02-21 17:00:00,64.95665031663127
2011-02-21 18:00:00,52.03402503252289
2011-02-21 19:00:00,35.311458597875074
2011-02-21 20:00:00,18.96906968437346
2011-02-21 21:00:00,16.833020930480394
2011-02-21 22:00:00,17.1136754892415
2011-02-21 23:00:00,11.586317763596618
2011-02-22 06:00:00,31.8178525019811
2011-02-22 07:00:00,68.00063746650571
2011-02-22 08:00:00,204.86044488628693
2011-02-22 09:00:00,116.44120465194179
2011-02-22 10:00:00,28.359812108977998
2011-02-22 11:00:00,36.7661724686838
2011-02-22 12:00:00,43.50445352721116
2011-02-22 13:00:00,52.258758682612466
2011-02-22 14:00:00,45.13044066786646
2011-02-22 15:00:00,58.185307042613985
2011-02-22 16:00:00,60.981775798193325
2011-02-22 17:00:00,156.64819253326826
2011-02-22 18:00:00,157.42580887784737
2011-02-22 19:00:00,91.29823294252255
2011-02-22 20:00:00,50.530247767825905
2011-02-22 21:00:00,44.26935829729738
2011-02-22 22:00:00,37.126897138394725
2011-02-22 23:00:00,23.929398246505517
2011-02-23 00:00:00,30.665051431944747
2011-02-23 01:00:00,5.691181398610153
2011-02-23 02:00:00,2.0949794884911923
2011-02-23 03:00:00,1.362765225983315
2011-02-23 05:00:00,5.613507602527999
2011-02-23 06:00:00,33.47630206148862
2011-02-23 07:00:00,78.90246831048887
2011-02-23 08:00:00,206.7632039021318
2011-02-23 09:00:00,107.52137797239985
2011-02-23 10:00:00,34.225773877537655
2011-02-23 11:00:00,39.18051094300891
2011-02-23 12:00:00,53.212940912395275
2011-02-23 13:00:00,70.29021907622086
2011-02-23 14:00:00,78.55779920910528
2011-02-23 15:00:00,80.8477787922587
2011-02-23 16:00:00,95.20621342085477
2011-02-23 17:00:00,217.74641677803743
2011-02-23 18:00:00,200.03199535495114
2011-02-23 19:00:00,113.37662829975868
2011-02-23 20:00:00,49.76037850944143
2011-02-23 21:00:00,32.55876830838589
2011-02-23 22:00:00,29.57488494777527
2011-02-23 23:00:00,25.690315369647287
2011-02-24 00:00:00,34.80905958951771
2011-02-24 01:00:00,4.375240215045941
2011-02-24 02:00:00,2.2594772826535303
2011-02-24 03:00:00,1.8211004370951778
2011-02-24 05:00:00,6.469681283292678
2011-02-24 06:00:00,36.62480685919229
2011-02-24 07:00:00,95.01948089863542
2011-02-24 08:00:00,241.0361195942873
2011-02-24 09:00:00,124.47141720388295
2011-02-24 10:00:00,45.98766187200826
2011-02-24 11:00:00,55.46882119901718
2011-02-24 12:00:00,58.55636823542949
2011-02-24 13:00:00,70.75545741522095
2011-02-24 14:00:00,70.83374092861052
2011-02-24 15:00:00,26.975051799690718
2011-02-24 16:00:00,30.924900073385906
2011-02-24 17:00:00,71.6041447675002
2011-02-24 18:00:00,119.36519658482486
2011-02-24 19:00:00,22.466673223956523
2011-02-24 20:00:00,52.112643355124874
2011-02-24 21:00:00,50.26568342067668
2011-02-24 22:00:00,18.37030980301403
2011-02-24 23:00:00,30.266798128929697
2011-02-25 00:00:00,29.415419224800264
2011-02-25 01:00:00,6.169658603319507
2011-02-25 02:00:00,3.6764563217225388
2011-02-25 03:00:00,2.1632137023117988
2011-02-25 05:00:00,6.283303610142278
2011-02-25 06:00:00,24.67252889810156
2011-02-25 07:00:00,20.117914827375863
2011-02-25 08:00:00,81.63345708628466
2011-02-25 09:00:00,23.40905672282269
2011-02-25 10:00:00,24.75953360446512
2011-02-25 11:00:00,95.2307400581028
2011-02-25 12:00:00,69.72076449211993
2011-02-25 13:00:00,66.16700384263642
2011-02-25 14:00:00,64.52857193192946
2011-02-25 15:00:00,120.0016890456056
2011-02-25 16:00:00,76.43802734757615
2011-02-25 17:00:00,195.93480663236107
2011-02-25 18:00:00,156.4295759524253
2011-02-25 19:00:00,97.96788462291457
2011-02-25 20:00:00,47.47160598886713
2011-02-25 21:00:00,59.33120474020501
2011-02-25 22:00:00,43.977397699756374
2011-02-25 23:00:00,31.270889860178205
2011-02-26 00:00:00,46.35496498742686
2011-02-26 01:00:00,22.897932781601234
2011-02-26 02:00:00,15.442549822940322
2011-02-26 03:00:00,8.375163576605871
2011-02-26 04:00:00,2.7838389066258307
2011-02-26 05:00:00,2.427342653580617
2011-02-26 06:00:00,3.0823674101245992
2011-02-26 07:00:00,12.60096605546431
2011-02-26 08:00:00,29.14411243576403
2011-02-26 09:00:00,52.792333580504966
2011-02-26 10:00:00,63.78758265395996
2011-02-26 11:00:00,64.33581714618582
2011-02-26 12:00:00,102.69590351254428
2011-02-26 13:00:00,117.08476040783026
2011-02-26 14:00:00,104.22285834864704
2011-02-26 15:00:00,123.82146578689674
2011-02-26 16:00:00,127.15494058571245
2011-02-26 17:00:00,144.93015909609508
2011-02-26 18:00:00,118.92729130650568
2011-02-26 19:00:00,83.55411068516064
2011-02-26 20:00:00,59.22316431266074
2011-02-26 21:00:00,48.09850760025232
2011-02-26 22:00:00,39.08890687393421
2011-02-26 23:00:00,39.08144689511123
2011-02-27 00:00:00,33.00274461620098
2011-02-27 01:00:00,25.66072301367571
2011-02-27 02:00:00,21.47178259288431
2011-02-27 03:00:00,9.78686272841715
2011-02-27 04:00:00,2.6837225784305074
2011-02-27 06:00:00,3.053343724784982
2011-02-27 07:00:00,14.696825972432519
2011-02-27 08:00:00,37.06466733226274
2011-02-27 09:00:00,45.99326763506283
2011-02-27 10:00:00,55.07239821967208
2011-02-27 11:00:00,86.22190063816059
2011-02-27 12:00:00,96.8519624356788
2011-02-27 13:00:00,107.76662876532842
2011-02-27 14:00:00,129.92430692046932
2011-02-27 15:00:00,170.72881031560138
2011-02-27 16:00:00,182.53069354345828
2011-02-27 17:00:00,145.66920506206625
2011-02-27 18:00:00,127.26993375007875
2011-02-27 19:00:00,97.04062728816879
2011-02-27 20:00:00,76.34435621492912
2011-02-27 21:00:00,71.725597322500235
2011-02-27 22:00:00,57.28753955393564
2011-02-27 23:00:00,38.97923939230524
2011-02-28 00:00:00,75.83508855344053
2011-02-28 01:00:00,3.826657977542585
2011-02-28 03:00:00,1.6911713895370388
2011-02-28 05:00:00,5.8696491409371765
2011-02-28 06:00:00,32.58012283440637
2011-02-28 07:00:00,57.390417567622954
2011-02-28 08:00:00,165.91052060041238
2011-02-28 09:00:00,94.34554143315027
2011-02-28 10:00:00,103.52978428632919
2011-02-28 11:00:00,119.44571983715305
2011-02-28 12:00:00,132.98490551389906
2011-02-28 13:00:00,41.687904883876506
2011-02-28 14:00:00,19.98887353748068
2011-02-28 15:00:00,15.884365208464171
2011-02-28 16:00:00,23.312671246939043
2011-02-28 17:00:00,31.27442233949968
2011-02-28 18:00:00,50.42860877404809
2011-02-28 19:00:00,35.58617266507064
2011-02-28 20:00:00,32.368194045325865
2011-02-28 21:00:00,53.080700346334595
2011-02-28 22:00:00,18.52882032174172
2011-02-28 23:00:00,30.18300220648122
2011-03-20 00:00:00,100.13851134862693
2011-03-20 01:00:00,30.692164494955765
2011-03-20 02:00:00,19.85071445586145
2011-03-20 03:00:00,8.906597330877007
2011-03-20 04:00:00,2.434873113613053
2011-03-20 05:00:00,2.905379864084031
2011-03-20 06:00:00,6.444019494843663
2011-03-20 07:00:00,20.185750162673465
2011-03-20 08:00:00,50.821233357275666
2011-03-20 09:00:00,74.67461593838976
2011-03-20 10:00:00,76.99215263868926
2011-03-20 11:00:00,104.76651725849966
2011-03-20 12:00:00,109.5421440919352
2011-03-20 13:00:00,113.6875461091978
2011-03-20 14:00:00,107.59846497467613
2011-03-20 15:00:00,109.16491943605921
2011-03-20 16:00:00,130.77901717538913
2011-03-20 17:00:00,184.0934062194004
2011-03-20 18:00:00,158.9611354560324
2011-03-20 19:00:00,115.84718265258479
2011-03-20 20:00:00,93.11825120991377
2011-03-20 21:00:00,80.52916730288662
2011-03-20 22:00:00,65.0848313764202
2011-03-20 23:00:00,33.06931129688455
2011-03-21 00:00:00,42.01205168165538
2011-03-21 01:00:00,5.417547385905284
2011-03-21 02:00:00,4.472331521161195
2011-03-21 03:00:00,2.197741513605166
2011-03-21 05:00:00,5.064160022040986
2011-03-21 06:00:00,36.28712768914575
2011-03-21 07:00:00,43.33490033998841
2011-03-21 08:00:00,193.48022395794126
2011-03-21 09:00:00,86.51780265419838
2011-03-21 10:00:00,49.59922503432404
2011-03-21 11:00:00,68.9824560044474
2011-03-21 12:00:00,95.32541335646185
2011-03-21 13:00:00,137.11468991181962
2011-03-21 14:00:00,132.0360206142439
2011-03-21 15:00:00,138.6522457735999
2011-03-21 16:00:00,156.28008614535494
2011-03-21 17:00:00,296.0382826459123
2011-03-21 18:00:00,281.7603731374523
2011-03-21 19:00:00,209.68801463065554
2011-03-21 20:00:00,148.193483684848
2011-03-21 21:00:00,61.72350280832111
2011-03-21 22:00:00,67.88502586028777
2011-03-21 23:00:00,48.68442935397961
2011-03-22 00:00:00,69.36965078035998
2011-03-22 01:00:00,6.58087644204051
2011-03-22 02:00:00,6.637532827234198
2011-03-22 03:00:00,3.131129593408977
2011-03-22 04:00:00,2.101777791196499
2011-03-22 05:00:00,8.826288024003812
2011-03-22 06:00:00,41.351985229547026
2011-03-22 07:00:00,87.39389138723625
2011-03-22 08:00:00,173.2332413095748
2011-03-22 09:00:00,114.13336379337038
2011-03-22 10:00:00,91.6754788667015
2011-03-22 11:00:00,91.8052585787874
2011-03-22 12:00:00,87.70736572096875
2011-03-22 13:00:00,77.98820051843319
2011-03-22 14:00:00,73.60204360784152
2011-03-22 15:00:00,76.23385510498792
2011-03-22 16:00:00,91.05678979659375
2011-03-22 17:00:00,213.9523288563587
2011-03-22 18:00:00,198.52273463249753
2011-03-22 19:00:00,137.411543013466
2011-03-22 20:00:00,101.46476279917006
2011-03-22 21:00:00,79.15342012854474
2011-03-22 22:00:00,68.27828801748413
2011-03-22 23:00:00,41.987869401367035
2011-03-23 00:00:00,58.75420276191764
2011-03-23 01:00:00,5.708268751774956
2011-03-23 02:00:00,4.284508756541476
2011-03-23 03:00:00,2.6229503290228715
2011-03-23 05:00:00,6.9548747027719875
2011-03-23 06:00:00,39.0929951093058
2011-03-23 07:00:00,78.64165250939072
2011-03-23 08:00:00,213.3905873811458
2011-03-23 09:00:00,104.24507914884052
2011-03-23 10:00:00,63.880760366367575
2011-03-23 11:00:00,60.92612847998507
2011-03-23 12:00:00,58.340690355978396
2011-03-23 13:00:00,45.93777373402745
2011-03-23 14:00:00,59.45083573689307
2011-03-23 15:00:00,71.32424702898116
2011-03-23 16:00:00,112.80846645849218
2011-03-23 17:00:00,221.21153339181976
2011-03-23 18:00:00,112.68633028975475
2011-03-23 19:00:00,74.94430239212781
2011-03-23 20:00:00,35.47896406615644
2011-03-23 21:00:00,18.947313085305353
2011-03-23 22:00:00,44.73924632643315
2011-03-23 23:00:00,30.847022168099404
2011-03-24 00:00:00,43.031347922150005
2011-03-24 01:00:00,4.480516166989717
2011-03-24 02:00:00,4.268039113952564
2011-03-24 03:00:00,2.7535708876574407
2011-03-24 04:00:00,1.871641129846102
2011-03-24 05:00:00,6.941094562305595
2011-03-24 06:00:00,41.01173475095074
2011-03-24 07:00:00,28.457082079513786
2011-03-24 08:00:00,82.4642774456778
2011-03-24 09:00:00,96.91976048369527
2011-03-24 10:00:00,36.28310800447565
2011-03-24 11:00:00,49.52594580941491
2011-03-24 12:00:00,49.52045855396108
2011-03-24 13:00:00,63.24696119026138
2011-03-24 14:00:00,50.809781773703484
2011-03-24 15:00:00,52.4945728820888
2011-03-24 16:00:00,62.715958803914674
2011-03-24 17:00:00,169.24333823209665
2011-03-24 18:00:00,142.10092390960054
2011-03-24 19:00:00,86.95595389832518
2011-03-24 20:00:00,51.446323592148794
2011-03-24 21:00:00,44.26999114323554
2011-03-24 22:00:00,42.84596685202228
2011-03-24 23:00:00,34.29155497642186
2011-03-25 00:00:00,44.647637401801866
2011-03-25 01:00:00,5.271519208668143
2011-03-25 02:00:00,4.357355324720226
2011-03-25 03:00:00,2.2800059614066335
2011-03-25 04:00:00,1.6108382833387243
2011-03-25 05:00:00,8.447820292609592
2011-03-25 06:00:00,36.18487172116198
2011-03-25 07:00:00,89.27369990416862
2011-03-25 08:00:00,218.3710782918352
2011-03-25 09:00:00,127.26137965579912
2011-03-25 10:00:00,34.483403197523586
2011-03-25 11:00:00,67.986845825754
2011-03-25 12:00:00,88.89335653019833
2011-03-25 13:00:00,85.35571309534438
2011-03-25 14:00:00,94.11291060205446
2011-03-25 15:00:00,93.4635566393679
2011-03-25 16:00:00,124.4459085864377
2011-03-25 17:00:00,216.65289775239455
2011-03-25 18:00:00,164.97169086169058
2011-03-25 19:00:00,104.07061149289338
2011-03-25 20:00:00,71.25117791017905
2011-03-25 21:00:00,68.69649314320691
2011-03-25 22:00:00,55.33152890241599
2011-03-25 23:00:00,36.63684060732553
2011-03-26 00:00:00,57.103700082741824
2011-03-26 01:00:00,27.804270536961575
2011-03-26 02:00:00,18.50649499378812
2011-03-26 03:00:00,6.809226666340879
2011-03-26 04:00:00,2.518013493584638
2011-03-26 05:00:00,3.229608154220634
2011-03-26 06:00:00,11.429107289556152
2011-03-26 07:00:00,22.98578366866015
2011-03-26 08:00:00,42.03389060371846
2011-03-26 09:00:00,64.15546932340231
2011-03-26 10:00:00,57.57667886042479
2011-03-26 11:00:00,61.13664033222531
2011-03-26 12:00:00,71.46084680779852
2011-03-26 13:00:00,98.3606711882056
2011-03-26 14:00:00,118.85369098427527
2011-03-26 15:00:00,127.41584641947608
2011-03-26 16:00:00,128.83694873757884
2011-03-26 17:00:00,148.98230315486094
2011-03-26 18:00:00,126.98485714930646
2011-03-26 19:00:00,58.8676084735152
2011-03-26 20:00:00,47.275572448617
2011-03-26 21:00:00,49.11029017546154
2011-03-26 22:00:00,45.46731371382411
2011-03-26 23:00:00,36.06783276645593
2011-03-27 00:00:00,51.209490285959724
2011-03-27 01:00:00,23.693710614036412
2011-03-27 02:00:00,19.69764756253691
2011-03-27 03:00:00,9.45514776333764
2011-03-27 04:00:00,2.8705549596388766
2011-03-27 06:00:00,9.904078260346962
2011-03-27 07:00:00,23.44632976512245
2011-03-27 08:00:00,36.52194360329757
2011-03-27 09:00:00,55.95279925122569
2011-03-27 10:00:00,46.079914823706574
2011-03-27 11:00:00,51.36654894184826
2011-03-27 12:00:00,59.6863394088912
2011-03-27 13:00:00,74.3318277675302
2011-03-27 14:00:00,95.17348235178628
2011-03-27 15:00:00,96.0614514805574
2011-03-27 16:00:00,116.6335827330692
2011-03-27 17:00:00,159.42551690667608
2011-03-27 18:00:00,92.7712946387612
2011-03-27 19:00:00,66.10152891258686
2011-03-27 20:00:00,54.6152717056739
2011-03-27 21:00:00,50.02217320746255
2011-03-27 22:00:00,45.193313051341015
2011-03-27 23:00:00,32.925940087065385
2011-03-28 00:00:00,34.59222032927004
2011-03-28 01:00:00,3.8304981441579344
2011-03-28 02:00:00,3.6704176861712146
2011-03-28 03:00:00,1.8999299915134142
2011-03-28 05:00:00,6.3519654798723035
2011-03-28 06:00:00,39.46382251037216
2011-03-28 07:00:00,77.70583393129002
2011-03-28 08:00:00,196.62454475768186
2011-03-28 09:00:00,101.24487369309242
2011-03-28 10:00:00,56.26032833197132
2011-03-28 11:00:00,52.52852312445935
2011-03-28 12:00:00,47.20633860837726
2011-03-28 13:00:00,64.07373335350186
2011-03-28 14:00:00,51.977777598077566
2011-03-28 15:00:00,57.17828658672645
2011-03-28 16:00:00,76.63333685967575
2011-03-28 17:00:00,217.48025925966957
2011-03-28 18:00:00,182.58608383425644
2011-03-28 19:00:00,94.60127067848204
2011-03-28 20:00:00,53.500341773041846
2011-03-28 21:00:00,50.05702898672776
2011-03-28 22:00:00,53.171225157485374
2011-03-28 23:00:00,31.012562348528018
2011-03-29 00:00:00,46.880733036308065
2011-03-29 01:00:00,3.296633164843664
2011-03-29 02:00:00,3.300327383382359
2011-03-29 03:00:00,2.207320251116736
2011-03-29 04:00:00,1.7011333059677285
2011-03-29 05:00:00,6.352857546792712
2011-03-29 06:00:00,41.97466107193617
2011-03-29 07:00:00,84.18243980635819
2011-03-29 08:00:00,214.32828378713006
2011-03-29 09:00:00,119.01842155275739
2011-03-29 10:00:00,62.979732716895974
2011-03-29 11:00:00,79.51910712600235
2011-03-29 12:00:00,92.01203517465207
2011-03-29 13:00:00,87.68033812854236
2011-03-29 14:00:00,89.11810892223556
2011-03-29 15:00:00,91.95621197792899
2011-03-29 16:00:00,114.99037384438648
2011-03-29 17:00:00,243.74786739068665
2011-03-29 18:00:00,222.93837924162227
2011-03-29 19:00:00,141.13086159179602
2011-03-29 20:00:00,84.23917609510465
2011-03-29 21:00:00,58.30035261316811
2011-03-29 22:00:00,46.30394979546459
2011-03-29 23:00:00,35.40067157732477
2011-03-30 00:00:00,43.12586249771902
2011-03-30 01:00:00,6.03976515546229
2011-03-30 02:00:00,4.310909817320295
2011-03-30 03:00:00,2.457043329093845
2011-03-30 04:00:00,1.937691110366747
2011-03-30 05:00:00,6.8766906666462315
2011-03-30 06:00:00,41.71017273093114
2011-03-30 07:00:00,71.8752039644321
2011-03-30 08:00:00,203.04567555305692
2011-03-30 09:00:00,117.27914720852235
2011-03-30 10:00:00,79.15412443400776
2011-03-30 11:00:00,81.11337321273898
2011-03-30 12:00:00,87.95801352763928
2011-03-30 13:00:00,86.08341718419304
2011-03-30 14:00:00,86.30078695117093
2011-03-30 15:00:00,29.88201630652129
2011-03-30 16:00:00,27.75791401421217
2011-03-30 17:00:00,76.97943529312204
2011-03-30 18:00:00,92.87042456638618
2011-03-30 19:00:00,66.29847420251214
2011-03-30 20:00:00,24.412894877540342
2011-03-30 21:00:00,39.48750561726539
2011-03-30 22:00:00,23.366002750900645
2011-03-30 23:00:00,22.594718603067122
2011-03-31 00:00:00,21.440394269242965
2011-03-31 01:00:00,4.088973429115748
2011-03-31 02:00:00,4.2934534040534125
2011-03-31 03:00:00,2.1725126748125136
2011-03-31 04:00:00,2.0676849874999617
2011-03-31 05:00:00,8.146253993960721
2011-03-31 06:00:00,28.456857952884597
2011-03-31 07:00:00,44.64934892580687
2011-03-31 08:00:00,136.96098198058255
2011-03-31 09:00:00,45.485182706227576
2011-03-31 10:00:00,22.167187768342675
2011-03-31 11:00:00,24.468381132247853
2011-03-31 12:00:00,25.470711891906884
2011-03-31 13:00:00,34.812682097885805
2011-03-31 14:00:00,29.367851015475384
2011-03-31 15:00:00,26.678431195271948
2011-03-31 16:00:00,50.510162002021524
2011-03-31 17:00:00,142.37396385584393
2011-03-31 18:00:00,109.43437287761354
2011-03-31 19:00:00,81.41512630770521
2011-03-31 20:00:00,23.998446691469194
2011-03-31 21:00:00,40.1981271763419
2011-03-31 22:00:00,23.27195420761451
2011-03-31 23:00:00,19.88390414787263
2011-04-20 00:00:00,62.479084259484154
2011-04-20 01:00:00,7.620211236653916
2011-04-20 02:00:00,7.343393697294513
2011-04-20 03:00:00,3.671303795040619
2011-04-20 04:00:00,3.6325129574441957
2011-04-20 05:00:00,14.887605916900899
2011-04-20 06:00:00,59.50417408160354
2011-04-20 07:00:00,102.62117871932821
2011-04-20 08:00:00,317.1302180078061
2011-04-20 09:00:00,184.0834366720249
2011-04-20 10:00:00,109.1842531553961
2011-04-20 11:00:00,114.15014240912767
2011-04-20 12:00:00,171.64172698683868
2011-04-20 13:00:00,159.54730954866903
2011-04-20 14:00:00,135.19204531600423
2011-04-20 15:00:00,143.2253904957379
2011-04-20 16:00:00,218.34235457168793
2011-04-20 17:00:00,427.31460853972146
2011-04-20 18:00:00,386.4875810914286
2011-04-20 19:00:00,325.87804574744933
2011-04-20 20:00:00,213.4011483231039
2011-04-20 21:00:00,187.92123139029582
2011-04-20 22:00:00,129.87281866931679
2011-04-20 23:00:00,78.31079216469433
2011-04-21 00:00:00,102.11356087200038
2011-04-21 01:00:00,15.777772016897055
2011-04-21 02:00:00,9.644652365937606
2011-04-21 03:00:00,3.715933082353855
2011-04-21 04:00:00,4.43322686790148
2011-04-21 05:00:00,16.255341893624877
2011-04-21 06:00:00,65.34306294499075
2011-04-21 07:00:00,152.2926733220519
2011-04-21 08:00:00,299.37957594906413
2011-04-21 09:00:00,133.5097689268403
2011-04-21 10:00:00,93.94386757780237
2011-04-21 11:00:00,89.72988796312593
2011-04-21 12:00:00,125.27385201622127
2011-04-21 13:00:00,129.19574598812744
2011-04-21 14:00:00,123.25949886661311
2011-04-21 15:00:00,137.1824206903247
2011-04-21 16:00:00,210.02735564490806
2011-04-21 17:00:00,421.90223713191637
2011-04-21 18:00:00,379.4900134253665
2011-04-21 19:00:00,229.79977004764322
2011-04-21 20:00:00,145.8562175072699
2011-04-21 21:00:00,103.24215067510006
2011-04-21 22:00:00,85.15677492272701
2011-04-21 23:00:00,63.96795208097234
2011-04-22 00:00:00,67.59689449339085
2011-04-22 01:00:00,16.614289177218513
2011-04-22 02:00:00,8.655171757686844
2011-04-22 03:00:00,4.372442319765951
2011-04-22 04:00:00,3.643352504188388
2011-04-22 05:00:00,15.13992915220152
2011-04-22 06:00:00,58.6276371501365
2011-04-22 07:00:00,123.4354184959331
2011-04-22 08:00:00,267.23269494101424
2011-04-22 09:00:00,99.78604287523413
2011-04-22 10:00:00,83.97366026870887
2011-04-22 11:00:00,71.35618709787363
2011-04-22 12:00:00,67.94132395943342
2011-04-22 13:00:00,55.19340344167187
2011-04-22 14:00:00,42.94254267279917
2011-04-22 15:00:00,55.280949480230355
2011-04-22 16:00:00,71.65483116828266
2011-04-22 17:00:00,109.16681698755451
2011-04-22 18:00:00,82.96326055967015
2011-04-22 19:00:00,72.26670676121577
2011-04-22 20:00:00,58.67924056455443
2011-04-22 21:00:00,49.69749867287218
2011-04-22 22:00:00,40.22382928110839
2011-04-22 23:00:00,47.440486879672484
2011-04-23 00:00:00,55.91841044895546
2011-04-23 01:00:00,30.243450043946513
2011-04-23 02:00:00,26.114237446481113
2011-04-23 03:00:00,15.688865147994754
2011-04-23 04:00:00,4.821798204834236
2011-04-23 05:00:00,4.50615001327991
2011-04-23 06:00:00,10.279966492202435
2011-04-23 07:00:00,33.21494940297872
2011-04-23 08:00:00,51.47799681162799
2011-04-23 09:00:00,66.60871064061503
2011-04-23 10:00:00,81.04988965868617
2011-04-23 11:00:00,102.28135697604385
2011-04-23 12:00:00,134.76430257730058
2011-04-23 13:00:00,124.14644952981016
2011-04-23 14:00:00,156.31797362206737
2011-04-23 15:00:00,224.6729771035251
2011-04-23 16:00:00,254.00971674337873
2011-04-23 17:00:00,295.04774214366296
2011-04-23 18:00:00,233.70828246613996
2011-04-23 19:00:00,180.28940694154272
2011-04-23 20:00:00,132.0695277773313
2011-04-23 21:00:00,119.75040830843632
2011-04-23 22:00:00,119.64602885310828
2011-04-23 23:00:00,98.4052569302634
2011-04-24 00:00:00,120.39467902241206
2011-04-24 01:00:00,51.34242519307845
2011-04-24 02:00:00,44.03488549132386
2011-04-24 03:00:00,24.570229647942945
2011-04-24 04:00:00,8.063308973823085
2011-04-24 05:00:00,10.12604639546488
2011-04-24 06:00:00,10.696772850426887
2011-04-24 07:00:00,51.51470643636709
2011-04-24 08:00:00,85.43762363220975
2011-04-24 09:00:00,114.41590113069425
2011-04-24 10:00:00,171.44140792739015
2011-04-24 11:00:00,258.62812862003676
2011-04-24 12:00:00,266.334033671593
2011-04-24 13:00:00,273.7187604447085
2011-04-24 14:00:00,289.17877373821176
2011-04-24 15:00:00,283.816563079031
2011-04-24 16:00:00,330.5821746232137
2011-04-24 17:00:00,346.813537629105
2011-04-24 18:00:00,295.2326017441931
2011-04-24 19:00:00,165.4870858993577
2011-04-24 20:00:00,121.39944519575432
2011-04-24 21:00:00,81.92201547596542
2011-04-24 22:00:00,63.1113142328189
2011-04-24 23:00:00,59.873212714805824
2011-04-25 00:00:00,62.658520612940734
2011-04-25 01:00:00,15.765250718251558
2011-04-25 02:00:00,10.446108882742188
2011-04-25 03:00:00,4.609137020993565
2011-04-25 04:00:00,6.273512094271338
2011-04-25 05:00:00,13.012986444363355
2011-04-25 06:00:00,65.66454148665785
2011-04-25 07:00:00,124.2478795863246
2011-04-25 08:00:00,282.5084281100146
2011-04-25 09:00:00,139.9698854776189
2011-04-25 10:00:00,111.90091675577548
2011-04-25 11:00:00,125.92967928437625
2011-04-25 12:00:00,139.570546483922
2011-04-25 13:00:00,138.51934527192424
2011-04-25 14:00:00,150.20375627712068
2011-04-25 15:00:00,146.54509425676403
2011-04-25 16:00:00,235.71054356793815
2011-04-25 17:00:00,471.78242575792797
2011-04-25 18:00:00,419.4261140761099
2011-04-25 19:00:00,329.5056820847163
2011-04-25 20:00:00,220.34006865221426
2011-04-25 21:00:00,173.12744996628294
2011-04-25 22:00:00,118.69118086258396
2011-04-25 23:00:00,70.16138626738163
2011-04-26 00:00:00,91.72056569239706
2011-04-26 01:00:00,16.22649803205305
2011-04-26 02:00:00,5.9049218941327695
2011-04-26 03:00:00,2.822862714785064
2011-04-26 04:00:00,5.099457302851219
2011-04-26 05:00:00,15.592753369775567
2011-04-26 06:00:00,75.72150092169889
2011-04-26 07:00:00,155.2094521371449
2011-04-26 08:00:00,332.23688079719614
2011-04-26 09:00:00,165.09692010781984
2011-04-26 10:00:00,116.75555324816433
2011-04-26 11:00:00,123.29029999991747
2011-04-26 12:00:00,179.7038004810338
2011-04-26 13:00:00,158.829678027722
2011-04-26 14:00:00,146.55451482953373
2011-04-26 15:00:00,150.15411240173776
2011-04-26 16:00:00,240.43867901788806
2011-04-26 17:00:00,496.8467936775198
2011-04-26 18:00:00,442.7652815924112
2011-04-26 19:00:00,262.00975975655285
2011-04-26 20:00:00,193.42801003402766
2011-04-26 21:00:00,129.35848567589272
2011-04-26 22:00:00,94.51682023692693
2011-04-26 23:00:00,67.63031478636738
2011-04-27 00:00:00,73.26947298454027
2011-04-27 01:00:00,19.73399270196735
2011-04-27 02:00:00,6.778785961737567
2011-04-27 03:00:00,3.734148726790325
2011-04-27 04:00:00,4.6012692840834815
2011-04-27 05:00:00,15.035933419677889
2011-04-27 06:00:00,69.54057072847469
2011-04-27 07:00:00,172.8615053287092
2011-04-27 08:00:00,290.16917410520745
2011-04-27 09:00:00,122.2628369789178
2011-04-27 10:00:00,93.29378897216006
2011-04-27 11:00:00,94.94424988594221
2011-04-27 12:00:00,118.3401413456847
2011-04-27 13:00:00,106.81169972397134
2011-04-27 14:00:00,138.18938102358803
2011-04-27 15:00:00,138.7324019983326
2011-04-27 16:00:00,239.9280246844548
2011-04-27 17:00:00,269.3742736922058
2011-04-27 18:00:00,251.6534604934716
2011-04-27 19:00:00,229.76960773891975
2011-04-27 20:00:00,145.35948694721478
2011-04-27 21:00:00,112.056347079797
2011-04-27 22:00:00,89.27468044318135
2011-04-27 23:00:00,65.64424300998208
2011-04-28 00:00:00,93.02152443764221
2011-04-28 01:00:00,18.9395473056008
2011-04-28 02:00:00,6.3764098798534095
2011-04-28 03:00:00,3.789096428329338
2011-04-28 04:00:00,5.277158198064165
2011-04-28 05:00:00,17.0119529440098
2011-04-28 06:00:00,77.08037159969173
2011-04-28 07:00:00,177.53302416924762
2011-04-28 08:00:00,314.3001226416866
2011-04-28 09:00:00,104.48225613278784
2011-04-28 10:00:00,91.90108861866929
2011-04-28 11:00:00,102.65991521261691
2011-04-28 12:00:00,125.98710113430532
2011-04-28 13:00:00,113.99825853432039
2011-04-28 14:00:00,104.76230263740376
2011-04-28 15:00:00,144.33201070145645
2011-04-28 16:00:00,168.47880247390725
2011-04-28 17:00:00,499.46733661564895
2011-04-28 18:00:00,450.87496636552294
2011-04-28 19:00:00,334.78915410898827
2011-04-28 20:00:00,211.61165336143168
2011-04-28 21:00:00,174.231824760201
2011-04-28 22:00:00,129.61359923561938
2011-04-28 23:00:00,88.04414434066605
2011-04-29 00:00:00,122.64363678875506
2011-04-29 01:00:00,26.824862347654555
2011-04-29 02:00:00,16.924311778299472
2011-04-29 03:00:00,6.786626812793064
2011-04-29 04:00:00,5.092882694286362
2011-04-29 05:00:00,16.963168083843716
2011-04-29 06:00:00,78.29275862971613
2011-04-29 07:00:00,214.54403535985796
2011-04-29 08:00:00,384.5273992485413
2011-04-29 09:00:00,171.34305038245893
2011-04-29 10:00:00,135.5398789324325
2011-04-29 11:00:00,153.591544643742
2011-04-29 12:00:00,193.7177647118208
2011-04-29 13:00:00,180.116675745743
2011-04-29 14:00:00,169.36118862963752
2011-04-29 15:00:00,171.47342812315506
2011-04-29 16:00:00,250.47891979114678
2011-04-29 17:00:00,431.26579472416233
2011-04-29 18:00:00,400.9497061716238
2011-04-29 19:00:00,240.26065402193026
2011-04-29 20:00:00,173.6459808616586
2011-04-29 21:00:00,127.81705538111271
2011-04-29 22:00:00,94.77450191554746
2011-04-29 23:00:00,84.35873234782872
2011-04-30 00:00:00,131.4636629729846
2011-04-30 01:00:00,65.44409410483134
2011-04-30 02:00:00,52.34913973039156
2011-04-30 03:00:00,22.314633754917562
2011-04-30 04:00:00,5.412498389683306
2011-04-30 05:00:00,5.6669505830256135
2011-04-30 06:00:00,15.604215288740928
2011-04-30 07:00:00,48.30198882922133
2011-04-30 08:00:00,86.5889033130956
2011-04-30 09:00:00,138.78440745376756
2011-04-30 10:00:00,221.44744180485293
2011-04-30 11:00:00,250.09894407540463
2011-04-30 12:00:00,291.4311316996896
2011-04-30 13:00:00,295.53439562620736
2011-04-30 14:00:00,292.2319415709936
2011-04-30 15:00:00,294.85375150179385
2011-04-30 16:00:00,311.98280364269925
2011-04-30 17:00:00,322.60149834335635
2011-04-30 18:00:00,283.2048564819702
2011-04-30 19:00:00,229.1121208453624
2011-04-30 20:00:00,135.79500774664353
2011-04-30 21:00:00,126.90106426979305
2011-04-30 22:00:00,103.42545707361697
2011-04-30 23:00:00,88.67689964885096
2011-05-20 00:00:00,59.668608441522146
2011-05-20 01:00:00,15.973371554406901
2011-05-20 02:00:00,9.607670484025794
2011-05-20 03:00:00,5.212117682075086
2011-05-20 04:00:00,4.131135420408651
2011-05-20 05:00:00,23.237555534620657
2011-05-20 06:00:00,91.44493480727849
2011-05-20 07:00:00,237.02006278407856
2011-05-20 08:00:00,434.5102993198161
2011-05-20 09:00:00,202.45354164172602
2011-05-20 10:00:00,140.81782373716644
2011-05-20 11:00:00,169.55776528698598
2011-05-20 12:00:00,193.12409765432938
2011-05-20 13:00:00,160.31990950810498
2011-05-20 14:00:00,160.0626771500497
2011-05-20 15:00:00,181.29073474600509
2011-05-20 16:00:00,329.46477431740885
2011-05-20 17:00:00,474.50607305835103
2011-05-20 18:00:00,470.42848888857105
2011-05-20 19:00:00,330.7650824456358
2011-05-20 20:00:00,230.12428313590596
2011-05-20 21:00:00,180.82109774209718
2011-05-20 22:00:00,129.35895521589924
2011-05-20 23:00:00,113.05737944947171
2011-05-21 00:00:00,147.09388551720838
2011-05-21 01:00:00,73.33774661829631
2011-05-21 02:00:00,58.411865135917296
2011-05-21 03:00:00,25.05172023343596
2011-05-21 04:00:00,6.3193348879702045
2011-05-21 05:00:00,8.872685951473283
2011-05-21 06:00:00,16.24905233055363
2011-05-21 07:00:00,53.531972356147165
2011-05-21 08:00:00,113.01745400775452
2011-05-21 09:00:00,196.00643309438425
2011-05-21 10:00:00,226.5055672600452
2011-05-21 11:00:00,294.4677372783206
2011-05-21 12:00:00,308.5110356786702
2011-05-21 13:00:00,353.2593440022063
2011-05-21 14:00:00,376.39917361535504
2011-05-21 15:00:00,390.3842658804155
2011-05-21 16:00:00,406.98752405519843
2011-05-21 17:00:00,368.2493183140382
2011-05-21 18:00:00,333.6399866570681
2011-05-21 19:00:00,300.21956709454975
2011-05-21 20:00:00,194.60579928611156
2011-05-21 21:00:00,189.74680270095737
2011-05-21 22:00:00,154.15564201680567
2011-05-21 23:00:00,103.24678649694019
2011-05-22 00:00:00,94.31406460365119
2011-05-22 01:00:00,63.73157122100483
2011-05-22 02:00:00,54.82197202367749
2011-05-22 03:00:00,28.82311183370564
2011-05-22 04:00:00,9.469937076250115
2011-05-22 05:00:00,11.007068592970128
2011-05-22 06:00:00,12.666684797445003
2011-05-22 07:00:00,62.93728674817204
2011-05-22 08:00:00,96.02865270943457
2011-05-22 09:00:00,200.93002037685756
2011-05-22 10:00:00,257.18681702605215
2011-05-22 11:00:00,329.9469115271307
2011-05-22 12:00:00,369.913304321906
2011-05-22 13:00:00,341.54939149604456
2011-05-22 14:00:00,268.72113126998454
2011-05-22 15:00:00,321.2544676605312
2011-05-22 16:00:00,334.85430152794686
2011-05-22 17:00:00,362.82245393823746
2011-05-22 18:00:00,321.80472861005035
2011-05-22 19:00:00,307.0351298302849
2011-05-22 20:00:00,238.13736468447718
2011-05-22 21:00:00,182.09358418041748
2011-05-22 22:00:00,131.42427694786522
2011-05-22 23:00:00,84.55708751679332
2011-05-23 00:00:00,48.168376048102765
2011-05-23 01:00:00,13.691525345353428
2011-05-23 02:00:00,5.949637246095112
2011-05-23 03:00:00,3.7531006428271922
2011-05-23 04:00:00,5.798541282115871
2011-05-23 05:00:00,19.677528284837283
2011-05-23 06:00:00,87.21555035492739
2011-05-23 07:00:00,150.77015440022132
2011-05-23 08:00:00,332.2005142603831
2011-05-23 09:00:00,139.94632627658953
2011-05-23 10:00:00,114.93122470102249
2011-05-23 11:00:00,135.1762171057083
2011-05-23 12:00:00,159.14691487388924
2011-05-23 13:00:00,168.96617953167728
2011-05-23 14:00:00,146.29545496985946
2011-05-23 15:00:00,156.99209469812172
2011-05-23 16:00:00,283.1918627401034
2011-05-23 17:00:00,430.9942963255434
2011-05-23 18:00:00,474.9760857237085
2011-05-23 19:00:00,341.9309785465499
2011-05-23 20:00:00,196.35326460319325
2011-05-23 21:00:00,96.10083480269019
2011-05-23 22:00:00,75.88609641408283
2011-05-23 23:00:00,59.336187303043474
2011-05-24 00:00:00,50.416936766609886
2011-05-24 01:00:00,10.543453883574024
2011-05-24 02:00:00,6.326791476201113
2011-05-24 03:00:00,3.170706206579949
2011-05-24 04:00:00,5.4769041495543735
2011-05-24 05:00:00,18.93976185578526
2011-05-24 06:00:00,92.65582927214308
2011-05-24 07:00:00,167.54654736498912
2011-05-24 08:00:00,293.112447441671
2011-05-24 09:00:00,196.80865504487923
2011-05-24 10:00:00,118.42199301006933
2011-05-24 11:00:00,135.6679754612455
2011-05-24 12:00:00,172.68643968348246
2011-05-24 13:00:00,183.65804199428396
2011-05-24 14:00:00,147.47996913964937
2011-05-24 15:00:00,147.436501760551
2011-05-24 16:00:00,287.6997580665132
2011-05-24 17:00:00,520.3824452716668
2011-05-24 18:00:00,498.34110741945824
2011-05-24 19:00:00,335.62807051359067
2011-05-24 20:00:00,267.9778211618409
2011-05-24 21:00:00,164.62844141123003
2011-05-24 22:00:00,89.39302289617163
2011-05-24 23:00:00,84.17531806136594
2011-05-25 00:00:00,102.08256608457025
2011-05-25 01:00:00,11.26523070899086
2011-05-25 02:00:00,6.651924818688932
2011-05-25 03:00:00,4.079954810834404
2011-05-25 04:00:00,4.791949532620169
2011-05-25 05:00:00,24.989165847538345
2011-05-25 06:00:00,95.17935864788203
2011-05-25 07:00:00,281.84434519592935
2011-05-25 08:00:00,421.7606120830119
2011-05-25 09:00:00,180.96026774211117
2011-05-25 10:00:00,115.90289091150221
2011-05-25 11:00:00,124.43324995216857
2011-05-25 12:00:00,185.09357607068154
2011-05-25 13:00:00,164.19614232314288
2011-05-25 14:00:00,142.57036258663115
2011-05-25 15:00:00,147.4036693131901
2011-05-25 16:00:00,283.36700443238607
2011-05-25 17:00:00,554.0710984499855
2011-05-25 18:00:00,493.8832078241192
2011-05-25 19:00:00,376.97231622878354
2011-05-25 20:00:00,304.0788236923458
2011-05-25 21:00:00,198.1391470234427
2011-05-25 22:00:00,133.40333585774954
2011-05-25 23:00:00,86.93553076081915
2011-05-26 00:00:00,76.30613648701944
2011-05-26 01:00:00,15.487809361727473
2011-05-26 02:00:00,8.369175061925963
2011-05-26 03:00:00,4.367948229551623
2011-05-26 04:00:00,5.509238560342382
2011-05-26 05:00:00,21.315932417827643
2011-05-26 06:00:00,90.38029179420697
2011-05-26 07:00:00,160.8867328399007
2011-05-26 08:00:00,375.9260213396675
2011-05-26 09:00:00,181.5141613673196
2011-05-26 10:00:00,118.28865640835039
2011-05-26 11:00:00,123.76964758044157
2011-05-26 12:00:00,174.71263307199223
2011-05-26 13:00:00,151.37137111666576
2011-05-26 14:00:00,138.24009038022967
2011-05-26 15:00:00,135.1732509455996
2011-05-26 16:00:00,273.3177004123328
2011-05-26 17:00:00,527.5949364986539
2011-05-26 18:00:00,521.0854561473204
2011-05-26 19:00:00,362.00067149707786
2011-05-26 20:00:00,301.61446286672725
2011-05-26 21:00:00,196.11305156404705
2011-05-26 22:00:00,139.21310040164053
2011-05-26 23:00:00,107.31241961227717
2011-05-27 00:00:00,119.42830266096082
2011-05-27 01:00:00,23.68158003525003
2011-05-27 02:00:00,12.993021262828133
2011-05-27 03:00:00,5.6558085050189115
2011-05-27 04:00:00,4.8736320617909366
2011-05-27 05:00:00,27.137282011625075
2011-05-27 06:00:00,103.10691227670586
2011-05-27 07:00:00,254.357712041685
2011-05-27 08:00:00,429.49786878819043
2011-05-27 09:00:00,194.5391947834661
2011-05-27 10:00:00,136.28451818250662
2011-05-27 11:00:00,155.96359121137812
2011-05-27 12:00:00,195.87448614019598
2011-05-27 13:00:00,196.6453620622948
2011-05-27 14:00:00,183.90863287404338
2011-05-27 15:00:00,183.991828912082
2011-05-27 16:00:00,312.41621988636155
2011-05-27 17:00:00,539.1142795540579
2011-05-27 18:00:00,454.222343647098
2011-05-27 19:00:00,266.43964351053944
2011-05-27 20:00:00,219.43921226977537
2011-05-27 21:00:00,164.40657269040378
2011-05-27 22:00:00,138.1948952898561
2011-05-27 23:00:00,96.53003211439759
2011-05-28 00:00:00,104.28301644929833
2011-05-28 01:00:00,82.89935529070536
2011-05-28 02:00:00,57.31575141971163
2011-05-28 03:00:00,25.16094726923128
2011-05-28 04:00:00,6.478596372260804
2011-05-28 05:00:00,11.227425416426412
2011-05-28 06:00:00,18.782007681789423
2011-05-28 07:00:00,58.17821462347955
2011-05-28 08:00:00,115.34164885876955
2011-05-28 09:00:00,202.56403818327635
2011-05-28 10:00:00,255.25263624006442
2011-05-28 11:00:00,284.4460436490079
2011-05-28 12:00:00,313.4279463578244
2011-05-28 13:00:00,331.77427673447374
2011-05-28 14:00:00,326.0792931857672
2011-05-28 15:00:00,372.346261070967
2011-05-28 16:00:00,394.0356823102803
2011-05-28 17:00:00,379.24348026657384
2011-05-28 18:00:00,320.2825012939044
2011-05-28 19:00:00,291.10990472479153
2011-05-28 20:00:00,250.0972193842332
2011-05-28 21:00:00,213.80125453467673
2011-05-28 22:00:00,162.28420344056894
2011-05-28 23:00:00,117.81680633597519
2011-05-29 00:00:00,142.65287734124203
2011-05-29 01:00:00,85.09601631032592
2011-05-29 02:00:00,61.20499324316173
2011-05-29 03:00:00,26.917907286807964
2011-05-29 04:00:00,10.175894526344576
2011-05-29 05:00:00,10.747934896535842
2011-05-29 06:00:00,14.05533526894266
2011-05-29 07:00:00,51.14453914975919
2011-05-29 08:00:00,88.43183683502842
2011-05-29 09:00:00,102.04937631009315
2011-05-29 10:00:00,171.56751116721315
2011-05-29 11:00:00,168.57874474777952
2011-05-29 12:00:00,249.69145426422324
2011-05-29 13:00:00,328.3664219488873
2011-05-29 14:00:00,324.8076138139613
2011-05-29 15:00:00,336.0431304103518
2011-05-29 16:00:00,329.0355463016493
2011-05-29 17:00:00,338.5224393826553
2011-05-29 18:00:00,264.95892056905734
2011-05-29 19:00:00,260.0775308242119
2011-05-29 20:00:00,192.7088198103181
2011-05-29 21:00:00,152.7922528806759
2011-05-29 22:00:00,99.70069508539687
2011-05-29 23:00:00,88.08142279420711
2011-05-30 00:00:00,73.66616848326304
2011-05-30 01:00:00,55.07483369238786
2011-05-30 02:00:00,29.424293107739352
2011-05-30 03:00:00,13.588415832701351
2011-05-30 04:00:00,8.728287615061658
2011-05-30 05:00:00,8.721308877702581
2011-05-30 06:00:00,16.00398607020934
2011-05-30 07:00:00,64.24459640096691
2011-05-30 08:00:00,97.67080524325692
2011-05-30 09:00:00,185.33589161996497
2011-05-30 10:00:00,274.03458300010203
2011-05-30 11:00:00,343.8010589046757
2011-05-30 12:00:00,367.811578697112
2011-05-30 13:00:00,374.49500493138106
2011-05-30 14:00:00,367.162095064135
2011-05-30 15:00:00,353.9566728781822
2011-05-30 16:00:00,388.3939358967366
2011-05-30 17:00:00,385.6069602114625
2011-05-30 18:00:00,367.86714740336174
2011-05-30 19:00:00,223.01907596662977
2011-05-30 20:00:00,284.16210964475766
2011-05-30 21:00:00,277.8648392489465
2011-05-30 22:00:00,181.20379333639718
2011-05-30 23:00:00,81.46441909477421
2011-05-31 00:00:00,44.87118607560215
2011-05-31 01:00:00,14.727642673233257
2011-05-31 02:00:00,6.360961550175808
2011-05-31 03:00:00,2.9102812805934746
2011-05-31 04:00:00,5.616977858539232
2011-05-31 05:00:00,25.67206693227872
2011-05-31 06:00:00,107.51261581088171
2011-05-31 07:00:00,285.5147490366885
2011-05-31 08:00:00,441.7124633728394
2011-05-31 09:00:00,180.41220837572075
2011-05-31 10:00:00,108.98753505367173
2011-05-31 11:00:00,123.74175809391663
2011-05-31 12:00:00,156.77860044814548
2011-05-31 13:00:00,147.11032270753586
2011-05-31 14:00:00,136.3195505260497
2011-05-31 15:00:00,141.841290148457
2011-05-31 16:00:00,235.93044768757585
2011-05-31 17:00:00,508.4258904363577
2011-05-31 18:00:00,503.9452942135276
2011-05-31 19:00:00,359.40640540992024
2011-05-31 20:00:00,282.52378717654017
2011-05-31 21:00:00,185.59534577442668
2011-05-31 22:00:00,144.09093606777915
2011-05-31 23:00:00,78.47489300952483
2011-06-20 00:00:00,58.437582390041534
2011-06-20 01:00:00,14.505928037868195
2011-06-20 02:00:00,8.043645238437232
2011-06-20 03:00:00,3.004953065134196
2011-06-20 04:00:00,4.3504312995750425
2011-06-20 05:00:00,17.17213957605849
2011-06-20 06:00:00,85.48731927984352
2011-06-20 07:00:00,140.30302883723908
2011-06-20 08:00:00,277.2445309848499
2011-06-20 09:00:00,180.04142423392457
2011-06-20 10:00:00,107.25891179631192
2011-06-20 11:00:00,106.18412074759344
2011-06-20 12:00:00,160.27692726933932
2011-06-20 13:00:00,133.51573237865324
2011-06-20 14:00:00,159.91838134546268
2011-06-20 15:00:00,158.7911398803966
2011-06-20 16:00:00,288.57806344683394
2011-06-20 17:00:00,522.3171258426565
2011-06-20 18:00:00,534.4001472428945
2011-06-20 19:00:00,372.6565334852251
2011-06-20 20:00:00,290.37959573603814
2011-06-20 21:00:00,186.32154528746076
2011-06-20 22:00:00,129.57645871477865
2011-06-20 23:00:00,76.43738316697127
2011-06-21 00:00:00,55.64211700484735
2011-06-21 01:00:00,10.408663038239588
2011-06-21 02:00:00,4.9972210674224815
2011-06-21 03:00:00,3.4905883548621635
2011-06-21 04:00:00,5.418233945643337
2011-06-21 05:00:00,20.60187976123842
2011-06-21 06:00:00,103.63681559326018
2011-06-21 07:00:00,132.63603111038105
2011-06-21 08:00:00,323.0535099946842
2011-06-21 09:00:00,141.86258236087102
2011-06-21 10:00:00,100.97054881220237
2011-06-21 11:00:00,91.35519826089869
2011-06-21 12:00:00,107.3837396893454
2011-06-21 13:00:00,119.66592616728471
2011-06-21 14:00:00,147.15715899268395
2011-06-21 15:00:00,166.70231112567063
2011-06-21 16:00:00,277.0541032768854
2011-06-21 17:00:00,534.25802754544
2011-06-21 18:00:00,481.5398448894403
2011-06-21 19:00:00,349.75772959999745
2011-06-21 20:00:00,214.4750445116467
2011-06-21 21:00:00,191.16783053734585
2011-06-21 22:00:00,93.96264847569962
2011-06-21 23:00:00,86.86917792180886
2011-06-22 00:00:00,71.60691712247342
2011-06-22 01:00:00,16.22270555244419
2011-06-22 02:00:00,5.830410665514162
2011-06-22 03:00:00,6.01084629379666
2011-06-22 04:00:00,5.9224078954847474
2011-06-22 05:00:00,25.569882188516406
2011-06-22 06:00:00,108.08225900737017
2011-06-22 07:00:00,243.3761888830503
2011-06-22 08:00:00,407.05744570139075
2011-06-22 09:00:00,153.95225328748666
2011-06-22 10:00:00,116.08502654715998
2011-06-22 11:00:00,108.99524594415426
2011-06-22 12:00:00,151.36581867026368
2011-06-22 13:00:00,134.85535209914465
2011-06-22 14:00:00,117.4041413806522
2011-06-22 15:00:00,128.83058860745507
2011-06-22 16:00:00,261.8374659532993
2011-06-22 17:00:00,523.7170126959394
2011-06-22 18:00:00,502.48271205612554
2011-06-22 19:00:00,378.98962277900773
2011-06-22 20:00:00,263.55932744659333
2011-06-22 21:00:00,189.9457369743101
2011-06-22 22:00:00,148.05834735701058
2011-06-22 23:00:00,96.86498052770288
2011-06-23 00:00:00,83.478208608552265
2011-06-23 01:00:00,20.4386441617201
2011-06-23 02:00:00,8.068021660159692
2011-06-23 03:00:00,4.360991698253289
2011-06-23 04:00:00,5.845117116565834
2011-06-23 05:00:00,24.98972318442699
2011-06-23 06:00:00,113.71269418779666
2011-06-23 07:00:00,298.772468152551
2011-06-23 08:00:00,420.4572790983032
2011-06-23 09:00:00,175.10596535618905
2011-06-23 10:00:00,117.2913424922963
2011-06-23 11:00:00,126.14699713136523
2011-06-23 12:00:00,165.01287266268102
2011-06-23 13:00:00,165.32255458807685
2011-06-23 14:00:00,141.98924867584032
2011-06-23 15:00:00,169.17118684300505
2011-06-23 16:00:00,283.6686023127168
2011-06-23 17:00:00,498.03158870133507
2011-06-23 18:00:00,505.5861367220257
2011-06-23 19:00:00,359.4223569593443
2011-06-23 20:00:00,289.5743603368651
2011-06-23 21:00:00,203.5050162890536
2011-06-23 22:00:00,146.70979960673412
2011-06-23 23:00:00,111.78657179010222
2011-06-24 00:00:00,105.92109063739882
2011-06-24 01:00:00,22.385942175979086
2011-06-24 02:00:00,9.799100333961999
2011-06-24 03:00:00,6.196591369080239
2011-06-24 04:00:00,6.15975862276187
2011-06-24 05:00:00,22.60597495212782
2011-06-24 06:00:00,100.60326328541785
2011-06-24 07:00:00,258.2001573610047
2011-06-24 08:00:00,433.3331295363085
2011-06-24 09:00:00,212.39597276071407
2011-06-24 10:00:00,145.17946623566644
2011-06-24 11:00:00,177.59147289633643
2011-06-24 12:00:00,212.61817259640742
2011-06-24 13:00:00,215.34744511512693
2011-06-24 14:00:00,210.68180007201457
2011-06-24 15:00:00,220.3340015567245
2011-06-24 16:00:00,331.77165298715823
2011-06-24 17:00:00,558.7922958730971
2011-06-24 18:00:00,461.9679882153236
2011-06-24 19:00:00,378.620440942878
2011-06-24 20:00:00,286.82709693417235
2011-06-24 21:00:00,220.95639852862573
2011-06-24 22:00:00,189.88372231704693
2011-06-24 23:00:00,139.9878971713722
2011-06-25 00:00:00,185.43567842158726
2011-06-25 01:00:00,81.00961434944166
2011-06-25 02:00:00,55.158507421741604
2011-06-25 03:00:00,30.359308722936703
2011-06-25 04:00:00,8.043569912490966
2011-06-25 05:00:00,10.37295345668434
2011-06-25 06:00:00,31.915850349413315
2011-06-25 07:00:00,69.23553611347367
2011-06-25 08:00:00,159.135428417616
2011-06-25 09:00:00,222.67655364858817
2011-06-25 10:00:00,286.48780105573496
2011-06-25 11:00:00,360.2608848571768
2011-06-25 12:00:00,395.15675626575734
2011-06-25 13:00:00,405.42106187978806
2011-06-25 14:00:00,401.29057337737987
2011-06-25 15:00:00,381.18013797750694
2011-06-25 16:00:00,411.3833692667827
2011-06-25 17:00:00,400.03782453004396
2011-06-25 18:00:00,373.45636256920824
2011-06-25 19:00:00,326.3352005097878
2011-06-25 20:00:00,244.26478073917676
2011-06-25 21:00:00,190.54185754911583
2011-06-25 22:00:00,189.7947012071198
2011-06-25 23:00:00,144.45466462080188
2011-06-26 00:00:00,186.9606685066001
2011-06-26 01:00:00,89.73503498994056
2011-06-26 02:00:00,71.20102004204303
2011-06-26 03:00:00,31.31897493021025
2011-06-26 04:00:00,9.504631476938895
2011-06-26 05:00:00,12.038008745331963
2011-06-26 06:00:00,25.107884048023433
2011-06-26 07:00:00,65.4154203209708
2011-06-26 08:00:00,124.55870264159401
2011-06-26 09:00:00,183.45552209877334
2011-06-26 10:00:00,270.69408531550823
2011-06-26 11:00:00,342.32051987532003
2011-06-26 12:00:00,379.6540317949333
2011-06-26 13:00:00,381.16227400047904
2011-06-26 14:00:00,375.15486542888567
2011-06-26 15:00:00,375.1108038291001
2011-06-26 16:00:00,391.5034558966415
2011-06-26 17:00:00,375.89146494874615
2011-06-26 18:00:00,359.486727877415
2011-06-26 19:00:00,324.2610422878917
2011-06-26 20:00:00,239.25097776073204
2011-06-26 21:00:00,219.11427178638672
2011-06-26 22:00:00,178.48950737751073
2011-06-26 23:00:00,111.056214963518
2011-06-27 00:00:00,87.08860344601153
2011-06-27 01:00:00,11.170235716043605
2011-06-27 02:00:00,6.574354272188795
2011-06-27 03:00:00,3.9049640779246286
2011-06-27 04:00:00,4.8485730710306045
2011-06-27 05:00:00,20.09649789010683
2011-06-27 06:00:00,108.19899008721508
2011-06-27 07:00:00,264.85430699010476
2011-06-27 08:00:00,382.18154668391236
2011-06-27 09:00:00,189.3643434614821
2011-06-27 10:00:00,120.34399032979724
2011-06-27 11:00:00,148.0827167567999
2011-06-27 12:00:00,183.96962539631875
2011-06-27 13:00:00,165.7688016360402
2011-06-27 14:00:00,157.77347543788673
2011-06-27 15:00:00,162.029416908762
2011-06-27 16:00:00,280.74067563071105
2011-06-27 17:00:00,553.5147305326739
2011-06-27 18:00:00,533.4506759848242
2011-06-27 19:00:00,384.67924023085345
2011-06-27 20:00:00,298.0839982011416
2011-06-27 21:00:00,179.6801728849932
2011-06-27 22:00:00,120.2968683003335
2011-06-27 23:00:00,82.95012880205734
2011-06-28 00:00:00,55.39527339507702
2011-06-28 01:00:00,17.56597962715204
2011-06-28 02:00:00,8.551449677508657
2011-06-28 03:00:00,5.927107368059852
2011-06-28 04:00:00,6.7161539546340325
2011-06-28 05:00:00,22.380429200389656
2011-06-28 06:00:00,105.27804971875976
2011-06-28 07:00:00,199.21866520210037
2011-06-28 08:00:00,353.0293106502902
2011-06-28 09:00:00,163.0219270095962
2011-06-28 10:00:00,123.56832759107267
2011-06-28 11:00:00,143.24699118948377
2011-06-28 12:00:00,166.6611772035955
2011-06-28 13:00:00,172.1456023666747
2011-06-28 14:00:00,151.5243773255779
2011-06-28 15:00:00,157.4652761573343
2011-06-28 16:00:00,241.3148367660286
2011-06-28 17:00:00,445.34867234974354
2011-06-28 18:00:00,349.58514456887593
2011-06-28 19:00:00,352.1951394583901
2011-06-28 20:00:00,286.9081504264538
2011-06-28 21:00:00,204.64708464036005
2011-06-28 22:00:00,126.84087400859457
2011-06-28 23:00:00,91.19490523123449
2011-06-29 00:00:00,99.23821061833917
2011-06-29 01:00:00,16.61477096077948
2011-06-29 02:00:00,5.945113476324126
2011-06-29 03:00:00,5.771169542931544
2011-06-29 04:00:00,5.728845845788218
2011-06-29 05:00:00,27.02853993765075
2011-06-29 06:00:00,106.76956378047302
2011-06-29 07:00:00,298.38808597614604
2011-06-29 08:00:00,461.3929232392907
2011-06-29 09:00:00,199.07274699898454
2011-06-29 10:00:00,118.34494383003647
2011-06-29 11:00:00,147.9436976089585
2011-06-29 12:00:00,194.8963304254544
2011-06-29 13:00:00,180.7442857624189
2011-06-29 14:00:00,160.9620409341831
2011-06-29 15:00:00,161.4374818602799
2011-06-29 16:00:00,282.2431541963273
2011-06-29 17:00:00,553.424424433362
2011-06-29 18:00:00,535.4169347293764
2011-06-29 19:00:00,371.9590888870789
2011-06-29 20:00:00,290.40991869375085
2011-06-29 21:00:00,223.4659936629368
2011-06-29 22:00:00,150.4868837082596
2011-06-29 23:00:00,103.30534180870829
2011-06-30 00:00:00,93.7359991784365
2011-06-30 01:00:00,20.212855213654645
2011-06-30 02:00:00,9.353657342648274
2011-06-30 03:00:00,7.174655602423376
2011-06-30 04:00:00,5.444472910751117
2011-06-30 05:00:00,27.15839623934359
2011-06-30 06:00:00,112.66070119291497
2011-06-30 07:00:00,295.5996165383667
2011-06-30 08:00:00,441.4749085234924
2011-06-30 09:00:00,202.33460833722884
2011-06-30 10:00:00,126.5263448259303
2011-06-30 11:00:00,149.9951726599962
2011-06-30 12:00:00,203.78256357539007
2011-06-30 13:00:00,189.68284563524426
2011-06-30 14:00:00,163.0563123227062
2011-06-30 15:00:00,180.22248311118938
2011-06-30 16:00:00,285.24912777887243
2011-06-30 17:00:00,571.7325060706302
2011-06-30 18:00:00,553.0901500549652
2011-06-30 19:00:00,383.8023779821692
2011-06-30 20:00:00,297.790471857887
2011-06-30 21:00:00,217.83004276156183
2011-06-30 22:00:00,156.35463819503298
2011-06-30 23:00:00,120.2262791694165
2011-07-20 00:00:00,66.26611061790852
2011-07-20 01:00:00,15.166187500845403
2011-07-20 02:00:00,5.560547449270324
2011-07-20 03:00:00,4.929870112624071
2011-07-20 04:00:00,6.034002957580417
2011-07-20 05:00:00,29.689190678331457
2011-07-20 06:00:00,113.7587701737784
2011-07-20 07:00:00,227.0398884139745
2011-07-20 08:00:00,395.82701253695785
2011-07-20 09:00:00,167.05610688664345
2011-07-20 10:00:00,99.26131236126524
2011-07-20 11:00:00,112.10476485437144
2011-07-20 12:00:00,158.03118512736876
2011-07-20 13:00:00,148.28404144430337
2011-07-20 14:00:00,132.62217365926136
2011-07-20 15:00:00,135.0570382569169
2011-07-20 16:00:00,247.40918488435585
2011-07-20 17:00:00,506.6066424053893
2011-07-20 18:00:00,512.7940596669498
2011-07-20 19:00:00,376.8513865082617
2011-07-20 20:00:00,268.8329784490941
2011-07-20 21:00:00,203.93803537171556
2011-07-20 22:00:00,148.47237009255915
2011-07-20 23:00:00,106.96426437553721
2011-07-21 00:00:00,91.61941954154476
2011-07-21 01:00:00,18.77895971917367
2011-07-21 02:00:00,7.460989240350066
2011-07-21 03:00:00,4.247677452859102
2011-07-21 04:00:00,5.97430110457914
2011-07-21 05:00:00,19.951768350377183
2011-07-21 06:00:00,112.61549465837957
2011-07-21 07:00:00,231.3423782832997
2011-07-21 08:00:00,394.05347761343677
2011-07-21 09:00:00,175.8980000918652
2011-07-21 10:00:00,116.57298334261671
2011-07-21 11:00:00,131.55481716612658
2011-07-21 12:00:00,156.69955017616238
2011-07-21 13:00:00,152.00589455140425
2011-07-21 14:00:00,141.11543547254345
2011-07-21 15:00:00,148.91784864596133
2011-07-21 16:00:00,232.71768165489343
2011-07-21 17:00:00,451.0823156925138
2011-07-21 18:00:00,482.76461027246245
2011-07-21 19:00:00,354.30779397570836
2011-07-21 20:00:00,273.9635617356092
2011-07-21 21:00:00,185.65242747335216
2011-07-21 22:00:00,146.25113636423538
2011-07-21 23:00:00,116.04730752108522
2011-07-22 00:00:00,118.78096913958564
2011-07-22 01:00:00,28.474079588003576
2011-07-22 02:00:00,16.831121370785127
2011-07-22 03:00:00,4.940197673022254
2011-07-22 04:00:00,6.967768655654152
2011-07-22 05:00:00,20.032056824832228
2011-07-22 06:00:00,105.68971744512764
2011-07-22 07:00:00,267.6269162522286
2011-07-22 08:00:00,444.6452421274084
2011-07-22 09:00:00,186.4988285143022
2011-07-22 10:00:00,133.25271702723643
2011-07-22 11:00:00,162.85532605992424
2011-07-22 12:00:00,185.1183282616056
2011-07-22 13:00:00,186.75242034545596
2011-07-22 14:00:00,190.04301150516918
2011-07-22 15:00:00,190.9113176616654
2011-07-22 16:00:00,214.9395192040754
2011-07-22 17:00:00,470.5159572639204
2011-07-22 18:00:00,449.83624157102787
2011-07-22 19:00:00,365.11159360331726
2011-07-22 20:00:00,283.52668146333554
2011-07-22 21:00:00,201.81657947016092
2011-07-22 22:00:00,185.3175956544574
2011-07-22 23:00:00,136.65855641920666
2011-07-23 00:00:00,313.49981220111687
2011-07-23 01:00:00,83.85756905725852
2011-07-23 02:00:00,64.76869818283583
2011-07-23 03:00:00,30.31453229454701
2011-07-23 04:00:00,7.757590660946896
2011-07-23 05:00:00,10.643514080727533
2011-07-23 06:00:00,37.45037461595341
2011-07-23 07:00:00,113.16487908156029
2011-07-23 08:00:00,175.03885324766316
2011-07-23 09:00:00,225.92573922520168
2011-07-23 10:00:00,296.2844543629538
2011-07-23 11:00:00,336.3471493023227
2011-07-23 12:00:00,365.6522009349468
2011-07-23 13:00:00,374.4099195824414
2011-07-23 14:00:00,357.48213106152815
2011-07-23 15:00:00,363.05084284979085
2011-07-23 16:00:00,362.93288009982035
2011-07-23 17:00:00,378.1876335299967
2011-07-23 18:00:00,373.6345365983082
2011-07-23 19:00:00,322.5007507809254
2011-07-23 20:00:00,293.6436942238896
2011-07-23 21:00:00,252.10691757498552
2011-07-23 22:00:00,218.46343453086854
2011-07-23 23:00:00,147.1166820543883
2011-07-24 00:00:00,322.58267196536815
2011-07-24 01:00:00,90.84934502008173
2011-07-24 02:00:00,79.81381659424127
2011-07-24 03:00:00,31.21711431942549
2011-07-24 04:00:00,6.357652289839796
2011-07-24 05:00:00,10.167597854857878
2011-07-24 06:00:00,26.685851685725368
2011-07-24 07:00:00,99.16631185979648
2011-07-24 08:00:00,156.95728837515088
2011-07-24 09:00:00,212.48656342640143
2011-07-24 10:00:00,284.448031937623
2011-07-24 11:00:00,340.2367507408078
2011-07-24 12:00:00,363.08973359689435
2011-07-24 13:00:00,365.9150264872781
2011-07-24 14:00:00,354.76013416740756
2011-07-24 15:00:00,345.0941743699956
2011-07-24 16:00:00,351.4619959161369
2011-07-24 17:00:00,378.4316362553888
2011-07-24 18:00:00,369.0992412276921
2011-07-24 19:00:00,340.9223462983786
2011-07-24 20:00:00,284.9828184264279
2011-07-24 21:00:00,228.37926566057635
2011-07-24 22:00:00,177.79997873730605
2011-07-24 23:00:00,113.47644496011257
2011-07-25 00:00:00,76.17781498505286
2011-07-25 01:00:00,14.164780576093564
2011-07-25 02:00:00,6.896487290063792
2011-07-25 03:00:00,3.808880426016804
2011-07-25 04:00:00,5.901864414139823
2011-07-25 05:00:00,19.60469513506175
2011-07-25 06:00:00,104.01410773709385
2011-07-25 07:00:00,233.5054504647125
2011-07-25 08:00:00,340.99778196151306
2011-07-25 09:00:00,167.33587809306042
2011-07-25 10:00:00,111.08855732720829
2011-07-25 11:00:00,124.07263071018218
2011-07-25 12:00:00,149.99231338343165
2011-07-25 13:00:00,118.55177933879398
2011-07-25 14:00:00,94.253118612409
2011-07-25 15:00:00,99.39436116289055
2011-07-25 16:00:00,150.82220849240338
2011-07-25 17:00:00,458.4195341381694
2011-07-25 18:00:00,490.2824950905521
2011-07-25 19:00:00,380.44567072323605
2011-07-25 20:00:00,269.45417236624104
2011-07-25 21:00:00,117.18140541294146
2011-07-25 22:00:00,86.04221899343729
2011-07-25 23:00:00,63.38675569924635
2011-07-26 00:00:00,35.80600251291178
2011-07-26 01:00:00,14.552199477208669
2011-07-26 02:00:00,8.168026097096707
2011-07-26 03:00:00,3.777296774393929
2011-07-26 04:00:00,5.6452319506821285
2011-07-26 05:00:00,22.774052361540587
2011-07-26 06:00:00,106.68470318365024
2011-07-26 07:00:00,307.14337108043713
2011-07-26 08:00:00,422.5251774259092
2011-07-26 09:00:00,197.46477520522336
2011-07-26 10:00:00,132.78277278398605
2011-07-26 11:00:00,144.5823614399758
2011-07-26 12:00:00,181.942779428682
2011-07-26 13:00:00,185.65796503358584
2011-07-26 14:00:00,161.54042469581756
2011-07-26 15:00:00,159.12788309568714
2011-07-26 16:00:00,276.8244943557272
2011-07-26 17:00:00,543.6765003148555
2011-07-26 18:00:00,546.868751234066
2011-07-26 19:00:00,375.510488729396
2011-07-26 20:00:00,294.2862981200341
2011-07-26 21:00:00,239.79530539873477
2011-07-26 22:00:00,168.75752826157253
2011-07-26 23:00:00,87.91849620191151
2011-07-27 00:00:00,73.52118123145942
2011-07-27 01:00:00,16.00501827643208
2011-07-27 02:00:00,6.770305877937576
2011-07-27 03:00:00,4.247404685448931
2011-07-27 04:00:00,5.582972989011727
2011-07-27 05:00:00,27.388509444179412
2011-07-27 06:00:00,111.78054012144055
2011-07-27 07:00:00,296.26684203002577
2011-07-27 08:00:00,435.2792602762991
2011-07-27 09:00:00,190.36919890435877
2011-07-27 10:00:00,117.73777295640038
2011-07-27 11:00:00,141.78063432889596
2011-07-27 12:00:00,198.1700268252553
2011-07-27 13:00:00,176.81145258268128
2011-07-27 14:00:00,158.12793615143175
2011-07-27 15:00:00,168.33645313324345
2011-07-27 16:00:00,278.29729921431357
2011-07-27 17:00:00,564.3632742892188
2011-07-27 18:00:00,552.358911524287
2011-07-27 19:00:00,392.6873831637181
2011-07-27 20:00:00,296.1635136599682
2011-07-27 21:00:00,219.18825309936594
2011-07-27 22:00:00,139.60210909876426
2011-07-27 23:00:00,97.42824250528868
2011-07-28 00:00:00,93.27970970213464
2011-07-28 01:00:00,20.220444664605488
2011-07-28 02:00:00,9.855488643832636
2011-07-28 03:00:00,4.8550276721257495
2011-07-28 04:00:00,5.838289650205868
2011-07-28 05:00:00,26.305099421649615
2011-07-28 06:00:00,104.93322365325257
2011-07-28 07:00:00,285.85726022685594
2011-07-28 08:00:00,399.09917700055297
2011-07-28 09:00:00,191.3639535706754
2011-07-28 10:00:00,117.68569598750848
2011-07-28 11:00:00,134.2010277295761
2011-07-28 12:00:00,161.65916023382061
2011-07-28 13:00:00,152.81676548755843
2011-07-28 14:00:00,138.43681666450274
2011-07-28 15:00:00,151.60894992193857
2011-07-28 16:00:00,245.0767048174337
2011-07-28 17:00:00,516.4681423923489
2011-07-28 18:00:00,505.9084836184992
2011-07-28 19:00:00,379.00454787143804
2011-07-28 20:00:00,287.0936670369532
2011-07-28 21:00:00,196.55765786776192
2011-07-28 22:00:00,139.04211354706925
2011-07-28 23:00:00,110.7492500652383
2011-07-29 00:00:00,91.68938872210744
2011-07-29 01:00:00,24.51415406252148
2011-07-29 02:00:00,16.16014745308355
2011-07-29 03:00:00,4.516976111633211
2011-07-29 04:00:00,6.549282971802586
2011-07-29 05:00:00,19.16038484662471
2011-07-29 06:00:00,100.54554533456822
2011-07-29 07:00:00,259.04037956688387
2011-07-29 08:00:00,368.9656611394448
2011-07-29 09:00:00,192.64955396497325
2011-07-29 10:00:00,140.60782793153166
2011-07-29 11:00:00,163.65953501774973
2011-07-29 12:00:00,193.9383517678281
2011-07-29 13:00:00,199.99289456376593
2011-07-29 14:00:00,196.2480740723829
2011-07-29 15:00:00,207.47266500776834
2011-07-29 16:00:00,281.5237688904411
2011-07-29 17:00:00,472.73034163955253
2011-07-29 18:00:00,446.22241699436444
2011-07-29 19:00:00,374.1226520579727
2011-07-29 20:00:00,280.7812907860014
2011-07-29 21:00:00,215.44754049906354
2011-07-29 22:00:00,202.63031924189937
2011-07-29 23:00:00,133.50275233738515
2011-07-30 00:00:00,352.1636134137405
2011-07-30 01:00:00,81.71467412405126
2011-07-30 02:00:00,68.48193844112392
2011-07-30 03:00:00,32.458994101710836
2011-07-30 04:00:00,7.456243822091581
2011-07-30 05:00:00,11.038036098450569
2011-07-30 06:00:00,30.557284900880624
2011-07-30 07:00:00,92.8197080986228
2011-07-30 08:00:00,162.81865910533318
2011-07-30 09:00:00,233.92380714284747
2011-07-30 10:00:00,290.33209730463244
2011-07-30 11:00:00,343.9084604547701
2011-07-30 12:00:00,378.8380515249897
2011-07-30 13:00:00,379.0464946670946
2011-07-30 14:00:00,362.3373971347713
2011-07-30 15:00:00,359.6559532880007
2011-07-30 16:00:00,366.9066226021294
2011-07-30 17:00:00,384.2594857496772
2011-07-30 18:00:00,367.60827345170316
2011-07-30 19:00:00,347.508220197732
2011-07-30 20:00:00,293.4191899281343
2011-07-30 21:00:00,253.37852600108832
2011-07-30 22:00:00,208.36730115703978
2011-07-30 23:00:00,149.99181581377485
2011-07-31 00:00:00,342.33269793872057
2011-07-31 01:00:00,88.30607082668682
2011-07-31 02:00:00,82.4698712957738
2011-07-31 03:00:00,32.55680259719911
2011-07-31 04:00:00,6.467180264815307
2011-07-31 05:00:00,12.93659263624687
2011-07-31 06:00:00,27.506157772440776
2011-07-31 07:00:00,95.34911258098757
2011-07-31 08:00:00,158.7858340117578
2011-07-31 09:00:00,207.46026659134725
2011-07-31 10:00:00,285.8425016936706
2011-07-31 11:00:00,334.39185458413954
2011-07-31 12:00:00,364.3431062136436
2011-07-31 13:00:00,373.4330912479974
2011-07-31 14:00:00,355.01712407838716
2011-07-31 15:00:00,344.5264216635893
2011-07-31 16:00:00,350.4993754326155
2011-07-31 17:00:00,370.8770544630554
2011-07-31 18:00:00,370.2958817787107
2011-07-31 19:00:00,340.47074363721185
2011-07-31 20:00:00,279.2952955664074
2011-07-31 21:00:00,246.95848264748457
2011-07-31 22:00:00,174.26147153311882
2011-07-31 23:00:00,95.19098960217475
2011-08-20 00:00:00,91.87128456957976
2011-08-20 01:00:00,78.81035573373937
2011-08-20 02:00:00,61.67628143657082
2011-08-20 03:00:00,31.413546186279206
2011-08-20 04:00:00,8.077444865037199
2011-08-20 05:00:00,11.449113775176205
2011-08-20 06:00:00,20.671917498172633
2011-08-20 07:00:00,62.22635007101883
2011-08-20 08:00:00,116.71018680317295
2011-08-20 09:00:00,182.47455399943144
2011-08-20 10:00:00,258.3197684781445
2011-08-20 11:00:00,294.2728708532269
2011-08-20 12:00:00,344.85844935123544
2011-08-20 13:00:00,352.9773522034448
2011-08-20 14:00:00,346.0520316023458
2011-08-20 15:00:00,352.5788428885229
2011-08-20 16:00:00,362.27332113105285
2011-08-20 17:00:00,389.9121371973249
2011-08-20 18:00:00,364.57130101891033
2011-08-20 19:00:00,327.6867784350043
2011-08-20 20:00:00,270.7742369834201
2011-08-20 21:00:00,222.2412493558195
2011-08-20 22:00:00,179.62383816359292
2011-08-20 23:00:00,124.60072287632563
2011-08-21 00:00:00,196.36702529536416
2011-08-21 01:00:00,78.98268889564294
2011-08-21 02:00:00,72.43343458623048
2011-08-21 03:00:00,35.93854536724704
2011-08-21 04:00:00,4.84357826302703
2011-08-21 05:00:00,8.059131187307528
2011-08-21 06:00:00,7.911852067303675
2011-08-21 07:00:00,55.351115440855196
2011-08-21 08:00:00,102.46270309598057
2011-08-21 09:00:00,205.2422834638591
2011-08-21 10:00:00,251.36542973222504
2011-08-21 11:00:00,328.4872723382233
2011-08-21 12:00:00,347.97791143663704
2011-08-21 13:00:00,382.4289792881385
2011-08-21 14:00:00,184.78444219260308
2011-08-21 15:00:00,159.7849008447544
2011-08-21 16:00:00,244.2600850540389
2011-08-21 17:00:00,256.5088377671095
2011-08-21 18:00:00,258.84306775667744
2011-08-21 19:00:00,305.6213796037228
2011-08-21 20:00:00,207.1041710978188
2011-08-21 21:00:00,176.95145203461578
2011-08-21 22:00:00,164.58598475323006
2011-08-21 23:00:00,98.3606471529598
2011-08-22 00:00:00,62.973122702524364
2011-08-22 01:00:00,13.617771121171808
2011-08-22 02:00:00,8.581337447407385
2011-08-22 03:00:00,3.7126368278402344
2011-08-22 04:00:00,5.525534687558664
2011-08-22 05:00:00,25.341348451054674
2011-08-22 06:00:00,102.79438836012184
2011-08-22 07:00:00,287.94422345318674
2011-08-22 08:00:00,374.9501185832167
2011-08-22 09:00:00,197.47466282744358
2011-08-22 10:00:00,122.97961086155993
2011-08-22 11:00:00,161.40688378377493
2011-08-22 12:00:00,192.27299681426476
2011-08-22 13:00:00,188.2552139214702
2011-08-22 14:00:00,174.75701896968957
2011-08-22 15:00:00,179.88558663705814
2011-08-22 16:00:00,288.7303852218487
2011-08-22 17:00:00,560.4985941919714
2011-08-22 18:00:00,554.3975948184726
2011-08-22 19:00:00,390.7996768302907
2011-08-22 20:00:00,290.7523182075078
2011-08-22 21:00:00,202.55554752768634
2011-08-22 22:00:00,151.6480917299225
2011-08-22 23:00:00,92.00232944178475
2011-08-23 00:00:00,92.53611220537421
2011-08-23 01:00:00,13.675087790625636
2011-08-23 02:00:00,7.71446786417807
2011-08-23 03:00:00,3.7480937783277306
2011-08-23 04:00:00,5.206857364762421
2011-08-23 05:00:00,25.08140534342513
2011-08-23 06:00:00,111.16011938113922
2011-08-23 07:00:00,302.5854887928635
2011-08-23 08:00:00,418.4042226957745
2011-08-23 09:00:00,194.09834570285255
2011-08-23 10:00:00,119.54908049930619
2011-08-23 11:00:00,151.48510818641674
2011-08-23 12:00:00,193.94736938537062
2011-08-23 13:00:00,197.8128909252881
2011-08-23 14:00:00,172.960818011491
2011-08-23 15:00:00,174.56892215611134
2011-08-23 16:00:00,301.95576993233067
2011-08-23 17:00:00,582.8504235117957
2011-08-23 18:00:00,563.0782788747725
2011-08-23 19:00:00,373.6340931112932
2011-08-23 20:00:00,283.11028277592544
2011-08-23 21:00:00,200.82052441468448
2011-08-23 22:00:00,156.0371350397816
2011-08-23 23:00:00,86.81898280077992
2011-08-24 00:00:00,94.15324498104862
2011-08-24 01:00:00,13.715816572357975
2011-08-24 02:00:00,6.877598657718001
2011-08-24 03:00:00,5.79226735048189
2011-08-24 04:00:00,6.435538756477022
2011-08-24 05:00:00,26.814204069447783
2011-08-24 06:00:00,107.37037232297446
2011-08-24 07:00:00,286.2410586942259
2011-08-24 08:00:00,413.52443526191644
2011-08-24 09:00:00,201.90467406726995
2011-08-24 10:00:00,120.02336170175948
2011-08-24 11:00:00,147.64935790434495
2011-08-24 12:00:00,187.37305011980462
2011-08-24 13:00:00,182.6996859528179
2011-08-24 14:00:00,165.6508632020917
2011-08-24 15:00:00,168.8708605713517
2011-08-24 16:00:00,276.1706282910693
2011-08-24 17:00:00,570.5412094411795
2011-08-24 18:00:00,535.150916807117
2011-08-24 19:00:00,363.91860151369576
2011-08-24 20:00:00,280.5777293842913
2011-08-24 21:00:00,209.76686853347766
2011-08-24 22:00:00,149.45047205431717
2011-08-24 23:00:00,101.00052499942461
2011-08-25 00:00:00,79.65047120414732
2011-08-25 01:00:00,21.381791710816398
2011-08-25 02:00:00,7.073424310919581
2011-08-25 03:00:00,5.4280671567792504
2011-08-25 04:00:00,6.878031896839962
2011-08-25 05:00:00,25.42726031709102
2011-08-25 06:00:00,100.9447175962837
2011-08-25 07:00:00,253.39391212891667
2011-08-25 08:00:00,417.3949334841984
2011-08-25 09:00:00,197.88580874500832
2011-08-25 10:00:00,128.9668456985395
2011-08-25 11:00:00,101.49177053897662
2011-08-25 12:00:00,107.9472501679065
2011-08-25 13:00:00,97.67581717214878
2011-08-25 14:00:00,122.7741742331235
2011-08-25 15:00:00,138.21000712209369
2011-08-25 16:00:00,146.191871043234
2011-08-25 17:00:00,343.4205877503867
2011-08-25 18:00:00,340.6563875133748
2011-08-25 19:00:00,217.20255557118242
2011-08-25 20:00:00,197.24866146058568
2011-08-25 21:00:00,171.93613775301895
2011-08-25 22:00:00,122.7675652759463
2011-08-25 23:00:00,85.90379913647946
2011-08-26 00:00:00,81.88397032758313
2011-08-26 01:00:00,23.381019853295168
2011-08-26 02:00:00,10.070498755640811
2011-08-26 03:00:00,5.843732586831899
2011-08-26 04:00:00,6.079846293652721
2011-08-26 05:00:00,18.811337694364145
2011-08-26 06:00:00,88.69896928495422
2011-08-26 07:00:00,246.83488610405624
2011-08-26 08:00:00,371.7734789520063
2011-08-26 09:00:00,178.72605278597982
2011-08-26 10:00:00,133.7015240407818
2011-08-26 11:00:00,174.0909014608017
2011-08-26 12:00:00,195.25388746403684
2011-08-26 13:00:00,222.7023075126456
2011-08-26 14:00:00,199.00170995352178
2011-08-26 15:00:00,220.71267413717885
2011-08-26 16:00:00,314.58623387302123
2011-08-26 17:00:00,459.8845262658263
2011-08-26 18:00:00,398.9360960274867
2011-08-26 19:00:00,282.11993541114674
2011-08-26 20:00:00,205.12992638675468
2011-08-26 21:00:00,166.05078240850088
2011-08-26 22:00:00,140.22926104506615
2011-08-26 23:00:00,109.32880155099058
2011-08-27 00:00:00,136.45029353676193
2011-08-27 01:00:00,76.61810337599324
2011-08-27 02:00:00,62.697334759098425
2011-08-27 03:00:00,35.78730846533926
2011-08-27 04:00:00,6.388738479195438
2011-08-27 05:00:00,9.542240198008527
2011-08-27 06:00:00,18.507916920129638
2011-08-27 07:00:00,64.99685584464191
2011-08-27 08:00:00,119.62086417416587
2011-08-27 09:00:00,150.07725048026475
2011-08-27 10:00:00,179.17874054640103
2011-08-27 11:00:00,94.93027944801597
2011-08-27 12:00:00,145.0536981552583
2011-08-27 13:00:00,131.76888807927384
2011-08-27 14:00:00,78.26305131182646
2011-08-27 15:00:00,106.12684078660006
2011-08-27 16:00:00,110.7991697194035
2011-08-27 17:00:00,122.6623538580508
2011-08-28 07:00:00,65.9404367321695
2011-08-28 08:00:00,111.92309804338508
2011-08-28 09:00:00,187.48490205433907
2011-08-28 10:00:00,233.50832324615587
2011-08-28 11:00:00,258.15454183043255
2011-08-28 12:00:00,372.0779135891669
2011-08-28 13:00:00,397.8721771967163
2011-08-28 14:00:00,364.70035484519656
2011-08-28 15:00:00,355.674022967275
2011-08-28 16:00:00,356.90964340037345
2011-08-28 17:00:00,392.852360354933
2011-08-28 18:00:00,376.673526249418
2011-08-28 19:00:00,331.95115015642244
2011-08-28 20:00:00,269.01006383410675
2011-08-28 21:00:00,191.42343793414975
2011-08-28 22:00:00,138.64653777791844
2011-08-28 23:00:00,86.76206681791005
2011-08-29 00:00:00,57.59190643878543
2011-08-29 01:00:00,12.47998041292616
2011-08-29 02:00:00,7.830185226756625
2011-08-29 03:00:00,6.355692859051852
2011-08-29 04:00:00,5.449917259078396
2011-08-29 05:00:00,23.671913213997012
2011-08-29 06:00:00,107.50765528921434
2011-08-29 07:00:00,289.12772819841
2011-08-29 08:00:00,386.4570571030637
2011-08-29 09:00:00,193.56534048106832
2011-08-29 10:00:00,125.55170866047645
2011-08-29 11:00:00,160.1295469452199
2011-08-29 12:00:00,192.1693985948022
2011-08-29 13:00:00,197.97292674772146
2011-08-29 14:00:00,168.97803460394357
2011-08-29 15:00:00,173.876965884654
2011-08-29 16:00:00,293.80942671188075
2011-08-29 17:00:00,549.0688199565559
2011-08-29 18:00:00,521.6012009661798
2011-08-29 19:00:00,392.9060597321714
2011-08-29 20:00:00,286.2191028811196
2011-08-29 21:00:00,197.15088328898207
2011-08-29 22:00:00,154.17702942663144
2011-08-29 23:00:00,80.16389682342418
2011-08-30 00:00:00,54.87750746383794
2011-08-30 01:00:00,12.417852285476787
2011-08-30 02:00:00,5.9543616632196565
2011-08-30 03:00:00,4.678255378179118
2011-08-30 04:00:00,5.984672415691954
2011-08-30 05:00:00,22.96940823111874
2011-08-30 06:00:00,109.15245102106566
2011-08-30 07:00:00,298.3657559589258
2011-08-30 08:00:00,430.1291528110382
2011-08-30 09:00:00,197.44487451771653
2011-08-30 10:00:00,129.27172700431115
2011-08-30 11:00:00,158.6292892630154
2011-08-30 12:00:00,193.3937547769508
2011-08-30 13:00:00,195.97016950048297
2011-08-30 14:00:00,177.34551875111597
2011-08-30 15:00:00,175.47672265489686
2011-08-30 16:00:00,301.86538157556254
2011-08-30 17:00:00,576.9931322908476
2011-08-30 18:00:00,549.7440826337548
2011-08-30 19:00:00,370.1520152589192
2011-08-30 20:00:00,283.5033365933786
2011-08-30 21:00:00,155.43896110407405
2011-08-30 22:00:00,141.8367841719676
2011-08-30 23:00:00,86.26632455838619
2011-08-31 00:00:00,50.54469019483552
2011-08-31 01:00:00,13.06584289929353
2011-08-31 02:00:00,6.136245706379707
2011-08-31 03:00:00,5.502454070111799
2011-08-31 04:00:00,6.252995644789919
2011-08-31 05:00:00,27.143944817630697
2011-08-31 06:00:00,105.66422331102038
2011-08-31 07:00:00,282.6604632128786
2011-08-31 08:00:00,409.9400706427681
2011-08-31 09:00:00,186.07730527233596
2011-08-31 10:00:00,124.54512599315743
2011-08-31 11:00:00,153.23835502361692
2011-08-31 12:00:00,192.74317163246744
2011-08-31 13:00:00,188.11828773250576
2011-08-31 14:00:00,165.22772809904245
2011-08-31 15:00:00,164.6353138194913
2011-08-31 16:00:00,293.35155199373884
2011-08-31 17:00:00,567.8787834846831
2011-08-31 18:00:00,548.3707665866406
2011-08-31 19:00:00,372.09693509118495
2011-08-31 20:00:00,287.8468460049163
2011-08-31 21:00:00,205.7807751578304
2011-08-31 22:00:00,118.94676056582847
2011-08-31 23:00:00,77.82448935660663
2011-09-20 00:00:00,64.8890869425025
2011-09-20 01:00:00,11.227109304801434
2011-09-20 02:00:00,4.321027145101819
2011-09-20 03:00:00,4.640392018769744
2011-09-20 04:00:00,5.349688273368709
2011-09-20 05:00:00,21.01238513748717
2011-09-20 06:00:00,101.13500389146668
2011-09-20 07:00:00,193.79323241212037
2011-09-20 08:00:00,218.18067386886358
2011-09-20 09:00:00,88.52780954024254
2011-09-20 10:00:00,53.22698209845142
2011-09-20 11:00:00,56.46319279723046
2011-09-20 12:00:00,58.0164059364943
2011-09-20 13:00:00,52.35705428151903
2011-09-20 14:00:00,50.925385499843536
2011-09-20 15:00:00,126.4366244379023
2011-09-20 16:00:00,182.18990465867083
2011-09-20 17:00:00,355.45694269739283
2011-09-20 18:00:00,353.29950772433176
2011-09-20 19:00:00,173.8704122434289
2011-09-20 20:00:00,92.29372493381601
2011-09-20 21:00:00,75.19926686025062
2011-09-20 22:00:00,74.46959569221355
2011-09-20 23:00:00,57.25449393141775
2011-09-21 00:00:00,32.93127837281112
2011-09-21 01:00:00,9.442570354684781
2011-09-21 02:00:00,5.202403211515422
2011-09-21 03:00:00,4.301143848595544
2011-09-21 04:00:00,4.702052795694086
2011-09-21 05:00:00,15.034675954468568
2011-09-21 06:00:00,80.77235527297881
2011-09-21 07:00:00,114.09796329932328
2011-09-21 08:00:00,299.68854593839785
2011-09-21 09:00:00,92.03537713264562
2011-09-21 10:00:00,55.97386162800727
2011-09-21 11:00:00,93.70039073395509
2011-09-21 12:00:00,107.00196307183187
2011-09-21 13:00:00,137.7197720609601
2011-09-21 14:00:00,124.70266715878867
2011-09-21 15:00:00,127.80843147448095
2011-09-21 16:00:00,249.6174192129657
2011-09-21 17:00:00,383.27670381400674
2011-09-21 18:00:00,285.1127131551945
2011-09-21 19:00:00,95.52789149943078
2011-09-21 20:00:00,66.6148771852089
2011-09-21 21:00:00,57.870884691663186
2011-09-21 22:00:00,76.926935758142
2011-09-21 23:00:00,52.2706905105943
2011-09-22 00:00:00,37.737498860180494
2011-09-22 01:00:00,11.147092564226604
2011-09-22 02:00:00,6.140929545847209
2011-09-22 03:00:00,4.818977685611614
2011-09-22 04:00:00,4.573393542830007
2011-09-22 05:00:00,18.275704751089993
2011-09-22 06:00:00,86.57152833846371
2011-09-22 07:00:00,144.95967221142084
2011-09-22 08:00:00,291.2882776200864
2011-09-22 09:00:00,104.93354291808967
2011-09-22 10:00:00,77.52174919314866
2011-09-22 11:00:00,80.14664817420103
2011-09-22 12:00:00,140.49903821477312
2011-09-22 13:00:00,136.0423394044153
2011-09-22 14:00:00,127.66025290866699
2011-09-22 15:00:00,131.49815595692965
2011-09-22 16:00:00,256.01309942431993
2011-09-22 17:00:00,357.82784580020035
2011-09-22 18:00:00,314.95701971827015
2011-09-22 19:00:00,164.12993783302696
2011-09-22 20:00:00,95.4019244526682
2011-09-22 21:00:00,97.13683900678767
2011-09-22 22:00:00,74.50218181061638
2011-09-22 23:00:00,64.13188261233557
2011-09-23 00:00:00,59.00347325418179
2011-09-23 01:00:00,13.030650521196659
2011-09-23 02:00:00,7.852272818703308
2011-09-23 03:00:00,4.9020344995803296
2011-09-23 04:00:00,4.588341179096886
2011-09-23 05:00:00,17.085811309769348
2011-09-23 06:00:00,75.3563170804433
2011-09-23 07:00:00,116.18521314336006
2011-09-23 08:00:00,214.72817996966015
2011-09-23 09:00:00,107.32977151853906
2011-09-23 10:00:00,65.7513456258308
2011-09-23 11:00:00,68.96438155564846
2011-09-23 12:00:00,70.77695889095781
2011-09-23 13:00:00,63.819248648119135
2011-09-23 14:00:00,64.42146029254539
2011-09-23 15:00:00,67.84005035652888
2011-09-23 16:00:00,96.01526603059845
2011-09-23 17:00:00,179.74031336149096
2011-09-23 18:00:00,159.65518919492501
2011-09-23 19:00:00,167.04433473287173
2011-09-23 20:00:00,102.1809185427101
2011-09-23 21:00:00,93.0142938740013
2011-09-23 22:00:00,93.27070902391507
2011-09-23 23:00:00,77.97359933013591
2011-09-24 00:00:00,86.62750928154087
2011-09-24 01:00:00,68.0309583663225
2011-09-24 02:00:00,55.6062016375328
2011-09-24 03:00:00,29.467505261718703
2011-09-24 04:00:00,7.039328289312205
2011-09-24 05:00:00,11.333169808719715
2011-09-24 06:00:00,14.666003708002199
2011-09-24 07:00:00,65.63925342988524
2011-09-24 08:00:00,93.9811999372676
2011-09-24 09:00:00,123.21903840877343
2011-09-24 10:00:00,112.24797398097192
2011-09-24 11:00:00,181.5659021769189
2011-09-24 12:00:00,202.8534136012614
2011-09-24 13:00:00,199.14432055233453
2011-09-24 14:00:00,243.09013579012756
2011-09-24 15:00:00,258.15790986294445
2011-09-24 16:00:00,240.16542948958488
2011-09-24 17:00:00,311.10961144237973
2011-09-24 18:00:00,273.2813914349206
2011-09-24 19:00:00,165.4869119250952
2011-09-24 20:00:00,189.1430164353325
2011-09-24 21:00:00,178.6584073810064
2011-09-24 22:00:00,106.58048152857671
2011-09-24 23:00:00,104.21762760428072
2011-09-25 00:00:00,83.81955526895457
2011-09-25 01:00:00,75.22167218619865
2011-09-25 02:00:00,53.85789068373314
2011-09-25 03:00:00,24.9551476693562
2011-09-25 04:00:00,6.568868869261733
2011-09-25 05:00:00,14.575312009873603
2011-09-25 06:00:00,13.656880797222103
2011-09-25 07:00:00,56.70777756971308
2011-09-25 08:00:00,92.7979539992832
2011-09-25 09:00:00,173.30074667995603
2011-09-25 10:00:00,198.94822590922945
2011-09-25 11:00:00,201.3755482237724
2011-09-25 12:00:00,205.2641057264114
2011-09-25 13:00:00,256.1818937902492
2011-09-25 14:00:00,192.22465119015507
2011-09-25 15:00:00,192.17546888201713
2011-09-25 16:00:00,316.87587295893195
2011-09-25 17:00:00,311.2037549378923
2011-09-25 18:00:00,278.2442603132192
2011-09-25 19:00:00,234.85115814689135
2011-09-25 20:00:00,187.61838120842583
2011-09-25 21:00:00,106.07354891139363
2011-09-25 22:00:00,113.21640365052085
2011-09-25 23:00:00,77.71395555899021
2011-09-26 00:00:00,50.05681042053698
2011-09-26 01:00:00,11.26557793094071
2011-09-26 02:00:00,5.527667663271358
2011-09-26 03:00:00,3.3704560894528646
2011-09-26 04:00:00,5.798927636926203
2011-09-26 05:00:00,19.586998190462598
2011-09-26 06:00:00,88.19181246600321
2011-09-26 07:00:00,159.58462320520107
2011-09-26 08:00:00,265.07401083068135
2011-09-26 09:00:00,142.82905278033783
2011-09-26 10:00:00,73.9041408608405
2011-09-26 11:00:00,118.78926775428187
2011-09-26 12:00:00,134.31037795331272
2011-09-26 13:00:00,145.7032235240401
2011-09-26 14:00:00,122.34156331287272
2011-09-26 15:00:00,170.8025870687143
2011-09-26 16:00:00,273.8120872199881
2011-09-26 17:00:00,531.3113610638605
2011-09-26 18:00:00,343.89387961783046
2011-09-26 19:00:00,248.238823894927
2011-09-26 20:00:00,111.61999451642214
2011-09-26 21:00:00,104.91973268607124
2011-09-26 22:00:00,85.81269048453142
2011-09-26 23:00:00,64.64795302644781
2011-09-27 00:00:00,59.54464027879894
2011-09-27 01:00:00,9.943951691925404
2011-09-27 02:00:00,4.845743596274933
2011-09-27 03:00:00,2.8583528045278515
2011-09-27 04:00:00,4.967715619741398
2011-09-27 05:00:00,13.12611530279813
2011-09-27 06:00:00,90.58396008439416
2011-09-27 07:00:00,183.94179183403733
2011-09-27 08:00:00,281.70565942626394
2011-09-27 09:00:00,130.56406762424803
2011-09-27 10:00:00,71.02761113252447
2011-09-27 11:00:00,73.86384722992305
2011-09-27 12:00:00,80.08076806161054
2011-09-27 13:00:00,149.35481644635047
2011-09-27 14:00:00,94.70797821728675
2011-09-27 15:00:00,106.03847053191936
2011-09-27 16:00:00,173.63688794854843
2011-09-27 17:00:00,241.14777624867986
2011-09-27 18:00:00,224.2789593502676
2011-09-27 19:00:00,184.54120272354066
2011-09-27 20:00:00,196.80441243938688
2011-09-27 21:00:00,147.85382425824002
2011-09-27 22:00:00,90.02882469566056
2011-09-27 23:00:00,66.45201426914046
2011-09-28 00:00:00,53.30549259818533
2011-09-28 01:00:00,12.30695855012942
2011-09-28 02:00:00,4.209667354676154
2011-09-28 03:00:00,4.633787927384936
2011-09-28 04:00:00,5.976612442353319
2011-09-28 05:00:00,18.548868525520298
2011-09-28 06:00:00,61.523399720669325
2011-09-28 07:00:00,106.90905158953093
2011-09-28 08:00:00,215.94356030170653
2011-09-28 09:00:00,116.49462707089084
2011-09-28 10:00:00,56.94533279664206
2011-09-28 11:00:00,98.51022501062481
2011-09-28 12:00:00,117.42980955061851
2011-09-28 13:00:00,141.17682240549962
2011-09-28 14:00:00,159.3114211769236
2011-09-28 15:00:00,135.28088797987166
2011-09-28 16:00:00,276.91175938237126
2011-09-28 17:00:00,531.8402113976193
2011-09-28 18:00:00,273.98125828701177
2011-09-28 19:00:00,214.73034141053478
2011-09-28 20:00:00,116.12714760045239
2011-09-28 21:00:00,96.06842262754108
2011-09-28 22:00:00,92.17842944484275
2011-09-28 23:00:00,68.40370177035497
2011-09-29 00:00:00,43.54802216562584
2011-09-29 01:00:00,11.747020904431174
2011-09-29 02:00:00,5.780342131539007
2011-09-29 03:00:00,4.999917799464247
2011-09-29 04:00:00,5.831637517503445
2011-09-29 05:00:00,20.27490490711874
2011-09-29 06:00:00,97.58446560069875
2011-09-29 07:00:00,210.29514642972418
2011-09-29 08:00:00,419.9959448852363
2011-09-29 09:00:00,193.45918438090692
2011-09-29 10:00:00,124.92564097891143
2011-09-29 11:00:00,154.4699553408055
2011-09-29 12:00:00,197.73635058815222
2011-09-29 13:00:00,189.19695326858957
2011-09-29 14:00:00,183.34956193167358
2011-09-29 15:00:00,184.06291169779183
2011-09-29 16:00:00,291.87497226631234
2011-09-29 17:00:00,550.3914047237116
2011-09-29 18:00:00,530.2166716814392
2011-09-29 19:00:00,353.52928877584014
2011-09-29 20:00:00,252.52022156389475
2011-09-29 21:00:00,184.76250068681034
2011-09-29 22:00:00,131.25169986127221
2011-09-29 23:00:00,84.68349612739357
2011-09-30 00:00:00,81.54276277978956
2011-09-30 01:00:00,23.88457050540772
2011-09-30 02:00:00,8.537918198846375
2011-09-30 03:00:00,6.161008099418969
2011-09-30 04:00:00,5.925114307147101
2011-09-30 05:00:00,24.738249243217822
2011-09-30 06:00:00,91.42004502774658
2011-09-30 07:00:00,245.94825465440633
2011-09-30 08:00:00,419.1962730983138
2011-09-30 09:00:00,197.8674238536071
2011-09-30 10:00:00,145.7929648009432
2011-09-30 11:00:00,181.0850145815051
2011-09-30 12:00:00,203.87021826703744
2011-09-30 13:00:00,215.11897062260874
2011-09-30 14:00:00,192.22744641571978
2011-09-30 15:00:00,205.4733680844969
2011-09-30 16:00:00,332.6498066790043
2011-09-30 17:00:00,532.5951258723359
2011-09-30 18:00:00,459.550043435896
2011-09-30 19:00:00,292.87110037589514
2011-09-30 20:00:00,208.14394652920814
2011-09-30 21:00:00,173.3532051139646
2011-09-30 22:00:00,136.78032658168942
2011-09-30 23:00:00,105.33809292764242
2011-10-20 00:00:00,63.07384177375984
2011-10-20 01:00:00,14.752040953491406
2011-10-20 02:00:00,5.422429158793969
2011-10-20 03:00:00,3.958535274552988
2011-10-20 04:00:00,5.300645249096917
2011-10-20 05:00:00,24.30846425509071
2011-10-20 06:00:00,96.33038637531092
2011-10-20 07:00:00,233.383817076919
2011-10-20 08:00:00,393.40675556048836
2011-10-20 09:00:00,205.87473741835277
2011-10-20 10:00:00,120.32363783464615
2011-10-20 11:00:00,124.01187345006423
2011-10-20 12:00:00,172.4717902017286
2011-10-20 13:00:00,169.12801820392468
2011-10-20 14:00:00,143.29439765913492
2011-10-20 15:00:00,146.48054626050643
2011-10-20 16:00:00,245.63437228861267
2011-10-20 17:00:00,431.39364432142906
2011-10-20 18:00:00,404.5435344858322
2011-10-20 19:00:00,270.3561043836432
2011-10-20 20:00:00,197.03182673722876
2011-10-20 21:00:00,152.60153931981145
2011-10-20 22:00:00,121.34239395566435
2011-10-20 23:00:00,83.24089767401415
2011-10-21 00:00:00,94.75768300249985
2011-10-21 01:00:00,22.854488430012424
2011-10-21 02:00:00,11.706454294900782
2011-10-21 03:00:00,5.803217862106416
2011-10-21 04:00:00,4.949376843695815
2011-10-21 05:00:00,23.916663924853957
2011-10-21 06:00:00,88.40438901182165
2011-10-21 07:00:00,226.10213905602748
2011-10-21 08:00:00,417.6881529416429
2011-10-21 09:00:00,198.3044811909364
2011-10-21 10:00:00,145.1097724178787
2011-10-21 11:00:00,178.73672384147503
2011-10-21 12:00:00,203.357241255836
2011-10-21 13:00:00,190.86562026233253
2011-10-21 14:00:00,186.07072626028148
2011-10-21 15:00:00,207.95367888461445
2011-10-21 16:00:00,295.9928908428844
2011-10-21 17:00:00,472.1782583304168
2011-10-21 18:00:00,402.13172145321
2011-10-21 19:00:00,257.16101501364113
2011-10-21 20:00:00,190.64556180856428
2011-10-21 21:00:00,148.70263170615164
2011-10-21 22:00:00,123.7349781738589
2011-10-21 23:00:00,90.63350270420165
2011-10-22 00:00:00,143.21791655709325
2011-10-22 01:00:00,71.32114601745329
2011-10-22 02:00:00,54.256581256818706
2011-10-22 03:00:00,24.306781642969018
2011-10-22 04:00:00,7.096907135962453
2011-10-22 05:00:00,7.22389739567109
2011-10-22 06:00:00,18.03014485966804
2011-10-22 07:00:00,53.71106382185035
2011-10-22 08:00:00,100.94482149522544
2011-10-22 09:00:00,161.24244437037316
2011-10-22 10:00:00,198.64707111424084
2011-10-22 11:00:00,234.69106114855296
2011-10-22 12:00:00,260.7578159828921
2011-10-22 13:00:00,284.23544210012585
2011-10-22 14:00:00,278.17670540597464
2011-10-22 15:00:00,279.18768115198617
2011-10-22 16:00:00,313.2442796448562
2011-10-22 17:00:00,278.9344462699806
2011-10-22 18:00:00,229.2298822137716
2011-10-22 19:00:00,192.6516544375873
2011-10-22 20:00:00,153.08898415455695
2011-10-22 21:00:00,123.59168376794574
2011-10-22 22:00:00,111.41260634790184
2011-10-22 23:00:00,77.82167942535678
2011-10-23 00:00:00,47.98740452809518
2011-10-23 01:00:00,72.44659209279892
2011-10-23 02:00:00,54.14975683793988
2011-10-23 03:00:00,29.483208541691525
2011-10-23 04:00:00,8.163909759773773
2011-10-23 05:00:00,5.9850444588420215
2011-10-23 06:00:00,15.157757692934982
2011-10-23 07:00:00,44.235315192165544
2011-10-23 08:00:00,77.81729373108375
2011-10-23 09:00:00,146.8111831246727
2011-10-23 10:00:00,197.3736332710735
2011-10-23 11:00:00,207.22036747277107
2011-10-23 12:00:00,268.25433195629796
2011-10-23 13:00:00,291.9148112277672
2011-10-23 14:00:00,289.79534398375495
2011-10-23 15:00:00,284.60730896380005
2011-10-23 16:00:00,314.1054689552426
2011-10-23 17:00:00,297.30922835029764
2011-10-23 18:00:00,266.7878819041209
2011-10-23 19:00:00,195.57263279340478
2011-10-23 20:00:00,144.97541805649055
2011-10-23 21:00:00,112.0459070711641
2011-10-23 22:00:00,109.1848542514758
2011-10-23 23:00:00,61.322798913189644
2011-10-24 00:00:00,79.98143153996273
2011-10-24 01:00:00,9.388752454205026
2011-10-24 02:00:00,4.4881992890554825
2011-10-24 03:00:00,5.389585233340944
2011-10-24 04:00:00,5.6063808456827715
2011-10-24 05:00:00,24.87023431268047
2011-10-24 06:00:00,95.81885686494952
2011-10-24 07:00:00,209.97825252549177
2011-10-24 08:00:00,364.3228503589939
2011-10-24 09:00:00,181.5132746550128
2011-10-24 10:00:00,106.10974372284238
2011-10-24 11:00:00,112.47881573767928
2011-10-24 12:00:00,164.31330594390684
2011-10-24 13:00:00,152.40851627775717
2011-10-24 14:00:00,132.28743688872424
2011-10-24 15:00:00,187.9918574127046
2011-10-24 16:00:00,277.2771408427821
2011-10-24 17:00:00,511.2347780243013
2011-10-24 18:00:00,501.1781398472686
2011-10-24 19:00:00,179.1512786092772
2011-10-24 20:00:00,186.97162195581825
2011-10-24 21:00:00,120.78566056155907
2011-10-24 22:00:00,115.71546284843255
2011-10-24 23:00:00,69.02037879031056
2011-10-25 00:00:00,70.3752683763945
2011-10-25 01:00:00,11.284324056391295
2011-10-25 02:00:00,4.349954429260715
2011-10-25 03:00:00,3.748693441626164
2011-10-25 04:00:00,5.487762571086354
2011-10-25 05:00:00,24.070967519517193
2011-10-25 06:00:00,104.30366294333881
2011-10-25 07:00:00,237.9616040058049
2011-10-25 08:00:00,414.0272930516004
2011-10-25 09:00:00,201.4577389620586
2011-10-25 10:00:00,131.1111016014443
2011-10-25 11:00:00,144.6198992721844
2011-10-25 12:00:00,182.41220347771016
2011-10-25 13:00:00,182.9643312953191
2011-10-25 14:00:00,165.66592421207866
2011-10-25 15:00:00,181.66751223052992
2011-10-25 16:00:00,293.3064058644462
2011-10-25 17:00:00,546.5194322807296
2011-10-25 18:00:00,461.2243701950132
2011-10-25 19:00:00,290.711782638665
2011-10-25 20:00:00,205.62123512587354
2011-10-25 21:00:00,154.31928396059928
2011-10-25 22:00:00,123.91299287666384
2011-10-25 23:00:00,69.55666162485782
2011-10-26 00:00:00,75.09960137428989
2011-10-26 01:00:00,10.3396010194607
2011-10-26 02:00:00,5.811198913086506
2011-10-26 03:00:00,4.2028521051181675
2011-10-26 04:00:00,4.2064545335255366
2011-10-26 05:00:00,25.373391671268696
2011-10-26 06:00:00,108.68863273822788
2011-10-26 07:00:00,278.4664251660781
2011-10-26 08:00:00,425.0477759867193
2011-10-26 09:00:00,205.08597835329536
2011-10-26 10:00:00,119.71596744053672
2011-10-26 11:00:00,118.3342990232257
2011-10-26 12:00:00,159.30265337438823
2011-10-26 13:00:00,152.2559784293951
2011-10-26 14:00:00,81.47729720673095
2011-10-26 15:00:00,91.48490284042836
2011-10-26 16:00:00,151.78202286625014
2011-10-26 17:00:00,386.84204637522566
2011-10-26 18:00:00,396.64715939500786
2011-10-26 19:00:00,234.2652805113673
2011-10-26 20:00:00,114.15023034359378
2011-10-26 21:00:00,131.08353455108244
2011-10-26 22:00:00,98.34907824288027
2011-10-26 23:00:00,69.99766017551671
2011-10-27 00:00:00,48.128329865859655
2011-10-27 01:00:00,10.699657696238528
2011-10-27 02:00:00,6.292543259037948
2011-10-27 03:00:00,3.489051982254953
2011-10-27 04:00:00,4.343459821482929
2011-10-27 05:00:00,18.266459067416815
2011-10-27 06:00:00,71.87540035093781
2011-10-27 07:00:00,227.4719016930534
2011-10-27 08:00:00,242.03935953396046
2011-10-27 09:00:00,182.95917672779004
2011-10-27 10:00:00,89.53157875650163
2011-10-27 11:00:00,90.49628517412918
2011-10-27 12:00:00,85.63110553849636
2011-10-27 13:00:00,85.45778355901899
2011-10-27 14:00:00,97.70010150474889
2011-10-27 15:00:00,113.52847879559754
2011-10-27 16:00:00,256.83036090068254
2011-10-27 17:00:00,413.1665603348162
2011-10-27 18:00:00,412.1797732947495
2011-10-27 19:00:00,260.398893187188
2011-10-27 20:00:00,193.17026493533518
2011-10-27 21:00:00,143.69088253242094
2011-10-27 22:00:00,92.08990036906737
2011-10-27 23:00:00,70.00479006402932
2011-10-28 00:00:00,87.7834437976037
2011-10-28 01:00:00,17.64439402920291
2011-10-28 02:00:00,8.556196427458438
2011-10-28 03:00:00,3.110758356679908
2011-10-28 04:00:00,4.091361935656573
2011-10-28 05:00:00,21.607006695578466
2011-10-28 06:00:00,79.98930910190363
2011-10-28 07:00:00,134.2245563576996
2011-10-28 08:00:00,336.49237283180435
2011-10-28 09:00:00,188.71800792298583
2011-10-28 10:00:00,119.0173639719675
2011-10-28 11:00:00,150.13141907657334
2011-10-28 12:00:00,183.86465241736963
2011-10-28 13:00:00,184.8647408406631
2011-10-28 14:00:00,161.21919690141544
2011-10-28 15:00:00,176.13130338675842
2011-10-28 16:00:00,220.98227485771977
2011-10-28 17:00:00,379.255331656837
2011-10-28 18:00:00,344.1350649508087
2011-10-28 19:00:00,227.0542739415868
2011-10-28 20:00:00,118.14472656912653
2011-10-28 21:00:00,91.81172053553911
2011-10-28 22:00:00,69.87745925936755
2011-10-28 23:00:00,50.086629241010236
2011-10-29 00:00:00,47.3722251722457
2011-10-29 01:00:00,37.31665642148391
2011-10-29 02:00:00,32.737523503486564
2011-10-29 03:00:00,9.946387473331487
2011-10-29 04:00:00,5.537414435101095
2011-10-29 05:00:00,3.024626686618678
2011-10-29 06:00:00,13.049089990089803
2011-10-29 07:00:00,31.478285127607073
2011-10-29 08:00:00,58.403891808469815
2011-10-29 09:00:00,64.13638270026381
2011-10-29 10:00:00,57.515923521376855
2011-10-29 11:00:00,47.887423659902204
2011-10-29 12:00:00,45.41075914873251
2011-10-29 13:00:00,39.38812964836807
2011-10-29 14:00:00,45.666913800913015
2011-10-29 15:00:00,54.5195003312715
2011-10-29 16:00:00,59.14237154569669
2011-10-29 17:00:00,70.40813763950149
2011-10-29 18:00:00,64.79683425085
2011-10-29 19:00:00,64.0655881747735
2011-10-29 20:00:00,55.107405753688184
2011-10-29 21:00:00,53.17376326312884
2011-10-29 22:00:00,53.222466532030246
2011-10-29 23:00:00,51.004872381020014
2011-10-30 00:00:00,46.05246603946204
2011-10-30 01:00:00,49.08926401151772
2011-10-30 02:00:00,37.23134752035209
2011-10-30 03:00:00,11.694650744369852
2011-10-30 04:00:00,3.8773654954762184
2011-10-30 05:00:00,3.9974676884370504
2011-10-30 06:00:00,10.911247531676235
2011-10-30 07:00:00,33.425844881745654
2011-10-30 08:00:00,70.44146351920836
2011-10-30 09:00:00,121.62995336836121
2011-10-30 10:00:00,172.64159070120633
2011-10-30 11:00:00,232.70224070326222
2011-10-30 12:00:00,280.2560260146764
2011-10-30 13:00:00,287.0685734528656
2011-10-30 14:00:00,289.1791795071335
2011-10-30 15:00:00,282.14492449267635
2011-10-30 16:00:00,279.42871690565795
2011-10-30 17:00:00,270.62846018758836
2011-10-30 18:00:00,206.1872722234779
2011-10-30 19:00:00,254.98914016646307
2011-10-30 20:00:00,132.72458020026744
2011-10-30 21:00:00,98.40465591750339
2011-10-30 22:00:00,81.79307131157913
2011-10-30 23:00:00,46.10687409571633
2011-10-31 00:00:00,33.74145313687176
2011-10-31 01:00:00,8.608792038156231
2011-10-31 02:00:00,3.229367586001812
2011-10-31 03:00:00,2.9370618211768686
2011-10-31 04:00:00,4.688150978171514
2011-10-31 05:00:00,20.505179992358965
2011-10-31 06:00:00,79.7245868164937
2011-10-31 07:00:00,123.36095486978122
2011-10-31 08:00:00,360.2745979142015
2011-10-31 09:00:00,159.03508622080167
2011-10-31 10:00:00,117.41209516635723
2011-10-31 11:00:00,129.73813779454338
2011-10-31 12:00:00,157.20086531676054
2011-10-31 13:00:00,157.41301638862495
2011-10-31 14:00:00,140.01882321074018
2011-10-31 15:00:00,151.5998323250536
2011-10-31 16:00:00,236.25602287724155
2011-10-31 17:00:00,477.6084401715299
2011-10-31 18:00:00,404.4593412675491
2011-10-31 19:00:00,277.23169985010037
2011-10-31 20:00:00,192.32043495919876
2011-10-31 21:00:00,117.67509643681575
2011-10-31 22:00:00,98.54685396941522
2011-10-31 23:00:00,59.97518435922132
2011-11-20 00:00:00,128.48919298623224
2011-11-20 01:00:00,71.87042766389563
2011-11-20 02:00:00,60.549062457991454
2011-11-20 03:00:00,26.595712467332138
2011-11-20 04:00:00,6.5838881713777875
2011-11-20 05:00:00,6.664487037025143
2011-11-20 06:00:00,17.119787250841572
2011-11-20 07:00:00,54.90561252907065
2011-11-20 08:00:00,90.1237169970789
2011-11-20 09:00:00,158.45026553260865
2011-11-20 10:00:00,186.58806395282025
2011-11-20 11:00:00,256.46523427383863
2011-11-20 12:00:00,270.8452624792222
2011-11-20 13:00:00,292.80825564955165
2011-11-20 14:00:00,272.42935904081764
2011-11-20 15:00:00,295.08803966085003
2011-11-20 16:00:00,295.324019800489
2011-11-20 17:00:00,251.16139321845031
2011-11-20 18:00:00,290.0286755832594
2011-11-20 19:00:00,224.21595005479622
2011-11-20 20:00:00,176.31645909115565
2011-11-20 21:00:00,127.50994565477345
2011-11-20 22:00:00,80.85442614630335
2011-11-20 23:00:00,61.63722306267093
2011-11-21 00:00:00,53.2518131162044
2011-11-21 01:00:00,7.743732549360555
2011-11-21 02:00:00,5.7620073060061445
2011-11-21 03:00:00,3.138782820607496
2011-11-21 04:00:00,3.541157458037655
2011-11-21 05:00:00,15.286179770298032
2011-11-21 06:00:00,78.77916363832782
2011-11-21 07:00:00,215.83926442814953
2011-11-21 08:00:00,365.1865885142321
2011-11-21 09:00:00,148.63095158888834
2011-11-21 10:00:00,99.6862117752838
2011-11-21 11:00:00,97.16938626847822
2011-11-21 12:00:00,146.93546938970718
2011-11-21 13:00:00,129.7908840447575
2011-11-21 14:00:00,101.69226059662691
2011-11-21 15:00:00,56.62834176874649
2011-11-21 16:00:00,76.44655088155777
2011-11-21 17:00:00,118.26330440212475
2011-11-21 18:00:00,145.10902240403666
2011-11-21 19:00:00,103.45258864004661
2011-11-21 20:00:00,86.60904459567432
2011-11-21 21:00:00,86.82851284197878
2011-11-21 22:00:00,72.47172140135216
2011-11-21 23:00:00,43.62454881484784
2011-11-22 00:00:00,52.966014404095056
2011-11-22 01:00:00,7.074270801671052
2011-11-22 02:00:00,4.418843059673723
2011-11-22 03:00:00,2.632799066966661
2011-11-22 04:00:00,3.7316351395832807
2011-11-22 05:00:00,15.299412955403085
2011-11-22 06:00:00,87.1624361083295
2011-11-22 07:00:00,93.50229222105929
2011-11-22 08:00:00,185.41297758196686
2011-11-22 09:00:00,99.46382910939954
2011-11-22 10:00:00,53.96076470836286
2011-11-22 11:00:00,57.518613616487215
2011-11-22 12:00:00,55.95926689780315
2011-11-22 13:00:00,51.0919000444413
2011-11-22 14:00:00,52.89661466697366
2011-11-22 15:00:00,58.73021049995156
2011-11-22 16:00:00,78.10610566960187
2011-11-22 17:00:00,123.37357704550415
2011-11-22 18:00:00,125.4966476751496
2011-11-22 19:00:00,132.00720134980708
2011-11-22 20:00:00,104.28914014948758
2011-11-22 21:00:00,102.86666443252606
2011-11-22 22:00:00,91.4616525791986
2011-11-22 23:00:00,66.9389159760727
2011-11-23 00:00:00,59.90745317528847
2011-11-23 01:00:00,10.7892243030751
2011-11-23 02:00:00,3.2164376645745705
2011-11-23 03:00:00,2.839630157977352
2011-11-23 04:00:00,4.70068320068814
2011-11-23 05:00:00,19.76337435993973
2011-11-23 06:00:00,71.66249970629435
2011-11-23 07:00:00,164.47726976172015
2011-11-23 08:00:00,339.21991676161315
2011-11-23 09:00:00,145.5515082894048
2011-11-23 10:00:00,68.96862723464972
2011-11-23 11:00:00,100.58435620458415
2011-11-23 12:00:00,166.24218724884437
2011-11-23 13:00:00,148.8837348155503
2011-11-23 14:00:00,133.67423475842097
2011-11-23 15:00:00,139.54903020695625
2011-11-23 16:00:00,211.18375130713
2011-11-23 17:00:00,254.85223632493958
2011-11-23 18:00:00,393.6257464155862
2011-11-23 19:00:00,262.6833921191757
2011-11-23 20:00:00,158.62918959992524
2011-11-23 21:00:00,130.83068072350298
2011-11-23 22:00:00,98.85986172292029
2011-11-23 23:00:00,59.90731388367063
2011-11-24 00:00:00,106.1647783026014
2011-11-24 01:00:00,24.23900044018809
2011-11-24 02:00:00,19.97943350308598
2011-11-24 03:00:00,8.03201898472399
2011-11-24 04:00:00,6.8645561614791175
2011-11-24 05:00:00,6.913408076052483
2011-11-24 06:00:00,21.805155216983767
2011-11-24 07:00:00,49.25301619739946
2011-11-24 08:00:00,100.61651469362586
2011-11-24 09:00:00,144.7333548361425
2011-11-24 10:00:00,156.135874482072
2011-11-24 11:00:00,223.06375406490105
2011-11-24 12:00:00,258.55070882038984
2011-11-24 13:00:00,260.7461108094034
2011-11-24 14:00:00,262.9168839290994
2011-11-24 15:00:00,246.44012107164156
2011-11-24 16:00:00,270.5370490952114
2011-11-24 17:00:00,238.4523004620125
2011-11-24 18:00:00,199.06273464849374
2011-11-24 19:00:00,176.2544611358285
2011-11-24 20:00:00,119.17740510465728
2011-11-24 21:00:00,103.31433661270604
2011-11-24 22:00:00,102.25449442827167
2011-11-24 23:00:00,57.34663456347488
2011-11-25 00:00:00,90.13212954338032
2011-11-25 01:00:00,17.451145941821636
2011-11-25 02:00:00,9.015585621204105
2011-11-25 03:00:00,2.756499450907984
2011-11-25 04:00:00,4.234988967468971
2011-11-25 05:00:00,22.775793862480775
2011-11-25 06:00:00,77.08413653105525
2011-11-25 07:00:00,145.08446754193525
2011-11-25 08:00:00,394.23508194345084
2011-11-25 09:00:00,201.33294363349816
2011-11-25 10:00:00,124.5581177422119
2011-11-25 11:00:00,150.75237106932877
2011-11-25 12:00:00,192.19897968967305
2011-11-25 13:00:00,200.5797224551315
2011-11-25 14:00:00,181.88429657449137
2011-11-25 15:00:00,205.09302473490416
2011-11-25 16:00:00,288.2392270061762
2011-11-25 17:00:00,478.2091020776824
2011-11-25 18:00:00,411.2566822387226
2011-11-25 19:00:00,255.54789588347637
2011-11-25 20:00:00,181.7672942027777
2011-11-25 21:00:00,128.37078482291867
2011-11-25 22:00:00,110.68712426131414
2011-11-25 23:00:00,75.54629006380529
2011-11-26 00:00:00,117.34485514423963
2011-11-26 01:00:00,64.9960823078427
2011-11-26 02:00:00,52.62364628317037
2011-11-26 03:00:00,23.173199489116087
2011-11-26 04:00:00,7.784932606030809
2011-11-26 05:00:00,5.662299267680979
2011-11-26 06:00:00,13.366181377606699
2011-11-26 07:00:00,30.77916754190801
2011-11-26 08:00:00,90.69450249940623
2011-11-26 09:00:00,143.06083292544184
2011-11-26 10:00:00,159.56291438562567
2011-11-26 11:00:00,264.1134608714185
2011-11-26 12:00:00,318.6755650338125
2011-11-26 13:00:00,314.7064464655893
2011-11-26 14:00:00,275.61715333314623
2011-11-26 15:00:00,309.6829426686866
2011-11-26 16:00:00,268.0585403239775
2011-11-26 17:00:00,204.83164628563674
2011-11-26 18:00:00,198.45571205766961
2011-11-26 19:00:00,184.93269047807217
2011-11-26 20:00:00,143.99865079401445
2011-11-26 21:00:00,114.70980947394285
2011-11-26 22:00:00,117.0784114021361
2011-11-26 23:00:00,67.20999997719474
2011-11-27 00:00:00,106.25323417428096
2011-11-27 01:00:00,81.06067743619133
2011-11-27 02:00:00,59.479057423324356
2011-11-27 03:00:00,31.57815495650047
2011-11-27 04:00:00,8.306378665582482
2011-11-27 05:00:00,5.961060338055197
2011-11-27 06:00:00,15.406237936398838
2011-11-27 07:00:00,55.584843537759966
2011-11-27 08:00:00,96.25970564448801
2011-11-27 09:00:00,151.72710556966533
2011-11-27 10:00:00,196.6181619880581
2011-11-27 11:00:00,240.54676824697052
2011-11-27 12:00:00,286.8252911811517
2011-11-27 13:00:00,298.77218504215045
2011-11-27 14:00:00,433.15617330227064
2011-11-27 15:00:00,417.19507294085764
2011-11-27 16:00:00,338.5870252641489
2011-11-27 17:00:00,301.94715735918396
2011-11-27 18:00:00,249.99229960214544
2011-11-27 19:00:00,207.7035951445512
2011-11-27 20:00:00,163.80455335901257
2011-11-27 21:00:00,117.56659891209023
2011-11-27 22:00:00,107.70819352778723
2011-11-27 23:00:00,73.82510443994828
2011-11-28 00:00:00,70.15266391983438
2011-11-28 01:00:00,12.272886078794032
2011-11-28 03:00:00,3.9591900374106404
2011-11-28 04:00:00,5.162481335881565
2011-11-28 05:00:00,24.9585917459199
2011-11-28 06:00:00,101.94799068701496
2011-11-28 07:00:00,219.54625866608924
2011-11-28 08:00:00,389.6026327757882
2011-11-28 09:00:00,162.415555086756
2011-11-28 10:00:00,105.16869964130532
2011-11-28 11:00:00,129.32516192798647
2011-11-28 12:00:00,186.47441101235438
2011-11-28 13:00:00,168.38166559782
2011-11-28 14:00:00,173.0304032040758
2011-11-28 15:00:00,178.93466363934658
2011-11-28 16:00:00,282.33886345441704
2011-11-28 17:00:00,533.2138319514818
2011-11-28 18:00:00,506.1648849751601
2011-11-28 19:00:00,307.5658543654687
2011-11-28 20:00:00,212.41980553556883
2011-11-28 21:00:00,154.69611446505826
2011-11-28 22:00:00,110.04640644618209
2011-11-28 23:00:00,66.09934451831461
2011-11-29 00:00:00,54.68220274691282
2011-11-29 01:00:00,11.975852636991252
2011-11-29 02:00:00,4.3408892824285115
2011-11-29 03:00:00,3.2339928999445067
2011-11-29 04:00:00,5.060711368240219
2011-11-29 05:00:00,23.209361865942014
2011-11-29 06:00:00,99.62005202418287
2011-11-29 07:00:00,226.47049802704964
2011-11-29 08:00:00,416.3859762014843
2011-11-29 09:00:00,168.25720555437061
2011-11-29 10:00:00,102.76588696538793
2011-11-29 11:00:00,82.85194111393876
2011-11-29 12:00:00,87.82963087721045
2011-11-29 13:00:00,91.1700248289016
2011-11-29 14:00:00,51.65551205846616
2011-11-29 15:00:00,65.93141118557284
2011-11-29 16:00:00,81.06306166615724
2011-11-29 17:00:00,207.1735659184423
2011-11-29 18:00:00,295.6557521696836
2011-11-29 19:00:00,214.60023169517927
2011-11-29 20:00:00,82.3575222390496
2011-11-29 21:00:00,83.32902903568329
2011-11-29 22:00:00,101.77327831075233
2011-11-29 23:00:00,57.512645642331535
2011-11-30 00:00:00,86.06763961955437
2011-11-30 01:00:00,9.008740172035989
2011-11-30 02:00:00,4.310236233487132
2011-11-30 03:00:00,2.971189983772963
2011-11-30 04:00:00,3.367887789535563
2011-11-30 05:00:00,22.23894985070426
2011-11-30 06:00:00,79.1431479328879
2011-11-30 07:00:00,158.24119890132044
2011-11-30 08:00:00,376.25678678680595
2011-11-30 09:00:00,182.14443191206257
2011-11-30 10:00:00,109.46891804565863
2011-11-30 11:00:00,133.85919167355294
2011-11-30 12:00:00,146.13215561407287
2011-11-30 13:00:00,149.71654260649564
2011-11-30 14:00:00,136.34297676153136
2011-11-30 15:00:00,140.35146251934768
2011-11-30 16:00:00,209.53198753856694
2011-11-30 17:00:00,344.9008740801236
2011-11-30 18:00:00,331.06582396406276
2011-11-30 19:00:00,202.30285846525055
2011-11-30 20:00:00,134.31338534264805
2011-11-30 21:00:00,95.88048031135094
2011-11-30 22:00:00,75.07699799004006
2011-11-30 23:00:00,52.60455475250932
2011-12-20 00:00:00,90.0467693228002
2011-12-20 01:00:00,8.94409711247144
2011-12-20 02:00:00,3.4153962727646294
2011-12-20 03:00:00,3.22179053729044
2011-12-20 04:00:00,3.906861884815387
2011-12-20 05:00:00,21.4514464578074
2011-12-20 06:00:00,97.88981864472058
2011-12-20 07:00:00,234.24946123102703
2011-12-20 08:00:00,428.4388859420144
2011-12-20 09:00:00,219.9875728613093
2011-12-20 10:00:00,122.3453004956911
2011-12-20 11:00:00,130.7499732543987
2011-12-20 12:00:00,161.22332628669434
2011-12-20 13:00:00,158.84132117459274
2011-12-20 14:00:00,130.30453168416304
2011-12-20 15:00:00,142.60215958895
2011-12-20 16:00:00,240.0020361591205
2011-12-20 17:00:00,424.63675837305215
2011-12-20 18:00:00,396.84823783599046
2011-12-20 19:00:00,257.87667115130523
2011-12-20 20:00:00,167.69324400082152
2011-12-20 21:00:00,131.19243676930571
2011-12-20 22:00:00,96.31011519799519
2011-12-20 23:00:00,66.87186716425836
2011-12-21 00:00:00,82.15926730068072
2011-12-21 01:00:00,8.346690798831084
2011-12-21 02:00:00,4.454196986356389
2011-12-21 03:00:00,3.517147667078883
2011-12-21 04:00:00,2.6227459832616358
2011-12-21 05:00:00,24.121181185260156
2011-12-21 06:00:00,88.45351160769347
2011-12-21 07:00:00,173.6124236415994
2011-12-21 08:00:00,166.8301508526868
2011-12-21 09:00:00,146.87147585886837
2011-12-21 10:00:00,69.44396704584395
2011-12-21 11:00:00,67.3322318399551
2011-12-21 12:00:00,68.70628151984495
2011-12-21 13:00:00,43.56774628667882
2011-12-21 14:00:00,74.43893603146459
2011-12-21 15:00:00,84.35562518615458
2011-12-21 16:00:00,52.99778679426205
2011-12-21 17:00:00,77.86995169832566
2011-12-21 18:00:00,127.56673228224942
2011-12-21 19:00:00,129.8598659184658
2011-12-21 20:00:00,82.95392867883679
2011-12-21 21:00:00,98.85871203428944
2011-12-21 22:00:00,85.34921913186507
2011-12-21 23:00:00,66.79934649192954
2011-12-22 00:00:00,67.6866288259638
2011-12-22 01:00:00,9.244815935715296
2011-12-22 02:00:00,7.78577515465278
2011-12-22 03:00:00,3.8620833273678836
2011-12-22 04:00:00,3.2031938094257373
2011-12-22 05:00:00,25.13655888763229
2011-12-22 06:00:00,92.46198547254345
2011-12-22 07:00:00,169.66792823255838
2011-12-22 08:00:00,420.27512410614924
2011-12-22 09:00:00,162.70687035766795
2011-12-22 10:00:00,103.10998130856743
2011-12-22 11:00:00,120.24770585234397
2011-12-22 12:00:00,163.30233127695385
2011-12-22 13:00:00,141.33033464850183
2011-12-22 14:00:00,115.28652415609609
2011-12-22 15:00:00,124.38162181386919
2011-12-22 16:00:00,234.65876835784496
2011-12-22 17:00:00,434.9944471546258
2011-12-22 18:00:00,410.1363811212376
2011-12-22 19:00:00,277.8352826245153
2011-12-22 20:00:00,131.90531118124483
2011-12-22 21:00:00,108.10367031457393
2011-12-22 22:00:00,38.23476354216946
2011-12-22 23:00:00,40.72188250919374
2011-12-23 00:00:00,69.4547952594068
2011-12-23 01:00:00,17.475370147874195
2011-12-23 02:00:00,7.908848230808029
2011-12-23 03:00:00,3.5368471785970095
2011-12-23 04:00:00,2.3947189375393934
2011-12-23 05:00:00,21.354724103375673
2011-12-23 06:00:00,85.13844631074599
2011-12-23 07:00:00,230.65440318797516
2011-12-23 08:00:00,410.13795439015246
2011-12-23 09:00:00,224.67179260809684
2011-12-23 10:00:00,122.53069950456671
2011-12-23 11:00:00,139.42131953726945
2011-12-23 12:00:00,174.18674386074701
2011-12-23 13:00:00,169.9334317732215
2011-12-23 14:00:00,147.53538651624308
2011-12-23 15:00:00,142.12292194987143
2011-12-23 16:00:00,228.43856908950647
2011-12-23 17:00:00,383.40877178620815
2011-12-23 18:00:00,361.29508464697363
2011-12-23 19:00:00,253.06509717903623
2011-12-23 20:00:00,145.350523536873
2011-12-23 21:00:00,128.86836355608096
2011-12-23 22:00:00,107.40146335136299
2011-12-23 23:00:00,75.77052988890932
2011-12-24 00:00:00,126.26320971389389
2011-12-24 01:00:00,62.26199820545112
2011-12-24 02:00:00,52.32743293095806
2011-12-24 03:00:00,24.333131502064152
2011-12-24 04:00:00,5.665110565973354
2011-12-24 05:00:00,4.7899853627388245
2011-12-24 06:00:00,8.347622198617268
2011-12-24 07:00:00,42.943695922057714
2011-12-24 08:00:00,79.49997289693948
2011-12-24 09:00:00,145.43637721992906
2011-12-24 10:00:00,144.89830692311355
2011-12-24 11:00:00,189.31071966023586
2011-12-24 12:00:00,243.73448631134997
2011-12-24 13:00:00,222.19691633864414
2011-12-24 14:00:00,230.97677270706768
2011-12-24 15:00:00,216.48560441037927
2011-12-24 16:00:00,207.32849610005016
2011-12-24 17:00:00,147.48086326428944
2011-12-24 18:00:00,182.69733547913364
2011-12-24 19:00:00,137.45742826343758
2011-12-24 20:00:00,88.05635951443323
2011-12-24 21:00:00,82.0876716652576
2011-12-24 22:00:00,66.16589393561031
2011-12-24 23:00:00,60.24526309696203
2011-12-25 00:00:00,74.45073116880602
2011-12-25 01:00:00,46.98335276518816
2011-12-25 02:00:00,47.0113051933201
2011-12-25 03:00:00,20.178825043792862
2011-12-25 05:00:00,4.902834834894852
2011-12-25 06:00:00,4.809090563203476
2011-12-25 07:00:00,29.849241359920104
2011-12-25 08:00:00,54.39352601917245
2011-12-25 09:00:00,73.96947508125858
2011-12-25 10:00:00,113.60153439214203
2011-12-25 11:00:00,143.8717687019909
2011-12-25 12:00:00,145.0198910375071
2011-12-25 13:00:00,179.1961091015604
2011-12-25 14:00:00,204.00113765620475
2011-12-25 15:00:00,197.02516136781472
2011-12-25 16:00:00,219.61197634833147
2011-12-25 17:00:00,229.26331310912335
2011-12-25 18:00:00,161.88297142909315
2011-12-25 19:00:00,157.12944704549156
2011-12-25 20:00:00,138.3820879605371
2011-12-25 21:00:00,102.17740336277235
2011-12-25 22:00:00,79.64444709182733
2011-12-25 23:00:00,41.849096973482524
2011-12-26 00:00:00,62.95234768356404
2011-12-26 01:00:00,26.97901585591961
2011-12-26 02:00:00,14.098033164321933
2011-12-26 04:00:00,5.093083902831917
2011-12-26 05:00:00,5.381736345380256
2011-12-26 06:00:00,15.508717351406602
2011-12-26 07:00:00,75.5257941087009
2011-12-26 08:00:00,105.19554699032611
2011-12-26 09:00:00,123.1210408584226
2011-12-26 10:00:00,132.03055376762666
2011-12-26 11:00:00,136.93443888261783
2011-12-26 12:00:00,158.09755706540804
2011-12-26 13:00:00,133.47252191920043
2011-12-26 14:00:00,126.05366742426371
2011-12-26 15:00:00,132.5521722640895
2011-12-26 16:00:00,180.4948393397919
2011-12-26 17:00:00,218.38512649297292
2011-12-26 18:00:00,178.98263411574638
2011-12-26 19:00:00,127.88009262526121
2011-12-26 20:00:00,112.7258575499023
2011-12-26 21:00:00,74.98589741553225
2011-12-26 22:00:00,67.43497123074083
2011-12-26 23:00:00,42.77442045614174
2011-12-27 00:00:00,40.43412456505701
2011-12-27 01:00:00,6.869879246264629
2011-12-27 02:00:00,3.3356909477515293
2011-12-27 03:00:00,2.746198926619376
2011-12-27 04:00:00,3.176225101691749
2011-12-27 05:00:00,20.007669496050077
2011-12-27 06:00:00,87.54911842402971
2011-12-27 07:00:00,176.6264347156941
2011-12-27 08:00:00,387.9811451900144
2011-12-27 09:00:00,127.23204802349936
2011-12-27 10:00:00,112.05166796814093
2011-12-27 11:00:00,87.37084985438855
2011-12-27 12:00:00,67.09997517653144
2011-12-27 13:00:00,51.50217813782918
2011-12-27 14:00:00,80.02701386766084
2011-12-27 15:00:00,78.16566646572986
2011-12-27 16:00:00,87.55097113844494
2011-12-27 17:00:00,169.09567405335824
2011-12-27 18:00:00,193.54815470789697
2011-12-27 19:00:00,132.80094282450787
2011-12-27 20:00:00,69.00894952751472
2011-12-27 21:00:00,64.65160210547903
2011-12-27 22:00:00,67.7981292002707
2011-12-27 23:00:00,44.12031268807925
2011-12-28 00:00:00,50.627546344985106
2011-12-28 01:00:00,8.463372577687723
2011-12-28 02:00:00,3.3686406211977666
2011-12-28 03:00:00,2.977038252339645
2011-12-28 05:00:00,23.153552581933706
2011-12-28 06:00:00,90.50400523653471
2011-12-28 07:00:00,191.788227599676
2011-12-28 08:00:00,419.92719374321996
2011-12-28 09:00:00,203.34674096299628
2011-12-28 10:00:00,113.57832919248148
2011-12-28 11:00:00,130.05623925211546
2011-12-28 12:00:00,143.5375990612458
2011-12-28 13:00:00,119.53684933054112
2011-12-28 14:00:00,115.65856803038888
2011-12-28 15:00:00,124.68165310368546
2011-12-28 16:00:00,172.94010995178064
2011-12-28 17:00:00,269.2961435459638
2011-12-28 18:00:00,257.03278319181874
2011-12-28 19:00:00,137.871097000262
2011-12-28 20:00:00,106.50321321877455
2011-12-28 21:00:00,77.43619067015563
2011-12-28 22:00:00,60.16919970245966
2011-12-28 23:00:00,34.92501749317559
2011-12-29 00:00:00,28.53347169171476
2011-12-29 01:00:00,5.688705425071839
2011-12-29 02:00:00,3.689919521762988
2011-12-29 03:00:00,2.548873920461754
2011-12-29 04:00:00,2.481150406385457
2011-12-29 05:00:00,20.247693474924326
2011-12-29 06:00:00,82.72466257070579
2011-12-29 07:00:00,185.5712343538367
2011-12-29 08:00:00,384.62904504464984
2011-12-29 09:00:00,193.22923480716616
2011-12-29 10:00:00,77.08537869876955
2011-12-29 11:00:00,76.61375554893873
2011-12-29 12:00:00,103.01854122640361
2011-12-29 13:00:00,106.555625395528
2011-12-29 14:00:00,107.88229498942242
2011-12-29 15:00:00,122.93375760131623
2011-12-29 16:00:00,162.10701137015727
2011-12-29 17:00:00,273.56822611281063
2011-12-29 18:00:00,279.1429622483112
2011-12-29 19:00:00,220.9618227831311
2011-12-29 20:00:00,106.69166790819851
2011-12-29 21:00:00,103.63757183615783
2011-12-29 22:00:00,84.85592158854351
2011-12-29 23:00:00,63.35334294748686
2011-12-30 00:00:00,72.50875570760584
2011-12-30 01:00:00,11.220081950660486
2011-12-30 02:00:00,8.571482818664844
2011-12-30 03:00:00,3.845326649900166
2011-12-30 04:00:00,2.712523051420796
2011-12-30 05:00:00,19.41408006801838
2011-12-30 06:00:00,74.9909617935874
2011-12-30 07:00:00,157.08240395450633
2011-12-30 08:00:00,372.67625889150656
2011-12-30 09:00:00,192.2852401303051
2011-12-30 10:00:00,104.90968971774598
2011-12-30 11:00:00,129.50072285720935
2011-12-30 12:00:00,166.4023888930743
2011-12-30 13:00:00,156.7185892281309
2011-12-30 14:00:00,170.29444562855232
2011-12-30 15:00:00,195.35398206445467
2011-12-30 16:00:00,264.4211162907307
2011-12-30 17:00:00,401.9323865170463
2011-12-30 18:00:00,363.16736112310065
2011-12-30 19:00:00,222.0540420867217
2011-12-30 20:00:00,159.49082459435047
2011-12-30 21:00:00,124.83235644180859
2011-12-30 22:00:00,109.11345299737032
2011-12-30 23:00:00,73.115068386423
2011-12-31 00:00:00,133.2533030983253
2011-12-31 01:00:00,67.02345528758707
2011-12-31 02:00:00,53.053285944557935
2011-12-31 03:00:00,23.986047647391274
2011-12-31 04:00:00,5.032396561521037
2011-12-31 05:00:00,4.887445927609083
2011-12-31 06:00:00,13.700691915779112
2011-12-31 07:00:00,56.01929220802872
2011-12-31 08:00:00,98.48980291375507
2011-12-31 09:00:00,151.44915820802217
2011-12-31 10:00:00,162.93241229747633
2011-12-31 11:00:00,224.17883626974483
2011-12-31 12:00:00,366.60845533944956
2011-12-31 13:00:00,344.0808163907798
2011-12-31 14:00:00,287.2685471019422
2011-12-31 15:00:00,291.85507335213174
2011-12-31 16:00:00,267.59989774459433
2011-12-31 17:00:00,234.6098501320309
2011-12-31 18:00:00,213.23631680564603
2011-12-31 19:00:00,176.87861394471088
2011-12-31 20:00:00,151.93001103861653
2011-12-31 21:00:00,123.4278759709121
2011-12-31 22:00:00,110.90922511570628
2011-12-31 23:00:00,78.41399025244758
2012-01-20 00:00:00,112.89696168776747
2012-01-20 01:00:00,10.619079654818082
2012-01-20 02:00:00,10.0050266426551
2012-01-20 03:00:00,4.052425560165522
2012-01-20 04:00:00,2.052966583863637
2012-01-20 05:00:00,19.434346874633828
2012-01-20 06:00:00,80.99608421248404
2012-01-20 07:00:00,206.1704883989338
2012-01-20 08:00:00,441.4937292676043
2012-01-20 09:00:00,210.4595589754203
2012-01-20 10:00:00,107.55101680308894
2012-01-20 11:00:00,119.98318612621891
2012-01-20 12:00:00,128.0641902395433
2012-01-20 13:00:00,143.41867515030495
2012-01-20 14:00:00,130.68730442346188
2012-01-20 15:00:00,122.08439382951732
2012-01-20 16:00:00,138.40087523498892
2012-01-20 17:00:00,219.0279041964365
2012-01-20 18:00:00,208.73721357924478
2012-01-20 19:00:00,157.76435416730268
2012-01-20 20:00:00,125.50831709692395
2012-01-20 21:00:00,95.80835976083259
2012-01-20 22:00:00,78.36895146491945
2012-01-20 23:00:00,44.56703333305673
2012-01-21 00:00:00,67.3125814740428
2012-01-21 01:00:00,40.66734636275405
2012-01-21 02:00:00,32.24481738086191
2012-01-21 03:00:00,14.273825228399662
2012-01-21 04:00:00,4.509430467118258
2012-01-21 05:00:00,3.891905641620582
2012-01-21 06:00:00,6.566867582762347
2012-01-21 07:00:00,24.317320164564588
2012-01-21 08:00:00,69.25122861311029
2012-01-21 09:00:00,90.14231502993987
2012-01-21 10:00:00,86.50532717759015
2012-01-21 11:00:00,122.78933100863675
2012-01-21 12:00:00,145.11789672643604
2012-01-21 13:00:00,150.94242215235843
2012-01-21 14:00:00,92.04131451111809
2012-01-21 15:00:00,93.98005752214394
2012-01-21 16:00:00,123.35282981910213
2012-01-21 17:00:00,117.76356122087981
2012-01-21 18:00:00,110.93016590377665
2012-01-21 19:00:00,94.01732418458612
2012-01-21 20:00:00,98.19415258162357
2012-01-21 21:00:00,77.82371148788418
2012-01-21 22:00:00,74.9263160625035
2012-01-21 23:00:00,56.50258552443289
2012-01-22 00:00:00,76.00579931397013
2012-01-22 01:00:00,43.099856775107064
2012-01-22 02:00:00,43.66212114593525
2012-01-22 03:00:00,19.415242843845828
2012-01-22 04:00:00,3.569898827725823
2012-01-22 05:00:00,4.290803820953332
2012-01-22 06:00:00,5.887087435271924
2012-01-22 07:00:00,30.330905628026134
2012-01-22 08:00:00,61.80619009878181
2012-01-22 09:00:00,94.90909711571713
2012-01-22 10:00:00,107.44819904017854
2012-01-22 11:00:00,93.71097480702446
2012-01-22 12:00:00,118.6084653701166
2012-01-22 13:00:00,110.93805858650985
2012-01-22 14:00:00,99.86500988826008
2012-01-22 15:00:00,93.58267046907963
2012-01-22 16:00:00,98.36052232519465
2012-01-22 17:00:00,99.25561472319283
2012-01-22 18:00:00,92.1487229634371
2012-01-22 19:00:00,87.06391378462516
2012-01-22 20:00:00,75.81561759698276
2012-01-22 21:00:00,68.26272087591643
2012-01-22 22:00:00,62.22256865127679
2012-01-22 23:00:00,39.04391600798117
2012-01-23 00:00:00,61.96236608664031
2012-01-23 01:00:00,6.560334003013652
2012-01-23 02:00:00,3.78779815703954
2012-01-23 03:00:00,2.2801008031035987
2012-01-23 04:00:00,2.3794053780188125
2012-01-23 05:00:00,20.14651225635227
2012-01-23 06:00:00,76.83075861129323
2012-01-23 07:00:00,126.51200435213987
2012-01-23 08:00:00,209.6776989719572
2012-01-23 09:00:00,203.0488807128076
2012-01-23 10:00:00,83.7032414651633
2012-01-23 11:00:00,70.36536053856197
2012-01-23 12:00:00,71.59358391737206
2012-01-23 13:00:00,53.000943862535955
2012-01-23 14:00:00,44.33308731706582
2012-01-23 15:00:00,56.1144545729011
2012-01-23 16:00:00,68.18307314098946
2012-01-23 17:00:00,129.1611638532208
2012-01-23 18:00:00,129.7774242280832
2012-01-23 19:00:00,133.1313419129024
2012-01-23 20:00:00,81.38674134918529
2012-01-23 21:00:00,61.05694235598465
2012-01-23 22:00:00,58.71581497624383
2012-01-23 23:00:00,43.265552731825146
2012-01-24 00:00:00,51.93631133816289
2012-01-24 01:00:00,7.271251412907618
2012-01-24 02:00:00,3.9149885600625978
2012-01-24 03:00:00,2.437587160577613
2012-01-24 04:00:00,2.374560165571373
2012-01-24 05:00:00,14.370453557010325
2012-01-24 06:00:00,86.4663309391512
2012-01-24 07:00:00,174.89727429557618
2012-01-24 08:00:00,427.07866736655893
2012-01-24 09:00:00,161.2441492466414
2012-01-24 10:00:00,53.54730692647919
2012-01-24 11:00:00,73.35040972842116
2012-01-24 12:00:00,64.25087506741302
2012-01-24 13:00:00,56.12344265228267
2012-01-24 14:00:00,98.97956574647135
2012-01-24 15:00:00,127.0499513049926
2012-01-24 16:00:00,204.54109744371164
2012-01-24 17:00:00,455.5615438309244
2012-01-24 18:00:00,410.44203167525916
2012-01-24 19:00:00,293.86399545824685
2012-01-24 20:00:00,134.07272873095874
2012-01-24 21:00:00,120.89133912247459
2012-01-24 22:00:00,94.74186740015118
2012-01-24 23:00:00,55.208661590845615
2012-01-25 00:00:00,43.387521933460775
2012-01-25 01:00:00,7.497244231163984
2012-01-25 02:00:00,4.4373878021325135
2012-01-25 03:00:00,3.227908840394134
2012-01-25 04:00:00,1.6408065679751622
2012-01-25 05:00:00,19.872385969059682
2012-01-25 06:00:00,81.87970911378314
2012-01-25 07:00:00,177.85652233982097
2012-01-25 08:00:00,468.74741520551413
2012-01-25 09:00:00,202.77276128229056
2012-01-25 10:00:00,82.02095202219256
2012-01-25 11:00:00,96.52069846162668
2012-01-25 12:00:00,137.1670773927466
2012-01-25 13:00:00,144.95135948035005
2012-01-25 14:00:00,120.88948000592488
2012-01-25 15:00:00,141.21919091658182
2012-01-25 16:00:00,199.6493135299353
2012-01-25 17:00:00,395.2796573625996
2012-01-25 18:00:00,315.232069622807
2012-01-25 19:00:00,250.5668657292131
2012-01-25 20:00:00,140.0835156414484
2012-01-25 21:00:00,104.25495529037205
2012-01-25 22:00:00,94.13042295349798
2012-01-25 23:00:00,54.87907800742997
2012-01-26 00:00:00,63.76062617535222
2012-01-26 01:00:00,7.63176242063171
2012-01-26 02:00:00,5.561956900753517
2012-01-26 03:00:00,2.3201597570645203
2012-01-26 04:00:00,2.507611647180722
2012-01-26 05:00:00,21.451054770544772
2012-01-26 06:00:00,88.7070051614141
2012-01-26 07:00:00,200.02322774502807
2012-01-26 08:00:00,443.94592629838417
2012-01-26 09:00:00,215.1053071237674
2012-01-26 10:00:00,82.3634260923115
2012-01-26 11:00:00,72.39239001530375
2012-01-26 12:00:00,133.57684260776074
2012-01-26 13:00:00,130.9797262957917
2012-01-26 14:00:00,120.37492750095812
2012-01-26 15:00:00,139.34944404570007
2012-01-26 16:00:00,202.2259939374304
2012-01-26 17:00:00,410.3860847230329
2012-01-26 18:00:00,400.4479045475482
2012-01-26 19:00:00,254.39326660145466
2012-01-26 20:00:00,167.82380491991634
2012-01-26 21:00:00,135.04061178405408
2012-01-26 22:00:00,118.32567764116469
2012-01-26 23:00:00,75.49931507177172
2012-01-27 00:00:00,68.54222194418382
2012-01-27 01:00:00,16.35798159435565
2012-01-27 02:00:00,7.007387226529437
2012-01-27 03:00:00,3.6791918079195742
2012-01-27 04:00:00,2.219728227422116
2012-01-27 05:00:00,20.904702967535215
2012-01-27 06:00:00,66.30604897187085
2012-01-27 07:00:00,143.55857564863194
2012-01-27 08:00:00,236.37096389099256
2012-01-27 09:00:00,127.65643941654439
2012-01-27 10:00:00,56.57630134043516
2012-01-27 11:00:00,71.83660707714351
2012-01-27 12:00:00,100.65747532767362
2012-01-27 13:00:00,153.78486889650554
2012-01-27 14:00:00,139.58757844141812
2012-01-27 15:00:00,168.86004382433845
2012-01-27 16:00:00,246.18656784472188
2012-01-27 17:00:00,452.6585268748149
2012-01-27 18:00:00,388.3062971258014
2012-01-27 19:00:00,261.60548744986465
2012-01-27 20:00:00,144.88835678344597
2012-01-27 21:00:00,90.54035109769413
2012-01-27 22:00:00,104.09157945953372
2012-01-27 23:00:00,71.25616973271319
2012-01-28 00:00:00,112.21493883243069
2012-01-28 01:00:00,51.617337389632944
2012-01-28 02:00:00,47.41945394729578
2012-01-28 03:00:00,19.483796769735076
2012-01-28 04:00:00,5.927885224411095
2012-01-28 05:00:00,3.8055858380010803
2012-01-28 06:00:00,7.388674075576225
2012-01-28 07:00:00,31.102116912527716
2012-01-28 08:00:00,81.31758135371184
2012-01-28 09:00:00,124.21677749869862
2012-01-28 10:00:00,139.19348474770112
2012-01-28 11:00:00,176.37507945529288
2012-01-28 12:00:00,185.22410285647015
2012-01-28 13:00:00,245.35273909037903
2012-01-28 14:00:00,267.08937756807035
2012-01-28 15:00:00,299.16347816516026
2012-01-28 16:00:00,327.6695379001401
2012-01-28 17:00:00,273.7181646274513
2012-01-28 18:00:00,230.77514337525116
2012-01-28 19:00:00,178.5044562697652
2012-01-28 20:00:00,148.3320479308572
2012-01-28 21:00:00,129.61747833936556
2012-01-28 22:00:00,120.2601892289632
2012-01-28 23:00:00,80.11952429409001
2012-01-29 00:00:00,161.06425856573824
2012-01-29 01:00:00,43.38640336934303
2012-01-29 02:00:00,36.37824205717622
2012-01-29 03:00:00,20.83095172619299
2012-01-29 04:00:00,5.214959221535808
2012-01-29 05:00:00,4.192548389356275
2012-01-29 06:00:00,5.254384043776579
2012-01-29 07:00:00,39.05285995104114
2012-01-29 08:00:00,74.13187434074261
2012-01-29 09:00:00,98.76869640514457
2012-01-29 10:00:00,137.82638448954992
2012-01-29 11:00:00,175.27514882519458
2012-01-29 12:00:00,239.54538676786873
2012-01-29 13:00:00,235.048760477794
2012-01-29 14:00:00,215.02805849134515
2012-01-29 15:00:00,251.29905978815896
2012-01-29 16:00:00,249.04135740773606
2012-01-29 17:00:00,273.605526741594
2012-01-29 18:00:00,200.42100563919652
2012-01-29 19:00:00,155.69536521801217
2012-01-29 20:00:00,128.76077228355626
2012-01-29 21:00:00,114.52935044164946
2012-01-29 22:00:00,105.68189833685483
2012-01-29 23:00:00,45.15611676051723
2012-01-30 00:00:00,114.80987950014656
2012-01-30 01:00:00,4.59767684391836
2012-01-30 02:00:00,3.568852412897971
2012-01-30 03:00:00,1.8148732906243394
2012-01-30 04:00:00,1.9504310962744056
2012-01-30 05:00:00,18.097830229060573
2012-01-30 06:00:00,74.8853444915372
2012-01-30 07:00:00,153.0379165143469
2012-01-30 08:00:00,381.3877446504521
2012-01-30 09:00:00,188.10850046836808
2012-01-30 10:00:00,99.59461795088302
2012-01-30 11:00:00,109.16698457399063
2012-01-30 12:00:00,138.27711404413543
2012-01-30 13:00:00,148.07172687803498
2012-01-30 14:00:00,140.55633811369754
2012-01-30 15:00:00,147.5930913950565
2012-01-30 16:00:00,219.55214107460301
2012-01-30 17:00:00,402.980602610372
2012-01-30 18:00:00,391.8354925810126
2012-01-30 19:00:00,221.63195159421065
2012-01-30 20:00:00,172.05976865433396
2012-01-30 21:00:00,134.72814697190168
2012-01-30 22:00:00,93.88044210586338
2012-01-30 23:00:00,47.65599563805636
2012-01-31 00:00:00,68.91613971324301
2012-01-31 01:00:00,6.435579123854192
2012-01-31 02:00:00,4.087913367272658
2012-01-31 03:00:00,2.5245449878403456
2012-01-31 04:00:00,1.9976748662176163
2012-01-31 05:00:00,18.69168049108384
2012-01-31 06:00:00,87.88565916719593
2012-01-31 07:00:00,167.08869994732004
2012-01-31 08:00:00,409.73691583506695
2012-01-31 09:00:00,210.1015568411662
2012-01-31 10:00:00,115.80757180470184
2012-01-31 11:00:00,119.5714648373837
2012-01-31 12:00:00,154.94793660989387
2012-01-31 13:00:00,163.88513577559067
2012-01-31 14:00:00,151.6819560602244
2012-01-31 15:00:00,178.46087324532965
2012-01-31 16:00:00,286.3624896069703
2012-01-31 17:00:00,526.2887659368612
2012-01-31 18:00:00,513.41271539867
2012-01-31 19:00:00,302.8256860438042
2012-01-31 20:00:00,188.00680117045943
2012-01-31 21:00:00,155.80284288954593
2012-01-31 22:00:00,117.16068868357705
2012-01-31 23:00:00,65.87044662257216
2012-02-20 00:00:00,72.54875123136199
2012-02-20 01:00:00,32.616808234368385
2012-02-20 02:00:00,19.579498970095287
2012-02-20 03:00:00,6.761518692705823
2012-02-20 05:00:00,3.6194726453354273
2012-02-20 06:00:00,10.311100822012223
2012-02-20 07:00:00,31.231433562116365
2012-02-20 08:00:00,79.65874168315158
2012-02-20 09:00:00,98.02845829520516
2012-02-20 10:00:00,112.51059786322088
2012-02-20 11:00:00,158.49801750525535
2012-02-20 12:00:00,172.1953778487239
2012-02-20 13:00:00,170.22280002805368
2012-02-20 14:00:00,157.78037011050156
2012-02-20 15:00:00,164.17540776698462
2012-02-20 16:00:00,195.40555821477648
2012-02-20 17:00:00,243.86801525057564
2012-02-20 18:00:00,191.0022192468996
2012-02-20 19:00:00,153.8772056171655
2012-02-20 20:00:00,123.3838441781854
2012-02-20 21:00:00,98.2616960326044
2012-02-20 22:00:00,86.46832416334883
2012-02-20 23:00:00,47.3477327857633
2012-02-21 00:00:00,33.18864019560533
2012-02-21 01:00:00,6.608273527073003
2012-02-21 02:00:00,2.838125909218449
2012-02-21 04:00:00,2.059120027959901
2012-02-21 05:00:00,19.266319715105748
2012-02-21 06:00:00,83.95635409688374
2012-02-21 07:00:00,165.83767074695902
2012-02-21 08:00:00,476.2432709907632
2012-02-21 09:00:00,177.00695509864198
2012-02-21 10:00:00,60.05126533650781
2012-02-21 11:00:00,43.13644908755115
2012-02-21 12:00:00,117.9717513659431
2012-02-21 13:00:00,141.89137882994854
2012-02-21 14:00:00,93.83372998231644
2012-02-21 15:00:00,134.67413335965477
2012-02-21 16:00:00,229.10444235369587
2012-02-21 17:00:00,426.08686873098344
2012-02-21 18:00:00,423.91566425251546
2012-02-21 19:00:00,280.48701298262057
2012-02-21 20:00:00,168.9214247377012
2012-02-21 21:00:00,154.67064371329573
2012-02-21 22:00:00,103.03351839985707
2012-02-21 23:00:00,55.8575751858235
2012-02-22 00:00:00,67.7001007959365
2012-02-22 01:00:00,8.511335789376863
2012-02-22 02:00:00,3.825911467040528
2012-02-22 03:00:00,2.8793548132659743
2012-02-22 04:00:00,1.6223506760666477
2012-02-22 05:00:00,23.787555836891645
2012-02-22 06:00:00,91.32598660467755
2012-02-22 07:00:00,203.34681118514595
2012-02-22 08:00:00,484.23389333133036
2012-02-22 09:00:00,209.32379755264756
2012-02-22 10:00:00,106.05197124277065
2012-02-22 11:00:00,126.02489603371887
2012-02-22 12:00:00,152.12300853342722
2012-02-22 13:00:00,160.4291618417535
2012-02-22 14:00:00,127.31412221940903
2012-02-22 15:00:00,168.01486895727982
2012-02-22 16:00:00,286.37122370075446
2012-02-22 17:00:00,491.8956150358914
2012-02-22 18:00:00,434.684902961131
2012-02-22 19:00:00,297.0562435292991
2012-02-22 20:00:00,198.2587763675654
2012-02-22 21:00:00,153.38551550552413
2012-02-22 22:00:00,121.11348313740879
2012-02-22 23:00:00,77.21277185100111
2012-02-23 00:00:00,103.03410247002817
2012-02-23 01:00:00,10.733158693945967
2012-02-23 02:00:00,8.626944205291192
2012-02-23 03:00:00,3.0845473838475113
2012-02-23 04:00:00,2.1784215509970233
2012-02-23 05:00:00,25.367605367467355
2012-02-23 06:00:00,98.12436115711967
2012-02-23 07:00:00,228.91456983344656
2012-02-23 08:00:00,477.43047737006384
2012-02-23 09:00:00,220.83510509937486
2012-02-23 10:00:00,113.79297402730671
2012-02-23 11:00:00,148.55703579957228
2012-02-23 12:00:00,193.67097908955108
2012-02-23 13:00:00,191.2866088082392
2012-02-23 14:00:00,176.85199855780593
2012-02-23 15:00:00,190.19166551599477
2012-02-23 16:00:00,309.1403578922674
2012-02-23 17:00:00,532.0165226034763
2012-02-23 18:00:00,512.7476140344997
2012-02-23 19:00:00,307.6035210199373
2012-02-23 20:00:00,218.70329077069874
2012-02-23 21:00:00,164.73109257708958
2012-02-23 22:00:00,122.84892764696976
2012-02-23 23:00:00,82.45577664973861
2012-02-24 00:00:00,80.24866137996136
2012-02-24 01:00:00,25.749203170094706
2012-02-24 02:00:00,8.903575293690867
2012-02-24 03:00:00,5.1623336680561716
2012-02-24 04:00:00,2.190408348622839
2012-02-24 05:00:00,24.723319091984308
2012-02-24 06:00:00,88.24756143394505
2012-02-24 07:00:00,218.3746593814287
2012-02-24 08:00:00,463.03930884473044
2012-02-24 09:00:00,119.39788500495548
2012-02-24 10:00:00,90.61041513473623
2012-02-24 11:00:00,112.41223126026395
2012-02-24 12:00:00,136.3046333458965
2012-02-24 13:00:00,138.36032296108098
2012-02-24 14:00:00,130.83207335678495
2012-02-24 15:00:00,80.26786802558664
2012-02-24 16:00:00,96.51079797843958
2012-02-24 17:00:00,117.7979364013437
2012-02-24 18:00:00,134.02793439384286
2012-02-24 19:00:00,179.11535621205965
2012-02-24 20:00:00,177.4274322352852
2012-02-24 21:00:00,149.68925903985837
2012-02-24 22:00:00,127.3816793579983
2012-02-24 23:00:00,79.31595356927794
2012-02-25 00:00:00,178.00565090663267
2012-02-25 01:00:00,48.80061587736172
2012-02-25 02:00:00,45.85933735431405
2012-02-25 03:00:00,15.301134196709265
2012-02-25 04:00:00,4.114296237221013
2012-02-25 05:00:00,3.618625092383058
2012-02-25 06:00:00,8.196069536922835
2012-02-25 07:00:00,55.46819710561108
2012-02-25 08:00:00,87.67724439600917
2012-02-25 09:00:00,103.26673263859516
2012-02-25 10:00:00,143.4797790183792
2012-02-25 11:00:00,159.60762250569883
2012-02-25 12:00:00,233.4606824697445
2012-02-25 13:00:00,235.41849937138426
2012-02-25 14:00:00,224.34679668755908
2012-02-25 15:00:00,225.89736981043012
2012-02-25 16:00:00,211.25507146339035
2012-02-25 17:00:00,169.87669680519676
2012-02-25 18:00:00,165.6089201911292
2012-02-25 19:00:00,146.2647215267935
2012-02-25 20:00:00,135.01526050149764
2012-02-25 21:00:00,92.54076401153657
2012-02-25 22:00:00,77.79525845943593
2012-02-25 23:00:00,46.93622309145911
2012-02-26 00:00:00,110.10904494023087
2012-02-26 01:00:00,39.9232201762114
2012-02-26 02:00:00,35.11422859632916
2012-02-26 03:00:00,24.375792400996882
2012-02-26 04:00:00,4.970189269080289
2012-02-26 05:00:00,3.7782035659468796
2012-02-26 06:00:00,5.622447374197393
2012-02-26 07:00:00,26.70288807182337
2012-02-26 08:00:00,62.04338499646969
2012-02-26 09:00:00,93.22394057237298
2012-02-26 10:00:00,139.66161532738778
2012-02-26 11:00:00,166.7688959368785
2012-02-26 12:00:00,203.85862409142945
2012-02-26 13:00:00,224.71121170947285
2012-02-26 14:00:00,236.14039859357075
2012-02-26 15:00:00,240.45828044393124
2012-02-26 16:00:00,260.1657351332373
2012-02-26 17:00:00,272.8644803954226
2012-02-26 18:00:00,203.2150551907411
2012-02-26 19:00:00,179.69178957585223
2012-02-26 20:00:00,144.655887617664
2012-02-26 21:00:00,106.89862946455686
2012-02-26 22:00:00,93.95787411544917
2012-02-26 23:00:00,37.451640161570126
2012-02-27 00:00:00,69.16002609454169
2012-02-27 01:00:00,6.667446755178781
2012-02-27 02:00:00,4.297280158166965
2012-02-27 03:00:00,2.367098596996438
2012-02-27 04:00:00,1.9085867952704811
2012-02-27 05:00:00,18.43444536242847
2012-02-27 06:00:00,85.42229698732378
2012-02-27 07:00:00,168.33932010987564
2012-02-27 08:00:00,423.7589051745582
2012-02-27 09:00:00,201.1632031514757
2012-02-27 10:00:00,137.75392027384777
2012-02-27 11:00:00,142.24338712734001
2012-02-27 12:00:00,167.91890447376358
2012-02-27 13:00:00,164.73810594968904
2012-02-27 14:00:00,141.74086792305243
2012-02-27 15:00:00,172.38191645553871
2012-02-27 16:00:00,294.00459351244484
2012-02-27 17:00:00,536.886758028324
2012-02-27 18:00:00,465.46568220413104
2012-02-27 19:00:00,295.7674118660505
2012-02-27 20:00:00,203.07439185502497
2012-02-27 21:00:00,153.4295590484466
2012-02-27 22:00:00,124.77604530595903
2012-02-27 23:00:00,64.0373897835256
2012-02-28 00:00:00,75.3066543489207
2012-02-28 01:00:00,9.525895734377212
2012-02-28 02:00:00,4.772967210539045
2012-02-28 03:00:00,3.062827313806155
2012-02-28 04:00:00,2.216851654278637
2012-02-28 05:00:00,20.940130405331423
2012-02-28 06:00:00,95.96383459649262
2012-02-28 07:00:00,181.83170522862673
2012-02-28 08:00:00,425.43743205055875
2012-02-28 09:00:00,186.44596914865835
2012-02-28 10:00:00,118.74267044224791
2012-02-28 11:00:00,135.01265322483547
2012-02-28 12:00:00,168.1379172447096
2012-02-28 13:00:00,161.12185707153097
2012-02-28 14:00:00,139.9328176782258
2012-02-28 15:00:00,157.73657517258596
2012-02-28 16:00:00,262.3202831708783
2012-02-28 17:00:00,494.2344798998341
2012-02-28 18:00:00,472.7221878566119
2012-02-28 19:00:00,279.38928049456473
2012-02-28 20:00:00,182.7624813494599
2012-02-28 21:00:00,140.65855763292825
2012-02-28 22:00:00,107.27556467268562
2012-02-28 23:00:00,57.42391217865549
2012-02-29 00:00:00,61.624040156316276
2012-02-29 01:00:00,7.6479681904309125
2012-02-29 02:00:00,4.129356996946977
2012-02-29 03:00:00,2.1503583457852375
2012-02-29 05:00:00,22.766577260050486
2012-02-29 06:00:00,89.95709530507975
2012-02-29 07:00:00,205.60210664300706
2012-02-29 08:00:00,466.5652043427604
2012-02-29 09:00:00,113.99831428953671
2012-02-29 10:00:00,71.28763101424693
2012-02-29 11:00:00,64.80960477544693
2012-02-29 12:00:00,45.5269919550712
2012-02-29 13:00:00,56.455161009048844
2012-02-29 14:00:00,52.54858843745991
2012-02-29 15:00:00,83.242009445587
2012-02-29 16:00:00,90.84952307833484
2012-02-29 17:00:00,191.87829624479693
2012-02-29 18:00:00,148.46047468809326
2012-02-29 19:00:00,156.8562496751228
2012-02-29 20:00:00,74.37929855912094
2012-02-29 21:00:00,69.74145131187396
2012-02-29 22:00:00,42.08011021784829
2012-02-29 23:00:00,32.52397294653821
2012-03-20 00:00:00,57.119870256991824
2012-03-20 01:00:00,13.504884131610149
2012-03-20 02:00:00,4.621426403891595
2012-03-20 03:00:00,3.4664383185340166
2012-03-20 04:00:00,4.755796789975279
2012-03-20 05:00:00,19.650082819409278
2012-03-20 06:00:00,101.35868446839625
2012-03-20 07:00:00,102.08767199825887
2012-03-20 08:00:00,538.6124891642517
2012-03-20 09:00:00,317.8159933846588
2012-03-20 10:00:00,144.22156050735828
2012-03-20 11:00:00,151.0591510570158
2012-03-20 12:00:00,188.1249101594809
2012-03-20 13:00:00,192.99495051940855
2012-03-20 14:00:00,188.71313972941635
2012-03-20 15:00:00,232.05258104859882
2012-03-20 16:00:00,335.4875440531529
2012-03-20 17:00:00,630.0698542414016
2012-03-20 18:00:00,686.957105167741
2012-03-20 19:00:00,461.0490524860233
2012-03-20 20:00:00,317.20624607044755
2012-03-20 21:00:00,197.00055417839368
2012-03-20 22:00:00,155.25759637795642
2012-03-20 23:00:00,85.65947727457225
2012-03-21 00:00:00,61.98576569837147
2012-03-21 01:00:00,16.403083404275257
2012-03-21 02:00:00,6.013998097942403
2012-03-21 03:00:00,3.809828022212695
2012-03-21 04:00:00,4.077071187228539
2012-03-21 05:00:00,25.424532186156707
2012-03-21 06:00:00,92.86023121747526
2012-03-21 07:00:00,110.46648918182606
2012-03-21 08:00:00,223.39912834946168
2012-03-21 09:00:00,315.01808775251635
2012-03-21 10:00:00,155.2693637106665
2012-03-21 11:00:00,144.2204377603237
2012-03-21 12:00:00,202.04879539710993
2012-03-21 13:00:00,167.97207169610064
2012-03-21 14:00:00,161.87911938537735
2012-03-21 15:00:00,160.96273059070816
2012-03-21 16:00:00,327.9427971489853
2012-03-21 17:00:00,641.4393595722794
2012-03-21 18:00:00,644.5555303918838
2012-03-21 19:00:00,501.22195627689587
2012-03-21 20:00:00,268.9274287610932
2012-03-21 21:00:00,188.15467006792557
2012-03-21 22:00:00,155.84805658046207
2012-03-21 23:00:00,93.03230041128421
2012-03-22 00:00:00,79.87729993324649
2012-03-22 01:00:00,17.43351005632701
2012-03-22 02:00:00,9.076074738315139
2012-03-22 03:00:00,5.057809221040448
2012-03-22 04:00:00,4.289253572132028
2012-03-22 05:00:00,15.578928258882659
2012-03-22 06:00:00,100.09538549718694
2012-03-22 07:00:00,267.55488345039976
2012-03-22 08:00:00,529.5248449214355
2012-03-22 09:00:00,262.5986261088605
2012-03-22 10:00:00,132.05498549045151
2012-03-22 11:00:00,122.9181063162575
2012-03-22 12:00:00,177.79793375769484
2012-03-22 13:00:00,202.61690448855893
2012-03-22 14:00:00,196.9159409670312
2012-03-22 15:00:00,248.8932679243378
2012-03-22 16:00:00,353.0782768746386
2012-03-22 17:00:00,707.2775055594174
2012-03-22 18:00:00,723.177441118958
2012-03-22 19:00:00,506.9101805565262
2012-03-22 20:00:00,334.08040014741505
2012-03-22 21:00:00,228.76820846571695
2012-03-22 22:00:00,157.6178913268294
2012-03-22 23:00:00,98.81126391305622
2012-03-23 00:00:00,96.75632790520478
2012-03-23 01:00:00,29.483213889872452
2012-03-23 02:00:00,10.828346536420119
2012-03-23 03:00:00,5.519636657978817
2012-03-23 04:00:00,4.733998656247466
2012-03-23 05:00:00,20.123481685794577
2012-03-23 06:00:00,100.69912739909581
2012-03-23 07:00:00,267.49621864951916
2012-03-23 08:00:00,530.6812852583637
2012-03-23 09:00:00,296.34252651710494
2012-03-23 10:00:00,155.1262927127279
2012-03-23 11:00:00,208.96804105077788
2012-03-23 12:00:00,274.33137980095603
2012-03-23 13:00:00,303.3343085635375
2012-03-23 14:00:00,333.6850825498827
2012-03-23 15:00:00,352.78770332638106
2012-03-23 16:00:00,448.2565605048495
2012-03-23 17:00:00,718.2444535236498
2012-03-23 18:00:00,680.4578138857402
2012-03-23 19:00:00,470.13199812139635
2012-03-23 20:00:00,337.4764899193474
2012-03-23 21:00:00,236.0248814268404
2012-03-23 22:00:00,206.30408017349714
2012-03-23 23:00:00,131.43713485686237
2012-03-24 00:00:00,211.70819852195035
2012-03-24 01:00:00,87.36852055100486
2012-03-24 02:00:00,62.49150483982775
2012-03-24 03:00:00,28.013206542856036
2012-03-24 04:00:00,8.35796529664165
2012-03-24 05:00:00,11.780396466435333
2012-03-24 06:00:00,31.77904082589374
2012-03-24 07:00:00,91.21654412411935
2012-03-24 08:00:00,158.1750972472157
2012-03-24 09:00:00,250.5223176460534
2012-03-24 10:00:00,249.93238975987404
2012-03-24 11:00:00,235.2161094579682
2012-03-24 12:00:00,105.58463865269057
2012-03-24 13:00:00,106.07640878703444
2012-03-24 14:00:00,107.06176232787206
2012-03-24 15:00:00,114.75936431106592
2012-03-24 16:00:00,105.54397860911857
2012-03-24 17:00:00,174.98779220556045
2012-03-24 18:00:00,130.58698937145542
2012-03-24 19:00:00,109.71712473397498
2012-03-24 20:00:00,73.84048765898012
2012-03-24 21:00:00,75.53993393639136
2012-03-24 22:00:00,73.7972593720594
2012-03-24 23:00:00,102.26750264877506
2012-03-25 00:00:00,112.88922180719982
2012-03-25 01:00:00,59.993750675674725
2012-03-25 02:00:00,47.844783461166145
2012-03-25 03:00:00,19.43809771899223
2012-03-25 04:00:00,5.892504835537098
2012-03-25 05:00:00,8.640438336284406
2012-03-25 06:00:00,21.714135560083403
2012-03-25 07:00:00,78.21688395099417
2012-03-25 08:00:00,118.30233470162752
2012-03-25 09:00:00,180.89621335151125
2012-03-25 10:00:00,230.87961132468357
2012-03-25 11:00:00,208.76908881225037
2012-03-25 12:00:00,286.54703009454744
2012-03-25 13:00:00,283.96591118031483
2012-03-25 14:00:00,264.9489906137095
2012-03-25 15:00:00,247.71469138758047
2012-03-25 16:00:00,323.3513203981644
2012-03-25 17:00:00,471.1783944353121
2012-03-25 18:00:00,401.5441395243357
2012-03-25 19:00:00,336.16784892901785
2012-03-25 20:00:00,212.61073506125408
2012-03-25 21:00:00,178.11059054332327
2012-03-25 22:00:00,118.41911381385047
2012-03-25 23:00:00,62.334861648812954
2012-03-26 00:00:00,49.68204610577695
2012-03-26 01:00:00,13.06821826314995
2012-03-26 02:00:00,7.6508043027316175
2012-03-26 03:00:00,3.9690137902705773
2012-03-26 04:00:00,3.5980205074669613
2012-03-26 05:00:00,25.121033877173463
2012-03-26 06:00:00,111.32278921702402
2012-03-26 07:00:00,338.49471181636625
2012-03-26 08:00:00,593.3660964163736
2012-03-26 09:00:00,294.79181666059486
2012-03-26 10:00:00,197.65045260499627
2012-03-26 11:00:00,229.6136816017753
2012-03-26 12:00:00,266.0350984442503
2012-03-26 13:00:00,250.55480002113754
2012-03-26 14:00:00,264.0487546485084
2012-03-26 15:00:00,279.2206933158483
2012-03-26 16:00:00,376.89114128294614
2012-03-26 17:00:00,637.2024073406766
2012-03-26 18:00:00,557.8847168980404
2012-03-26 19:00:00,376.6248740916567
2012-03-26 20:00:00,206.19043117720017
2012-03-26 21:00:00,160.37609584588267
2012-03-26 22:00:00,119.6497416060114
2012-03-26 23:00:00,67.10976222810423
2012-03-27 00:00:00,77.21592278907478
2012-03-27 01:00:00,7.203979565764566
2012-03-27 02:00:00,3.4778199676379673
2012-03-27 03:00:00,2.107931580758677
2012-03-27 04:00:00,2.5785995066827425
2012-03-27 05:00:00,20.881985685592035
2012-03-27 06:00:00,87.34180067878565
2012-03-27 07:00:00,187.0078259292233
2012-03-27 08:00:00,504.7934801078491
2012-03-27 09:00:00,229.88739001444978
2012-03-27 10:00:00,111.47229928715532
2012-03-27 11:00:00,129.31685574532986
2012-03-27 12:00:00,145.0639241194044
2012-03-27 13:00:00,165.69863849958588
2012-03-27 14:00:00,147.55701690883512
2012-03-27 15:00:00,227.12474498869048
2012-03-27 16:00:00,339.60626049715154
2012-03-27 17:00:00,620.5418944248113
2012-03-27 18:00:00,547.6303516122838
2012-03-27 19:00:00,376.57311904380134
2012-03-27 20:00:00,237.78280605497778
2012-03-27 21:00:00,123.10167207945706
2012-03-27 22:00:00,117.12367941956803
2012-03-27 23:00:00,71.36348317833867
2012-03-28 00:00:00,85.4295497332265
2012-03-28 01:00:00,8.761985045334644
2012-03-28 02:00:00,3.5697501388733373
2012-03-28 03:00:00,3.1558868638635627
2012-03-28 04:00:00,1.8489574078949875
2012-03-28 05:00:00,26.16033268642635
2012-03-28 06:00:00,112.00866746590502
2012-03-28 07:00:00,250.11094522529837
2012-03-28 08:00:00,558.7561047763103
2012-03-28 09:00:00,272.7237600168675
2012-03-28 10:00:00,174.06451946415615
2012-03-28 11:00:00,194.5302264231134
2012-03-28 12:00:00,241.6094604133601
2012-03-28 13:00:00,231.20090686742117
2012-03-28 14:00:00,255.64807212914698
2012-03-28 15:00:00,273.2779901799293
2012-03-28 16:00:00,310.4214619308234
2012-03-28 17:00:00,711.3764641038624
2012-03-28 18:00:00,750.6212563497803
2012-03-28 19:00:00,498.67894683090157
2012-03-28 20:00:00,337.11137355796006
2012-03-28 21:00:00,236.23665127204538
2012-03-28 22:00:00,181.1279797778046
2012-03-28 23:00:00,93.62143772925393
2012-03-29 00:00:00,89.47701874958702
2012-03-29 01:00:00,17.96131362719743
2012-03-29 02:00:00,7.559077907357604
2012-03-29 03:00:00,3.8448246468941973
2012-03-29 04:00:00,4.535428515502817
2012-03-29 05:00:00,26.5972239768981
2012-03-29 06:00:00,121.36956818761696
2012-03-29 07:00:00,303.8415480242889
2012-03-29 08:00:00,591.4344334615291
2012-03-29 09:00:00,312.0820179680314
2012-03-29 10:00:00,180.69998948939318
2012-03-29 11:00:00,217.32769295652
2012-03-29 12:00:00,247.75993329971075
2012-03-29 13:00:00,248.74866322274542
2012-03-29 14:00:00,227.48934310775005
2012-03-29 15:00:00,258.40557401894677
2012-03-29 16:00:00,410.0639625420808
2012-03-29 17:00:00,686.1306320484325
2012-03-29 18:00:00,637.7285425646415
2012-03-29 19:00:00,454.19776613264924
2012-03-29 20:00:00,285.6537533025137
2012-03-29 21:00:00,208.83284704846767
2012-03-29 22:00:00,153.99561715710286
2012-03-29 23:00:00,93.49869346407002
2012-03-30 00:00:00,101.56316204785186
2012-03-30 01:00:00,27.369959977136308
2012-03-30 02:00:00,9.48776167247424
2012-03-30 03:00:00,5.2711908249028046
2012-03-30 04:00:00,2.7175369371444345
2012-03-30 05:00:00,23.52332997767447
2012-03-30 06:00:00,88.03118229934648
2012-03-30 07:00:00,263.7069144113975
2012-03-30 08:00:00,550.7079644288592
2012-03-30 09:00:00,297.43358708928014
2012-03-30 10:00:00,166.17447428287474
2012-03-30 11:00:00,166.1728776097481
2012-03-30 12:00:00,199.67640175255409
2012-03-30 13:00:00,117.69200583170263
2012-03-30 14:00:00,105.4636888901652
2012-03-30 15:00:00,131.4638638597029
2012-03-30 16:00:00,176.03359951779998
2012-03-30 17:00:00,574.5716231590144
2012-03-30 18:00:00,559.3453372719548
2012-03-30 19:00:00,371.82091497766044
2012-03-30 20:00:00,250.96111508341932
2012-03-30 21:00:00,187.94890716234772
2012-03-30 22:00:00,150.16762408116233
2012-03-30 23:00:00,109.57696939340642
2012-03-31 00:00:00,135.10708789945613
2012-03-31 01:00:00,68.84666407840872
2012-03-31 02:00:00,54.55274257419565
2012-03-31 03:00:00,26.035624083530436
2012-03-31 04:00:00,5.702175821860986
2012-03-31 05:00:00,9.518238155861377
2012-03-31 06:00:00,34.90789736512107
2012-03-31 07:00:00,76.2056501594467
2012-03-31 08:00:00,144.9998248568553
2012-03-31 09:00:00,260.04770903001116
2012-03-31 10:00:00,290.05942572390296
2012-03-31 11:00:00,386.36765027615877
2012-03-31 12:00:00,428.3005670371359
2012-03-31 13:00:00,409.1662464577893
2012-03-31 14:00:00,395.37658677653394
2012-03-31 15:00:00,432.19813709415666
2012-03-31 16:00:00,449.43660197501674
2012-03-31 17:00:00,477.550713794847
2012-03-31 18:00:00,347.90710729102466
2012-03-31 19:00:00,301.15047979576536
2012-03-31 20:00:00,208.13626229514648
2012-03-31 21:00:00,171.44304211561627
2012-03-31 22:00:00,146.06810645146118
2012-03-31 23:00:00,98.12368755087354
2012-04-20 00:00:00,87.19829765885811
2012-04-20 01:00:00,33.929679278085075
2012-04-20 02:00:00,8.338334815464805
2012-04-20 03:00:00,7.855956627481128
2012-04-20 04:00:00,3.3677923760555077
2012-04-20 05:00:00,23.896198476639274
2012-04-20 06:00:00,116.08965614717516
2012-04-20 07:00:00,285.33940737114534
2012-04-20 08:00:00,570.5255177328105
2012-04-20 09:00:00,291.14525532862456
2012-04-20 10:00:00,168.50849646901574
2012-04-20 11:00:00,206.58997752024374
2012-04-20 12:00:00,256.02519585760314
2012-04-20 13:00:00,348.60650162615866
2012-04-20 14:00:00,333.68778874483246
2012-04-20 15:00:00,334.6862664966247
2012-04-20 16:00:00,447.7054820421657
2012-04-20 17:00:00,723.1741829778302
2012-04-20 18:00:00,660.8626533321003
2012-04-20 19:00:00,479.10790169139034
2012-04-20 20:00:00,322.40500647669535
2012-04-20 21:00:00,221.31865558945876
2012-04-20 22:00:00,191.94805262543474
2012-04-20 23:00:00,148.17974253945903
2012-04-21 00:00:00,167.68567488477225
2012-04-21 01:00:00,93.87212290352589
2012-04-21 02:00:00,67.8912364118804
2012-04-21 03:00:00,31.97202216424599
2012-04-21 04:00:00,7.954892159154408
2012-04-21 05:00:00,12.371156801362787
2012-04-21 06:00:00,31.06756143442503
2012-04-21 07:00:00,83.5478034919466
2012-04-21 08:00:00,182.39247610584604
2012-04-21 09:00:00,271.2922641082102
2012-04-21 10:00:00,379.779234413006
2012-04-21 11:00:00,446.41163022597397
2012-04-21 12:00:00,480.9736747064565
2012-04-21 13:00:00,524.9425321966067
2012-04-21 14:00:00,566.5758579892484
2012-04-21 15:00:00,613.190451774156
2012-04-21 16:00:00,584.5781098299495
2012-04-21 17:00:00,582.776887958089
2012-04-21 18:00:00,453.6730796126661
2012-04-21 19:00:00,218.5657756009634
2012-04-21 20:00:00,96.09842029074862
2012-04-21 21:00:00,94.45572225725552
2012-04-21 22:00:00,152.3501813223286
2012-04-21 23:00:00,120.02642989639199
2012-04-22 00:00:00,136.809925734873
2012-04-22 01:00:00,76.06646859510829
2012-04-22 02:00:00,67.63077307194376
2012-04-22 03:00:00,27.30115839131026
2012-04-22 04:00:00,10.265565716832747
2012-04-22 05:00:00,10.830486539004504
2012-04-22 06:00:00,24.036190427199422
2012-04-22 07:00:00,55.04487065791678
2012-04-22 08:00:00,106.78569131983572
2012-04-22 09:00:00,96.4037978044092
2012-04-22 10:00:00,93.91971270845558
2012-04-22 11:00:00,93.64802738811892
2012-04-22 12:00:00,98.25757319322597
2012-04-22 13:00:00,98.80751931191854
2012-04-22 14:00:00,87.47178510734312
2012-04-22 15:00:00,99.73918675882304
2012-04-22 16:00:00,115.84079733259318
2012-04-22 17:00:00,134.39464262722038
2012-04-22 18:00:00,113.45111238169193
2012-04-22 19:00:00,87.9122189421371
2012-04-22 20:00:00,73.47220309763216
2012-04-22 21:00:00,79.73342262487031
2012-04-22 22:00:00,72.75100669731914
2012-04-22 23:00:00,56.090922140853024
2012-04-23 00:00:00,58.670232697031224
2012-04-23 01:00:00,9.246032167759203
2012-04-23 02:00:00,4.944170914578433
2012-04-23 03:00:00,3.372784722372631
2012-04-23 04:00:00,2.719893464077234
2012-04-23 05:00:00,16.9186959481338
2012-04-23 06:00:00,96.7910976453136
2012-04-23 07:00:00,117.11616555552965
2012-04-23 08:00:00,534.848929471367
2012-04-23 09:00:00,242.2727402338711
2012-04-23 10:00:00,126.17612969226175
2012-04-23 11:00:00,126.45214830591107
2012-04-23 12:00:00,103.62547148040922
2012-04-23 13:00:00,94.97930952664983
2012-04-23 14:00:00,96.14692031950493
2012-04-23 15:00:00,176.6114607225914
2012-04-23 16:00:00,94.6080361338986
2012-04-23 17:00:00,166.23705601777309
2012-04-23 18:00:00,189.71259223180544
2012-04-23 19:00:00,275.71462959977174
2012-04-23 20:00:00,174.27652465247104
2012-04-23 21:00:00,126.36566346184192
2012-04-23 22:00:00,104.31029153621161
2012-04-23 23:00:00,72.6648047014174
2012-04-24 00:00:00,63.07962591890267
2012-04-24 01:00:00,11.011289415760134
2012-04-24 02:00:00,3.726669350306582
2012-04-24 03:00:00,3.837548994262313
2012-04-24 04:00:00,2.5962888507234045
2012-04-24 05:00:00,22.58939230087205
2012-04-24 06:00:00,104.82888333927723
2012-04-24 07:00:00,264.2910971930242
2012-04-24 08:00:00,614.5396577751701
2012-04-24 09:00:00,287.2344811053966
2012-04-24 10:00:00,162.2684891703899
2012-04-24 11:00:00,217.88892466410402
2012-04-24 12:00:00,251.73821350397426
2012-04-24 13:00:00,259.91014631328994
2012-04-24 14:00:00,237.09994735126423
2012-04-24 15:00:00,239.22831129653434
2012-04-24 16:00:00,402.4846312627281
2012-04-24 17:00:00,698.9415369407834
2012-04-24 18:00:00,647.8709557950193
2012-04-24 19:00:00,474.4675302821742
2012-04-24 20:00:00,273.7700207558955
2012-04-24 21:00:00,196.8520478412259
2012-04-24 22:00:00,157.93377524302502
2012-04-24 23:00:00,106.46745210616183
2012-04-25 00:00:00,92.84981708511977
2012-04-25 01:00:00,10.102115611183065
2012-04-25 02:00:00,4.367796073361133
2012-04-25 03:00:00,3.6553230987691334
2012-04-25 04:00:00,2.1702008405041595
2012-04-25 05:00:00,25.506655148024006
2012-04-25 06:00:00,111.82787766242207
2012-04-25 07:00:00,313.180875524064
2012-04-25 08:00:00,589.4493424655669
2012-04-25 09:00:00,291.4456895242773
2012-04-25 10:00:00,153.15872219922062
2012-04-25 11:00:00,156.7327886512608
2012-04-25 12:00:00,193.02543447853876
2012-04-25 13:00:00,211.41433805788344
2012-04-25 14:00:00,179.62406306850392
2012-04-25 15:00:00,217.05105827782518
2012-04-25 16:00:00,379.1363527992282
2012-04-25 17:00:00,732.3051488294986
2012-04-25 18:00:00,726.4158270767897
2012-04-25 19:00:00,504.287639093772
2012-04-25 20:00:00,284.7967976681009
2012-04-25 21:00:00,213.13028336793474
2012-04-25 22:00:00,177.17503462873108
2012-04-25 23:00:00,114.44751547159302
2012-04-26 00:00:00,72.96827931399568
2012-04-26 01:00:00,16.217539202544415
2012-04-26 02:00:00,8.500804094049188
2012-04-26 03:00:00,4.945328402041284
2012-04-26 04:00:00,4.937872586955716
2012-04-26 05:00:00,23.371862604032852
2012-04-26 06:00:00,123.70715638935297
2012-04-26 07:00:00,124.57787242130306
2012-04-26 08:00:00,378.2014805968872
2012-04-26 09:00:00,113.14009829859313
2012-04-26 10:00:00,139.18575075440776
2012-04-26 11:00:00,126.35223638951226
2012-04-26 12:00:00,200.3079607098944
2012-04-26 13:00:00,175.1637145656693
2012-04-26 14:00:00,186.64030819763917
2012-04-26 15:00:00,159.55314835222543
2012-04-26 16:00:00,224.9598574235819
2012-04-26 17:00:00,492.8947006266912
2012-04-26 18:00:00,523.1680876567575
2012-04-26 19:00:00,395.97201817140547
2012-04-26 20:00:00,285.79503281022295
2012-04-26 21:00:00,201.66329851669028
2012-04-26 22:00:00,173.76276528079006
2012-04-26 23:00:00,105.95554006156918
2012-04-27 00:00:00,89.60483082679843
2012-04-27 01:00:00,33.465528577344024
2012-04-27 02:00:00,13.922616425234137
2012-04-27 03:00:00,7.982794468063498
2012-04-27 04:00:00,4.13523327991089
2012-04-27 05:00:00,26.675886049654324
2012-04-27 06:00:00,114.56565160602264
2012-04-27 07:00:00,299.0222138729698
2012-04-27 08:00:00,583.7052468491718
2012-04-27 09:00:00,315.8760900998962
2012-04-27 10:00:00,205.66161425458822
2012-04-27 11:00:00,228.38990885673644
2012-04-27 12:00:00,288.81141430735914
2012-04-27 13:00:00,307.0351844859036
2012-04-27 14:00:00,284.85392523873816
2012-04-27 15:00:00,357.04342918291974
2012-04-27 16:00:00,451.9508117823657
2012-04-27 17:00:00,688.2632443036657
2012-04-27 18:00:00,626.2240894647339
2012-04-27 19:00:00,459.897973846612
2012-04-27 20:00:00,275.7094029201647
2012-04-27 21:00:00,200.1922506445067
2012-04-27 22:00:00,160.498381424646
2012-04-27 23:00:00,117.57756882049827
2012-04-28 00:00:00,170.93447059540742
2012-04-28 01:00:00,86.1013617102044
2012-04-28 02:00:00,52.58702527949513
2012-04-28 03:00:00,26.06053794795983
2012-04-28 04:00:00,9.27632293780591
2012-04-28 05:00:00,6.995405660053307
2012-04-28 06:00:00,23.78961516727185
2012-04-28 07:00:00,92.00689288945796
2012-04-28 08:00:00,153.04156651531142
2012-04-28 09:00:00,239.41984092935263
2012-04-28 10:00:00,262.70913477100714
2012-04-28 11:00:00,295.82444029506473
2012-04-28 12:00:00,300.4312381461888
2012-04-28 13:00:00,314.44983822487677
2012-04-28 14:00:00,321.2139991684399
2012-04-28 15:00:00,317.62108811124506
2012-04-28 16:00:00,385.1505894033134
2012-04-28 17:00:00,403.32588805260553
2012-04-28 18:00:00,240.26158828527812
2012-04-28 19:00:00,152.0997210662284
2012-04-28 20:00:00,196.27059412385722
2012-04-28 21:00:00,117.06739002146523
2012-04-28 22:00:00,153.93262845602013
2012-04-28 23:00:00,122.57166510075466
2012-04-29 00:00:00,79.56646231971737
2012-04-29 01:00:00,92.32500898113547
2012-04-29 02:00:00,67.01766311973142
2012-04-29 03:00:00,26.305377878694845
2012-04-29 04:00:00,10.127645419320572
2012-04-29 05:00:00,10.597958176846692
2012-04-29 06:00:00,21.575628924711733
2012-04-29 07:00:00,66.18878275303581
2012-04-29 08:00:00,130.11864276764737
2012-04-29 09:00:00,241.07342382069805
2012-04-29 10:00:00,280.78444167423356
2012-04-29 11:00:00,344.4287143270372
2012-04-29 12:00:00,354.01604284996057
2012-04-29 13:00:00,370.2867825932252
2012-04-29 14:00:00,359.38133995365007
2012-04-29 15:00:00,425.9021587853424
2012-04-29 16:00:00,532.3538722746736
2012-04-29 17:00:00,505.78179644722985
2012-04-29 18:00:00,422.23078196482965
2012-04-29 19:00:00,383.649739511337
2012-04-29 20:00:00,266.37014811951923
2012-04-29 21:00:00,184.255788853197
2012-04-29 22:00:00,165.9487923808666
2012-04-29 23:00:00,99.08249576387568
2012-04-30 00:00:00,61.74908764230585
2012-04-30 01:00:00,11.893863380888483
2012-04-30 02:00:00,8.472051447578258
2012-04-30 03:00:00,4.296094195098463
2012-04-30 04:00:00,3.5711134614000457
2012-04-30 05:00:00,25.01253431336626
2012-04-30 06:00:00,117.59786385673172
2012-04-30 07:00:00,306.9062177621557
2012-04-30 08:00:00,583.5266115113891
2012-04-30 09:00:00,273.82594158596635
2012-04-30 10:00:00,175.13605746650632
2012-04-30 11:00:00,178.8241907150703
2012-04-30 12:00:00,207.65892269226498
2012-04-30 13:00:00,182.83348530328158
2012-04-30 14:00:00,171.97623275675454
2012-04-30 15:00:00,190.87215732266105
2012-04-30 16:00:00,361.8366271297249
2012-04-30 17:00:00,728.1337776794372
2012-04-30 18:00:00,699.1325804348322
2012-04-30 19:00:00,487.4513658202605
2012-04-30 20:00:00,284.70022342580074
2012-04-30 21:00:00,201.73446035724342
2012-04-30 22:00:00,159.83514828464095
2012-04-30 23:00:00,92.52833731909232
2012-05-20 00:00:00,187.30838905717798
2012-05-20 01:00:00,103.22916761591763
2012-05-20 02:00:00,74.06177831317866
2012-05-20 03:00:00,35.236208971562114
2012-05-20 04:00:00,11.710687425740863
2012-05-20 05:00:00,12.858313860334482
2012-05-20 06:00:00,21.924447006675866
2012-05-20 07:00:00,62.26161347357319
2012-05-20 08:00:00,148.9873109568234
2012-05-20 09:00:00,337.24637143267176
2012-05-20 10:00:00,461.3902775187032
2012-05-20 11:00:00,554.4951409329306
2012-05-20 12:00:00,651.6253534175507
2012-05-20 13:00:00,660.4533051332952
2012-05-20 14:00:00,614.364096535101
2012-05-20 15:00:00,581.7347295740672
2012-05-20 16:00:00,586.0950798257869
2012-05-20 17:00:00,550.8159869183731
2012-05-20 18:00:00,443.06168887584516
2012-05-20 19:00:00,359.8439205929245
2012-05-20 20:00:00,294.7725688969184
2012-05-20 21:00:00,226.67654428964386
2012-05-20 22:00:00,153.6742536546016
2012-05-20 23:00:00,76.28054991246636
2012-05-21 00:00:00,97.0743102540294
2012-05-21 01:00:00,14.401043308425916
2012-05-21 02:00:00,5.0843216962523154
2012-05-21 03:00:00,3.9917236226636
2012-05-21 04:00:00,5.261344067466094
2012-05-21 05:00:00,26.267538559186907
2012-05-21 06:00:00,73.45382775831138
2012-05-21 07:00:00,147.66371745277735
2012-05-21 08:00:00,185.7085539034673
2012-05-21 09:00:00,123.64629492828351
2012-05-21 10:00:00,87.1635259382894
2012-05-21 11:00:00,126.51556331685107
2012-05-21 12:00:00,169.0914505054146
2012-05-21 13:00:00,116.26324596132633
2012-05-21 14:00:00,103.1851107535561
2012-05-21 15:00:00,212.1581578395032
2012-05-21 16:00:00,308.70154456640597
2012-05-21 17:00:00,662.4882574500368
2012-05-21 18:00:00,669.8597825574526
2012-05-21 19:00:00,494.5916637806619
2012-05-21 20:00:00,353.61517212414174
2012-05-21 21:00:00,240.00799991880467
2012-05-21 22:00:00,165.8092193742873
2012-05-21 23:00:00,93.94141748681221
2012-05-22 00:00:00,64.81150569551042
2012-05-22 01:00:00,17.095013906125086
2012-05-22 02:00:00,6.864361898461736
2012-05-22 03:00:00,6.032796523251619
2012-05-22 04:00:00,6.914816670058554
2012-05-22 05:00:00,27.806257889154864
2012-05-22 06:00:00,82.58659256801955
2012-05-22 07:00:00,128.9223850015999
2012-05-22 08:00:00,541.3585064578341
2012-05-22 09:00:00,331.31300489428156
2012-05-22 10:00:00,146.85038740364806
2012-05-22 11:00:00,152.86162644807206
2012-05-22 12:00:00,158.1649789597093
2012-05-22 13:00:00,219.3794037564971
2012-05-22 14:00:00,199.7541348040632
2012-05-22 15:00:00,248.3773297646686
2012-05-22 16:00:00,375.18676221953604
2012-05-22 17:00:00,805.3517231691
2012-05-22 18:00:00,766.4898591031114
2012-05-22 19:00:00,504.7250301497017
2012-05-22 20:00:00,347.8138304494852
2012-05-22 21:00:00,233.2695084580176
2012-05-22 22:00:00,188.22201335146414
2012-05-22 23:00:00,113.73523122827767
2012-05-23 00:00:00,72.81595579827183
2012-05-23 01:00:00,19.394441493705752
2012-05-23 02:00:00,8.284735743062148
2012-05-23 03:00:00,6.220427251988494
2012-05-23 04:00:00,5.900901524874371
2012-05-23 05:00:00,28.95782112863979
2012-05-23 06:00:00,155.08899833224842
2012-05-23 07:00:00,432.25740359974907
2012-05-23 08:00:00,631.4626496726578
2012-05-23 09:00:00,323.33771613086435
2012-05-23 10:00:00,159.30373906485613
2012-05-23 11:00:00,228.9235554092427
2012-05-23 12:00:00,261.9990850111557
2012-05-23 13:00:00,212.1442366768136
2012-05-23 14:00:00,206.91713519665166
2012-05-23 15:00:00,246.88097371744294
2012-05-23 16:00:00,280.87868746087685
2012-05-23 17:00:00,438.48608956247983
2012-05-23 18:00:00,628.8820851078366
2012-05-23 19:00:00,277.5263899446828
2012-05-23 20:00:00,213.064271509396
2012-05-23 21:00:00,147.47592326338014
2012-05-23 22:00:00,141.00996355918355
2012-05-23 23:00:00,120.62820164944839
2012-05-24 00:00:00,82.61766578484587
2012-05-24 01:00:00,22.83487135000108
2012-05-24 02:00:00,10.408496731047604
2012-05-24 03:00:00,5.66491433378669
2012-05-24 04:00:00,7.363637609619566
2012-05-24 05:00:00,35.50333659427644
2012-05-24 06:00:00,145.47981779452266
2012-05-24 07:00:00,435.5538625603891
2012-05-24 08:00:00,666.8376099210859
2012-05-24 09:00:00,321.5430962377569
2012-05-24 10:00:00,196.54655731682658
2012-05-24 11:00:00,208.36038071557303
2012-05-24 12:00:00,262.0285024417157
2012-05-24 13:00:00,238.25157491283466
2012-05-24 14:00:00,224.28820623809398
2012-05-24 15:00:00,249.779044519211
2012-05-24 16:00:00,394.265076684007
2012-05-24 17:00:00,821.9046943440501
2012-05-24 18:00:00,799.0990543172669
2012-05-24 19:00:00,550.5199160100218
2012-05-24 20:00:00,377.8065793544955
2012-05-24 21:00:00,105.76133205628369
2012-05-24 22:00:00,170.5915472876612
2012-05-24 23:00:00,123.44357827363766
2012-05-25 00:00:00,105.1242675995885
2012-05-25 01:00:00,39.62828144525316
2012-05-25 02:00:00,11.449345365453143
2012-05-25 03:00:00,5.839140878236074
2012-05-25 04:00:00,7.6780815908763165
2012-05-25 05:00:00,37.71955144503949
2012-05-25 06:00:00,138.38012027108712
2012-05-25 07:00:00,399.7837726771798
2012-05-25 08:00:00,626.5138713108012
2012-05-25 09:00:00,288.57104620289545
2012-05-25 10:00:00,191.10908437986734
2012-05-25 11:00:00,190.23723484433503
2012-05-25 12:00:00,257.0753239228316
2012-05-25 13:00:00,265.6380165059388
2012-05-25 14:00:00,232.20009896492883
2012-05-25 15:00:00,262.90010944273035
2012-05-25 16:00:00,432.9224015685103
2012-05-25 17:00:00,735.3024811057287
2012-05-25 18:00:00,685.825501120014
2012-05-25 19:00:00,513.2637491777416
2012-05-25 20:00:00,364.9953402171706
2012-05-25 21:00:00,261.5858484695404
2012-05-25 22:00:00,227.12326911088562
2012-05-25 23:00:00,166.10747746382728
2012-05-26 00:00:00,145.92311922724826
2012-05-26 01:00:00,101.92193942422405
2012-05-26 02:00:00,66.55256666263487
2012-05-26 03:00:00,28.736366531247402
2012-05-26 04:00:00,9.543118691966294
2012-05-26 05:00:00,12.760253266161824
2012-05-26 06:00:00,38.32943672197216
2012-05-26 07:00:00,74.49766435401422
2012-05-26 08:00:00,183.0397284773207
2012-05-26 09:00:00,260.7165920561126
2012-05-26 10:00:00,252.61684769453535
2012-05-26 11:00:00,346.60217634468705
2012-05-26 12:00:00,390.250414819434
2012-05-26 13:00:00,360.9945823272452
2012-05-26 14:00:00,297.9153689564559
2012-05-26 15:00:00,323.29582916955405
2012-05-26 16:00:00,477.98233859457656
2012-05-26 17:00:00,506.3220687545716
2012-05-26 18:00:00,470.88686976892694
2012-05-26 19:00:00,366.4298648527089
2012-05-26 20:00:00,297.86853535703534
2012-05-26 21:00:00,262.96670532194565
2012-05-26 22:00:00,229.1955986018672
2012-05-26 23:00:00,173.34083346265888
2012-05-27 00:00:00,205.24130522651373
2012-05-27 01:00:00,109.71939780678147
2012-05-27 02:00:00,77.09010542830438
2012-05-27 03:00:00,34.21065557285136
2012-05-27 04:00:00,10.05287226861947
2012-05-27 05:00:00,11.96950325936282
2012-05-27 06:00:00,22.954142520535612
2012-05-27 07:00:00,67.04923461895456
2012-05-27 08:00:00,158.93672641659126
2012-05-27 09:00:00,239.34497859553406
2012-05-27 10:00:00,252.8296966373024
2012-05-27 11:00:00,327.2224127857287
2012-05-27 12:00:00,340.45958136242007
2012-05-27 13:00:00,413.1862951545812
2012-05-27 14:00:00,339.3867834595548
2012-05-27 15:00:00,421.8650729579907
2012-05-27 16:00:00,475.047555456234
2012-05-27 17:00:00,501.97613384413927
2012-05-27 18:00:00,443.3624729053576
2012-05-27 19:00:00,344.1781172514761
2012-05-27 20:00:00,318.2011410619739
2012-05-27 21:00:00,200.9290052309589
2012-05-27 22:00:00,99.29146785908985
2012-05-27 23:00:00,80.56751743860069
2012-05-28 00:00:00,137.66359753502255
2012-05-28 01:00:00,43.22518589780683
2012-05-28 02:00:00,22.61055993666405
2012-05-28 03:00:00,13.979593629614351
2012-05-28 04:00:00,8.678202325550975
2012-05-28 05:00:00,15.841021025882496
2012-05-28 06:00:00,46.23024882927684
2012-05-28 07:00:00,150.865039316114
2012-05-28 08:00:00,213.19534583400147
2012-05-28 09:00:00,270.183495539554
2012-05-28 10:00:00,273.44532474441695
2012-05-28 11:00:00,295.13664008271815
2012-05-28 12:00:00,359.93763145022365
2012-05-28 13:00:00,364.14850362006064
2012-05-28 14:00:00,322.0282830256265
2012-05-28 15:00:00,299.52890493691757
2012-05-28 16:00:00,337.16543689912777
2012-05-28 17:00:00,466.48187793282574
2012-05-28 18:00:00,428.22476315985847
2012-05-28 19:00:00,359.94178425996
2012-05-28 20:00:00,311.90629898999333
2012-05-28 21:00:00,261.03766107585756
2012-05-28 22:00:00,210.6630206770398
2012-05-28 23:00:00,107.48255704546307
2012-05-29 00:00:00,116.79005032425935
2012-05-29 01:00:00,17.30842912148912
2012-05-29 02:00:00,8.149319019853197
2012-05-29 03:00:00,4.81027793187643
2012-05-29 04:00:00,6.518435547662197
2012-05-29 05:00:00,36.892030713205536
2012-05-29 06:00:00,163.11271453962996
2012-05-29 07:00:00,326.2185035514884
2012-05-29 08:00:00,616.0435126467418
2012-05-29 09:00:00,292.2747450369134
2012-05-29 10:00:00,166.538368165449
2012-05-29 11:00:00,198.47614803141275
2012-05-29 12:00:00,234.83085739503662
2012-05-29 13:00:00,235.77508997909172
2012-05-29 14:00:00,212.1922832378685
2012-05-29 15:00:00,255.96818768039208
2012-05-29 16:00:00,378.9583223752356
2012-05-29 17:00:00,792.359183869228
2012-05-29 18:00:00,778.686222578995
2012-05-29 19:00:00,548.8775090593675
2012-05-29 20:00:00,315.6250555065128
2012-05-29 21:00:00,109.39168514844933
2012-05-29 22:00:00,135.6061786915692
2012-05-29 23:00:00,76.51825648030733
2012-05-30 00:00:00,73.04466182580482
2012-05-30 01:00:00,15.402943306443008
2012-05-30 02:00:00,5.832909807308829
2012-05-30 03:00:00,4.462360592778399
2012-05-30 04:00:00,6.687478348384986
2012-05-30 05:00:00,40.152924076446176
2012-05-30 06:00:00,154.33128810373944
2012-05-30 07:00:00,161.80815227300513
2012-05-30 08:00:00,672.3950533145832
2012-05-30 09:00:00,325.8510130274079
2012-05-30 10:00:00,188.97544039026783
2012-05-30 11:00:00,205.3341680358594
2012-05-30 12:00:00,257.2906961652574
2012-05-30 13:00:00,249.98206890538157
2012-05-30 14:00:00,273.2261838067038
2012-05-30 15:00:00,250.4121850257151
2012-05-30 16:00:00,412.92950354896993
2012-05-30 17:00:00,807.5252996763566
2012-05-30 18:00:00,826.0913492306705
2012-05-30 19:00:00,566.5859641418218
2012-05-30 20:00:00,320.91141925337934
2012-05-30 21:00:00,288.10060099284783
2012-05-30 22:00:00,228.37332417621434
2012-05-30 23:00:00,142.76625827359945
2012-05-31 00:00:00,140.70677492947405
2012-05-31 01:00:00,23.103248329985412
2012-05-31 02:00:00,10.857522735291878
2012-05-31 03:00:00,6.148617426850467
2012-05-31 04:00:00,7.353293634977758
2012-05-31 05:00:00,37.04965829973156
2012-05-31 06:00:00,159.7586380119689
2012-05-31 07:00:00,424.33938780159644
2012-05-31 08:00:00,606.9620169678618
2012-05-31 09:00:00,302.76310761564076
2012-05-31 10:00:00,200.84587898585934
2012-05-31 11:00:00,245.67573297563607
2012-05-31 12:00:00,311.23713253840083
2012-05-31 13:00:00,294.62508393403215
2012-05-31 14:00:00,252.18545563127782
2012-05-31 15:00:00,288.9132898486915
2012-05-31 16:00:00,436.2148136564317
2012-05-31 17:00:00,826.7762166105036
2012-05-31 18:00:00,795.9789850090152
2012-05-31 19:00:00,564.6744358050677
2012-05-31 20:00:00,437.46248428113813
2012-05-31 21:00:00,316.93432378864765
2012-05-31 22:00:00,224.3382324845125
2012-05-31 23:00:00,160.93831900626233
2012-06-20 00:00:00,94.95349514666196
2012-06-20 01:00:00,19.671059174234028
2012-06-20 02:00:00,7.1232666910788085
2012-06-20 03:00:00,6.436917932102858
2012-06-20 04:00:00,7.32172113832937
2012-06-20 05:00:00,38.08240524175259
2012-06-20 06:00:00,158.87062774240476
2012-06-20 07:00:00,350.39595844146237
2012-06-20 08:00:00,594.5371695282527
2012-06-20 09:00:00,321.9431851186839
2012-06-20 10:00:00,191.22962243316843
2012-06-20 11:00:00,220.81609989008948
2012-06-20 12:00:00,261.14796578591944
2012-06-20 13:00:00,263.1450196665903
2012-06-20 14:00:00,237.57426910469326
2012-06-20 15:00:00,263.0876095627919
2012-06-20 16:00:00,399.582652607889
2012-06-20 17:00:00,716.6921778613514
2012-06-20 18:00:00,723.4422635169251
2012-06-20 19:00:00,552.7873836944817
2012-06-20 20:00:00,408.66438084144283
2012-06-20 21:00:00,302.6401733541474
2012-06-20 22:00:00,251.32551045805678
2012-06-20 23:00:00,132.4191966404636
2012-06-21 00:00:00,95.85963622927196
2012-06-21 01:00:00,24.816607265529537
2012-06-21 02:00:00,9.572889396531044
2012-06-21 03:00:00,5.426291061607891
2012-06-21 04:00:00,7.1382917843245055
2012-06-21 05:00:00,34.74616460644553
2012-06-21 06:00:00,159.75136796457744
2012-06-21 07:00:00,340.05982008499626
2012-06-21 08:00:00,601.3757858418186
2012-06-21 09:00:00,275.26644150346596
2012-06-21 10:00:00,183.73338978438326
2012-06-21 11:00:00,222.35053115033517
2012-06-21 12:00:00,263.7926963534579
2012-06-21 13:00:00,263.3457662091432
2012-06-21 14:00:00,232.01184285123162
2012-06-21 15:00:00,258.3718018695863
2012-06-21 16:00:00,399.4802532303374
2012-06-21 17:00:00,736.6800235507336
2012-06-21 18:00:00,750.2197532451038
2012-06-21 19:00:00,530.5200137493995
2012-06-21 20:00:00,411.87540479582685
2012-06-21 21:00:00,281.1313621225135
2012-06-21 22:00:00,216.14318283501044
2012-06-21 23:00:00,144.02965804837365
2012-06-22 00:00:00,135.30684749282997
2012-06-22 01:00:00,37.799194285233845
2012-06-22 02:00:00,16.192255682910048
2012-06-22 03:00:00,6.300487488567954
2012-06-22 04:00:00,7.905977999310644
2012-06-22 05:00:00,35.37843644038739
2012-06-22 06:00:00,135.10015562875475
2012-06-22 07:00:00,387.499540666109
2012-06-22 08:00:00,601.9058700243203
2012-06-22 09:00:00,312.17828470504963
2012-06-22 10:00:00,220.12935440845126
2012-06-22 11:00:00,256.3575220703996
2012-06-22 12:00:00,303.7001544095244
2012-06-22 13:00:00,326.53234751656396
2012-06-22 14:00:00,315.26363776491434
2012-06-22 15:00:00,310.8235687142606
2012-06-22 16:00:00,426.1651041901366
2012-06-22 17:00:00,769.4527061200334
2012-06-22 18:00:00,669.909577490261
2012-06-22 19:00:00,494.4250413909547
2012-06-22 20:00:00,376.4613865199186
2012-06-22 21:00:00,206.4302006390698
2012-06-22 22:00:00,197.9335222691969
2012-06-22 23:00:00,165.47900950753007
2012-06-23 00:00:00,151.96789046428435
2012-06-23 01:00:00,103.48166656876768
2012-06-23 02:00:00,80.44540275570732
2012-06-23 03:00:00,34.9769042957227
2012-06-23 04:00:00,9.960968603147144
2012-06-23 05:00:00,10.243229914955753
2012-06-23 06:00:00,32.25846307582721
2012-06-23 07:00:00,64.522248489612
2012-06-23 08:00:00,181.87176132902172
2012-06-23 09:00:00,274.63716998787794
2012-06-23 10:00:00,392.6153511532011
2012-06-23 11:00:00,439.9523287667825
2012-06-23 12:00:00,497.07803706449687
2012-06-23 13:00:00,509.7899730423242
2012-06-23 14:00:00,539.1851120796429
2012-06-23 15:00:00,490.85569910582956
2012-06-23 16:00:00,486.2469757850019
2012-06-23 17:00:00,498.2369068074393
2012-06-23 18:00:00,446.06668609752717
2012-06-23 19:00:00,378.7149883199179
2012-06-23 20:00:00,336.02661982961905
2012-06-23 21:00:00,286.98224166895056
2012-06-23 22:00:00,259.13256265765915
2012-06-23 23:00:00,204.29376611259343
2012-06-24 00:00:00,342.8970328690481
2012-06-24 01:00:00,117.44327592648932
2012-06-24 02:00:00,93.45345902944862
2012-06-24 03:00:00,37.78076533203289
2012-06-24 04:00:00,12.306435384549033
2012-06-24 05:00:00,11.807490872596977
2012-06-24 06:00:00,20.870710851745184
2012-06-24 07:00:00,57.89198918831378
2012-06-24 08:00:00,154.4606308857504
2012-06-24 09:00:00,249.28753366701355
2012-06-24 10:00:00,410.29192028156274
2012-06-24 11:00:00,467.3971821609724
2012-06-24 12:00:00,488.0986629678695
2012-06-24 13:00:00,489.7805336392787
2012-06-24 14:00:00,461.23267967828747
2012-06-24 15:00:00,441.8271073041975
2012-06-24 16:00:00,454.02058046511365
2012-06-24 17:00:00,489.30352920486496
2012-06-24 18:00:00,471.39947312974084
2012-06-24 19:00:00,395.85092992540376
2012-06-24 20:00:00,341.3661184104106
2012-06-24 21:00:00,236.8556872354465
2012-06-24 22:00:00,198.0826183046211
2012-06-24 23:00:00,116.35448390577177
2012-06-25 00:00:00,111.51542665597317
2012-06-25 01:00:00,17.609852597997776
2012-06-25 02:00:00,11.282056315410138
2012-06-25 03:00:00,5.399598236697984
2012-06-25 04:00:00,8.211489711345159
2012-06-25 05:00:00,37.12660646961685
2012-06-25 06:00:00,148.58593407754248
2012-06-25 07:00:00,380.3914937189658
2012-06-25 08:00:00,575.2906606382697
2012-06-25 09:00:00,296.06851367866795
2012-06-25 10:00:00,174.7463930720928
2012-06-25 11:00:00,215.4605657673683
2012-06-25 12:00:00,256.4046790017207
2012-06-25 13:00:00,223.642838275175
2012-06-25 14:00:00,237.21332645932907
2012-06-25 15:00:00,249.94809210149418
2012-06-25 16:00:00,402.654526230124
2012-06-25 17:00:00,789.5819166055664
2012-06-25 18:00:00,753.8867126063614
2012-06-25 19:00:00,590.0086918467181
2012-06-25 20:00:00,410.38658777954254
2012-06-25 21:00:00,293.3107514678756
2012-06-25 22:00:00,224.6521561733193
2012-06-25 23:00:00,128.04226355369903
2012-06-26 00:00:00,249.44726467699874
2012-06-26 01:00:00,15.47963139240691
2012-06-26 02:00:00,9.164590063458467
2012-06-26 03:00:00,4.631623295792058
2012-06-26 04:00:00,8.137651657835582
2012-06-26 05:00:00,36.71945161697031
2012-06-26 06:00:00,145.29389407957973
2012-06-26 07:00:00,362.11993165255785
2012-06-26 08:00:00,605.369063330273
2012-06-26 09:00:00,305.96448998588113
2012-06-26 10:00:00,202.94086398380745
2012-06-26 11:00:00,236.66721059066893
2012-06-26 12:00:00,289.3024420935037
2012-06-26 13:00:00,278.4200318779792
2012-06-26 14:00:00,259.82941883654
2012-06-26 15:00:00,287.3284244926961
2012-06-26 16:00:00,440.656736519661
2012-06-26 17:00:00,805.0457517843598
2012-06-26 18:00:00,755.0726282718305
2012-06-26 19:00:00,546.882338488272
2012-06-26 20:00:00,417.348185534271
2012-06-26 21:00:00,300.6910306735933
2012-06-26 22:00:00,234.74143847401007
2012-06-26 23:00:00,152.49437520659623
2012-06-27 00:00:00,247.22684062431824
2012-06-27 01:00:00,16.46901346454984
2012-06-27 02:00:00,9.809784039584967
2012-06-27 03:00:00,6.223491390543262
2012-06-27 04:00:00,7.560561954164474
2012-06-27 05:00:00,38.17091893636139
2012-06-27 06:00:00,160.7458988004672
2012-06-27 07:00:00,396.9873716385983
2012-06-27 08:00:00,610.5176042725502
2012-06-27 09:00:00,304.5770840453784
2012-06-27 10:00:00,200.66543268534474
2012-06-27 11:00:00,227.74595661556512
2012-06-27 12:00:00,271.0495661592221
2012-06-27 13:00:00,262.17078734613347
2012-06-27 14:00:00,251.91093933792484
2012-06-27 15:00:00,272.28272830090685
2012-06-27 16:00:00,410.3940947880391
2012-06-27 17:00:00,781.7857320834361
2012-06-27 18:00:00,746.8572624342949
2012-06-27 19:00:00,588.2753254804263
2012-06-27 20:00:00,428.4086907899645
2012-06-27 21:00:00,313.32792874905977
2012-06-27 22:00:00,250.6755860147139
2012-06-27 23:00:00,152.0680963209657
2012-06-28 00:00:00,163.14361285733446
2012-06-28 01:00:00,22.431832964976692
2012-06-28 02:00:00,11.903377896743187
2012-06-28 03:00:00,6.691161961114986
2012-06-28 04:00:00,7.049886513443966
2012-06-28 05:00:00,36.25646317723938
2012-06-28 06:00:00,149.1901751971024
2012-06-28 07:00:00,382.8060477753244
2012-06-28 08:00:00,608.1088265744486
2012-06-28 09:00:00,290.8106500478155
2012-06-28 10:00:00,197.9066310499018
2012-06-28 11:00:00,222.65213601653784
2012-06-28 12:00:00,273.1451768827963
2012-06-28 13:00:00,263.4747311795589
2012-06-28 14:00:00,241.35957516798234
2012-06-28 15:00:00,272.1335241723214
2012-06-28 16:00:00,427.8663644857616
2012-06-28 17:00:00,743.2623820761688
2012-06-28 18:00:00,734.131820916605
2012-06-28 19:00:00,537.2878120194993
2012-06-28 20:00:00,443.88657107862167
2012-06-28 21:00:00,273.4966298433156
2012-06-28 22:00:00,230.40053630842462
2012-06-28 23:00:00,171.48061201145765
2012-06-29 00:00:00,280.0031990713991
2012-06-29 01:00:00,35.713711820385605
2012-06-29 02:00:00,16.085795730510668
2012-06-29 03:00:00,6.766529452189293
2012-06-29 04:00:00,7.580529085871406
2012-06-29 05:00:00,34.65696650002535
2012-06-29 06:00:00,135.1282174149027
2012-06-29 07:00:00,363.78857482517833
2012-06-29 08:00:00,614.3851260293627
2012-06-29 09:00:00,303.23911595054665
2012-06-29 10:00:00,222.6438054238785
2012-06-29 11:00:00,256.2969149730812
2012-06-29 12:00:00,301.6557902390679
2012-06-29 13:00:00,293.6970814111254
2012-06-29 14:00:00,275.1725254373648
2012-06-29 15:00:00,281.1963358756496
2012-06-29 16:00:00,404.3847615629861
2012-06-29 17:00:00,654.4057905582438
2012-06-29 18:00:00,628.7116018406731
2012-06-29 19:00:00,461.5284604396715
2012-06-29 20:00:00,354.70301344936763
2012-06-29 21:00:00,256.4743486165047
2012-06-29 22:00:00,182.73797518086488
2012-06-29 23:00:00,145.32504777555587
2012-06-30 00:00:00,136.6368511273856
2012-06-30 01:00:00,101.1674588881009
2012-06-30 02:00:00,75.67557975621413
2012-06-30 03:00:00,35.329251339496565
2012-06-30 04:00:00,9.997102847193629
2012-06-30 05:00:00,10.48925918356286
2012-06-30 06:00:00,30.59706486632244
2012-06-30 07:00:00,67.15328542517787
2012-06-30 08:00:00,163.0917494415595
2012-06-30 09:00:00,242.82392072449397
2012-06-30 10:00:00,404.2754433758527
2012-06-30 11:00:00,447.0729761699694
2012-06-30 12:00:00,465.93992484025017
2012-06-30 13:00:00,476.08019586332443
2012-06-30 14:00:00,469.0869219091239
2012-06-30 15:00:00,461.98781138908964
2012-06-30 16:00:00,417.6000967924026
2012-06-30 17:00:00,422.6468103331387
2012-06-30 18:00:00,403.6643769190087
2012-06-30 19:00:00,393.06149648110613
2012-06-30 20:00:00,302.7600099501759
2012-06-30 21:00:00,280.0896136416452
2012-06-30 22:00:00,223.52723751610938
2012-06-30 23:00:00,184.5391186114245
2012-07-20 00:00:00,97.56083256944184
2012-07-20 01:00:00,34.017559350321015
2012-07-20 02:00:00,10.315618918097146
2012-07-20 03:00:00,6.463893459046222
2012-07-20 04:00:00,8.538540966000179
2012-07-20 05:00:00,39.61515885109535
2012-07-20 06:00:00,143.8351873669425
2012-07-20 07:00:00,388.49884246983294
2012-07-20 08:00:00,607.5533833535601
2012-07-20 09:00:00,310.0528297237719
2012-07-20 10:00:00,173.1774972189806
2012-07-20 11:00:00,177.1598380726093
2012-07-20 12:00:00,128.62960885960587
2012-07-20 13:00:00,124.83424016138783
2012-07-20 14:00:00,114.43739489634335
2012-07-20 15:00:00,111.45313396139261
2012-07-20 16:00:00,211.7201368900209
2012-07-20 17:00:00,426.69536004875016
2012-07-20 18:00:00,467.7776993927219
2012-07-20 19:00:00,295.2159475599379
2012-07-20 20:00:00,112.94835487619552
2012-07-20 21:00:00,150.1056376961227
2012-07-20 22:00:00,175.32926977819173
2012-07-20 23:00:00,152.6849712713874
2012-07-21 00:00:00,158.81714081025996
2012-07-21 01:00:00,114.78808708721432
2012-07-21 02:00:00,59.03870305736144
2012-07-21 03:00:00,25.058756462648276
2012-07-21 04:00:00,9.48344832262967
2012-07-21 05:00:00,7.230964007408153
2012-07-21 06:00:00,28.9552915968458
2012-07-21 07:00:00,71.99493952436747
2012-07-21 08:00:00,171.10007831895052
2012-07-21 09:00:00,250.47647521428567
2012-07-21 10:00:00,134.16359686343898
2012-07-21 11:00:00,256.77085073572084
2012-07-21 12:00:00,184.85234964164238
2012-07-21 13:00:00,175.05974896743257
2012-07-21 14:00:00,223.42290250512096
2012-07-21 15:00:00,245.9392096427071
2012-07-21 16:00:00,143.034699451623
2012-07-21 17:00:00,212.05578010906913
2012-07-21 18:00:00,295.11468196178265
2012-07-21 19:00:00,253.70966830561767
2012-07-21 20:00:00,150.53286996381155
2012-07-21 21:00:00,162.29958254729175
2012-07-21 22:00:00,143.5694302009514
2012-07-21 23:00:00,136.27009616441535
2012-07-22 00:00:00,119.21307061785238
2012-07-22 01:00:00,113.79383060548524
2012-07-22 02:00:00,93.70926759116854
2012-07-22 03:00:00,40.355889581819426
2012-07-22 04:00:00,12.73783470782966
2012-07-22 05:00:00,14.070552912435934
2012-07-22 06:00:00,18.781905312525932
2012-07-22 07:00:00,57.42572396959479
2012-07-22 08:00:00,138.16503127804827
2012-07-22 09:00:00,256.502484912233
2012-07-22 10:00:00,281.6839037088568
2012-07-22 11:00:00,285.8660294342752
2012-07-22 12:00:00,315.7646396123014
2012-07-22 13:00:00,363.2697335444278
2012-07-22 14:00:00,244.97362758375982
2012-07-22 15:00:00,274.8041774130902
2012-07-22 16:00:00,341.6327255774262
2012-07-22 17:00:00,481.2150016791951
2012-07-22 18:00:00,410.16959213719537
2012-07-22 19:00:00,327.0877203564421
2012-07-22 20:00:00,263.89967075149593
2012-07-22 21:00:00,205.39227499173248
2012-07-22 22:00:00,155.67675549534883
2012-07-22 23:00:00,107.6931336347282
2012-07-23 00:00:00,67.71384919817018
2012-07-23 01:00:00,15.56769599525352
2012-07-23 02:00:00,6.9698249668918075
2012-07-23 03:00:00,4.9593124361671
2012-07-23 04:00:00,9.055039414128606
2012-07-23 05:00:00,38.2186320020088
2012-07-23 06:00:00,135.36016040377672
2012-07-23 07:00:00,313.86487242999465
2012-07-23 08:00:00,565.0717442953903
2012-07-23 09:00:00,301.5134391486627
2012-07-23 10:00:00,185.1483539981583
2012-07-23 11:00:00,222.46762668337973
2012-07-23 12:00:00,261.896604519037
2012-07-23 13:00:00,264.6584906849838
2012-07-23 14:00:00,188.160050630432
2012-07-23 15:00:00,262.41660663308727
2012-07-23 16:00:00,395.27824129377933
2012-07-23 17:00:00,782.8288869161686
2012-07-23 18:00:00,804.4672689766873
2012-07-23 19:00:00,598.2106392558401
2012-07-23 20:00:00,441.3509967653752
2012-07-23 21:00:00,291.33382217828955
2012-07-23 22:00:00,216.17563008300445
2012-07-23 23:00:00,128.63675919195254
2012-07-24 00:00:00,84.90051467947595
2012-07-24 01:00:00,21.314112093185667
2012-07-24 02:00:00,8.733577210108015
2012-07-24 03:00:00,4.85246695304913
2012-07-24 04:00:00,7.706752588063644
2012-07-24 05:00:00,40.80170261771467
2012-07-24 06:00:00,171.9570049678945
2012-07-24 07:00:00,417.9149490136648
2012-07-24 08:00:00,636.4925703590342
2012-07-24 09:00:00,276.0479079074585
2012-07-24 10:00:00,190.33796637011304
2012-07-24 11:00:00,201.9927337036694
2012-07-24 12:00:00,246.430936381997
2012-07-24 13:00:00,239.08557534218633
2012-07-24 14:00:00,218.9981932320508
2012-07-24 15:00:00,283.2555618928299
2012-07-24 16:00:00,403.86413962557316
2012-07-24 17:00:00,792.0717870859116
2012-07-24 18:00:00,770.9708092766289
2012-07-24 19:00:00,562.0198815233961
2012-07-24 20:00:00,427.35624899869754
2012-07-24 21:00:00,283.5502314728479
2012-07-24 22:00:00,203.41388470712764
2012-07-24 23:00:00,137.565191004949
2012-07-25 00:00:00,144.72717759622995
2012-07-25 01:00:00,19.796106311699294
2012-07-25 02:00:00,8.723512696155009
2012-07-25 03:00:00,5.468864877943074
2012-07-25 04:00:00,6.050764575687319
2012-07-25 05:00:00,43.46245378691271
2012-07-25 06:00:00,165.4632731315473
2012-07-25 07:00:00,384.12938663271717
2012-07-25 08:00:00,615.3753761573197
2012-07-25 09:00:00,315.35592673667554
2012-07-25 10:00:00,197.37808355785558
2012-07-25 11:00:00,238.8687885753486
2012-07-25 12:00:00,293.0289298831965
2012-07-25 13:00:00,278.06840082083573
2012-07-25 14:00:00,247.66186832828393
2012-07-25 15:00:00,285.36303380418036
2012-07-25 16:00:00,426.07994976855736
2012-07-25 17:00:00,803.4251039545519
2012-07-25 18:00:00,788.0314047538861
2012-07-25 19:00:00,596.408879996913
2012-07-25 20:00:00,441.54622590983024
2012-07-25 21:00:00,325.0843839164115
2012-07-25 22:00:00,225.6427221883804
2012-07-25 23:00:00,141.6726602527001
2012-07-26 00:00:00,106.01892526585362
2012-07-26 01:00:00,24.511916338649016
2012-07-26 02:00:00,10.14699602884334
2012-07-26 03:00:00,5.648242516790171
2012-07-26 04:00:00,6.731416409845174
2012-07-26 05:00:00,39.7414788500906
2012-07-26 06:00:00,168.17315372894754
2012-07-26 07:00:00,405.96262276836046
2012-07-26 08:00:00,686.5136519286511
2012-07-26 09:00:00,313.2335202821825
2012-07-26 10:00:00,187.34644233784167
2012-07-26 11:00:00,202.51934119675965
2012-07-26 12:00:00,258.7373005664549
2012-07-26 13:00:00,245.93341534040084
2012-07-26 14:00:00,208.92093147969817
2012-07-26 15:00:00,235.8514526039747
2012-07-26 16:00:00,411.4733577838877
2012-07-26 17:00:00,749.8269941498273
2012-07-26 18:00:00,739.5019231792062
2012-07-26 19:00:00,541.7045394113189
2012-07-26 20:00:00,442.1652008028078
2012-07-26 21:00:00,316.33017477372664
2012-07-26 22:00:00,251.64931524279416
2012-07-26 23:00:00,158.39189565204174
2012-07-27 00:00:00,102.51332919771828
2012-07-27 01:00:00,42.36784659264576
2012-07-27 02:00:00,17.14226662381753
2012-07-27 03:00:00,6.803867793822317
2012-07-27 04:00:00,9.193094567437749
2012-07-27 05:00:00,37.00897223842631
2012-07-27 06:00:00,154.8195424012596
2012-07-27 07:00:00,393.2599530570704
2012-07-27 08:00:00,619.8521659270887
2012-07-27 09:00:00,314.13682675618065
2012-07-27 10:00:00,236.69689320511873
2012-07-27 11:00:00,274.8760065811029
2012-07-27 12:00:00,322.8816775641466
2012-07-27 13:00:00,333.7103391770419
2012-07-27 14:00:00,319.03167578502826
2012-07-27 15:00:00,346.8510053242881
2012-07-27 16:00:00,456.09180384525473
2012-07-27 17:00:00,741.9134107450534
2012-07-27 18:00:00,681.5108266139557
2012-07-27 19:00:00,497.5831723920281
2012-07-27 20:00:00,390.97865949271977
2012-07-27 21:00:00,289.3034960758294
2012-07-27 22:00:00,239.48135675490838
2012-07-27 23:00:00,170.63024188722335
2012-07-28 00:00:00,253.33817629124533
2012-07-28 01:00:00,97.15774586881504
2012-07-28 02:00:00,76.55527114746717
2012-07-28 03:00:00,34.40140549206578
2012-07-28 04:00:00,10.46561384880187
2012-07-28 05:00:00,13.960036380715081
2012-07-28 06:00:00,35.885766079594426
2012-07-28 07:00:00,78.73702831984849
2012-07-28 08:00:00,182.85590569824095
2012-07-28 09:00:00,266.589181077157
2012-07-28 10:00:00,418.228930515479
2012-07-28 11:00:00,499.69526591882214
2012-07-28 12:00:00,516.0263252825755
2012-07-28 13:00:00,517.1520194926102
2012-07-28 14:00:00,516.0481015601181
2012-07-28 15:00:00,505.966800635709
2012-07-28 16:00:00,494.98025021294563
2012-07-28 17:00:00,436.51623554283844
2012-07-28 18:00:00,447.7920599721407
2012-07-28 19:00:00,258.01122759405865
2012-07-28 20:00:00,217.06690844443295
2012-07-28 21:00:00,213.43942003837037
2012-07-28 22:00:00,181.03035837240094
2012-07-28 23:00:00,169.13003996833143
2012-07-29 00:00:00,135.34592938643422
2012-07-29 01:00:00,112.86681989239766
2012-07-29 02:00:00,84.63801344910301
2012-07-29 03:00:00,41.616030542550426
2012-07-29 04:00:00,12.051747182745839
2012-07-29 05:00:00,12.102894373829452
2012-07-29 06:00:00,21.472596867371095
2012-07-29 07:00:00,72.23540243256679
2012-07-29 08:00:00,145.6240861506048
2012-07-29 09:00:00,262.8939037190121
2012-07-29 10:00:00,324.3620400934929
2012-07-29 11:00:00,421.6162237286636
2012-07-29 12:00:00,452.13355648361875
2012-07-29 13:00:00,477.05329695640097
2012-07-29 14:00:00,508.6314243221661
2012-07-29 15:00:00,497.57639946955567
2012-07-29 16:00:00,491.6103412011212
2012-07-29 17:00:00,425.5491956436639
2012-07-29 18:00:00,461.84384648738586
2012-07-29 19:00:00,352.9333641869178
2012-07-29 20:00:00,296.8953941977832
2012-07-29 21:00:00,212.21354135343717
2012-07-29 22:00:00,157.2200909568488
2012-07-29 23:00:00,117.33828374185977
2012-07-30 00:00:00,82.00581783951205
2012-07-30 01:00:00,16.175576406614947
2012-07-30 02:00:00,11.365899656032244
2012-07-30 03:00:00,6.0673974156186095
2012-07-30 04:00:00,10.074037461537563
2012-07-30 05:00:00,38.760275088734105
2012-07-30 06:00:00,148.96680865309796
2012-07-30 07:00:00,314.06272636574874
2012-07-30 08:00:00,648.0810610341885
2012-07-30 09:00:00,313.7695843840372
2012-07-30 10:00:00,204.61279511507362
2012-07-30 11:00:00,213.51151687077018
2012-07-30 12:00:00,258.4630713749295
2012-07-30 13:00:00,272.4189824159081
2012-07-30 14:00:00,246.24763114674798
2012-07-30 15:00:00,271.9574121801772
2012-07-30 16:00:00,426.3753393056126
2012-07-30 17:00:00,823.4000682415661
2012-07-30 18:00:00,784.367904921133
2012-07-30 19:00:00,575.3986710406665
2012-07-30 20:00:00,414.9073113359398
2012-07-30 21:00:00,286.55805432121423
2012-07-30 22:00:00,173.1072925707124
2012-07-30 23:00:00,125.47011342185436
2012-07-31 00:00:00,87.2200347537064
2012-07-31 01:00:00,21.58859721131623
2012-07-31 02:00:00,9.035747678498062
2012-07-31 03:00:00,5.609410044146729
2012-07-31 04:00:00,7.788625120042162
2012-07-31 05:00:00,39.93909699582762
2012-07-31 06:00:00,164.05456731265932
2012-07-31 07:00:00,299.62463259723626
2012-07-31 08:00:00,629.8211565144956
2012-07-31 09:00:00,309.7047278478515
2012-07-31 10:00:00,186.68214931539697
2012-07-31 11:00:00,205.41693850953888
2012-07-31 12:00:00,282.1368653699531
2012-07-31 13:00:00,261.95162530137407
2012-07-31 14:00:00,243.24853639330192
2012-07-31 15:00:00,250.68811411850194
2012-07-31 16:00:00,398.90060678607955
2012-07-31 17:00:00,848.2928223696988
2012-07-31 18:00:00,813.111678606171
2012-07-31 19:00:00,478.71884191037265
2012-07-31 20:00:00,331.6503900362444
2012-07-31 21:00:00,209.34956819200636
2012-07-31 22:00:00,172.5025266787416
2012-07-31 23:00:00,123.28116116247499
2012-08-20 00:00:00,58.319477333827116
2012-08-20 01:00:00,15.810695357275097
2012-08-20 02:00:00,8.596131278754314
2012-08-20 03:00:00,6.266781483776373
2012-08-20 04:00:00,9.415017987121697
2012-08-20 05:00:00,37.589308805094824
2012-08-20 06:00:00,153.42304918640167
2012-08-20 07:00:00,438.2365473194768
2012-08-20 08:00:00,665.1466905526236
2012-08-20 09:00:00,317.265670491067
2012-08-20 10:00:00,191.82033706323352
2012-08-20 11:00:00,168.01118732442464
2012-08-20 12:00:00,231.4635985476127
2012-08-20 13:00:00,233.5711935063555
2012-08-20 14:00:00,238.26171598174037
2012-08-20 15:00:00,255.56388868623245
2012-08-20 16:00:00,443.4578141168939
2012-08-20 17:00:00,828.225189588687
2012-08-20 18:00:00,504.4049934249217
2012-08-20 19:00:00,362.250441018957
2012-08-20 20:00:00,238.14001143075754
2012-08-20 21:00:00,179.18575777439867
2012-08-20 22:00:00,130.96172070065285
2012-08-20 23:00:00,93.864757266056
2012-08-21 00:00:00,55.559295728504615
2012-08-21 01:00:00,16.603583536034566
2012-08-21 02:00:00,6.281249423781818
2012-08-21 03:00:00,5.886472871101542
2012-08-21 04:00:00,7.275866575505801
2012-08-21 05:00:00,40.1296052427136
2012-08-21 06:00:00,171.3849151658156
2012-08-21 07:00:00,428.57829560254163
2012-08-21 08:00:00,673.4783169932088
2012-08-21 09:00:00,318.9997335561784
2012-08-21 10:00:00,189.8648812004447
2012-08-21 11:00:00,180.66526184743793
2012-08-21 12:00:00,304.1735983764947
2012-08-21 13:00:00,295.4819872713224
2012-08-21 14:00:00,257.1528881517878
2012-08-21 15:00:00,292.10871093560803
2012-08-21 16:00:00,470.2271719807807
2012-08-21 17:00:00,854.6131031485579
2012-08-21 18:00:00,841.8376316276751
2012-08-21 19:00:00,302.83068226947603
2012-08-21 20:00:00,351.23290675872676
2012-08-21 21:00:00,243.3386657031672
2012-08-21 22:00:00,163.00013690436572
2012-08-21 23:00:00,117.42350015556664
2012-08-22 00:00:00,64.96386202704477
2012-08-22 01:00:00,20.406600894731575
2012-08-22 02:00:00,7.98086640460891
2012-08-22 03:00:00,7.477032594452002
2012-08-22 04:00:00,5.387474172568091
2012-08-22 05:00:00,40.553641132400294
2012-08-22 06:00:00,175.15435956478012
2012-08-22 07:00:00,449.4596236234772
2012-08-22 08:00:00,630.0281370095732
2012-08-22 09:00:00,319.45371354458024
2012-08-22 10:00:00,195.14884853016534
2012-08-22 11:00:00,215.2896050413618
2012-08-22 12:00:00,283.519438000223
2012-08-22 13:00:00,295.62445272137654
2012-08-22 14:00:00,261.8165814512032
2012-08-22 15:00:00,292.2197902073132
2012-08-22 16:00:00,376.6881328805016
2012-08-22 17:00:00,710.7505189880425
2012-08-22 18:00:00,776.0349421664259
2012-08-22 19:00:00,481.4353578609917
2012-08-22 20:00:00,371.1882701974264
2012-08-22 21:00:00,261.53573346412594
2012-08-22 22:00:00,201.60602682324378
2012-08-22 23:00:00,128.20042339993253
2012-08-23 00:00:00,88.54000702894531
2012-08-23 01:00:00,22.577054879165566
2012-08-23 02:00:00,10.34178422782322
2012-08-23 03:00:00,8.047968945429266
2012-08-23 04:00:00,7.048167963578906
2012-08-23 05:00:00,40.5956047640581
2012-08-23 06:00:00,164.0320879119459
2012-08-23 07:00:00,410.0449800106182
2012-08-23 08:00:00,648.2568769472584
2012-08-23 09:00:00,313.96844886945905
2012-08-23 10:00:00,199.74925924467337
2012-08-23 11:00:00,252.707412491548
2012-08-23 12:00:00,310.9166600007709
2012-08-23 13:00:00,291.8461258098571
2012-08-23 14:00:00,257.4800199996965
2012-08-23 15:00:00,290.6082063284293
2012-08-23 16:00:00,434.5589266057856
2012-08-23 17:00:00,853.0851978882234
2012-08-23 18:00:00,838.4239061624637
2012-08-23 19:00:00,615.5552613470938
2012-08-23 20:00:00,429.80807576088813
2012-08-23 21:00:00,293.9513791502013
2012-08-23 22:00:00,212.1904579048993
2012-08-23 23:00:00,155.88827909312428
2012-08-24 00:00:00,140.76969100633403
2012-08-24 01:00:00,39.32271523568975
2012-08-24 02:00:00,18.211999465138607
2012-08-24 03:00:00,8.225073023004141
2012-08-24 04:00:00,8.547679538476991
2012-08-24 05:00:00,39.152092493906075
2012-08-24 06:00:00,147.832522789811
2012-08-24 07:00:00,405.40973389665737
2012-08-24 08:00:00,650.3750183304185
2012-08-24 09:00:00,340.9606252861394
2012-08-24 10:00:00,261.2119649659131
2012-08-24 11:00:00,284.3240567144604
2012-08-24 12:00:00,358.18703120766895
2012-08-24 13:00:00,355.30988991249365
2012-08-24 14:00:00,335.28894202327416
2012-08-24 15:00:00,342.0554703690354
2012-08-24 16:00:00,473.0117399389859
2012-08-24 17:00:00,824.8014099085448
2012-08-24 18:00:00,741.2517157277421
2012-08-24 19:00:00,523.8417023260629
2012-08-24 20:00:00,375.1503668872524
2012-08-24 21:00:00,275.62237067341505
2012-08-24 22:00:00,213.91181059012627
2012-08-24 23:00:00,172.8995052344027
2012-08-25 00:00:00,276.60613973776236
2012-08-25 01:00:00,112.64572179554044
2012-08-25 02:00:00,93.1221024052971
2012-08-25 03:00:00,36.25646661746114
2012-08-25 04:00:00,13.629432456105718
2012-08-25 05:00:00,9.20466843887526
2012-08-25 06:00:00,31.321996267690153
2012-08-25 07:00:00,65.48957165024696
2012-08-25 08:00:00,175.13192715410457
2012-08-25 09:00:00,276.40415163478866
2012-08-25 10:00:00,371.59435036605487
2012-08-25 11:00:00,409.4666437376047
2012-08-25 12:00:00,441.2370143849738
2012-08-25 13:00:00,498.70161475819094
2012-08-25 14:00:00,315.6998681754235
2012-08-25 15:00:00,294.07504289971837
2012-08-25 16:00:00,368.1335752922091
2012-08-25 17:00:00,455.03801344908965
2012-08-25 18:00:00,423.549777342806
2012-08-25 19:00:00,279.39090717341657
2012-08-25 20:00:00,160.57052738627183
2012-08-25 21:00:00,177.7370476897083
2012-08-25 22:00:00,148.03451258842532
2012-08-25 23:00:00,131.5638229858898
2012-08-26 00:00:00,127.76171640730809
2012-08-26 01:00:00,104.08420391647674
2012-08-26 02:00:00,94.22111905574019
2012-08-26 03:00:00,41.613572096150655
2012-08-26 04:00:00,15.162658573103823
2012-08-26 05:00:00,11.276670770903493
2012-08-26 06:00:00,17.626814987025956
2012-08-26 07:00:00,61.25947476221854
2012-08-26 08:00:00,153.70120521419543
2012-08-26 09:00:00,251.7768431591137
2012-08-26 10:00:00,337.3574942129757
2012-08-26 11:00:00,355.7198919636689
2012-08-26 12:00:00,301.43214636063595
2012-08-26 13:00:00,209.5526506663341
2012-08-26 14:00:00,195.7665085779273
2012-08-26 15:00:00,169.70611466515334
2012-08-26 16:00:00,149.97632426368557
2012-08-26 17:00:00,302.1623868322119
2012-08-26 18:00:00,272.8762863167454
2012-08-26 19:00:00,232.00561691586117
2012-08-26 20:00:00,178.86092075852702
2012-08-26 21:00:00,173.51914101576716
2012-08-26 22:00:00,117.31051622114225
2012-08-26 23:00:00,99.3037573956437
2012-08-27 00:00:00,69.39441240490162
2012-08-27 01:00:00,14.971686363087622
2012-08-27 02:00:00,7.871019827993974
2012-08-27 03:00:00,6.535582550112074
2012-08-27 04:00:00,9.168484257595196
2012-08-27 05:00:00,37.593983174284894
2012-08-27 06:00:00,151.58343127920728
2012-08-27 07:00:00,284.35258780380457
2012-08-27 08:00:00,540.3179761795861
2012-08-27 09:00:00,285.5260641501473
2012-08-27 10:00:00,185.03934195436807
2012-08-27 11:00:00,223.71117875739768
2012-08-27 12:00:00,257.7819661100416
2012-08-27 13:00:00,258.25819410361254
2012-08-27 14:00:00,259.5569549217871
2012-08-27 15:00:00,270.89831632415337
2012-08-27 16:00:00,439.31471671681516
2012-08-27 17:00:00,854.0291368818275
2012-08-27 18:00:00,836.0088350034736
2012-08-27 19:00:00,575.6236051074214
2012-08-27 20:00:00,413.29192598659114
2012-08-27 21:00:00,240.01630048061517
2012-08-27 22:00:00,125.56083445361497
2012-08-27 23:00:00,117.77315775114351
2012-08-28 00:00:00,53.548550623070284
2012-08-28 01:00:00,18.094936985824095
2012-08-28 02:00:00,7.267839763099158
2012-08-28 03:00:00,6.383775096092317
2012-08-28 04:00:00,7.04597779864995
2012-08-28 05:00:00,38.59201414506494
2012-08-28 06:00:00,163.9174215275177
2012-08-28 07:00:00,315.95925463938704
2012-08-28 08:00:00,552.1462166850422
2012-08-28 09:00:00,328.6683428875655
2012-08-28 10:00:00,207.56754371936827
2012-08-28 11:00:00,224.01782892762805
2012-08-28 12:00:00,295.6841657803119
2012-08-28 13:00:00,286.30797610551156
2012-08-28 14:00:00,260.4155792001364
2012-08-28 15:00:00,283.0555977364974
2012-08-28 16:00:00,448.51471641422955
2012-08-28 17:00:00,854.8536570377615
2012-08-28 18:00:00,845.0375001132313
2012-08-28 19:00:00,579.4835411512761
2012-08-28 20:00:00,421.29260385511014
2012-08-28 21:00:00,315.64276510373946
2012-08-28 22:00:00,197.66135241081656
2012-08-28 23:00:00,140.80947822114288
2012-08-29 00:00:00,114.17072149855892
2012-08-29 01:00:00,19.521803865877132
2012-08-29 02:00:00,8.865237542094677
2012-08-29 03:00:00,8.13200242821644
2012-08-29 04:00:00,5.324987547029649
2012-08-29 05:00:00,41.10518300928869
2012-08-29 06:00:00,176.29862202232988
2012-08-29 07:00:00,367.2795621290034
2012-08-29 08:00:00,619.6634655236611
2012-08-29 09:00:00,316.2577952342556
2012-08-29 10:00:00,210.61567906463395
2012-08-29 11:00:00,250.37798717240418
2012-08-29 12:00:00,311.83620449272775
2012-08-29 13:00:00,300.3752956683707
2012-08-29 14:00:00,262.9763716886263
2012-08-29 15:00:00,293.72766973448756
2012-08-29 16:00:00,474.47603711518866
2012-08-29 17:00:00,871.3263181189892
2012-08-29 18:00:00,861.5016295738534
2012-08-29 19:00:00,616.7625047746436
2012-08-29 20:00:00,429.8429531087888
2012-08-29 21:00:00,295.9085529844393
2012-08-29 22:00:00,226.6264328568489
2012-08-29 23:00:00,148.48580082929135
2012-08-30 00:00:00,116.73958759504565
2012-08-30 01:00:00,22.83685118274983
2012-08-30 02:00:00,9.767641564620337
2012-08-30 03:00:00,8.408799175442628
2012-08-30 04:00:00,7.047246637355671
2012-08-30 05:00:00,40.754759669914435
2012-08-30 06:00:00,170.02700276736323
2012-08-30 07:00:00,379.3841979093488
2012-08-30 08:00:00,616.536838363264
2012-08-30 09:00:00,297.2592422334582
2012-08-30 10:00:00,188.7436765861606
2012-08-30 11:00:00,258.7974857194198
2012-08-30 12:00:00,306.76877554621353
2012-08-30 13:00:00,290.2253759686706
2012-08-30 14:00:00,257.6086824824846
2012-08-30 15:00:00,291.9462160641887
2012-08-30 16:00:00,450.14770099686535
2012-08-30 17:00:00,871.634602626307
2012-08-30 18:00:00,844.3272839673197
2012-08-30 19:00:00,616.0266809877908
2012-08-30 20:00:00,441.5627206115358
2012-08-30 21:00:00,300.083654746241
2012-08-30 22:00:00,180.41064822474377
2012-08-30 23:00:00,158.94375984040752
2012-08-31 00:00:00,128.03514872491192
2012-08-31 01:00:00,36.85812606001289
2012-08-31 02:00:00,11.042073887507481
2012-08-31 03:00:00,7.43186303425441
2012-08-31 04:00:00,8.357906091748415
2012-08-31 05:00:00,38.179377533394316
2012-08-31 06:00:00,144.15786077320925
2012-08-31 07:00:00,399.18012718412274
2012-08-31 08:00:00,676.2959130446361
2012-08-31 09:00:00,328.5449668776933
2012-08-31 10:00:00,217.88925687243298
2012-08-31 11:00:00,272.099132632947
2012-08-31 12:00:00,333.93766407305134
2012-08-31 13:00:00,331.6940902507502
2012-08-31 14:00:00,310.88723197538405
2012-08-31 15:00:00,325.42002493810355
2012-08-31 16:00:00,463.21204706893013
2012-08-31 17:00:00,785.6280594447368
2012-08-31 18:00:00,734.5095151676614
2012-08-31 19:00:00,530.13550771248
2012-08-31 20:00:00,392.9122726931469
2012-08-31 21:00:00,294.78851371526235
2012-08-31 22:00:00,249.23255750985882
2012-08-31 23:00:00,175.91922398449412
2012-09-20 00:00:00,74.05791883081078
2012-09-20 01:00:00,20.114388143783724
2012-09-20 02:00:00,10.475586105011512
2012-09-20 03:00:00,7.779458058218029
2012-09-20 04:00:00,7.241576046052915
2012-09-20 05:00:00,45.52113698074059
2012-09-20 06:00:00,171.0061589926473
2012-09-20 07:00:00,486.503542898168
2012-09-20 08:00:00,735.9307246009677
2012-09-20 09:00:00,320.97445632829283
2012-09-20 10:00:00,190.06200641132583
2012-09-20 11:00:00,257.0494950953272
2012-09-20 12:00:00,314.31307052437955
2012-09-20 13:00:00,305.03102346441915
2012-09-20 14:00:00,277.3275462727818
2012-09-20 15:00:00,310.7626026239039
2012-09-20 16:00:00,466.4620393469122
2012-09-20 17:00:00,879.8266939460473
2012-09-20 18:00:00,863.3467162169752
2012-09-20 19:00:00,546.1680247053273
2012-09-20 20:00:00,348.5439068372625
2012-09-20 21:00:00,256.3150000501711
2012-09-20 22:00:00,186.91752622692502
2012-09-20 23:00:00,142.6050648650909
2012-09-21 00:00:00,90.76513524367863
2012-09-21 01:00:00,39.21730885444325
2012-09-21 02:00:00,20.67708883280531
2012-09-21 03:00:00,9.299977672181766
2012-09-21 04:00:00,9.871938536230319
2012-09-21 05:00:00,43.53520181849662
2012-09-21 06:00:00,160.26475329352226
2012-09-21 07:00:00,466.5935499582621
2012-09-21 08:00:00,722.1505486960419
2012-09-21 09:00:00,310.08717841506336
2012-09-21 10:00:00,239.18221364451912
2012-09-21 11:00:00,271.89145922683707
2012-09-21 12:00:00,343.6993229119158
2012-09-21 13:00:00,346.6389324452609
2012-09-21 14:00:00,306.7469324792487
2012-09-21 15:00:00,329.8775564361483
2012-09-21 16:00:00,505.7823511263812
2012-09-21 17:00:00,822.4831284143456
2012-09-21 18:00:00,786.5120301676204
2012-09-21 19:00:00,544.5164303136579
2012-09-21 20:00:00,369.53666685213017
2012-09-21 21:00:00,249.09781375857918
2012-09-21 22:00:00,231.2727799044282
2012-09-21 23:00:00,162.18136736074104
2012-09-22 00:00:00,183.6126436006657
2012-09-22 01:00:00,114.04107524326449
2012-09-22 02:00:00,74.76898679434562
2012-09-22 03:00:00,34.31852527011044
2012-09-22 04:00:00,11.906834828786389
2012-09-22 05:00:00,15.056249780450955
2012-09-22 06:00:00,31.20600272107558
2012-09-22 07:00:00,71.1229903640665
2012-09-22 08:00:00,187.69678485615984
2012-09-22 09:00:00,323.8697178686992
2012-09-22 10:00:00,431.40935449716704
2012-09-22 11:00:00,491.29328760629994
2012-09-22 12:00:00,593.3401621621551
2012-09-22 13:00:00,592.9831828327963
2012-09-22 14:00:00,564.2515922946532
2012-09-22 15:00:00,538.8323859690249
2012-09-22 16:00:00,560.4750787989126
2012-09-22 17:00:00,573.8839745723344
2012-09-22 18:00:00,505.6138526352487
2012-09-22 19:00:00,385.8725010309286
2012-09-22 20:00:00,330.3581462406602
2012-09-22 21:00:00,287.916060460288
2012-09-22 22:00:00,268.7427814696845
2012-09-22 23:00:00,195.8926229258304
2012-09-23 00:00:00,588.8188687618945
2012-09-23 01:00:00,91.69265930417147
2012-09-23 02:00:00,74.88213586963055
2012-09-23 03:00:00,32.87718272853942
2012-09-23 04:00:00,11.299422701826522
2012-09-23 05:00:00,12.086868575905047
2012-09-23 06:00:00,24.397583564910768
2012-09-23 07:00:00,74.49665065615854
2012-09-23 08:00:00,159.19077570548205
2012-09-23 09:00:00,290.26723129395975
2012-09-23 10:00:00,397.5883300968834
2012-09-23 11:00:00,463.5727154110347
2012-09-23 12:00:00,529.6509719397425
2012-09-23 13:00:00,623.0275270743231
2012-09-23 14:00:00,607.7239879378399
2012-09-23 15:00:00,614.1424080349288
2012-09-23 16:00:00,620.0773443025647
2012-09-23 17:00:00,545.1355215656291
2012-09-23 18:00:00,475.8104698086157
2012-09-23 19:00:00,372.8754498991337
2012-09-23 20:00:00,322.7643318118718
2012-09-23 21:00:00,215.27436733870022
2012-09-23 22:00:00,186.92522814135793
2012-09-23 23:00:00,93.17534173399605
2012-09-24 00:00:00,65.07307501946941
2012-09-24 01:00:00,15.340213706395629
2012-09-24 02:00:00,8.738502379652342
2012-09-24 03:00:00,5.371257915891688
2012-09-24 04:00:00,8.926001787937643
2012-09-24 05:00:00,39.99444839457741
2012-09-24 06:00:00,152.5236287973344
2012-09-24 07:00:00,399.21652171942446
2012-09-24 08:00:00,699.892682096423
2012-09-24 09:00:00,320.28805681958386
2012-09-24 10:00:00,201.7258375189661
2012-09-24 11:00:00,255.18224312831524
2012-09-24 12:00:00,297.0146867868308
2012-09-24 13:00:00,308.6063333127676
2012-09-24 14:00:00,279.71952521154213
2012-09-24 15:00:00,311.865532390951
2012-09-24 16:00:00,447.5626882627572
2012-09-24 17:00:00,849.107814926323
2012-09-24 18:00:00,763.7044068868752
2012-09-24 19:00:00,503.2041116178064
2012-09-24 20:00:00,309.5152092450418
2012-09-24 21:00:00,213.50576661577966
2012-09-24 22:00:00,153.13964111918136
2012-09-24 23:00:00,92.54001678065906
2012-09-25 00:00:00,62.90145557038448
2012-09-25 01:00:00,14.753489228310674
2012-09-25 02:00:00,5.2225818926818635
2012-09-25 03:00:00,3.4839925996654157
2012-09-25 04:00:00,7.702109232243655
2012-09-25 05:00:00,40.79048448741993
2012-09-25 06:00:00,165.84922169392792
2012-09-25 07:00:00,463.76217256865743
2012-09-25 08:00:00,702.5144181194152
2012-09-25 09:00:00,335.8620279244434
2012-09-25 10:00:00,192.7314202079074
2012-09-25 11:00:00,249.78068301225463
2012-09-25 12:00:00,317.08496850498864
2012-09-25 13:00:00,305.398485985025
2012-09-25 14:00:00,283.83181921604705
2012-09-25 15:00:00,320.8831760450201
2012-09-25 16:00:00,489.30350001182364
2012-09-25 17:00:00,891.107175089922
2012-09-25 18:00:00,862.1866939528979
2012-09-25 19:00:00,550.7899701814728
2012-09-25 20:00:00,389.4145628411321
2012-09-25 21:00:00,267.0558047443428
2012-09-25 22:00:00,214.01583641299152
2012-09-25 23:00:00,131.785393167048
2012-09-26 00:00:00,102.44807557171627
2012-09-26 01:00:00,16.99172979439503
2012-09-26 02:00:00,5.863034797074847
2012-09-26 03:00:00,5.234105165449661
2012-09-26 04:00:00,7.360299443135447
2012-09-26 05:00:00,41.14273126774846
2012-09-26 06:00:00,167.08412643977601
2012-09-26 07:00:00,482.48058472768906
2012-09-26 08:00:00,748.4205648962622
2012-09-26 09:00:00,336.2811375877391
2012-09-26 10:00:00,178.9702583765041
2012-09-26 11:00:00,255.88299722831675
2012-09-26 12:00:00,311.5831973182276
2012-09-26 13:00:00,299.2679793533627
2012-09-26 14:00:00,275.4152965912412
2012-09-26 15:00:00,308.19153496957216
2012-09-26 16:00:00,481.95941080348877
2012-09-26 17:00:00,888.7342595193963
2012-09-26 18:00:00,840.6662019058709
2012-09-26 19:00:00,580.7145432868756
2012-09-26 20:00:00,430.1035869375451
2012-09-26 21:00:00,300.0825833033397
2012-09-26 22:00:00,198.84926972047066
2012-09-26 23:00:00,109.82436522811757
2012-09-27 00:00:00,93.6831572825657
2012-09-27 01:00:00,23.689089262232404
2012-09-27 02:00:00,10.985739314966661
2012-09-27 03:00:00,8.215772088947858
2012-09-27 04:00:00,7.522331473734604
2012-09-27 05:00:00,39.61264813833001
2012-09-27 06:00:00,161.80880726341067
2012-09-27 07:00:00,456.6829516945101
2012-09-27 08:00:00,672.6170894489178
2012-09-27 09:00:00,306.6495977526106
2012-09-27 10:00:00,224.74506634579666
2012-09-27 11:00:00,253.87170939004758
2012-09-27 12:00:00,303.38065718241864
2012-09-27 13:00:00,289.60000765431846
2012-09-27 14:00:00,263.3786622805662
2012-09-27 15:00:00,305.0060965362331
2012-09-27 16:00:00,444.97952177842626
2012-09-27 17:00:00,735.7249802653133
2012-09-27 18:00:00,787.7628735919994
2012-09-27 19:00:00,554.6836401679893
2012-09-27 20:00:00,395.0306186055245
2012-09-27 21:00:00,173.37758433843211
2012-09-27 22:00:00,132.30000307580858
2012-09-27 23:00:00,87.45831667027353
2012-09-28 00:00:00,110.15739660622629
2012-09-28 01:00:00,26.217024517297613
2012-09-28 02:00:00,7.859763777815517
2012-09-28 03:00:00,6.606655560877316
2012-09-28 04:00:00,6.5206141579075245
2012-09-28 05:00:00,38.04685875808923
2012-09-28 06:00:00,141.26573747073513
2012-09-28 07:00:00,358.8698846133756
2012-09-28 08:00:00,708.9066122301506
2012-09-28 09:00:00,335.8895458977253
2012-09-28 10:00:00,189.6119440738995
2012-09-28 11:00:00,251.86646460351085
2012-09-28 12:00:00,370.22363608612835
2012-09-28 13:00:00,362.32592641743923
2012-09-28 14:00:00,325.15512447725854
2012-09-28 15:00:00,348.0186428299583
2012-09-28 16:00:00,518.5298334434506
2012-09-28 17:00:00,833.6591345047583
2012-09-28 18:00:00,772.5352648891588
2012-09-28 19:00:00,444.7826024931603
2012-09-28 20:00:00,352.50220817674574
2012-09-28 21:00:00,264.40079719664425
2012-09-28 22:00:00,215.76445358079584
2012-09-28 23:00:00,145.7293966421083
2012-09-29 00:00:00,208.50571332185993
2012-09-29 01:00:00,115.4042783349584
2012-09-29 02:00:00,73.60411402556103
2012-09-29 03:00:00,38.03747972261491
2012-09-29 04:00:00,11.343508145607602
2012-09-29 05:00:00,11.92256089883008
2012-09-29 06:00:00,33.008805893708804
2012-09-29 07:00:00,89.11880613454426
2012-09-29 08:00:00,177.05129964633488
2012-09-29 09:00:00,297.231384417311
2012-09-29 10:00:00,354.82144159152017
2012-09-29 11:00:00,432.02242995744126
2012-09-29 12:00:00,620.4649185387583
2012-09-29 13:00:00,635.4065286848739
2012-09-29 14:00:00,605.0509225737878
2012-09-29 15:00:00,595.5475840578886
2012-09-29 16:00:00,613.7347496513324
2012-09-29 17:00:00,576.6851446936496
2012-09-29 18:00:00,480.04430035240586
2012-09-29 19:00:00,338.8614043123006
2012-09-29 20:00:00,261.05568077883186
2012-09-29 21:00:00,231.0859135511053
2012-09-29 22:00:00,190.99460944455535
2012-09-29 23:00:00,167.29428147842373
2012-09-30 00:00:00,161.5826779678626
2012-09-30 01:00:00,108.54753730939969
2012-09-30 02:00:00,68.10758287693808
2012-09-30 03:00:00,34.12251854244502
2012-09-30 04:00:00,10.115879102789156
2012-09-30 05:00:00,11.62283916830278
2012-09-30 06:00:00,28.56792606559637
2012-09-30 07:00:00,66.01833917940876
2012-09-30 08:00:00,137.9487903741736
2012-09-30 09:00:00,274.8549948403221
2012-09-30 10:00:00,410.78015139348526
2012-09-30 11:00:00,546.5156661392815
2012-09-30 12:00:00,593.5816163922857
2012-09-30 13:00:00,615.854030961568
2012-09-30 14:00:00,593.1823500394983
2012-09-30 15:00:00,613.7529391723167
2012-09-30 16:00:00,620.6477464276801
2012-09-30 17:00:00,565.20701661495
2012-09-30 18:00:00,436.2086803558676
2012-09-30 19:00:00,232.8378638168136
2012-09-30 20:00:00,178.62026854265952
2012-09-30 21:00:00,188.82940290864127
2012-09-30 22:00:00,140.72597355497345
2012-09-30 23:00:00,98.45356057136304
2012-10-20 00:00:00,169.02848778477815
2012-10-20 01:00:00,108.10938318992055
2012-10-20 02:00:00,62.675862131280155
2012-10-20 03:00:00,28.352833118144943
2012-10-20 04:00:00,9.445121115493736
2012-10-20 05:00:00,10.610593168471942
2012-10-20 06:00:00,30.635687606896983
2012-10-20 07:00:00,69.37835035977083
2012-10-20 08:00:00,178.39785808759993
2012-10-20 09:00:00,303.8618969759282
2012-10-20 10:00:00,393.38854305101495
2012-10-20 11:00:00,446.4027960079252
2012-10-20 12:00:00,566.3591921750574
2012-10-20 13:00:00,585.7058877484427
2012-10-20 14:00:00,557.9213700673797
2012-10-20 15:00:00,558.4728519858472
2012-10-20 16:00:00,585.0650734771885
2012-10-20 17:00:00,548.3614137274236
2012-10-20 18:00:00,479.76152235239033
2012-10-20 19:00:00,355.257847890954
2012-10-20 20:00:00,344.6899220864452
2012-10-20 21:00:00,266.7266527940426
2012-10-20 22:00:00,195.99155246613108
2012-10-20 23:00:00,153.0352169991735
2012-10-21 00:00:00,190.22155101018782
2012-10-21 01:00:00,110.35658945106302
2012-10-21 02:00:00,68.68785917225011
2012-10-21 03:00:00,35.09894264062519
2012-10-21 04:00:00,10.34131711585601
2012-10-21 05:00:00,10.132586626954886
2012-10-21 06:00:00,26.88986788165774
2012-10-21 07:00:00,73.73727655385652
2012-10-21 08:00:00,136.91951856572484
2012-10-21 09:00:00,277.9510976438258
2012-10-21 10:00:00,383.470702289493
2012-10-21 11:00:00,488.1128968706262
2012-10-21 12:00:00,545.8064192894338
2012-10-21 13:00:00,578.9041807171808
2012-10-21 14:00:00,550.2732599570434
2012-10-21 15:00:00,594.2156148428617
2012-10-21 16:00:00,601.3750581865849
2012-10-21 17:00:00,526.7022687826563
2012-10-21 18:00:00,459.74760004983995
2012-10-21 19:00:00,349.625880057452
2012-10-21 20:00:00,318.6250616238898
2012-10-21 21:00:00,188.66032815120928
2012-10-21 22:00:00,151.47421846594875
2012-10-21 23:00:00,111.59251352670263
2012-10-22 00:00:00,71.2426841452869
2012-10-22 01:00:00,14.553660489016812
2012-10-22 02:00:00,8.175337174660132
2012-10-22 03:00:00,5.781990807766915
2012-10-22 04:00:00,7.820346979737501
2012-10-22 05:00:00,35.60346625081837
2012-10-22 06:00:00,141.39638550513567
2012-10-22 07:00:00,376.1184258518319
2012-10-22 08:00:00,728.2113331210876
2012-10-22 09:00:00,297.9161637413227
2012-10-22 10:00:00,189.16926939308476
2012-10-22 11:00:00,263.6818580628386
2012-10-22 12:00:00,316.66618777799306
2012-10-22 13:00:00,313.29875512481226
2012-10-22 14:00:00,290.72195175570494
2012-10-22 15:00:00,321.1732715073482
2012-10-22 16:00:00,487.31499124216316
2012-10-22 17:00:00,823.3698163586303
2012-10-22 18:00:00,677.1448144317387
2012-10-22 19:00:00,470.64026299325707
2012-10-22 20:00:00,302.33803805123483
2012-10-22 21:00:00,194.44103098714638
2012-10-22 22:00:00,138.12764131897984
2012-10-22 23:00:00,93.511498168625
2012-10-23 00:00:00,64.10907797550594
2012-10-23 01:00:00,14.125937174513952
2012-10-23 02:00:00,5.7612750961673385
2012-10-23 03:00:00,4.217964861490136
2012-10-23 04:00:00,7.65799818030331
2012-10-23 05:00:00,41.43855510606696
2012-10-23 06:00:00,156.79825573736366
2012-10-23 07:00:00,439.40999830171427
2012-10-23 08:00:00,731.8925983751147
2012-10-23 09:00:00,337.85601682161416
2012-10-23 10:00:00,187.44338071243658
2012-10-23 11:00:00,223.0138305550383
2012-10-23 12:00:00,314.2211078616517
2012-10-23 13:00:00,305.93312632197916
2012-10-23 14:00:00,275.55364542887213
2012-10-23 15:00:00,320.3127236226292
2012-10-23 16:00:00,487.1491703260398
2012-10-23 17:00:00,867.49648306542
2012-10-23 18:00:00,835.1579386525094
2012-10-23 19:00:00,534.907792039454
2012-10-23 20:00:00,369.0263794444972
2012-10-23 21:00:00,216.6071597430736
2012-10-23 22:00:00,183.34795666125106
2012-10-23 23:00:00,112.8713156800814
2012-10-24 00:00:00,72.93716163337619
2012-10-24 01:00:00,17.631696110865132
2012-10-24 02:00:00,8.371813170424385
2012-10-24 03:00:00,6.619539616089946
2012-10-24 04:00:00,6.175513529256121
2012-10-24 05:00:00,40.92264092692368
2012-10-24 06:00:00,168.6096797063938
2012-10-24 07:00:00,436.4700644383354
2012-10-24 08:00:00,713.7084795423293
2012-10-24 09:00:00,352.0602451677186
2012-10-24 10:00:00,175.29525281767062
2012-10-24 11:00:00,236.29037822547923
2012-10-24 12:00:00,321.36579991214853
2012-10-24 13:00:00,292.0037546529386
2012-10-24 14:00:00,283.5059195137276
2012-10-24 15:00:00,320.2228168988834
2012-10-24 16:00:00,510.65633716477674
2012-10-24 17:00:00,851.1657862933932
2012-10-24 18:00:00,841.6742719126154
2012-10-24 19:00:00,532.5231537650882
2012-10-24 20:00:00,404.0281789707701
2012-10-24 21:00:00,292.0991226091716
2012-10-24 22:00:00,237.10508436038174
2012-10-24 23:00:00,123.359197117623
2012-10-25 00:00:00,200.682748268706
2012-10-25 01:00:00,22.306048923835068
2012-10-25 02:00:00,10.011911087572791
2012-10-25 03:00:00,6.192800833375703
2012-10-25 04:00:00,7.457786002198529
2012-10-25 05:00:00,40.93804611433881
2012-10-25 06:00:00,156.56466067884918
2012-10-25 07:00:00,422.90151553181073
2012-10-25 08:00:00,685.8244508055901
2012-10-25 09:00:00,341.6877748017904
2012-10-25 10:00:00,163.7506897349231
2012-10-25 11:00:00,164.74836994355113
2012-10-25 12:00:00,201.48104000680814
2012-10-25 13:00:00,189.98413142715575
2012-10-25 14:00:00,217.465600906867
2012-10-25 15:00:00,315.04186647185395
2012-10-25 16:00:00,414.9325025174566
2012-10-25 17:00:00,742.4047516388523
2012-10-25 18:00:00,340.890385075386
2012-10-25 19:00:00,286.6406280700924
2012-10-25 20:00:00,228.96366232607306
2012-10-25 21:00:00,205.5037477427254
2012-10-25 22:00:00,175.8017641431703
2012-10-25 23:00:00,113.77373058537732
2012-10-26 00:00:00,88.9650091598296
2012-10-26 01:00:00,25.38813744665759
2012-10-26 02:00:00,9.687229951309728
2012-10-26 03:00:00,6.066195817548984
2012-10-26 04:00:00,7.3372399767310394
2012-10-26 05:00:00,37.43040285400401
2012-10-26 06:00:00,140.52170761012445
2012-10-26 07:00:00,410.7811872091471
2012-10-26 08:00:00,602.327618992055
2012-10-26 09:00:00,343.98739221927445
2012-10-26 10:00:00,168.8841118974569
2012-10-26 11:00:00,194.83836745790913
2012-10-26 12:00:00,260.27739073908356
2012-10-26 13:00:00,280.32967382275837
2012-10-26 14:00:00,301.6767099666164
2012-10-26 15:00:00,344.3218782407549
2012-10-26 16:00:00,378.52127077963553
2012-10-26 17:00:00,546.3862786832119
2012-10-26 18:00:00,401.32662392804474
2012-10-26 19:00:00,261.2836862994799
2012-10-26 20:00:00,220.28036152958003
2012-10-26 21:00:00,208.56822664615015
2012-10-26 22:00:00,163.12997220095872
2012-10-26 23:00:00,138.3884702914538
2012-10-27 00:00:00,166.1336908852637
2012-10-27 01:00:00,105.59235503234817
2012-10-27 02:00:00,66.50131573655575
2012-10-27 03:00:00,37.88672450762409
2012-10-27 04:00:00,10.606828172736867
2012-10-27 05:00:00,11.309814098302263
2012-10-27 06:00:00,28.831997267859624
2012-10-27 07:00:00,82.1334394796766
2012-10-27 08:00:00,172.00433613897283
2012-10-27 09:00:00,277.0233122746633
2012-10-27 10:00:00,301.2866844620927
2012-10-27 11:00:00,435.0224411126225
2012-10-27 12:00:00,589.8752325535564
2012-10-27 13:00:00,617.1398001529675
2012-10-27 14:00:00,576.7687757289362
2012-10-27 15:00:00,413.9344980834032
2012-10-27 16:00:00,465.85113912110563
2012-10-27 17:00:00,515.4503995113172
2012-10-27 18:00:00,449.31322433799517
2012-10-27 19:00:00,330.8071642466046
2012-10-27 20:00:00,246.2162308571842
2012-10-27 21:00:00,209.44993983707724
2012-10-27 22:00:00,180.669832020235
2012-10-27 23:00:00,149.67183977565173
2012-10-28 00:00:00,172.07740696799456
2012-10-28 01:00:00,108.98980165709747
2012-10-28 02:00:00,75.25221515703615
2012-10-28 03:00:00,33.73071433259878
2012-10-28 04:00:00,10.640323409040905
2012-10-28 05:00:00,12.262794381041466
2012-10-28 06:00:00,25.36637313176496
2012-10-28 07:00:00,80.3749159481297
2012-10-28 08:00:00,161.3781920362713
2012-10-28 09:00:00,273.9272487039433
2012-10-28 10:00:00,319.1901081399931
2012-10-28 11:00:00,399.47915390822527
2012-10-28 12:00:00,384.01827875238047
2012-10-28 13:00:00,383.71742354573155
2012-10-28 14:00:00,373.96978394454567
2012-10-28 15:00:00,380.4494461510372
2012-10-28 16:00:00,290.2648293823563
2012-10-28 17:00:00,256.96605226312676
2012-10-28 18:00:00,136.47879981294815
2012-10-28 19:00:00,122.41632645867547
2012-10-28 20:00:00,125.92078184673595
2012-10-28 21:00:00,131.23459394448807
2012-10-28 22:00:00,108.10138407471534
2012-10-28 23:00:00,65.7216757765665
2012-10-29 00:00:00,118.06761233697071
2012-10-30 13:00:00,90.5246547884311
2012-10-30 14:00:00,85.81788873887741
2012-10-30 15:00:00,87.36602749491715
2012-10-30 16:00:00,128.9950712764516
2012-10-30 17:00:00,213.97184116303205
2012-10-30 18:00:00,227.61887495212153
2012-10-30 19:00:00,478.8521924377901
2012-10-30 20:00:00,170.03364833763635
2012-10-30 21:00:00,119.83361664149028
2012-10-30 22:00:00,123.15453766614554
2012-10-30 23:00:00,103.19482389422129
2012-10-31 00:00:00,70.0707887683008
2012-10-31 01:00:00,16.904940595664307
2012-10-31 02:00:00,7.807629913375135
2012-10-31 03:00:00,4.121047002009906
2012-10-31 04:00:00,6.416135961509617
2012-10-31 05:00:00,32.58485097517592
2012-10-31 06:00:00,136.18669580566151
2012-10-31 07:00:00,286.6433849634928
2012-10-31 08:00:00,622.2799561712327
2012-10-31 09:00:00,299.32307920006014
2012-10-31 10:00:00,161.81873442096202
2012-10-31 11:00:00,167.41820114520178
2012-10-31 12:00:00,232.0267829131805
2012-10-31 13:00:00,222.9152831782822
2012-10-31 14:00:00,206.78995754051383
2012-10-31 15:00:00,230.99913682586174
2012-10-31 16:00:00,339.7659141697284
2012-10-31 17:00:00,585.9912239769109
2012-10-31 18:00:00,593.0356717022187
2012-10-31 19:00:00,403.8383743815736
2012-10-31 20:00:00,268.4801866392558
2012-10-31 21:00:00,197.3177562700401
2012-10-31 22:00:00,161.6937084016035
2012-10-31 23:00:00,114.65305240231649
2012-11-20 00:00:00,69.67361542030649
2012-11-20 01:00:00,16.049967463332568
2012-11-20 02:00:00,3.9045197406564753
2012-11-20 03:00:00,3.6548337233662713
2012-11-20 04:00:00,7.56606098528005
2012-11-20 05:00:00,34.129890114872204
2012-11-20 06:00:00,134.34691443796433
2012-11-20 07:00:00,325.6824539733917
2012-11-20 08:00:00,644.9311827911683
2012-11-20 09:00:00,298.4493402860105
2012-11-20 10:00:00,169.53226223716666
2012-11-20 11:00:00,195.1867170671813
2012-11-20 12:00:00,244.06553660436944
2012-11-20 13:00:00,224.37393658334412
2012-11-20 14:00:00,213.046320252672
2012-11-20 15:00:00,243.36425420805077
2012-11-20 16:00:00,368.3256139453572
2012-11-20 17:00:00,555.2994263824429
2012-11-20 18:00:00,530.4503682511346
2012-11-20 19:00:00,372.18405636380254
2012-11-20 20:00:00,206.90547298613322
2012-11-20 21:00:00,179.66176864167522
2012-11-20 22:00:00,153.96438479962856
2012-11-20 23:00:00,104.93722332936744
2012-11-21 00:00:00,68.91180029448111
2012-11-21 01:00:00,18.20023748626839
2012-11-21 02:00:00,5.861139844806893
2012-11-21 03:00:00,5.051816159767347
2012-11-21 04:00:00,5.755721010591553
2012-11-21 05:00:00,31.709987466457672
2012-11-21 06:00:00,129.89219970123543
2012-11-21 07:00:00,261.4228434226782
2012-11-21 08:00:00,607.3591069536631
2012-11-21 09:00:00,283.28768571090313
2012-11-21 10:00:00,163.1828782916944
2012-11-21 11:00:00,200.25358966128954
2012-11-21 12:00:00,247.78716586764665
2012-11-21 13:00:00,227.7593142877388
2012-11-21 14:00:00,235.56742101953785
2012-11-21 15:00:00,262.9686912709856
2012-11-21 16:00:00,358.3734553655183
2012-11-21 17:00:00,591.545213994076
2012-11-21 18:00:00,545.4450560531516
2012-11-21 19:00:00,387.76538004014594
2012-11-21 20:00:00,252.304845437797
2012-11-21 21:00:00,195.39678989618614
2012-11-21 22:00:00,140.10185317736173
2012-11-21 23:00:00,104.27891143962897
2012-11-22 00:00:00,131.34029983072793
2012-11-22 01:00:00,52.29835395577941
2012-11-22 02:00:00,26.30597386566684
2012-11-22 03:00:00,10.005706419815876
2012-11-22 04:00:00,6.936407636599752
2012-11-22 05:00:00,9.23558920335809
2012-11-22 06:00:00,22.58186628501354
2012-11-22 07:00:00,76.52580715156952
2012-11-22 08:00:00,141.80843415687104
2012-11-22 09:00:00,201.1482954534976
2012-11-22 10:00:00,251.33063276922155
2012-11-22 11:00:00,376.91098999238864
2012-11-22 12:00:00,420.8867457840964
2012-11-22 13:00:00,455.3651232740156
2012-11-22 14:00:00,443.74840853692564
2012-11-22 15:00:00,434.9746209180659
2012-11-22 16:00:00,426.75855254232556
2012-11-22 17:00:00,403.04937657724867
2012-11-22 18:00:00,305.9757210485202
2012-11-22 19:00:00,219.85790009397715
2012-11-22 20:00:00,163.18032308760417
2012-11-22 21:00:00,161.51862154473386
2012-11-22 22:00:00,131.37062473501393
2012-11-22 23:00:00,89.56383472760204
2012-11-23 00:00:00,70.27702125519407
2012-11-23 01:00:00,22.727948888887095
2012-11-23 02:00:00,10.360360474433
2012-11-23 03:00:00,5.207804740241821
2012-11-23 04:00:00,8.277851607504992
2012-11-23 05:00:00,31.269239606147277
2012-11-23 06:00:00,121.25932759726486
2012-11-23 07:00:00,260.32596228830795
2012-11-23 08:00:00,563.8586330549315
2012-11-23 09:00:00,300.1426548879535
2012-11-23 10:00:00,171.4118719226942
2012-11-23 11:00:00,232.22666534866482
2012-11-23 12:00:00,277.59908814509674
2012-11-23 13:00:00,296.57988894472794
2012-11-23 14:00:00,313.1002867426376
2012-11-23 15:00:00,319.7619772716084
2012-11-23 16:00:00,421.545519183324
2012-11-23 17:00:00,709.9670056601975
2012-11-23 18:00:00,597.0033476836365
2012-11-23 19:00:00,448.195447039859
2012-11-23 20:00:00,289.94989215633984
2012-11-23 21:00:00,225.01254820413922
2012-11-23 22:00:00,164.41554077470204
2012-11-23 23:00:00,108.96939197339296
2012-11-24 00:00:00,352.92534367579805
2012-11-24 01:00:00,81.25291761993466
2012-11-24 02:00:00,44.871422069028576
2012-11-24 03:00:00,17.63523416936056
2012-11-24 04:00:00,7.41740775984029
2012-11-24 05:00:00,6.927246556353847
2012-11-24 06:00:00,17.693961690118
2012-11-24 07:00:00,92.14015965518952
2012-11-24 08:00:00,144.279993730595
2012-11-24 09:00:00,191.34457652257692
2012-11-24 10:00:00,185.4693752270043
2012-11-24 11:00:00,205.84508312497331
2012-11-24 12:00:00,238.92752256189064
2012-11-24 13:00:00,295.22052460879524
2012-11-24 14:00:00,262.16236060170155
2012-11-24 15:00:00,213.4130749048988
2012-11-24 16:00:00,247.91675483573488
2012-11-24 17:00:00,258.6095873221035
2012-11-24 18:00:00,206.87179164734448
2012-11-24 19:00:00,184.17624749402037
2012-11-24 20:00:00,149.34279771652606
2012-11-24 21:00:00,134.07858320655558
2012-11-24 22:00:00,119.11043923331381
2012-11-24 23:00:00,87.96892303629275
2012-11-25 00:00:00,102.49047748303798
2012-11-25 01:00:00,89.29437323354334
2012-11-25 02:00:00,41.8063504780385
2012-11-25 03:00:00,21.433546879866167
2012-11-25 04:00:00,7.053069873916418
2012-11-25 05:00:00,7.189562808185703
2012-11-25 06:00:00,13.372049550649145
2012-11-25 07:00:00,59.867543386808855
2012-11-25 08:00:00,116.85982926944939
2012-11-25 09:00:00,161.0207413564197
2012-11-25 10:00:00,153.34120008607582
2012-11-25 11:00:00,184.53502994708626
2012-11-25 12:00:00,217.89827047809578
2012-11-25 13:00:00,191.45872046297222
2012-11-25 14:00:00,204.72640096942575
2012-11-25 15:00:00,216.89973433966665
2012-11-25 16:00:00,273.75855866120696
2012-11-25 17:00:00,262.38045805826965
2012-11-25 18:00:00,197.2392142631314
2012-11-25 19:00:00,174.1734085908918
2012-11-25 20:00:00,103.2733825020589
2012-11-25 21:00:00,117.91963459499276
2012-11-25 22:00:00,88.04823980116993
2012-11-25 23:00:00,68.77533414277232
2012-11-26 00:00:00,43.40228730580824
2012-11-26 01:00:00,13.07914456506337
2012-11-26 02:00:00,4.324432331331573
2012-11-26 03:00:00,3.9777161289915446
2012-11-26 04:00:00,6.915251509781731
2012-11-26 05:00:00,34.82928736986507
2012-11-26 06:00:00,127.28863600843744
2012-11-26 07:00:00,252.02569214110477
2012-11-26 08:00:00,637.561274193801
2012-11-26 09:00:00,259.7705390327245
2012-11-26 10:00:00,166.9261959059433
2012-11-26 11:00:00,202.81004837211034
2012-11-26 12:00:00,259.1275888801289
2012-11-26 13:00:00,245.17853169336064
2012-11-26 14:00:00,228.0736624034854
2012-11-26 15:00:00,252.18040915517892
2012-11-26 16:00:00,380.03923328984547
2012-11-26 17:00:00,602.6271628311305
2012-11-26 18:00:00,534.1125896430017
2012-11-26 19:00:00,353.8067907237
2012-11-26 20:00:00,238.46051567839206
2012-11-26 21:00:00,182.80016241778287
2012-11-26 22:00:00,123.11219250219065
2012-11-26 23:00:00,84.52932649929083
2012-11-27 00:00:00,64.46958133743529
2012-11-27 01:00:00,15.713797574761411
2012-11-27 02:00:00,4.41158696443636
2012-11-27 03:00:00,3.822054831498446
2012-11-27 04:00:00,6.2398338267973195
2012-11-27 05:00:00,28.63283165522415
2012-11-27 06:00:00,128.27828740348218
2012-11-27 07:00:00,157.46486720821952
2012-11-27 08:00:00,236.1225069606332
2012-11-27 09:00:00,277.3471814973231
2012-11-27 10:00:00,101.24522388194403
2012-11-27 11:00:00,82.6994138770649
2012-11-27 12:00:00,79.08847638891187
2012-11-27 13:00:00,75.93807691160625
2012-11-27 14:00:00,66.6040872716005
2012-11-27 15:00:00,145.41878187027453
2012-11-27 16:00:00,218.76889662507045
2012-11-27 17:00:00,366.45243629921004
2012-11-27 18:00:00,254.80128209403298
2012-11-27 19:00:00,255.78828781996475
2012-11-27 20:00:00,130.0023563879131
2012-11-27 21:00:00,93.52802769948984
2012-11-27 22:00:00,93.80744224418609
2012-11-27 23:00:00,77.3186425155583
2012-11-28 00:00:00,65.51401488923696
2012-11-28 01:00:00,21.284687456828838
2012-11-28 02:00:00,7.118834182226835
2012-11-28 03:00:00,4.370274892034398
2012-11-28 04:00:00,6.582186774689923
2012-11-28 05:00:00,34.394964138282134
2012-11-28 06:00:00,128.20244249235986
2012-11-28 07:00:00,323.5794792725914
2012-11-28 08:00:00,649.646523899105
2012-11-28 09:00:00,295.43976156018175
2012-11-28 10:00:00,162.5872014125233
2012-11-28 11:00:00,186.84514750198483
2012-11-28 12:00:00,210.75321886513976
2012-11-28 13:00:00,229.00039772007335
2012-11-28 14:00:00,206.31454612607803
2012-11-28 15:00:00,227.37282512483182
2012-11-28 16:00:00,340.563776587018
2012-11-28 17:00:00,578.082579430705
2012-11-28 18:00:00,523.1512012448161
2012-11-28 19:00:00,365.2853562413132
2012-11-28 20:00:00,230.05121842405507
2012-11-28 21:00:00,153.08801184874554
2012-11-28 22:00:00,116.72859508207631
2012-11-28 23:00:00,78.40351324858368
2012-11-29 00:00:00,66.76611719426302
2012-11-29 01:00:00,16.051325593583776
2012-11-29 02:00:00,5.056477852243716
2012-11-29 04:00:00,6.870772696168583
2012-11-29 05:00:00,34.759857986596685
2012-11-29 06:00:00,126.7914627898711
2012-11-29 07:00:00,288.0131919393259
2012-11-29 08:00:00,633.5238973091634
2012-11-29 09:00:00,265.6833865246377
2012-11-29 10:00:00,127.33117501472714
2012-11-29 11:00:00,198.0184022099661
2012-11-29 12:00:00,251.09492826307547
2012-11-29 13:00:00,248.8467362545116
2012-11-29 14:00:00,217.11319875847067
2012-11-29 15:00:00,252.4098721204442
2012-11-29 16:00:00,356.4192429343165
2012-11-29 17:00:00,588.12607979466
2012-11-29 18:00:00,541.0106018802375
2012-11-29 19:00:00,359.46435047060777
2012-11-29 20:00:00,206.1619320647842
2012-11-29 21:00:00,140.45775568096798
2012-11-29 22:00:00,122.71239559833482
2012-11-29 23:00:00,115.84976805502924
2012-11-30 00:00:00,74.67631173291406
2012-11-30 01:00:00,23.31098644991436
2012-11-30 02:00:00,10.103684916205035
2012-11-30 03:00:00,5.341303279730391
2012-11-30 04:00:00,7.877369357109296
2012-11-30 05:00:00,31.3543751936626
2012-11-30 06:00:00,117.24817513410558
2012-11-30 07:00:00,259.60455787648584
2012-11-30 08:00:00,555.699562478244
2012-11-30 09:00:00,272.36079574293166
2012-11-30 10:00:00,129.30635111168235
2012-11-30 11:00:00,179.52355513441336
2012-11-30 12:00:00,249.97469627487695
2012-11-30 13:00:00,269.95726984411834
2012-11-30 14:00:00,248.65018312098638
2012-11-30 15:00:00,276.18562571043753
2012-11-30 16:00:00,393.879225496175
2012-11-30 17:00:00,591.4453465272459
2012-11-30 18:00:00,479.9371952120172
2012-11-30 19:00:00,329.88199085316893
2012-11-30 20:00:00,209.32847738502696
2012-11-30 21:00:00,161.59523607826168
2012-11-30 22:00:00,131.48059170239
2012-11-30 23:00:00,116.47389819347502
2012-12-20 00:00:00,85.11897315557069
2012-12-20 01:00:00,17.539390031632045
2012-12-20 02:00:00,7.34157010043381
2012-12-20 03:00:00,3.2913682253507424
2012-12-20 04:00:00,7.048736380207524
2012-12-20 05:00:00,33.458695076908086
2012-12-20 06:00:00,114.25994112426994
2012-12-20 07:00:00,290.2954147341585
2012-12-20 08:00:00,627.134271944496
2012-12-20 09:00:00,261.36491162930827
2012-12-20 10:00:00,137.42744980117337
2012-12-20 11:00:00,171.1386683749662
2012-12-20 12:00:00,225.8709605895731
2012-12-20 13:00:00,223.02153432775893
2012-12-20 14:00:00,200.37330093070904
2012-12-20 15:00:00,207.97284733000998
2012-12-20 16:00:00,299.271195209114
2012-12-20 17:00:00,521.8304054305373
2012-12-20 18:00:00,499.34802911974316
2012-12-20 19:00:00,175.23938453170405
2012-12-20 20:00:00,139.43887267569585
2012-12-20 21:00:00,130.58760035308023
2012-12-20 22:00:00,84.92095823150231
2012-12-20 23:00:00,66.78552349057057
2012-12-21 00:00:00,96.81995091584533
2012-12-21 01:00:00,23.032433569334046
2012-12-21 02:00:00,8.108355999333678
2012-12-21 03:00:00,5.43927312513326
2012-12-21 04:00:00,7.410954237288926
2012-12-21 05:00:00,30.08200022474958
2012-12-21 06:00:00,100.41421314146108
2012-12-21 07:00:00,302.60925885171537
2012-12-21 08:00:00,634.0378023836041
2012-12-21 09:00:00,269.93175494071596
2012-12-21 10:00:00,150.2732670208373
2012-12-21 11:00:00,151.38674676501046
2012-12-21 12:00:00,190.4575141029102
2012-12-21 13:00:00,184.02038771211159
2012-12-21 14:00:00,160.34159588157428
2012-12-21 15:00:00,169.9474983634345
2012-12-21 16:00:00,253.7019971103984
2012-12-21 17:00:00,392.54092362933426
2012-12-21 18:00:00,368.66858153331117
2012-12-21 19:00:00,289.647081216851
2012-12-21 20:00:00,174.05154418225698
2012-12-21 21:00:00,129.76454608087164
2012-12-21 22:00:00,108.04923176433256
2012-12-21 23:00:00,85.17373997573968
2012-12-22 00:00:00,152.12804848953033
2012-12-22 01:00:00,67.42630251283798
2012-12-22 02:00:00,40.472498113741146
2012-12-22 03:00:00,21.93111578840104
2012-12-22 04:00:00,8.196682551356494
2012-12-22 05:00:00,5.692059795375438
2012-12-22 06:00:00,11.898537291623056
2012-12-22 07:00:00,84.8985265241282
2012-12-22 08:00:00,135.95981643469955
2012-12-22 09:00:00,177.75122267802658
2012-12-22 10:00:00,170.0233256824333
2012-12-22 11:00:00,200.41262022390103
2012-12-22 12:00:00,223.61629046814568
2012-12-22 13:00:00,248.49932263718745
2012-12-22 14:00:00,237.3231949750829
2012-12-22 15:00:00,259.72477655133616
2012-12-22 16:00:00,250.74407647074335
2012-12-22 17:00:00,263.0928013340242
2012-12-22 18:00:00,206.32685510500292
2012-12-22 19:00:00,170.60673183253772
2012-12-22 20:00:00,122.75277951863647
2012-12-22 21:00:00,110.00907365237859
2012-12-22 22:00:00,94.302702338741
2012-12-22 23:00:00,85.06472757364243
2012-12-23 00:00:00,105.08933490500438
2012-12-23 01:00:00,83.09554404359959
2012-12-23 02:00:00,48.20040198809875
2012-12-23 03:00:00,32.15172056994466
2012-12-23 04:00:00,7.682110355368963
2012-12-23 05:00:00,5.729806338820427
2012-12-23 06:00:00,10.093903071232385
2012-12-23 07:00:00,53.56910803008519
2012-12-23 08:00:00,99.53594394449318
2012-12-23 09:00:00,152.1239192499639
2012-12-23 10:00:00,154.25182748870324
2012-12-23 11:00:00,149.58370043961762
2012-12-23 12:00:00,222.36215283504396
2012-12-23 13:00:00,253.6422308970359
2012-12-23 14:00:00,257.79274599398383
2012-12-23 15:00:00,309.88169275193707
2012-12-23 16:00:00,353.2583376850193
2012-12-23 17:00:00,323.31861636330524
2012-12-23 18:00:00,238.20602763277031
2012-12-23 19:00:00,207.7483563390696
2012-12-23 20:00:00,108.43177648652237
2012-12-23 21:00:00,91.95021752410672
2012-12-23 22:00:00,89.54492479904319
2012-12-23 23:00:00,65.31648705210529
2012-12-24 00:00:00,45.03477373190308
2012-12-24 01:00:00,10.537426893361767
2012-12-24 02:00:00,3.9072455856272335
2012-12-24 03:00:00,4.011417289137285
2012-12-24 05:00:00,30.450690125667347
2012-12-24 06:00:00,109.93325493250143
2012-12-24 07:00:00,248.2141874010556
2012-12-24 08:00:00,618.8892374920575
2012-12-24 09:00:00,226.08644843141184
2012-12-24 10:00:00,96.76937536791868
2012-12-24 11:00:00,115.21826847802896
2012-12-24 12:00:00,132.179732685906
2012-12-24 13:00:00,76.15586499369927
2012-12-24 14:00:00,67.99956078868973
2012-12-24 15:00:00,78.77598058939766
2012-12-24 16:00:00,105.26187898081055
2012-12-24 17:00:00,179.67937443231182
2012-12-24 18:00:00,157.05025132987532
2012-12-24 19:00:00,168.1883018785317
2012-12-24 20:00:00,81.30574682099017
2012-12-24 21:00:00,68.70369220050958
2012-12-24 22:00:00,74.56829004599828
2012-12-24 23:00:00,51.88056351371253
2012-12-25 00:00:00,71.6658256199636
2012-12-25 01:00:00,50.05078312656188
2012-12-25 02:00:00,25.923470031379285
2012-12-25 04:00:00,7.308802154993777
2012-12-25 05:00:00,7.738049483511077
2012-12-25 06:00:00,12.061617970678983
2012-12-25 07:00:00,55.21596434928556
2012-12-25 08:00:00,129.4605561335695
2012-12-25 09:00:00,129.00328225893065
2012-12-25 10:00:00,160.0780241028316
2012-12-25 11:00:00,187.35598080556844
2012-12-25 12:00:00,231.46099570428527
2012-12-25 13:00:00,315.2408255244223
2012-12-25 14:00:00,306.77265816723326
2012-12-25 15:00:00,285.47300150923166
2012-12-25 16:00:00,313.01606364255963
2012-12-25 17:00:00,316.63675934715974
2012-12-25 18:00:00,267.4288600049317
2012-12-25 19:00:00,227.75834610394003
2012-12-25 20:00:00,164.58815365449615
2012-12-25 21:00:00,114.97962408648876
2012-12-25 22:00:00,102.24236303238352
2012-12-25 23:00:00,62.77111136700489
2012-12-26 00:00:00,66.72665127195089
2012-12-26 01:00:00,13.605554013680404
2012-12-26 02:00:00,5.207139173292949
2012-12-26 03:00:00,4.4176331080246625
2012-12-26 04:00:00,5.827227877598736
2012-12-26 05:00:00,32.521317174265945
2012-12-26 06:00:00,114.77053757545023
2012-12-26 07:00:00,124.02419816333777
2012-12-26 08:00:00,224.108958680007
2012-12-26 09:00:00,126.53738441582637
2012-12-26 10:00:00,76.56775694837195
2012-12-26 11:00:00,67.45383879172643
2012-12-26 12:00:00,81.03158541502229
2012-12-26 13:00:00,77.39679338652843
2012-12-26 14:00:00,66.58752274534234
2012-12-26 15:00:00,75.22138312276296
2012-12-26 16:00:00,100.68153034414183
2012-12-26 17:00:00,162.64359937436063
2012-12-26 18:00:00,145.696516386619
2012-12-26 19:00:00,129.53641761764806
2012-12-26 20:00:00,82.0976426352423
2012-12-26 21:00:00,117.7058556294389
2012-12-26 22:00:00,53.46390807537485
2012-12-26 23:00:00,47.319020768368645
2012-12-27 00:00:00,53.19252668410497
2012-12-27 01:00:00,8.343116126106496
2012-12-27 02:00:00,4.759885840281911
2012-12-27 03:00:00,3.2257422097806594
2012-12-27 04:00:00,6.11097708123299
2012-12-27 05:00:00,32.256495016702324
2012-12-27 06:00:00,105.05710943741761
2012-12-27 07:00:00,315.9686194892142
2012-12-27 08:00:00,625.163459761242
2012-12-27 09:00:00,285.10509320805687
2012-12-27 10:00:00,128.06679034385576
2012-12-27 11:00:00,118.86751057326548
2012-12-27 12:00:00,157.96182174171307
2012-12-27 13:00:00,147.474560982854
2012-12-27 14:00:00,123.46263367049067
2012-12-27 15:00:00,128.01572406657183
2012-12-27 16:00:00,173.6665208546975
2012-12-27 17:00:00,365.78563256215057
2012-12-27 18:00:00,353.38322090685574
2012-12-27 19:00:00,270.295498751432
2012-12-27 20:00:00,164.7602451988627
2012-12-27 21:00:00,121.02478141545315
2012-12-27 22:00:00,99.01575201633555
2012-12-27 23:00:00,81.41773284835205
2012-12-28 00:00:00,66.72252654085183
2012-12-28 01:00:00,19.27277972230377
2012-12-28 02:00:00,7.082386175512865
2012-12-28 03:00:00,5.228316657212647
2012-12-28 04:00:00,6.724279686176013
2012-12-28 05:00:00,31.337392962226684
2012-12-28 06:00:00,111.69036904401706
2012-12-28 07:00:00,292.9327339146709
2012-12-28 08:00:00,608.0228388463296
2012-12-28 09:00:00,277.9259037300274
2012-12-28 10:00:00,127.93253256588058
2012-12-28 11:00:00,122.42607486759835
2012-12-28 12:00:00,157.43838444984908
2012-12-28 13:00:00,147.01041112856748
2012-12-28 14:00:00,132.64112178604486
2012-12-28 15:00:00,157.13969339329574
2012-12-28 16:00:00,242.7577327291329
2012-12-28 17:00:00,343.17931456224596
2012-12-28 18:00:00,316.30648624881815
2012-12-28 19:00:00,235.39394642366662
2012-12-28 20:00:00,127.3149606561167
2012-12-28 21:00:00,105.83050225782794
2012-12-28 22:00:00,93.01319352418764
2012-12-28 23:00:00,88.98674296259293
2012-12-29 00:00:00,99.04903798779301
2012-12-29 01:00:00,78.2377874343525
2012-12-29 02:00:00,48.970562530062175
2012-12-29 03:00:00,22.36592985841015
2012-12-29 04:00:00,7.0182095223505945
2012-12-29 05:00:00,4.771838559340948
2012-12-29 06:00:00,11.300312480469417
2012-12-29 07:00:00,58.10317750467072
2012-12-29 08:00:00,122.77750508607386
2012-12-29 09:00:00,168.35534952130752
2012-12-29 10:00:00,126.06959728351791
2012-12-29 11:00:00,99.32449007185782
2012-12-29 12:00:00,96.62180996189238
2012-12-29 13:00:00,90.93934134303528
2012-12-29 14:00:00,149.98111238833064
2012-12-29 15:00:00,149.06773026788366
2012-12-29 16:00:00,235.00605919367837
2012-12-29 17:00:00,216.58739551997292
2012-12-29 18:00:00,216.54586728755157
2012-12-29 19:00:00,192.6348498385565
2012-12-29 20:00:00,137.24740633635258
2012-12-29 21:00:00,116.78886269535634
2012-12-29 22:00:00,106.76410617377246
2012-12-29 23:00:00,89.45021122019659
2012-12-30 00:00:00,98.06138077073959
2012-12-30 01:00:00,69.4617439745814
2012-12-30 02:00:00,50.016116361938174
2012-12-30 03:00:00,25.4005356486452
2012-12-30 04:00:00,8.840787884190046
2012-12-30 05:00:00,5.932043198275293
2012-12-30 06:00:00,9.562619169182673
2012-12-30 07:00:00,59.57381255032323
2012-12-30 08:00:00,112.98787130757263
2012-12-30 09:00:00,154.72237532649044
2012-12-30 10:00:00,166.87811261725813
2012-12-30 11:00:00,173.02326989584446
2012-12-30 12:00:00,203.2097907067718
2012-12-30 13:00:00,191.49145504015584
2012-12-30 14:00:00,181.01930390218527
2012-12-30 15:00:00,194.03368781634035
2012-12-30 16:00:00,244.25937591363
2012-12-30 17:00:00,260.66325652191364
2012-12-30 18:00:00,193.43674678840472
2012-12-30 19:00:00,227.27201235650975
2012-12-30 20:00:00,115.15314892600654
2012-12-30 21:00:00,93.4885173771372
2012-12-30 22:00:00,82.22286970314038
2012-12-30 23:00:00,55.12444412153011
2012-12-31 00:00:00,51.16583744038798
2012-12-31 01:00:00,9.746901149351721
2012-12-31 02:00:00,4.2296450467767865
2012-12-31 03:00:00,2.971124513311778
2012-12-31 04:00:00,6.682731788511984
2012-12-31 05:00:00,33.033666017010205
2012-12-31 06:00:00,112.09457672247582
2012-12-31 07:00:00,289.48884352547725
2012-12-31 08:00:00,597.4454316030764
2012-12-31 09:00:00,224.9861961632993
2012-12-31 10:00:00,108.55495369826957
2012-12-31 11:00:00,94.17056592528117
2012-12-31 12:00:00,125.53983771559732
2012-12-31 13:00:00,134.6058611933799
2012-12-31 14:00:00,138.32003810898863
2012-12-31 15:00:00,153.92380185330163
2012-12-31 16:00:00,191.86905229426054
2012-12-31 17:00:00,402.545105035272
2012-12-31 18:00:00,361.76934543104204
2012-12-31 19:00:00,279.3962266952051
2012-12-31 20:00:00,150.22795315043487
2012-12-31 21:00:00,124.22145409006751
2012-12-31 22:00:00,106.41137772347491
2012-12-31 23:00:00,71.25888206969749
