datetime,count
2011-01-20 00:00:00,44.116679669459344
2011-01-20 01:00:00,4.48863905790776
2011-01-20 02:00:00,2.311606383122119
2011-01-20 03:00:00,2.3846535211389543
2011-01-20 04:00:00,2.0399199496783744
2011-01-20 05:00:00,4.051644581138842
2011-01-20 06:00:00,33.65916911373015
2011-01-20 07:00:00,79.70113472071998
2011-01-20 08:00:00,193.16894882801046
2011-01-20 09:00:00,119.35622116656081
2011-01-20 10:00:00,61.28636756148004
2011-01-20 11:00:00,63.273693832937525
2011-01-20 12:00:00,58.9216770167571
2011-01-20 13:00:00,63.499675358064515
2011-01-20 14:00:00,61.38644914819551
2011-01-20 15:00:00,56.17453637582166
2011-01-20 16:00:00,72.43413064038673
2011-01-20 17:00:00,189.19109422738418
2011-01-20 18:00:00,155.99356532275377
2011-01-20 19:00:00,92.35457161833692
2011-01-20 20:00:00,57.624368471808644
2011-01-20 21:00:00,50.94250179346067
2011-01-20 22:00:00,38.95973017260183
2011-01-20 23:00:00,25.597678140814825
2011-01-21 00:00:00,48.99812593938663
2011-01-21 01:00:00,4.594236562688544
2011-01-21 02:00:00,2.824681859470746
2011-01-21 03:00:00,1.613850902036836
2011-01-21 04:00:00,1.7143455813990296
2011-01-21 05:00:00,2.808677206471197
2011-01-21 06:00:00,30.788939455508903
2011-01-21 07:00:00,78.33507594087439
2011-01-21 08:00:00,186.52591105291583
2011-01-21 09:00:00,121.73847719607244
2011-01-21 10:00:00,42.89199811585018
2011-01-21 11:00:00,50.61729844547169
2011-01-21 12:00:00,54.57064903620109
2011-01-21 13:00:00,51.779513507303655
2011-01-21 14:00:00,44.67603666616855
2011-01-21 15:00:00,42.413768995498735
2011-01-21 16:00:00,65.43529003830187
2011-01-21 17:00:00,145.68267110416207
2011-01-21 18:00:00,124.2913348903412
2011-01-21 19:00:00,59.57874689122772
2011-01-21 20:00:00,29.513574347156013
2011-01-21 21:00:00,26.40630219938771
2011-01-21 22:00:00,24.745528168078486
2011-01-21 23:00:00,19.901810256654407
2011-01-22 00:00:00,24.310017856013765
2011-01-22 01:00:00,17.17267195785113
2011-01-22 02:00:00,12.127967800188827
2011-01-22 03:00:00,4.721487189018086
2011-01-22 04:00:00,2.007726033459975
2011-01-22 06:00:00,2.3692205611200556
2011-01-22 07:00:00,13.004921473206453
2011-01-22 08:00:00,22.343019371408033
2011-01-22 09:00:00,33.17794977959552
2011-01-22 10:00:00,30.528996716853204
2011-01-22 11:00:00,30.554400927492036
2011-01-22 12:00:00,33.17647986424871
2011-01-22 13:00:00,41.345590537218825
2011-01-22 14:00:00,35.82547386686569
2011-01-22 15:00:00,38.20684595463195
2011-01-22 16:00:00,43.280866214240085
2011-01-22 17:00:00,65.75426078010659
2011-01-22 18:00:00,48.826890742494655
2011-01-22 19:00:00,33.04987236085897
2011-01-22 20:00:00,26.166886423298788
2011-01-22 21:00:00,28.27122632345089
2011-01-22 22:00:00,21.673448653743755
2011-01-22 23:00:00,17.278379671380698
2011-01-23 00:00:00,17.849244022451725
2011-01-23 01:00:00,17.769344756641104
2011-01-23 02:00:00,12.322536752969041
2011-01-23 03:00:00,7.625841790742124
2011-01-23 05:00:00,1.783674862719424
2011-01-23 06:00:00,1.8069349164226847
2011-01-23 07:00:00,9.518530844068804
2011-01-23 08:00:00,19.13355270855618
2011-01-23 09:00:00,28.995151322197433
2011-01-23 10:00:00,35.84248777121196
2011-01-23 11:00:00,40.42891939378733
2011-01-23 12:00:00,56.36957212054723
2011-01-23 13:00:00,44.877936711898144
2011-01-23 14:00:00,59.86289303101324
2011-01-23 15:00:00,60.126558554529254
2011-01-23 16:00:00,66.50870434707718
2011-01-23 17:00:00,66.95836211894637
2011-01-23 18:00:00,52.77755354931565
2011-01-23 19:00:00,35.97084530851736
2011-01-23 20:00:00,29.71268974807838
2011-01-23 21:00:00,29.820108988225016
2011-01-23 22:00:00,24.552054403352187
2011-01-23 23:00:00,15.467340411832751
2011-01-24 00:00:00,20.139096772947415
2011-01-24 01:00:00,3.032138925254474
2011-01-24 03:00:00,1.3431441340133852
2011-01-24 04:00:00,2.334321108242616
2011-01-24 05:00:00,4.564190030109416
2011-01-24 06:00:00,24.683664387657824
2011-01-24 07:00:00,63.823027481307335
2011-01-24 08:00:00,175.86354807269606
2011-01-24 09:00:00,95.62701527274189
2011-01-24 10:00:00,25.937808110036187
2011-01-24 11:00:00,21.387895797397512
2011-01-24 12:00:00,30.694938085971547
2011-01-24 13:00:00,40.184350550520115
2011-01-24 14:00:00,33.96133627797223
2011-01-24 15:00:00,48.44925468818356
2011-01-24 16:00:00,58.01133906767826
2011-01-24 17:00:00,138.76352335927984
2011-01-24 18:00:00,121.36336532734987
2011-01-24 19:00:00,69.31475281706379
2011-01-24 20:00:00,36.21744439459358
2011-01-24 21:00:00,33.60807709856299
2011-01-24 22:00:00,24.631126283615913
2011-01-24 23:00:00,21.971170829531044
2011-01-25 00:00:00,24.428817733687225
2011-01-25 01:00:00,3.3582191482089168
2011-01-25 02:00:00,2.151301111516697
2011-01-25 04:00:00,1.9113203255043614
2011-01-25 05:00:00,4.0512340531493125
2011-01-25 06:00:00,30.21836041768113
2011-01-25 07:00:00,76.03529796343447
2011-01-25 08:00:00,180.9754440617802
2011-01-25 09:00:00,111.54029333144074
2011-01-25 10:00:00,48.107496855838065
2011-01-25 11:00:00,52.196266698732515
2011-01-25 12:00:00,48.78095684132839
2011-01-25 13:00:00,61.608153365199186
2011-01-25 14:00:00,55.18030342683646
2011-01-25 15:00:00,65.17147739109431
2011-01-25 16:00:00,82.64898934341069
2011-01-25 17:00:00,194.82736252798253
2011-01-25 18:00:00,165.80809285131372
2011-01-25 19:00:00,96.03011427827951
2011-01-25 20:00:00,61.13422794218332
2011-01-25 21:00:00,49.94377425481537
2011-01-25 22:00:00,39.537307012675726
2011-01-25 23:00:00,23.676620560857433
2011-01-26 00:00:00,32.247379933079316
2011-01-26 01:00:00,4.857666993467545
2011-01-26 02:00:00,2.510474022395645
2011-01-26 05:00:00,2.9486713940626017
2011-01-26 06:00:00,21.664394284049145
2011-01-26 07:00:00,32.80180625429258
2011-01-26 08:00:00,85.46778428225315
2011-01-26 09:00:00,36.47151712042668
2011-01-26 10:00:00,18.258547108963228
2011-01-26 11:00:00,16.691010462790448
2011-01-26 12:00:00,16.6008045879661
2011-01-26 13:00:00,16.32663210072963
2011-01-26 14:00:00,16.354958995921816
2011-01-26 15:00:00,15.575355030983134
2011-01-26 16:00:00,18.82198475106437
2011-01-26 17:00:00,44.66659913489414
2011-01-27 16:00:00,61.08588212364099
2011-01-27 17:00:00,162.70456151198917
2011-01-27 18:00:00,132.4099733594116
2011-01-27 19:00:00,81.29818341875828
2011-01-27 20:00:00,52.313203016502065
2011-01-27 21:00:00,41.80943036849754
2011-01-27 22:00:00,34.44284324291807
2011-01-27 23:00:00,27.33438463618952
2011-01-28 00:00:00,39.55609208388332
2011-01-28 01:00:00,5.708387596352794
2011-01-28 02:00:00,1.8844609045964194
2011-01-28 03:00:00,1.461334263905734
2011-01-28 05:00:00,5.84026512791824
2011-01-28 06:00:00,29.90824735608911
2011-01-28 07:00:00,65.26121722978272
2011-01-28 08:00:00,178.09338738054015
2011-01-28 09:00:00,40.71001028251165
2011-01-28 10:00:00,26.98307874832783
2011-01-28 11:00:00,22.29261755722011
2011-01-28 12:00:00,23.495351273447596
2011-01-28 13:00:00,23.308216368477428
2011-01-28 14:00:00,28.094708259415885
2011-01-28 15:00:00,37.50380855860791
2011-01-28 16:00:00,49.79207428208028
2011-01-28 17:00:00,161.34532963659564
2011-01-28 18:00:00,144.3267043972838
2011-01-28 19:00:00,96.55551749023525
2011-01-28 20:00:00,64.96788483870797
2011-01-28 21:00:00,49.192390576300646
2011-01-28 22:00:00,39.264547567754605
2011-01-28 23:00:00,29.991172981706466
2011-01-29 00:00:00,46.13125089568906
2011-01-29 01:00:00,21.085436695350836
2011-01-29 02:00:00,15.707826310192308
2011-01-29 03:00:00,8.991554507602078
2011-01-29 04:00:00,3.0006631229851055
2011-01-29 06:00:00,2.898649951403579
2011-01-29 07:00:00,11.311792121150859
2011-01-29 08:00:00,25.220401520348414
2011-01-29 09:00:00,39.724226674415675
2011-01-29 10:00:00,38.006222760610065
2011-01-29 11:00:00,39.45667067092696
2011-01-29 12:00:00,49.57393907449799
2011-01-29 13:00:00,54.403135781923964
2011-01-29 14:00:00,43.05570202477098
2011-01-29 15:00:00,52.400571388449805
2011-01-29 16:00:00,54.45484956665193
2011-01-29 17:00:00,69.51688159674865
2011-01-29 18:00:00,62.376108328773924
2011-01-29 19:00:00,58.36167742664055
2011-01-29 20:00:00,39.55086612707769
2011-01-29 21:00:00,35.39196206302698
2011-01-29 22:00:00,28.701009738046565
2011-01-29 23:00:00,23.280943026499337
2011-01-30 00:00:00,26.62635779563083
2011-01-30 01:00:00,23.81140652057329
2011-01-30 02:00:00,17.256141862269
2011-01-30 03:00:00,8.708069073394414
2011-01-30 04:00:00,2.959018634934454
2011-01-30 05:00:00,2.248366686655333
2011-01-30 07:00:00,10.646780824910373
2011-01-30 08:00:00,21.28102941026073
2011-01-30 09:00:00,40.403242336353195
2011-01-30 10:00:00,36.491480630470654
2011-01-30 11:00:00,37.21629112534426
2011-01-30 12:00:00,68.46754660569111
2011-01-30 13:00:00,42.79365875242091
2011-01-30 14:00:00,45.73295086999623
2011-01-30 15:00:00,57.21557833745228
2011-01-30 16:00:00,65.59898109531579
2011-01-30 17:00:00,89.67557143817368
2011-01-30 18:00:00,65.25750286551799
2011-01-30 19:00:00,48.849919229874416
2011-01-30 20:00:00,41.09096614444575
2011-01-30 21:00:00,41.510238573004884
2011-01-30 22:00:00,35.347517461869174
2011-01-30 23:00:00,22.076025946338884
2011-01-31 00:00:00,44.20734874948452
2011-01-31 01:00:00,2.8187737665254025
2011-01-31 02:00:00,2.2336234024880413
2011-01-31 03:00:00,1.5880052217755365
2011-01-31 04:00:00,1.357962529188483
2011-01-31 05:00:00,2.4555607489210884
2011-01-31 06:00:00,31.078086338200915
2011-01-31 07:00:00,67.09213593705988
2011-01-31 08:00:00,175.7941808416182
2011-01-31 09:00:00,103.9957549907756
2011-01-31 10:00:00,37.07515330742649
2011-01-31 11:00:00,34.58591711416526
2011-01-31 12:00:00,42.52640761010768
2011-01-31 13:00:00,36.94898888378157
2011-01-31 14:00:00,36.372514063946994
2011-01-31 15:00:00,31.48623149681354
2011-01-31 16:00:00,43.78536714798267
2011-01-31 17:00:00,144.82116335407838
2011-01-31 18:00:00,133.8134567208844
2011-01-31 19:00:00,93.22011357729568
2011-01-31 20:00:00,36.79585365819347
2011-01-31 21:00:00,23.357391282751966
2011-01-31 22:00:00,24.036530716329132
2011-01-31 23:00:00,21.458181629589813
2011-02-20 00:00:00,67.4890889665023
2011-02-20 01:00:00,22.145248745899444
2011-02-20 02:00:00,14.14602096951472
2011-02-20 03:00:00,5.372798103214444
2011-02-20 04:00:00,1.6735487715426134
2011-02-20 06:00:00,2.546600967146797
2011-02-20 07:00:00,12.957200973390796
2011-02-20 08:00:00,25.75888344995335
2011-02-20 09:00:00,49.72376977617567
2011-02-20 10:00:00,60.98474529001306
2011-02-20 11:00:00,76.27582385453353
2011-02-20 12:00:00,80.11830708152898
2011-02-20 13:00:00,115.1941687242186
2011-02-20 14:00:00,109.28464054722525
2011-02-20 15:00:00,115.5873751330822
2011-02-20 16:00:00,121.18694966381595
2011-02-20 17:00:00,137.42861639788688
2011-02-20 18:00:00,109.87593386030424
2011-02-20 19:00:00,90.54525410195973
2011-02-20 20:00:00,81.47475269495935
2011-02-20 21:00:00,60.550221838603896
2011-02-20 22:00:00,54.403061291501366
2011-02-20 23:00:00,33.2471324038332
2011-02-21 00:00:00,79.96772669880836
2011-02-21 01:00:00,22.010898718140385
2011-02-21 02:00:00,13.439457502009803
2011-02-21 03:00:00,4.5647400431642025
2011-02-21 04:00:00,2.848302458145445
2011-02-21 05:00:00,3.046312448854345
2011-02-21 06:00:00,5.865084242239656
2011-02-21 07:00:00,38.082415368551835
2011-02-21 08:00:00,53.42947484116328
2011-02-21 09:00:00,70.73654707675624
2011-02-21 10:00:00,74.57864410658229
2011-02-21 11:00:00,75.56050966852608
2011-02-21 12:00:00,86.77115092166605
2011-02-21 13:00:00,23.93561211914664
2011-02-21 14:00:00,75.77350403142329
2011-02-21 15:00:00,39.16075907926057
2011-02-21 16:00:00,22.653259323456293
2011-02-21 17:00:00,78.46496139421743
2011-02-21 18:00:00,59.091623712292495
2011-02-21 19:00:00,39.44904347234993
2011-02-21 20:00:00,19.688345517701975
2011-02-21 21:00:00,17.401336037540545
2011-02-21 22:00:00,17.174096608859358
2011-02-21 23:00:00,11.576050853021483
2011-02-22 06:00:00,30.96215220875372
2011-02-22 07:00:00,76.43954082520798
2011-02-22 08:00:00,200.31187884208768
2011-02-22 09:00:00,118.63673041889962
2011-02-22 10:00:00,25.263263363757112
2011-02-22 11:00:00,30.92866955801788
2011-02-22 12:00:00,42.13796009374818
2011-02-22 13:00:00,50.36271508457933
2011-02-22 14:00:00,41.37160045489979
2011-02-22 15:00:00,54.860931409109725
2011-02-22 16:00:00,61.373033411546366
2011-02-22 17:00:00,171.22602980451302
2011-02-22 18:00:00,167.50756168409086
2011-02-22 19:00:00,94.52179415031698
2011-02-22 20:00:00,54.652303205203744
2011-02-22 21:00:00,43.48186707607537
2011-02-22 22:00:00,36.12705402628224
2011-02-22 23:00:00,22.84022588238963
2011-02-23 00:00:00,28.59423278616033
2011-02-23 01:00:00,5.517262263285308
2011-02-23 02:00:00,2.0362810960348736
2011-02-23 03:00:00,1.4411019431386094
2011-02-23 05:00:00,5.7434530643119865
2011-02-23 06:00:00,33.24583326697351
2011-02-23 07:00:00,85.31778226271462
2011-02-23 08:00:00,210.45032746633632
2011-02-23 09:00:00,115.87986656628135
2011-02-23 10:00:00,32.42502483293805
2011-02-23 11:00:00,37.81916952355797
2011-02-23 12:00:00,49.15967766651712
2011-02-23 13:00:00,67.59544148743872
2011-02-23 14:00:00,76.31763558606201
2011-02-23 15:00:00,80.18200827497013
2011-02-23 16:00:00,98.45335967632965
2011-02-23 17:00:00,218.30291930800217
2011-02-23 18:00:00,203.81829175815116
2011-02-23 19:00:00,107.92500561407505
2011-02-23 20:00:00,48.634846377316606
2011-02-23 21:00:00,29.748508574345376
2011-02-23 22:00:00,28.559380321666207
2011-02-23 23:00:00,24.482430878084873
2011-02-24 00:00:00,34.535229584017785
2011-02-24 01:00:00,4.545041717271788
2011-02-24 02:00:00,2.2423845825754087
2011-02-24 03:00:00,1.9235862724140014
2011-02-24 05:00:00,6.504061435970959
2011-02-24 06:00:00,36.43479180304622
2011-02-24 07:00:00,95.49705131055198
2011-02-24 08:00:00,240.26459191438812
2011-02-24 09:00:00,123.5734541584449
2011-02-24 10:00:00,44.06932458914811
2011-02-24 11:00:00,50.125596701233185
2011-02-24 12:00:00,52.20270319981129
2011-02-24 13:00:00,59.66186128575647
2011-02-24 14:00:00,63.46520257770833
2011-02-24 15:00:00,27.043184124753925
2011-02-24 16:00:00,34.37846264717704
2011-02-24 17:00:00,74.61549226341293
2011-02-24 18:00:00,129.94664464156895
2011-02-24 19:00:00,25.02203376049133
2011-02-24 20:00:00,48.65231756164979
2011-02-24 21:00:00,47.978184920933714
2011-02-24 22:00:00,19.862617957857314
2011-02-24 23:00:00,30.037973525548445
2011-02-25 00:00:00,28.84329026636526
2011-02-25 01:00:00,6.294257768017572
2011-02-25 02:00:00,3.753107240727327
2011-02-25 03:00:00,2.1782215316932643
2011-02-25 05:00:00,6.1378938141532045
2011-02-25 06:00:00,26.247005927339274
2011-02-25 07:00:00,20.671762405483232
2011-02-25 08:00:00,71.64436282382238
2011-02-25 09:00:00,26.031695834883884
2011-02-25 10:00:00,23.898544299229595
2011-02-25 11:00:00,98.92601549506506
2011-02-25 12:00:00,66.25469624719776
2011-02-25 13:00:00,63.68675870753742
2011-02-25 14:00:00,61.558493410405916
2011-02-25 15:00:00,120.61204771233176
2011-02-25 16:00:00,81.33840236396712
2011-02-25 17:00:00,198.77043273896854
2011-02-25 18:00:00,170.15834780514948
2011-02-25 19:00:00,98.1164141543929
2011-02-25 20:00:00,49.06721154379515
2011-02-25 21:00:00,55.21798494187401
2011-02-25 22:00:00,41.837457845611034
2011-02-25 23:00:00,30.76386231296672
2011-02-26 00:00:00,46.58113341038936
2011-02-26 01:00:00,23.420638341662016
2011-02-26 02:00:00,14.649222334327707
2011-02-26 03:00:00,8.517690594230226
2011-02-26 04:00:00,2.843044167836478
2011-02-26 05:00:00,2.417261513066534
2011-02-26 06:00:00,2.9731358566611266
2011-02-26 07:00:00,12.582936499162798
2011-02-26 08:00:00,27.106852394195936
2011-02-26 09:00:00,51.26232337188592
2011-02-26 10:00:00,62.90159553328551
2011-02-26 11:00:00,62.26784805827741
2011-02-26 12:00:00,109.0202314578924
2011-02-26 13:00:00,121.10751291788327
2011-02-26 14:00:00,109.46996854469793
2011-02-26 15:00:00,126.23875169579296
2011-02-26 16:00:00,128.94454537747492
2011-02-26 17:00:00,141.16690019229387
2011-02-26 18:00:00,113.87329208532742
2011-02-26 19:00:00,81.24951146461939
2011-02-26 20:00:00,60.37064016444796
2011-02-26 21:00:00,44.995080213658646
2011-02-26 22:00:00,39.686143648967004
2011-02-26 23:00:00,38.663090940804125
2011-02-27 00:00:00,35.422571533436944
2011-02-27 01:00:00,26.221248958660937
2011-02-27 02:00:00,20.55220771194783
2011-02-27 03:00:00,10.022454713000434
2011-02-27 04:00:00,2.773309939983324
2011-02-27 06:00:00,3.0372641785127428
2011-02-27 07:00:00,14.88822386639883
2011-02-27 08:00:00,33.607194537437564
2011-02-27 09:00:00,53.10306770190754
2011-02-27 10:00:00,55.81597462101567
2011-02-27 11:00:00,85.18974741531433
2011-02-27 12:00:00,100.49798082868713
2011-02-27 13:00:00,118.45426029389522
2011-02-27 14:00:00,127.1567814268872
2011-02-27 15:00:00,169.8068441357486
2011-02-27 16:00:00,178.72515267535962
2011-02-27 17:00:00,156.20586858948565
2011-02-27 18:00:00,127.28735304176168
2011-02-27 19:00:00,94.40535082661798
2011-02-27 20:00:00,78.17146975459879
2011-02-27 21:00:00,68.52978494325139
2011-02-27 22:00:00,57.96186232708998
2011-02-27 23:00:00,37.978844845543456
2011-02-28 00:00:00,73.69819175846796
2011-02-28 01:00:00,3.4699433108080417
2011-02-28 03:00:00,1.8181618778010225
2011-02-28 05:00:00,6.1366199855961945
2011-02-28 06:00:00,31.72375376450085
2011-02-28 07:00:00,64.57580649669208
2011-02-28 08:00:00,159.99267903598798
2011-02-28 09:00:00,107.81756451104779
2011-02-28 10:00:00,100.64029447277503
2011-02-28 11:00:00,122.13291668646342
2011-02-28 12:00:00,134.2742645026585
2011-02-28 13:00:00,39.27314020462953
2011-02-28 14:00:00,19.036775278575714
2011-02-28 15:00:00,15.278114479030265
2011-02-28 16:00:00,21.80349803967046
2011-02-28 17:00:00,31.280823230368767
2011-02-28 18:00:00,55.642481473677606
2011-02-28 19:00:00,32.88027525164139
2011-02-28 20:00:00,28.51989905842866
2011-02-28 21:00:00,55.03529706785487
2011-02-28 22:00:00,19.09055739789739
2011-02-28 23:00:00,28.468393892129466
2011-03-20 00:00:00,96.35907820068479
2011-03-20 01:00:00,29.86447625264896
2011-03-20 02:00:00,19.741279320099352
2011-03-20 03:00:00,8.412638860281222
2011-03-20 04:00:00,2.3392288795989824
2011-03-20 05:00:00,3.0786517348577
2011-03-20 06:00:00,6.193934886401622
2011-03-20 07:00:00,19.904434924236835
2011-03-20 08:00:00,48.00683354293298
2011-03-20 09:00:00,73.0001739826308
2011-03-20 10:00:00,73.012628435986
2011-03-20 11:00:00,102.27582219604543
2011-03-20 12:00:00,108.70694972045939
2011-03-20 13:00:00,103.6655026618274
2011-03-20 14:00:00,107.76497857215784
2011-03-20 15:00:00,114.89862618145023
2011-03-20 16:00:00,138.29394968583634
2011-03-20 17:00:00,194.23155187288924
2011-03-20 18:00:00,162.19453669897518
2011-03-20 19:00:00,116.42135494081603
2011-03-20 20:00:00,88.9182848745719
2011-03-20 21:00:00,74.15668727041684
2011-03-20 22:00:00,62.261162023844676
2011-03-20 23:00:00,35.22406167604823
2011-03-21 00:00:00,35.97165851182017
2011-03-21 01:00:00,5.52152962232035
2011-03-21 02:00:00,4.217165960469947
2011-03-21 03:00:00,2.3485349032601186
2011-03-21 05:00:00,4.991534023952897
2011-03-21 06:00:00,34.081172628135455
2011-03-21 07:00:00,40.28949324726896
2011-03-21 08:00:00,203.31497128118465
2011-03-21 09:00:00,85.41222951635628
2011-03-21 10:00:00,41.868717807841946
2011-03-21 11:00:00,57.28495544280459
2011-03-21 12:00:00,89.46959804569204
2011-03-21 13:00:00,138.97503339431776
2011-03-21 14:00:00,133.76448474431982
2011-03-21 15:00:00,141.12383121838238
2011-03-21 16:00:00,161.3553171418364
2011-03-21 17:00:00,299.84714201880837
2011-03-21 18:00:00,269.84143361010524
2011-03-21 19:00:00,208.8921195058181
2011-03-21 20:00:00,150.76279432158663
2011-03-21 21:00:00,70.69348619761507
2011-03-21 22:00:00,69.6358301143766
2011-03-21 23:00:00,51.997528686809204
2011-03-22 00:00:00,74.57233432109967
2011-03-22 01:00:00,6.576101526408432
2011-03-22 02:00:00,6.484835737483209
2011-03-22 03:00:00,3.3806912616759273
2011-03-22 04:00:00,2.2288094160394736
2011-03-22 05:00:00,8.402203828432725
2011-03-22 06:00:00,41.44448470281759
2011-03-22 07:00:00,98.2480172239744
2011-03-22 08:00:00,211.51842415740722
2011-03-22 09:00:00,118.6515559922221
2011-03-22 10:00:00,87.08874210358576
2011-03-22 11:00:00,85.98978474051106
2011-03-22 12:00:00,85.73150440112371
2011-03-22 13:00:00,74.13796039880924
2011-03-22 14:00:00,72.7611074229012
2011-03-22 15:00:00,73.75140504270422
2011-03-22 16:00:00,96.02354553860964
2011-03-22 17:00:00,245.85417734787728
2011-03-22 18:00:00,210.23405886132397
2011-03-22 19:00:00,143.2369173502783
2011-03-22 20:00:00,102.26827256386386
2011-03-22 21:00:00,82.13886299436808
2011-03-22 22:00:00,66.75035903734342
2011-03-22 23:00:00,41.42887180049566
2011-03-23 00:00:00,57.71183991882178
2011-03-23 01:00:00,5.414158103300112
2011-03-23 02:00:00,3.9404656278044436
2011-03-23 03:00:00,2.738884070938526
2011-03-23 05:00:00,6.946457843907512
2011-03-23 06:00:00,40.00552335019768
2011-03-23 07:00:00,76.45668074788098
2011-03-23 08:00:00,226.04600445298377
2011-03-23 09:00:00,121.26142115351814
2011-03-23 10:00:00,65.89672845264867
2011-03-23 11:00:00,62.85150337422311
2011-03-23 12:00:00,59.49135730893622
2011-03-23 13:00:00,44.86018069966898
2011-03-23 14:00:00,61.96349177660206
2011-03-23 15:00:00,72.0501160521007
2011-03-23 16:00:00,115.0321663131548
2011-03-23 17:00:00,229.37679687667773
2011-03-23 18:00:00,112.75685197068881
2011-03-23 19:00:00,76.61177094240458
2011-03-23 20:00:00,36.99731825331396
2011-03-23 21:00:00,19.783121118591136
2011-03-23 22:00:00,46.25012296705589
2011-03-23 23:00:00,29.259993410669225
2011-03-24 00:00:00,42.987696526977196
2011-03-24 01:00:00,4.6006100130329814
2011-03-24 02:00:00,4.365698666106526
2011-03-24 03:00:00,2.9502150886233864
2011-03-24 04:00:00,1.8629464837732006
2011-03-24 05:00:00,6.692937124251802
2011-03-24 06:00:00,38.14065192476508
2011-03-24 07:00:00,27.92305592751705
2011-03-24 08:00:00,82.7445360929153
2011-03-24 09:00:00,93.30405207741879
2011-03-24 10:00:00,35.31505926519955
2011-03-24 11:00:00,46.38037930799655
2011-03-24 12:00:00,49.80140490871269
2011-03-24 13:00:00,60.06657243716429
2011-03-24 14:00:00,50.64917953666799
2011-03-24 15:00:00,48.65727630590461
2011-03-24 16:00:00,64.3371634647083
2011-03-24 17:00:00,188.4410046569325
2011-03-24 18:00:00,167.92587636186204
2011-03-24 19:00:00,90.43871277044622
2011-03-24 20:00:00,50.06694382938617
2011-03-24 21:00:00,43.349178111517745
2011-03-24 22:00:00,40.77358252684411
2011-03-24 23:00:00,35.60925053349016
2011-03-25 00:00:00,44.633591057127525
2011-03-25 01:00:00,5.681203861720714
2011-03-25 02:00:00,4.439182669861128
2011-03-25 03:00:00,2.3620277749531806
2011-03-25 04:00:00,1.570787871303069
2011-03-25 05:00:00,8.29812233179731
2011-03-25 06:00:00,35.07417750196295
2011-03-25 07:00:00,90.79042013775387
2011-03-25 08:00:00,222.43367047320237
2011-03-25 09:00:00,128.65546676266248
2011-03-25 10:00:00,36.800967057191315
2011-03-25 11:00:00,65.05514929077297
2011-03-25 12:00:00,91.27778225074623
2011-03-25 13:00:00,87.44779728958002
2011-03-25 14:00:00,97.69716030435787
2011-03-25 15:00:00,91.75892121288429
2011-03-25 16:00:00,130.56299556160494
2011-03-25 17:00:00,226.04195217014197
2011-03-25 18:00:00,187.483460768483
2011-03-25 19:00:00,108.93560789360023
2011-03-25 20:00:00,69.5326318232162
2011-03-25 21:00:00,63.90814191929745
2011-03-25 22:00:00,53.81656519981356
2011-03-25 23:00:00,35.450398074249925
2011-03-26 00:00:00,59.067145282100256
2011-03-26 01:00:00,27.178256713265064
2011-03-26 02:00:00,17.907648812828633
2011-03-26 03:00:00,6.749076136048737
2011-03-26 04:00:00,2.484328386938935
2011-03-26 05:00:00,3.2786016196704484
2011-03-26 06:00:00,11.306490708452445
2011-03-26 07:00:00,19.309657507355
2011-03-26 08:00:00,42.82083395607621
2011-03-26 09:00:00,63.93805036066575
2011-03-26 10:00:00,57.17028527247962
2011-03-26 11:00:00,62.76464638949378
2011-03-26 12:00:00,77.11251071049608
2011-03-26 13:00:00,111.039163266828
2011-03-26 14:00:00,131.26663171482386
2011-03-26 15:00:00,136.5858815763654
2011-03-26 16:00:00,147.95146596451156
2011-03-26 17:00:00,158.79353463086906
2011-03-26 18:00:00,132.30514601851112
2011-03-26 19:00:00,58.79485834505849
2011-03-26 20:00:00,50.601219207381234
2011-03-26 21:00:00,44.85519723122273
2011-03-26 22:00:00,45.918554267742586
2011-03-26 23:00:00,36.05699634680756
2011-03-27 00:00:00,49.42206452987785
2011-03-27 01:00:00,23.859399340167798
2011-03-27 02:00:00,19.63144822605035
2011-03-27 03:00:00,9.052321634863276
2011-03-27 04:00:00,3.1216672719752214
2011-03-27 06:00:00,10.214008067422133
2011-03-27 07:00:00,21.884724780363626
2011-03-27 08:00:00,36.609274415810376
2011-03-27 09:00:00,57.76379977340208
2011-03-27 10:00:00,47.35684088816468
2011-03-27 11:00:00,49.00176165593342
2011-03-27 12:00:00,58.90793782684619
2011-03-27 13:00:00,75.20426461199436
2011-03-27 14:00:00,102.01337267179272
2011-03-27 15:00:00,103.89973253753294
2011-03-27 16:00:00,124.40241406231605
2011-03-27 17:00:00,167.22104753784146
2011-03-27 18:00:00,101.01455485092697
2011-03-27 19:00:00,74.60935321503572
2011-03-27 20:00:00,58.26483470372325
2011-03-27 21:00:00,49.203586259036015
2011-03-27 22:00:00,44.32950429666586
2011-03-27 23:00:00,31.781049747531387
2011-03-28 00:00:00,31.21874594689921
2011-03-28 01:00:00,3.82653486244981
2011-03-28 02:00:00,3.3816653813024975
2011-03-28 03:00:00,1.9360621287726265
2011-03-28 05:00:00,6.5834902175152195
2011-03-28 06:00:00,37.64813458225907
2011-03-28 07:00:00,77.02820445100609
2011-03-28 08:00:00,211.48475548350774
2011-03-28 09:00:00,102.12010502490509
2011-03-28 10:00:00,51.77502824306841
2011-03-28 11:00:00,49.87963157561993
2011-03-28 12:00:00,47.935450961634416
2011-03-28 13:00:00,57.39998918179267
2011-03-28 14:00:00,41.78136068250671
2011-03-28 15:00:00,45.14835767054392
2011-03-28 16:00:00,69.0651779724267
2011-03-28 17:00:00,228.28411448223423
2011-03-28 18:00:00,199.88203535915144
2011-03-28 19:00:00,89.46798120171015
2011-03-28 20:00:00,45.93662149578115
2011-03-28 21:00:00,41.15589476108987
2011-03-28 22:00:00,48.43431286809698
2011-03-28 23:00:00,30.31866891519065
2011-03-29 00:00:00,53.898333281135045
2011-03-29 01:00:00,3.361731737056993
2011-03-29 02:00:00,3.1542879692679175
2011-03-29 03:00:00,2.231270794100473
2011-03-29 04:00:00,1.7336416465993019
2011-03-29 05:00:00,5.96215979067469
2011-03-29 06:00:00,39.77408524747205
2011-03-29 07:00:00,81.98845037885862
2011-03-29 08:00:00,219.07469722759225
2011-03-29 09:00:00,121.15725555493755
2011-03-29 10:00:00,62.35692587215216
2011-03-29 11:00:00,83.36671082753737
2011-03-29 12:00:00,93.63949811816703
2011-03-29 13:00:00,91.84740833768619
2011-03-29 14:00:00,91.05029211642783
2011-03-29 15:00:00,92.88206385087567
2011-03-29 16:00:00,126.3090367740309
2011-03-29 17:00:00,246.41790451518096
2011-03-29 18:00:00,224.39908677769114
2011-03-29 19:00:00,143.58942308751494
2011-03-29 20:00:00,89.36140678515844
2011-03-29 21:00:00,61.93559538247285
2011-03-29 22:00:00,49.68998791419915
2011-03-29 23:00:00,36.33582335837225
2011-03-30 00:00:00,46.80257211869784
2011-03-30 01:00:00,6.379067895227816
2011-03-30 02:00:00,3.9445540076714622
2011-03-30 03:00:00,2.6614180904508418
2011-03-30 04:00:00,2.0892653537809283
2011-03-30 05:00:00,6.945397398362035
2011-03-30 06:00:00,40.028525522234624
2011-03-30 07:00:00,83.51452707102978
2011-03-30 08:00:00,240.7503748751646
2011-03-30 09:00:00,130.02088323637855
2011-03-30 10:00:00,80.51410820471376
2011-03-30 11:00:00,81.61756059179282
2011-03-30 12:00:00,89.36499759227091
2011-03-30 13:00:00,86.58739627131138
2011-03-30 14:00:00,84.82321878801329
2011-03-30 15:00:00,29.789891343569227
2011-03-30 16:00:00,29.527489468455002
2011-03-30 17:00:00,67.9698618732314
2011-03-30 18:00:00,108.3802642519545
2011-03-30 19:00:00,68.31809096990096
2011-03-30 20:00:00,23.073988542388516
2011-03-30 21:00:00,41.83326777557256
2011-03-30 22:00:00,22.076210164105454
2011-03-30 23:00:00,21.81251740794212
2011-03-31 00:00:00,19.67038257508826
2011-03-31 01:00:00,4.286687117721947
2011-03-31 02:00:00,4.230588258386387
2011-03-31 03:00:00,2.3512469694992495
2011-03-31 04:00:00,2.1248347563726573
2011-03-31 05:00:00,7.24849594970678
2011-03-31 06:00:00,27.52622813659166
2011-03-31 07:00:00,43.18721466529146
2011-03-31 08:00:00,138.4963775220447
2011-03-31 09:00:00,35.784624471453384
2011-03-31 10:00:00,20.119086900602287
2011-03-31 11:00:00,22.324058814094094
2011-03-31 12:00:00,24.79944167396332
2011-03-31 13:00:00,31.78585352547636
2011-03-31 14:00:00,29.453570218757324
2011-03-31 15:00:00,25.31285601975025
2011-03-31 16:00:00,53.81949717541905
2011-03-31 17:00:00,153.838366823753
2011-03-31 18:00:00,134.35259528804002
2011-03-31 19:00:00,81.56567799758817
2011-03-31 20:00:00,22.75545716018365
2011-03-31 21:00:00,42.71670870148573
2011-03-31 22:00:00,21.847377276202995
2011-03-31 23:00:00,20.5503755106463
2011-04-20 00:00:00,65.4387962955213
2011-04-20 01:00:00,7.91807979478717
2011-04-20 02:00:00,7.353728019035651
2011-04-20 03:00:00,3.9110688777397806
2011-04-20 04:00:00,3.3993296338495305
2011-04-20 05:00:00,14.257291131957246
2011-04-20 06:00:00,58.1167524340081
2011-04-20 07:00:00,119.52653219301922
2011-04-20 08:00:00,345.24326140674856
2011-04-20 09:00:00,177.1124334395005
2011-04-20 10:00:00,108.55314157602298
2011-04-20 11:00:00,107.87055069923495
2011-04-20 12:00:00,172.70758175273284
2011-04-20 13:00:00,163.71714786094552
2011-04-20 14:00:00,138.58976232994388
2011-04-20 15:00:00,148.18895278844974
2011-04-20 16:00:00,220.09993710864558
2011-04-20 17:00:00,411.4763953773929
2011-04-20 18:00:00,375.6767483024411
2011-04-20 19:00:00,343.635383234035
2011-04-20 20:00:00,214.7965132095437
2011-04-20 21:00:00,183.86143371338133
2011-04-20 22:00:00,129.58721781499892
2011-04-20 23:00:00,79.6498418967686
2011-04-21 00:00:00,104.04259104807744
2011-04-21 01:00:00,15.431504246108114
2011-04-21 02:00:00,9.95781984442246
2011-04-21 03:00:00,3.6103801071144797
2011-04-21 04:00:00,4.269319294435139
2011-04-21 05:00:00,16.350718814073556
2011-04-21 06:00:00,62.867919378834976
2011-04-21 07:00:00,164.0250981392487
2011-04-21 08:00:00,310.97167698216714
2011-04-21 09:00:00,147.1361853414972
2011-04-21 10:00:00,96.23107801678087
2011-04-21 11:00:00,90.70412155317676
2011-04-21 12:00:00,119.7506242350505
2011-04-21 13:00:00,130.9804181757782
2011-04-21 14:00:00,120.66756155884165
2011-04-21 15:00:00,136.32929395677078
2011-04-21 16:00:00,211.460270510645
2011-04-21 17:00:00,420.3184754974263
2011-04-21 18:00:00,385.5594083130197
2011-04-21 19:00:00,248.1026228629655
2011-04-21 20:00:00,166.1143762487884
2011-04-21 21:00:00,110.29849290420776
2011-04-21 22:00:00,91.17137603795581
2011-04-21 23:00:00,68.30748451071248
2011-04-22 00:00:00,69.58928165333934
2011-04-22 01:00:00,17.24153455969652
2011-04-22 02:00:00,9.229726223410289
2011-04-22 03:00:00,4.56475376061865
2011-04-22 04:00:00,3.6482063121938832
2011-04-22 05:00:00,15.38880137473009
2011-04-22 06:00:00,61.02537087238595
2011-04-22 07:00:00,138.88166536883475
2011-04-22 08:00:00,302.84828966177815
2011-04-22 09:00:00,108.35682338650888
2011-04-22 10:00:00,87.82993568340024
2011-04-22 11:00:00,80.73531673026338
2011-04-22 12:00:00,77.32452391215384
2011-04-22 13:00:00,60.61352073803865
2011-04-22 14:00:00,46.3719268117485
2011-04-22 15:00:00,60.86187069787934
2011-04-22 16:00:00,76.45128777498273
2011-04-22 17:00:00,125.59322287531339
2011-04-22 18:00:00,98.96913189261514
2011-04-22 19:00:00,81.83340813088827
2011-04-22 20:00:00,61.76595989798788
2011-04-22 21:00:00,53.85877400852136
2011-04-22 22:00:00,43.004444380482774
2011-04-22 23:00:00,45.34527874909049
2011-04-23 00:00:00,54.30098057922164
2011-04-23 01:00:00,28.355727767998356
2011-04-23 02:00:00,24.45167780174514
2011-04-23 03:00:00,15.657677521589493
2011-04-23 04:00:00,5.094182945552175
2011-04-23 05:00:00,4.7466867166954945
2011-04-23 06:00:00,10.868654690823515
2011-04-23 07:00:00,33.54921366723987
2011-04-23 08:00:00,62.53587139615451
2011-04-23 09:00:00,74.0353372823338
2011-04-23 10:00:00,80.82734552428288
2011-04-23 11:00:00,92.1930122156287
2011-04-23 12:00:00,160.9776792232791
2011-04-23 13:00:00,146.38649603382623
2011-04-23 14:00:00,171.26460485450386
2011-04-23 15:00:00,236.54897511078323
2011-04-23 16:00:00,265.7301421619764
2011-04-23 17:00:00,300.0490599560543
2011-04-23 18:00:00,243.58987951991594
2011-04-23 19:00:00,189.81972390157975
2011-04-23 20:00:00,120.5688547098991
2011-04-23 21:00:00,130.06130653055746
2011-04-23 22:00:00,129.6349559670509
2011-04-23 23:00:00,92.33492021340106
2011-04-24 00:00:00,128.26847283804022
2011-04-24 01:00:00,49.97747142817327
2011-04-24 02:00:00,44.43335181709114
2011-04-24 03:00:00,25.173617998389293
2011-04-24 04:00:00,8.384131692568673
2011-04-24 05:00:00,10.307365163834142
2011-04-24 06:00:00,10.146129162379752
2011-04-24 07:00:00,50.613541578782815
2011-04-24 08:00:00,84.74307579083347
2011-04-24 09:00:00,114.22251545732493
2011-04-24 10:00:00,175.60263438027448
2011-04-24 11:00:00,268.8565363816958
2011-04-24 12:00:00,284.6579544390231
2011-04-24 13:00:00,298.4101211618723
2011-04-24 14:00:00,300.6241322047049
2011-04-24 15:00:00,294.64935663917214
2011-04-24 16:00:00,350.0824073300562
2011-04-24 17:00:00,347.4924443274256
2011-04-24 18:00:00,296.7292121969556
2011-04-24 19:00:00,175.044758551174
2011-04-24 20:00:00,127.03806062293488
2011-04-24 21:00:00,89.92374120087261
2011-04-24 22:00:00,66.5889616886621
2011-04-24 23:00:00,61.87262598239677
2011-04-25 00:00:00,72.6267825682746
2011-04-25 01:00:00,13.500474161775092
2011-04-25 02:00:00,10.28983804608528
2011-04-25 03:00:00,4.534785658473439
2011-04-25 04:00:00,5.829443216800615
2011-04-25 05:00:00,13.222405604996462
2011-04-25 06:00:00,65.98869355187577
2011-04-25 07:00:00,154.51531914820885
2011-04-25 08:00:00,290.28441707296025
2011-04-25 09:00:00,152.42756550246648
2011-04-25 10:00:00,112.37499042650401
2011-04-25 11:00:00,124.242618734523
2011-04-25 12:00:00,135.9697559711249
2011-04-25 13:00:00,135.29681070460637
2011-04-25 14:00:00,154.44979629933647
2011-04-25 15:00:00,155.20939754461142
2011-04-25 16:00:00,233.40378814191618
2011-04-25 17:00:00,465.30977900062703
2011-04-25 18:00:00,420.70761775343055
2011-04-25 19:00:00,333.5423841735588
2011-04-25 20:00:00,222.4314764538585
2011-04-25 21:00:00,173.804461370305
2011-04-25 22:00:00,118.268902481419
2011-04-25 23:00:00,69.29435383347652
2011-04-26 00:00:00,79.5978144149359
2011-04-26 01:00:00,14.712524650299871
2011-04-26 02:00:00,6.340863880502754
2011-04-26 03:00:00,2.9242712373186044
2011-04-26 04:00:00,4.851902870909205
2011-04-26 05:00:00,16.322990670222666
2011-04-26 06:00:00,77.97714396454208
2011-04-26 07:00:00,180.6648243164904
2011-04-26 08:00:00,348.6958488762176
2011-04-26 09:00:00,164.4595336452509
2011-04-26 10:00:00,111.82863471475505
2011-04-26 11:00:00,118.66588585439257
2011-04-26 12:00:00,177.56868843375918
2011-04-26 13:00:00,160.470374290614
2011-04-26 14:00:00,146.7572694432308
2011-04-26 15:00:00,147.95237041136653
2011-04-26 16:00:00,250.65879180320871
2011-04-26 17:00:00,501.38808683929403
2011-04-26 18:00:00,462.2680817334727
2011-04-26 19:00:00,271.9778583030848
2011-04-26 20:00:00,193.67130004880775
2011-04-26 21:00:00,137.6299098918424
2011-04-26 22:00:00,91.06960617333964
2011-04-26 23:00:00,71.1419199478454
2011-04-27 00:00:00,70.20156028466953
2011-04-27 01:00:00,21.16221472673509
2011-04-27 02:00:00,6.901864276977474
2011-04-27 03:00:00,3.4439105575275066
2011-04-27 04:00:00,4.470200137800866
2011-04-27 05:00:00,14.662561515094954
2011-04-27 06:00:00,73.53279317729209
2011-04-27 07:00:00,175.36499001255146
2011-04-27 08:00:00,291.75395620678904
2011-04-27 09:00:00,118.90407080135277
2011-04-27 10:00:00,92.28935917368304
2011-04-27 11:00:00,97.67144004419536
2011-04-27 12:00:00,117.08895764529062
2011-04-27 13:00:00,107.97133240084713
2011-04-27 14:00:00,127.07701632380598
2011-04-27 15:00:00,138.48196390373798
2011-04-27 16:00:00,249.4127353451929
2011-04-27 17:00:00,280.5676735177374
2011-04-27 18:00:00,283.07764435917414
2011-04-27 19:00:00,249.34385676032127
2011-04-27 20:00:00,165.59789873701837
2011-04-27 21:00:00,100.73284675870407
2011-04-27 22:00:00,97.72040044669365
2011-04-27 23:00:00,73.20084029796973
2011-04-28 00:00:00,85.40556900573839
2011-04-28 01:00:00,19.154653268078196
2011-04-28 02:00:00,6.0375956553221695
2011-04-28 03:00:00,3.942227416509028
2011-04-28 04:00:00,5.196310393228167
2011-04-28 05:00:00,16.688436616732226
2011-04-28 06:00:00,75.62774487490128
2011-04-28 07:00:00,193.1888908743755
2011-04-28 08:00:00,349.48795888238607
2011-04-28 09:00:00,109.42670218157977
2011-04-28 10:00:00,88.3510462904323
2011-04-28 11:00:00,94.0370614435506
2011-04-28 12:00:00,127.90282859082289
2011-04-28 13:00:00,105.48211139619391
2011-04-28 14:00:00,104.01773422501887
2011-04-28 15:00:00,136.50804330109003
2011-04-28 16:00:00,188.24706506624338
2011-04-28 17:00:00,510.40478903887663
2011-04-28 18:00:00,476.59801964862277
2011-04-28 19:00:00,347.614720507969
2011-04-28 20:00:00,217.68647166036416
2011-04-28 21:00:00,176.17903563945464
2011-04-28 22:00:00,131.37629803591986
2011-04-28 23:00:00,90.72821229240573
2011-04-29 00:00:00,121.48531393913194
2011-04-29 01:00:00,25.716219198144532
2011-04-29 02:00:00,16.22760177693174
2011-04-29 03:00:00,6.538377892931941
2011-04-29 04:00:00,4.621170279884961
2011-04-29 05:00:00,17.82968788975522
2011-04-29 06:00:00,78.04068241173663
2011-04-29 07:00:00,211.31236103676167
2011-04-29 08:00:00,387.1007269962155
2011-04-29 09:00:00,183.74784359045282
2011-04-29 10:00:00,132.25254974078317
2011-04-29 11:00:00,151.750572955687
2011-04-29 12:00:00,189.87231997813487
2011-04-29 13:00:00,185.01919037418793
2011-04-29 14:00:00,176.60840803569513
2011-04-29 15:00:00,173.34371901773642
2011-04-29 16:00:00,253.71238764849306
2011-04-29 17:00:00,444.30338452984665
2011-04-29 18:00:00,421.7337184791127
2011-04-29 19:00:00,253.44178615431017
2011-04-29 20:00:00,176.18482371826323
2011-04-29 21:00:00,130.88693843980613
2011-04-29 22:00:00,102.81876788760317
2011-04-29 23:00:00,86.97108790319633
2011-04-30 00:00:00,132.67506097682434
2011-04-30 01:00:00,64.41881937442469
2011-04-30 02:00:00,53.28139869407117
2011-04-30 03:00:00,22.758095272896895
2011-04-30 04:00:00,5.51508590909265
2011-04-30 05:00:00,6.161823624911667
2011-04-30 06:00:00,14.902976649475358
2011-04-30 07:00:00,46.99122751483429
2011-04-30 08:00:00,92.47503923111874
2011-04-30 09:00:00,149.8834408410147
2011-04-30 10:00:00,230.74627621013062
2011-04-30 11:00:00,259.7578972780796
2011-04-30 12:00:00,288.40266794846207
2011-04-30 13:00:00,303.56829982089454
2011-04-30 14:00:00,302.38633293314945
2011-04-30 15:00:00,301.7308463031952
2011-04-30 16:00:00,315.80596541936285
2011-04-30 17:00:00,321.2589298254705
2011-04-30 18:00:00,287.0108651149216
2011-04-30 19:00:00,233.46505796305607
2011-04-30 20:00:00,132.49031881217653
2011-04-30 21:00:00,116.65404401285694
2011-04-30 22:00:00,107.69200851103892
2011-04-30 23:00:00,88.47711958565498
2011-05-20 00:00:00,50.1638673826078
2011-05-20 01:00:00,16.342602671296937
2011-05-20 02:00:00,9.778378171855948
2011-05-20 03:00:00,5.108142699338385
2011-05-20 04:00:00,4.238352126965006
2011-05-20 05:00:00,22.768978382608807
2011-05-20 06:00:00,91.3220340547631
2011-05-20 07:00:00,250.36527954214588
2011-05-20 08:00:00,431.6771980765824
2011-05-20 09:00:00,203.97273577167985
2011-05-20 10:00:00,135.63503358988046
2011-05-20 11:00:00,159.9682510007011
2011-05-20 12:00:00,193.87983517323113
2011-05-20 13:00:00,161.25559816373627
2011-05-20 14:00:00,163.47228489741536
2011-05-20 15:00:00,180.31927782624456
2011-05-20 16:00:00,335.9467334064018
2011-05-20 17:00:00,499.6482686199351
2011-05-20 18:00:00,474.7228819205898
2011-05-20 19:00:00,330.25333269515215
2011-05-20 20:00:00,230.4864905529857
2011-05-20 21:00:00,180.1359655897735
2011-05-20 22:00:00,136.59577743887812
2011-05-20 23:00:00,118.10855313024064
2011-05-21 00:00:00,152.04477386786192
2011-05-21 01:00:00,73.44165306585813
2011-05-21 02:00:00,57.30369073882358
2011-05-21 03:00:00,25.753817036318218
2011-05-21 04:00:00,6.420894697412532
2011-05-21 05:00:00,8.639205841761076
2011-05-21 06:00:00,16.839071937955776
2011-05-21 07:00:00,50.08956625650836
2011-05-21 08:00:00,118.03999849852653
2011-05-21 09:00:00,197.51069114386954
2011-05-21 10:00:00,233.68691992765477
2011-05-21 11:00:00,314.68894679895726
2011-05-21 12:00:00,313.3344079621081
2011-05-21 13:00:00,357.36185011159904
2011-05-21 14:00:00,370.82452846159157
2011-05-21 15:00:00,385.81053021545864
2011-05-21 16:00:00,403.87838659047566
2011-05-21 17:00:00,364.89101043079637
2011-05-21 18:00:00,336.0432564765645
2011-05-21 19:00:00,306.44136693641633
2011-05-21 20:00:00,199.27029473352766
2011-05-21 21:00:00,174.31311101605078
2011-05-21 22:00:00,146.9466284275231
2011-05-21 23:00:00,108.637676463063
2011-05-22 00:00:00,96.31245481705822
2011-05-22 01:00:00,64.4341353289291
2011-05-22 02:00:00,55.23285740948625
2011-05-22 03:00:00,29.2650728256672
2011-05-22 04:00:00,9.231458150194943
2011-05-22 05:00:00,10.889237996376895
2011-05-22 06:00:00,13.030789522621022
2011-05-22 07:00:00,55.333024629758604
2011-05-22 08:00:00,94.76325593717391
2011-05-22 09:00:00,191.2351299907687
2011-05-22 10:00:00,259.42523677223573
2011-05-22 11:00:00,339.8123697302863
2011-05-22 12:00:00,363.35475158382656
2011-05-22 13:00:00,333.97461336244163
2011-05-22 14:00:00,264.2475545631546
2011-05-22 15:00:00,317.5138174955876
2011-05-22 16:00:00,336.76965475808447
2011-05-22 17:00:00,359.86464842213366
2011-05-22 18:00:00,334.2720737645267
2011-05-22 19:00:00,301.1615367022784
2011-05-22 20:00:00,225.57056001281958
2011-05-22 21:00:00,173.82806579864314
2011-05-22 22:00:00,130.81923070744307
2011-05-22 23:00:00,82.20832652563749
2011-05-23 00:00:00,53.65106089595334
2011-05-23 01:00:00,14.1394864109855
2011-05-23 02:00:00,6.183710969114197
2011-05-23 03:00:00,3.7127399257072917
2011-05-23 04:00:00,5.726884447263351
2011-05-23 05:00:00,19.884083291441755
2011-05-23 06:00:00,89.08975637926916
2011-05-23 07:00:00,178.82364477690498
2011-05-23 08:00:00,354.1188367043498
2011-05-23 09:00:00,154.6733920425967
2011-05-23 10:00:00,112.23005254845245
2011-05-23 11:00:00,128.68706798335035
2011-05-23 12:00:00,156.535010988939
2011-05-23 13:00:00,173.57381976189188
2011-05-23 14:00:00,148.4686150554727
2011-05-23 15:00:00,152.97355213517002
2011-05-23 16:00:00,283.58636551949064
2011-05-23 17:00:00,429.92218949409767
2011-05-23 18:00:00,482.6560535342862
2011-05-23 19:00:00,346.1511226695875
2011-05-23 20:00:00,207.81260012378294
2011-05-23 21:00:00,97.65685925881309
2011-05-23 22:00:00,80.06325557588058
2011-05-23 23:00:00,65.51609957935699
2011-05-24 00:00:00,45.837443231251
2011-05-24 01:00:00,10.53404208369189
2011-05-24 02:00:00,6.360148862427176
2011-05-24 03:00:00,3.0866419189222816
2011-05-24 04:00:00,5.295236767589094
2011-05-24 05:00:00,18.37371633311922
2011-05-24 06:00:00,98.72633433802747
2011-05-24 07:00:00,172.9453217398568
2011-05-24 08:00:00,300.14694194995053
2011-05-24 09:00:00,197.81392321828974
2011-05-24 10:00:00,118.42602294861219
2011-05-24 11:00:00,136.52105890966382
2011-05-24 12:00:00,174.73643162827142
2011-05-24 13:00:00,183.18728028030063
2011-05-24 14:00:00,151.2474647537163
2011-05-24 15:00:00,151.9530309539667
2011-05-24 16:00:00,290.41081917122466
2011-05-24 17:00:00,526.1615329752705
2011-05-24 18:00:00,501.6787705098578
2011-05-24 19:00:00,341.88225789560323
2011-05-24 20:00:00,264.8671013371604
2011-05-24 21:00:00,179.64002665851453
2011-05-24 22:00:00,83.44572389159251
2011-05-24 23:00:00,79.00254110452327
2011-05-25 00:00:00,92.562825739782
2011-05-25 01:00:00,11.358221718485504
2011-05-25 02:00:00,6.861356413015085
2011-05-25 03:00:00,4.130389766207839
2011-05-25 04:00:00,4.578257956443906
2011-05-25 05:00:00,25.526204427639755
2011-05-25 06:00:00,98.8485633033401
2011-05-25 07:00:00,308.3515583658438
2011-05-25 08:00:00,435.0613868411167
2011-05-25 09:00:00,182.88190482802625
2011-05-25 10:00:00,117.0570849300941
2011-05-25 11:00:00,133.54415938081632
2011-05-25 12:00:00,187.57703938762498
2011-05-25 13:00:00,170.32804927811767
2011-05-25 14:00:00,148.77543468676876
2011-05-25 15:00:00,159.7664584533482
2011-05-25 16:00:00,287.1838814389696
2011-05-25 17:00:00,548.2475956776476
2011-05-25 18:00:00,491.99014939983357
2011-05-25 19:00:00,376.376058310273
2011-05-25 20:00:00,308.90187147162555
2011-05-25 21:00:00,194.3487147398246
2011-05-25 22:00:00,139.78109588106614
2011-05-25 23:00:00,88.05851455543107
2011-05-26 00:00:00,67.28493302892856
2011-05-26 01:00:00,16.017474422617656
2011-05-26 02:00:00,8.031551960975998
2011-05-26 03:00:00,4.348869828749923
2011-05-26 04:00:00,5.393693324198344
2011-05-26 05:00:00,21.344541097766516
2011-05-26 06:00:00,90.42294369628237
2011-05-26 07:00:00,179.08885859329374
2011-05-26 08:00:00,416.5504734238372
2011-05-26 09:00:00,185.6720949535577
2011-05-26 10:00:00,113.56616615459527
2011-05-26 11:00:00,131.0853246944566
2011-05-26 12:00:00,177.73848506616463
2011-05-26 13:00:00,155.61194582927982
2011-05-26 14:00:00,144.27758981532435
2011-05-26 15:00:00,146.5100852764982
2011-05-26 16:00:00,276.81930330225555
2011-05-26 17:00:00,531.3780505294278
2011-05-26 18:00:00,526.5814726977479
2011-05-26 19:00:00,359.68001299491283
2011-05-26 20:00:00,300.52915167778485
2011-05-26 21:00:00,198.8289066584625
2011-05-26 22:00:00,134.6021967393066
2011-05-26 23:00:00,105.8049021328447
2011-05-27 00:00:00,112.01984606775429
2011-05-27 01:00:00,23.151613795621362
2011-05-27 02:00:00,13.159451906165401
2011-05-27 03:00:00,5.6692819838798005
2011-05-27 04:00:00,4.957098880446526
2011-05-27 05:00:00,27.498795388401035
2011-05-27 06:00:00,103.49264320604804
2011-05-27 07:00:00,270.58386464426127
2011-05-27 08:00:00,442.8524452823379
2011-05-27 09:00:00,199.58295329210006
2011-05-27 10:00:00,139.71850035275418
2011-05-27 11:00:00,158.35300296347395
2011-05-27 12:00:00,199.39300840264244
2011-05-27 13:00:00,198.65401885998568
2011-05-27 14:00:00,194.17642916058372
2011-05-27 15:00:00,199.3669933196727
2011-05-27 16:00:00,316.8613721521557
2011-05-27 17:00:00,539.5268559334818
2011-05-27 18:00:00,460.61798212904694
2011-05-27 19:00:00,270.57830287665894
2011-05-27 20:00:00,219.8182974418804
2011-05-27 21:00:00,168.12702681000317
2011-05-27 22:00:00,140.0346037890958
2011-05-27 23:00:00,102.6801554150154
2011-05-28 00:00:00,107.89372939202546
2011-05-28 01:00:00,84.21671682716685
2011-05-28 02:00:00,56.77601362098917
2011-05-28 03:00:00,25.587749208117383
2011-05-28 04:00:00,6.4688827394489605
2011-05-28 05:00:00,11.016673634524814
2011-05-28 06:00:00,20.026963136219784
2011-05-28 07:00:00,52.72732190079304
2011-05-28 08:00:00,116.8616282607363
2011-05-28 09:00:00,193.56998139867045
2011-05-28 10:00:00,260.359087800317
2011-05-28 11:00:00,296.2741895686259
2011-05-28 12:00:00,314.18498835673125
2011-05-28 13:00:00,326.7528556474919
2011-05-28 14:00:00,321.12471331060647
2011-05-28 15:00:00,370.6552666177525
2011-05-28 16:00:00,391.9572175419892
2011-05-28 17:00:00,379.1512998337656
2011-05-28 18:00:00,327.76473127914477
2011-05-28 19:00:00,286.6991330676078
2011-05-28 20:00:00,253.65884815343958
2011-05-28 21:00:00,212.47914788399513
2011-05-28 22:00:00,165.4783648527412
2011-05-28 23:00:00,119.21884849211857
2011-05-29 00:00:00,144.62206091011052
2011-05-29 01:00:00,85.6615565519166
2011-05-29 02:00:00,60.49988842197941
2011-05-29 03:00:00,27.58813172949685
2011-05-29 04:00:00,10.235875094426293
2011-05-29 05:00:00,10.801385916748583
2011-05-29 06:00:00,14.128827398206688
2011-05-29 07:00:00,47.254425189772824
2011-05-29 08:00:00,77.33121737593738
2011-05-29 09:00:00,102.02557732921618
2011-05-29 10:00:00,179.24969066297382
2011-05-29 11:00:00,188.48589218921305
2011-05-29 12:00:00,253.57240084423083
2011-05-29 13:00:00,327.74374834948156
2011-05-29 14:00:00,309.8916601818474
2011-05-29 15:00:00,328.3075443421777
2011-05-29 16:00:00,325.28569579737547
2011-05-29 17:00:00,339.25808704480164
2011-05-29 18:00:00,256.59389787484974
2011-05-29 19:00:00,255.31185288282325
2011-05-29 20:00:00,192.71410095227785
2011-05-29 21:00:00,154.67061229684109
2011-05-29 22:00:00,95.29409876647375
2011-05-29 23:00:00,83.96339090404561
2011-05-30 00:00:00,70.27177640982461
2011-05-30 01:00:00,52.611754861967896
2011-05-30 02:00:00,28.754531394041397
2011-05-30 03:00:00,13.187040448542756
2011-05-30 04:00:00,8.615650943333314
2011-05-30 05:00:00,8.091732881106893
2011-05-30 06:00:00,14.155075168674255
2011-05-30 07:00:00,54.902264130052096
2011-05-30 08:00:00,86.24490688872541
2011-05-30 09:00:00,189.06252148585057
2011-05-30 10:00:00,283.45888936787156
2011-05-30 11:00:00,356.36421085492714
2011-05-30 12:00:00,380.4189648635776
2011-05-30 13:00:00,381.7185445241535
2011-05-30 14:00:00,377.48071570957114
2011-05-30 15:00:00,362.39482459237485
2011-05-30 16:00:00,382.408450182173
2011-05-30 17:00:00,376.2064425343444
2011-05-30 18:00:00,368.683450026706
2011-05-30 19:00:00,227.988956733401
2011-05-30 20:00:00,286.7437141683544
2011-05-30 21:00:00,274.6908275866415
2011-05-30 22:00:00,188.43599940420674
2011-05-30 23:00:00,85.04298268117148
2011-05-31 00:00:00,39.35606821680522
2011-05-31 01:00:00,13.689947940461389
2011-05-31 02:00:00,6.56906091404302
2011-05-31 03:00:00,2.995612947931477
2011-05-31 04:00:00,5.453005698335803
2011-05-31 05:00:00,25.583521095869255
2011-05-31 06:00:00,104.81422422543207
2011-05-31 07:00:00,297.0178676625081
2011-05-31 08:00:00,446.36199207703254
2011-05-31 09:00:00,185.03592329645682
2011-05-31 10:00:00,112.10220477686276
2011-05-31 11:00:00,129.46288589904802
2011-05-31 12:00:00,157.23932723633718
2011-05-31 13:00:00,149.81767464477298
2011-05-31 14:00:00,141.37869612338216
2011-05-31 15:00:00,142.61137047973241
2011-05-31 16:00:00,237.36714638726755
2011-05-31 17:00:00,502.6210347465323
2011-05-31 18:00:00,502.0750824708002
2011-05-31 19:00:00,359.028539051079
2011-05-31 20:00:00,284.74953440383956
2011-05-31 21:00:00,195.70739351082992
2011-05-31 22:00:00,138.06804152670364
2011-05-31 23:00:00,78.45806930632358
2011-06-20 00:00:00,48.860296959092224
2011-06-20 01:00:00,14.84363868270188
2011-06-20 02:00:00,7.869140596772669
2011-06-20 03:00:00,2.9880675567537147
2011-06-20 04:00:00,4.476596588195372
2011-06-20 05:00:00,17.981068766470475
2011-06-20 06:00:00,81.45145794063468
2011-06-20 07:00:00,136.0902409664285
2011-06-20 08:00:00,290.0806323250438
2011-06-20 09:00:00,193.79347417860868
2011-06-20 10:00:00,105.64756070375601
2011-06-20 11:00:00,94.76249480759164
2011-06-20 12:00:00,159.44518985059946
2011-06-20 13:00:00,122.46368954926581
2011-06-20 14:00:00,162.9721042719113
2011-06-20 15:00:00,162.7619355206157
2011-06-20 16:00:00,294.3981371594608
2011-06-20 17:00:00,534.4937534366532
2011-06-20 18:00:00,531.9966322158816
2011-06-20 19:00:00,371.3709706381306
2011-06-20 20:00:00,286.730054847654
2011-06-20 21:00:00,184.5463487184573
2011-06-20 22:00:00,127.02161354924979
2011-06-20 23:00:00,78.46370414341801
2011-06-21 00:00:00,53.1644106050202
2011-06-21 01:00:00,9.951626493928838
2011-06-21 02:00:00,4.990927102709518
2011-06-21 03:00:00,3.5430439973597485
2011-06-21 04:00:00,5.700150170708293
2011-06-21 05:00:00,20.61053817136377
2011-06-21 06:00:00,107.54719291404813
2011-06-21 07:00:00,173.08801087446776
2011-06-21 08:00:00,317.17088129828073
2011-06-21 09:00:00,139.88079993056718
2011-06-21 10:00:00,106.92206457867768
2011-06-21 11:00:00,90.17925530644125
2011-06-21 12:00:00,108.29897795150418
2011-06-21 13:00:00,120.77507731151839
2011-06-21 14:00:00,142.3664106437576
2011-06-21 15:00:00,167.27186050262617
2011-06-21 16:00:00,281.0796298631611
2011-06-21 17:00:00,531.5490202364635
2011-06-21 18:00:00,497.54629959994367
2011-06-21 19:00:00,352.78656452732827
2011-06-21 20:00:00,192.46402332464012
2011-06-21 21:00:00,201.18998152479506
2011-06-21 22:00:00,98.32640042326653
2011-06-21 23:00:00,85.57012530488865
2011-06-22 00:00:00,60.866592648649956
2011-06-22 01:00:00,16.719128878986783
2011-06-22 02:00:00,6.3147048983660525
2011-06-22 03:00:00,5.9711573872749915
2011-06-22 04:00:00,5.917555172177587
2011-06-22 05:00:00,26.198980808963857
2011-06-22 06:00:00,109.86895965631479
2011-06-22 07:00:00,281.58340852296226
2011-06-22 08:00:00,414.57736526220987
2011-06-22 09:00:00,157.64701254106427
2011-06-22 10:00:00,116.85668262464192
2011-06-22 11:00:00,116.39782649832901
2011-06-22 12:00:00,155.31907794044022
2011-06-22 13:00:00,138.81310129602355
2011-06-22 14:00:00,121.647008190581
2011-06-22 15:00:00,134.75779027785353
2011-06-22 16:00:00,259.8237378510797
2011-06-22 17:00:00,534.3141744424029
2011-06-22 18:00:00,516.8761337512017
2011-06-22 19:00:00,375.7878434975608
2011-06-22 20:00:00,277.67415776585756
2011-06-22 21:00:00,192.1472740719081
2011-06-22 22:00:00,145.1026436826708
2011-06-22 23:00:00,94.69305576313597
2011-06-23 00:00:00,74.68723093705135
2011-06-23 01:00:00,20.59531884284574
2011-06-23 02:00:00,8.17659502009612
2011-06-23 03:00:00,4.680755830022679
2011-06-23 04:00:00,5.961083375005705
2011-06-23 05:00:00,24.440725568896116
2011-06-23 06:00:00,112.34277507470394
2011-06-23 07:00:00,298.53823660827095
2011-06-23 08:00:00,425.48278673789054
2011-06-23 09:00:00,184.492257030676
2011-06-23 10:00:00,116.09751143215621
2011-06-23 11:00:00,130.93733612526592
2011-06-23 12:00:00,169.34304320695648
2011-06-23 13:00:00,164.17832458105562
2011-06-23 14:00:00,146.62116003291484
2011-06-23 15:00:00,166.42178054437224
2011-06-23 16:00:00,283.274554565066
2011-06-23 17:00:00,496.90508609889554
2011-06-23 18:00:00,510.00339437314216
2011-06-23 19:00:00,361.4506295380557
2011-06-23 20:00:00,283.78888299255755
2011-06-23 21:00:00,198.7172839179524
2011-06-23 22:00:00,142.57997117925055
2011-06-23 23:00:00,112.42955552540386
2011-06-24 00:00:00,93.59168347354262
2011-06-24 01:00:00,22.749773709672098
2011-06-24 02:00:00,9.724423130773246
2011-06-24 03:00:00,6.337667533529207
2011-06-24 04:00:00,6.144704168806407
2011-06-24 05:00:00,22.217885004869053
2011-06-24 06:00:00,99.62349493989298
2011-06-24 07:00:00,267.1699643192942
2011-06-24 08:00:00,434.29091796726993
2011-06-24 09:00:00,211.71998115138499
2011-06-24 10:00:00,144.3975361828955
2011-06-24 11:00:00,172.15209568021734
2011-06-24 12:00:00,213.06793480328963
2011-06-24 13:00:00,212.43890383570948
2011-06-24 14:00:00,211.322392154546
2011-06-24 15:00:00,219.07552811132823
2011-06-24 16:00:00,330.49538033108155
2011-06-24 17:00:00,557.5107744379151
2011-06-24 18:00:00,463.05999785189897
2011-06-24 19:00:00,379.6704955257081
2011-06-24 20:00:00,288.09833741869073
2011-06-24 21:00:00,217.09268588120344
2011-06-24 22:00:00,192.45672879649686
2011-06-24 23:00:00,146.47773662307827
2011-06-25 00:00:00,198.60834155723762
2011-06-25 01:00:00,78.58041781917052
2011-06-25 02:00:00,53.947459515558776
2011-06-25 03:00:00,30.785368605234336
2011-06-25 04:00:00,7.788945433969101
2011-06-25 05:00:00,10.503196370745243
2011-06-25 06:00:00,27.33555472485048
2011-06-25 07:00:00,65.66917982428683
2011-06-25 08:00:00,157.1249679444995
2011-06-25 09:00:00,221.98710321823162
2011-06-25 10:00:00,282.77157930645967
2011-06-25 11:00:00,340.12310340606854
2011-06-25 12:00:00,389.2661784345563
2011-06-25 13:00:00,398.88408025552394
2011-06-25 14:00:00,388.0168677112166
2011-06-25 15:00:00,355.29042596704517
2011-06-25 16:00:00,407.5447451587616
2011-06-25 17:00:00,403.8659645270778
2011-06-25 18:00:00,376.8331762635231
2011-06-25 19:00:00,320.4067539831577
2011-06-25 20:00:00,246.56675773576256
2011-06-25 21:00:00,193.83475597516582
2011-06-25 22:00:00,187.66940466306494
2011-06-25 23:00:00,143.06170994764997
2011-06-26 00:00:00,180.57339332292696
2011-06-26 01:00:00,88.85739334293324
2011-06-26 02:00:00,69.74425962713705
2011-06-26 03:00:00,31.9748775791567
2011-06-26 04:00:00,9.418531186689965
2011-06-26 05:00:00,10.719207698471788
2011-06-26 06:00:00,23.69361345257775
2011-06-26 07:00:00,57.381799047946465
2011-06-26 08:00:00,115.69009987824609
2011-06-26 09:00:00,181.62436093573814
2011-06-26 10:00:00,271.27770476859524
2011-06-26 11:00:00,328.5006516770427
2011-06-26 12:00:00,376.35164753549304
2011-06-26 13:00:00,368.50605524416403
2011-06-26 14:00:00,368.0996363309387
2011-06-26 15:00:00,364.40185807114824
2011-06-26 16:00:00,389.12021276856495
2011-06-26 17:00:00,375.81476716080726
2011-06-26 18:00:00,361.8192128728388
2011-06-26 19:00:00,320.4968955547784
2011-06-26 20:00:00,235.1234888118169
2011-06-26 21:00:00,204.75800439578177
2011-06-26 22:00:00,180.32931847281642
2011-06-26 23:00:00,104.8840304087488
2011-06-27 00:00:00,78.7474907081415
2011-06-27 01:00:00,11.678533144680298
2011-06-27 02:00:00,6.459402198376558
2011-06-27 03:00:00,4.17686664625829
2011-06-27 04:00:00,5.139550846859492
2011-06-27 05:00:00,20.507443640490997
2011-06-27 06:00:00,108.9875806045653
2011-06-27 07:00:00,290.0604055774484
2011-06-27 08:00:00,384.11048838854805
2011-06-27 09:00:00,192.21867583165152
2011-06-27 10:00:00,119.30231011106893
2011-06-27 11:00:00,147.53976227070228
2011-06-27 12:00:00,185.88171737125202
2011-06-27 13:00:00,171.64784660774447
2011-06-27 14:00:00,160.94812231774597
2011-06-27 15:00:00,164.028453737586
2011-06-27 16:00:00,284.0796850322967
2011-06-27 17:00:00,552.601344639762
2011-06-27 18:00:00,532.6180232416783
2011-06-27 19:00:00,383.3503950791086
2011-06-27 20:00:00,295.9470969918875
2011-06-27 21:00:00,179.94478966230568
2011-06-27 22:00:00,115.79159306472457
2011-06-27 23:00:00,79.70325703906485
2011-06-28 00:00:00,52.64958113508224
2011-06-28 01:00:00,18.104740633382722
2011-06-28 02:00:00,8.552108352375729
2011-06-28 03:00:00,6.166608167801978
2011-06-28 04:00:00,6.711350247295114
2011-06-28 05:00:00,22.313659159623334
2011-06-28 06:00:00,107.46198868114462
2011-06-28 07:00:00,239.8398156166722
2011-06-28 08:00:00,383.8440298514342
2011-06-28 09:00:00,165.58225308081717
2011-06-28 10:00:00,125.38288566182936
2011-06-28 11:00:00,144.8297085126407
2011-06-28 12:00:00,165.56571525582098
2011-06-28 13:00:00,168.53182015984376
2011-06-28 14:00:00,148.61757803618872
2011-06-28 15:00:00,153.17675482420054
2011-06-28 16:00:00,236.35990000989707
2011-06-28 17:00:00,431.3051709929348
2011-06-28 18:00:00,351.3675131731478
2011-06-28 19:00:00,355.70134137324413
2011-06-28 20:00:00,287.3726867233041
2011-06-28 21:00:00,207.3730096059608
2011-06-28 22:00:00,135.43132433135963
2011-06-28 23:00:00,90.9148048727669
2011-06-29 00:00:00,86.14154288193401
2011-06-29 01:00:00,16.3907368426056
2011-06-29 02:00:00,6.363202400267637
2011-06-29 03:00:00,5.7880569199337275
2011-06-29 04:00:00,5.904731357637599
2011-06-29 05:00:00,27.408361261157903
2011-06-29 06:00:00,108.88202205061488
2011-06-29 07:00:00,296.0246452789222
2011-06-29 08:00:00,460.50494163091906
2011-06-29 09:00:00,199.8351474237093
2011-06-29 10:00:00,118.40804888014138
2011-06-29 11:00:00,145.4081485283951
2011-06-29 12:00:00,197.09730937036946
2011-06-29 13:00:00,184.55106735115575
2011-06-29 14:00:00,159.79855946366828
2011-06-29 15:00:00,163.6104878364582
2011-06-29 16:00:00,280.92304083568536
2011-06-29 17:00:00,555.4869676856351
2011-06-29 18:00:00,539.253512754335
2011-06-29 19:00:00,375.734704985822
2011-06-29 20:00:00,292.5551155859332
2011-06-29 21:00:00,226.43334616475292
2011-06-29 22:00:00,148.63520859061887
2011-06-29 23:00:00,103.82759131864746
2011-06-30 00:00:00,89.76994676170122
2011-06-30 01:00:00,20.61900789650237
2011-06-30 02:00:00,8.984303637847084
2011-06-30 03:00:00,7.037981636174576
2011-06-30 04:00:00,5.414278188555757
2011-06-30 05:00:00,27.114302816694174
2011-06-30 06:00:00,113.28866762683937
2011-06-30 07:00:00,305.507070908553
2011-06-30 08:00:00,449.2677224985765
2011-06-30 09:00:00,206.01516813270194
2011-06-30 10:00:00,125.83245239405599
2011-06-30 11:00:00,151.27767790045965
2011-06-30 12:00:00,201.6273198059325
2011-06-30 13:00:00,191.2977288446796
2011-06-30 14:00:00,165.11094411902693
2011-06-30 15:00:00,177.78965777540674
2011-06-30 16:00:00,284.65115466114304
2011-06-30 17:00:00,571.5441523100627
2011-06-30 18:00:00,551.9993311577164
2011-06-30 19:00:00,382.9303661092018
2011-06-30 20:00:00,300.7571481270402
2011-06-30 21:00:00,220.37965977748013
2011-06-30 22:00:00,155.27048614419382
2011-06-30 23:00:00,121.05495374005092
2011-07-20 00:00:00,55.95764540565141
2011-07-20 01:00:00,14.814618224291996
2011-07-20 02:00:00,5.787534161979467
2011-07-20 03:00:00,5.0374825775363945
2011-07-20 04:00:00,6.112634318950918
2011-07-20 05:00:00,29.677699625623976
2011-07-20 06:00:00,113.85464971510123
2011-07-20 07:00:00,259.34030182357014
2011-07-20 08:00:00,409.05272031000675
2011-07-20 09:00:00,168.28205472760428
2011-07-20 10:00:00,96.51853153611135
2011-07-20 11:00:00,110.99936273400866
2011-07-20 12:00:00,159.47443377642057
2011-07-20 13:00:00,149.89049351581193
2011-07-20 14:00:00,134.2642390363598
2011-07-20 15:00:00,138.99049668501397
2011-07-20 16:00:00,248.57809273966083
2011-07-20 17:00:00,507.3281044986308
2011-07-20 18:00:00,510.8884844357803
2011-07-20 19:00:00,375.7914667908281
2011-07-20 20:00:00,272.88076183376245
2011-07-20 21:00:00,204.0828722840842
2011-07-20 22:00:00,146.94265749738355
2011-07-20 23:00:00,101.70846946573455
2011-07-21 00:00:00,89.14059583920823
2011-07-21 01:00:00,18.663078975708395
2011-07-21 02:00:00,7.325773811072101
2011-07-21 03:00:00,4.52083724727608
2011-07-21 04:00:00,6.224893698036576
2011-07-21 05:00:00,20.44765834549033
2011-07-21 06:00:00,112.71955757108098
2011-07-21 07:00:00,252.979268459847
2011-07-21 08:00:00,404.69999602555055
2011-07-21 09:00:00,177.08703162378697
2011-07-21 10:00:00,117.38767310740764
2011-07-21 11:00:00,128.41458580732996
2011-07-21 12:00:00,156.53558574606538
2011-07-21 13:00:00,152.2664052982799
2011-07-21 14:00:00,140.5333671041059
2011-07-21 15:00:00,147.70331843466633
2011-07-21 16:00:00,234.31486816493472
2011-07-21 17:00:00,458.11262055964966
2011-07-21 18:00:00,481.3821433480784
2011-07-21 19:00:00,355.79229668251776
2011-07-21 20:00:00,273.4969602045672
2011-07-21 21:00:00,185.695073523098
2011-07-21 22:00:00,142.97055684683397
2011-07-21 23:00:00,111.59591673386399
2011-07-22 00:00:00,114.17025271138648
2011-07-22 01:00:00,28.184869213965207
2011-07-22 02:00:00,17.60660126693199
2011-07-22 03:00:00,4.939441893359342
2011-07-22 04:00:00,7.238578530744532
2011-07-22 05:00:00,20.294117254011933
2011-07-22 06:00:00,104.51411235448575
2011-07-22 07:00:00,270.90954506719066
2011-07-22 08:00:00,430.88813766720114
2011-07-22 09:00:00,188.26531253631632
2011-07-22 10:00:00,134.2533107321262
2011-07-22 11:00:00,164.94962674847417
2011-07-22 12:00:00,196.47459659949166
2011-07-22 13:00:00,193.5530641458127
2011-07-22 14:00:00,197.95417515006127
2011-07-22 15:00:00,196.61465234233515
2011-07-22 16:00:00,212.39892748130163
2011-07-22 17:00:00,475.0068206566338
2011-07-22 18:00:00,453.606050643173
2011-07-22 19:00:00,357.1834842740431
2011-07-22 20:00:00,284.93095553986075
2011-07-22 21:00:00,199.55477927439617
2011-07-22 22:00:00,193.91833863272643
2011-07-22 23:00:00,135.7777551973272
2011-07-23 00:00:00,322.7737788148161
2011-07-23 01:00:00,84.66891643185534
2011-07-23 02:00:00,66.00127624438501
2011-07-23 03:00:00,29.77104432696543
2011-07-23 04:00:00,8.080024644325508
2011-07-23 05:00:00,10.591176089318294
2011-07-23 06:00:00,30.062886651904375
2011-07-23 07:00:00,110.60221651938949
2011-07-23 08:00:00,168.47919132747236
2011-07-23 09:00:00,233.17309643028113
2011-07-23 10:00:00,299.5249443880481
2011-07-23 11:00:00,338.6174976648549
2011-07-23 12:00:00,374.40161084283966
2011-07-23 13:00:00,373.3380242378711
2011-07-23 14:00:00,367.14115545018393
2011-07-23 15:00:00,365.7673311762696
2011-07-23 16:00:00,372.78349687491163
2011-07-23 17:00:00,385.1072323375123
2011-07-23 18:00:00,374.04016535461636
2011-07-23 19:00:00,326.5248704603394
2011-07-23 20:00:00,288.4169974916193
2011-07-23 21:00:00,244.6819995186934
2011-07-23 22:00:00,219.13995147931948
2011-07-23 23:00:00,150.57443067564557
2011-07-24 00:00:00,324.87608901962085
2011-07-24 01:00:00,90.98118636786025
2011-07-24 02:00:00,79.17645546178063
2011-07-24 03:00:00,31.76023156568176
2011-07-24 04:00:00,6.629479086632826
2011-07-24 05:00:00,10.08770477471519
2011-07-24 06:00:00,21.32422444451596
2011-07-24 07:00:00,100.89693764692284
2011-07-24 08:00:00,139.17594398319403
2011-07-24 09:00:00,220.22925830326528
2011-07-24 10:00:00,292.0690284254423
2011-07-24 11:00:00,336.8286673089601
2011-07-24 12:00:00,366.7310190177551
2011-07-24 13:00:00,368.44069457510403
2011-07-24 14:00:00,353.92156115764277
2011-07-24 15:00:00,344.4718014067784
2011-07-24 16:00:00,352.4030210178154
2011-07-24 17:00:00,377.8091801493593
2011-07-24 18:00:00,362.7472850914602
2011-07-24 19:00:00,338.6131872423035
2011-07-24 20:00:00,281.0973670347753
2011-07-24 21:00:00,231.88272438542197
2011-07-24 22:00:00,179.03432135854194
2011-07-24 23:00:00,108.89049165405886
2011-07-25 00:00:00,67.32764971083111
2011-07-25 01:00:00,13.86643762857094
2011-07-25 02:00:00,7.013806601833302
2011-07-25 03:00:00,3.746211878195632
2011-07-25 04:00:00,6.069336627399501
2011-07-25 05:00:00,19.99134197220098
2011-07-25 06:00:00,106.67877135555298
2011-07-25 07:00:00,256.1928116208681
2011-07-25 08:00:00,359.4766628346457
2011-07-25 09:00:00,165.77659647985942
2011-07-25 10:00:00,110.36835246541919
2011-07-25 11:00:00,125.60855738007024
2011-07-25 12:00:00,153.63349498118637
2011-07-25 13:00:00,112.60748854194566
2011-07-25 14:00:00,91.1250019999054
2011-07-25 15:00:00,99.2886204063693
2011-07-25 16:00:00,175.96056265269127
2011-07-25 17:00:00,480.200596328865
2011-07-25 18:00:00,486.40062706462624
2011-07-25 19:00:00,381.87188373130124
2011-07-25 20:00:00,270.83328623767693
2011-07-25 21:00:00,122.2389611872549
2011-07-25 22:00:00,94.54947500910406
2011-07-25 23:00:00,66.37252685705629
2011-07-26 00:00:00,35.6716129257397
2011-07-26 01:00:00,14.364435551224327
2011-07-26 02:00:00,7.942878010507071
2011-07-26 03:00:00,3.7185937068285306
2011-07-26 04:00:00,5.865240437929016
2011-07-26 05:00:00,22.581225387181302
2011-07-26 06:00:00,108.94832395285657
2011-07-26 07:00:00,310.3716397522222
2011-07-26 08:00:00,423.7539102505701
2011-07-26 09:00:00,200.79283103905723
2011-07-26 10:00:00,132.0265456286358
2011-07-26 11:00:00,146.40228854775918
2011-07-26 12:00:00,181.83833758536412
2011-07-26 13:00:00,185.92692290655972
2011-07-26 14:00:00,160.31905652564757
2011-07-26 15:00:00,161.01171485147728
2011-07-26 16:00:00,277.254101545406
2011-07-26 17:00:00,544.1747788454537
2011-07-26 18:00:00,549.724747412904
2011-07-26 19:00:00,372.7331493572164
2011-07-26 20:00:00,296.1173892430067
2011-07-26 21:00:00,241.49860236915208
2011-07-26 22:00:00,169.10482240858255
2011-07-26 23:00:00,84.49601404647585
2011-07-27 00:00:00,68.78289062070935
2011-07-27 01:00:00,15.85286108525834
2011-07-27 02:00:00,6.610083601743808
2011-07-27 03:00:00,4.198130311720581
2011-07-27 04:00:00,5.526396315377953
2011-07-27 05:00:00,26.646877247958745
2011-07-27 06:00:00,112.7756570300307
2011-07-27 07:00:00,296.1572580242946
2011-07-27 08:00:00,434.31619273809895
2011-07-27 09:00:00,195.00233006167477
2011-07-27 10:00:00,112.37087762087374
2011-07-27 11:00:00,139.93523706429187
2011-07-27 12:00:00,199.12320410552115
2011-07-27 13:00:00,180.5047823766713
2011-07-27 14:00:00,157.65499714110766
2011-07-27 15:00:00,165.56443355099498
2011-07-27 16:00:00,281.7856223589434
2011-07-27 17:00:00,564.4715510770405
2011-07-27 18:00:00,550.3505657754874
2011-07-27 19:00:00,389.9938895227214
2011-07-27 20:00:00,301.03724550999283
2011-07-27 21:00:00,218.3925212920951
2011-07-27 22:00:00,138.11564666563234
2011-07-27 23:00:00,98.40799828530623
2011-07-28 00:00:00,88.3178019780675
2011-07-28 01:00:00,20.531807707004287
2011-07-28 02:00:00,9.470051559804428
2011-07-28 03:00:00,5.277002647432727
2011-07-28 04:00:00,5.778065820797473
2011-07-28 05:00:00,26.18547985519805
2011-07-28 06:00:00,108.13590219604944
2011-07-28 07:00:00,292.73809520472713
2011-07-28 08:00:00,412.0489919051852
2011-07-28 09:00:00,190.6927799520037
2011-07-28 10:00:00,119.89203947489321
2011-07-28 11:00:00,136.05410110997713
2011-07-28 12:00:00,163.27639939100985
2011-07-28 13:00:00,152.91996852528726
2011-07-28 14:00:00,142.59024393731744
2011-07-28 15:00:00,152.4881776822975
2011-07-28 16:00:00,243.0422301238868
2011-07-28 17:00:00,511.6987482508292
2011-07-28 18:00:00,505.41156442900143
2011-07-28 19:00:00,375.16585789144716
2011-07-28 20:00:00,285.48465929292405
2011-07-28 21:00:00,203.83285496197175
2011-07-28 22:00:00,138.7025728067566
2011-07-28 23:00:00,107.3711715005778
2011-07-29 00:00:00,81.99158827320811
2011-07-29 01:00:00,25.061033978851803
2011-07-29 02:00:00,16.70049791385094
2011-07-29 03:00:00,4.344774837658599
2011-07-29 04:00:00,6.690962424408055
2011-07-29 05:00:00,19.64006300888305
2011-07-29 06:00:00,99.46389679270871
2011-07-29 07:00:00,265.13378630588494
2011-07-29 08:00:00,395.35551958825744
2011-07-29 09:00:00,198.37830230465514
2011-07-29 10:00:00,139.13885750716986
2011-07-29 11:00:00,166.31551460988243
2011-07-29 12:00:00,200.5473118856987
2011-07-29 13:00:00,204.53090663328962
2011-07-29 14:00:00,199.85570727691533
2011-07-29 15:00:00,211.9550660788169
2011-07-29 16:00:00,290.90641286304515
2011-07-29 17:00:00,474.2107214148983
2011-07-29 18:00:00,449.2685271236276
2011-07-29 19:00:00,367.63604639939354
2011-07-29 20:00:00,282.2989394848069
2011-07-29 21:00:00,211.70537218814349
2011-07-29 22:00:00,204.99148803571242
2011-07-29 23:00:00,136.8894571468851
2011-07-30 00:00:00,351.01735210482366
2011-07-30 01:00:00,83.5344509273671
2011-07-30 02:00:00,67.73631892695099
2011-07-30 03:00:00,32.27957052280999
2011-07-30 04:00:00,7.60409119865268
2011-07-30 05:00:00,11.098972503601322
2011-07-30 06:00:00,25.522476854504877
2011-07-30 07:00:00,86.2336496001653
2011-07-30 08:00:00,154.63054437624203
2011-07-30 09:00:00,239.78380341755891
2011-07-30 10:00:00,298.01160509451813
2011-07-30 11:00:00,344.93300023623675
2011-07-30 12:00:00,376.66171924089065
2011-07-30 13:00:00,380.114858362884
2011-07-30 14:00:00,366.9310363916687
2011-07-30 15:00:00,359.40116222169723
2011-07-30 16:00:00,375.55845440250147
2011-07-30 17:00:00,385.027877498042
2011-07-30 18:00:00,368.09880559725775
2011-07-30 19:00:00,358.0402958178444
2011-07-30 20:00:00,290.4270685876188
2011-07-30 21:00:00,248.8587117075308
2011-07-30 22:00:00,218.68476238916077
2011-07-30 23:00:00,152.85491653166127
2011-07-31 00:00:00,339.1385383559534
2011-07-31 01:00:00,89.45863238609198
2011-07-31 02:00:00,80.97423359834059
2011-07-31 03:00:00,32.45830262338364
2011-07-31 04:00:00,6.659785777957579
2011-07-31 05:00:00,11.808178459765685
2011-07-31 06:00:00,23.16927485454802
2011-07-31 07:00:00,97.34657232952482
2011-07-31 08:00:00,140.83340835927
2011-07-31 09:00:00,216.3827079846275
2011-07-31 10:00:00,285.5450501993643
2011-07-31 11:00:00,334.45052163743026
2011-07-31 12:00:00,365.7550195538875
2011-07-31 13:00:00,363.90919341502524
2011-07-31 14:00:00,350.05736765077944
2011-07-31 15:00:00,341.5430100827586
2011-07-31 16:00:00,349.5366275629786
2011-07-31 17:00:00,365.9279811170871
2011-07-31 18:00:00,365.2238799552762
2011-07-31 19:00:00,338.832873548948
2011-07-31 20:00:00,279.7655712894033
2011-07-31 21:00:00,239.3967728750607
2011-07-31 22:00:00,171.44445602320943
2011-07-31 23:00:00,95.06927893381554
2011-08-20 00:00:00,97.98169029174889
2011-08-20 01:00:00,78.30134215807097
2011-08-20 02:00:00,62.766733949081654
2011-08-20 03:00:00,31.212832310714543
2011-08-20 04:00:00,7.8705815267686114
2011-08-20 05:00:00,11.728800240390614
2011-08-20 06:00:00,19.24623374614973
2011-08-20 07:00:00,52.751832588390705
2011-08-20 08:00:00,113.97185062740635
2011-08-20 09:00:00,191.9892637023031
2011-08-20 10:00:00,269.2956715874517
2011-08-20 11:00:00,297.69963064197105
2011-08-20 12:00:00,348.21213410675955
2011-08-20 13:00:00,353.22793690545626
2011-08-20 14:00:00,348.40923798319153
2011-08-20 15:00:00,345.8399403760317
2011-08-20 16:00:00,361.3928076045872
2011-08-20 17:00:00,395.87484932082026
2011-08-20 18:00:00,367.25983952202637
2011-08-20 19:00:00,325.90274290808946
2011-08-20 20:00:00,266.6275716666122
2011-08-20 21:00:00,224.12608241548185
2011-08-20 22:00:00,176.59396298530967
2011-08-20 23:00:00,123.62078493452604
2011-08-21 00:00:00,192.17068765072494
2011-08-21 01:00:00,77.72986069365446
2011-08-21 02:00:00,72.21120101186324
2011-08-21 03:00:00,36.592320681951804
2011-08-21 04:00:00,5.032402074464644
2011-08-21 05:00:00,8.029660099650947
2011-08-21 06:00:00,8.2763979678484
2011-08-21 07:00:00,51.40759733557383
2011-08-21 08:00:00,97.2317416037025
2011-08-21 09:00:00,204.24034615120473
2011-08-21 10:00:00,260.406424351143
2011-08-21 11:00:00,325.2020876152228
2011-08-21 12:00:00,361.0040922948502
2011-08-21 13:00:00,377.59296844271427
2011-08-21 14:00:00,179.62956597659547
2011-08-21 15:00:00,168.54367542267687
2011-08-21 16:00:00,250.39813996030287
2011-08-21 17:00:00,256.5310271677829
2011-08-21 18:00:00,252.02231469541815
2011-08-21 19:00:00,304.62330566882355
2011-08-21 20:00:00,201.1388935011064
2011-08-21 21:00:00,180.76572990385856
2011-08-21 22:00:00,162.60679502017032
2011-08-21 23:00:00,92.61683831321633
2011-08-22 00:00:00,56.07893061343505
2011-08-22 01:00:00,13.704889372799963
2011-08-22 02:00:00,8.50221021263001
2011-08-22 03:00:00,3.855600323273376
2011-08-22 04:00:00,5.295397975367578
2011-08-22 05:00:00,25.89877571524287
2011-08-22 06:00:00,104.49359191920492
2011-08-22 07:00:00,286.68969102367066
2011-08-22 08:00:00,383.7962223984981
2011-08-22 09:00:00,199.39204850961988
2011-08-22 10:00:00,123.89133203473355
2011-08-22 11:00:00,161.25481421144985
2011-08-22 12:00:00,187.2515646042197
2011-08-22 13:00:00,188.1748009768551
2011-08-22 14:00:00,176.33509985510852
2011-08-22 15:00:00,179.42777007094804
2011-08-22 16:00:00,289.90902663298124
2011-08-22 17:00:00,561.6551580562933
2011-08-22 18:00:00,556.035723839469
2011-08-22 19:00:00,392.23119430677457
2011-08-22 20:00:00,295.15790368664494
2011-08-22 21:00:00,203.29428024588194
2011-08-22 22:00:00,147.7740875447681
2011-08-22 23:00:00,92.29522888291167
2011-08-23 00:00:00,85.24996937222714
2011-08-23 01:00:00,13.372187326050286
2011-08-23 02:00:00,7.709166405764453
2011-08-23 03:00:00,3.7798863647602703
2011-08-23 04:00:00,5.260921648747432
2011-08-23 05:00:00,25.302358142239843
2011-08-23 06:00:00,111.6441062621891
2011-08-23 07:00:00,306.731154332101
2011-08-23 08:00:00,434.24665680727315
2011-08-23 09:00:00,196.25678652245654
2011-08-23 10:00:00,122.45308277545094
2011-08-23 11:00:00,152.39198266117538
2011-08-23 12:00:00,193.15404574099935
2011-08-23 13:00:00,195.44528479802332
2011-08-23 14:00:00,173.8356620565416
2011-08-23 15:00:00,178.14968678867703
2011-08-23 16:00:00,300.53090832110473
2011-08-23 17:00:00,582.7321037307212
2011-08-23 18:00:00,563.9189163310889
2011-08-23 19:00:00,375.14794765807255
2011-08-23 20:00:00,288.27092373290475
2011-08-23 21:00:00,200.9107022260882
2011-08-23 22:00:00,162.16058955604626
2011-08-23 23:00:00,87.88312776926622
2011-08-24 00:00:00,91.74208162979134
2011-08-24 01:00:00,14.043412267665556
2011-08-24 02:00:00,6.401161562356861
2011-08-24 03:00:00,5.600076142247364
2011-08-24 04:00:00,6.2938306304494605
2011-08-24 05:00:00,27.044284974763716
2011-08-24 06:00:00,110.52524731074546
2011-08-24 07:00:00,304.4498650800507
2011-08-24 08:00:00,428.7749305374885
2011-08-24 09:00:00,199.59382460223767
2011-08-24 10:00:00,123.09348757518362
2011-08-24 11:00:00,144.26016591748663
2011-08-24 12:00:00,191.1287899957224
2011-08-24 13:00:00,183.65671268904984
2011-08-24 14:00:00,171.38401360348564
2011-08-24 15:00:00,174.7922341318157
2011-08-24 16:00:00,277.42508473806373
2011-08-24 17:00:00,576.9616425606021
2011-08-24 18:00:00,543.3127431808406
2011-08-24 19:00:00,367.42782034036253
2011-08-24 20:00:00,281.9787537285232
2011-08-24 21:00:00,212.70417825302218
2011-08-24 22:00:00,147.0808240451774
2011-08-24 23:00:00,100.52271426004431
2011-08-25 00:00:00,75.45194118687785
2011-08-25 01:00:00,20.979236981845464
2011-08-25 02:00:00,7.052066505890879
2011-08-25 03:00:00,5.62377962541939
2011-08-25 04:00:00,6.719940587594534
2011-08-25 05:00:00,25.697341578758408
2011-08-25 06:00:00,99.15465927973128
2011-08-25 07:00:00,260.1228840266412
2011-08-25 08:00:00,415.1800738761525
2011-08-25 09:00:00,201.0126572645187
2011-08-25 10:00:00,126.27570296939724
2011-08-25 11:00:00,93.90519419890049
2011-08-25 12:00:00,96.77240762292278
2011-08-25 13:00:00,92.19936231039104
2011-08-25 14:00:00,121.27903300948526
2011-08-25 15:00:00,129.8559445344022
2011-08-25 16:00:00,165.05872203375847
2011-08-25 17:00:00,359.2220238087431
2011-08-25 18:00:00,357.279898981516
2011-08-25 19:00:00,232.88461522014433
2011-08-25 20:00:00,200.38732669029284
2011-08-25 21:00:00,174.0264508933877
2011-08-25 22:00:00,122.0820911627064
2011-08-25 23:00:00,92.65162034058724
2011-08-26 00:00:00,75.21907220552812
2011-08-26 01:00:00,23.852320215972497
2011-08-26 02:00:00,10.503369904945385
2011-08-26 03:00:00,5.808061365141704
2011-08-26 04:00:00,5.886568588888143
2011-08-26 05:00:00,18.909284128203517
2011-08-26 06:00:00,88.21036200099618
2011-08-26 07:00:00,261.3103189709385
2011-08-26 08:00:00,411.61151957682074
2011-08-26 09:00:00,180.21452620733817
2011-08-26 10:00:00,135.06143319859004
2011-08-26 11:00:00,174.34155857835927
2011-08-26 12:00:00,190.75410297208055
2011-08-26 13:00:00,222.34064420154812
2011-08-26 14:00:00,208.33714718705102
2011-08-26 15:00:00,227.3567822883103
2011-08-26 16:00:00,319.160690302924
2011-08-26 17:00:00,479.8972941658961
2011-08-26 18:00:00,404.26133669683156
2011-08-26 19:00:00,296.4764677967142
2011-08-26 20:00:00,214.22173689713063
2011-08-26 21:00:00,162.36825906592946
2011-08-26 22:00:00,134.15341545771966
2011-08-26 23:00:00,112.42678868136865
2011-08-27 00:00:00,138.61024147761978
2011-08-27 01:00:00,74.68211877184896
2011-08-27 02:00:00,63.37359334932969
2011-08-27 03:00:00,35.640004469827
2011-08-27 04:00:00,6.147273390073693
2011-08-27 05:00:00,9.64288975217669
2011-08-27 06:00:00,17.739138086454446
2011-08-27 07:00:00,56.42445605206622
2011-08-27 08:00:00,118.85105840242798
2011-08-27 09:00:00,151.27053772875936
2011-08-27 10:00:00,190.14148392356347
2011-08-27 11:00:00,92.32808833930108
2011-08-27 12:00:00,142.4735796027828
2011-08-27 13:00:00,138.65012249159815
2011-08-27 14:00:00,74.0986174866236
2011-08-27 15:00:00,90.23836188085005
2011-08-27 16:00:00,95.05843663872695
2011-08-27 17:00:00,125.27813071532087
2011-08-28 07:00:00,55.0206454980842
2011-08-28 08:00:00,107.31497699470123
2011-08-28 09:00:00,187.85341870406532
2011-08-28 10:00:00,237.73401658612212
2011-08-28 11:00:00,261.8479837902204
2011-08-28 12:00:00,379.5727619644665
2011-08-28 13:00:00,393.284429769623
2011-08-28 14:00:00,365.07634779748213
2011-08-28 15:00:00,358.63577508304024
2011-08-28 16:00:00,356.57357609543067
2011-08-28 17:00:00,394.9825194070198
2011-08-28 18:00:00,378.6719968805186
2011-08-28 19:00:00,331.18392953049545
2011-08-28 20:00:00,262.70530289049543
2011-08-28 21:00:00,193.92228683055663
2011-08-28 22:00:00,131.34035996648453
2011-08-28 23:00:00,85.83528584032565
2011-08-29 00:00:00,49.71141454880092
2011-08-29 01:00:00,12.92664992264703
2011-08-29 02:00:00,7.899572729661648
2011-08-29 03:00:00,6.1717147124492335
2011-08-29 04:00:00,5.3601106383317845
2011-08-29 05:00:00,23.89620828801903
2011-08-29 06:00:00,107.56904461128988
2011-08-29 07:00:00,294.3738096384386
2011-08-29 08:00:00,391.7164756115044
2011-08-29 09:00:00,198.74693029696544
2011-08-29 10:00:00,126.18483156155148
2011-08-29 11:00:00,162.27175896452556
2011-08-29 12:00:00,190.76342853491354
2011-08-29 13:00:00,193.34869195943813
2011-08-29 14:00:00,168.84096286272964
2011-08-29 15:00:00,175.83317075115312
2011-08-29 16:00:00,296.0509819504565
2011-08-29 17:00:00,549.643125933123
2011-08-29 18:00:00,539.1916979736817
2011-08-29 19:00:00,396.41737840118645
2011-08-29 20:00:00,289.1213554302096
2011-08-29 21:00:00,201.01978706174083
2011-08-29 22:00:00,154.76315605243857
2011-08-29 23:00:00,80.6344420500033
2011-08-30 00:00:00,47.167828701578216
2011-08-30 01:00:00,12.137203590673172
2011-08-30 02:00:00,6.208753098544593
2011-08-30 03:00:00,4.724465899170679
2011-08-30 04:00:00,6.107603810021904
2011-08-30 05:00:00,22.845971359353246
2011-08-30 06:00:00,110.68801345205182
2011-08-30 07:00:00,320.05625433648754
2011-08-30 08:00:00,443.3092736792675
2011-08-30 09:00:00,200.2171312355195
2011-08-30 10:00:00,130.2640671156354
2011-08-30 11:00:00,158.32968621189767
2011-08-30 12:00:00,195.09383941128547
2011-08-30 13:00:00,194.0144183446279
2011-08-30 14:00:00,179.17083250306123
2011-08-30 15:00:00,178.22533052548636
2011-08-30 16:00:00,300.5831821056414
2011-08-30 17:00:00,580.6965163527982
2011-08-30 18:00:00,551.9958911120394
2011-08-30 19:00:00,378.0490939185049
2011-08-30 20:00:00,287.9192802240134
2011-08-30 21:00:00,171.72172803503074
2011-08-30 22:00:00,141.98100671643985
2011-08-30 23:00:00,87.27686304324877
2011-08-31 00:00:00,44.917555812367866
2011-08-31 01:00:00,12.7436384507978
2011-08-31 02:00:00,6.1549232657365005
2011-08-31 03:00:00,5.695214884197542
2011-08-31 04:00:00,6.154252058203355
2011-08-31 05:00:00,27.46002674334848
2011-08-31 06:00:00,108.29158981793036
2011-08-31 07:00:00,309.70748154255017
2011-08-31 08:00:00,428.501043126828
2011-08-31 09:00:00,195.0013109729812
2011-08-31 10:00:00,125.09699479900489
2011-08-31 11:00:00,153.24141155112207
2011-08-31 12:00:00,194.72689357242328
2011-08-31 13:00:00,187.2946552704452
2011-08-31 14:00:00,171.2982440316917
2011-08-31 15:00:00,171.28188422896625
2011-08-31 16:00:00,293.7433184498254
2011-08-31 17:00:00,575.1070708177463
2011-08-31 18:00:00,552.3305300003124
2011-08-31 19:00:00,374.9333407420753
2011-08-31 20:00:00,287.7710922552854
2011-08-31 21:00:00,206.6598833501103
2011-08-31 22:00:00,122.48289245185634
2011-08-31 23:00:00,80.33607243385232
2011-09-20 00:00:00,57.138569766263686
2011-09-20 01:00:00,11.307078512562985
2011-09-20 02:00:00,4.3653464975987815
2011-09-20 03:00:00,4.6806074436759335
2011-09-20 04:00:00,5.254485242904536
2011-09-20 05:00:00,21.229531850735672
2011-09-20 06:00:00,104.71598629366174
2011-09-20 07:00:00,223.01319191060904
2011-09-20 08:00:00,209.98683913728064
2011-09-20 09:00:00,87.79824357700932
2011-09-20 10:00:00,58.773343949379615
2011-09-20 11:00:00,53.5915269381193
2011-09-20 12:00:00,52.45191379909039
2011-09-20 13:00:00,44.93565162831004
2011-09-20 14:00:00,51.471448518792386
2011-09-20 15:00:00,123.28663562349097
2011-09-20 16:00:00,199.3112899555445
2011-09-20 17:00:00,370.1216936169353
2011-09-20 18:00:00,370.8071066035303
2011-09-20 19:00:00,164.7416664683298
2011-09-20 20:00:00,78.48824288117926
2011-09-20 21:00:00,75.95657370173767
2011-09-20 22:00:00,71.34775665851875
2011-09-20 23:00:00,59.488970381073386
2011-09-21 00:00:00,31.344312038338444
2011-09-21 01:00:00,8.94036799724745
2011-09-21 02:00:00,5.136240200848619
2011-09-21 03:00:00,3.95319757017254
2011-09-21 04:00:00,4.561013644372347
2011-09-21 05:00:00,14.767417814823862
2011-09-21 06:00:00,83.08592633514111
2011-09-21 07:00:00,152.34256300205607
2011-09-21 08:00:00,300.2326357159516
2011-09-21 09:00:00,105.12723320756122
2011-09-21 10:00:00,54.512544242787314
2011-09-21 11:00:00,90.02231251971126
2011-09-21 12:00:00,106.20732762195458
2011-09-21 13:00:00,133.5111849122295
2011-09-21 14:00:00,127.54049516560588
2011-09-21 15:00:00,127.0327293726083
2011-09-21 16:00:00,262.7243415241817
2011-09-21 17:00:00,378.2685585639972
2011-09-21 18:00:00,300.5987341215027
2011-09-21 19:00:00,98.61382573004823
2011-09-21 20:00:00,66.09818250576184
2011-09-21 21:00:00,62.731477247795894
2011-09-21 22:00:00,79.7000428094867
2011-09-21 23:00:00,57.9031026021333
2011-09-22 00:00:00,37.86382788954476
2011-09-22 01:00:00,11.97110693066499
2011-09-22 02:00:00,5.738550284857655
2011-09-22 03:00:00,4.44769546674893
2011-09-22 04:00:00,4.463178203953621
2011-09-22 05:00:00,17.806848664528815
2011-09-22 06:00:00,86.4946983728312
2011-09-22 07:00:00,181.3934729822367
2011-09-22 08:00:00,290.18864698173496
2011-09-22 09:00:00,113.86248053620119
2011-09-22 10:00:00,79.70445866037609
2011-09-22 11:00:00,80.15981011580728
2011-09-22 12:00:00,141.0604403520357
2011-09-22 13:00:00,137.71646755656943
2011-09-22 14:00:00,126.65470751473009
2011-09-22 15:00:00,131.28427396536028
2011-09-22 16:00:00,263.65501898998144
2011-09-22 17:00:00,401.1947388584816
2011-09-22 18:00:00,332.610505387976
2011-09-22 19:00:00,162.323278600983
2011-09-22 20:00:00,92.1218096159089
2011-09-22 21:00:00,93.7214576650548
2011-09-22 22:00:00,72.9427606327638
2011-09-22 23:00:00,67.42472989885421
2011-09-23 00:00:00,59.028040776414116
2011-09-23 01:00:00,13.99414807485228
2011-09-23 02:00:00,7.894548283937221
2011-09-23 03:00:00,4.477470288248613
2011-09-23 04:00:00,4.553605213049717
2011-09-23 05:00:00,16.841390050026696
2011-09-23 06:00:00,81.0551063932372
2011-09-23 07:00:00,120.50516290722506
2011-09-23 08:00:00,224.80981935467642
2011-09-23 09:00:00,111.9147618789186
2011-09-23 10:00:00,70.45607506233122
2011-09-23 11:00:00,71.15933083037547
2011-09-23 12:00:00,73.89751863066283
2011-09-23 13:00:00,64.5897340314197
2011-09-23 14:00:00,65.59619824952252
2011-09-23 15:00:00,72.23801463258008
2011-09-23 16:00:00,95.33875074781092
2011-09-23 17:00:00,202.94800184973357
2011-09-23 18:00:00,183.29257316789756
2011-09-23 19:00:00,176.4175921506033
2011-09-23 20:00:00,100.21635976409446
2011-09-23 21:00:00,96.5534383995228
2011-09-23 22:00:00,97.22478518622094
2011-09-23 23:00:00,79.9770750778019
2011-09-24 00:00:00,91.77211943040932
2011-09-24 01:00:00,69.29962830009093
2011-09-24 02:00:00,55.86044093062036
2011-09-24 03:00:00,27.99514281368499
2011-09-24 04:00:00,6.910811892160772
2011-09-24 05:00:00,9.842246581446286
2011-09-24 06:00:00,13.379666626502434
2011-09-24 07:00:00,57.3812777551921
2011-09-24 08:00:00,92.10348425381544
2011-09-24 09:00:00,126.30198689665326
2011-09-24 10:00:00,123.1101974504282
2011-09-24 11:00:00,191.2409716318345
2011-09-24 12:00:00,200.05568902096243
2011-09-24 13:00:00,209.163962305272
2011-09-24 14:00:00,247.44928435789
2011-09-24 15:00:00,260.50886972216756
2011-09-24 16:00:00,245.8853370820374
2011-09-24 17:00:00,302.05464148290883
2011-09-24 18:00:00,266.8114791587535
2011-09-24 19:00:00,162.1383459733479
2011-09-24 20:00:00,183.3897885991603
2011-09-24 21:00:00,171.69429172781338
2011-09-24 22:00:00,119.53911670043804
2011-09-24 23:00:00,111.05187357102977
2011-09-25 00:00:00,85.67522659328115
2011-09-25 01:00:00,74.629869452539907
2011-09-25 02:00:00,54.61416773408293
2011-09-25 03:00:00,24.43398121284089
2011-09-25 04:00:00,6.4136394410433315
2011-09-25 05:00:00,12.33746091052709
2011-09-25 06:00:00,12.422724255063228
2011-09-25 07:00:00,50.4418910621392
2011-09-25 08:00:00,87.036665197048407
2011-09-25 09:00:00,172.03375683870152
2011-09-25 10:00:00,192.23134799767647
2011-09-25 11:00:00,203.0629516627798
2011-09-25 12:00:00,216.870144247289
2011-09-25 13:00:00,249.64294282151454
2011-09-25 14:00:00,194.15635381142928
2011-09-25 15:00:00,199.9272239423717
2011-09-25 16:00:00,339.262055212405
2011-09-25 17:00:00,300.21171817758847
2011-09-25 18:00:00,276.75909431061734
2011-09-25 19:00:00,235.82278309763447
2011-09-25 20:00:00,187.6197850698695
2011-09-25 21:00:00,105.5543143809923
2011-09-25 22:00:00,114.2706418367464
2011-09-25 23:00:00,81.86994660579842
2011-09-26 00:00:00,50.846353706578206
2011-09-26 01:00:00,11.319263117098771
2011-09-26 02:00:00,4.794296343244937
2011-09-26 03:00:00,3.3749235643795195
2011-09-26 04:00:00,5.62948709197078
2011-09-26 05:00:00,20.00568290457943
2011-09-26 06:00:00,95.54398067160894
2011-09-26 07:00:00,198.83547108798297
2011-09-26 08:00:00,288.1225122584952
2011-09-26 09:00:00,146.96981743303542
2011-09-26 10:00:00,78.42779595420579
2011-09-26 11:00:00,108.79398763271207
2011-09-26 12:00:00,123.93975330755313
2011-09-26 13:00:00,134.22896585931483
2011-09-26 14:00:00,126.95189794333949
2011-09-26 15:00:00,163.1564152628164
2011-09-26 16:00:00,286.7868200336323
2011-09-26 17:00:00,532.1589144398826
2011-09-26 18:00:00,355.4126043893974
2011-09-26 19:00:00,247.9087068932047
2011-09-26 20:00:00,110.89366895302786
2011-09-26 21:00:00,108.20234179861829
2011-09-26 22:00:00,91.88864845981777
2011-09-26 23:00:00,67.12481783937773
2011-09-27 00:00:00,57.04606579072547
2011-09-27 01:00:00,9.988173573406787
2011-09-27 02:00:00,4.958078959506732
2011-09-27 03:00:00,2.962668627153332
2011-09-27 04:00:00,4.799815149455013
2011-09-27 05:00:00,14.34651063969628
2011-09-27 06:00:00,98.58569353651302
2011-09-27 07:00:00,218.37936818186355
2011-09-27 08:00:00,296.56670830261055
2011-09-27 09:00:00,127.05942809398188
2011-09-27 10:00:00,72.07933372437151
2011-09-27 11:00:00,67.4142786063824
2011-09-27 12:00:00,78.55016515066367
2011-09-27 13:00:00,144.12681941610205
2011-09-27 14:00:00,91.1085098763915
2011-09-27 15:00:00,100.42246338892518
2011-09-27 16:00:00,194.02429423124167
2011-09-27 17:00:00,236.0871759702985
2011-09-27 18:00:00,242.10262841535794
2011-09-27 19:00:00,185.5493968979946
2011-09-27 20:00:00,209.80520683402102
2011-09-27 21:00:00,148.32864995635484
2011-09-27 22:00:00,88.7823360689033
2011-09-27 23:00:00,66.43485944788274
2011-09-28 00:00:00,54.69603050815616
2011-09-28 01:00:00,12.140631132692803
2011-09-28 02:00:00,4.423715784363033
2011-09-28 03:00:00,4.3938119650899585
2011-09-28 04:00:00,5.667185195552253
2011-09-28 05:00:00,18.141032450104454
2011-09-28 06:00:00,61.90284641448651
2011-09-28 07:00:00,109.74886847822039
2011-09-28 08:00:00,216.6350774433609
2011-09-28 09:00:00,119.63807274783575
2011-09-28 10:00:00,58.963122979046766
2011-09-28 11:00:00,85.87290297904264
2011-09-28 12:00:00,109.6022547894573
2011-09-28 13:00:00,134.2767062840142
2011-09-28 14:00:00,154.72938585490004
2011-09-28 15:00:00,141.48647503124255
2011-09-28 16:00:00,288.1455201179319
2011-09-28 17:00:00,533.311336231102
2011-09-28 18:00:00,303.0845726638556
2011-09-28 19:00:00,213.7061366658682
2011-09-28 20:00:00,117.89069301231817
2011-09-28 21:00:00,95.07067254517594
2011-09-28 22:00:00,89.79212185843659
2011-09-28 23:00:00,69.10517961519389
2011-09-29 00:00:00,43.875015192283115
2011-09-29 01:00:00,12.457499022631678
2011-09-29 02:00:00,5.552348420927272
2011-09-29 03:00:00,4.982423106697816
2011-09-29 04:00:00,5.688608583903709
2011-09-29 05:00:00,20.134267480969207
2011-09-29 06:00:00,107.84482026445566
2011-09-29 07:00:00,230.07286704871893
2011-09-29 08:00:00,415.15492179917834
2011-09-29 09:00:00,201.43278868209077
2011-09-29 10:00:00,125.49332887418814
2011-09-29 11:00:00,155.5100695057008
2011-09-29 12:00:00,203.34600480919056
2011-09-29 13:00:00,189.92389402629678
2011-09-29 14:00:00,181.44833584637183
2011-09-29 15:00:00,182.98875296742042
2011-09-29 16:00:00,298.4706475449503
2011-09-29 17:00:00,566.0009356789375
2011-09-29 18:00:00,538.5341894408447
2011-09-29 19:00:00,356.72442301156855
2011-09-29 20:00:00,258.8351891683926
2011-09-29 21:00:00,193.04353875554366
2011-09-29 22:00:00,132.69861080815727
2011-09-29 23:00:00,85.72662160237785
2011-09-30 00:00:00,75.0412294571051
2011-09-30 01:00:00,24.521580597879925
2011-09-30 02:00:00,8.652784912595115
2011-09-30 03:00:00,6.160446369531143
2011-09-30 04:00:00,5.644836209938666
2011-09-30 05:00:00,24.854338497920036
2011-09-30 06:00:00,92.38342240785458
2011-09-30 07:00:00,254.49431648078922
2011-09-30 08:00:00,423.6480667489368
2011-09-30 09:00:00,206.2141620525725
2011-09-30 10:00:00,144.06024831933874
2011-09-30 11:00:00,182.41589483756542
2011-09-30 12:00:00,213.6384152153562
2011-09-30 13:00:00,220.67006514524857
2011-09-30 14:00:00,195.86579373023307
2011-09-30 15:00:00,207.61866607364354
2011-09-30 16:00:00,339.1685123980406
2011-09-30 17:00:00,535.2617781350965
2011-09-30 18:00:00,464.7148967380686
2011-09-30 19:00:00,294.19017293088626
2011-09-30 20:00:00,211.24447409955903
2011-09-30 21:00:00,175.32813173197454
2011-09-30 22:00:00,137.0153060920697
2011-09-30 23:00:00,106.59649553776121
2011-10-20 00:00:00,60.357734071595814
2011-10-20 01:00:00,14.321656060403404
2011-10-20 02:00:00,5.429545719196404
2011-10-20 03:00:00,4.094304135407768
2011-10-20 04:00:00,4.90508859990604
2011-10-20 05:00:00,24.793914498698047
2011-10-20 06:00:00,94.50344915438097
2011-10-20 07:00:00,259.73372371199775
2011-10-20 08:00:00,389.6800352548623
2011-10-20 09:00:00,205.7271263853711
2011-10-20 10:00:00,113.52285207880298
2011-10-20 11:00:00,129.08503724420308
2011-10-20 12:00:00,173.2309389717634
2011-10-20 13:00:00,171.5700443197204
2011-10-20 14:00:00,144.82955571623512
2011-10-20 15:00:00,148.8926111707122
2011-10-20 16:00:00,247.68318614561954
2011-10-20 17:00:00,452.6223819296706
2011-10-20 18:00:00,419.06414802310576
2011-10-20 19:00:00,277.14630561336895
2011-10-20 20:00:00,205.67719267238073
2011-10-20 21:00:00,149.3916926051117
2011-10-20 22:00:00,115.70862852148444
2011-10-20 23:00:00,81.25995498752054
2011-10-21 00:00:00,88.26488664191187
2011-10-21 01:00:00,21.915700649601934
2011-10-21 02:00:00,11.439844693402863
2011-10-21 03:00:00,5.8038822897483735
2011-10-21 04:00:00,4.637827498347927
2011-10-21 05:00:00,23.892904627753783
2011-10-21 06:00:00,88.19225496808872
2011-10-21 07:00:00,241.21261334024098
2011-10-21 08:00:00,422.2813554766722
2011-10-21 09:00:00,207.53593792268055
2011-10-21 10:00:00,141.49384867990258
2011-10-21 11:00:00,174.71996040199394
2011-10-21 12:00:00,198.55649313937496
2011-10-21 13:00:00,188.01733755689796
2011-10-21 14:00:00,183.93298413119484
2011-10-21 15:00:00,201.79627813372218
2011-10-21 16:00:00,289.8915514469235
2011-10-21 17:00:00,475.70278237826994
2011-10-21 18:00:00,419.6374477827239
2011-10-21 19:00:00,259.5523720303719
2011-10-21 20:00:00,189.0955593778676
2011-10-21 21:00:00,150.06678179011678
2011-10-21 22:00:00,125.3298523948168
2011-10-21 23:00:00,91.97997112221935
2011-10-22 00:00:00,137.2495287441736
2011-10-22 01:00:00,69.5961060114054
2011-10-22 02:00:00,56.447014703907335
2011-10-22 03:00:00,24.827677130839636
2011-10-22 04:00:00,7.211557804416132
2011-10-22 05:00:00,6.783975045116957
2011-10-22 06:00:00,18.01370426783904
2011-10-22 07:00:00,49.45411082408653
2011-10-22 08:00:00,97.23601394973524
2011-10-22 09:00:00,153.62478452283108
2011-10-22 10:00:00,211.69554756502916
2011-10-22 11:00:00,249.27306785630307
2011-10-22 12:00:00,258.3719006113127
2011-10-22 13:00:00,300.87702022537417
2011-10-22 14:00:00,286.200792798225
2011-10-22 15:00:00,277.3604967378167
2011-10-22 16:00:00,326.48866518450274
2011-10-22 17:00:00,265.30160887805994
2011-10-22 18:00:00,224.90208210481666
2011-10-22 19:00:00,193.9530892924063
2011-10-22 20:00:00,148.54031337740176
2011-10-22 21:00:00,119.53394919762762
2011-10-22 22:00:00,110.75330361949462
2011-10-22 23:00:00,83.93831605467706
2011-10-23 00:00:00,47.74505395519591
2011-10-23 01:00:00,73.91693058239957
2011-10-23 02:00:00,54.27836212780297
2011-10-23 03:00:00,31.83989389986789
2011-10-23 04:00:00,8.437527204169292
2011-10-23 05:00:00,6.002398204436366
2011-10-23 06:00:00,16.22917564394909
2011-10-23 07:00:00,39.37549469761146
2011-10-23 08:00:00,72.59501515555716
2011-10-23 09:00:00,146.35261985412563
2011-10-23 10:00:00,217.4160709685504
2011-10-23 11:00:00,227.27129008377926
2011-10-23 12:00:00,280.28335220844156
2011-10-23 13:00:00,307.00332878240874
2011-10-23 14:00:00,301.48075832960194
2011-10-23 15:00:00,298.92621720712975
2011-10-23 16:00:00,325.7037755957335
2011-10-23 17:00:00,293.2298667725663
2011-10-23 18:00:00,263.8934351660934
2011-10-23 19:00:00,200.742378714941
2011-10-23 20:00:00,144.4842012813226
2011-10-23 21:00:00,109.92938806020204
2011-10-23 22:00:00,106.57401793136512
2011-10-23 23:00:00,62.03151548978861
2011-10-24 00:00:00,68.11069267452127
2011-10-24 01:00:00,9.50170239540065
2011-10-24 02:00:00,4.909167404697898
2011-10-24 03:00:00,5.437137573649846
2011-10-24 04:00:00,5.8100966157703
2011-10-24 05:00:00,25.110786634494445
2011-10-24 06:00:00,98.82026927751502
2011-10-24 07:00:00,242.52949091924137
2011-10-24 08:00:00,393.3099644349598
2011-10-24 09:00:00,189.36076052352055
2011-10-24 10:00:00,99.575262876769
2011-10-24 11:00:00,113.64479273682393
2011-10-24 12:00:00,166.93549948867982
2011-10-24 13:00:00,150.51755676485448
2011-10-24 14:00:00,135.72581773828412
2011-10-24 15:00:00,182.17529811381922
2011-10-24 16:00:00,277.9957529264672
2011-10-24 17:00:00,505.2497915081883
2011-10-24 18:00:00,501.9764847271244
2011-10-24 19:00:00,192.1202932031507
2011-10-24 20:00:00,203.37123638813014
2011-10-24 21:00:00,122.43597482300625
2011-10-24 22:00:00,116.27710044234153
2011-10-24 23:00:00,69.64930544350504
2011-10-25 00:00:00,59.00078840145485
2011-10-25 01:00:00,11.377623049804106
2011-10-25 02:00:00,4.306082159793226
2011-10-25 03:00:00,3.812673066979792
2011-10-25 04:00:00,5.547792588107343
2011-10-25 05:00:00,23.688406373352134
2011-10-25 06:00:00,101.47007125120146
2011-10-25 07:00:00,265.89235881120567
2011-10-25 08:00:00,427.37262934158025
2011-10-25 09:00:00,202.92071876892476
2011-10-25 10:00:00,128.93707110608526
2011-10-25 11:00:00,144.1826728691263
2011-10-25 12:00:00,183.52583683217816
2011-10-25 13:00:00,181.91501237701726
2011-10-25 14:00:00,162.72997580039583
2011-10-25 15:00:00,178.4036684687992
2011-10-25 16:00:00,295.4352406648796
2011-10-25 17:00:00,549.3272445600757
2011-10-25 18:00:00,455.875416022624
2011-10-25 19:00:00,295.58812986581995
2011-10-25 20:00:00,208.49507106019982
2011-10-25 21:00:00,159.91632100855463
2011-10-25 22:00:00,123.15291989737206
2011-10-25 23:00:00,67.53449904960692
2011-10-26 00:00:00,61.705078407918585
2011-10-26 01:00:00,10.69645500437369
2011-10-26 02:00:00,5.7698088637986205
2011-10-26 03:00:00,4.095664848337742
2011-10-26 04:00:00,4.389418920783821
2011-10-26 05:00:00,25.713610063816194
2011-10-26 06:00:00,109.74246827872197
2011-10-26 07:00:00,285.85488835871973
2011-10-26 08:00:00,430.53463289295144
2011-10-26 09:00:00,209.81113261940848
2011-10-26 10:00:00,124.76362443207225
2011-10-26 11:00:00,126.39918787633125
2011-10-26 12:00:00,153.82709342624517
2011-10-26 13:00:00,147.06330904506075
2011-10-26 14:00:00,81.0380803225057
2011-10-26 15:00:00,96.17879092279293
2011-10-26 16:00:00,180.38408854555502
2011-10-26 17:00:00,427.7047981728516
2011-10-26 18:00:00,415.98259030426453
2011-10-26 19:00:00,252.40031345503485
2011-10-26 20:00:00,106.20864752029124
2011-10-26 21:00:00,144.3380656881318
2011-10-26 22:00:00,95.58516814733194
2011-10-26 23:00:00,70.1385105087885
2011-10-27 00:00:00,41.86219321983117
2011-10-27 01:00:00,10.710887478806564
2011-10-27 02:00:00,6.151405842648066
2011-10-27 03:00:00,3.420263331475059
2011-10-27 04:00:00,4.3207078321055175
2011-10-27 05:00:00,18.36722388989317
2011-10-27 06:00:00,70.21039418250189
2011-10-27 07:00:00,250.14204857155568
2011-10-27 08:00:00,257.27027229889467
2011-10-27 09:00:00,193.0457190813002
2011-10-27 10:00:00,80.89126109219603
2011-10-27 11:00:00,83.92901020057214
2011-10-27 12:00:00,77.56699647903316
2011-10-27 13:00:00,71.01411437426118
2011-10-27 14:00:00,102.40665038443738
2011-10-27 15:00:00,120.57538816313799
2011-10-27 16:00:00,267.680131735455
2011-10-27 17:00:00,433.6155015458714
2011-10-27 18:00:00,413.93584791820666
2011-10-27 19:00:00,256.007826381702
2011-10-27 20:00:00,203.86128006037575
2011-10-27 21:00:00,146.5121812344358
2011-10-27 22:00:00,95.76837894795112
2011-10-27 23:00:00,67.44146870129656
2011-10-28 00:00:00,79.65235786079177
2011-10-28 01:00:00,17.34674474159276
2011-10-28 02:00:00,8.491013966687996
2011-10-28 03:00:00,3.1675659427845337
2011-10-28 04:00:00,4.04544400446398
2011-10-28 05:00:00,22.138507709581326
2011-10-28 06:00:00,81.60808879255956
2011-10-28 07:00:00,177.75261083153848
2011-10-28 08:00:00,359.3752920507707
2011-10-28 09:00:00,192.82392708941558
2011-10-28 10:00:00,117.42626695591387
2011-10-28 11:00:00,143.61851740178494
2011-10-28 12:00:00,182.9569109078466
2011-10-28 13:00:00,179.2418641759921
2011-10-28 14:00:00,153.44658584734037
2011-10-28 15:00:00,162.8492031665975
2011-10-28 16:00:00,223.91264841503664
2011-10-28 17:00:00,379.32890271691565
2011-10-28 18:00:00,346.16119234026485
2011-10-28 19:00:00,228.71117696711684
2011-10-28 20:00:00,120.12971585275413
2011-10-28 21:00:00,92.01758044698117
2011-10-28 22:00:00,72.58481247269151
2011-10-28 23:00:00,46.87452013013938
2011-10-29 00:00:00,50.907029839715875
2011-10-29 01:00:00,38.449739595554384
2011-10-29 02:00:00,32.87735931207273
2011-10-29 03:00:00,10.005862978585759
2011-10-29 04:00:00,5.654164713584267
2011-10-29 05:00:00,3.089656948066823
2011-10-29 06:00:00,14.13860374614249
2011-10-29 07:00:00,32.350994817071154
2011-10-29 08:00:00,59.53268201589373
2011-10-29 09:00:00,66.68636805855053
2011-10-29 10:00:00,60.03927507852794
2011-10-29 11:00:00,49.74659639945245
2011-10-29 12:00:00,46.41289910207125
2011-10-29 13:00:00,41.481894253015994
2011-10-29 14:00:00,46.319163724988805
2011-10-29 15:00:00,54.954680216077364
2011-10-29 16:00:00,63.7388686268579
2011-10-29 17:00:00,82.12963758075205
2011-10-29 18:00:00,71.72559347764948
2011-10-29 19:00:00,72.90300260305855
2011-10-29 20:00:00,58.5219645966874
2011-10-29 21:00:00,54.887140175642
2011-10-29 22:00:00,59.19475302229279
2011-10-29 23:00:00,57.209098998745375
2011-10-30 00:00:00,46.687983315600555
2011-10-30 01:00:00,50.78577578553772
2011-10-30 02:00:00,38.46942811212637
2011-10-30 03:00:00,11.521248253227999
2011-10-30 04:00:00,3.9807531448940545
2011-10-30 05:00:00,3.9401359015554718
2011-10-30 06:00:00,11.513544998761683
2011-10-30 07:00:00,32.61422701331112
2011-10-30 08:00:00,71.59110260330773
2011-10-30 09:00:00,122.46698551609691
2011-10-30 10:00:00,180.57024107498282
2011-10-30 11:00:00,234.73617547741608
2011-10-30 12:00:00,296.0091068596898
2011-10-30 13:00:00,294.7144769734093
2011-10-30 14:00:00,304.1074625244755
2011-10-30 15:00:00,299.88234297237017
2011-10-30 16:00:00,294.784278007616
2011-10-30 17:00:00,273.0205969013648
2011-10-30 18:00:00,202.8519437387572
2011-10-30 19:00:00,249.96778607130616
2011-10-30 20:00:00,129.8794337719831
2011-10-30 21:00:00,99.00643489209419
2011-10-30 22:00:00,84.52632699434761
2011-10-30 23:00:00,47.48025048987385
2011-10-31 00:00:00,29.868031441015795
2011-10-31 01:00:00,8.8706878227035
2011-10-31 02:00:00,3.0188943903572087
2011-10-31 03:00:00,2.868577523162474
2011-10-31 04:00:00,4.564312115478751
2011-10-31 05:00:00,21.605924265914208
2011-10-31 06:00:00,82.89488704771678
2011-10-31 07:00:00,181.09417566391616
2011-10-31 08:00:00,375.90490522661605
2011-10-31 09:00:00,174.53068373960642
2011-10-31 10:00:00,111.32451843863579
2011-10-31 11:00:00,130.40948205202204
2011-10-31 12:00:00,158.43463277200328
2011-10-31 13:00:00,153.55358275763155
2011-10-31 14:00:00,139.78790582611114
2011-10-31 15:00:00,152.97601379266024
2011-10-31 16:00:00,247.20338224395542
2011-10-31 17:00:00,484.04738630157175
2011-10-31 18:00:00,404.91662799062215
2011-10-31 19:00:00,277.6692631789207
2011-10-31 20:00:00,194.56294564916507
2011-10-31 21:00:00,127.93621727221279
2011-10-31 22:00:00,102.95885906232539
2011-10-31 23:00:00,58.52157720917167
2011-11-20 00:00:00,127.21519416041258
2011-11-20 01:00:00,71.45803861593365
2011-11-20 02:00:00,61.69837615861918
2011-11-20 03:00:00,27.576265408414347
2011-11-20 04:00:00,6.669572904334249
2011-11-20 05:00:00,6.788329062433905
2011-11-20 06:00:00,16.25276453925418
2011-11-20 07:00:00,47.891482415033245
2011-11-20 08:00:00,85.22857230466172
2011-11-20 09:00:00,151.0123797006614
2011-11-20 10:00:00,205.28809221599505
2011-11-20 11:00:00,267.02264030491153
2011-11-20 12:00:00,277.8538842106803
2011-11-20 13:00:00,311.4815326048778
2011-11-20 14:00:00,292.36866707521244
2011-11-20 15:00:00,287.67375057786586
2011-11-20 16:00:00,301.5452536729266
2011-11-20 17:00:00,259.3359872883792
2011-11-20 18:00:00,281.8059443954664
2011-11-20 19:00:00,218.17592452977172
2011-11-20 20:00:00,172.5913600107558
2011-11-20 21:00:00,121.21968980541897
2011-11-20 22:00:00,78.16303698881883
2011-11-20 23:00:00,62.97814105721969
2011-11-21 00:00:00,50.14679184865272
2011-11-21 01:00:00,7.6783124707392245
2011-11-21 02:00:00,5.809068054146126
2011-11-21 03:00:00,3.190646180359029
2011-11-21 04:00:00,3.6480091339771925
2011-11-21 05:00:00,15.156896219852365
2011-11-21 06:00:00,81.34189595323257
2011-11-21 07:00:00,234.2984713564312
2011-11-21 08:00:00,376.3788439223089
2011-11-21 09:00:00,162.3126059839688
2011-11-21 10:00:00,95.00481723503925
2011-11-21 11:00:00,98.48817084067267
2011-11-21 12:00:00,130.82327450069565
2011-11-21 13:00:00,115.76145900838989
2011-11-21 14:00:00,98.99184567063556
2011-11-21 15:00:00,55.68421452741598
2011-11-21 16:00:00,74.40692480381986
2011-11-21 17:00:00,119.12128957874928
2011-11-21 18:00:00,142.46418574535966
2011-11-21 19:00:00,104.00888139483891
2011-11-21 20:00:00,83.43503234564987
2011-11-21 21:00:00,80.30575324842096
2011-11-21 22:00:00,67.20797845080615
2011-11-21 23:00:00,44.30717803486592
2011-11-22 00:00:00,48.80263557401376
2011-11-22 01:00:00,6.8979294046968285
2011-11-22 02:00:00,4.299577174279247
2011-11-22 03:00:00,2.6701480410902034
2011-11-22 04:00:00,3.933381283786237
2011-11-22 05:00:00,15.426114983124188
2011-11-22 06:00:00,87.27922218132602
2011-11-22 07:00:00,98.37685694837407
2011-11-22 08:00:00,183.84930351015433
2011-11-22 09:00:00,101.35394653538766
2011-11-22 10:00:00,51.16912185646038
2011-11-22 11:00:00,52.33105415255001
2011-11-22 12:00:00,48.93886575526916
2011-11-22 13:00:00,47.29224455480019
2011-11-22 14:00:00,46.597420687899906
2011-11-22 15:00:00,53.86599118116759
2011-11-22 16:00:00,72.02006628551537
2011-11-22 17:00:00,135.14577230963712
2011-11-22 18:00:00,122.5259956643955
2011-11-22 19:00:00,133.82134400504478
2011-11-22 20:00:00,94.58912407841844
2011-11-22 21:00:00,100.01253657062819
2011-11-22 22:00:00,88.51738158673292
2011-11-22 23:00:00,65.22510737916282
2011-11-23 00:00:00,59.63289608025009
2011-11-23 01:00:00,10.421626987563618
2011-11-23 02:00:00,3.431278228794027
2011-11-23 03:00:00,2.784633435276214
2011-11-23 04:00:00,4.724876784254245
2011-11-23 05:00:00,18.708086537567556
2011-11-23 06:00:00,71.57198804900023
2011-11-23 07:00:00,195.15344205804288
2011-11-23 08:00:00,347.5492586681812
2011-11-23 09:00:00,147.14314747283177
2011-11-23 10:00:00,67.44015002187173
2011-11-23 11:00:00,105.11939317311362
2011-11-23 12:00:00,172.24590121625462
2011-11-23 13:00:00,143.5558101170883
2011-11-23 14:00:00,131.911831008622
2011-11-23 15:00:00,137.87597932244168
2011-11-23 16:00:00,221.21354156869114
2011-11-23 17:00:00,262.8323271246312
2011-11-23 18:00:00,398.98856886007593
2011-11-23 19:00:00,264.1195629535619
2011-11-23 20:00:00,175.82096834568017
2011-11-23 21:00:00,136.69597651737328
2011-11-23 22:00:00,99.16588266584525
2011-11-23 23:00:00,58.99403586626471
2011-11-24 00:00:00,101.76598479318235
2011-11-24 01:00:00,24.954174659380453
2011-11-24 02:00:00,20.732985579912345
2011-11-24 03:00:00,8.051075162155797
2011-11-24 04:00:00,7.032311782546654
2011-11-24 05:00:00,6.766536787547747
2011-11-24 06:00:00,21.251643490345536
2011-11-24 07:00:00,42.60767442077218
2011-11-24 08:00:00,98.78634218736335
2011-11-24 09:00:00,136.32960758174698
2011-11-24 10:00:00,161.93205508589807
2011-11-24 11:00:00,211.46554080490452
2011-11-24 12:00:00,253.59620720856572
2011-11-24 13:00:00,259.6431831148666
2011-11-24 14:00:00,271.8877814187923
2011-11-24 15:00:00,253.6251924459867
2011-11-24 16:00:00,285.29287545118694
2011-11-24 17:00:00,245.8874308062266
2011-11-24 18:00:00,204.10362404958684
2011-11-24 19:00:00,178.70717927143497
2011-11-24 20:00:00,122.57128348609257
2011-11-24 21:00:00,99.9956871593084
2011-11-24 22:00:00,96.99724112306656
2011-11-24 23:00:00,59.73708691772702
2011-11-25 00:00:00,77.84968223735943
2011-11-25 01:00:00,16.905424380937397
2011-11-25 02:00:00,8.65088368125797
2011-11-25 03:00:00,2.881359211289489
2011-11-25 04:00:00,4.0489327575099034
2011-11-25 05:00:00,23.17316756314085
2011-11-25 06:00:00,78.12873047401574
2011-11-25 07:00:00,185.53784422078144
2011-11-25 08:00:00,378.755628656875
2011-11-25 09:00:00,212.5670245254889
2011-11-25 10:00:00,122.58904820428725
2011-11-25 11:00:00,148.5665803973888
2011-11-25 12:00:00,190.47016917476842
2011-11-25 13:00:00,194.74912911987988
2011-11-25 14:00:00,182.1333796336306
2011-11-25 15:00:00,206.9442234888669
2011-11-25 16:00:00,287.1801056438488
2011-11-25 17:00:00,465.5486886802021
2011-11-25 18:00:00,417.2473419317924
2011-11-25 19:00:00,259.3955254279776
2011-11-25 20:00:00,179.15479302597313
2011-11-25 21:00:00,134.01205759055094
2011-11-25 22:00:00,108.87683252370297
2011-11-25 23:00:00,80.33171209509884
2011-11-26 00:00:00,115.15350773699782
2011-11-26 01:00:00,65.54195584385388
2011-11-26 02:00:00,51.5565848153976
2011-11-26 03:00:00,22.79536104975968
2011-11-26 04:00:00,7.4902231424230665
2011-11-26 05:00:00,5.58464498779359
2011-11-26 06:00:00,13.099385889188047
2011-11-26 07:00:00,30.009607009973855
2011-11-26 08:00:00,87.31849281875084
2011-11-26 09:00:00,145.09230100908601
2011-11-26 10:00:00,165.6456601008323
2011-11-26 11:00:00,265.9745084393666
2011-11-26 12:00:00,312.6912087117537
2011-11-26 13:00:00,324.53465433617754
2011-11-26 14:00:00,285.3726185960838
2011-11-26 15:00:00,316.88875940164905
2011-11-26 16:00:00,269.5414052329406
2011-11-26 17:00:00,200.26745903332252
2011-11-26 18:00:00,198.86567401355427
2011-11-26 19:00:00,181.5633728439854
2011-11-26 20:00:00,144.84619572696184
2011-11-26 21:00:00,110.3979967914089
2011-11-26 22:00:00,109.85067427919313
2011-11-26 23:00:00,74.61514687205211
2011-11-27 00:00:00,97.2290391646331
2011-11-27 01:00:00,78.80966982653256
2011-11-27 02:00:00,57.3104202963565
2011-11-27 03:00:00,32.69835810121368
2011-11-27 04:00:00,8.562997582427384
2011-11-27 05:00:00,5.974647927094956
2011-11-27 06:00:00,14.410453418882687
2011-11-27 07:00:00,44.11616322280745
2011-11-27 08:00:00,86.90919660315845
2011-11-27 09:00:00,147.53417770005495
2011-11-27 10:00:00,207.90699484832425
2011-11-27 11:00:00,256.6044550057994
2011-11-27 12:00:00,303.61625803650304
2011-11-27 13:00:00,317.92120753521033
2011-11-27 14:00:00,438.1381036846914
2011-11-27 15:00:00,414.6440049160766
2011-11-27 16:00:00,337.7928858457323
2011-11-27 17:00:00,292.055744304914
2011-11-27 18:00:00,243.53315563095913
2011-11-27 19:00:00,198.33959737611085
2011-11-27 20:00:00,160.98176439914315
2011-11-27 21:00:00,108.78623465295072
2011-11-27 22:00:00,107.38555835358304
2011-11-27 23:00:00,71.55274451173132
2011-11-28 00:00:00,58.85157995334817
2011-11-28 01:00:00,12.707833658576199
2011-11-28 03:00:00,3.9137633330896193
2011-11-28 04:00:00,5.177982338452381
2011-11-28 05:00:00,24.94412427782502
2011-11-28 06:00:00,99.66243564479745
2011-11-28 07:00:00,239.50306716943547
2011-11-28 08:00:00,387.4126959819492
2011-11-28 09:00:00,169.85612992604035
2011-11-28 10:00:00,98.35532220296892
2011-11-28 11:00:00,125.06845549084518
2011-11-28 12:00:00,189.89573969389767
2011-11-28 13:00:00,169.80014581901742
2011-11-28 14:00:00,171.4431806831874
2011-11-28 15:00:00,179.7063187347718
2011-11-28 16:00:00,282.4374337637736
2011-11-28 17:00:00,536.6342196809464
2011-11-28 18:00:00,510.40505318309744
2011-11-28 19:00:00,306.5226786572332
2011-11-28 20:00:00,224.33078871591061
2011-11-28 21:00:00,169.9473179915586
2011-11-28 22:00:00,115.25227044716658
2011-11-28 23:00:00,65.17124321810178
2011-11-29 00:00:00,45.623346888238544
2011-11-29 01:00:00,11.712862490242543
2011-11-29 02:00:00,4.276081042708859
2011-11-29 03:00:00,3.215205479857942
2011-11-29 04:00:00,4.874782066791947
2011-11-29 05:00:00,23.286125785856417
2011-11-29 06:00:00,96.84094805389478
2011-11-29 07:00:00,256.9064359591713
2011-11-29 08:00:00,435.26793459518836
2011-11-29 09:00:00,158.8062051715054
2011-11-29 10:00:00,97.03560960122914
2011-11-29 11:00:00,73.48571560600654
2011-11-29 12:00:00,88.27603103027747
2011-11-29 13:00:00,93.01594886874143
2011-11-29 14:00:00,46.599262284758304
2011-11-29 15:00:00,60.90807446387222
2011-11-29 16:00:00,77.11296099113814
2011-11-29 17:00:00,204.04722035107653
2011-11-29 18:00:00,304.7762589506247
2011-11-29 19:00:00,227.87221470522755
2011-11-29 20:00:00,80.01870394482044
2011-11-29 21:00:00,83.93847778684622
2011-11-29 22:00:00,99.70263959090141
2011-11-29 23:00:00,54.35947808532712
2011-11-30 00:00:00,71.93546770321765
2011-11-30 01:00:00,9.287629576948143
2011-11-30 02:00:00,4.363936019911895
2011-11-30 03:00:00,3.099849490459255
2011-11-30 04:00:00,3.703624413409209
2011-11-30 05:00:00,22.48424871969211
2011-11-30 06:00:00,81.70350851438934
2011-11-30 07:00:00,196.66505182856022
2011-11-30 08:00:00,381.46453059087025
2011-11-30 09:00:00,183.3401088362449
2011-11-30 10:00:00,114.081224481102
2011-11-30 11:00:00,131.66725574360206
2011-11-30 12:00:00,147.2512335261677
2011-11-30 13:00:00,146.09178187193382
2011-11-30 14:00:00,134.51624739079176
2011-11-30 15:00:00,140.16705556565694
2011-11-30 16:00:00,214.41892753779206
2011-11-30 17:00:00,357.00743960494566
2011-11-30 18:00:00,350.6334034421344
2011-11-30 19:00:00,201.55635843084718
2011-11-30 20:00:00,144.7178982168764
2011-11-30 21:00:00,98.27854355325114
2011-11-30 22:00:00,76.50521348880036
2011-11-30 23:00:00,49.58830128926152
2011-12-20 00:00:00,71.92135807211334
2011-12-20 01:00:00,9.0983095291369
2011-12-20 02:00:00,3.483068307039737
2011-12-20 03:00:00,3.2435538248210847
2011-12-20 04:00:00,4.000927291004278
2011-12-20 05:00:00,21.89095484392036
2011-12-20 06:00:00,91.94574914663507
2011-12-20 07:00:00,241.7304342157936
2011-12-20 08:00:00,429.9332337073189
2011-12-20 09:00:00,220.8895999565506
2011-12-20 10:00:00,121.00558304928352
2011-12-20 11:00:00,130.81562196570286
2011-12-20 12:00:00,159.1694989777749
2011-12-20 13:00:00,152.4936407731193
2011-12-20 14:00:00,129.00928050426097
2011-12-20 15:00:00,138.78751796596137
2011-12-20 16:00:00,248.78292236506897
2011-12-20 17:00:00,427.5975609864565
2011-12-20 18:00:00,394.54693578814516
2011-12-20 19:00:00,263.47767218318205
2011-12-20 20:00:00,175.8133399281929
2011-12-20 21:00:00,139.77859621098122
2011-12-20 22:00:00,100.43439292701012
2011-12-20 23:00:00,63.212861744899264
2011-12-21 00:00:00,64.32733270321184
2011-12-21 01:00:00,8.68145565875792
2011-12-21 02:00:00,4.478774182764486
2011-12-21 03:00:00,3.22991201407049
2011-12-21 04:00:00,2.46773596447441
2011-12-21 05:00:00,24.373205595322258
2011-12-21 06:00:00,88.8649440730045
2011-12-21 07:00:00,201.21746374245876
2011-12-21 08:00:00,169.76760957420785
2011-12-21 09:00:00,145.12497156112025
2011-12-21 10:00:00,68.54125685094957
2011-12-21 11:00:00,69.7649822646997
2011-12-21 12:00:00,65.14485945975159
2011-12-21 13:00:00,43.02389071838236
2011-12-21 14:00:00,70.84102428870449
2011-12-21 15:00:00,78.74926832835295
2011-12-21 16:00:00,50.02084646098093
2011-12-21 17:00:00,82.86253216001434
2011-12-21 18:00:00,146.4157812265841
2011-12-21 19:00:00,127.26808737479374
2011-12-21 20:00:00,83.79288776286144
2011-12-21 21:00:00,92.76171114231559
2011-12-21 22:00:00,80.88363324039439
2011-12-21 23:00:00,67.16791447322846
2011-12-22 00:00:00,59.608654816669684
2011-12-22 01:00:00,9.426611481045837
2011-12-22 02:00:00,7.308771860487091
2011-12-22 03:00:00,3.7294366976446693
2011-12-22 04:00:00,3.123569877348686
2011-12-22 05:00:00,24.99938915768437
2011-12-22 06:00:00,89.98631016813611
2011-12-22 07:00:00,188.80953453998382
2011-12-22 08:00:00,419.3651129820998
2011-12-22 09:00:00,174.35135756150834
2011-12-22 10:00:00,102.26310168109443
2011-12-22 11:00:00,114.25232807243475
2011-12-22 12:00:00,160.9523647644544
2011-12-22 13:00:00,138.53701432801998
2011-12-22 14:00:00,121.95864789103494
2011-12-22 15:00:00,135.17200015665614
2011-12-22 16:00:00,244.98289231094796
2011-12-22 17:00:00,450.15755021445665
2011-12-22 18:00:00,415.6227362946859
2011-12-22 19:00:00,279.4845144672553
2011-12-22 20:00:00,133.47464716466155
2011-12-22 21:00:00,108.15466477761848
2011-12-22 22:00:00,35.14035032751119
2011-12-22 23:00:00,39.61989978303246
2011-12-23 00:00:00,64.08500066733541
2011-12-23 01:00:00,18.304403637270724
2011-12-23 02:00:00,8.177097407067933
2011-12-23 03:00:00,3.6549061919547694
2011-12-23 04:00:00,2.288508916460577
2011-12-23 05:00:00,20.84440019690911
2011-12-23 06:00:00,84.32752444510027
2011-12-23 07:00:00,241.6850071715532
2011-12-23 08:00:00,423.6610509307005
2011-12-23 09:00:00,226.99474761007883
2011-12-23 10:00:00,126.9006192749117
2011-12-23 11:00:00,145.2884026297203
2011-12-23 12:00:00,176.48119996062917
2011-12-23 13:00:00,174.38175605689423
2011-12-23 14:00:00,149.02975057416646
2011-12-23 15:00:00,151.45509609522753
2011-12-23 16:00:00,243.0411004705069
2011-12-23 17:00:00,384.31153369025566
2011-12-23 18:00:00,364.1705340045353
2011-12-23 19:00:00,250.6981964045664
2011-12-23 20:00:00,149.5331577377984
2011-12-23 21:00:00,130.8150646023148
2011-12-23 22:00:00,110.60812437131626
2011-12-23 23:00:00,78.47242467443529
2011-12-24 00:00:00,126.66971615769643
2011-12-24 01:00:00,63.54777221729548
2011-12-24 02:00:00,51.8593878153651
2011-12-24 03:00:00,23.613499749589245
2011-12-24 04:00:00,5.752024192740451
2011-12-24 05:00:00,4.641738277565536
2011-12-24 06:00:00,7.822206853200699
2011-12-24 07:00:00,37.13750064718597
2011-12-24 08:00:00,79.65169478356216
2011-12-24 09:00:00,141.03492540509635
2011-12-24 10:00:00,164.27958722336408
2011-12-24 11:00:00,203.50266096167056
2011-12-24 12:00:00,261.2559331705929
2011-12-24 13:00:00,242.9578097674919
2011-12-24 14:00:00,241.2528428811808
2011-12-24 15:00:00,226.38018355971175
2011-12-24 16:00:00,211.3983903059543
2011-12-24 17:00:00,150.91298537931456
2011-12-24 18:00:00,175.4506235694581
2011-12-24 19:00:00,138.7384405482419
2011-12-24 20:00:00,90.49698552665625
2011-12-24 21:00:00,82.20004699750925
2011-12-24 22:00:00,70.74182808448107
2011-12-24 23:00:00,61.08711902605797
2011-12-25 00:00:00,81.3966051418279
2011-12-25 01:00:00,50.481662365479465
2011-12-25 02:00:00,48.23430429129741
2011-12-25 03:00:00,20.31793935317124
2011-12-25 05:00:00,4.884214911274575
2011-12-25 06:00:00,4.3781779930926605
2011-12-25 07:00:00,27.74207798472073
2011-12-25 08:00:00,55.329896730733324
2011-12-25 09:00:00,73.35307037973642
2011-12-25 10:00:00,120.42800061092372
2011-12-25 11:00:00,153.09938812170978
2011-12-25 12:00:00,153.67758610201574
2011-12-25 13:00:00,192.91564071547808
2011-12-25 14:00:00,215.74598807403305
2011-12-25 15:00:00,212.77742088933158
2011-12-25 16:00:00,232.1613567296205
2011-12-25 17:00:00,232.82908788083523
2011-12-25 18:00:00,169.42689003808806
2011-12-25 19:00:00,148.36099558454254
2011-12-25 20:00:00,132.12273590402577
2011-12-25 21:00:00,93.23825814717888
2011-12-25 22:00:00,82.20874097131184
2011-12-25 23:00:00,42.10011811527749
2011-12-26 00:00:00,64.42002747729971
2011-12-26 01:00:00,25.92156604952587
2011-12-26 02:00:00,13.9559346220255
2011-12-26 04:00:00,5.219299794678463
2011-12-26 05:00:00,5.484306909643127
2011-12-26 06:00:00,15.31882774490794
2011-12-26 07:00:00,53.19438779045977
2011-12-26 08:00:00,97.8717105878388
2011-12-26 09:00:00,124.81403726336993
2011-12-26 10:00:00,125.15182012055186
2011-12-26 11:00:00,135.6594601101619
2011-12-26 12:00:00,155.3666512859283
2011-12-26 13:00:00,142.71760722659855
2011-12-26 14:00:00,137.20677197280637
2011-12-26 15:00:00,147.48867942516674
2011-12-26 16:00:00,183.90579902465143
2011-12-26 17:00:00,227.03664575301335
2011-12-26 18:00:00,177.7250834179168
2011-12-26 19:00:00,124.00338469074823
2011-12-26 20:00:00,108.84639550741068
2011-12-26 21:00:00,75.08698266238082
2011-12-26 22:00:00,69.73813557946032
2011-12-26 23:00:00,41.57050947743272
2011-12-27 00:00:00,38.81215185666269
2011-12-27 01:00:00,6.8366542355901005
2011-12-27 02:00:00,3.3665968056674975
2011-12-27 03:00:00,2.8145026036910576
2011-12-27 04:00:00,2.9898139314276926
2011-12-27 05:00:00,20.187449810723937
2011-12-27 06:00:00,85.87872368147501
2011-12-27 07:00:00,192.94633860578512
2011-12-27 08:00:00,390.204163563923
2011-12-27 09:00:00,111.94317822071625
2011-12-27 10:00:00,112.27692270279293
2011-12-27 11:00:00,80.80125565790371
2011-12-27 12:00:00,64.70349374570449
2011-12-27 13:00:00,46.63249163922687
2011-12-27 14:00:00,81.009210464831
2011-12-27 15:00:00,84.34879259667363
2011-12-27 16:00:00,78.5358262317185
2011-12-27 17:00:00,176.80822193765755
2011-12-27 18:00:00,196.20397870881055
2011-12-27 19:00:00,129.32352681345895
2011-12-27 20:00:00,69.35435194638784
2011-12-27 21:00:00,71.1440964986844
2011-12-27 22:00:00,70.07230508428786
2011-12-27 23:00:00,45.313178509466546
2011-12-28 00:00:00,45.401639107910086
2011-12-28 01:00:00,8.46657058005555
2011-12-28 02:00:00,3.749118238534149
2011-12-28 03:00:00,3.0373035871078167
2011-12-28 05:00:00,22.685275801306467
2011-12-28 06:00:00,89.77784820764118
2011-12-28 07:00:00,219.96032374398533
2011-12-28 08:00:00,426.215937357442
2011-12-28 09:00:00,211.05009150096058
2011-12-28 10:00:00,117.56634913653723
2011-12-28 11:00:00,130.96363557383947
2011-12-28 12:00:00,142.837741530842
2011-12-28 13:00:00,123.83182159172853
2011-12-28 14:00:00,111.73901948849019
2011-12-28 15:00:00,120.53093166383844
2011-12-28 16:00:00,175.68287776883696
2011-12-28 17:00:00,294.92870076220515
2011-12-28 18:00:00,287.38842137394516
2011-12-28 19:00:00,144.88284665843747
2011-12-28 20:00:00,106.19107842011498
2011-12-28 21:00:00,68.20741754887213
2011-12-28 22:00:00,58.05699666908908
2011-12-28 23:00:00,35.11616078438262
2011-12-29 00:00:00,28.02652786510919
2011-12-29 01:00:00,5.56354335089167
2011-12-29 02:00:00,3.619518367162166
2011-12-29 03:00:00,2.6022868659751044
2011-12-29 04:00:00,2.512157674423769
2011-12-29 05:00:00,20.23128923814728
2011-12-29 06:00:00,76.6826480362768
2011-12-29 07:00:00,200.31465554922434
2011-12-29 08:00:00,377.9416823042484
2011-12-29 09:00:00,199.8456901932516
2011-12-29 10:00:00,74.93658967831534
2011-12-29 11:00:00,74.49361316897976
2011-12-29 12:00:00,107.00156460067915
2011-12-29 13:00:00,113.33891780436254
2011-12-29 14:00:00,111.90208437198476
2011-12-29 15:00:00,121.3337311167716
2011-12-29 16:00:00,176.10719675087662
2011-12-29 17:00:00,285.35215847183616
2011-12-29 18:00:00,297.04097765167256
2011-12-29 19:00:00,204.71218083247447
2011-12-29 20:00:00,108.73679487921275
2011-12-29 21:00:00,106.18149203444221
2011-12-29 22:00:00,87.08502716304277
2011-12-29 23:00:00,64.17780501932253
2011-12-30 00:00:00,63.130918204471115
2011-12-30 01:00:00,11.305463321031025
2011-12-30 02:00:00,8.377542019605867
2011-12-30 03:00:00,3.8043221910827065
2011-12-30 04:00:00,2.62193739106006
2011-12-30 05:00:00,19.54523752165508
2011-12-30 06:00:00,76.31288178510826
2011-12-30 07:00:00,178.60897342645495
2011-12-30 08:00:00,385.02713425527753
2011-12-30 09:00:00,202.48061112447587
2011-12-30 10:00:00,106.7550362669769
2011-12-30 11:00:00,132.59785833083035
2011-12-30 12:00:00,167.21437117852832
2011-12-30 13:00:00,148.21043960741022
2011-12-30 14:00:00,166.9985079123624
2011-12-30 15:00:00,200.3553222746043
2011-12-30 16:00:00,269.1763424605031
2011-12-30 17:00:00,405.5469157812474
2011-12-30 18:00:00,363.2847460299496
2011-12-30 19:00:00,226.6171674062424
2011-12-30 20:00:00,163.6573960202488
2011-12-30 21:00:00,131.3266967430845
2011-12-30 22:00:00,107.15001332420529
2011-12-30 23:00:00,73.45480243832421
2011-12-31 00:00:00,121.53908328219018
2011-12-31 01:00:00,64.56884415621928
2011-12-31 02:00:00,55.28822444089734
2011-12-31 03:00:00,23.944249051609823
2011-12-31 04:00:00,4.951916367436904
2011-12-31 05:00:00,4.844770791207294
2011-12-31 06:00:00,12.25893922389624
2011-12-31 07:00:00,51.315032849777744
2011-12-31 08:00:00,90.63482190353281
2011-12-31 09:00:00,143.41769388558282
2011-12-31 10:00:00,172.49437254585533
2011-12-31 11:00:00,224.60906498269946
2011-12-31 12:00:00,363.9434550210755
2011-12-31 13:00:00,364.32116158227797
2011-12-31 14:00:00,293.2770554755553
2011-12-31 15:00:00,295.10501834116457
2011-12-31 16:00:00,290.23128035304495
2011-12-31 17:00:00,236.43932381727407
2011-12-31 18:00:00,208.77256643236146
2011-12-31 19:00:00,176.91948384767113
2011-12-31 20:00:00,140.55596227916362
2011-12-31 21:00:00,119.94619142354829
2011-12-31 22:00:00,109.31046501111844
2011-12-31 23:00:00,80.0686433018769
2012-01-20 00:00:00,103.68033352125953
2012-01-20 01:00:00,11.216342818751038
2012-01-20 02:00:00,9.297189516796296
2012-01-20 03:00:00,3.9531121581885578
2012-01-20 04:00:00,2.0348951672288433
2012-01-20 05:00:00,19.272876315669922
2012-01-20 06:00:00,80.12044333482486
2012-01-20 07:00:00,208.30014313305105
2012-01-20 08:00:00,438.8840227025374
2012-01-20 09:00:00,210.89945008693735
2012-01-20 10:00:00,100.85559822616605
2012-01-20 11:00:00,115.23185657154218
2012-01-20 12:00:00,128.62954978734282
2012-01-20 13:00:00,136.51478712051141
2012-01-20 14:00:00,115.73847150596092
2012-01-20 15:00:00,112.17292207873275
2012-01-20 16:00:00,135.33076523841726
2012-01-20 17:00:00,247.57029777184985
2012-01-20 18:00:00,241.90863952644293
2012-01-20 19:00:00,149.4814961792618
2012-01-20 20:00:00,114.0760405619989
2012-01-20 21:00:00,89.53899612698245
2012-01-20 22:00:00,76.10248937176907
2012-01-20 23:00:00,41.26330033657427
2012-01-21 00:00:00,73.078256539832
2012-01-21 01:00:00,41.049534699169534
2012-01-21 02:00:00,34.370300593791875
2012-01-21 03:00:00,13.9311834413824
2012-01-21 04:00:00,4.989984180269611
2012-01-21 05:00:00,3.8941835721093367
2012-01-21 06:00:00,7.069681519711198
2012-01-21 07:00:00,22.431122694877093
2012-01-21 08:00:00,66.3280755119193
2012-01-21 09:00:00,85.74428490404064
2012-01-21 10:00:00,76.09497028514967
2012-01-21 11:00:00,125.1468930299918
2012-01-21 12:00:00,152.46197697618422
2012-01-21 13:00:00,153.15151657084246
2012-01-21 14:00:00,95.28034060738047
2012-01-21 15:00:00,94.0732346141958
2012-01-21 16:00:00,132.82563017211973
2012-01-21 17:00:00,122.82014700319088
2012-01-21 18:00:00,114.23034306660409
2012-01-21 19:00:00,100.43224565221432
2012-01-21 20:00:00,98.18334246603712
2012-01-21 21:00:00,78.73760933928803
2012-01-21 22:00:00,72.61250952345567
2012-01-21 23:00:00,54.49391447033851
2012-01-22 00:00:00,78.87737059579018
2012-01-22 01:00:00,42.67373770710681
2012-01-22 02:00:00,45.39023879820644
2012-01-22 03:00:00,20.371060148736188
2012-01-22 04:00:00,3.7841387329348164
2012-01-22 05:00:00,4.157144795152076
2012-01-22 06:00:00,5.714027042379046
2012-01-22 07:00:00,23.86199892825288
2012-01-22 08:00:00,59.384611102150046
2012-01-22 09:00:00,95.00075547421059
2012-01-22 10:00:00,103.20209645635424
2012-01-22 11:00:00,84.2199148491424
2012-01-22 12:00:00,130.8314130391999
2012-01-22 13:00:00,110.71183836680441
2012-01-22 14:00:00,101.13325551907542
2012-01-22 15:00:00,100.96160578250272
2012-01-22 16:00:00,109.20148999302015
2012-01-22 17:00:00,107.48518878016448
2012-01-22 18:00:00,93.05011865566122
2012-01-22 19:00:00,86.09680490682722
2012-01-22 20:00:00,72.07982762049713
2012-01-22 21:00:00,64.45929196720031
2012-01-22 22:00:00,63.57047010132738
2012-01-22 23:00:00,38.09218369968428
2012-01-23 00:00:00,58.826025222986544
2012-01-23 01:00:00,6.488701206836291
2012-01-23 02:00:00,3.510495869797138
2012-01-23 03:00:00,2.209798251593952
2012-01-23 04:00:00,2.2155623376804856
2012-01-23 05:00:00,20.022342892282833
2012-01-23 06:00:00,78.26660358901573
2012-01-23 07:00:00,133.83959512171702
2012-01-23 08:00:00,197.8818312940302
2012-01-23 09:00:00,207.08856039189612
2012-01-23 10:00:00,76.52505804695211
2012-01-23 11:00:00,69.14062693820647
2012-01-23 12:00:00,62.08993582265974
2012-01-23 13:00:00,52.03131675971041
2012-01-23 14:00:00,42.77211588644939
2012-01-23 15:00:00,54.50545411922655
2012-01-23 16:00:00,72.25282128704083
2012-01-23 17:00:00,154.25000502014464
2012-01-23 18:00:00,153.7162621783458
2012-01-23 19:00:00,128.61892695023656
2012-01-23 20:00:00,77.97088079240483
2012-01-23 21:00:00,66.70859850759356
2012-01-23 22:00:00,61.3367553562628
2012-01-23 23:00:00,43.59466857607527
2012-01-24 00:00:00,50.76715838545742
2012-01-24 01:00:00,6.989666607871404
2012-01-24 02:00:00,3.927726356426429
2012-01-24 03:00:00,2.431925571367684
2012-01-24 04:00:00,2.300379956383346
2012-01-24 05:00:00,14.350634881107117
2012-01-24 06:00:00,84.59637853782372
2012-01-24 07:00:00,216.21311117293004
2012-01-24 08:00:00,453.6540126244787
2012-01-24 09:00:00,168.265212021224
2012-01-24 10:00:00,57.9998447737809
2012-01-24 11:00:00,63.78334046023668
2012-01-24 12:00:00,57.729053765978215
2012-01-24 13:00:00,52.05322706311119
2012-01-24 14:00:00,97.11650972378541
2012-01-24 15:00:00,126.852808124579
2012-01-24 16:00:00,223.22029945106777
2012-01-24 17:00:00,461.0304486014057
2012-01-24 18:00:00,414.1715917692975
2012-01-24 19:00:00,293.9889144530908
2012-01-24 20:00:00,140.65386902880033
2012-01-24 21:00:00,131.06447692784465
2012-01-24 22:00:00,96.36920252081306
2012-01-24 23:00:00,54.401602323641825
2012-01-25 00:00:00,43.09384688289638
2012-01-25 01:00:00,7.499806250199297
2012-01-25 02:00:00,3.9770424442824077
2012-01-25 03:00:00,3.114217111404924
2012-01-25 04:00:00,1.613448681442419
2012-01-25 05:00:00,19.88634014069255
2012-01-25 06:00:00,82.08536174055457
2012-01-25 07:00:00,201.9191654374206
2012-01-25 08:00:00,457.1383493468906
2012-01-25 09:00:00,213.86106420864277
2012-01-25 10:00:00,86.01812467027922
2012-01-25 11:00:00,105.08459472170452
2012-01-25 12:00:00,131.87243272140842
2012-01-25 13:00:00,141.33413520332917
2012-01-25 14:00:00,125.81307949909379
2012-01-25 15:00:00,141.6773945710858
2012-01-25 16:00:00,216.6083627244406
2012-01-25 17:00:00,399.10797217117107
2012-01-25 18:00:00,331.4654463336664
2012-01-25 19:00:00,252.6350743327539
2012-01-25 20:00:00,150.53513137344075
2012-01-25 21:00:00,99.70719634839479
2012-01-25 22:00:00,92.71361059584923
2012-01-25 23:00:00,53.990482250614555
2012-01-26 00:00:00,55.288463877490834
2012-01-26 01:00:00,7.320872603398633
2012-01-26 02:00:00,5.556787025776921
2012-01-26 03:00:00,2.378152301967681
2012-01-26 04:00:00,2.359516844655473
2012-01-26 05:00:00,21.22325432545791
2012-01-26 06:00:00,86.97563287847883
2012-01-26 07:00:00,228.17359338110995
2012-01-26 08:00:00,453.4354892990148
2012-01-26 09:00:00,222.52943278635433
2012-01-26 10:00:00,83.7865079473849
2012-01-26 11:00:00,64.82983777960155
2012-01-26 12:00:00,135.5286974141729
2012-01-26 13:00:00,122.65011672649918
2012-01-26 14:00:00,120.40123500415271
2012-01-26 15:00:00,138.30906752336648
2012-01-26 16:00:00,220.69230467154887
2012-01-26 17:00:00,425.8610771858215
2012-01-26 18:00:00,411.7818649189568
2012-01-26 19:00:00,261.8121647378422
2012-01-26 20:00:00,183.6663391363928
2012-01-26 21:00:00,144.9287780117565
2012-01-26 22:00:00,119.62649834858169
2012-01-26 23:00:00,75.39482226927534
2012-01-27 00:00:00,59.63544126707484
2012-01-27 01:00:00,16.840501457446074
2012-01-27 02:00:00,7.389318803515948
2012-01-27 03:00:00,3.509400951111553
2012-01-27 04:00:00,2.0303218137224857
2012-01-27 05:00:00,19.961385747492603
2012-01-27 06:00:00,67.39594307927548
2012-01-27 07:00:00,170.60827052240325
2012-01-27 08:00:00,239.31212987498145
2012-01-27 09:00:00,124.05147181887494
2012-01-27 10:00:00,59.35154170988526
2012-01-27 11:00:00,69.99342521377879
2012-01-27 12:00:00,90.83571001633175
2012-01-27 13:00:00,155.24565473889783
2012-01-27 14:00:00,143.8045554403507
2012-01-27 15:00:00,167.25806798845525
2012-01-27 16:00:00,260.1366337139246
2012-01-27 17:00:00,444.8944447972224
2012-01-27 18:00:00,393.45859417495427
2012-01-27 19:00:00,259.7874386175372
2012-01-27 20:00:00,149.95497249429343
2012-01-27 21:00:00,103.78396983088246
2012-01-27 22:00:00,106.14131020004297
2012-01-27 23:00:00,70.75620109774535
2012-01-28 00:00:00,105.09158249105556
2012-01-28 01:00:00,51.76145455730452
2012-01-28 02:00:00,45.51918643460198
2012-01-28 03:00:00,19.40943854009793
2012-01-28 04:00:00,6.156024000049424
2012-01-28 05:00:00,3.8256171266065713
2012-01-28 06:00:00,7.173533501156357
2012-01-28 07:00:00,32.37547138002556
2012-01-28 08:00:00,78.5426499990367
2012-01-28 09:00:00,123.18141361165503
2012-01-28 10:00:00,142.53522076067912
2012-01-28 11:00:00,189.37418127111133
2012-01-28 12:00:00,194.91804878146246
2012-01-28 13:00:00,250.88153111100698
2012-01-28 14:00:00,259.43318835676894
2012-01-28 15:00:00,297.3647393703587
2012-01-28 16:00:00,327.7557679262436
2012-01-28 17:00:00,263.0385991525252
2012-01-28 18:00:00,225.94031808137225
2012-01-28 19:00:00,175.64778408321413
2012-01-28 20:00:00,143.43945720215535
2012-01-28 21:00:00,124.08486617912091
2012-01-28 22:00:00,113.92067251404701
2012-01-28 23:00:00,76.14564239140066
2012-01-29 00:00:00,145.39274416460154
2012-01-29 01:00:00,41.66946283304525
2012-01-29 02:00:00,38.35808687125835
2012-01-29 03:00:00,19.566008986973625
2012-01-29 04:00:00,5.589410848681733
2012-01-29 05:00:00,4.1122562398346565
2012-01-29 06:00:00,4.936799089313891
2012-01-29 07:00:00,29.75983310121296
2012-01-29 08:00:00,68.01801297503758
2012-01-29 09:00:00,93.05677646120942
2012-01-29 10:00:00,136.47139622092175
2012-01-29 11:00:00,170.63073383434127
2012-01-29 12:00:00,248.07435164921336
2012-01-29 13:00:00,238.49366581633322
2012-01-29 14:00:00,222.00340550520326
2012-01-29 15:00:00,268.16002516232226
2012-01-29 16:00:00,259.554921753427
2012-01-29 17:00:00,259.08693433355006
2012-01-29 18:00:00,197.93099363375995
2012-01-29 19:00:00,149.8249978719933
2012-01-29 20:00:00,116.28238459065085
2012-01-29 21:00:00,104.38305715023505
2012-01-29 22:00:00,100.07714643451334
2012-01-29 23:00:00,41.078689028483666
2012-01-30 00:00:00,105.10481992685706
2012-01-30 01:00:00,4.745498600447677
2012-01-30 02:00:00,3.6141637087079808
2012-01-30 03:00:00,1.8576106072143648
2012-01-30 04:00:00,1.824935061080764
2012-01-30 05:00:00,17.832810792132285
2012-01-30 06:00:00,76.76334048671549
2012-01-30 07:00:00,170.6582303305199
2012-01-30 08:00:00,397.25013655720556
2012-01-30 09:00:00,195.8483444079655
2012-01-30 10:00:00,97.20785110885305
2012-01-30 11:00:00,115.65993551507688
2012-01-30 12:00:00,136.04639177175963
2012-01-30 13:00:00,139.3493975202131
2012-01-30 14:00:00,137.12862300708494
2012-01-30 15:00:00,143.4535764891106
2012-01-30 16:00:00,219.38713971730508
2012-01-30 17:00:00,400.9426021077092
2012-01-30 18:00:00,394.00864587879113
2012-01-30 19:00:00,227.4655398331772
2012-01-30 20:00:00,177.01760024112644
2012-01-30 21:00:00,135.2690060273477
2012-01-30 22:00:00,93.38118637607387
2012-01-30 23:00:00,47.92763754640936
2012-01-31 00:00:00,73.91603718059247
2012-01-31 01:00:00,6.306201096504157
2012-01-31 02:00:00,3.8023896217917095
2012-01-31 03:00:00,2.395117532374818
2012-01-31 04:00:00,1.9950722143107718
2012-01-31 05:00:00,18.300133813968824
2012-01-31 06:00:00,90.73866818248467
2012-01-31 07:00:00,180.65995988495135
2012-01-31 08:00:00,427.00686538646806
2012-01-31 09:00:00,214.32097603095582
2012-01-31 10:00:00,115.39880733895818
2012-01-31 11:00:00,116.3656204394851
2012-01-31 12:00:00,156.94682915861972
2012-01-31 13:00:00,166.69360453305384
2012-01-31 14:00:00,147.39353074133948
2012-01-31 15:00:00,173.56406456816094
2012-01-31 16:00:00,279.9987856373128
2012-01-31 17:00:00,528.1109796654532
2012-01-31 18:00:00,507.8383594626002
2012-01-31 19:00:00,303.05142241434896
2012-01-31 20:00:00,190.83541475762786
2012-01-31 21:00:00,151.41674876757438
2012-01-31 22:00:00,110.64053214954784
2012-01-31 23:00:00,64.88714712084219
2012-02-20 00:00:00,67.87869741927157
2012-02-20 01:00:00,31.08564558531528
2012-02-20 02:00:00,18.984342782232996
2012-02-20 03:00:00,6.753577370532726
2012-02-20 05:00:00,3.5560703572574237
2012-02-20 06:00:00,9.614822115556368
2012-02-20 07:00:00,23.880111733435967
2012-02-20 08:00:00,77.010674080675
2012-02-20 09:00:00,102.12250415981333
2012-02-20 10:00:00,117.52793423355418
2012-02-20 11:00:00,159.54787311053133
2012-02-20 12:00:00,184.4667741117299
2012-02-20 13:00:00,174.8494539680699
2012-02-20 14:00:00,167.71254426414868
2012-02-20 15:00:00,172.35616517500333
2012-02-20 16:00:00,204.5536682744087
2012-02-20 17:00:00,250.9107009196867
2012-02-20 18:00:00,195.89959265941678
2012-02-20 19:00:00,150.32493223449706
2012-02-20 20:00:00,117.42462792361432
2012-02-20 21:00:00,95.50033811964698
2012-02-20 22:00:00,86.62274436132246
2012-02-20 23:00:00,46.01606547668182
2012-02-21 00:00:00,32.218708164926426
2012-02-21 01:00:00,6.538537551182907
2012-02-21 02:00:00,2.861449762181063
2012-02-21 04:00:00,1.9625052076317502
2012-02-21 05:00:00,19.783421967809627
2012-02-21 06:00:00,81.38002640998644
2012-02-21 07:00:00,193.1915015458187
2012-02-21 08:00:00,460.3860917124335
2012-02-21 09:00:00,191.63623351303815
2012-02-21 10:00:00,57.114161652487475
2012-02-21 11:00:00,43.04630549268374
2012-02-21 12:00:00,116.0693821083228
2012-02-21 13:00:00,137.93561836965642
2012-02-21 14:00:00,93.49720954594405
2012-02-21 15:00:00,129.56120507790672
2012-02-21 16:00:00,236.70525850962096
2012-02-21 17:00:00,427.32606825910267
2012-02-21 18:00:00,426.5333450081228
2012-02-21 19:00:00,284.2410410685262
2012-02-21 20:00:00,173.1952542555363
2012-02-21 21:00:00,149.31818432065828
2012-02-21 22:00:00,99.33313989083017
2012-02-21 23:00:00,55.16643573705048
2012-02-22 00:00:00,53.864359799841615
2012-02-22 01:00:00,8.456652545512462
2012-02-22 02:00:00,3.7189554190886533
2012-02-22 03:00:00,2.727009898922134
2012-02-22 04:00:00,1.5540710435753202
2012-02-22 05:00:00,23.62871941571216
2012-02-22 06:00:00,90.89140138096818
2012-02-22 07:00:00,231.08462413939634
2012-02-22 08:00:00,490.43060213339425
2012-02-22 09:00:00,225.51396361246893
2012-02-22 10:00:00,106.83635303638074
2012-02-22 11:00:00,125.39982916172154
2012-02-22 12:00:00,152.08356824424473
2012-02-22 13:00:00,150.34778507804248
2012-02-22 14:00:00,126.47683493000375
2012-02-22 15:00:00,162.65315966052432
2012-02-22 16:00:00,283.38830949957753
2012-02-22 17:00:00,488.83244755469894
2012-02-22 18:00:00,437.8333370312649
2012-02-22 19:00:00,301.485748603485
2012-02-22 20:00:00,207.74505105946963
2012-02-22 21:00:00,144.10458281824452
2012-02-22 22:00:00,120.3921965994876
2012-02-22 23:00:00,72.79878965218775
2012-02-23 00:00:00,93.1582430334811
2012-02-23 01:00:00,10.714090134965632
2012-02-23 02:00:00,8.661648337055153
2012-02-23 03:00:00,3.139278021596636
2012-02-23 04:00:00,1.9983796204883573
2012-02-23 05:00:00,25.245569675726642
2012-02-23 06:00:00,93.92451189610459
2012-02-23 07:00:00,246.99000051724713
2012-02-23 08:00:00,471.7871497635188
2012-02-23 09:00:00,230.24749430651633
2012-02-23 10:00:00,117.65953393506138
2012-02-23 11:00:00,146.3368692097289
2012-02-23 12:00:00,190.6453263701549
2012-02-23 13:00:00,185.3942805948504
2012-02-23 14:00:00,173.02574710845175
2012-02-23 15:00:00,185.45391509221142
2012-02-23 16:00:00,310.45380065924365
2012-02-23 17:00:00,532.2660840201567
2012-02-23 18:00:00,514.6572269960594
2012-02-23 19:00:00,304.85483367461694
2012-02-23 20:00:00,219.0078616995293
2012-02-23 21:00:00,162.27828213837782
2012-02-23 22:00:00,120.06557121110562
2012-02-23 23:00:00,83.56023745465892
2012-02-24 00:00:00,78.14681073694722
2012-02-24 01:00:00,25.719499632460987
2012-02-24 02:00:00,9.288930495766433
2012-02-24 03:00:00,5.210652240367809
2012-02-24 04:00:00,2.164316961556023
2012-02-24 05:00:00,24.79873907681819
2012-02-24 06:00:00,88.01612069780295
2012-02-24 07:00:00,246.5179162454694
2012-02-24 08:00:00,474.15055251848077
2012-02-24 09:00:00,117.98245714112011
2012-02-24 10:00:00,81.71414433341127
2012-02-24 11:00:00,104.73615431642324
2012-02-24 12:00:00,136.92025874649138
2012-02-24 13:00:00,131.03671556223452
2012-02-24 14:00:00,129.91741585018073
2012-02-24 15:00:00,73.67384532353971
2012-02-24 16:00:00,89.8125047378333
2012-02-24 17:00:00,140.16189157373017
2012-02-24 18:00:00,162.01299722208597
2012-02-24 19:00:00,177.80808469301795
2012-02-24 20:00:00,186.22118167879705
2012-02-24 21:00:00,154.23200746382958
2012-02-24 22:00:00,122.71660517779809
2012-02-24 23:00:00,79.119402942619
2012-02-25 00:00:00,168.87301409811027
2012-02-25 01:00:00,47.94664362166446
2012-02-25 02:00:00,44.926021300847154
2012-02-25 03:00:00,15.779427804238491
2012-02-25 04:00:00,4.261648618970222
2012-02-25 05:00:00,3.464617923704642
2012-02-25 06:00:00,8.155585792154078
2012-02-25 07:00:00,41.61054262006027
2012-02-25 08:00:00,92.13415357753941
2012-02-25 09:00:00,97.15224821861554
2012-02-25 10:00:00,151.04688361420975
2012-02-25 11:00:00,171.45156789888696
2012-02-25 12:00:00,239.2845574320109
2012-02-25 13:00:00,243.88817916019258
2012-02-25 14:00:00,220.9385403687424
2012-02-25 15:00:00,236.38705636789715
2012-02-25 16:00:00,216.81491612214674
2012-02-25 17:00:00,173.03142106295374
2012-02-25 18:00:00,162.22273823920025
2012-02-25 19:00:00,145.5767097617954
2012-02-25 20:00:00,128.77813377022505
2012-02-25 21:00:00,90.1825100205164
2012-02-25 22:00:00,75.39842981265852
2012-02-25 23:00:00,46.87420971855303
2012-02-26 00:00:00,111.61195172860388
2012-02-26 01:00:00,41.92358278383958
2012-02-26 02:00:00,38.113979422418524
2012-02-26 03:00:00,21.621442893052716
2012-02-26 04:00:00,5.153639643566236
2012-02-26 05:00:00,3.651498359025415
2012-02-26 06:00:00,5.679629333309573
2012-02-26 07:00:00,20.974084813195372
2012-02-26 08:00:00,58.08451852396722
2012-02-26 09:00:00,95.5901723407312
2012-02-26 10:00:00,143.02476162863297
2012-02-26 11:00:00,168.03755855286488
2012-02-26 12:00:00,217.16004219282127
2012-02-26 13:00:00,243.0168986785646
2012-02-26 14:00:00,248.33866339238728
2012-02-26 15:00:00,267.10096362614445
2012-02-26 16:00:00,274.9964568232807
2012-02-26 17:00:00,262.1822030547081
2012-02-26 18:00:00,202.36090857056143
2012-02-26 19:00:00,173.433029488167
2012-02-26 20:00:00,137.33000756794289
2012-02-26 21:00:00,107.12629179010851
2012-02-26 22:00:00,90.32614847333126
2012-02-26 23:00:00,37.09465110716316
2012-02-27 00:00:00,71.00943890900278
2012-02-27 01:00:00,6.492180278368846
2012-02-27 02:00:00,4.148290509512292
2012-02-27 03:00:00,2.280532888721439
2012-02-27 04:00:00,1.9023820927229684
2012-02-27 05:00:00,18.70345938097613
2012-02-27 06:00:00,85.40970155056718
2012-02-27 07:00:00,204.68351577812467
2012-02-27 08:00:00,425.86603098968175
2012-02-27 09:00:00,212.4496538290609
2012-02-27 10:00:00,127.34666935355808
2012-02-27 11:00:00,138.18482999787872
2012-02-27 12:00:00,164.43855348009373
2012-02-27 13:00:00,161.67485115817658
2012-02-27 14:00:00,139.47634500331682
2012-02-27 15:00:00,167.89599611322336
2012-02-27 16:00:00,292.0425819293532
2012-02-27 17:00:00,524.3572604975551
2012-02-27 18:00:00,457.1568102255659
2012-02-27 19:00:00,294.4060667485955
2012-02-27 20:00:00,212.32126254694265
2012-02-27 21:00:00,156.31967714792185
2012-02-27 22:00:00,121.14771799459336
2012-02-27 23:00:00,62.46494068690313
2012-02-28 00:00:00,63.50084043945663
2012-02-28 01:00:00,9.994033198791206
2012-02-28 02:00:00,4.67217756498886
2012-02-28 03:00:00,3.011466875792528
2012-02-28 04:00:00,2.1008642616734
2012-02-28 05:00:00,20.219377127855882
2012-02-28 06:00:00,94.81311624893827
2012-02-28 07:00:00,180.80936331901086
2012-02-28 08:00:00,415.01735322764927
2012-02-28 09:00:00,186.48135034832205
2012-02-28 10:00:00,112.75509078811741
2012-02-28 11:00:00,130.72434239726115
2012-02-28 12:00:00,166.20948457816044
2012-02-28 13:00:00,159.1771433299558
2012-02-28 14:00:00,139.46712597970432
2012-02-28 15:00:00,151.0620656695908
2012-02-28 16:00:00,265.58137736722307
2012-02-28 17:00:00,484.99735153114784
2012-02-28 18:00:00,474.5525605324713
2012-02-28 19:00:00,284.63106794982394
2012-02-28 20:00:00,186.60633144384923
2012-02-28 21:00:00,143.13343787556863
2012-02-28 22:00:00,107.68514640003141
2012-02-28 23:00:00,55.790117265424456
2012-02-29 00:00:00,53.644297559290855
2012-02-29 01:00:00,7.216990300245408
2012-02-29 02:00:00,3.987210227736045
2012-02-29 03:00:00,2.176730149456809
2012-02-29 05:00:00,22.758742946776703
2012-02-29 06:00:00,88.80950396974322
2012-02-29 07:00:00,232.85936798053967
2012-02-29 08:00:00,491.47748105777765
2012-02-29 09:00:00,102.8338967332676
2012-02-29 10:00:00,60.74100352215931
2012-02-29 11:00:00,61.004690331307266
2012-02-29 12:00:00,45.112494848780365
2012-02-29 13:00:00,55.848771060249234
2012-02-29 14:00:00,51.11840298999423
2012-02-29 15:00:00,82.56353603131952
2012-02-29 16:00:00,92.81394331477014
2012-02-29 17:00:00,213.49782846841873
2012-02-29 18:00:00,152.92161316921243
2012-02-29 19:00:00,160.93058956110525
2012-02-29 20:00:00,81.75199006316691
2012-02-29 21:00:00,71.10099243797907
2012-02-29 22:00:00,44.994236218436285
2012-02-29 23:00:00,31.841425715563584
2012-03-20 00:00:00,46.03406874260535
2012-03-20 01:00:00,13.19127052599679
2012-03-20 02:00:00,4.905027906403118
2012-03-20 03:00:00,3.4765274607494336
2012-03-20 04:00:00,4.57551997140338
2012-03-20 05:00:00,18.808704442704048
2012-03-20 06:00:00,105.58138772264729
2012-03-20 07:00:00,101.7693065547706
2012-03-20 08:00:00,551.9254851270483
2012-03-20 09:00:00,324.35028901225945
2012-03-20 10:00:00,148.9818507139801
2012-03-20 11:00:00,155.04798233626065
2012-03-20 12:00:00,195.08030117074722
2012-03-20 13:00:00,202.30943403143914
2012-03-20 14:00:00,195.76964614646084
2012-03-20 15:00:00,252.23603004021848
2012-03-20 16:00:00,349.0585765985489
2012-03-20 17:00:00,670.0313765827235
2012-03-20 18:00:00,703.0983143174391
2012-03-20 19:00:00,471.2541328342603
2012-03-20 20:00:00,332.76756454362055
2012-03-20 21:00:00,212.7979813036786
2012-03-20 22:00:00,160.50985010140784
2012-03-20 23:00:00,82.50964261125264
2012-03-21 00:00:00,52.231447790034025
2012-03-21 01:00:00,16.38539406452841
2012-03-21 02:00:00,5.76586084696148
2012-03-21 03:00:00,3.848985827398817
2012-03-21 04:00:00,4.112586646922262
2012-03-21 05:00:00,25.313479962423308
2012-03-21 06:00:00,101.13611240397952
2012-03-21 07:00:00,105.58033649750237
2012-03-21 08:00:00,219.24327103399358
2012-03-21 09:00:00,317.93760853138025
2012-03-21 10:00:00,159.4938661241923
2012-03-21 11:00:00,140.65334689745399
2012-03-21 12:00:00,218.05457684395304
2012-03-21 13:00:00,177.59490607151687
2012-03-21 14:00:00,162.77542133701502
2012-03-21 15:00:00,179.595402676007
2012-03-21 16:00:00,329.347981443648
2012-03-21 17:00:00,679.9497078486709
2012-03-21 18:00:00,688.1979018377361
2012-03-21 19:00:00,504.71268546701134
2012-03-21 20:00:00,278.16658607103824
2012-03-21 21:00:00,195.5154343204101
2012-03-21 22:00:00,161.73401612470929
2012-03-21 23:00:00,90.3034649877958
2012-03-22 00:00:00,69.58744134496523
2012-03-22 01:00:00,17.72968320485857
2012-03-22 02:00:00,8.994377528728805
2012-03-22 03:00:00,4.827873363903386
2012-03-22 04:00:00,4.108891178223691
2012-03-22 05:00:00,14.636267990287799
2012-03-22 06:00:00,101.62849627300983
2012-03-22 07:00:00,275.1683716571116
2012-03-22 08:00:00,557.0283939884716
2012-03-22 09:00:00,294.420923403235
2012-03-22 10:00:00,147.76087088579737
2012-03-22 11:00:00,129.56374985662853
2012-03-22 12:00:00,183.91584510723735
2012-03-22 13:00:00,207.1665367232198
2012-03-22 14:00:00,193.5567047081742
2012-03-22 15:00:00,252.4653676741024
2012-03-22 16:00:00,364.2838135864279
2012-03-22 17:00:00,715.9450095353591
2012-03-22 18:00:00,737.2422257095258
2012-03-22 19:00:00,507.6653996199631
2012-03-22 20:00:00,333.9694135792919
2012-03-22 21:00:00,233.86598251227
2012-03-22 22:00:00,167.664658202612
2012-03-22 23:00:00,100.03172444923861
2012-03-23 00:00:00,90.09235968429677
2012-03-23 01:00:00,27.581887689438133
2012-03-23 02:00:00,11.103039438836015
2012-03-23 03:00:00,5.657804431945727
2012-03-23 04:00:00,4.499885983851077
2012-03-23 05:00:00,20.122931387179086
2012-03-23 06:00:00,98.97099187257452
2012-03-23 07:00:00,282.8045504494274
2012-03-23 08:00:00,556.123690708094
2012-03-23 09:00:00,308.04172549291997
2012-03-23 10:00:00,165.7946898176218
2012-03-23 11:00:00,217.18871985788826
2012-03-23 12:00:00,279.1405890608778
2012-03-23 13:00:00,315.0557105695483
2012-03-23 14:00:00,331.3924938567473
2012-03-23 15:00:00,347.7787314264538
2012-03-23 16:00:00,454.1435547398543
2012-03-23 17:00:00,719.0383149996812
2012-03-23 18:00:00,682.3928176911065
2012-03-23 19:00:00,469.8282978325837
2012-03-23 20:00:00,339.96308728203786
2012-03-23 21:00:00,248.32015959874096
2012-03-23 22:00:00,209.77837977184137
2012-03-23 23:00:00,140.35553279992212
2012-03-24 00:00:00,183.82601373909117
2012-03-24 01:00:00,85.05076256396126
2012-03-24 02:00:00,61.7395927839854
2012-03-24 03:00:00,27.90220133897315
2012-03-24 04:00:00,8.663737927533933
2012-03-24 05:00:00,11.52896619991159
2012-03-24 06:00:00,29.55342490280597
2012-03-24 07:00:00,85.78557680863284
2012-03-24 08:00:00,170.63835166633905
2012-03-24 09:00:00,242.03426078280003
2012-03-24 10:00:00,273.7678551472145
2012-03-24 11:00:00,283.719153909019
2012-03-24 12:00:00,116.82995300753736
2012-03-24 13:00:00,110.24582795574842
2012-03-24 14:00:00,118.9335120138576
2012-03-24 15:00:00,127.12274952158421
2012-03-24 16:00:00,119.51131232606409
2012-03-24 17:00:00,186.9506027716971
2012-03-24 18:00:00,156.43277065029048
2012-03-24 19:00:00,127.16584707277411
2012-03-24 20:00:00,82.66888036847193
2012-03-24 21:00:00,81.1075620405432
2012-03-24 22:00:00,74.75916324026413
2012-03-24 23:00:00,107.2343974823126
2012-03-25 00:00:00,110.91089163306427
2012-03-25 01:00:00,64.47063439041769
2012-03-25 02:00:00,50.08073540664108
2012-03-25 03:00:00,19.5809503555049
2012-03-25 04:00:00,6.548601442239376
2012-03-25 05:00:00,8.499132957845147
2012-03-25 06:00:00,20.386586710218307
2012-03-25 07:00:00,69.55345761827442
2012-03-25 08:00:00,119.04628005897554
2012-03-25 09:00:00,184.84732804468132
2012-03-25 10:00:00,246.02042342785603
2012-03-25 11:00:00,255.87868006469307
2012-03-25 12:00:00,316.6456210674828
2012-03-25 13:00:00,326.50612968952015
2012-03-25 14:00:00,295.10800576770885
2012-03-25 15:00:00,287.64188911297293
2012-03-25 16:00:00,365.24593588563704
2012-03-25 17:00:00,467.09528207715084
2012-03-25 18:00:00,415.0194289919235
2012-03-25 19:00:00,344.61328503993525
2012-03-25 20:00:00,220.64349185486415
2012-03-25 21:00:00,171.45451123122925
2012-03-25 22:00:00,114.65052617419597
2012-03-25 23:00:00,60.43315023408327
2012-03-26 00:00:00,40.06334338973141
2012-03-26 01:00:00,13.509024289855713
2012-03-26 02:00:00,7.277970828520407
2012-03-26 03:00:00,4.009041484409566
2012-03-26 04:00:00,3.656642718338521
2012-03-26 05:00:00,25.577479611549947
2012-03-26 06:00:00,110.68047977045087
2012-03-26 07:00:00,351.77522387123395
2012-03-26 08:00:00,616.7116732811925
2012-03-26 09:00:00,296.545205505078
2012-03-26 10:00:00,193.26755636961872
2012-03-26 11:00:00,223.18500070427353
2012-03-26 12:00:00,256.9204845398234
2012-03-26 13:00:00,247.87666140079455
2012-03-26 14:00:00,245.89001825596657
2012-03-26 15:00:00,273.71895019498874
2012-03-26 16:00:00,380.870191673055
2012-03-26 17:00:00,632.243328718708
2012-03-26 18:00:00,565.1271520198786
2012-03-26 19:00:00,374.57294084912877
2012-03-26 20:00:00,214.11885990059093
2012-03-26 21:00:00,162.3651996385764
2012-03-26 22:00:00,124.79910035688835
2012-03-26 23:00:00,62.30222566719847
2012-03-27 00:00:00,73.80964729991133
2012-03-27 01:00:00,7.1076427830875435
2012-03-27 02:00:00,3.4907675331853762
2012-03-27 03:00:00,2.090133611988165
2012-03-27 04:00:00,2.398793946502279
2012-03-27 05:00:00,20.85865557603143
2012-03-27 06:00:00,88.17908156036806
2012-03-27 07:00:00,211.22455599043394
2012-03-27 08:00:00,523.4910979381228
2012-03-27 09:00:00,230.26939964716627
2012-03-27 10:00:00,115.7648045024385
2012-03-27 11:00:00,125.6619223819927
2012-03-27 12:00:00,156.49625893755402
2012-03-27 13:00:00,158.57141502009526
2012-03-27 14:00:00,140.64861086483614
2012-03-27 15:00:00,211.26068270867128
2012-03-27 16:00:00,346.4909944819783
2012-03-27 17:00:00,603.7329083815345
2012-03-27 18:00:00,542.3622668118792
2012-03-27 19:00:00,376.0158534999677
2012-03-27 20:00:00,230.93412311072078
2012-03-27 21:00:00,134.34499583973462
2012-03-27 22:00:00,122.11149179544196
2012-03-27 23:00:00,71.66548731136092
2012-03-28 00:00:00,85.9296396378565
2012-03-28 01:00:00,9.06477083452832
2012-03-28 02:00:00,3.2095746415654163
2012-03-28 03:00:00,3.0405124863115556
2012-03-28 04:00:00,1.9027683620148692
2012-03-28 05:00:00,25.488476342189173
2012-03-28 06:00:00,110.2264981046172
2012-03-28 07:00:00,265.5262146270451
2012-03-28 08:00:00,593.4130146598429
2012-03-28 09:00:00,280.354919552851
2012-03-28 10:00:00,177.33006221615744
2012-03-28 11:00:00,197.8626363225074
2012-03-28 12:00:00,227.27141430278903
2012-03-28 13:00:00,235.99808392222243
2012-03-28 14:00:00,259.1368454436816
2012-03-28 15:00:00,270.1400825311989
2012-03-28 16:00:00,288.3830813085018
2012-03-28 17:00:00,731.3692034450542
2012-03-28 18:00:00,750.4041827028415
2012-03-28 19:00:00,500.25244887041146
2012-03-28 20:00:00,341.012260018174
2012-03-28 21:00:00,242.58270890359714
2012-03-28 22:00:00,187.4239794108179
2012-03-28 23:00:00,92.18912441608072
2012-03-29 00:00:00,65.53891096375465
2012-03-29 01:00:00,18.197462220306992
2012-03-29 02:00:00,7.037833263649684
2012-03-29 03:00:00,3.8967274200686206
2012-03-29 04:00:00,4.417614381899485
2012-03-29 05:00:00,26.737546203652222
2012-03-29 06:00:00,118.27086171190585
2012-03-29 07:00:00,327.3913826992159
2012-03-29 08:00:00,609.8029531688304
2012-03-29 09:00:00,304.28005191588323
2012-03-29 10:00:00,181.09580470208812
2012-03-29 11:00:00,219.37396652609556
2012-03-29 12:00:00,255.8537252457469
2012-03-29 13:00:00,246.28142352983534
2012-03-29 14:00:00,235.39864443243053
2012-03-29 15:00:00,254.57539866306936
2012-03-29 16:00:00,402.10605140551087
2012-03-29 17:00:00,682.7783405325025
2012-03-29 18:00:00,655.8338314822247
2012-03-29 19:00:00,455.2673667282382
2012-03-29 20:00:00,285.7770525684238
2012-03-29 21:00:00,207.261856226603
2012-03-29 22:00:00,148.67912960461663
2012-03-29 23:00:00,92.32138454563345
2012-03-30 00:00:00,97.33938572372877
2012-03-30 01:00:00,27.765667653933534
2012-03-30 02:00:00,9.471801588318575
2012-03-30 03:00:00,5.445519882843593
2012-03-30 04:00:00,2.5965903992763413
2012-03-30 05:00:00,23.55004248883821
2012-03-30 06:00:00,88.25565608169663
2012-03-30 07:00:00,295.08470078288553
2012-03-30 08:00:00,559.9576527496793
2012-03-30 09:00:00,310.31121404443644
2012-03-30 10:00:00,164.9594003348982
2012-03-30 11:00:00,174.98782189103488
2012-03-30 12:00:00,213.87371484755144
2012-03-30 13:00:00,110.41183497760602
2012-03-30 14:00:00,101.65531606070698
2012-03-30 15:00:00,126.30563048209214
2012-03-30 16:00:00,169.4900493018939
2012-03-30 17:00:00,584.642514485513
2012-03-30 18:00:00,574.8494762231652
2012-03-30 19:00:00,386.77215599262934
2012-03-30 20:00:00,268.25989015969964
2012-03-30 21:00:00,185.20654115641952
2012-03-30 22:00:00,152.0343146463502
2012-03-30 23:00:00,109.51408476901204
2012-03-31 00:00:00,135.79861483370874
2012-03-31 01:00:00,70.06659290487329
2012-03-31 02:00:00,55.270351766665634
2012-03-31 03:00:00,25.89954601218137
2012-03-31 04:00:00,6.113244347303461
2012-03-31 05:00:00,8.846810888464443
2012-03-31 06:00:00,32.26641644438184
2012-03-31 07:00:00,72.24157674057172
2012-03-31 08:00:00,147.53726476012756
2012-03-31 09:00:00,251.09480799313576
2012-03-31 10:00:00,302.6196149353659
2012-03-31 11:00:00,408.43112145693186
2012-03-31 12:00:00,466.0768727661576
2012-03-31 13:00:00,420.09147754253974
2012-03-31 14:00:00,424.8760758530611
2012-03-31 15:00:00,438.4257504360751
2012-03-31 16:00:00,466.19483407424764
2012-03-31 17:00:00,484.40975857201346
2012-03-31 18:00:00,357.1222663438597
2012-03-31 19:00:00,308.10977301118453
2012-03-31 20:00:00,210.91700203640616
2012-03-31 21:00:00,178.60332313082822
2012-03-31 22:00:00,155.9204255419762
2012-03-31 23:00:00,102.67521702390316
2012-04-20 00:00:00,71.7763337781996
2012-04-20 01:00:00,36.01842935125954
2012-04-20 02:00:00,8.682628322920571
2012-04-20 03:00:00,7.717494439381232
2012-04-20 04:00:00,3.550591881491618
2012-04-20 05:00:00,22.433058983927094
2012-04-20 06:00:00,119.00573925714986
2012-04-20 07:00:00,288.90367809457683
2012-04-20 08:00:00,580.4164087191466
2012-04-20 09:00:00,303.00151320124763
2012-04-20 10:00:00,179.49769601697386
2012-04-20 11:00:00,207.68979509173954
2012-04-20 12:00:00,277.52500057088037
2012-04-20 13:00:00,353.50003574082126
2012-04-20 14:00:00,334.2915598056681
2012-04-20 15:00:00,341.72014346429773
2012-04-20 16:00:00,452.4735787175124
2012-04-20 17:00:00,723.4495364653117
2012-04-20 18:00:00,666.3004109750062
2012-04-20 19:00:00,478.3004628445656
2012-04-20 20:00:00,329.2985568402487
2012-04-20 21:00:00,245.25932078812178
2012-04-20 22:00:00,197.63905788201467
2012-04-20 23:00:00,153.07705206315836
2012-04-21 00:00:00,167.23824263106383
2012-04-21 01:00:00,94.91221458557328
2012-04-21 02:00:00,65.14970261033953
2012-04-21 03:00:00,30.96539461829225
2012-04-21 04:00:00,8.159171866314416
2012-04-21 05:00:00,12.523123951276036
2012-04-21 06:00:00,30.764755299806467
2012-04-21 07:00:00,80.16567725739165
2012-04-21 08:00:00,184.20142623870214
2012-04-21 09:00:00,278.50196550639924
2012-04-21 10:00:00,400.7708367499695
2012-04-21 11:00:00,444.92429730040556
2012-04-21 12:00:00,500.98569162970017
2012-04-21 13:00:00,540.807630812998
2012-04-21 14:00:00,559.9567245347613
2012-04-21 15:00:00,605.60526045171
2012-04-21 16:00:00,585.6587144616851
2012-04-21 17:00:00,580.002381679734
2012-04-21 18:00:00,460.9212392615993
2012-04-21 19:00:00,209.6328100438137
2012-04-21 20:00:00,108.44539481049837
2012-04-21 21:00:00,107.45437675031151
2012-04-21 22:00:00,161.47984256196997
2012-04-21 23:00:00,129.66788836181007
2012-04-22 00:00:00,132.74215825919515
2012-04-22 01:00:00,81.79389906588455
2012-04-22 02:00:00,69.14165870101512
2012-04-22 03:00:00,27.228026734245237
2012-04-22 04:00:00,10.845892133675795
2012-04-22 05:00:00,10.790509090561855
2012-04-22 06:00:00,23.454695026384073
2012-04-22 07:00:00,53.938624690090585
2012-04-22 08:00:00,99.63878463542147
2012-04-22 09:00:00,96.30011001507305
2012-04-22 10:00:00,97.08739722676913
2012-04-22 11:00:00,94.67057961244667
2012-04-22 12:00:00,102.3815805404559
2012-04-22 13:00:00,104.15874991126161
2012-04-22 14:00:00,91.1791553186456
2012-04-22 15:00:00,105.86710338725167
2012-04-22 16:00:00,121.70057114000674
2012-04-22 17:00:00,144.70139922682878
2012-04-22 18:00:00,131.78276112424433
2012-04-22 19:00:00,89.39932639476365
2012-04-22 20:00:00,76.95012094863756
2012-04-22 21:00:00,77.95872485725424
2012-04-22 22:00:00,64.71717627965806
2012-04-22 23:00:00,56.68734477546959
2012-04-23 00:00:00,53.05147877118716
2012-04-23 01:00:00,8.704195188913017
2012-04-23 02:00:00,4.674042782407009
2012-04-23 03:00:00,3.3731272225504845
2012-04-23 04:00:00,2.7190332413932183
2012-04-23 05:00:00,17.63937938279282
2012-04-23 06:00:00,103.93295173167061
2012-04-23 07:00:00,115.51341184045984
2012-04-23 08:00:00,552.5816659938041
2012-04-23 09:00:00,252.40785426398764
2012-04-23 10:00:00,134.95443862737932
2012-04-23 11:00:00,140.2085472371798
2012-04-23 12:00:00,102.61873127609607
2012-04-23 13:00:00,89.08904381685974
2012-04-23 14:00:00,85.22939211181124
2012-04-23 15:00:00,200.80531760568505
2012-04-23 16:00:00,95.44767511139027
2012-04-23 17:00:00,200.02304540056824
2012-04-23 18:00:00,227.55226440529734
2012-04-23 19:00:00,323.0240703032279
2012-04-23 20:00:00,216.5677496242816
2012-04-23 21:00:00,148.2766675362455
2012-04-23 22:00:00,123.97999758576822
2012-04-23 23:00:00,71.67154471791278
2012-04-24 00:00:00,47.9732573407787
2012-04-24 01:00:00,11.667176420774165
2012-04-24 02:00:00,3.80877121862487
2012-04-24 03:00:00,3.6636785861926597
2012-04-24 04:00:00,2.5247195469003825
2012-04-24 05:00:00,22.456283023177296
2012-04-24 06:00:00,106.61904272674263
2012-04-24 07:00:00,310.6650653695954
2012-04-24 08:00:00,618.3968014372319
2012-04-24 09:00:00,294.50824215905754
2012-04-24 10:00:00,164.8590848959437
2012-04-24 11:00:00,227.71373558036902
2012-04-24 12:00:00,250.8293694261703
2012-04-24 13:00:00,258.86490374634883
2012-04-24 14:00:00,240.3639299449665
2012-04-24 15:00:00,243.19363583977466
2012-04-24 16:00:00,399.44436974316386
2012-04-24 17:00:00,696.871297991393
2012-04-24 18:00:00,650.8501255684281
2012-04-24 19:00:00,475.9013990078719
2012-04-24 20:00:00,281.3238175154587
2012-04-24 21:00:00,207.40948021962765
2012-04-24 22:00:00,163.17070954752046
2012-04-24 23:00:00,99.71506083183263
2012-04-25 00:00:00,91.69880558806226
2012-04-25 01:00:00,10.380089442808666
2012-04-25 02:00:00,4.6876752154287304
2012-04-25 03:00:00,3.8764037108278355
2012-04-25 04:00:00,2.1939211013760977
2012-04-25 05:00:00,25.382679294946428
2012-04-25 06:00:00,113.93226342701182
2012-04-25 07:00:00,348.8119287145945
2012-04-25 08:00:00,618.4565873322898
2012-04-25 09:00:00,314.21154925970416
2012-04-25 10:00:00,158.00711191882476
2012-04-25 11:00:00,160.08256253483296
2012-04-25 12:00:00,185.08918452217046
2012-04-25 13:00:00,201.57596420309548
2012-04-25 14:00:00,181.654914207869
2012-04-25 15:00:00,215.74746117590115
2012-04-25 16:00:00,374.75267089357254
2012-04-25 17:00:00,742.619353719554
2012-04-25 18:00:00,730.381764381456
2012-04-25 19:00:00,507.04164098836384
2012-04-25 20:00:00,267.3209646755232
2012-04-25 21:00:00,239.41471388812144
2012-04-25 22:00:00,182.07627690129038
2012-04-25 23:00:00,107.4188435674485
2012-04-26 00:00:00,61.171096453665264
2012-04-26 01:00:00,15.72817761604507
2012-04-26 02:00:00,8.284948182241056
2012-04-26 03:00:00,4.714589979712551
2012-04-26 04:00:00,4.909327912065129
2012-04-26 05:00:00,23.899829583389796
2012-04-26 06:00:00,129.75933671323233
2012-04-26 07:00:00,149.58213777492452
2012-04-26 08:00:00,380.8371885741861
2012-04-26 09:00:00,101.27496919082995
2012-04-26 10:00:00,152.08569914005747
2012-04-26 11:00:00,133.45215373908817
2012-04-26 12:00:00,211.65237968122594
2012-04-26 13:00:00,187.59864526021445
2012-04-26 14:00:00,189.31755701256972
2012-04-26 15:00:00,181.53690946420897
2012-04-26 16:00:00,259.8178449416598
2012-04-26 17:00:00,553.7344732297706
2012-04-26 18:00:00,536.4138756627002
2012-04-26 19:00:00,422.8364526805305
2012-04-26 20:00:00,308.2675598377392
2012-04-26 21:00:00,218.75109334499916
2012-04-26 22:00:00,184.57717792099115
2012-04-26 23:00:00,108.53061938814655
2012-04-27 00:00:00,78.39353933734562
2012-04-27 01:00:00,35.981742798774015
2012-04-27 02:00:00,13.604225276056395
2012-04-27 03:00:00,8.087652302994902
2012-04-27 04:00:00,4.203396034269105
2012-04-27 05:00:00,26.71865193343964
2012-04-27 06:00:00,115.43577220319375
2012-04-27 07:00:00,304.7541697030317
2012-04-27 08:00:00,595.232850261427
2012-04-27 09:00:00,312.43824903946734
2012-04-27 10:00:00,199.9181546589582
2012-04-27 11:00:00,232.9036340125191
2012-04-27 12:00:00,291.5046504323639
2012-04-27 13:00:00,310.9956197048179
2012-04-27 14:00:00,288.07097380638857
2012-04-27 15:00:00,358.6525612420941
2012-04-27 16:00:00,456.09089657970384
2012-04-27 17:00:00,679.9324577807125
2012-04-27 18:00:00,628.8406303319831
2012-04-27 19:00:00,464.2966724358157
2012-04-27 20:00:00,279.45457141212376
2012-04-27 21:00:00,205.99162126741118
2012-04-27 22:00:00,162.89062308390737
2012-04-27 23:00:00,123.10230403868596
2012-04-28 00:00:00,187.83567621618684
2012-04-28 01:00:00,88.42187347603867
2012-04-28 02:00:00,53.73000110217694
2012-04-28 03:00:00,26.573616199318362
2012-04-28 04:00:00,9.127173935434891
2012-04-28 05:00:00,7.593919995873568
2012-04-28 06:00:00,23.36905364030239
2012-04-28 07:00:00,76.21191763236675
2012-04-28 08:00:00,152.33788409407603
2012-04-28 09:00:00,251.9636497167393
2012-04-28 10:00:00,272.8199263666162
2012-04-28 11:00:00,306.02548786379805
2012-04-28 12:00:00,319.0289754997573
2012-04-28 13:00:00,328.49192410859365
2012-04-28 14:00:00,349.2911266351998
2012-04-28 15:00:00,346.5080716324853
2012-04-28 16:00:00,409.9496495371603
2012-04-28 17:00:00,434.61609284796646
2012-04-28 18:00:00,229.5506196766475
2012-04-28 19:00:00,159.50488463540788
2012-04-28 20:00:00,199.2153634032279
2012-04-28 21:00:00,115.44379412970731
2012-04-28 22:00:00,154.3139314217677
2012-04-28 23:00:00,127.60752551038287
2012-04-29 00:00:00,77.83807929553032
2012-04-29 01:00:00,95.3520890201904
2012-04-29 02:00:00,69.95893935124163
2012-04-29 03:00:00,27.038750025444436
2012-04-29 04:00:00,10.652889619510672
2012-04-29 05:00:00,10.946021832433173
2012-04-29 06:00:00,21.717470966735956
2012-04-29 07:00:00,62.94915916048853
2012-04-29 08:00:00,125.75191380489015
2012-04-29 09:00:00,233.35875240564573
2012-04-29 10:00:00,308.60217437080826
2012-04-29 11:00:00,370.1706446212881
2012-04-29 12:00:00,376.89901661542643
2012-04-29 13:00:00,397.51123976694635
2012-04-29 14:00:00,422.8224279065171
2012-04-29 15:00:00,470.5487395278123
2012-04-29 16:00:00,527.1359199818484
2012-04-29 17:00:00,490.9799293123352
2012-04-29 18:00:00,415.2844574826752
2012-04-29 19:00:00,380.3886852200153
2012-04-29 20:00:00,277.79345173284236
2012-04-29 21:00:00,187.23140324663117
2012-04-29 22:00:00,164.29545667823254
2012-04-29 23:00:00,91.17383381945332
2012-04-30 00:00:00,44.37454584497348
2012-04-30 01:00:00,12.47343725613423
2012-04-30 02:00:00,8.681362579636351
2012-04-30 03:00:00,4.3757137995164355
2012-04-30 04:00:00,3.3407179374627463
2012-04-30 05:00:00,25.47264183975653
2012-04-30 06:00:00,118.48835644261953
2012-04-30 07:00:00,323.68544392068105
2012-04-30 08:00:00,601.8158347363817
2012-04-30 09:00:00,281.1799477060968
2012-04-30 10:00:00,180.0565674561633
2012-04-30 11:00:00,187.36914496764754
2012-04-30 12:00:00,224.865641070276
2012-04-30 13:00:00,213.01886739933454
2012-04-30 14:00:00,195.72185117348548
2012-04-30 15:00:00,217.898826560899
2012-04-30 16:00:00,369.8926507392635
2012-04-30 17:00:00,729.42438355452
2012-04-30 18:00:00,705.0367363195115
2012-04-30 19:00:00,483.0901776654035
2012-04-30 20:00:00,297.85453336745906
2012-04-30 21:00:00,220.40669580184542
2012-04-30 22:00:00,161.1046800027947
2012-04-30 23:00:00,90.66228077125355
2012-05-20 00:00:00,178.13737335915351
2012-05-20 01:00:00,104.43690461636993
2012-05-20 02:00:00,71.31332380705092
2012-05-20 03:00:00,35.02611944886208
2012-05-20 04:00:00,11.804784715609031
2012-05-20 05:00:00,12.494704561250357
2012-05-20 06:00:00,20.93882757213578
2012-05-20 07:00:00,55.985591715500604
2012-05-20 08:00:00,144.79819586966855
2012-05-20 09:00:00,334.8667188489126
2012-05-20 10:00:00,451.9305751012707
2012-05-20 11:00:00,573.2416409406061
2012-05-20 12:00:00,649.7491490854867
2012-05-20 13:00:00,661.5172034685299
2012-05-20 14:00:00,612.1006668547401
2012-05-20 15:00:00,593.1424712604532
2012-05-20 16:00:00,586.3367133899372
2012-05-20 17:00:00,540.5076539807444
2012-05-20 18:00:00,446.1660489131189
2012-05-20 19:00:00,356.0268060919703
2012-05-20 20:00:00,287.45461742131516
2012-05-20 21:00:00,216.20690980529807
2012-05-20 22:00:00,148.78645573685736
2012-05-20 23:00:00,78.80655859197547
2012-05-21 00:00:00,88.34563319653199
2012-05-21 01:00:00,13.898161759897548
2012-05-21 02:00:00,5.647585923816512
2012-05-21 03:00:00,3.8227420502868794
2012-05-21 04:00:00,5.2806977067515755
2012-05-21 05:00:00,27.28357854674421
2012-05-21 06:00:00,71.40352235847759
2012-05-21 07:00:00,136.831707309671
2012-05-21 08:00:00,184.46912166579867
2012-05-21 09:00:00,119.15366465847187
2012-05-21 10:00:00,89.35153603947563
2012-05-21 11:00:00,119.19310316375322
2012-05-21 12:00:00,190.89476376219326
2012-05-21 13:00:00,108.67495243695846
2012-05-21 14:00:00,99.45327757193402
2012-05-21 15:00:00,223.1865564628819
2012-05-21 16:00:00,313.97334170610696
2012-05-21 17:00:00,696.4191204318543
2012-05-21 18:00:00,686.4929014045756
2012-05-21 19:00:00,518.0039711451614
2012-05-21 20:00:00,368.35047730061467
2012-05-21 21:00:00,246.98069684599375
2012-05-21 22:00:00,163.41863659330596
2012-05-21 23:00:00,96.29153339858948
2012-05-22 00:00:00,50.192292669266884
2012-05-22 01:00:00,16.516231496995186
2012-05-22 02:00:00,6.47366866789849
2012-05-22 03:00:00,5.667415564271149
2012-05-22 04:00:00,7.230905602552508
2012-05-22 05:00:00,29.28810630970921
2012-05-22 06:00:00,75.66931300788124
2012-05-22 07:00:00,131.26154465959235
2012-05-22 08:00:00,554.3963127382581
2012-05-22 09:00:00,330.77577523890193
2012-05-22 10:00:00,153.7154065879757
2012-05-22 11:00:00,167.37684235906357
2012-05-22 12:00:00,180.93246010716945
2012-05-22 13:00:00,221.5963246321298
2012-05-22 14:00:00,198.87005652783202
2012-05-22 15:00:00,243.4643477656985
2012-05-22 16:00:00,383.9924170950615
2012-05-22 17:00:00,810.0640385322254
2012-05-22 18:00:00,767.8781464883135
2012-05-22 19:00:00,508.4380474357291
2012-05-22 20:00:00,361.7069049617599
2012-05-22 21:00:00,245.5896681458491
2012-05-22 22:00:00,192.43100497194868
2012-05-22 23:00:00,111.76813761712671
2012-05-23 00:00:00,60.26134522386926
2012-05-23 01:00:00,19.623183527072086
2012-05-23 02:00:00,7.659457041950754
2012-05-23 03:00:00,6.150559345311097
2012-05-23 04:00:00,5.796539216560648
2012-05-23 05:00:00,30.186255090821312
2012-05-23 06:00:00,155.231723893159
2012-05-23 07:00:00,440.8492958021226
2012-05-23 08:00:00,635.6152956649833
2012-05-23 09:00:00,319.167747563771
2012-05-23 10:00:00,166.07466251769836
2012-05-23 11:00:00,221.92037425268055
2012-05-23 12:00:00,274.04860884167795
2012-05-23 13:00:00,221.6364400109434
2012-05-23 14:00:00,210.0870628612977
2012-05-23 15:00:00,245.62605215509024
2012-05-23 16:00:00,279.74769346147787
2012-05-23 17:00:00,462.576626428271
2012-05-23 18:00:00,585.1672976819632
2012-05-23 19:00:00,320.97097994826305
2012-05-23 20:00:00,217.99499746640456
2012-05-23 21:00:00,162.3408722589221
2012-05-23 22:00:00,149.91214267507962
2012-05-23 23:00:00,120.99775305314392
2012-05-24 00:00:00,78.08357771004356
2012-05-24 01:00:00,22.6208226839663
2012-05-24 02:00:00,11.172201700875346
2012-05-24 03:00:00,5.435493162660876
2012-05-24 04:00:00,7.3869653458597515
2012-05-24 05:00:00,35.953896337582016
2012-05-24 06:00:00,150.31203486569143
2012-05-24 07:00:00,462.7905978246349
2012-05-24 08:00:00,675.7329032529553
2012-05-24 09:00:00,325.0951281186008
2012-05-24 10:00:00,194.10401057178052
2012-05-24 11:00:00,222.03706613542673
2012-05-24 12:00:00,273.59036500896735
2012-05-24 13:00:00,253.52050534179946
2012-05-24 14:00:00,226.54302443912317
2012-05-24 15:00:00,256.4628252679818
2012-05-24 16:00:00,401.9454248441755
2012-05-24 17:00:00,824.6026548968534
2012-05-24 18:00:00,797.1637066013207
2012-05-24 19:00:00,551.6254007472984
2012-05-24 20:00:00,380.2430120521408
2012-05-24 21:00:00,109.84504615318836
2012-05-24 22:00:00,182.05063959605135
2012-05-24 23:00:00,134.23285568042155
2012-05-25 00:00:00,95.63450841081074
2012-05-25 01:00:00,40.958026424310255
2012-05-25 02:00:00,11.419361835308512
2012-05-25 03:00:00,5.835221309028904
2012-05-25 04:00:00,7.327388310809936
2012-05-25 05:00:00,38.117487788656774
2012-05-25 06:00:00,141.94613872691124
2012-05-25 07:00:00,419.9805609708218
2012-05-25 08:00:00,630.4995290830617
2012-05-25 09:00:00,299.83380081017975
2012-05-25 10:00:00,182.72345066213316
2012-05-25 11:00:00,198.07835058548096
2012-05-25 12:00:00,284.33163241926195
2012-05-25 13:00:00,270.16641019484996
2012-05-25 14:00:00,237.48645771743463
2012-05-25 15:00:00,273.60542195284637
2012-05-25 16:00:00,440.89323699893913
2012-05-25 17:00:00,742.641170755259
2012-05-25 18:00:00,682.722483598795
2012-05-25 19:00:00,507.48348600871776
2012-05-25 20:00:00,377.7601645646442
2012-05-25 21:00:00,265.8990591675023
2012-05-25 22:00:00,235.5346823318368
2012-05-25 23:00:00,180.92423286284932
2012-05-26 00:00:00,147.35908532938592
2012-05-26 01:00:00,99.90439591860793
2012-05-26 02:00:00,65.7607809534321
2012-05-26 03:00:00,28.41882926062582
2012-05-26 04:00:00,9.501604556512527
2012-05-26 05:00:00,13.016409043115331
2012-05-26 06:00:00,40.410607128455716
2012-05-26 07:00:00,76.94730789619992
2012-05-26 08:00:00,184.5715733129901
2012-05-26 09:00:00,256.12869237145446
2012-05-26 10:00:00,299.2989253581279
2012-05-26 11:00:00,372.4923907499983
2012-05-26 12:00:00,442.5297080116946
2012-05-26 13:00:00,408.78869775144295
2012-05-26 14:00:00,353.16628399287356
2012-05-26 15:00:00,355.2350650743129
2012-05-26 16:00:00,493.6849675055016
2012-05-26 17:00:00,516.9411585359351
2012-05-26 18:00:00,473.92270099442504
2012-05-26 19:00:00,358.2493316769914
2012-05-26 20:00:00,295.6890196335596
2012-05-26 21:00:00,259.71221052189543
2012-05-26 22:00:00,230.99574283517325
2012-05-26 23:00:00,183.43187715883394
2012-05-27 00:00:00,194.75469058692494
2012-05-27 01:00:00,110.57204041098156
2012-05-27 02:00:00,79.24945878476775
2012-05-27 03:00:00,33.299903818062155
2012-05-27 04:00:00,9.894312738136188
2012-05-27 05:00:00,12.875329238592524
2012-05-27 06:00:00,22.41011444372482
2012-05-27 07:00:00,62.50531449071133
2012-05-27 08:00:00,153.0222198115167
2012-05-27 09:00:00,235.09889774292665
2012-05-27 10:00:00,285.6411996473178
2012-05-27 11:00:00,346.2395531224832
2012-05-27 12:00:00,395.7137471105196
2012-05-27 13:00:00,435.633813987999
2012-05-27 14:00:00,370.91219183442286
2012-05-27 15:00:00,435.7070968048995
2012-05-27 16:00:00,488.3281061181711
2012-05-27 17:00:00,511.86299215084676
2012-05-27 18:00:00,449.30877908965124
2012-05-27 19:00:00,345.9711432892338
2012-05-27 20:00:00,303.85133616097943
2012-05-27 21:00:00,197.88276800880772
2012-05-27 22:00:00,99.25483753316183
2012-05-27 23:00:00,83.25382819599194
2012-05-28 00:00:00,125.05042016084488
2012-05-28 01:00:00,44.5248612165674
2012-05-28 02:00:00,22.278684410834632
2012-05-28 03:00:00,13.400785066860076
2012-05-28 04:00:00,8.558006258748756
2012-05-28 05:00:00,15.101087849841925
2012-05-28 06:00:00,51.174667062368755
2012-05-28 07:00:00,162.5415087361469
2012-05-28 08:00:00,213.8825066883585
2012-05-28 09:00:00,253.27834688946385
2012-05-28 10:00:00,264.40105738262713
2012-05-28 11:00:00,307.4953943388071
2012-05-28 12:00:00,360.8677418248637
2012-05-28 13:00:00,367.8331667711744
2012-05-28 14:00:00,320.97418034608495
2012-05-28 15:00:00,281.8810437624291
2012-05-28 16:00:00,341.18298331726305
2012-05-28 17:00:00,472.24525003780997
2012-05-28 18:00:00,432.62636179731356
2012-05-28 19:00:00,356.03008986539703
2012-05-28 20:00:00,278.7457209556469
2012-05-28 21:00:00,248.7978779035633
2012-05-28 22:00:00,198.61525560233977
2012-05-28 23:00:00,106.66032731156382
2012-05-29 00:00:00,101.74841183226066
2012-05-29 01:00:00,16.57893482976287
2012-05-29 02:00:00,7.832937058303207
2012-05-29 03:00:00,4.541462496175252
2012-05-29 04:00:00,6.77298159680883
2012-05-29 05:00:00,36.83646855956117
2012-05-29 06:00:00,163.43618145027398
2012-05-29 07:00:00,379.2354260809357
2012-05-29 08:00:00,643.0904482653897
2012-05-29 09:00:00,309.0630896911502
2012-05-29 10:00:00,175.3572779494261
2012-05-29 11:00:00,205.1049870173994
2012-05-29 12:00:00,244.58836480291686
2012-05-29 13:00:00,242.24749643544988
2012-05-29 14:00:00,217.36169449856075
2012-05-29 15:00:00,262.9694166884208
2012-05-29 16:00:00,384.0897163840095
2012-05-29 17:00:00,793.438124480206
2012-05-29 18:00:00,775.93810890818
2012-05-29 19:00:00,547.4395574889554
2012-05-29 20:00:00,303.54952144703253
2012-05-29 21:00:00,101.41241291972875
2012-05-29 22:00:00,156.50639447141108
2012-05-29 23:00:00,76.32177094186112
2012-05-30 00:00:00,71.80478253693104
2012-05-30 01:00:00,14.839230559714057
2012-05-30 02:00:00,6.342246300464829
2012-05-30 03:00:00,4.258333710384721
2012-05-30 04:00:00,6.758699118316683
2012-05-30 05:00:00,39.87458334470073
2012-05-30 06:00:00,157.2483941556938
2012-05-30 07:00:00,158.64308143463745
2012-05-30 08:00:00,677.4439332049757
2012-05-30 09:00:00,337.13276935731756
2012-05-30 10:00:00,183.99380546711637
2012-05-30 11:00:00,217.41988732160291
2012-05-30 12:00:00,280.10607090481886
2012-05-30 13:00:00,258.4863306989185
2012-05-30 14:00:00,270.88970939446745
2012-05-30 15:00:00,255.05450149201752
2012-05-30 16:00:00,416.43146298016137
2012-05-30 17:00:00,801.7776548741745
2012-05-30 18:00:00,813.905910267013
2012-05-30 19:00:00,568.5840965470853
2012-05-30 20:00:00,331.09623498909764
2012-05-30 21:00:00,293.1499071172642
2012-05-30 22:00:00,245.589025793503
2012-05-30 23:00:00,140.4091448647601
2012-05-31 00:00:00,120.1934863829919
2012-05-31 01:00:00,23.03691182755032
2012-05-31 02:00:00,10.745570616445102
2012-05-31 03:00:00,6.219176296702134
2012-05-31 04:00:00,7.270746410331428
2012-05-31 05:00:00,36.944969574837394
2012-05-31 06:00:00,164.2020129672761
2012-05-31 07:00:00,446.8678464076882
2012-05-31 08:00:00,643.2124984335165
2012-05-31 09:00:00,314.23169415233264
2012-05-31 10:00:00,196.33838756841698
2012-05-31 11:00:00,239.59158020083277
2012-05-31 12:00:00,313.01681724069476
2012-05-31 13:00:00,299.5374901635143
2012-05-31 14:00:00,248.2420533457459
2012-05-31 15:00:00,290.30958113780275
2012-05-31 16:00:00,435.33075863878514
2012-05-31 17:00:00,825.1732951489043
2012-05-31 18:00:00,803.4613287895656
2012-05-31 19:00:00,568.2204394152487
2012-05-31 20:00:00,440.425992638789
2012-05-31 21:00:00,318.5162606167974
2012-05-31 22:00:00,234.1131489812946
2012-05-31 23:00:00,161.55479659902045
2012-06-20 00:00:00,88.89359487348362
2012-06-20 01:00:00,19.435543485669392
2012-06-20 02:00:00,6.665555154523926
2012-06-20 03:00:00,6.644000713134027
2012-06-20 04:00:00,7.328669168742327
2012-06-20 05:00:00,37.490933893748114
2012-06-20 06:00:00,161.97399501696242
2012-06-20 07:00:00,395.3769800448816
2012-06-20 08:00:00,624.3328748766655
2012-06-20 09:00:00,314.7255273333414
2012-06-20 10:00:00,188.79889570775006
2012-06-20 11:00:00,221.0901337619688
2012-06-20 12:00:00,263.5967580788729
2012-06-20 13:00:00,266.0063936319338
2012-06-20 14:00:00,234.74244801137226
2012-06-20 15:00:00,265.76808162311414
2012-06-20 16:00:00,401.9658686122845
2012-06-20 17:00:00,720.5358774896904
2012-06-20 18:00:00,734.8926676059
2012-06-20 19:00:00,553.183730157879
2012-06-20 20:00:00,420.03187200380336
2012-06-20 21:00:00,304.6157329143884
2012-06-20 22:00:00,242.28230347131748
2012-06-20 23:00:00,133.99579393336464
2012-06-21 00:00:00,84.84425455070476
2012-06-21 01:00:00,25.39353096326578
2012-06-21 02:00:00,9.253754873297847
2012-06-21 03:00:00,5.510882752352046
2012-06-21 04:00:00,7.037265037317703
2012-06-21 05:00:00,34.20959471545957
2012-06-21 06:00:00,167.51682187019455
2012-06-21 07:00:00,376.3719353348352
2012-06-21 08:00:00,645.5465621156432
2012-06-21 09:00:00,283.0655924424247
2012-06-21 10:00:00,178.9154052462935
2012-06-21 11:00:00,221.9269667919348
2012-06-21 12:00:00,267.4115385571831
2012-06-21 13:00:00,269.77264752177274
2012-06-21 14:00:00,231.67833913017594
2012-06-21 15:00:00,260.1870010514241
2012-06-21 16:00:00,400.7423073784315
2012-06-21 17:00:00,734.9910057963654
2012-06-21 18:00:00,753.6675872421563
2012-06-21 19:00:00,529.3851278860735
2012-06-21 20:00:00,408.9469509650041
2012-06-21 21:00:00,289.82388715499394
2012-06-21 22:00:00,221.6503658439657
2012-06-21 23:00:00,145.95416263535714
2012-06-22 00:00:00,117.87016346471609
2012-06-22 01:00:00,38.56669408362095
2012-06-22 02:00:00,16.26704666355703
2012-06-22 03:00:00,6.480897075371887
2012-06-22 04:00:00,7.815235936470173
2012-06-22 05:00:00,35.61528679122076
2012-06-22 06:00:00,140.74706502337307
2012-06-22 07:00:00,404.2292957004953
2012-06-22 08:00:00,617.7855973814959
2012-06-22 09:00:00,322.70659571991587
2012-06-22 10:00:00,220.00477821041824
2012-06-22 11:00:00,257.71403951280445
2012-06-22 12:00:00,305.969571017897
2012-06-22 13:00:00,328.7146646689894
2012-06-22 14:00:00,314.2006706588729
2012-06-22 15:00:00,316.1628816805838
2012-06-22 16:00:00,430.48824760207975
2012-06-22 17:00:00,767.4053664453811
2012-06-22 18:00:00,669.6699888005836
2012-06-22 19:00:00,495.444231294044
2012-06-22 20:00:00,375.52398674514336
2012-06-22 21:00:00,204.9136459141874
2012-06-22 22:00:00,228.37745330208872
2012-06-22 23:00:00,170.94815229023993
2012-06-23 00:00:00,152.74686008757186
2012-06-23 01:00:00,102.21325278008716
2012-06-23 02:00:00,80.46149618714723
2012-06-23 03:00:00,35.02579156351247
2012-06-23 04:00:00,10.497746115908551
2012-06-23 05:00:00,10.28675155927595
2012-06-23 06:00:00,31.471485327741124
2012-06-23 07:00:00,62.61931616174454
2012-06-23 08:00:00,179.5349327598695
2012-06-23 09:00:00,273.8994463063833
2012-06-23 10:00:00,415.70729511111244
2012-06-23 11:00:00,450.6075736218807
2012-06-23 12:00:00,499.9292428120563
2012-06-23 13:00:00,510.28716728741324
2012-06-23 14:00:00,540.4973540604799
2012-06-23 15:00:00,495.4911892587116
2012-06-23 16:00:00,493.18960294138685
2012-06-23 17:00:00,494.1308916563443
2012-06-23 18:00:00,435.87242207300784
2012-06-23 19:00:00,384.00564811666004
2012-06-23 20:00:00,332.4440972896048
2012-06-23 21:00:00,275.530062106683
2012-06-23 22:00:00,247.10751121077695
2012-06-23 23:00:00,194.37144242390798
2012-06-24 00:00:00,316.35798593737815
2012-06-24 01:00:00,120.20499676238676
2012-06-24 02:00:00,89.91692275469063
2012-06-24 03:00:00,38.98860002215116
2012-06-24 04:00:00,12.867063366710251
2012-06-24 05:00:00,11.865573017200111
2012-06-24 06:00:00,19.706116626161236
2012-06-24 07:00:00,51.65327280407826
2012-06-24 08:00:00,141.32817278734782
2012-06-24 09:00:00,248.9969375306678
2012-06-24 10:00:00,401.4768613231564
2012-06-24 11:00:00,467.17804079842097
2012-06-24 12:00:00,484.9536807353425
2012-06-24 13:00:00,485.4841588078472
2012-06-24 14:00:00,467.1533573503834
2012-06-24 15:00:00,442.07290351402156
2012-06-24 16:00:00,447.6050796430595
2012-06-24 17:00:00,484.39527799640626
2012-06-24 18:00:00,461.2570067350272
2012-06-24 19:00:00,400.8677668046795
2012-06-24 20:00:00,339.9052269343031
2012-06-24 21:00:00,235.1816480457654
2012-06-24 22:00:00,190.82393949758384
2012-06-24 23:00:00,114.25497835992485
2012-06-25 00:00:00,89.21190688680153
2012-06-25 01:00:00,17.372984793069808
2012-06-25 02:00:00,11.292989872109425
2012-06-25 03:00:00,5.449236345248699
2012-06-25 04:00:00,8.080206326095071
2012-06-25 05:00:00,36.42770676010452
2012-06-25 06:00:00,149.61536651794106
2012-06-25 07:00:00,414.4629323373913
2012-06-25 08:00:00,622.1135053305015
2012-06-25 09:00:00,317.323555393993
2012-06-25 10:00:00,174.44097751737465
2012-06-25 11:00:00,220.12867107280368
2012-06-25 12:00:00,269.40627972367713
2012-06-25 13:00:00,236.91899433113267
2012-06-25 14:00:00,240.79240286642755
2012-06-25 15:00:00,263.3143085364958
2012-06-25 16:00:00,402.247444700332
2012-06-25 17:00:00,783.2736090873912
2012-06-25 18:00:00,756.8110322456333
2012-06-25 19:00:00,591.885421676733
2012-06-25 20:00:00,414.2937918461818
2012-06-25 21:00:00,296.02927325110625
2012-06-25 22:00:00,220.57811081590822
2012-06-25 23:00:00,122.28607748520197
2012-06-26 00:00:00,232.308759380843
2012-06-26 01:00:00,15.495627780042796
2012-06-26 02:00:00,9.41068710870631
2012-06-26 03:00:00,4.525917240180048
2012-06-26 04:00:00,8.457767413649906
2012-06-26 05:00:00,36.22725101612539
2012-06-26 06:00:00,153.7501910705904
2012-06-26 07:00:00,402.93254428249844
2012-06-26 08:00:00,647.3612600568013
2012-06-26 09:00:00,310.27791008823084
2012-06-26 10:00:00,200.17788663709746
2012-06-26 11:00:00,235.31133996467054
2012-06-26 12:00:00,285.5258762696569
2012-06-26 13:00:00,279.26012478683066
2012-06-26 14:00:00,260.8662007722404
2012-06-26 15:00:00,283.4164692681878
2012-06-26 16:00:00,434.2661596128149
2012-06-26 17:00:00,801.5114212839918
2012-06-26 18:00:00,757.9036876422301
2012-06-26 19:00:00,551.4939401088087
2012-06-26 20:00:00,418.0735150965949
2012-06-26 21:00:00,307.8611485856864
2012-06-26 22:00:00,228.4996115875972
2012-06-26 23:00:00,142.00254773004104
2012-06-27 00:00:00,235.01148811824075
2012-06-27 01:00:00,17.172400466777884
2012-06-27 02:00:00,9.894540943284165
2012-06-27 03:00:00,6.064274530739332
2012-06-27 04:00:00,7.589542296676033
2012-06-27 05:00:00,37.43182047903658
2012-06-27 06:00:00,160.21462679754626
2012-06-27 07:00:00,393.48675220514
2012-06-27 08:00:00,614.3166361857446
2012-06-27 09:00:00,312.0261836001259
2012-06-27 10:00:00,191.8345561193684
2012-06-27 11:00:00,223.17621886155314
2012-06-27 12:00:00,278.14919599987286
2012-06-27 13:00:00,269.4036443344191
2012-06-27 14:00:00,249.24780138353768
2012-06-27 15:00:00,273.3900009800056
2012-06-27 16:00:00,411.97065601597654
2012-06-27 17:00:00,775.0214651404925
2012-06-27 18:00:00,753.2153924636166
2012-06-27 19:00:00,589.4271581311253
2012-06-27 20:00:00,421.96729749993267
2012-06-27 21:00:00,313.1036753698473
2012-06-27 22:00:00,249.40039826344568
2012-06-27 23:00:00,150.23961559852913
2012-06-28 00:00:00,144.98850785856055
2012-06-28 01:00:00,23.054445447575773
2012-06-28 02:00:00,12.657159994959313
2012-06-28 03:00:00,6.526435903055686
2012-06-28 04:00:00,6.963722922607943
2012-06-28 05:00:00,35.89923996009874
2012-06-28 06:00:00,148.09661786937983
2012-06-28 07:00:00,443.9867574552645
2012-06-28 08:00:00,618.3352497792366
2012-06-28 09:00:00,299.53230163894557
2012-06-28 10:00:00,199.87480881975912
2012-06-28 11:00:00,226.89605321879083
2012-06-28 12:00:00,262.3700100962733
2012-06-28 13:00:00,264.8508133645312
2012-06-28 14:00:00,234.53006245915935
2012-06-28 15:00:00,262.8566950531436
2012-06-28 16:00:00,428.50656222898976
2012-06-28 17:00:00,739.5574342657766
2012-06-28 18:00:00,742.775625262883
2012-06-28 19:00:00,545.2241375285225
2012-06-28 20:00:00,444.8382506593431
2012-06-28 21:00:00,289.003449996713
2012-06-28 22:00:00,235.24095742503712
2012-06-28 23:00:00,170.80174645260504
2012-06-29 00:00:00,259.2544399566601
2012-06-29 01:00:00,36.80433105943857
2012-06-29 02:00:00,15.820492607655249
2012-06-29 03:00:00,6.8931060362972625
2012-06-29 04:00:00,7.571730504783194
2012-06-29 05:00:00,34.20189885177377
2012-06-29 06:00:00,140.49547747128506
2012-06-29 07:00:00,397.35003438639063
2012-06-29 08:00:00,634.6580813259642
2012-06-29 09:00:00,324.3241582072178
2012-06-29 10:00:00,225.47086858759894
2012-06-29 11:00:00,263.3027650818952
2012-06-29 12:00:00,306.87424653874496
2012-06-29 13:00:00,300.3603596195962
2012-06-29 14:00:00,289.5469741882771
2012-06-29 15:00:00,290.5080184452389
2012-06-29 16:00:00,408.3705319769074
2012-06-29 17:00:00,655.7016828860368
2012-06-29 18:00:00,622.8140101417179
2012-06-29 19:00:00,452.6974198307027
2012-06-29 20:00:00,352.442157891045
2012-06-29 21:00:00,272.4677289161108
2012-06-29 22:00:00,188.63918429569384
2012-06-29 23:00:00,130.61873149868623
2012-06-30 00:00:00,134.40220968755605
2012-06-30 01:00:00,100.04150270560302
2012-06-30 02:00:00,77.07156787344395
2012-06-30 03:00:00,35.523024078222214
2012-06-30 04:00:00,10.532897610107954
2012-06-30 05:00:00,10.400427004629341
2012-06-30 06:00:00,30.32113592579063
2012-06-30 07:00:00,66.55981076256089
2012-06-30 08:00:00,164.88046178562774
2012-06-30 09:00:00,243.33033356744193
2012-06-30 10:00:00,401.84616323778107
2012-06-30 11:00:00,447.30908720318115
2012-06-30 12:00:00,470.19624810902377
2012-06-30 13:00:00,472.5644410951869
2012-06-30 14:00:00,472.1136970886123
2012-06-30 15:00:00,461.8475032978618
2012-06-30 16:00:00,427.1956915983072
2012-06-30 17:00:00,398.5166776420237
2012-06-30 18:00:00,399.37631917448607
2012-06-30 19:00:00,401.82480274247024
2012-06-30 20:00:00,303.56224477005713
2012-06-30 21:00:00,276.6616925779712
2012-06-30 22:00:00,224.13451162459955
2012-06-30 23:00:00,192.53837423756053
2012-07-20 00:00:00,98.84110447902266
2012-07-20 01:00:00,34.592558269495115
2012-07-20 02:00:00,11.070522781064003
2012-07-20 03:00:00,6.620164025430325
2012-07-20 04:00:00,8.403368985405077
2012-07-20 05:00:00,39.555235185176684
2012-07-20 06:00:00,148.57337420884076
2012-07-20 07:00:00,417.7610403898342
2012-07-20 08:00:00,608.5564736793161
2012-07-20 09:00:00,307.2150640144806
2012-07-20 10:00:00,166.94017076275574
2012-07-20 11:00:00,183.3518423119322
2012-07-20 12:00:00,129.59242523646415
2012-07-20 13:00:00,122.56804819029256
2012-07-20 14:00:00,113.2511527065521
2012-07-20 15:00:00,107.99518377242683
2012-07-20 16:00:00,242.05718296227641
2012-07-20 17:00:00,437.09840906736355
2012-07-20 18:00:00,462.01624180049345
2012-07-20 19:00:00,315.534022096291
2012-07-20 20:00:00,112.61291777085152
2012-07-20 21:00:00,145.24956744613633
2012-07-20 22:00:00,176.34539723541562
2012-07-20 23:00:00,164.78111978541122
2012-07-21 00:00:00,161.47103754757134
2012-07-21 01:00:00,115.91428448311507
2012-07-21 02:00:00,60.59366326283518
2012-07-21 03:00:00,24.025948089538087
2012-07-21 04:00:00,9.798134960422287
2012-07-21 05:00:00,7.493149828459983
2012-07-21 06:00:00,29.20641670574113
2012-07-21 07:00:00,66.86740267743686
2012-07-21 08:00:00,166.06035842387314
2012-07-21 09:00:00,245.5055321075581
2012-07-21 10:00:00,143.32766232356357
2012-07-21 11:00:00,286.8257218512284
2012-07-21 12:00:00,192.05111253410774
2012-07-21 13:00:00,180.75605404098667
2012-07-21 14:00:00,281.0303868212771
2012-07-21 15:00:00,237.2773776780759
2012-07-21 16:00:00,149.8150419588363
2012-07-21 17:00:00,210.50527457266986
2012-07-21 18:00:00,305.55409652429665
2012-07-21 19:00:00,265.26714319599347
2012-07-21 20:00:00,149.18824111845757
2012-07-21 21:00:00,163.3243811674474
2012-07-21 22:00:00,148.13884623815616
2012-07-21 23:00:00,142.19205057884523
2012-07-22 00:00:00,120.28417529482752
2012-07-22 01:00:00,115.04899122040975
2012-07-22 02:00:00,94.5106710344005
2012-07-22 03:00:00,41.03667313687248
2012-07-22 04:00:00,13.069055325251252
2012-07-22 05:00:00,13.490324981527737
2012-07-22 06:00:00,19.061135325752975
2012-07-22 07:00:00,52.59693706259065
2012-07-22 08:00:00,132.66502963200043
2012-07-22 09:00:00,258.78846889610855
2012-07-22 10:00:00,297.3171706697864
2012-07-22 11:00:00,293.8143004767197
2012-07-22 12:00:00,369.07094297076486
2012-07-22 13:00:00,387.7822322575426
2012-07-22 14:00:00,287.78650079624316
2012-07-22 15:00:00,289.33993563810543
2012-07-22 16:00:00,376.3296463351289
2012-07-22 17:00:00,492.99898115807554
2012-07-22 18:00:00,409.2485041849562
2012-07-22 19:00:00,321.6327624540166
2012-07-22 20:00:00,257.689261521338
2012-07-22 21:00:00,200.61813038141176
2012-07-22 22:00:00,161.54853720568508
2012-07-22 23:00:00,104.85729316054103
2012-07-23 00:00:00,56.84858067721248
2012-07-23 01:00:00,15.036813137247265
2012-07-23 02:00:00,6.759907323267233
2012-07-23 03:00:00,5.066464856429312
2012-07-23 04:00:00,9.16298528954579
2012-07-23 05:00:00,38.43372918694974
2012-07-23 06:00:00,144.541166026651
2012-07-23 07:00:00,345.78375707570194
2012-07-23 08:00:00,597.0909505764444
2012-07-23 09:00:00,311.78489402013395
2012-07-23 10:00:00,184.2319168189939
2012-07-23 11:00:00,215.44264885934612
2012-07-23 12:00:00,265.1560220729858
2012-07-23 13:00:00,257.42563988188704
2012-07-23 14:00:00,204.12406683288384
2012-07-23 15:00:00,255.20023382920652
2012-07-23 16:00:00,392.8959456977356
2012-07-23 17:00:00,786.9626093804093
2012-07-23 18:00:00,801.8768668721866
2012-07-23 19:00:00,592.8591934095928
2012-07-23 20:00:00,440.8093197799439
2012-07-23 21:00:00,298.78495175693666
2012-07-23 22:00:00,223.0582491536636
2012-07-23 23:00:00,128.4876895721203
2012-07-24 00:00:00,79.80904875919877
2012-07-24 01:00:00,20.702611745372863
2012-07-24 02:00:00,8.820987338305692
2012-07-24 03:00:00,4.899631538721811
2012-07-24 04:00:00,7.612433519402521
2012-07-24 05:00:00,40.27626370004581
2012-07-24 06:00:00,175.39609015968531
2012-07-24 07:00:00,451.7010879989469
2012-07-24 08:00:00,657.4001413522726
2012-07-24 09:00:00,282.7727388830994
2012-07-24 10:00:00,187.9432321497528
2012-07-24 11:00:00,203.75493832527522
2012-07-24 12:00:00,255.10317049401695
2012-07-24 13:00:00,243.5001733434077
2012-07-24 14:00:00,212.51015395227105
2012-07-24 15:00:00,279.24424116147236
2012-07-24 16:00:00,404.95994445986076
2012-07-24 17:00:00,783.544071674793
2012-07-24 18:00:00,767.8429771192011
2012-07-24 19:00:00,571.0387662830223
2012-07-24 20:00:00,439.80362607183343
2012-07-24 21:00:00,300.3928939236497
2012-07-24 22:00:00,209.3634849301928
2012-07-24 23:00:00,130.37895483344246
2012-07-25 00:00:00,107.49707667925183
2012-07-25 01:00:00,19.99577341394887
2012-07-25 02:00:00,8.654010138023262
2012-07-25 03:00:00,5.483135341416121
2012-07-25 04:00:00,6.017602609450568
2012-07-25 05:00:00,43.657616784052394
2012-07-25 06:00:00,166.70386535604538
2012-07-25 07:00:00,396.6958760238995
2012-07-25 08:00:00,628.2038875107702
2012-07-25 09:00:00,317.0162855864748
2012-07-25 10:00:00,193.7824480290103
2012-07-25 11:00:00,227.74504661183713
2012-07-25 12:00:00,290.25449066221773
2012-07-25 13:00:00,273.9921259427429
2012-07-25 14:00:00,247.29493456151926
2012-07-25 15:00:00,282.7203739744422
2012-07-25 16:00:00,418.61920463254063
2012-07-25 17:00:00,785.0256280176632
2012-07-25 18:00:00,792.0248636857572
2012-07-25 19:00:00,603.4612121399713
2012-07-25 20:00:00,441.69380126394844
2012-07-25 21:00:00,324.1788990338926
2012-07-25 22:00:00,235.520376162812
2012-07-25 23:00:00,140.68552961482098
2012-07-26 00:00:00,91.1005644126627
2012-07-26 01:00:00,24.519495323843277
2012-07-26 02:00:00,10.120503145373617
2012-07-26 03:00:00,5.627559567942724
2012-07-26 04:00:00,6.549009370854105
2012-07-26 05:00:00,39.772663335104475
2012-07-26 06:00:00,169.63261539975002
2012-07-26 07:00:00,423.08484733188646
2012-07-26 08:00:00,681.540228196275
2012-07-26 09:00:00,324.3148697707354
2012-07-26 10:00:00,194.28283425035622
2012-07-26 11:00:00,201.75340656983656
2012-07-26 12:00:00,260.8342050699444
2012-07-26 13:00:00,249.70432140815728
2012-07-26 14:00:00,210.03897181812076
2012-07-26 15:00:00,234.2457885269603
2012-07-26 16:00:00,409.75573579477293
2012-07-26 17:00:00,747.816084859275
2012-07-26 18:00:00,747.4020180414211
2012-07-26 19:00:00,539.2771272281916
2012-07-26 20:00:00,440.8577960683942
2012-07-26 21:00:00,310.6622309416471
2012-07-26 22:00:00,244.8355490246401
2012-07-26 23:00:00,163.49522732560544
2012-07-27 00:00:00,97.82932188350416
2012-07-27 01:00:00,42.12708793962769
2012-07-27 02:00:00,17.190592200392654
2012-07-27 03:00:00,6.754435808155046
2012-07-27 04:00:00,8.700675522288456
2012-07-27 05:00:00,35.944987421164925
2012-07-27 06:00:00,153.12984683111068
2012-07-27 07:00:00,414.8313748405427
2012-07-27 08:00:00,660.3649235572877
2012-07-27 09:00:00,322.19032731490745
2012-07-27 10:00:00,237.32415315576333
2012-07-27 11:00:00,275.9535178542836
2012-07-27 12:00:00,322.61891803028055
2012-07-27 13:00:00,334.26262256412355
2012-07-27 14:00:00,315.31280855158764
2012-07-27 15:00:00,349.62607944245946
2012-07-27 16:00:00,457.50706840390677
2012-07-27 17:00:00,743.070280041464
2012-07-27 18:00:00,679.6680044022496
2012-07-27 19:00:00,500.3420908338219
2012-07-27 20:00:00,394.07748317714925
2012-07-27 21:00:00,294.65663318328683
2012-07-27 22:00:00,245.20830229606477
2012-07-27 23:00:00,175.64203752372384
2012-07-28 00:00:00,237.99512208106054
2012-07-28 01:00:00,96.8995383534281
2012-07-28 02:00:00,78.00461332002946
2012-07-28 03:00:00,33.65739835609268
2012-07-28 04:00:00,10.570448032527029
2012-07-28 05:00:00,13.584135327253167
2012-07-28 06:00:00,33.46603475984338
2012-07-28 07:00:00,71.17508700028955
2012-07-28 08:00:00,174.07006229329656
2012-07-28 09:00:00,263.8136628466925
2012-07-28 10:00:00,419.55243313469214
2012-07-28 11:00:00,497.34629046926267
2012-07-28 12:00:00,515.945473088767
2012-07-28 13:00:00,520.7354231548353
2012-07-28 14:00:00,508.2037711155303
2012-07-28 15:00:00,498.92932705099764
2012-07-28 16:00:00,489.2975388728812
2012-07-28 17:00:00,428.26225325754496
2012-07-28 18:00:00,442.1342896214796
2012-07-28 19:00:00,286.0056110886614
2012-07-28 20:00:00,223.28554903498795
2012-07-28 21:00:00,215.21610127801074
2012-07-28 22:00:00,186.80395557095386
2012-07-28 23:00:00,177.78184694797116
2012-07-29 00:00:00,136.93037125381463
2012-07-29 01:00:00,112.1168182314461
2012-07-29 02:00:00,86.09337707342667
2012-07-29 03:00:00,41.753788074497216
2012-07-29 04:00:00,11.879951179703147
2012-07-29 05:00:00,12.456918993422184
2012-07-29 06:00:00,20.465408030842934
2012-07-29 07:00:00,60.568545865274935
2012-07-29 08:00:00,135.81780295137753
2012-07-29 09:00:00,263.16116208249974
2012-07-29 10:00:00,333.456130488323
2012-07-29 11:00:00,427.44164500036555
2012-07-29 12:00:00,460.90943876238384
2012-07-29 13:00:00,485.006787463766
2012-07-29 14:00:00,506.09301651754384
2012-07-29 15:00:00,496.6049827130076
2012-07-29 16:00:00,486.81788343005593
2012-07-29 17:00:00,421.30055090396894
2012-07-29 18:00:00,463.5691738521246
2012-07-29 19:00:00,357.3908190278458
2012-07-29 20:00:00,278.4436674061573
2012-07-29 21:00:00,206.44643637585486
2012-07-29 22:00:00,157.47441012829606
2012-07-29 23:00:00,110.07249219094588
2012-07-30 00:00:00,70.72005270874051
2012-07-30 01:00:00,15.736187999706173
2012-07-30 02:00:00,11.33177494534651
2012-07-30 03:00:00,6.0314594224080915
2012-07-30 04:00:00,9.901388104815888
2012-07-30 05:00:00,38.246005259687884
2012-07-30 06:00:00,151.84157649274383
2012-07-30 07:00:00,349.59883649910137
2012-07-30 08:00:00,659.4973164167037
2012-07-30 09:00:00,311.65479047995177
2012-07-30 10:00:00,201.52711349338887
2012-07-30 11:00:00,219.05938650906768
2012-07-30 12:00:00,258.7201547108858
2012-07-30 13:00:00,272.5455972982181
2012-07-30 14:00:00,247.12883564351992
2012-07-30 15:00:00,274.30287975147155
2012-07-30 16:00:00,435.35113646790654
2012-07-30 17:00:00,821.5245324451221
2012-07-30 18:00:00,782.5277352570896
2012-07-30 19:00:00,579.2187036145347
2012-07-30 20:00:00,410.69195288424305
2012-07-30 21:00:00,295.15427309271143
2012-07-30 22:00:00,183.10605666570783
2012-07-30 23:00:00,124.30958183866701
2012-07-31 00:00:00,78.42582647123574
2012-07-31 01:00:00,21.229178107665494
2012-07-31 02:00:00,8.991319321000555
2012-07-31 03:00:00,5.427290272003616
2012-07-31 04:00:00,7.772995816991272
2012-07-31 05:00:00,39.59630214160688
2012-07-31 06:00:00,169.13435676754605
2012-07-31 07:00:00,332.4677998631381
2012-07-31 08:00:00,631.0436788662304
2012-07-31 09:00:00,321.6878274346922
2012-07-31 10:00:00,195.5454070414506
2012-07-31 11:00:00,207.5477846730752
2012-07-31 12:00:00,285.87528066569155
2012-07-31 13:00:00,261.29336351430425
2012-07-31 14:00:00,245.22235579357627
2012-07-31 15:00:00,248.44550340415213
2012-07-31 16:00:00,401.15926264069293
2012-07-31 17:00:00,844.3947119030371
2012-07-31 18:00:00,817.6642456754468
2012-07-31 19:00:00,449.07235771925684
2012-07-31 20:00:00,330.0013288507537
2012-07-31 21:00:00,207.9891305826332
2012-07-31 22:00:00,186.15982114529743
2012-07-31 23:00:00,128.31006618948788
2012-08-20 00:00:00,47.740981237652804
2012-08-20 01:00:00,15.85469229006664
2012-08-20 02:00:00,8.543627910679273
2012-08-20 03:00:00,6.270013246149044
2012-08-20 04:00:00,9.588915652869614
2012-08-20 05:00:00,37.450739375487764
2012-08-20 06:00:00,153.668299071707
2012-08-20 07:00:00,451.559815731907
2012-08-20 08:00:00,676.9326748347952
2012-08-20 09:00:00,315.73266001542675
2012-08-20 10:00:00,197.74684400796303
2012-08-20 11:00:00,182.1079372939466
2012-08-20 12:00:00,252.50525530775076
2012-08-20 13:00:00,245.4334941680364
2012-08-20 14:00:00,235.98461269172697
2012-08-20 15:00:00,270.4468423852365
2012-08-20 16:00:00,440.6573883548465
2012-08-20 17:00:00,833.5021432905784
2012-08-20 18:00:00,523.4195644502624
2012-08-20 19:00:00,391.8013526735026
2012-08-20 20:00:00,238.15990736999854
2012-08-20 21:00:00,194.157662931014
2012-08-20 22:00:00,130.93508245261495
2012-08-20 23:00:00,92.30939099350617
2012-08-21 00:00:00,45.44158217581851
2012-08-21 01:00:00,16.01781425264261
2012-08-21 02:00:00,6.240566777428846
2012-08-21 03:00:00,5.843213770872193
2012-08-21 04:00:00,7.448509711219855
2012-08-21 05:00:00,39.495534584395585
2012-08-21 06:00:00,171.70100374461046
2012-08-21 07:00:00,463.84479516787684
2012-08-21 08:00:00,687.7317994194341
2012-08-21 09:00:00,328.65296929330975
2012-08-21 10:00:00,195.46809564660745
2012-08-21 11:00:00,188.3864075539429
2012-08-21 12:00:00,308.4621711966516
2012-08-21 13:00:00,301.04736496794663
2012-08-21 14:00:00,253.72314422493847
2012-08-21 15:00:00,300.785473093459
2012-08-21 16:00:00,469.9986728005516
2012-08-21 17:00:00,858.3850269856325
2012-08-21 18:00:00,841.2919184693093
2012-08-21 19:00:00,290.1810131581266
2012-08-21 20:00:00,377.08643235944015
2012-08-21 21:00:00,267.928209534578
2012-08-21 22:00:00,168.32986712668338
2012-08-21 23:00:00,118.82323261581094
2012-08-22 00:00:00,56.87538546347101
2012-08-22 01:00:00,21.540719139125464
2012-08-22 02:00:00,8.115953221820105
2012-08-22 03:00:00,7.5394704387322165
2012-08-22 04:00:00,5.297068914279404
2012-08-22 05:00:00,40.54491812552393
2012-08-22 06:00:00,177.15484404777018
2012-08-22 07:00:00,463.79472453277623
2012-08-22 08:00:00,691.9880905224377
2012-08-22 09:00:00,327.6807363276779
2012-08-22 10:00:00,197.8019687183073
2012-08-22 11:00:00,228.28497857317643
2012-08-22 12:00:00,283.44077925158393
2012-08-22 13:00:00,294.17648625756004
2012-08-22 14:00:00,258.6094917390354
2012-08-22 15:00:00,292.15097576914604
2012-08-22 16:00:00,364.3955658705536
2012-08-22 17:00:00,736.5028701103735
2012-08-22 18:00:00,786.1837391219743
2012-08-22 19:00:00,509.0017789335602
2012-08-22 20:00:00,400.0888743612841
2012-08-22 21:00:00,287.97159640022153
2012-08-22 22:00:00,223.6920920295847
2012-08-22 23:00:00,131.77845766786973
2012-08-23 00:00:00,81.6972163366841
2012-08-23 01:00:00,24.15739357394171
2012-08-23 02:00:00,10.452084960949284
2012-08-23 03:00:00,7.8362466950108836
2012-08-23 04:00:00,7.2195356184490596
2012-08-23 05:00:00,40.38449065834418
2012-08-23 06:00:00,168.30963502398671
2012-08-23 07:00:00,431.997194433323
2012-08-23 08:00:00,690.834195680604
2012-08-23 09:00:00,319.67513412747263
2012-08-23 10:00:00,198.3002717555091
2012-08-23 11:00:00,247.50507484922733
2012-08-23 12:00:00,312.4971147490325
2012-08-23 13:00:00,290.3129358230364
2012-08-23 14:00:00,254.85933917390466
2012-08-23 15:00:00,291.50840605870303
2012-08-23 16:00:00,435.29643323404525
2012-08-23 17:00:00,850.3934431621643
2012-08-23 18:00:00,837.0245069218603
2012-08-23 19:00:00,610.3790896590228
2012-08-23 20:00:00,435.5545357594221
2012-08-23 21:00:00,304.20315810125663
2012-08-23 22:00:00,215.3029140262483
2012-08-23 23:00:00,156.7607296280142
2012-08-24 00:00:00,127.4556169725014
2012-08-24 01:00:00,39.23910560426509
2012-08-24 02:00:00,18.60538610954648
2012-08-24 03:00:00,8.473668808213494
2012-08-24 04:00:00,8.61090955503842
2012-08-24 05:00:00,38.986458903722486
2012-08-24 06:00:00,150.0040627320628
2012-08-24 07:00:00,428.8433021897483
2012-08-24 08:00:00,685.3475055292263
2012-08-24 09:00:00,360.2465968830521
2012-08-24 10:00:00,257.1165212109046
2012-08-24 11:00:00,286.031088066795
2012-08-24 12:00:00,361.5605675461575
2012-08-24 13:00:00,359.4533485972096
2012-08-24 14:00:00,338.2620675853498
2012-08-24 15:00:00,350.5666210704879
2012-08-24 16:00:00,473.5439189371466
2012-08-24 17:00:00,818.478209806344
2012-08-24 18:00:00,743.1705918140999
2012-08-24 19:00:00,524.9297296806709
2012-08-24 20:00:00,386.89934686527727
2012-08-24 21:00:00,285.89812517641286
2012-08-24 22:00:00,219.88122860403453
2012-08-24 23:00:00,177.81684482891643
2012-08-25 00:00:00,262.97040132991117
2012-08-25 01:00:00,111.23126878541008
2012-08-25 02:00:00,93.28875823092892
2012-08-25 03:00:00,36.13320247339771
2012-08-25 04:00:00,13.121747474841596
2012-08-25 05:00:00,9.518938157285735
2012-08-25 06:00:00,30.575911694269525
2012-08-25 07:00:00,62.620989231071306
2012-08-25 08:00:00,179.25839472255575
2012-08-25 09:00:00,278.5379458830633
2012-08-25 10:00:00,397.3447748320084
2012-08-25 11:00:00,431.81736337712175
2012-08-25 12:00:00,432.2022919205469
2012-08-25 13:00:00,500.4638688965452
2012-08-25 14:00:00,312.5148332119008
2012-08-25 15:00:00,310.30098488612515
2012-08-25 16:00:00,413.21851742690814
2012-08-25 17:00:00,434.7243484100479
2012-08-25 18:00:00,418.6568658022464
2012-08-25 19:00:00,311.68023024734094
2012-08-25 20:00:00,162.01684049967434
2012-08-25 21:00:00,182.44484192264258
2012-08-25 22:00:00,155.92646022695942
2012-08-25 23:00:00,144.44789488245613
2012-08-26 00:00:00,134.0469250770024
2012-08-26 01:00:00,104.41563604460443
2012-08-26 02:00:00,95.3070606254758
2012-08-26 03:00:00,42.07126015444257
2012-08-26 04:00:00,14.734197433746257
2012-08-26 05:00:00,11.540438990022409
2012-08-26 06:00:00,17.233047611283116
2012-08-26 07:00:00,56.65651857565149
2012-08-26 08:00:00,141.2333234422662
2012-08-26 09:00:00,248.13155776358062
2012-08-26 10:00:00,350.7944392920135
2012-08-26 11:00:00,374.436248706199
2012-08-26 12:00:00,313.23107782902053
2012-08-26 13:00:00,218.4155157219136
2012-08-26 14:00:00,254.3541515145129
2012-08-26 15:00:00,173.44178179897315
2012-08-26 16:00:00,162.56214091100452
2012-08-26 17:00:00,315.9595603325188
2012-08-26 18:00:00,308.33599021742407
2012-08-26 19:00:00,249.24855865531438
2012-08-26 20:00:00,188.2261028812281
2012-08-26 21:00:00,173.65036529683425
2012-08-26 22:00:00,119.2143830604172
2012-08-26 23:00:00,97.16070180051496
2012-08-27 00:00:00,59.181926694536926
2012-08-27 01:00:00,15.321913888288734
2012-08-27 02:00:00,7.718772509328937
2012-08-27 03:00:00,6.631216428423313
2012-08-27 04:00:00,9.253461827963553
2012-08-27 05:00:00,37.56690604332899
2012-08-27 06:00:00,152.53205506889904
2012-08-27 07:00:00,303.79280823306823
2012-08-27 08:00:00,576.4966084040374
2012-08-27 09:00:00,277.5755666917704
2012-08-27 10:00:00,189.04965935140146
2012-08-27 11:00:00,230.6610416215136
2012-08-27 12:00:00,263.45800959788363
2012-08-27 13:00:00,260.68820574462666
2012-08-27 14:00:00,257.4653531167648
2012-08-27 15:00:00,271.4990210834629
2012-08-27 16:00:00,441.01150429192495
2012-08-27 17:00:00,851.6344379339231
2012-08-27 18:00:00,832.465083920905
2012-08-27 19:00:00,578.0263730869881
2012-08-27 20:00:00,413.0412579089024
2012-08-27 21:00:00,259.42445329615043
2012-08-27 22:00:00,127.49956752734123
2012-08-27 23:00:00,117.51476027602143
2012-08-28 00:00:00,49.55706345637604
2012-08-28 01:00:00,18.182967837485066
2012-08-28 02:00:00,7.31799879519013
2012-08-28 03:00:00,6.17665227002218
2012-08-28 04:00:00,7.256160766609574
2012-08-28 05:00:00,38.79406981844949
2012-08-28 06:00:00,170.01036627247376
2012-08-28 07:00:00,333.6556863816315
2012-08-28 08:00:00,579.8698726039598
2012-08-28 09:00:00,316.4732379559959
2012-08-28 10:00:00,208.20154959461112
2012-08-28 11:00:00,229.14099472976903
2012-08-28 12:00:00,292.020966421218
2012-08-28 13:00:00,284.45470105305895
2012-08-28 14:00:00,257.3546089556502
2012-08-28 15:00:00,280.49473258393806
2012-08-28 16:00:00,450.85988742412457
2012-08-28 17:00:00,853.7378105418054
2012-08-28 18:00:00,850.1248092138795
2012-08-28 19:00:00,585.2848649033066
2012-08-28 20:00:00,432.13133506054555
2012-08-28 21:00:00,324.2421978712864
2012-08-28 22:00:00,192.00935441040636
2012-08-28 23:00:00,139.6435214131638
2012-08-29 00:00:00,97.4990713930807
2012-08-29 01:00:00,20.771329150259273
2012-08-29 02:00:00,8.753246449613169
2012-08-29 03:00:00,8.175030198928445
2012-08-29 04:00:00,5.5923861260111964
2012-08-29 05:00:00,40.910215833842955
2012-08-29 06:00:00,176.92393751972105
2012-08-29 07:00:00,426.8419156689026
2012-08-29 08:00:00,676.3328766602148
2012-08-29 09:00:00,325.55804716619485
2012-08-29 10:00:00,205.57501349096987
2012-08-29 11:00:00,242.69378137701466
2012-08-29 12:00:00,308.6251900502331
2012-08-29 13:00:00,301.04340672824833
2012-08-29 14:00:00,259.4277031434706
2012-08-29 15:00:00,293.0692958397113
2012-08-29 16:00:00,475.97528011186546
2012-08-29 17:00:00,867.0620294429756
2012-08-29 18:00:00,862.4769677482396
2012-08-29 19:00:00,626.7897037887489
2012-08-29 20:00:00,425.3939775493057
2012-08-29 21:00:00,305.40779565613144
2012-08-29 22:00:00,226.2651288409584
2012-08-29 23:00:00,145.8051768994282
2012-08-30 00:00:00,109.9908476949141
2012-08-30 01:00:00,23.055704976919564
2012-08-30 02:00:00,9.99713997999973
2012-08-30 03:00:00,8.306626627088615
2012-08-30 04:00:00,7.050161290591507
2012-08-30 05:00:00,40.86886346112261
2012-08-30 06:00:00,170.19681419848413
2012-08-30 07:00:00,430.837692053796
2012-08-30 08:00:00,698.1657922761766
2012-08-30 09:00:00,318.0151445344959
2012-08-30 10:00:00,191.56668900405097
2012-08-30 11:00:00,254.0151569180343
2012-08-30 12:00:00,309.1864245761931
2012-08-30 13:00:00,291.53186318382916
2012-08-30 14:00:00,252.38977462166937
2012-08-30 15:00:00,295.0727442482948
2012-08-30 16:00:00,447.54908553859804
2012-08-30 17:00:00,867.4327562422706
2012-08-30 18:00:00,841.9559393541344
2012-08-30 19:00:00,623.9752203452047
2012-08-30 20:00:00,453.19370817135416
2012-08-30 21:00:00,305.2895541017706
2012-08-30 22:00:00,201.5372423337294
2012-08-30 23:00:00,160.79231614399222
2012-08-31 00:00:00,115.10026459802727
2012-08-31 01:00:00,36.835723562733136
2012-08-31 02:00:00,11.62730990301783
2012-08-31 03:00:00,7.427064822066157
2012-08-31 04:00:00,8.657386158964368
2012-08-31 05:00:00,38.167133042992965
2012-08-31 06:00:00,146.61579177041241
2012-08-31 07:00:00,417.2583586555467
2012-08-31 08:00:00,691.5931575539555
2012-08-31 09:00:00,336.5624446791049
2012-08-31 10:00:00,221.98957853832184
2012-08-31 11:00:00,275.681540098042
2012-08-31 12:00:00,340.73594758263806
2012-08-31 13:00:00,334.0748742092664
2012-08-31 14:00:00,313.28396618150464
2012-08-31 15:00:00,331.9115882830966
2012-08-31 16:00:00,466.6509156516148
2012-08-31 17:00:00,786.7923348998473
2012-08-31 18:00:00,742.5187514683073
2012-08-31 19:00:00,530.014821648333
2012-08-31 20:00:00,397.54311070517974
2012-08-31 21:00:00,297.1270838819723
2012-08-31 22:00:00,253.51827088341614
2012-08-31 23:00:00,179.82551552503867
2012-09-20 00:00:00,63.599753325161494
2012-09-20 01:00:00,19.25413233372449
2012-09-20 02:00:00,10.60515947154483
2012-09-20 03:00:00,7.571570042314631
2012-09-20 04:00:00,7.308561451040582
2012-09-20 05:00:00,45.616638348973375
2012-09-20 06:00:00,174.44217188779533
2012-09-20 07:00:00,489.5084250775288
2012-09-20 08:00:00,749.6431733914537
2012-09-20 09:00:00,326.96266834489626
2012-09-20 10:00:00,192.03734473535854
2012-09-20 11:00:00,254.10367569016148
2012-09-20 12:00:00,314.0560681515356
2012-09-20 13:00:00,304.991666866375
2012-09-20 14:00:00,273.9946395956427
2012-09-20 15:00:00,319.57171444023953
2012-09-20 16:00:00,468.86939076332175
2012-09-20 17:00:00,879.9158440003163
2012-09-20 18:00:00,857.9188454257813
2012-09-20 19:00:00,551.2767450939548
2012-09-20 20:00:00,373.7598974205791
2012-09-20 21:00:00,273.680387662929
2012-09-20 22:00:00,196.89202246358454
2012-09-20 23:00:00,148.204405271409
2012-09-21 00:00:00,82.44255799331813
2012-09-21 01:00:00,38.98296042371232
2012-09-21 02:00:00,20.51172957011427
2012-09-21 03:00:00,9.219702414749387
2012-09-21 04:00:00,10.246630702775537
2012-09-21 05:00:00,43.62290602453951
2012-09-21 06:00:00,159.23152833356335
2012-09-21 07:00:00,462.15816714723854
2012-09-21 08:00:00,734.1740094490069
2012-09-21 09:00:00,333.1016796807744
2012-09-21 10:00:00,231.09907864917483
2012-09-21 11:00:00,275.7365832386601
2012-09-21 12:00:00,335.4148673362741
2012-09-21 13:00:00,345.48162291021026
2012-09-21 14:00:00,301.8241445620088
2012-09-21 15:00:00,341.24380681637757
2012-09-21 16:00:00,499.7418400124793
2012-09-21 17:00:00,828.3228152772399
2012-09-21 18:00:00,771.916594563046
2012-09-21 19:00:00,557.0665878795577
2012-09-21 20:00:00,383.07093347254255
2012-09-21 21:00:00,254.56375926791242
2012-09-21 22:00:00,218.38690273383745
2012-09-21 23:00:00,174.5747940592046
2012-09-22 00:00:00,191.66864219354062
2012-09-22 01:00:00,111.95275598179161
2012-09-22 02:00:00,73.77265119341396
2012-09-22 03:00:00,34.736631636541226
2012-09-22 04:00:00,12.021547454250985
2012-09-22 05:00:00,15.497883444923765
2012-09-22 06:00:00,30.505196226172174
2012-09-22 07:00:00,68.03806402386573
2012-09-22 08:00:00,180.67523612034637
2012-09-22 09:00:00,310.09650046442414
2012-09-22 10:00:00,434.03759276946704
2012-09-22 11:00:00,508.7411969008851
2012-09-22 12:00:00,593.673746412965
2012-09-22 13:00:00,596.019852326582
2012-09-22 14:00:00,556.0345503372754
2012-09-22 15:00:00,538.133574451993
2012-09-22 16:00:00,559.7456962278204
2012-09-22 17:00:00,569.7626473792222
2012-09-22 18:00:00,489.18472051892564
2012-09-22 19:00:00,380.9637068170553
2012-09-22 20:00:00,322.33805780536176
2012-09-22 21:00:00,287.965633620078
2012-09-22 22:00:00,268.6435447227053
2012-09-22 23:00:00,191.60110400555806
2012-09-23 00:00:00,585.7731033885395
2012-09-23 01:00:00,93.86520552759862
2012-09-23 02:00:00,74.25087924437665
2012-09-23 03:00:00,34.32529087485607
2012-09-23 04:00:00,11.448287348291283
2012-09-23 05:00:00,11.852460040674638
2012-09-23 06:00:00,22.3893486006426
2012-09-23 07:00:00,58.44116816842538
2012-09-23 08:00:00,136.65008874348098
2012-09-23 09:00:00,270.0917356654066
2012-09-23 10:00:00,401.15323178384676
2012-09-23 11:00:00,488.0155289884559
2012-09-23 12:00:00,543.0828958521172
2012-09-23 13:00:00,620.65487399832
2012-09-23 14:00:00,606.3807793133907
2012-09-23 15:00:00,603.9045733661924
2012-09-23 16:00:00,612.0132852795489
2012-09-23 17:00:00,556.2552559518749
2012-09-23 18:00:00,482.017735489864
2012-09-23 19:00:00,373.48402676153165
2012-09-23 20:00:00,307.3163352833444
2012-09-23 21:00:00,209.1995661762966
2012-09-23 22:00:00,176.6577944617772
2012-09-23 23:00:00,87.03586412950375
2012-09-24 00:00:00,50.823933127273385
2012-09-24 01:00:00,15.751964872073152
2012-09-24 02:00:00,8.744270126645729
2012-09-24 03:00:00,5.728672312514443
2012-09-24 04:00:00,8.840078982460374
2012-09-24 05:00:00,39.432894140911564
2012-09-24 06:00:00,152.3406974420408
2012-09-24 07:00:00,451.49427143620227
2012-09-24 08:00:00,728.5694882641902
2012-09-24 09:00:00,329.4776471655649
2012-09-24 10:00:00,198.96601303616382
2012-09-24 11:00:00,262.8050153490981
2012-09-24 12:00:00,307.4565741196268
2012-09-24 13:00:00,310.5996923108323
2012-09-24 14:00:00,280.56941608779385
2012-09-24 15:00:00,316.9722383191038
2012-09-24 16:00:00,449.44398439171613
2012-09-24 17:00:00,839.977395647144
2012-09-24 18:00:00,784.1735043698394
2012-09-24 19:00:00,514.0926587303065
2012-09-24 20:00:00,335.8806407255119
2012-09-24 21:00:00,235.4780807610338
2012-09-24 22:00:00,153.4401577262448
2012-09-24 23:00:00,93.38676444471783
2012-09-25 00:00:00,50.081276401497725
2012-09-25 01:00:00,14.320964319477415
2012-09-25 02:00:00,5.114492836123138
2012-09-25 03:00:00,3.639288315105013
2012-09-25 04:00:00,7.555302682486656
2012-09-25 05:00:00,41.17353046135976
2012-09-25 06:00:00,163.2690854691547
2012-09-25 07:00:00,479.42713263414515
2012-09-25 08:00:00,748.4675962175244
2012-09-25 09:00:00,344.8155295813854
2012-09-25 10:00:00,194.77050784340574
2012-09-25 11:00:00,252.32649554629594
2012-09-25 12:00:00,315.924427791683
2012-09-25 13:00:00,304.18991804207207
2012-09-25 14:00:00,286.65834681428396
2012-09-25 15:00:00,322.8574598870285
2012-09-25 16:00:00,488.8784190939049
2012-09-25 17:00:00,897.4643902803356
2012-09-25 18:00:00,866.1840308187022
2012-09-25 19:00:00,545.1819071575231
2012-09-25 20:00:00,404.4146507446866
2012-09-25 21:00:00,268.495077952041
2012-09-25 22:00:00,217.69273488476912
2012-09-25 23:00:00,129.53539689251693
2012-09-26 00:00:00,63.86474779052012
2012-09-26 01:00:00,16.394043538635696
2012-09-26 02:00:00,5.7989707509265855
2012-09-26 03:00:00,5.101362958765452
2012-09-26 04:00:00,7.431115711879965
2012-09-26 05:00:00,41.18905446019656
2012-09-26 06:00:00,169.8378616603928
2012-09-26 07:00:00,493.68464561348844
2012-09-26 08:00:00,766.972956197295
2012-09-26 09:00:00,341.1282951146887
2012-09-26 10:00:00,181.6706245822111
2012-09-26 11:00:00,252.50691341539894
2012-09-26 12:00:00,313.0911676547643
2012-09-26 13:00:00,290.5530069594537
2012-09-26 14:00:00,269.1993648282485
2012-09-26 15:00:00,309.5352304456863
2012-09-26 16:00:00,484.68610821779134
2012-09-26 17:00:00,885.5743262523968
2012-09-26 18:00:00,846.8364550366248
2012-09-26 19:00:00,581.3965659343773
2012-09-26 20:00:00,430.30009618326676
2012-09-26 21:00:00,291.51208074785154
2012-09-26 22:00:00,198.0713819423513
2012-09-26 23:00:00,118.63943739394065
2012-09-27 00:00:00,82.19747042050543
2012-09-27 01:00:00,22.70276471179675
2012-09-27 02:00:00,11.070670400148073
2012-09-27 03:00:00,8.077770634628413
2012-09-27 04:00:00,7.4188853156840056
2012-09-27 05:00:00,39.98848741185661
2012-09-27 06:00:00,160.21842977681507
2012-09-27 07:00:00,468.23394078534
2012-09-27 08:00:00,724.4111387544859
2012-09-27 09:00:00,320.04359706183874
2012-09-27 10:00:00,215.90961005416676
2012-09-27 11:00:00,249.67385065283634
2012-09-27 12:00:00,308.07059020203485
2012-09-27 13:00:00,296.20383077104066
2012-09-27 14:00:00,259.4769906268794
2012-09-27 15:00:00,312.84789276065425
2012-09-27 16:00:00,455.1283140082917
2012-09-27 17:00:00,780.1384578768852
2012-09-27 18:00:00,796.1744772563019
2012-09-27 19:00:00,565.923819742612
2012-09-27 20:00:00,400.87397382881824
2012-09-27 21:00:00,173.88157109942387
2012-09-27 22:00:00,128.666441693165
2012-09-27 23:00:00,84.06513463677874
2012-09-28 00:00:00,110.57266794775893
2012-09-28 01:00:00,25.57065026722325
2012-09-28 02:00:00,8.061930438678734
2012-09-28 03:00:00,6.411725742896842
2012-09-28 04:00:00,6.82729883445687
2012-09-28 05:00:00,38.404721534576204
2012-09-28 06:00:00,140.6207920932016
2012-09-28 07:00:00,379.85294177360055
2012-09-28 08:00:00,702.6296045711225
2012-09-28 09:00:00,342.587942090232
2012-09-28 10:00:00,189.23326398671074
2012-09-28 11:00:00,253.87245163152446
2012-09-28 12:00:00,360.1097135847548
2012-09-28 13:00:00,357.06703470227654
2012-09-28 14:00:00,312.5034793302661
2012-09-28 15:00:00,342.25530513617065
2012-09-28 16:00:00,511.40598543474124
2012-09-28 17:00:00,836.6879147257345
2012-09-28 18:00:00,767.2843635201903
2012-09-28 19:00:00,409.5151679312938
2012-09-28 20:00:00,326.9457319720384
2012-09-28 21:00:00,247.8847129173001
2012-09-28 22:00:00,208.7999647104091
2012-09-28 23:00:00,145.02538934377088
2012-09-29 00:00:00,197.08397204456685
2012-09-29 01:00:00,113.18605269493045
2012-09-29 02:00:00,73.54111738746637
2012-09-29 03:00:00,37.867759310196924
2012-09-29 04:00:00,11.464425508944109
2012-09-29 05:00:00,11.578910496751709
2012-09-29 06:00:00,28.828538544961223
2012-09-29 07:00:00,78.40991677576184
2012-09-29 08:00:00,176.84969953874509
2012-09-29 09:00:00,291.4158939284795
2012-09-29 10:00:00,364.72480504398027
2012-09-29 11:00:00,465.281812461045
2012-09-29 12:00:00,621.1689488099648
2012-09-29 13:00:00,639.6977360251537
2012-09-29 14:00:00,612.68752706206806
2012-09-29 15:00:00,600.3981244256712
2012-09-29 16:00:00,618.8563963017746
2012-09-29 17:00:00,576.2193886088816
2012-09-29 18:00:00,478.2415197968264
2012-09-29 19:00:00,341.22358744300413
2012-09-29 20:00:00,246.90262650183266
2012-09-29 21:00:00,221.22711693680142
2012-09-29 22:00:00,192.22289506949238
2012-09-29 23:00:00,170.65429326734113
2012-09-30 00:00:00,158.8365636752748
2012-09-30 01:00:00,108.90196739460735
2012-09-30 02:00:00,67.31114276266611
2012-09-30 03:00:00,35.80068810826008
2012-09-30 04:00:00,10.424292008471886
2012-09-30 05:00:00,11.529692861669867
2012-09-30 06:00:00,25.574970101052912
2012-09-30 07:00:00,63.048685655076525
2012-09-30 08:00:00,129.0559998502457
2012-09-30 09:00:00,275.4218146731128
2012-09-30 10:00:00,420.8864101408646
2012-09-30 11:00:00,546.0645780069424
2012-09-30 12:00:00,601.9558126556354
2012-09-30 13:00:00,627.2449929414594
2012-09-30 14:00:00,605.9420909935404
2012-09-30 15:00:00,616.0546210593102
2012-09-30 16:00:00,623.937806359447
2012-09-30 17:00:00,574.3761154716602
2012-09-30 18:00:00,448.8771238843627
2012-09-30 19:00:00,221.649231343099
2012-09-30 20:00:00,185.1925514666127
2012-09-30 21:00:00,180.45187823511236
2012-09-30 22:00:00,137.95057300429133
2012-09-30 23:00:00,94.1918713181061
2012-10-20 00:00:00,165.923302123073
2012-10-20 01:00:00,107.3434843925052
2012-10-20 02:00:00,62.896034709620906
2012-10-20 03:00:00,28.73587938495954
2012-10-20 04:00:00,9.793392170897897
2012-10-20 05:00:00,10.51624588076659
2012-10-20 06:00:00,28.029101777929302
2012-10-20 07:00:00,69.59828973898503
2012-10-20 08:00:00,178.71863551568282
2012-10-20 09:00:00,289.0217394659768
2012-10-20 10:00:00,380.2364384146137
2012-10-20 11:00:00,475.52773737317915
2012-10-20 12:00:00,568.3269472949036
2012-10-20 13:00:00,594.2763813369129
2012-10-20 14:00:00,589.549103595424
2012-10-20 15:00:00,566.3141503640338
2012-10-20 16:00:00,588.7652852319657
2012-10-20 17:00:00,554.8914680938225
2012-10-20 18:00:00,483.3421728000873
2012-10-20 19:00:00,358.1817192980331
2012-10-20 20:00:00,313.6978904827548
2012-10-20 21:00:00,252.7608667525172
2012-10-20 22:00:00,193.77772388783873
2012-10-20 23:00:00,152.62956363826422
2012-10-21 00:00:00,174.1164306496566
2012-10-21 01:00:00,108.68934529811537
2012-10-21 02:00:00,70.09945060444436
2012-10-21 03:00:00,35.64649675608425
2012-10-21 04:00:00,10.664548188730151
2012-10-21 05:00:00,10.126446030228875
2012-10-21 06:00:00,24.022700139335925
2012-10-21 07:00:00,60.18942912059089
2012-10-21 08:00:00,125.75303474913193
2012-10-21 09:00:00,268.90560117891164
2012-10-21 10:00:00,385.1693315307459
2012-10-21 11:00:00,476.5029504230723
2012-10-21 12:00:00,547.9697960095075
2012-10-21 13:00:00,600.2212193116977
2012-10-21 14:00:00,571.4543411474313
2012-10-21 15:00:00,601.5177337516261
2012-10-21 16:00:00,599.970007440097
2012-10-21 17:00:00,535.5169572890197
2012-10-21 18:00:00,462.2990338082499
2012-10-21 19:00:00,356.9752296062771
2012-10-21 20:00:00,303.60587964926737
2012-10-21 21:00:00,177.58011321136
2012-10-21 22:00:00,143.29208568119884
2012-10-21 23:00:00,97.90610126640749
2012-10-22 00:00:00,53.05324756997531
2012-10-22 01:00:00,14.924130937951547
2012-10-22 02:00:00,9.101031366393585
2012-10-22 03:00:00,6.23759740204341
2012-10-22 04:00:00,7.809416962100744
2012-10-22 05:00:00,35.84112055327373
2012-10-22 06:00:00,143.85296344940534
2012-10-22 07:00:00,400.3133617303158
2012-10-22 08:00:00,744.6193690540515
2012-10-22 09:00:00,318.3349380069745
2012-10-22 10:00:00,188.4943677954552
2012-10-22 11:00:00,264.5514053375916
2012-10-22 12:00:00,307.4666208379793
2012-10-22 13:00:00,313.266888683087
2012-10-22 14:00:00,285.68614591204744
2012-10-22 15:00:00,327.02113969774626
2012-10-22 16:00:00,482.87017959686773
2012-10-22 17:00:00,787.5237336814122
2012-10-22 18:00:00,660.6765435305299
2012-10-22 19:00:00,484.03020141067503
2012-10-22 20:00:00,312.47469005307767
2012-10-22 21:00:00,213.24517144264917
2012-10-22 22:00:00,140.0666102972291
2012-10-22 23:00:00,94.5850254319001
2012-10-23 00:00:00,51.933550880191596
2012-10-23 01:00:00,13.699418544282626
2012-10-23 02:00:00,5.774559594334012
2012-10-23 03:00:00,4.252975462591477
2012-10-23 04:00:00,7.539794721992539
2012-10-23 05:00:00,41.60731880870427
2012-10-23 06:00:00,156.27757388679706
2012-10-23 07:00:00,455.1300779074854
2012-10-23 08:00:00,748.1360150563672
2012-10-23 09:00:00,348.28622299117234
2012-10-23 10:00:00,193.31766974117735
2012-10-23 11:00:00,230.40518711165808
2012-10-23 12:00:00,312.6093769906989
2012-10-23 13:00:00,302.50162737766067
2012-10-23 14:00:00,275.6654327431456
2012-10-23 15:00:00,319.09642410122166
2012-10-23 16:00:00,491.6039566254142
2012-10-23 17:00:00,830.7431261447327
2012-10-23 18:00:00,766.9811186796437
2012-10-23 19:00:00,517.816897940073
2012-10-23 20:00:00,363.1509190690799
2012-10-23 21:00:00,227.09570351888843
2012-10-23 22:00:00,190.59827601455237
2012-10-23 23:00:00,110.78406124081151
2012-10-24 00:00:00,57.472955582668824
2012-10-24 01:00:00,17.451637399188495
2012-10-24 02:00:00,8.464143836178893
2012-10-24 03:00:00,6.61299849730797
2012-10-24 04:00:00,6.241819666156115
2012-10-24 05:00:00,41.23908379696702
2012-10-24 06:00:00,168.36983640170732
2012-10-24 07:00:00,452.5627724550187
2012-10-24 08:00:00,718.6919407763703
2012-10-24 09:00:00,363.77922607233154
2012-10-24 10:00:00,188.79245225528948
2012-10-24 11:00:00,238.6937591042283
2012-10-24 12:00:00,323.345033224081
2012-10-24 13:00:00,289.63628576474633
2012-10-24 14:00:00,275.16394197775486
2012-10-24 15:00:00,322.7725888719609
2012-10-24 16:00:00,500.57851311956483
2012-10-24 17:00:00,818.2871277569486
2012-10-24 18:00:00,787.4437606630418
2012-10-24 19:00:00,518.2658145827277
2012-10-24 20:00:00,399.02827474186677
2012-10-24 21:00:00,287.18890058862934
2012-10-24 22:00:00,238.5099286249456
2012-10-24 23:00:00,119.33968634317127
2012-10-25 00:00:00,157.59076334473696
2012-10-25 01:00:00,21.09511031097623
2012-10-25 02:00:00,10.018232046666192
2012-10-25 03:00:00,6.296008660580201
2012-10-25 04:00:00,7.874556090077608
2012-10-25 05:00:00,40.74946789762701
2012-10-25 06:00:00,154.6518031093651
2012-10-25 07:00:00,445.93304298388284
2012-10-25 08:00:00,694.8018546460585
2012-10-25 09:00:00,357.8028851032312
2012-10-25 10:00:00,173.84590727913297
2012-10-25 11:00:00,160.02050411993892
2012-10-25 12:00:00,230.07140272143246
2012-10-25 13:00:00,203.1402463540111
2012-10-25 14:00:00,216.60677487658583
2012-10-25 15:00:00,321.3278831380306
2012-10-25 16:00:00,420.48828933724985
2012-10-25 17:00:00,736.5000901076965
2012-10-25 18:00:00,365.31535117299904
2012-10-25 19:00:00,307.3977117244805
2012-10-25 20:00:00,228.61443200777566
2012-10-25 21:00:00,206.72315139947096
2012-10-25 22:00:00,188.71952654792614
2012-10-25 23:00:00,118.7797715206378
2012-10-26 00:00:00,79.03791267219765
2012-10-26 01:00:00,25.429215738461803
2012-10-26 02:00:00,9.647343719668852
2012-10-26 03:00:00,6.175613571589043
2012-10-26 04:00:00,7.60616325394575
2012-10-26 05:00:00,37.96336547281469
2012-10-26 06:00:00,138.03246801863094
2012-10-26 07:00:00,421.11559237018315
2012-10-26 08:00:00,616.5926083503414
2012-10-26 09:00:00,348.00874187123014
2012-10-26 10:00:00,178.45887557591894
2012-10-26 11:00:00,205.69309132071814
2012-10-26 12:00:00,273.8320510140366
2012-10-26 13:00:00,276.4971622915197
2012-10-26 14:00:00,292.7402338190114
2012-10-26 15:00:00,346.33647507450326
2012-10-26 16:00:00,397.74033303789327
2012-10-26 17:00:00,556.0325831520515
2012-10-26 18:00:00,407.960485341425
2012-10-26 19:00:00,285.3898429419111
2012-10-26 20:00:00,236.72152661016895
2012-10-26 21:00:00,223.3108864754099
2012-10-26 22:00:00,177.61815253407153
2012-10-26 23:00:00,142.1343592395655
2012-10-27 00:00:00,156.56873833007919
2012-10-27 01:00:00,103.53362536667125
2012-10-27 02:00:00,65.79686680110659
2012-10-27 03:00:00,36.18658936789089
2012-10-27 04:00:00,10.921740337876773
2012-10-27 05:00:00,11.035893606334682
2012-10-27 06:00:00,27.35042913915715
2012-10-27 07:00:00,75.63851344382752
2012-10-27 08:00:00,172.63564255291666
2012-10-27 09:00:00,281.35776117195076
2012-10-27 10:00:00,331.7112958774945
2012-10-27 11:00:00,455.3095514514188
2012-10-27 12:00:00,587.3725660192324
2012-10-27 13:00:00,621.5816046881309
2012-10-27 14:00:00,591.3877952450648
2012-10-27 15:00:00,436.6066948726679
2012-10-27 16:00:00,469.16773519787665
2012-10-27 17:00:00,533.2048787319254
2012-10-27 18:00:00,437.057397622879
2012-10-27 19:00:00,332.5521181103561
2012-10-27 20:00:00,239.2103354649273
2012-10-27 21:00:00,205.44300591323596
2012-10-27 22:00:00,178.22126844113043
2012-10-27 23:00:00,148.61390610534394
2012-10-28 00:00:00,169.13017602593743
2012-10-28 01:00:00,108.50492080106086
2012-10-28 02:00:00,76.1514859259935
2012-10-28 03:00:00,33.590982690451014
2012-10-28 04:00:00,10.852115410890171
2012-10-28 05:00:00,11.023356152633074
2012-10-28 06:00:00,22.415190098930115
2012-10-28 07:00:00,60.1337430818792
2012-10-28 08:00:00,132.1726700017714
2012-10-28 09:00:00,257.9435297811171
2012-10-28 10:00:00,328.0903009856217
2012-10-28 11:00:00,421.63000489926486
2012-10-28 12:00:00,415.82699693828283
2012-10-28 13:00:00,419.13800777043656
2012-10-28 14:00:00,416.5239421430628
2012-10-28 15:00:00,407.0431985979707
2012-10-28 16:00:00,280.7497015611528
2012-10-28 17:00:00,246.13390009647244
2012-10-28 18:00:00,141.0366354763302
2012-10-28 19:00:00,125.40359983156091
2012-10-28 20:00:00,110.23579722922584
2012-10-28 21:00:00,124.00624379683607
2012-10-28 22:00:00,99.22285948091564
2012-10-28 23:00:00,61.00640182934624
2012-10-29 00:00:00,105.1875160397698
2012-10-30 13:00:00,92.33228582349102
2012-10-30 14:00:00,85.10138887681805
2012-10-30 15:00:00,91.7013806148958
2012-10-30 16:00:00,137.74117861690237
2012-10-30 17:00:00,256.9085348768079
2012-10-30 18:00:00,246.38424015194332
2012-10-30 19:00:00,483.2148222328285
2012-10-30 20:00:00,187.70618011016413
2012-10-30 21:00:00,139.09757424134608
2012-10-30 22:00:00,128.02402434746543
2012-10-30 23:00:00,111.44095692243569
2012-10-31 00:00:00,57.69823228027635
2012-10-31 01:00:00,16.887221237825525
2012-10-31 02:00:00,7.8734862354086745
2012-10-31 03:00:00,4.403394002211039
2012-10-31 04:00:00,6.587045995062141
2012-10-31 05:00:00,32.41808397767876
2012-10-31 06:00:00,137.01422892192704
2012-10-31 07:00:00,347.7043332992141
2012-10-31 08:00:00,646.9340078580344
2012-10-31 09:00:00,320.9726928003744
2012-10-31 10:00:00,163.50088574604158
2012-10-31 11:00:00,173.2673485103423
2012-10-31 12:00:00,235.8253588996903
2012-10-31 13:00:00,226.76044464287952
2012-10-31 14:00:00,202.62343585240043
2012-10-31 15:00:00,235.2749370486031
2012-10-31 16:00:00,336.183454043623
2012-10-31 17:00:00,596.7589753621796
2012-10-31 18:00:00,593.8089106093438
2012-10-31 19:00:00,406.0598472257902
2012-10-31 20:00:00,272.4741649078024
2012-10-31 21:00:00,200.09442426896024
2012-10-31 22:00:00,162.98869657288714
2012-10-31 23:00:00,111.10743553307931
2012-11-20 00:00:00,52.785058710774436
2012-11-20 01:00:00,16.10548437443135
2012-11-20 02:00:00,3.9468088089358875
2012-11-20 03:00:00,3.658720076347825
2012-11-20 04:00:00,7.519982049728364
2012-11-20 05:00:00,33.51361154805141
2012-11-20 06:00:00,137.2179550494277
2012-11-20 07:00:00,361.6814000057408
2012-11-20 08:00:00,656.5012161087603
2012-11-20 09:00:00,313.5070386712784
2012-11-20 10:00:00,170.24500257001446
2012-11-20 11:00:00,199.8561627143523
2012-11-20 12:00:00,246.06324118766952
2012-11-20 13:00:00,235.05397950135006
2012-11-20 14:00:00,211.2230976571067
2012-11-20 15:00:00,245.29559264395067
2012-11-20 16:00:00,363.6425012310234
2012-11-20 17:00:00,554.2679660992342
2012-11-20 18:00:00,536.7319737044379
2012-11-20 19:00:00,385.0321431109842
2012-11-20 20:00:00,231.83710180997798
2012-11-20 21:00:00,192.2422335244739
2012-11-20 22:00:00,151.04617382484994
2012-11-20 23:00:00,104.8064833414455
2012-11-21 00:00:00,55.36791188054569
2012-11-21 01:00:00,17.0779267123793
2012-11-21 02:00:00,5.875869963612045
2012-11-21 03:00:00,5.2496684529929585
2012-11-21 04:00:00,5.6502412444124355
2012-11-21 05:00:00,32.230325868710466
2012-11-21 06:00:00,128.88142675878652
2012-11-21 07:00:00,326.24801730564684
2012-11-21 08:00:00,627.5117739421394
2012-11-21 09:00:00,308.46134269337205
2012-11-21 10:00:00,162.0167648937217
2012-11-21 11:00:00,202.1797877915518
2012-11-21 12:00:00,245.08069231689592
2012-11-21 13:00:00,224.22695554245945
2012-11-21 14:00:00,223.9011276834792
2012-11-21 15:00:00,257.84821186254527
2012-11-21 16:00:00,350.9247117240488
2012-11-21 17:00:00,591.9766584391446
2012-11-21 18:00:00,548.2825976407008
2012-11-21 19:00:00,391.561710283123
2012-11-21 20:00:00,256.83414147796117
2012-11-21 21:00:00,194.19610530885487
2012-11-21 22:00:00,140.9248414430318
2012-11-21 23:00:00,100.31236273893494
2012-11-22 00:00:00,120.83050056386446
2012-11-22 01:00:00,52.33899401463937
2012-11-22 02:00:00,26.298099409037963
2012-11-22 03:00:00,9.599644241105421
2012-11-22 04:00:00,6.785889073297301
2012-11-22 05:00:00,9.542129795782929
2012-11-22 06:00:00,22.509799517892084
2012-11-22 07:00:00,74.30241544985485
2012-11-22 08:00:00,169.3978113415746
2012-11-22 09:00:00,213.29218647892316
2012-11-22 10:00:00,272.17163518508613
2012-11-22 11:00:00,392.5778544526875
2012-11-22 12:00:00,445.1706296673982
2012-11-22 13:00:00,488.0113556108411
2012-11-22 14:00:00,470.954150355171
2012-11-22 15:00:00,470.6277364813037
2012-11-22 16:00:00,458.0826666277683
2012-11-22 17:00:00,430.7066108845297
2012-11-22 18:00:00,312.58569843314547
2012-11-22 19:00:00,230.25119579771263
2012-11-22 20:00:00,161.7122393949991
2012-11-22 21:00:00,153.43201314884664
2012-11-22 22:00:00,122.4261170391875
2012-11-22 23:00:00,91.40104454726993
2012-11-23 00:00:00,64.16114943374073
2012-11-23 01:00:00,22.545167051257994
2012-11-23 02:00:00,9.918197656301187
2012-11-23 03:00:00,5.545012925782097
2012-11-23 04:00:00,8.741501808978914
2012-11-23 05:00:00,31.491196774115718
2012-11-23 06:00:00,123.21869696248682
2012-11-23 07:00:00,310.7197243134498
2012-11-23 08:00:00,570.8052143791969
2012-11-23 09:00:00,312.74409109556615
2012-11-23 10:00:00,170.74410481418144
2012-11-23 11:00:00,228.33550370544503
2012-11-23 12:00:00,277.26788140583625
2012-11-23 13:00:00,296.4703346324688
2012-11-23 14:00:00,311.04243988421894
2012-11-23 15:00:00,326.5598147914056
2012-11-23 16:00:00,432.7547599341438
2012-11-23 17:00:00,698.8518767630867
2012-11-23 18:00:00,601.5186657140066
2012-11-23 19:00:00,451.7178227634259
2012-11-23 20:00:00,292.09382398948435
2012-11-23 21:00:00,226.41980964519328
2012-11-23 22:00:00,160.67130759025085
2012-11-23 23:00:00,111.62347420748424
2012-11-24 00:00:00,326.3793257442427
2012-11-24 01:00:00,81.69788593534304
2012-11-24 02:00:00,46.07708499495191
2012-11-24 03:00:00,17.13466817143598
2012-11-24 04:00:00,7.359291383433633
2012-11-24 05:00:00,7.2407641079930904
2012-11-24 06:00:00,17.787023404746275
2012-11-24 07:00:00,78.5076078794743
2012-11-24 08:00:00,149.54172499082617
2012-11-24 09:00:00,210.79644096198408
2012-11-24 10:00:00,213.89731810213422
2012-11-24 11:00:00,253.66738062870212
2012-11-24 12:00:00,287.8451555892126
2012-11-24 13:00:00,327.9311843901633
2012-11-24 14:00:00,318.59608628816625
2012-11-24 15:00:00,276.1143115475358
2012-11-24 16:00:00,294.4370648448604
2012-11-24 17:00:00,298.825167606988
2012-11-24 18:00:00,243.1660967529374
2012-11-24 19:00:00,209.6957449331656
2012-11-24 20:00:00,174.69757038051893
2012-11-24 21:00:00,152.0019856085119
2012-11-24 22:00:00,127.04197063789898
2012-11-24 23:00:00,98.2319049542621
2012-11-25 00:00:00,126.58644739555147
2012-11-25 01:00:00,98.7464310629828
2012-11-25 02:00:00,45.54708339179502
2012-11-25 03:00:00,20.409296790026733
2012-11-25 04:00:00,7.453389228250079
2012-11-25 05:00:00,6.971598181966436
2012-11-25 06:00:00,13.496557616892595
2012-11-25 07:00:00,53.09932102531313
2012-11-25 08:00:00,126.76505926270754
2012-11-25 09:00:00,185.1789257545393
2012-11-25 10:00:00,188.44124895323492
2012-11-25 11:00:00,220.61591729983286
2012-11-25 12:00:00,248.71030671630808
2012-11-25 13:00:00,238.8823248743903
2012-11-25 14:00:00,265.6311369411048
2012-11-25 15:00:00,267.7267236992644
2012-11-25 16:00:00,307.97462030706504
2012-11-25 17:00:00,292.41165608312076
2012-11-25 18:00:00,229.27568578279156
2012-11-25 19:00:00,205.9601883923649
2012-11-25 20:00:00,120.48241947189936
2012-11-25 21:00:00,128.5058465975682
2012-11-25 22:00:00,96.1666744263375
2012-11-25 23:00:00,66.52064723975917
2012-11-26 00:00:00,41.20801796238601
2012-11-26 01:00:00,13.043152281432377
2012-11-26 02:00:00,4.712992247784154
2012-11-26 03:00:00,4.245682990315307
2012-11-26 04:00:00,6.8583369357607715
2012-11-26 05:00:00,35.559405408165055
2012-11-26 06:00:00,127.33045625184684
2012-11-26 07:00:00,321.01784636373077
2012-11-26 08:00:00,643.4050577187601
2012-11-26 09:00:00,277.1534847317452
2012-11-26 10:00:00,155.55308946092217
2012-11-26 11:00:00,202.13213690015235
2012-11-26 12:00:00,254.50726816049797
2012-11-26 13:00:00,247.999578363569
2012-11-26 14:00:00,225.35743059879212
2012-11-26 15:00:00,252.27603628636476
2012-11-26 16:00:00,370.8036949107942
2012-11-26 17:00:00,600.8266809664647
2012-11-26 18:00:00,545.9259734311919
2012-11-26 19:00:00,365.4030008580854
2012-11-26 20:00:00,245.81496850802105
2012-11-26 21:00:00,184.53621297829216
2012-11-26 22:00:00,125.53773159468716
2012-11-26 23:00:00,80.02768908060189
2012-11-27 00:00:00,48.38116784957852
2012-11-27 01:00:00,15.220810698529299
2012-11-27 02:00:00,4.3859739756946885
2012-11-27 03:00:00,3.5742608605285646
2012-11-27 04:00:00,6.244829381721128
2012-11-27 05:00:00,27.01926430007913
2012-11-27 06:00:00,128.7026277261895
2012-11-27 07:00:00,147.0653769700854
2012-11-27 08:00:00,212.79659808139473
2012-11-27 09:00:00,300.7956079181528
2012-11-27 10:00:00,98.66946313506898
2012-11-27 11:00:00,79.16426644645512
2012-11-27 12:00:00,78.16312688258425
2012-11-27 13:00:00,78.40654279894619
2012-11-27 14:00:00,69.74078182275984
2012-11-27 15:00:00,180.5697773905205
2012-11-27 16:00:00,265.5307336222949
2012-11-27 17:00:00,439.73413834086386
2012-11-27 18:00:00,359.9074552367726
2012-11-27 19:00:00,304.51100746650707
2012-11-27 20:00:00,176.14600087526748
2012-11-27 21:00:00,126.17868413226472
2012-11-27 22:00:00,101.50177434352067
2012-11-27 23:00:00,81.93508832789252
2012-11-28 00:00:00,62.13858365714548
2012-11-28 01:00:00,24.317439303083546
2012-11-28 02:00:00,8.616578988899404
2012-11-28 03:00:00,4.386776097047513
2012-11-28 04:00:00,6.653140952965547
2012-11-28 05:00:00,34.1948821799883
2012-11-28 06:00:00,130.6058932112632
2012-11-28 07:00:00,340.7789860061682
2012-11-28 08:00:00,652.5387639093082
2012-11-28 09:00:00,310.81670405375985
2012-11-28 10:00:00,152.82366994424518
2012-11-28 11:00:00,178.9017796491677
2012-11-28 12:00:00,213.82885682701644
2012-11-28 13:00:00,229.0208928401371
2012-11-28 14:00:00,207.5244160277571
2012-11-28 15:00:00,223.8189388169596
2012-11-28 16:00:00,332.23706696836314
2012-11-28 17:00:00,582.913878240147
2012-11-28 18:00:00,537.1695826175666
2012-11-28 19:00:00,368.76751497424794
2012-11-28 20:00:00,233.9525893060463
2012-11-28 21:00:00,157.9400133488237
2012-11-28 22:00:00,115.41486203279315
2012-11-28 23:00:00,78.95765467786994
2012-11-29 00:00:00,54.91251631582898
2012-11-29 01:00:00,15.78990495210745
2012-11-29 02:00:00,5.590215033616697
2012-11-29 04:00:00,6.780580355420045
2012-11-29 05:00:00,35.01655594533486
2012-11-29 06:00:00,126.9375041510198
2012-11-29 07:00:00,327.42490195093364
2012-11-29 08:00:00,623.8266563494611
2012-11-29 09:00:00,284.9564707967275
2012-11-29 10:00:00,134.6140864467506
2012-11-29 11:00:00,196.91442559365052
2012-11-29 12:00:00,252.56721114263533
2012-11-29 13:00:00,249.53147259812653
2012-11-29 14:00:00,215.65723276194393
2012-11-29 15:00:00,252.54083459594193
2012-11-29 16:00:00,358.4109048807622
2012-11-29 17:00:00,590.9030046491506
2012-11-29 18:00:00,550.755782850084
2012-11-29 19:00:00,371.67462530176954
2012-11-29 20:00:00,229.33914406718944
2012-11-29 21:00:00,146.67923381514507
2012-11-29 22:00:00,123.07322199108587
2012-11-29 23:00:00,117.20473928363535
2012-11-30 00:00:00,61.168808330046836
2012-11-30 01:00:00,23.564249278351216
2012-11-30 02:00:00,9.457362740030435
2012-11-30 03:00:00,5.6994703582177815
2012-11-30 04:00:00,8.126011508244249
2012-11-30 05:00:00,31.401031618269258
2012-11-30 06:00:00,120.32458654390794
2012-11-30 07:00:00,303.7659157444364
2012-11-30 08:00:00,542.7640574527211
2012-11-30 09:00:00,301.82386803707425
2012-11-30 10:00:00,146.67321592693625
2012-11-30 11:00:00,186.3927587738667
2012-11-30 12:00:00,246.61377619388136
2012-11-30 13:00:00,263.15955054812866
2012-11-30 14:00:00,252.4946357049275
2012-11-30 15:00:00,273.0540352992842
2012-11-30 16:00:00,394.83013273409136
2012-11-30 17:00:00,593.0126781700737
2012-11-30 18:00:00,494.895889745045
2012-11-30 19:00:00,346.46479620784544
2012-11-30 20:00:00,227.68657235499688
2012-11-30 21:00:00,173.09549932640036
2012-11-30 22:00:00,141.94877426487875
2012-11-30 23:00:00,120.88407110813576
2012-12-20 00:00:00,61.84374967317617
2012-12-20 01:00:00,17.616006195859033
2012-12-20 02:00:00,7.598909164088507
2012-12-20 03:00:00,3.3948761715805964
2012-12-20 04:00:00,7.120750231594096
2012-12-20 05:00:00,33.250275476110104
2012-12-20 06:00:00,115.72024720393722
2012-12-20 07:00:00,334.6223865665931
2012-12-20 08:00:00,641.6174359326415
2012-12-20 09:00:00,278.78718153084696
2012-12-20 10:00:00,147.6345116473033
2012-12-20 11:00:00,170.95224565423902
2012-12-20 12:00:00,225.28421389338374
2012-12-20 13:00:00,224.81835055490797
2012-12-20 14:00:00,193.84706025359714
2012-12-20 15:00:00,216.06996790476344
2012-12-20 16:00:00,311.27723173827764
2012-12-20 17:00:00,560.6372017848013
2012-12-20 18:00:00,536.4394568506439
2012-12-20 19:00:00,182.92035805711308
2012-12-20 20:00:00,137.78594044671706
2012-12-20 21:00:00,118.7847332495252
2012-12-20 22:00:00,77.04450564746215
2012-12-20 23:00:00,61.761750060818144
2012-12-21 00:00:00,91.9299214974439
2012-12-21 01:00:00,24.06939196803769
2012-12-21 02:00:00,8.131337026394187
2012-12-21 03:00:00,5.617662442726681
2012-12-21 04:00:00,7.174135691943328
2012-12-21 05:00:00,30.537580243898315
2012-12-21 06:00:00,104.8169990429255
2012-12-21 07:00:00,329.84544088550297
2012-12-21 08:00:00,638.368460022247
2012-12-21 09:00:00,268.75867750920054
2012-12-21 10:00:00,157.87342757184072
2012-12-21 11:00:00,160.43005440723593
2012-12-21 12:00:00,190.19498625293585
2012-12-21 13:00:00,185.26705478406754
2012-12-21 14:00:00,171.38307914500794
2012-12-21 15:00:00,183.98074149845004
2012-12-21 16:00:00,299.0239514142562
2012-12-21 17:00:00,492.4548501662525
2012-12-21 18:00:00,452.83489863270756
2012-12-21 19:00:00,304.2998820313204
2012-12-21 20:00:00,182.62717605545313
2012-12-21 21:00:00,129.2291229355631
2012-12-21 22:00:00,110.63924423899226
2012-12-21 23:00:00,91.63816134234547
2012-12-22 00:00:00,163.52093452343087
2012-12-22 01:00:00,75.52597237393879
2012-12-22 02:00:00,44.596970332256014
2012-12-22 03:00:00,22.23788496209206
2012-12-22 04:00:00,7.978799083516808
2012-12-22 05:00:00,5.9296037982977134
2012-12-22 06:00:00,12.136891204928897
2012-12-22 07:00:00,71.57611085869739
2012-12-22 08:00:00,146.89758891105214
2012-12-22 09:00:00,187.32899834471183
2012-12-22 10:00:00,207.4599773777839
2012-12-22 11:00:00,237.15072571955295
2012-12-22 12:00:00,270.75080660346
2012-12-22 13:00:00,298.0767636420632
2012-12-22 14:00:00,288.59479386298085
2012-12-22 15:00:00,295.02764542818653
2012-12-22 16:00:00,295.7435350398998
2012-12-22 17:00:00,308.26801627437305
2012-12-22 18:00:00,242.2058216814547
2012-12-22 19:00:00,202.69692084910588
2012-12-22 20:00:00,153.39705733038124
2012-12-22 21:00:00,119.56445532170088
2012-12-22 22:00:00,108.92012399830911
2012-12-22 23:00:00,95.0860639435962
2012-12-23 00:00:00,122.80542256489284
2012-12-23 01:00:00,95.51394268461226
2012-12-23 02:00:00,52.643120023059744
2012-12-23 03:00:00,31.317863905226517
2012-12-23 04:00:00,7.958766160856853
2012-12-23 05:00:00,5.900353867994377
2012-12-23 06:00:00,9.989452434112202
2012-12-23 07:00:00,45.80736477013713
2012-12-23 08:00:00,117.15043795773899
2012-12-23 09:00:00,172.8378596115636
2012-12-23 10:00:00,188.99212682758986
2012-12-23 11:00:00,198.57208452727895
2012-12-23 12:00:00,263.54365492776634
2012-12-23 13:00:00,301.56460494616164
2012-12-23 14:00:00,295.15266681845816
2012-12-23 15:00:00,329.32629700774015
2012-12-23 16:00:00,363.85908668424736
2012-12-23 17:00:00,325.5031629835127
2012-12-23 18:00:00,246.40742007554226
2012-12-23 19:00:00,219.2393897697726
2012-12-23 20:00:00,124.61888312990777
2012-12-23 21:00:00,105.12788687103628
2012-12-23 22:00:00,94.09893233836094
2012-12-23 23:00:00,63.621208037741845
2012-12-24 00:00:00,43.228750519334604
2012-12-24 01:00:00,10.99108744173342
2012-12-24 02:00:00,4.0948951449617175
2012-12-24 03:00:00,4.076948011202873
2012-12-24 05:00:00,32.44067328457205
2012-12-24 06:00:00,106.95043190513816
2012-12-24 07:00:00,308.8255968483347
2012-12-24 08:00:00,621.4478879612034
2012-12-24 09:00:00,254.633537198476
2012-12-24 10:00:00,107.824638716646
2012-12-24 11:00:00,123.78562738755494
2012-12-24 12:00:00,150.41388394196719
2012-12-24 13:00:00,72.88530887185493
2012-12-24 14:00:00,63.36440399397846
2012-12-24 15:00:00,79.00803402307382
2012-12-24 16:00:00,115.70682605809985
2012-12-24 17:00:00,225.0795636280256
2012-12-24 18:00:00,208.96526094807163
2012-12-24 19:00:00,208.02102173475458
2012-12-24 20:00:00,81.23917010438728
2012-12-24 21:00:00,68.02291956558152
2012-12-24 22:00:00,83.42795653749425
2012-12-24 23:00:00,47.62973929894331
2012-12-25 00:00:00,72.15311829701953
2012-12-25 01:00:00,50.453155569380726
2012-12-25 02:00:00,26.771376399402545
2012-12-25 04:00:00,7.765606333976052
2012-12-25 05:00:00,7.294472035958461
2012-12-25 06:00:00,12.42731753618714
2012-12-25 07:00:00,61.115184934466285
2012-12-25 08:00:00,146.6663178956569
2012-12-25 09:00:00,149.2421216675197
2012-12-25 10:00:00,183.2830864143273
2012-12-25 11:00:00,212.8524211679109
2012-12-25 12:00:00,289.15232411394743
2012-12-25 13:00:00,357.9844975223601
2012-12-25 14:00:00,342.0479586528835
2012-12-25 15:00:00,311.52506969424195
2012-12-25 16:00:00,333.2999936851873
2012-12-25 17:00:00,323.20297511228813
2012-12-25 18:00:00,283.4958562240752
2012-12-25 19:00:00,242.77634396558585
2012-12-25 20:00:00,164.9192118455502
2012-12-25 21:00:00,121.4586253333696
2012-12-25 22:00:00,100.54152846829318
2012-12-25 23:00:00,62.952992438547184
2012-12-26 00:00:00,64.77346420466306
2012-12-26 01:00:00,14.892187214715968
2012-12-26 02:00:00,5.951164866437547
2012-12-26 03:00:00,4.2679263303037684
2012-12-26 04:00:00,5.790494267915968
2012-12-26 05:00:00,33.370776748550064
2012-12-26 06:00:00,113.13846740697626
2012-12-26 07:00:00,122.16734467780796
2012-12-26 08:00:00,191.3093022123638
2012-12-26 09:00:00,108.11469166419684
2012-12-26 10:00:00,72.205891084254
2012-12-26 11:00:00,68.02858233234026
2012-12-26 12:00:00,82.6141370709128
2012-12-26 13:00:00,78.31782459705195
2012-12-26 14:00:00,70.72182412723558
2012-12-26 15:00:00,75.87853422966936
2012-12-26 16:00:00,107.01817888263132
2012-12-26 17:00:00,198.9902742653704
2012-12-26 18:00:00,186.40179196304737
2012-12-26 19:00:00,126.86827856928579
2012-12-26 20:00:00,86.84900762043014
2012-12-26 21:00:00,133.1953596887552
2012-12-26 22:00:00,55.6408614469391
2012-12-26 23:00:00,40.605883189974215
2012-12-27 00:00:00,50.77307021540867
2012-12-27 01:00:00,8.046844715359303
2012-12-27 02:00:00,4.987695317197256
2012-12-27 03:00:00,3.1482020285576175
2012-12-27 04:00:00,5.998930745055867
2012-12-27 05:00:00,34.05398894537342
2012-12-27 06:00:00,103.11094540277976
2012-12-27 07:00:00,336.40421841001563
2012-12-27 08:00:00,619.7561224680509
2012-12-27 09:00:00,298.0156407794336
2012-12-27 10:00:00,126.40278455007947
2012-12-27 11:00:00,121.17837339034537
2012-12-27 12:00:00,172.046227206482
2012-12-27 13:00:00,162.26033852604243
2012-12-27 14:00:00,126.66228442502363
2012-12-27 15:00:00,150.2638922257642
2012-12-27 16:00:00,238.43090672469535
2012-12-27 17:00:00,484.02891099946874
2012-12-27 18:00:00,475.3323865057079
2012-12-27 19:00:00,302.23380133562523
2012-12-27 20:00:00,189.0521553433196
2012-12-27 21:00:00,129.82427624523794
2012-12-27 22:00:00,105.31172083047977
2012-12-27 23:00:00,79.79576489624725
2012-12-28 00:00:00,61.215876260446166
2012-12-28 01:00:00,19.2511124878981
2012-12-28 02:00:00,7.1820116382903425
2012-12-28 03:00:00,5.261533062144062
2012-12-28 04:00:00,6.2193565384086495
2012-12-28 05:00:00,32.6819046959034
2012-12-28 06:00:00,108.66418255580616
2012-12-28 07:00:00,319.94260663743324
2012-12-28 08:00:00,604.5062490970429
2012-12-28 09:00:00,290.5899019950149
2012-12-28 10:00:00,126.84913555283902
2012-12-28 11:00:00,128.76575634489816
2012-12-28 12:00:00,174.79253914313261
2012-12-28 13:00:00,167.2252058496838
2012-12-28 14:00:00,146.86776615018923
2012-12-28 15:00:00,188.10754787646837
2012-12-28 16:00:00,298.6001716933163
2012-12-28 17:00:00,477.0862893679287
2012-12-28 18:00:00,431.6117720170489
2012-12-28 19:00:00,287.6541114543779
2012-12-28 20:00:00,164.7694831679283
2012-12-28 21:00:00,121.632062909657
2012-12-28 22:00:00,99.55963647347876
2012-12-28 23:00:00,96.69654593725492
2012-12-29 00:00:00,107.90634410435503
2012-12-29 01:00:00,84.30517253073401
2012-12-29 02:00:00,51.37810649268734
2012-12-29 03:00:00,23.531230038331046
2012-12-29 04:00:00,7.435778536005767
2012-12-29 05:00:00,4.380434113241988
2012-12-29 06:00:00,11.422026804237056
2012-12-29 07:00:00,54.816260390067775
2012-12-29 08:00:00,129.44687469357308
2012-12-29 09:00:00,175.88830386356838
2012-12-29 10:00:00,112.4423141921943
2012-12-29 11:00:00,102.35267174881449
2012-12-29 12:00:00,104.02384043418297
2012-12-29 13:00:00,100.46203020399874
2012-12-29 14:00:00,206.52802028641995
2012-12-29 15:00:00,213.49643621920896
2012-12-29 16:00:00,286.5563489551244
2012-12-29 17:00:00,246.80319401443185
2012-12-29 18:00:00,233.64389074256326
2012-12-29 19:00:00,216.92372724710557
2012-12-29 20:00:00,158.02038193575214
2012-12-29 21:00:00,123.91327803710372
2012-12-29 22:00:00,114.89146969170874
2012-12-29 23:00:00,98.24841946479711
2012-12-30 00:00:00,110.13900126943442
2012-12-30 01:00:00,78.48418529585305
2012-12-30 02:00:00,53.46475778826402
2012-12-30 03:00:00,26.295795309736878
2012-12-30 04:00:00,8.707343158403699
2012-12-30 05:00:00,5.326484691937244
2012-12-30 06:00:00,9.559436462125987
2012-12-30 07:00:00,48.92260402114324
2012-12-30 08:00:00,122.83851780735026
2012-12-30 09:00:00,174.02546280018268
2012-12-30 10:00:00,194.90188438861847
2012-12-30 11:00:00,199.33909574928987
2012-12-30 12:00:00,239.533960302431
2012-12-30 13:00:00,243.43084865363343
2012-12-30 14:00:00,228.46695913860367
2012-12-30 15:00:00,233.5132332173217
2012-12-30 16:00:00,281.5887148317964
2012-12-30 17:00:00,290.5556794182172
2012-12-30 18:00:00,231.28025364679252
2012-12-30 19:00:00,224.8410631548836
2012-12-30 20:00:00,146.50556186351363
2012-12-30 21:00:00,107.86755404325089
2012-12-30 22:00:00,90.91664123043466
2012-12-30 23:00:00,57.10466898625129
2012-12-31 00:00:00,48.62139256772432
2012-12-31 01:00:00,9.657456297419781
2012-12-31 02:00:00,4.433221376371875
2012-12-31 03:00:00,3.2276267985094007
2012-12-31 04:00:00,6.120349273418059
2012-12-31 05:00:00,35.148230495700226
2012-12-31 06:00:00,112.36202979746618
2012-12-31 07:00:00,322.2080852920573
2012-12-31 08:00:00,608.3991504835847
2012-12-31 09:00:00,255.72841829163758
2012-12-31 10:00:00,120.76146985665586
2012-12-31 11:00:00,118.13952677752162
2012-12-31 12:00:00,141.7033810081605
2012-12-31 13:00:00,148.57931331945485
2012-12-31 14:00:00,137.75279765409158
2012-12-31 15:00:00,163.08948174776933
2012-12-31 16:00:00,254.28461551752733
2012-12-31 17:00:00,494.0542562183581
2012-12-31 18:00:00,458.3283854382397
2012-12-31 19:00:00,305.9580250080859
2012-12-31 20:00:00,176.12462531740596
2012-12-31 21:00:00,128.42312804534805
2012-12-31 22:00:00,102.68777621166257
2012-12-31 23:00:00,67.40862982918362
