datetime,count
2011-01-20 00:00:00,26.928435738517262
2011-01-20 01:00:00,7.030865003397889
2011-01-20 02:00:00,3.912475595819999
2011-01-20 03:00:00,2.6135975250524677
2011-01-20 04:00:00,2.1118801038904356
2011-01-20 05:00:00,11.842193087027773
2011-01-20 06:00:00,54.264012672863956
2011-01-20 07:00:00,160.118801196688
2011-01-20 08:00:00,299.4821246364143
2011-01-20 09:00:00,142.0750746752913
2011-01-20 10:00:00,80.59745655363217
2011-01-20 11:00:00,85.99812723174045
2011-01-20 12:00:00,119.54520179654338
2011-01-20 13:00:00,103.25258859455103
2011-01-20 14:00:00,94.85038390821212
2011-01-20 15:00:00,100.98739062988739
2011-01-20 16:00:00,123.2727999479759
2011-01-20 17:00:00,247.79123661824988
2011-01-20 18:00:00,201.5350208601503
2011-01-20 19:00:00,148.66497220561337
2011-01-20 20:00:00,95.64313524080637
2011-01-20 21:00:00,64.87802655933292
2011-01-20 22:00:00,47.8990832791946
2011-01-20 23:00:00,30.063212049436515
2011-01-21 00:00:00,22.799151477643502
2011-01-21 01:00:00,8.161145393409516
2011-01-21 02:00:00,5.019823041812266
2011-01-21 03:00:00,1.7049046951913098
2011-01-21 04:00:00,1.7824133347868747
2011-01-21 05:00:00,8.28653195086139
2011-01-21 06:00:00,46.89595159968226
2011-01-21 07:00:00,133.54161334082244
2011-01-21 08:00:00,261.7012165974412
2011-01-21 09:00:00,148.65018015338183
2011-01-21 10:00:00,64.404540890169
2011-01-21 11:00:00,76.45709907957932
2011-01-21 12:00:00,97.82660897727551
2011-01-21 13:00:00,90.30025840579856
2011-01-21 14:00:00,79.2348477902363
2011-01-21 15:00:00,75.29000233018405
2011-01-21 16:00:00,95.448419763568225
2011-01-21 17:00:00,151.74604138922442
2011-01-21 18:00:00,118.26231876106395
2011-01-21 19:00:00,84.19536786463452
2011-01-21 20:00:00,46.766912496030024
2011-01-21 21:00:00,36.822694569354155
2011-01-21 22:00:00,29.26297137609265
2011-01-21 23:00:00,23.961869983139103
2011-01-22 00:00:00,18.00861561036441
2011-01-22 01:00:00,13.152764687225535
2011-01-22 02:00:00,13.521123741305043
2011-01-22 03:00:00,5.886025029453113
2011-01-22 04:00:00,1.3666054459951018
2011-01-22 06:00:00,3.0890224548789487
2011-01-22 07:00:00,10.94347907502711
2011-01-22 08:00:00,27.080613339791054
2011-01-22 09:00:00,47.24488762299873
2011-01-22 10:00:00,55.69890212961803
2011-01-22 11:00:00,61.50218316051808
2011-01-22 12:00:00,74.17697118651836
2011-01-22 13:00:00,80.03691652883101
2011-01-22 14:00:00,75.93120556126819
2011-01-22 15:00:00,90.98713195617836
2011-01-22 16:00:00,74.2867354802059
2011-01-22 17:00:00,83.42262098465497
2011-01-22 18:00:00,53.368327722088566
2011-01-22 19:00:00,46.17450807706098
2011-01-22 20:00:00,30.73653865681501
2011-01-22 21:00:00,31.861612246592482
2011-01-22 22:00:00,26.36437464431025
2011-01-22 23:00:00,18.477375043179517
2011-01-23 00:00:00,16.986566060687363
2011-01-23 01:00:00,16.550990562435935
2011-01-23 02:00:00,12.88984766634786
2011-01-23 03:00:00,7.670527859807637
2011-01-23 05:00:00,1.6119397676921472
2011-01-23 06:00:00,2.2324583274907464
2011-01-23 07:00:00,9.272316552007105
2011-01-23 08:00:00,23.923375882128845
2011-01-23 09:00:00,45.83740464443648
2011-01-23 10:00:00,69.05754604333852
2011-01-23 11:00:00,85.72633326046696
2011-01-23 12:00:00,104.31677456503121
2011-01-23 13:00:00,91.20506831321971
2011-01-23 14:00:00,104.76039402251794
2011-01-23 15:00:00,101.64686817702696
2011-01-23 16:00:00,95.85790863410601
2011-01-23 17:00:00,77.87401205622442
2011-01-23 18:00:00,64.36741578791126
2011-01-23 19:00:00,51.553333863535265
2011-01-23 20:00:00,35.34461751125752
2011-01-23 21:00:00,31.90534253666202
2011-01-23 22:00:00,22.698107368717785
2011-01-23 23:00:00,12.417523753190824
2011-01-24 00:00:00,8.83531622006238
2011-01-24 01:00:00,2.8520980884447025
2011-01-24 03:00:00,0.9914037873817989
2011-01-24 04:00:00,1.2398837739508364
2011-01-24 05:00:00,5.1250771068063194
2011-01-24 06:00:00,25.335356447592694
2011-01-24 07:00:00,75.28291561944742
2011-01-24 08:00:00,186.8701270239365
2011-01-24 09:00:00,106.67754276211988
2011-01-24 10:00:00,46.811842868350986
2011-01-24 11:00:00,37.97110296631674
2011-01-24 12:00:00,56.81673527072113
2011-01-24 13:00:00,51.67943917661082
2011-01-24 14:00:00,42.61966655852333
2011-01-24 15:00:00,58.707757891187335
2011-01-24 16:00:00,65.65671740699648
2011-01-24 17:00:00,119.13000094926774
2011-01-24 18:00:00,113.85458482302403
2011-01-24 19:00:00,87.47123572437171
2011-01-24 20:00:00,53.534780958131165
2011-01-24 21:00:00,43.62750076497627
2011-01-24 22:00:00,26.358482248408713
2011-01-24 23:00:00,17.269482549069586
2011-01-25 00:00:00,9.434065728739302
2011-01-25 01:00:00,3.404657249480969
2011-01-25 02:00:00,2.013846557487288
2011-01-25 04:00:00,1.6214288197552884
2011-01-25 05:00:00,7.22782441079815
2011-01-25 06:00:00,40.084370086770825
2011-01-25 07:00:00,122.23614465164565
2011-01-25 08:00:00,247.77448258079946
2011-01-25 09:00:00,144.47834930826733
2011-01-25 10:00:00,65.32670215934584
2011-01-25 11:00:00,64.45533491961143
2011-01-25 12:00:00,78.87981336541516
2011-01-25 13:00:00,84.70775379296128
2011-01-25 14:00:00,88.13005176852124
2011-01-25 15:00:00,96.34990801066304
2011-01-25 16:00:00,134.03569549361754
2011-01-25 17:00:00,268.4989762258822
2011-01-25 18:00:00,247.4702091442472
2011-01-25 19:00:00,129.93017819304742
2011-01-25 20:00:00,85.27788750669652
2011-01-25 21:00:00,68.39251951281709
2011-01-25 22:00:00,47.819112582203324
2011-01-25 23:00:00,24.137944286094072
2011-01-26 00:00:00,13.948637684155914
2011-01-26 01:00:00,6.030382545807797
2011-01-26 02:00:00,2.1838523831066636
2011-01-26 05:00:00,4.18547567062214
2011-01-26 06:00:00,21.484688698348318
2011-01-26 07:00:00,52.38196790554734
2011-01-26 08:00:00,107.54299430543736
2011-01-26 09:00:00,59.28179347682753
2011-01-26 10:00:00,22.47359459474476
2011-01-26 11:00:00,16.825706054899594
2011-01-26 12:00:00,19.117095287607167
2011-01-26 13:00:00,16.745813499173096
2011-01-26 14:00:00,14.585808129158469
2011-01-26 15:00:00,14.750468650226056
2011-01-26 16:00:00,24.287467150576976
2011-01-26 17:00:00,52.57768717760847
2011-01-27 16:00:00,93.57825863084672
2011-01-27 17:00:00,202.58927138654929
2011-01-27 18:00:00,178.85050427617276
2011-01-27 19:00:00,130.9795174120805
2011-01-27 20:00:00,89.786621907112675
2011-01-27 21:00:00,69.67074910469566
2011-01-27 22:00:00,53.75480224106082
2011-01-27 23:00:00,33.938410100505514
2011-01-28 00:00:00,18.27609236041551
2011-01-28 01:00:00,7.363962419868343
2011-01-28 02:00:00,3.697838411775523
2011-01-28 03:00:00,2.230354390605668
2011-01-28 05:00:00,8.440716087705283
2011-01-28 06:00:00,36.30070483405241
2011-01-28 07:00:00,91.1461161040413
2011-01-28 08:00:00,222.09700622767048
2011-01-28 09:00:00,80.58640288577834
2011-01-28 10:00:00,36.742051730600124
2011-01-28 11:00:00,30.12456819315762
2011-01-28 12:00:00,33.36541821303958
2011-01-28 13:00:00,30.47007283874442
2011-01-28 14:00:00,36.46443616182945
2011-01-28 15:00:00,47.425100446938124
2011-01-28 16:00:00,81.78771841457696
2011-01-28 17:00:00,174.9060035538418
2011-01-28 18:00:00,152.4430916852988
2011-01-28 19:00:00,103.54392024010784
2011-01-28 20:00:00,69.53069153693713
2011-01-28 21:00:00,50.860357011531484
2011-01-28 22:00:00,56.38827280802268
2011-01-28 23:00:00,47.28551076412458
2011-01-29 00:00:00,36.42326472624129
2011-01-29 01:00:00,26.20761179338765
2011-01-29 02:00:00,21.070553977716457
2011-01-29 03:00:00,10.72472449196974
2011-01-29 04:00:00,2.5861424873507457
2011-01-29 06:00:00,5.162650800271634
2011-01-29 07:00:00,15.891897923543286
2011-01-29 08:00:00,48.58901874801213
2011-01-29 09:00:00,78.80606805847161
2011-01-29 10:00:00,82.32140979667318
2011-01-29 11:00:00,79.59467194615907
2011-01-29 12:00:00,98.64811717998461
2011-01-29 13:00:00,111.75285031427035
2011-01-29 14:00:00,98.62568593390607
2011-01-29 15:00:00,103.28664175072458
2011-01-29 16:00:00,111.14625469045991
2011-01-29 17:00:00,116.35525864769305
2011-01-29 18:00:00,92.18791710504658
2011-01-29 19:00:00,65.2714948994661
2011-01-29 20:00:00,53.50526913997168
2011-01-29 21:00:00,47.66444589401957
2011-01-29 22:00:00,37.70055447599831
2011-01-29 23:00:00,33.486397170877616
2011-01-30 00:00:00,26.56305812560616
2011-01-30 01:00:00,23.85439690970429
2011-01-30 02:00:00,20.291801918994455
2011-01-30 03:00:00,11.475478644088943
2011-01-30 04:00:00,2.5713769600974885
2011-01-30 05:00:00,2.525332673028379
2011-01-30 07:00:00,11.10310032168742
2011-01-30 08:00:00,29.56254041315483
2011-01-30 09:00:00,60.929117954330444
2011-01-30 10:00:00,80.20193161385941
2011-01-30 11:00:00,103.50695373564012
2011-01-30 12:00:00,177.68981961059436
2011-01-30 13:00:00,152.01058150871444
2011-01-30 14:00:00,132.75062139769005
2011-01-30 15:00:00,141.23230784899127
2011-01-30 16:00:00,142.07447336379053
2011-01-30 17:00:00,135.20497050171684
2011-01-30 18:00:00,94.78685917571029
2011-01-30 19:00:00,74.48874714155572
2011-01-30 20:00:00,60.35745230240478
2011-01-30 21:00:00,41.0388402098309
2011-01-30 22:00:00,34.305765943420504
2011-01-30 23:00:00,19.94538802439896
2011-01-31 00:00:00,14.480258989281268
2011-01-31 01:00:00,4.561474552207462
2011-01-31 02:00:00,3.01110643747497
2011-01-31 03:00:00,1.9040072143962972
2011-01-31 04:00:00,1.7299245550575633
2011-01-31 05:00:00,6.026177146401871
2011-01-31 06:00:00,34.22276247294207
2011-01-31 07:00:00,95.59706646296598
2011-01-31 08:00:00,211.8796521926672
2011-01-31 09:00:00,103.61701922575745
2011-01-31 10:00:00,48.378556656435336
2011-01-31 11:00:00,47.29541468854531
2011-01-31 12:00:00,68.49287637893296
2011-01-31 13:00:00,59.499962954409185
2011-01-31 14:00:00,51.63788699370018
2011-01-31 15:00:00,47.26240243801544
2011-01-31 16:00:00,63.451209126219105
2011-01-31 17:00:00,135.29380865790236
2011-01-31 18:00:00,133.81806304122998
2011-01-31 19:00:00,158.40095089634187
2011-01-31 20:00:00,57.159172797434394
2011-01-31 21:00:00,44.022216216510486
2011-01-31 22:00:00,32.33967928187497
2011-01-31 23:00:00,18.726794424098586
2011-02-20 00:00:00,53.399939730738254
2011-02-20 01:00:00,27.297939943630084
2011-02-20 02:00:00,23.440353934508494
2011-02-20 03:00:00,10.65491034792395
2011-02-20 04:00:00,2.1666980091682175
2011-02-20 06:00:00,4.144639641184029
2011-02-20 07:00:00,13.236202356879714
2011-02-20 08:00:00,37.425411407865944
2011-02-20 09:00:00,66.86512274288066
2011-02-20 10:00:00,127.61207069248103
2011-02-20 11:00:00,162.98937743974147
2011-02-20 12:00:00,191.2854006662707
2011-02-20 13:00:00,234.98679002097558
2011-02-20 14:00:00,214.19251712457955
2011-02-20 15:00:00,209.59950261818835
2011-02-20 16:00:00,200.7708518711587
2011-02-20 17:00:00,175.57091114850078
2011-02-20 18:00:00,153.2919213919757
2011-02-20 19:00:00,130.91744464863007
2011-02-20 20:00:00,105.16648662160735
2011-02-20 21:00:00,64.99848347934739
2011-02-20 22:00:00,51.143349143916005
2011-02-20 23:00:00,29.682485798304658
2011-02-21 00:00:00,35.181858618027604
2011-02-21 01:00:00,15.667980000395668
2011-02-21 02:00:00,10.359757476565045
2011-02-21 03:00:00,3.703051818827072
2011-02-21 04:00:00,3.5288631261296786
2011-02-21 05:00:00,3.5678803877193843
2011-02-21 06:00:00,10.9757090852857
2011-02-21 07:00:00,31.84979592303237
2011-02-21 08:00:00,81.20320541765727
2011-02-21 09:00:00,98.97452097877112
2011-02-21 10:00:00,100.01729695117187
2011-02-21 11:00:00,121.00130050132475
2011-02-21 12:00:00,133.69165935619628
2011-02-21 13:00:00,63.98594836963163
2011-02-21 14:00:00,119.53665361238723
2011-02-21 15:00:00,94.61039413126196
2011-02-21 16:00:00,59.60282913261833
2011-02-21 17:00:00,112.95271765918838
2011-02-21 18:00:00,86.7238252979076
2011-02-21 19:00:00,72.58373524665836
2011-02-21 20:00:00,37.39734923786303
2011-02-21 21:00:00,26.188035895195366
2011-02-21 22:00:00,20.02957535658684
2011-02-21 23:00:00,10.982603007331313
2011-02-22 06:00:00,29.42442670802871
2011-02-22 07:00:00,84.43819378583959
2011-02-22 08:00:00,192.70118328054457
2011-02-22 09:00:00,98.92785945977327
2011-02-22 10:00:00,53.18554998127568
2011-02-22 11:00:00,46.888870371944996
2011-02-22 12:00:00,60.65946374925405
2011-02-22 13:00:00,69.3593730837816
2011-02-22 14:00:00,55.5993040480374
2011-02-22 15:00:00,69.44088219354124
2011-02-22 16:00:00,86.01758371886507
2011-02-22 17:00:00,182.19853837285436
2011-02-22 18:00:00,186.43141886613262
2011-02-22 19:00:00,110.71887481297243
2011-02-22 20:00:00,76.83682386293115
2011-02-22 21:00:00,57.44682654100721
2011-02-22 22:00:00,40.396112119953195
2011-02-22 23:00:00,23.70562533361506
2011-02-23 00:00:00,13.05969066930074
2011-02-23 01:00:00,4.8605830195894635
2011-02-23 02:00:00,2.0166743203042734
2011-02-23 03:00:00,1.6112242260650014
2011-02-23 05:00:00,7.34953295549347
2011-02-23 06:00:00,39.40696115239857
2011-02-23 07:00:00,110.47720967509655
2011-02-23 08:00:00,246.28566650680037
2011-02-23 09:00:00,156.0974939902919
2011-02-23 10:00:00,67.70524135395564
2011-02-23 11:00:00,75.61916672896524
2011-02-23 12:00:00,97.24059785415518
2011-02-23 13:00:00,107.69900852064951
2011-02-23 14:00:00,101.96228666053028
2011-02-23 15:00:00,117.74677148610752
2011-02-23 16:00:00,150.15133516912485
2011-02-23 17:00:00,322.36242769496096
2011-02-23 18:00:00,308.09030423580714
2011-02-23 19:00:00,201.01348548226943
2011-02-23 20:00:00,97.85874208899791
2011-02-23 21:00:00,79.58631537405931
2011-02-23 22:00:00,60.16176847664961
2011-02-23 23:00:00,30.365714219495903
2011-02-24 00:00:00,19.393948703867217
2011-02-24 01:00:00,6.209701412790079
2011-02-24 02:00:00,3.269982858377598
2011-02-24 03:00:00,2.298629841602771
2011-02-24 05:00:00,11.13968704343017
2011-02-24 06:00:00,54.21419960766154
2011-02-24 07:00:00,175.17530204387282
2011-02-24 08:00:00,368.18136499671544
2011-02-24 09:00:00,136.15686303052843
2011-02-24 10:00:00,65.61667997535413
2011-02-24 11:00:00,78.06536760893768
2011-02-24 12:00:00,101.7696322463011
2011-02-24 13:00:00,107.25096933825479
2011-02-24 14:00:00,103.60739580238048
2011-02-24 15:00:00,55.5089521162003
2011-02-24 16:00:00,79.57059903090469
2011-02-24 17:00:00,194.25800477535702
2011-02-24 18:00:00,203.8534436528833
2011-02-24 19:00:00,60.91447291377589
2011-02-24 20:00:00,91.57034894021375
2011-02-24 21:00:00,87.58374749241908
2011-02-24 22:00:00,38.789595643584065
2011-02-24 23:00:00,42.77065355034938
2011-02-25 00:00:00,21.90588937747102
2011-02-25 01:00:00,11.587690536009015
2011-02-25 02:00:00,6.279292478935398
2011-02-25 03:00:00,2.920993902892188
2011-02-25 05:00:00,11.98738142919073
2011-02-25 06:00:00,38.789599296448834
2011-02-25 07:00:00,73.63975762006942
2011-02-25 08:00:00,184.09540848399055
2011-02-25 09:00:00,72.43682232057698
2011-02-25 10:00:00,50.68419501210751
2011-02-25 11:00:00,176.3523129435391
2011-02-25 12:00:00,122.094824122201
2011-02-25 13:00:00,106.1544740492847
2011-02-25 14:00:00,92.50191566353277
2011-02-25 15:00:00,175.15134366766392
2011-02-25 16:00:00,155.11823382955734
2011-02-25 17:00:00,248.70531037424587
2011-02-25 18:00:00,214.19170228124224
2011-02-25 19:00:00,129.57737142809592
2011-02-25 20:00:00,90.95188090030875
2011-02-25 21:00:00,83.30420849947095
2011-02-25 22:00:00,69.16521415863703
2011-02-25 23:00:00,52.0522319899511
2011-02-26 00:00:00,45.19846518241507
2011-02-26 01:00:00,28.883779803053326
2011-02-26 02:00:00,19.45018698012924
2011-02-26 03:00:00,11.559949484657261
2011-02-26 04:00:00,3.2617343247706216
2011-02-26 05:00:00,2.507402524383927
2011-02-26 06:00:00,6.373525263640444
2011-02-26 07:00:00,17.556900466350648
2011-02-26 08:00:00,47.99041667906568
2011-02-26 09:00:00,94.65158564881598
2011-02-26 10:00:00,132.66949299370808
2011-02-26 11:00:00,172.64858477941937
2011-02-26 12:00:00,195.15490955028193
2011-02-26 13:00:00,195.39037282930246
2011-02-26 14:00:00,177.2624848374188
2011-02-26 15:00:00,189.39331585195876
2011-02-26 16:00:00,198.66423719193395
2011-02-26 17:00:00,193.3811314380713
2011-02-26 18:00:00,156.12642659436963
2011-02-26 19:00:00,109.04021411221431
2011-02-26 20:00:00,90.1521702578608
2011-02-26 21:00:00,66.33912287463534
2011-02-26 22:00:00,61.292521474679624
2011-02-26 23:00:00,49.507036055934044
2011-02-27 00:00:00,39.09361284696161
2011-02-27 01:00:00,35.84697629194466
2011-02-27 02:00:00,30.581392328766587
2011-02-27 03:00:00,15.642849483866767
2011-02-27 04:00:00,4.099537725123349
2011-02-27 06:00:00,4.841546753427209
2011-02-27 07:00:00,16.15512456757441
2011-02-27 08:00:00,46.47840919320905
2011-02-27 09:00:00,91.21120833115661
2011-02-27 10:00:00,123.39158134606133
2011-02-27 11:00:00,183.08996129930776
2011-02-27 12:00:00,222.508999066834
2011-02-27 13:00:00,279.31701309067535
2011-02-27 14:00:00,246.0333708715035
2011-02-27 15:00:00,251.7586137286068
2011-02-27 16:00:00,270.6466944047654
2011-02-27 17:00:00,201.425390595207
2011-02-27 18:00:00,161.1073482108936
2011-02-27 19:00:00,134.07487744033418
2011-02-27 20:00:00,106.94970656079649
2011-02-27 21:00:00,81.87534391499662
2011-02-27 22:00:00,58.106774787756834
2011-02-27 23:00:00,36.32266796420384
2011-02-28 00:00:00,26.00305320244697
2011-02-28 01:00:00,5.312389828382621
2011-02-28 03:00:00,2.156654867531578
2011-02-28 05:00:00,13.920413756342958
2011-02-28 06:00:00,55.43555530059262
2011-02-28 07:00:00,168.00231771734374
2011-02-28 08:00:00,291.96177697998155
2011-02-28 09:00:00,215.90527325381305
2011-02-28 10:00:00,94.98527826943346
2011-02-28 11:00:00,136.60547760469808
2011-02-28 12:00:00,175.98605767900074
2011-02-28 13:00:00,94.53775162629691
2011-02-28 14:00:00,61.45044318115594
2011-02-28 15:00:00,62.09986079053981
2011-02-28 16:00:00,114.48424287725206
2011-02-28 17:00:00,174.53918962499745
2011-02-28 18:00:00,262.1492478024454
2011-02-28 19:00:00,100.03162226887726
2011-02-28 20:00:00,71.27967286997071
2011-02-28 21:00:00,81.89654446549967
2011-02-28 22:00:00,34.47296496815505
2011-02-28 23:00:00,26.819507919924412
2011-03-20 00:00:00,62.98944617377332
2011-03-20 01:00:00,39.791120972536476
2011-03-20 02:00:00,32.1185369173587
2011-03-20 03:00:00,14.674787905655222
2011-03-20 04:00:00,2.7777104407665307
2011-03-20 05:00:00,2.8317637682783836
2011-03-20 06:00:00,3.6798237754578373
2011-03-20 07:00:00,14.831455625270804
2011-03-20 08:00:00,49.00241651889926
2011-03-20 09:00:00,96.57066077144664
2011-03-20 10:00:00,156.44686675352628
2011-03-20 11:00:00,184.75276830335395
2011-03-20 12:00:00,239.35098111962895
2011-03-20 13:00:00,241.0862997817698
2011-03-20 14:00:00,219.87276014449324
2011-03-20 15:00:00,214.33691675616842
2011-03-20 16:00:00,228.51637698169287
2011-03-20 17:00:00,189.0477440776152
2011-03-20 18:00:00,144.31562428559005
2011-03-20 19:00:00,119.62392736672318
2011-03-20 20:00:00,98.72769975927852
2011-03-20 21:00:00,64.79695245755761
2011-03-20 22:00:00,51.49694734966952
2011-03-20 23:00:00,22.72304663965712
2011-03-21 00:00:00,20.205599947370125
2011-03-21 01:00:00,6.121436945557059
2011-03-21 02:00:00,4.383924954993023
2011-03-21 03:00:00,2.417655050759177
2011-03-21 05:00:00,11.37000641094587
2011-03-21 06:00:00,55.90569200429692
2011-03-21 07:00:00,84.67540128762421
2011-03-21 08:00:00,249.3854582980767
2011-03-21 09:00:00,132.24732518860358
2011-03-21 10:00:00,76.85433349944785
2011-03-21 11:00:00,103.48319845514389
2011-03-21 12:00:00,126.65501524839307
2011-03-21 13:00:00,160.1360915147795
2011-03-21 14:00:00,154.4257876247769
2011-03-21 15:00:00,176.82019762255436
2011-03-21 16:00:00,241.8890749123076
2011-03-21 17:00:00,499.9280556824843
2011-03-21 18:00:00,448.19255110730654
2011-03-21 19:00:00,360.74148140172525
2011-03-21 20:00:00,260.3336773023584
2011-03-21 21:00:00,117.17554717616866
2011-03-21 22:00:00,90.46496938938616
2011-03-21 23:00:00,58.39432304378202
2011-03-22 00:00:00,27.259348755661062
2011-03-22 01:00:00,6.963366580116975
2011-03-22 02:00:00,4.759156678396401
2011-03-22 03:00:00,3.40771858942008
2011-03-22 04:00:00,3.6242397888107263
2011-03-22 05:00:00,18.167562790625343
2011-03-22 06:00:00,90.8968229512155
2011-03-22 07:00:00,241.4124501133917
2011-03-22 08:00:00,505.90124274159376
2011-03-22 09:00:00,207.7876221521916
2011-03-22 10:00:00,120.75562486819665
2011-03-22 11:00:00,122.03725683097046
2011-03-22 12:00:00,156.56307633252678
2011-03-22 13:00:00,169.9496336887603
2011-03-22 14:00:00,157.76424464400938
2011-03-22 15:00:00,170.92323980118763
2011-03-22 16:00:00,259.02229346804614
2011-03-22 17:00:00,527.2611266197234
2011-03-22 18:00:00,461.9818589270751
2011-03-22 19:00:00,280.14892063760533
2011-03-22 20:00:00,183.09532003608345
2011-03-22 21:00:00,127.75198452504233
2011-03-22 22:00:00,97.21081615612934
2011-03-22 23:00:00,56.6519543436022
2011-03-23 00:00:00,19.212979484700757
2011-03-23 01:00:00,5.687536793844499
2011-03-23 02:00:00,3.4150497909756146
2011-03-23 03:00:00,2.9817307204496957
2011-03-23 05:00:00,8.860397873056648
2011-03-23 06:00:00,66.54349415897643
2011-03-23 07:00:00,140.90115981253888
2011-03-23 08:00:00,344.1518536372384
2011-03-23 09:00:00,149.39491136306196
2011-03-23 10:00:00,64.59077264479754
2011-03-23 11:00:00,58.77036486324083
2011-03-23 12:00:00,61.73848613246949
2011-03-23 13:00:00,35.97960434301877
2011-03-23 14:00:00,65.24051834722626
2011-03-23 15:00:00,77.29148563877797
2011-03-23 16:00:00,131.11947903682656
2011-03-23 17:00:00,280.9693785131808
2011-03-23 18:00:00,147.48731244094142
2011-03-23 19:00:00,108.4574836597793
2011-03-23 20:00:00,31.757565427329233
2011-03-23 21:00:00,20.492130907622123
2011-03-23 22:00:00,48.898005552321905
2011-03-23 23:00:00,26.793512460440496
2011-03-24 00:00:00,18.53347726098293
2011-03-24 01:00:00,5.0840672141104335
2011-03-24 02:00:00,3.749843723811436
2011-03-24 03:00:00,2.21939273804115
2011-03-24 04:00:00,1.8011175223104123
2011-03-24 05:00:00,11.439228956390712
2011-03-24 06:00:00,57.26739256298429
2011-03-24 07:00:00,57.320226321718565
2011-03-24 08:00:00,103.35949962676384
2011-03-24 09:00:00,116.26976844166352
2011-03-24 10:00:00,39.608061034403136
2011-03-24 11:00:00,57.92639489641152
2011-03-24 12:00:00,73.34252430356165
2011-03-24 13:00:00,74.07698179394032
2011-03-24 14:00:00,68.49210707194321
2011-03-24 15:00:00,67.13633048614288
2011-03-24 16:00:00,96.9789332705686
2011-03-24 17:00:00,189.76831495343833
2011-03-24 18:00:00,191.75881835423334
2011-03-24 19:00:00,140.9292672183399
2011-03-24 20:00:00,94.48904559653718
2011-03-24 21:00:00,74.83734684253915
2011-03-24 22:00:00,65.4924493739346
2011-03-24 23:00:00,41.27068734422965
2011-03-25 00:00:00,27.480758137346537
2011-03-25 01:00:00,7.363819799550293
2011-03-25 02:00:00,4.282970854414376
2011-03-25 03:00:00,3.038176708134283
2011-03-25 04:00:00,1.813686346528718
2011-03-25 05:00:00,10.957217882773522
2011-03-25 06:00:00,49.818898065940616
2011-03-25 07:00:00,160.57642987018235
2011-03-25 08:00:00,360.40595570986767
2011-03-25 09:00:00,190.35316966723886
2011-03-25 10:00:00,94.43539784071073
2011-03-25 11:00:00,112.67960903716197
2011-03-25 12:00:00,143.32932506294688
2011-03-25 13:00:00,136.82317203223596
2011-03-25 14:00:00,157.6192334866195
2011-03-25 15:00:00,156.08375622128142
2011-03-25 16:00:00,201.64332374703397
2011-03-25 17:00:00,339.01517239476277
2011-03-25 18:00:00,235.70615350265706
2011-03-25 19:00:00,201.8763126064553
2011-03-25 20:00:00,134.22371090486854
2011-03-25 21:00:00,108.79872916718793
2011-03-25 22:00:00,94.90071280311112
2011-03-25 23:00:00,67.18585152083787
2011-03-26 00:00:00,71.74923932663222
2011-03-26 01:00:00,39.73694947366366
2011-03-26 02:00:00,30.67219172792321
2011-03-26 03:00:00,12.67652623352718
2011-03-26 04:00:00,3.7951600489284725
2011-03-26 05:00:00,3.957972478525764
2011-03-26 06:00:00,9.348900830672203
2011-03-26 07:00:00,26.48053590912098
2011-03-26 08:00:00,84.92050367672618
2011-03-26 09:00:00,130.45621100135432
2011-03-26 10:00:00,150.33518813961973
2011-03-26 11:00:00,161.53961757674625
2011-03-26 12:00:00,209.44101248479203
2011-03-26 13:00:00,227.7045281100135
2011-03-26 14:00:00,250.76995959165444
2011-03-26 15:00:00,268.4226430458611
2011-03-26 16:00:00,249.43602211631756
2011-03-26 17:00:00,216.56219577312154
2011-03-26 18:00:00,241.6154296650922
2011-03-26 19:00:00,121.04641147755783
2011-03-26 20:00:00,91.06466403895975
2011-03-26 21:00:00,76.94220805004603
2011-03-26 22:00:00,78.00731158355366
2011-03-26 23:00:00,58.81828954805546
2011-03-27 00:00:00,77.26044279060989
2011-03-27 01:00:00,45.81444720560119
2011-03-27 02:00:00,41.00997804502657
2011-03-27 03:00:00,12.957875680078784
2011-03-27 04:00:00,3.4454652238955528
2011-03-27 06:00:00,4.240615587546262
2011-03-27 07:00:00,9.652263824272799
2011-03-27 08:00:00,42.772188162000106
2011-03-27 09:00:00,95.71151699583947
2011-03-27 10:00:00,117.50278124706267
2011-03-27 11:00:00,150.9024473974465
2011-03-27 12:00:00,215.0584824098591
2011-03-27 13:00:00,196.9221691759982
2011-03-27 14:00:00,215.48654310711564
2011-03-27 15:00:00,208.1018833991952
2011-03-27 16:00:00,231.07412372543948
2011-03-27 17:00:00,215.60155893543035
2011-03-27 18:00:00,162.39685711268643
2011-03-27 19:00:00,136.44264308565582
2011-03-27 20:00:00,95.51154370820295
2011-03-27 21:00:00,71.70812961649291
2011-03-27 22:00:00,61.75797032436294
2011-03-27 23:00:00,37.486314778899015
2011-03-28 00:00:00,15.808803909275202
2011-03-28 01:00:00,5.588572260382491
2011-03-28 02:00:00,4.055239444940685
2011-03-28 03:00:00,2.088192583520537
2011-03-28 05:00:00,10.94448244812483
2011-03-28 06:00:00,60.164201655418374
2011-03-28 07:00:00,160.30707998080598
2011-03-28 08:00:00,333.2175194053482
2011-03-28 09:00:00,202.34880547571603
2011-03-28 10:00:00,80.62479014835539
2011-03-28 11:00:00,99.316890920747
2011-03-28 12:00:00,156.47025439900054
2011-03-28 13:00:00,138.63213201492283
2011-03-28 14:00:00,110.70568056802512
2011-03-28 15:00:00,118.64198717314561
2011-03-28 16:00:00,168.3304104126975
2011-03-28 17:00:00,346.3278128103456
2011-03-28 18:00:00,332.21685018213986
2011-03-28 19:00:00,215.25186262783947
2011-03-28 20:00:00,164.19011721290605
2011-03-28 21:00:00,120.18636665071155
2011-03-28 22:00:00,74.80995789157475
2011-03-28 23:00:00,40.1448640503809
2011-03-29 00:00:00,26.545426843694656
2011-03-29 01:00:00,5.393539726789046
2011-03-29 02:00:00,3.8107027430333518
2011-03-29 03:00:00,2.4310505540459513
2011-03-29 04:00:00,2.5495764923512283
2011-03-29 05:00:00,13.399128160306608
2011-03-29 06:00:00,71.0330308570428
2011-03-29 07:00:00,181.71649730142815
2011-03-29 08:00:00,387.3609670902904
2011-03-29 09:00:00,198.1157386741789
2011-03-29 10:00:00,105.9964419307065
2011-03-29 11:00:00,126.89410111041765
2011-03-29 12:00:00,139.07465414350048
2011-03-29 13:00:00,125.38430010448982
2011-03-29 14:00:00,121.44544565979146
2011-03-29 15:00:00,142.4996919662156
2011-03-29 16:00:00,195.63659068603323
2011-03-29 17:00:00,492.052206071521
2011-03-29 18:00:00,410.5010154512638
2011-03-29 19:00:00,273.021460036837
2011-03-29 20:00:00,191.99707542899685
2011-03-29 21:00:00,122.55669116783031
2011-03-29 22:00:00,90.27817696575542
2011-03-29 23:00:00,50.46793687153814
2011-03-30 00:00:00,31.601952878778416
2011-03-30 01:00:00,10.914641621591167
2011-03-30 02:00:00,5.453595434838129
2011-03-30 03:00:00,4.053036235936115
2011-03-30 04:00:00,3.977190047853984
2011-03-30 05:00:00,21.74583683311301
2011-03-30 06:00:00,118.74703467652745
2011-03-30 07:00:00,309.2040688057841
2011-03-30 08:00:00,594.340833913768
2011-03-30 09:00:00,271.6744013247818
2011-03-30 10:00:00,131.45785954778881
2011-03-30 11:00:00,120.24603259833304
2011-03-30 12:00:00,159.3903749134412
2011-03-30 13:00:00,142.90770579981492
2011-03-30 14:00:00,127.56452174799455
2011-03-30 15:00:00,28.188479287101163
2011-03-30 16:00:00,34.21693803528075
2011-03-30 17:00:00,70.83569468580752
2011-03-30 18:00:00,91.69263042903835
2011-03-30 19:00:00,76.66442465509483
2011-03-30 20:00:00,25.169346660857467
2011-03-30 21:00:00,37.69076579026805
2011-03-30 22:00:00,20.46792937005525
2011-03-30 23:00:00,13.195835869587809
2011-03-31 00:00:00,9.103262323313933
2011-03-31 01:00:00,3.4610994882770867
2011-03-31 02:00:00,2.8310773758202457
2011-03-31 03:00:00,1.381251139194401
2011-03-31 04:00:00,1.3812486500851004
2011-03-31 05:00:00,7.291567116191905
2011-03-31 06:00:00,26.97286697813628
2011-03-31 07:00:00,65.9068749630566
2011-03-31 08:00:00,241.40011107798705
2011-03-31 09:00:00,54.996675870314334
2011-03-31 10:00:00,25.164089614689253
2011-03-31 11:00:00,27.765461572740158
2011-03-31 12:00:00,31.999179106310688
2011-03-31 13:00:00,40.42130202853124
2011-03-31 14:00:00,34.81869037891616
2011-03-31 15:00:00,31.022703022876843
2011-03-31 16:00:00,75.68571742208844
2011-03-31 17:00:00,147.59341289828433
2011-03-31 18:00:00,152.15085691452654
2011-03-31 19:00:00,123.44450065835636
2011-03-31 20:00:00,32.12112276004494
2011-03-31 21:00:00,54.43614824855039
2011-03-31 22:00:00,25.885175350785435
2011-03-31 23:00:00,20.502419219549182
2011-04-20 00:00:00,29.85658024802533
2011-04-20 01:00:00,7.856789760578114
2011-04-20 02:00:00,4.964567161286321
2011-04-20 03:00:00,3.9198042503484225
2011-04-20 04:00:00,2.5682820868819545
2011-04-20 05:00:00,17.1515119264977
2011-04-20 06:00:00,91.96885440411356
2011-04-20 07:00:00,259.37666954330706
2011-04-20 08:00:00,575.7157866612636
2011-04-20 09:00:00,278.41647600596235
2011-04-20 10:00:00,161.10424446620036
2011-04-20 11:00:00,169.09123467618025
2011-04-20 12:00:00,235.20457226245037
2011-04-20 13:00:00,214.34473865021693
2011-04-20 14:00:00,199.9462695829459
2011-04-20 15:00:00,244.8892690710094
2011-04-20 16:00:00,373.0605611651064
2011-04-20 17:00:00,736.1867711739018
2011-04-20 18:00:00,661.2790718021974
2011-04-20 19:00:00,534.0154851830139
2011-04-20 20:00:00,399.26252627413965
2011-04-20 21:00:00,270.1706888315912
2011-04-20 22:00:00,199.87695542168856
2011-04-20 23:00:00,109.22929535065138
2011-04-21 00:00:00,57.04513405677145
2011-04-21 01:00:00,15.475144645113879
2011-04-21 02:00:00,8.816368905150533
2011-04-21 03:00:00,3.6610950580790416
2011-04-21 04:00:00,3.5231905830608023
2011-04-21 05:00:00,21.774577743404627
2011-04-21 06:00:00,98.19453504947184
2011-04-21 07:00:00,269.39388837911736
2011-04-21 08:00:00,473.61746350145654
2011-04-21 09:00:00,235.18287363548365
2011-04-21 10:00:00,139.51815954450439
2011-04-21 11:00:00,148.6576705469328
2011-04-21 12:00:00,200.7283433560773
2011-04-21 13:00:00,208.8465753079391
2011-04-21 14:00:00,186.03461318786506
2011-04-21 15:00:00,200.40012863868364
2011-04-21 16:00:00,293.70040675195736
2011-04-21 17:00:00,608.1869971296971
2011-04-21 18:00:00,559.188680711629
2011-04-21 19:00:00,367.9367954763608
2011-04-21 20:00:00,261.2136088751875
2011-04-21 21:00:00,187.5017176627557
2011-04-21 22:00:00,146.5302621658329
2011-04-21 23:00:00,88.81556274699659
2011-04-22 00:00:00,46.240939105204596
2011-04-22 01:00:00,19.2097760651553
2011-04-22 02:00:00,10.283823137231664
2011-04-22 03:00:00,5.30106514176246
2011-04-22 04:00:00,3.892907408886639
2011-04-22 05:00:00,22.114640495992848
2011-04-22 06:00:00,100.73899534658412
2011-04-22 07:00:00,243.11615496227586
2011-04-22 08:00:00,503.6502773437774
2011-04-22 09:00:00,127.29878896272238
2011-04-22 10:00:00,107.9107332276703
2011-04-22 11:00:00,70.78220245467783
2011-04-22 12:00:00,76.24726485804793
2011-04-22 13:00:00,49.89209147184975
2011-04-22 14:00:00,35.243977735039174
2011-04-22 15:00:00,52.14685312917178
2011-04-22 16:00:00,74.42917149367715
2011-04-22 17:00:00,106.89351750583236
2011-04-22 18:00:00,81.49619974957056
2011-04-22 19:00:00,68.32048124842365
2011-04-22 20:00:00,47.27998760650403
2011-04-22 21:00:00,38.292652246075725
2011-04-22 22:00:00,30.63050212912086
2011-04-22 23:00:00,38.04081132060563
2011-04-23 00:00:00,31.438858377981465
2011-04-23 01:00:00,26.042200143600816
2011-04-23 02:00:00,27.485311841149166
2011-04-23 03:00:00,12.226220411722077
2011-04-23 04:00:00,4.891355169841265
2011-04-23 05:00:00,5.077725636497167
2011-04-23 06:00:00,10.87820498544416
2011-04-23 07:00:00,18.9883181491931
2011-04-23 08:00:00,53.16792294946766
2011-04-23 09:00:00,82.94767535519394
2011-04-23 10:00:00,137.95660013888437
2011-04-23 11:00:00,166.6253913432269
2011-04-23 12:00:00,215.90063665267536
2011-04-23 13:00:00,232.00316582673784
2011-04-23 14:00:00,301.16422537973176
2011-04-23 15:00:00,377.9806840415021
2011-04-23 16:00:00,392.31591597511914
2011-04-23 17:00:00,349.2430587739657
2011-04-23 18:00:00,278.7645767415959
2011-04-23 19:00:00,224.09325227739717
2011-04-23 20:00:00,141.65972879080647
2011-04-23 21:00:00,131.31290994106172
2011-04-23 22:00:00,144.19237851143546
2011-04-23 23:00:00,108.78666464838778
2011-04-24 00:00:00,103.3561277886156
2011-04-24 01:00:00,77.81876146415239
2011-04-24 02:00:00,63.92038904432099
2011-04-24 03:00:00,32.01231060662159
2011-04-24 04:00:00,8.627603555554193
2011-04-24 05:00:00,10.018188561633051
2011-04-24 06:00:00,12.51233809681649
2011-04-24 07:00:00,36.13235510825353
2011-04-24 08:00:00,88.2835042470276
2011-04-24 09:00:00,157.63646618161715
2011-04-24 10:00:00,280.38319344294155
2011-04-24 11:00:00,413.6124767324376
2011-04-24 12:00:00,441.6341710894047
2011-04-24 13:00:00,473.8629133122865
2011-04-24 14:00:00,460.70642223008736
2011-04-24 15:00:00,434.75234299110195
2011-04-24 16:00:00,483.1984351906821
2011-04-24 17:00:00,416.1512513596096
2011-04-24 18:00:00,341.23323639987154
2011-04-24 19:00:00,157.43548273232423
2011-04-24 20:00:00,110.99338674298532
2011-04-24 21:00:00,74.49461389499257
2011-04-24 22:00:00,54.3266161533491
2011-04-24 23:00:00,50.11618549746272
2011-04-25 00:00:00,29.19566593445441
2011-04-25 01:00:00,11.29900075763229
2011-04-25 02:00:00,7.895686903678683
2011-04-25 03:00:00,3.5500190657155795
2011-04-25 04:00:00,5.5941979783721365
2011-04-25 05:00:00,18.606458252917648
2011-04-25 06:00:00,95.2664637199434
2011-04-25 07:00:00,235.9825428623577
2011-04-25 08:00:00,549.399841177842
2011-04-25 09:00:00,267.66124913376206
2011-04-25 10:00:00,144.06688702952917
2011-04-25 11:00:00,169.9471994442273
2011-04-25 12:00:00,196.3389619786431
2011-04-25 13:00:00,212.67401754037581
2011-04-25 14:00:00,196.18196516293918
2011-04-25 15:00:00,207.24540089094882
2011-04-25 16:00:00,324.5854020583139
2011-04-25 17:00:00,619.5532977630347
2011-04-25 18:00:00,571.752646123759
2011-04-25 19:00:00,414.63564936560175
2011-04-25 20:00:00,300.88006391337524
2011-04-25 21:00:00,210.1470143061968
2011-04-25 22:00:00,131.05845257450082
2011-04-25 23:00:00,68.8322836261184
2011-04-26 00:00:00,37.99773412871819
2011-04-26 01:00:00,11.844104766158015
2011-04-26 02:00:00,5.408609553914098
2011-04-26 03:00:00,3.420948837325237
2011-04-26 04:00:00,4.624781736875255
2011-04-26 05:00:00,24.229246863938766
2011-04-26 06:00:00,126.30247914299221
2011-04-26 07:00:00,361.49508803692254
2011-04-26 08:00:00,536.4219769443688
2011-04-26 09:00:00,259.4985399698549
2011-04-26 10:00:00,146.0141732699149
2011-04-26 11:00:00,164.2367237113533
2011-04-26 12:00:00,200.73264024851173
2011-04-26 13:00:00,213.79319629272047
2011-04-26 14:00:00,191.5727815471745
2011-04-26 15:00:00,201.00518905994414
2011-04-26 16:00:00,333.9393671013176
2011-04-26 17:00:00,627.1278283019059
2011-04-26 18:00:00,581.4767660247127
2011-04-26 19:00:00,371.4287200980729
2011-04-26 20:00:00,286.0535318893415
2011-04-26 21:00:00,204.27748476090386
2011-04-26 22:00:00,124.1722677969099
2011-04-26 23:00:00,72.02352728739382
2011-04-27 00:00:00,38.25723595359343
2011-04-27 01:00:00,13.382398145535591
2011-04-27 02:00:00,6.165579869856636
2011-04-27 03:00:00,3.793593823726502
2011-04-27 04:00:00,3.8144002579814287
2011-04-27 05:00:00,20.934218559714473
2011-04-27 06:00:00,117.49763778171524
2011-04-27 07:00:00,295.3386201292235
2011-04-27 08:00:00,475.23498998209334
2011-04-27 09:00:00,195.93361333014386
2011-04-27 10:00:00,116.91834565950664
2011-04-27 11:00:00,132.40123424089109
2011-04-27 12:00:00,159.33789027113195
2011-04-27 13:00:00,152.6510125066674
2011-04-27 14:00:00,168.71685522310906
2011-04-27 15:00:00,191.45299192353716
2011-04-27 16:00:00,294.19514022604625
2011-04-27 17:00:00,243.53039910907165
2011-04-27 18:00:00,244.92703109415902
2011-04-27 19:00:00,362.282047067924
2011-04-27 20:00:00,244.69898548391308
2011-04-27 21:00:00,157.3182516567594
2011-04-27 22:00:00,111.94506002939335
2011-04-27 23:00:00,67.40464439605137
2011-04-28 00:00:00,56.901972879969996
2011-04-28 01:00:00,13.543142542942899
2011-04-28 02:00:00,6.699527127846874
2011-04-28 03:00:00,3.878914621759908
2011-04-28 04:00:00,4.598928290255961
2011-04-28 05:00:00,26.057178735180234
2011-04-28 06:00:00,115.93147325984052
2011-04-28 07:00:00,307.94951579947616
2011-04-28 08:00:00,488.5612001213607
2011-04-28 09:00:00,111.5313233579531
2011-04-28 10:00:00,116.14378152920705
2011-04-28 11:00:00,142.68641497782954
2011-04-28 12:00:00,181.79756999721474
2011-04-28 13:00:00,165.0073086617167
2011-04-28 14:00:00,178.4462702137454
2011-04-28 15:00:00,226.06111996969858
2011-04-28 16:00:00,317.62118098293
2011-04-28 17:00:00,670.8473539344504
2011-04-28 18:00:00,632.2841548016504
2011-04-28 19:00:00,483.5140912679569
2011-04-28 20:00:00,329.64062971353474
2011-04-28 21:00:00,239.65174357775248
2011-04-28 22:00:00,180.78919150241882
2011-04-28 23:00:00,123.37308384296544
2011-04-29 00:00:00,84.02006093860479
2011-04-29 01:00:00,30.97161943266531
2011-04-29 02:00:00,13.86483964746171
2011-04-29 03:00:00,6.403798811572253
2011-04-29 04:00:00,5.4256942465013696
2011-04-29 05:00:00,28.10134351830311
2011-04-29 06:00:00,139.96898290943446
2011-04-29 07:00:00,365.801237607036
2011-04-29 08:00:00,631.3647991447104
2011-04-29 09:00:00,329.53356353135325
2011-04-29 10:00:00,197.2248918813605
2011-04-29 11:00:00,242.21088734019725
2011-04-29 12:00:00,291.32916558031
2011-04-29 13:00:00,282.26164141583183
2011-04-29 14:00:00,258.8680670357363
2011-04-29 15:00:00,264.35940204134215
2011-04-29 16:00:00,339.5453791853721
2011-04-29 17:00:00,538.8075972330643
2011-04-29 18:00:00,469.0325095808429
2011-04-29 19:00:00,274.02175610950366
2011-04-29 20:00:00,214.85733413097208
2011-04-29 21:00:00,169.86451837079233
2011-04-29 22:00:00,134.51007566139063
2011-04-29 23:00:00,114.01534390689615
2011-04-30 00:00:00,105.30630967645853
2011-04-30 01:00:00,68.996741340649
2011-04-30 02:00:00,52.36158273832518
2011-04-30 03:00:00,22.010210945933203
2011-04-30 04:00:00,7.1720740092807045
2011-04-30 05:00:00,6.849880624151037
2011-04-30 06:00:00,19.29190061771103
2011-04-30 07:00:00,40.64869275788346
2011-04-30 08:00:00,103.82185777564214
2011-04-30 09:00:00,178.8133307351386
2011-04-30 10:00:00,272.82727314879986
2011-04-30 11:00:00,346.20309943354965
2011-04-30 12:00:00,389.6790331737384
2011-04-30 13:00:00,430.27122030763013
2011-04-30 14:00:00,444.232167648102
2011-04-30 15:00:00,479.34636379514336
2011-04-30 16:00:00,454.50698498696823
2011-04-30 17:00:00,413.08798228824264
2011-04-30 18:00:00,342.1024523008138
2011-04-30 19:00:00,306.24600895475965
2011-04-30 20:00:00,163.9395109703125
2011-04-30 21:00:00,146.27489561815813
2011-04-30 22:00:00,130.49938522129182
2011-04-30 23:00:00,108.70215858029493
2011-05-20 00:00:00,47.91175529580118
2011-05-20 01:00:00,18.62123514379087
2011-05-20 02:00:00,9.533574455028695
2011-05-20 03:00:00,5.611399924122969
2011-05-20 04:00:00,4.229333286745929
2011-05-20 05:00:00,24.49179922449668
2011-05-20 06:00:00,120.90860591480116
2011-05-20 07:00:00,375.0508251668006
2011-05-20 08:00:00,647.7469566665014
2011-05-20 09:00:00,307.58350154549356
2011-05-20 10:00:00,174.23058750398667
2011-05-20 11:00:00,197.648913711195
2011-05-20 12:00:00,264.441580166365
2011-05-20 13:00:00,163.43811544946334
2011-05-20 14:00:00,246.2422275372774
2011-05-20 15:00:00,242.78482835584586
2011-05-20 16:00:00,351.7130853072627
2011-05-20 17:00:00,616.1244330924624
2011-05-20 18:00:00,541.892825719712
2011-05-20 19:00:00,380.6758599697505
2011-05-20 20:00:00,265.51656530004067
2011-05-20 21:00:00,211.13034041942672
2011-05-20 22:00:00,179.9726787248685
2011-05-20 23:00:00,135.38434710497233
2011-05-21 00:00:00,121.86274157843131
2011-05-21 01:00:00,93.4116127071203
2011-05-21 02:00:00,65.45805540727837
2011-05-21 03:00:00,26.73978845397402
2011-05-21 04:00:00,6.472049664900319
2011-05-21 05:00:00,8.793353492995232
2011-05-21 06:00:00,24.085181116554768
2011-05-21 07:00:00,65.43438458396464
2011-05-21 08:00:00,142.64072364580161
2011-05-21 09:00:00,242.35642750054396
2011-05-21 10:00:00,362.1204580801679
2011-05-21 11:00:00,454.93725973223565
2011-05-21 12:00:00,545.4403460737818
2011-05-21 13:00:00,581.9385899103111
2011-05-21 14:00:00,617.6426983531136
2011-05-21 15:00:00,541.7796827733617
2011-05-21 16:00:00,523.3673459783314
2011-05-21 17:00:00,501.8524402765788
2011-05-21 18:00:00,431.3688692741224
2011-05-21 19:00:00,387.47923633412154
2011-05-21 20:00:00,298.43556164207996
2011-05-21 21:00:00,244.31537153655233
2011-05-21 22:00:00,205.12451716901467
2011-05-21 23:00:00,164.14073875217403
2011-05-22 00:00:00,103.76302791421936
2011-05-22 01:00:00,79.69914532961934
2011-05-22 02:00:00,68.49648650978945
2011-05-22 03:00:00,31.70160747903059
2011-05-22 04:00:00,9.178275958339864
2011-05-22 05:00:00,9.781110436116832
2011-05-22 06:00:00,15.131535699758734
2011-05-22 07:00:00,46.64211842928803
2011-05-22 08:00:00,115.32419938325569
2011-05-22 09:00:00,210.26310959331067
2011-05-22 10:00:00,332.0417412088855
2011-05-22 11:00:00,442.3245371203258
2011-05-22 12:00:00,516.8168195212353
2011-05-22 13:00:00,498.61882206378397
2011-05-22 14:00:00,265.34500946154884
2011-05-22 15:00:00,423.57930642304905
2011-05-22 16:00:00,465.7033271436617
2011-05-22 17:00:00,443.58195056895073
2011-05-22 18:00:00,364.69589377566933
2011-05-22 19:00:00,312.1089802348784
2011-05-22 20:00:00,242.58019792319226
2011-05-22 21:00:00,177.00882798447776
2011-05-22 22:00:00,129.74159366103396
2011-05-22 23:00:00,71.84072891473421
2011-05-23 00:00:00,31.128904573593744
2011-05-23 01:00:00,13.421274868668412
2011-05-23 02:00:00,7.511575173711315
2011-05-23 03:00:00,3.467713628861432
2011-05-23 04:00:00,5.918755780604434
2011-05-23 05:00:00,23.463862497207177
2011-05-23 06:00:00,100.2664486250206
2011-05-23 07:00:00,270.66192793816623
2011-05-23 08:00:00,516.4379545286098
2011-05-23 09:00:00,238.05363757032507
2011-05-23 10:00:00,137.5393431269232
2011-05-23 11:00:00,164.01043968968884
2011-05-23 12:00:00,199.59717999475063
2011-05-23 13:00:00,198.1466750521035
2011-05-23 14:00:00,179.06474113841062
2011-05-23 15:00:00,189.78793978244107
2011-05-23 16:00:00,317.4944400472718
2011-05-23 17:00:00,503.3460565131515
2011-05-23 18:00:00,590.2439017862928
2011-05-23 19:00:00,433.84378654782955
2011-05-23 20:00:00,250.9041639720945
2011-05-23 21:00:00,179.83833002177374
2011-05-23 22:00:00,112.82325511022414
2011-05-23 23:00:00,65.64237632306204
2011-05-24 00:00:00,29.12927686775468
2011-05-24 01:00:00,10.234625056521098
2011-05-24 02:00:00,5.271189848755615
2011-05-24 03:00:00,3.4684764808742323
2011-05-24 04:00:00,5.44658231972201
2011-05-24 05:00:00,20.18678199283687
2011-05-24 06:00:00,106.16982430691233
2011-05-24 07:00:00,217.6658809909713
2011-05-24 08:00:00,295.1106770268771
2011-05-24 09:00:00,258.4084663791291
2011-05-24 10:00:00,147.58624985141068
2011-05-24 11:00:00,168.47466288187
2011-05-24 12:00:00,209.03890220371426
2011-05-24 13:00:00,222.62644230331537
2011-05-24 14:00:00,199.08410108670918
2011-05-24 15:00:00,149.92092276598126
2011-05-24 16:00:00,318.5159273345283
2011-05-24 17:00:00,658.4518768871213
2011-05-24 18:00:00,613.3589318636638
2011-05-24 19:00:00,423.89453185393563
2011-05-24 20:00:00,313.2681314335709
2011-05-24 21:00:00,223.66090264765882
2011-05-24 22:00:00,90.06043918711022
2011-05-24 23:00:00,80.88953259937051
2011-05-25 00:00:00,25.391993691527095
2011-05-25 01:00:00,9.3037485628349
2011-05-25 02:00:00,6.310813740937631
2011-05-25 03:00:00,4.499080101588324
2011-05-25 04:00:00,3.937395467032859
2011-05-25 05:00:00,27.897531089795454
2011-05-25 06:00:00,133.01024461291846
2011-05-25 07:00:00,402.82734957664616
2011-05-25 08:00:00,607.0274567879862
2011-05-25 09:00:00,297.1569020544824
2011-05-25 10:00:00,163.31654331346687
2011-05-25 11:00:00,183.07553601376028
2011-05-25 12:00:00,235.10873822524934
2011-05-25 13:00:00,219.9873879549414
2011-05-25 14:00:00,199.457088636886
2011-05-25 15:00:00,223.5792214119325
2011-05-25 16:00:00,325.5729362755119
2011-05-25 17:00:00,668.533566088273
2011-05-25 18:00:00,654.5755373920895
2011-05-25 19:00:00,501.75166459549524
2011-05-25 20:00:00,363.63456366539737
2011-05-25 21:00:00,247.27262081167797
2011-05-25 22:00:00,182.4331158932331
2011-05-25 23:00:00,107.8548286496192
2011-05-26 00:00:00,58.79208900223172
2011-05-26 01:00:00,20.01530745052714
2011-05-26 02:00:00,10.472213946258025
2011-05-26 03:00:00,5.559742211703593
2011-05-26 04:00:00,6.42162404806729
2011-05-26 05:00:00,27.54897886875874
2011-05-26 06:00:00,119.32636080896312
2011-05-26 07:00:00,298.4385712280404
2011-05-26 08:00:00,563.3792146157003
2011-05-26 09:00:00,294.76251341949245
2011-05-26 10:00:00,165.4850350596858
2011-05-26 11:00:00,212.18470065431688
2011-05-26 12:00:00,249.12178400798066
2011-05-26 13:00:00,249.30953035641133
2011-05-26 14:00:00,220.7468144270168
2011-05-26 15:00:00,201.86192188550268
2011-05-26 16:00:00,329.2008274976504
2011-05-26 17:00:00,678.8152252999092
2011-05-26 18:00:00,625.2780094683468
2011-05-26 19:00:00,446.96867773717605
2011-05-26 20:00:00,381.34898851368047
2011-05-26 21:00:00,296.491163628692
2011-05-26 22:00:00,218.68963945391644
2011-05-26 23:00:00,142.4024697885428
2011-05-27 00:00:00,81.54106003082495
2011-05-27 01:00:00,31.000775241049585
2011-05-27 02:00:00,15.260707047610888
2011-05-27 03:00:00,6.510827656675274
2011-05-27 04:00:00,6.400552607417367
2011-05-27 05:00:00,32.789529478568234
2011-05-27 06:00:00,147.57369995965158
2011-05-27 07:00:00,402.86300458359534
2011-05-27 08:00:00,631.6321965720279
2011-05-27 09:00:00,312.7627477651829
2011-05-27 10:00:00,187.8926710623341
2011-05-27 11:00:00,222.09797289498556
2011-05-27 12:00:00,287.63931788313795
2011-05-27 13:00:00,299.9583667967408
2011-05-27 14:00:00,274.8179487790295
2011-05-27 15:00:00,298.44038644509044
2011-05-27 16:00:00,401.3257861013282
2011-05-27 17:00:00,688.6289795948984
2011-05-27 18:00:00,562.3879909424753
2011-05-27 19:00:00,227.48303363691065
2011-05-27 20:00:00,247.2508632733454
2011-05-27 21:00:00,203.60045203631668
2011-05-27 22:00:00,199.35774784568565
2011-05-27 23:00:00,143.62163028433554
2011-05-28 00:00:00,118.26020395548187
2011-05-28 01:00:00,87.92245113307627
2011-05-28 02:00:00,62.8517773322533
2011-05-28 03:00:00,27.2233661320687
2011-05-28 04:00:00,7.7518107479103495
2011-05-28 05:00:00,10.537911567657787
2011-05-28 06:00:00,25.98428553099858
2011-05-28 07:00:00,61.783454047707274
2011-05-28 08:00:00,150.22700344928714
2011-05-28 09:00:00,228.4884638600595
2011-05-28 10:00:00,330.65501297089185
2011-05-28 11:00:00,429.00773916121994
2011-05-28 12:00:00,487.0564914979753
2011-05-28 13:00:00,512.74296342771
2011-05-28 14:00:00,502.56716619442716
2011-05-28 15:00:00,532.2460388544146
2011-05-28 16:00:00,515.6079005918098
2011-05-28 17:00:00,464.9627460235619
2011-05-28 18:00:00,392.79150586366325
2011-05-28 19:00:00,340.2492434890123
2011-05-28 20:00:00,277.1192082635288
2011-05-28 21:00:00,214.78088921235272
2011-05-28 22:00:00,197.4819664011662
2011-05-28 23:00:00,167.10577193861764
2011-05-29 00:00:00,125.83721419981417
2011-05-29 01:00:00,101.50693458992902
2011-05-29 02:00:00,80.2204047532945
2011-05-29 03:00:00,35.56130652446694
2011-05-29 04:00:00,10.239720790718966
2011-05-29 05:00:00,10.62257634091656
2011-05-29 06:00:00,14.21264640423754
2011-05-29 07:00:00,35.10255823465338
2011-05-29 08:00:00,87.0837454685353
2011-05-29 09:00:00,123.40398138941778
2011-05-29 10:00:00,232.0127032697932
2011-05-29 11:00:00,259.40290230964047
2011-05-29 12:00:00,391.15689318484084
2011-05-29 13:00:00,454.8329141794625
2011-05-29 14:00:00,431.1646494630671
2011-05-29 15:00:00,430.6320427798371
2011-05-29 16:00:00,461.76902398400495
2011-05-29 17:00:00,420.82684279695917
2011-05-29 18:00:00,331.23463021193913
2011-05-29 19:00:00,292.4835543143102
2011-05-29 20:00:00,236.67218270261816
2011-05-29 21:00:00,181.67319371973664
2011-05-29 22:00:00,136.29245141251545
2011-05-29 23:00:00,96.86208527811895
2011-05-30 00:00:00,79.46141312835063
2011-05-30 01:00:00,49.28577298672983
2011-05-30 02:00:00,30.59427813174506
2011-05-30 03:00:00,11.245399099836535
2011-05-30 04:00:00,8.961673892409118
2011-05-30 05:00:00,10.446131633683214
2011-05-30 06:00:00,29.217848622957877
2011-05-30 07:00:00,86.1755496088286
2011-05-30 08:00:00,191.94068872093635
2011-05-30 09:00:00,233.83745118405068
2011-05-30 10:00:00,243.3296220294666
2011-05-30 11:00:00,311.55541019960793
2011-05-30 12:00:00,347.3227677730631
2011-05-30 13:00:00,376.36758209374415
2011-05-30 14:00:00,341.24587550740716
2011-05-30 15:00:00,333.0390719452226
2011-05-30 16:00:00,374.32722145306366
2011-05-30 17:00:00,451.8297220700674
2011-05-30 18:00:00,430.1050089017426
2011-05-30 19:00:00,454.48030751481645
2011-05-30 20:00:00,344.56814546111593
2011-05-30 21:00:00,266.93258614977736
2011-05-30 22:00:00,194.27963365326175
2011-05-30 23:00:00,101.64556109514764
2011-05-31 00:00:00,39.68583802641183
2011-05-31 01:00:00,15.341484824952863
2011-05-31 02:00:00,5.9193208253135365
2011-05-31 03:00:00,3.708455243088347
2011-05-31 04:00:00,6.139686562833308
2011-05-31 05:00:00,29.189679603368596
2011-05-31 06:00:00,148.35251928975603
2011-05-31 07:00:00,381.45674323733635
2011-05-31 08:00:00,519.6315027705771
2011-05-31 09:00:00,234.61710991031217
2011-05-31 10:00:00,144.7971173535859
2011-05-31 11:00:00,162.85068147060363
2011-05-31 12:00:00,196.90688728871706
2011-05-31 13:00:00,198.51709015153165
2011-05-31 14:00:00,181.66033471212492
2011-05-31 15:00:00,188.86817726257755
2011-05-31 16:00:00,313.6923604701635
2011-05-31 17:00:00,679.3372505533827
2011-05-31 18:00:00,687.4153245716858
2011-05-31 19:00:00,500.00808500017735
2011-05-31 20:00:00,357.4794818250565
2011-05-31 21:00:00,265.18037336954615
2011-05-31 22:00:00,188.2470455303974
2011-05-31 23:00:00,114.36717082504353
2011-06-20 00:00:00,38.586531938404214
2011-06-20 01:00:00,15.007322862683612
2011-06-20 02:00:00,8.214846394688331
2011-06-20 03:00:00,3.8914970002508023
2011-06-20 04:00:00,5.695584188381472
2011-06-20 05:00:00,24.43395600528215
2011-06-20 06:00:00,98.41758365824086
2011-06-20 07:00:00,189.39013467488746
2011-06-20 08:00:00,314.1940352771833
2011-06-20 09:00:00,229.8938728316126
2011-06-20 10:00:00,122.87009396936222
2011-06-20 11:00:00,142.76530740611557
2011-06-20 12:00:00,216.65278292773203
2011-06-20 13:00:00,213.7053852930257
2011-06-20 14:00:00,198.31171089578868
2011-06-20 15:00:00,207.45808457181477
2011-06-20 16:00:00,332.5763750849816
2011-06-20 17:00:00,658.4494848413344
2011-06-20 18:00:00,611.8304366555775
2011-06-20 19:00:00,434.8164642867088
2011-06-20 20:00:00,304.3362968718662
2011-06-20 21:00:00,221.18038622635092
2011-06-20 22:00:00,133.3747561055597
2011-06-20 23:00:00,76.08351597020118
2011-06-21 00:00:00,37.186636039706734
2011-06-21 01:00:00,12.01155248274968
2011-06-21 02:00:00,6.016915081388623
2011-06-21 03:00:00,3.7671879452919117
2011-06-21 04:00:00,5.948780251830156
2011-06-21 05:00:00,25.119218867118395
2011-06-21 06:00:00,117.93405351082666
2011-06-21 07:00:00,255.27570978473278
2011-06-21 08:00:00,509.71972575888725
2011-06-21 09:00:00,229.42580484858846
2011-06-21 10:00:00,130.10467174587106
2011-06-21 11:00:00,127.60387575139914
2011-06-21 12:00:00,168.15522737875887
2011-06-21 13:00:00,194.30084500363907
2011-06-21 14:00:00,182.84472571475055
2011-06-21 15:00:00,216.67883816992233
2011-06-21 16:00:00,349.1426018504321
2011-06-21 17:00:00,669.4265056788764
2011-06-21 18:00:00,670.2585925323689
2011-06-21 19:00:00,446.16500326135963
2011-06-21 20:00:00,261.2876472194052
2011-06-21 21:00:00,264.1095440371993
2011-06-21 22:00:00,172.63809568035384
2011-06-21 23:00:00,109.00082323696064
2011-06-22 00:00:00,43.700849294984
2011-06-22 01:00:00,16.411195070286418
2011-06-22 02:00:00,6.778656929682357
2011-06-22 03:00:00,6.03099275487714
2011-06-22 04:00:00,5.409551747815707
2011-06-22 05:00:00,29.650324607796904
2011-06-22 06:00:00,135.23911967890075
2011-06-22 07:00:00,374.17408521152987
2011-06-22 08:00:00,593.426060145853
2011-06-22 09:00:00,269.6205224206193
2011-06-22 10:00:00,153.71420550013983
2011-06-22 11:00:00,161.2211652166316
2011-06-22 12:00:00,234.34562567129254
2011-06-22 13:00:00,208.33770850653954
2011-06-22 14:00:00,214.7426805934736
2011-06-22 15:00:00,217.3149566914759
2011-06-22 16:00:00,335.7405831168668
2011-06-22 17:00:00,708.9385694989531
2011-06-22 18:00:00,743.4782068876057
2011-06-22 19:00:00,568.7736036097587
2011-06-22 20:00:00,350.88871417597016
2011-06-22 21:00:00,243.16750637050833
2011-06-22 22:00:00,176.79988699177724
2011-06-22 23:00:00,99.32472839378998
2011-06-23 00:00:00,61.12565779216821
2011-06-23 01:00:00,21.06144734738898
2011-06-23 02:00:00,10.04978250836388
2011-06-23 03:00:00,5.134325099016258
2011-06-23 04:00:00,6.140163353148908
2011-06-23 05:00:00,34.50937453568596
2011-06-23 06:00:00,153.4773849594336
2011-06-23 07:00:00,369.5558100691421
2011-06-23 08:00:00,519.9179203731264
2011-06-23 09:00:00,260.38492954753445
2011-06-23 10:00:00,156.25667170484786
2011-06-23 11:00:00,103.43572053622759
2011-06-23 12:00:00,216.39478227497807
2011-06-23 13:00:00,209.0745672027865
2011-06-23 14:00:00,191.4672116681145
2011-06-23 15:00:00,211.16859055346666
2011-06-23 16:00:00,327.8324599653525
2011-06-23 17:00:00,612.3112182291876
2011-06-23 18:00:00,629.2144537532199
2011-06-23 19:00:00,460.6998815636484
2011-06-23 20:00:00,366.89852090696564
2011-06-23 21:00:00,290.091235123253
2011-06-23 22:00:00,186.45355950348235
2011-06-23 23:00:00,139.96522074870467
2011-06-24 00:00:00,75.33236863248189
2011-06-24 01:00:00,26.503129107625597
2011-06-24 02:00:00,13.064594467946772
2011-06-24 03:00:00,7.020467052574873
2011-06-24 04:00:00,6.2725794463273905
2011-06-24 05:00:00,29.0158963187503
2011-06-24 06:00:00,124.36190657499331
2011-06-24 07:00:00,292.957698630013
2011-06-24 08:00:00,555.7289950484741
2011-06-24 09:00:00,291.2533364779083
2011-06-24 10:00:00,194.7913704668019
2011-06-24 11:00:00,249.3937382621848
2011-06-24 12:00:00,294.0784732764728
2011-06-24 13:00:00,294.9656294334721
2011-06-24 14:00:00,264.20492222373014
2011-06-24 15:00:00,319.8204759155732
2011-06-24 16:00:00,461.3557428114148
2011-06-24 17:00:00,709.1796631801061
2011-06-24 18:00:00,617.9356693597332
2011-06-24 19:00:00,462.7777196119048
2011-06-24 20:00:00,331.0635361583859
2011-06-24 21:00:00,262.5654696461316
2011-06-24 22:00:00,233.17851233681353
2011-06-24 23:00:00,181.4476856507306
2011-06-25 00:00:00,203.09580449305983
2011-06-25 01:00:00,111.42346165604289
2011-06-25 02:00:00,83.67572043338369
2011-06-25 03:00:00,35.11220182703522
2011-06-25 04:00:00,10.492518179616543
2011-06-25 05:00:00,11.516019157548119
2011-06-25 06:00:00,29.405934730629117
2011-06-25 07:00:00,63.225768899809324
2011-06-25 08:00:00,148.734722498485
2011-06-25 09:00:00,239.9314607007839
2011-06-25 10:00:00,386.6993263089282
2011-06-25 11:00:00,483.8793112128559
2011-06-25 12:00:00,545.5489109694928
2011-06-25 13:00:00,547.7436701276672
2011-06-25 14:00:00,508.3407372061998
2011-06-25 15:00:00,528.1504755655624
2011-06-25 16:00:00,520.3873264872273
2011-06-25 17:00:00,506.26298105050324
2011-06-25 18:00:00,433.91050760682526
2011-06-25 19:00:00,371.55012300621024
2011-06-25 20:00:00,312.5440146013943
2011-06-25 21:00:00,263.5952534809676
2011-06-25 22:00:00,238.12388252449196
2011-06-25 23:00:00,182.55622558454698
2011-06-26 00:00:00,183.82160455705727
2011-06-26 01:00:00,127.62869603191847
2011-06-26 02:00:00,93.62808715510509
2011-06-26 03:00:00,44.36592188203472
2011-06-26 04:00:00,12.120540882919526
2011-06-26 05:00:00,12.255960654367039
2011-06-26 06:00:00,19.309209586885306
2011-06-26 07:00:00,49.436241077343325
2011-06-26 08:00:00,112.06406249976386
2011-06-26 09:00:00,215.88747833254695
2011-06-26 10:00:00,365.9388483747744
2011-06-26 11:00:00,469.68348006941306
2011-06-26 12:00:00,566.5335026520643
2011-06-26 13:00:00,553.7498738555483
2011-06-26 14:00:00,528.2752833937853
2011-06-26 15:00:00,533.1882090691955
2011-06-26 16:00:00,517.9467501948466
2011-06-26 17:00:00,544.3552350229553
2011-06-26 18:00:00,462.72950625729965
2011-06-26 19:00:00,401.14877329649755
2011-06-26 20:00:00,314.8019819990938
2011-06-26 21:00:00,221.16450442921143
2011-06-26 22:00:00,185.10033286336432
2011-06-26 23:00:00,112.84031916097852
2011-06-27 00:00:00,38.54777810539285
2011-06-27 01:00:00,13.632998821180363
2011-06-27 02:00:00,9.21447089348957
2011-06-27 03:00:00,4.8472491047117705
2011-06-27 04:00:00,6.630609046806347
2011-06-27 05:00:00,26.498095721056846
2011-06-27 06:00:00,124.46582055467462
2011-06-27 07:00:00,345.1025030009586
2011-06-27 08:00:00,525.309588240203
2011-06-27 09:00:00,302.47735091843447
2011-06-27 10:00:00,173.02733298669963
2011-06-27 11:00:00,192.62798541861048
2011-06-27 12:00:00,260.46075836032264
2011-06-27 13:00:00,221.44593749250993
2011-06-27 14:00:00,209.37417290546244
2011-06-27 15:00:00,234.03567733755241
2011-06-27 16:00:00,334.39017276770505
2011-06-27 17:00:00,650.4743950104054
2011-06-27 18:00:00,660.3146219903418
2011-06-27 19:00:00,494.97628491197435
2011-06-27 20:00:00,340.7234902268209
2011-06-27 21:00:00,244.46194319165213
2011-06-27 22:00:00,160.3462151576243
2011-06-27 23:00:00,98.2091655632792
2011-06-28 00:00:00,37.65403323591924
2011-06-28 01:00:00,15.459722584824593
2011-06-28 02:00:00,7.541352726247168
2011-06-28 03:00:00,5.109463177620016
2011-06-28 04:00:00,6.869315988150597
2011-06-28 05:00:00,28.77265823391948
2011-06-28 06:00:00,136.14262957101286
2011-06-28 07:00:00,353.82650284000505
2011-06-28 08:00:00,567.4589148362737
2011-06-28 09:00:00,267.28673280395157
2011-06-28 10:00:00,164.38482798793228
2011-06-28 11:00:00,176.17331906249166
2011-06-28 12:00:00,207.64068651096719
2011-06-28 13:00:00,206.91009639283473
2011-06-28 14:00:00,192.52409877079631
2011-06-28 15:00:00,196.51413541839906
2011-06-28 16:00:00,330.8504054040009
2011-06-28 17:00:00,593.5219296543559
2011-06-28 18:00:00,572.7565015018494
2011-06-28 19:00:00,467.59189240447785
2011-06-28 20:00:00,350.83154685737617
2011-06-28 21:00:00,268.9820885486554
2011-06-28 22:00:00,179.27359979735232
2011-06-28 23:00:00,108.39695512794995
2011-06-29 00:00:00,45.57515824397427
2011-06-29 01:00:00,15.3760871034604
2011-06-29 02:00:00,6.937286706984609
2011-06-29 03:00:00,5.929319836255949
2011-06-29 04:00:00,5.075787455618015
2011-06-29 05:00:00,29.53337217663568
2011-06-29 06:00:00,144.00452408086338
2011-06-29 07:00:00,398.36601532069574
2011-06-29 08:00:00,619.6206722170834
2011-06-29 09:00:00,297.16080238310536
2011-06-29 10:00:00,172.85558280845135
2011-06-29 11:00:00,200.09060321080077
2011-06-29 12:00:00,259.1097425921151
2011-06-29 13:00:00,227.05760421934275
2011-06-29 14:00:00,220.29802661648205
2011-06-29 15:00:00,251.15024378074597
2011-06-29 16:00:00,379.39115403927997
2011-06-29 17:00:00,763.9990492624347
2011-06-29 18:00:00,757.6209958572251
2011-06-29 19:00:00,564.8189205559952
2011-06-29 20:00:00,432.2814682137639
2011-06-29 21:00:00,325.5285635603328
2011-06-29 22:00:00,237.5249758453257
2011-06-29 23:00:00,134.00292973170835
2011-06-30 00:00:00,61.104242457385844
2011-06-30 01:00:00,20.815181773477562
2011-06-30 02:00:00,10.696857846917224
2011-06-30 03:00:00,6.666190297863434
2011-06-30 04:00:00,5.8828050195470425
2011-06-30 05:00:00,32.496632692199874
2011-06-30 06:00:00,155.53288850559136
2011-06-30 07:00:00,435.16521279873194
2011-06-30 08:00:00,573.8276577604578
2011-06-30 09:00:00,265.9332950379006
2011-06-30 10:00:00,159.55198717395606
2011-06-30 11:00:00,193.73696211703967
2011-06-30 12:00:00,243.21576934644273
2011-06-30 13:00:00,230.811736743126
2011-06-30 14:00:00,199.41936760873503
2011-06-30 15:00:00,219.16509568790053
2011-06-30 16:00:00,321.1126382105251
2011-06-30 17:00:00,671.1967978470107
2011-06-30 18:00:00,669.0749943102986
2011-06-30 19:00:00,475.97963309274417
2011-06-30 20:00:00,368.89115347923394
2011-06-30 21:00:00,288.0331963321616
2011-06-30 22:00:00,217.44307685732397
2011-06-30 23:00:00,149.97012262657807
2011-07-20 00:00:00,42.596595292473616
2011-07-20 01:00:00,17.03264766023233
2011-07-20 02:00:00,6.581629878168446
2011-07-20 03:00:00,5.841967663757103
2011-07-20 04:00:00,5.543177049006745
2011-07-20 05:00:00,30.553530754292886
2011-07-20 06:00:00,129.057959310388
2011-07-20 07:00:00,363.2786285113785
2011-07-20 08:00:00,574.7570367281496
2011-07-20 09:00:00,280.0180729738315
2011-07-20 10:00:00,161.36518536368615
2011-07-20 11:00:00,169.61552196529624
2011-07-20 12:00:00,200.59323065985274
2011-07-20 13:00:00,190.60421071871733
2011-07-20 14:00:00,176.30211092027625
2011-07-20 15:00:00,203.71423920816
2011-07-20 16:00:00,303.8005519332103
2011-07-20 17:00:00,617.1371647445653
2011-07-20 18:00:00,668.207853432199
2011-07-20 19:00:00,513.4586719539667
2011-07-20 20:00:00,366.2648101448366
2011-07-20 21:00:00,283.86368089172055
2011-07-20 22:00:00,203.61685090514473
2011-07-20 23:00:00,110.08960096891396
2011-07-21 00:00:00,56.859864051163036
2011-07-21 01:00:00,17.544825315366623
2011-07-21 02:00:00,8.783658786048171
2011-07-21 03:00:00,4.936576313671734
2011-07-21 04:00:00,6.182250784601545
2011-07-21 05:00:00,30.89498965712525
2011-07-21 06:00:00,138.85998175520757
2011-07-21 07:00:00,361.0654471842484
2011-07-21 08:00:00,531.8811673272689
2011-07-21 09:00:00,252.09231583307937
2011-07-21 10:00:00,154.29294701303175
2011-07-21 11:00:00,185.42758943833343
2011-07-21 12:00:00,235.88082663936237
2011-07-21 13:00:00,234.25741589801723
2011-07-21 14:00:00,199.68251932194994
2011-07-21 15:00:00,215.2960710922138
2011-07-21 16:00:00,345.09524253409813
2011-07-21 17:00:00,630.4504544297148
2011-07-21 18:00:00,677.5010149966089
2011-07-21 19:00:00,562.0175723596784
2011-07-21 20:00:00,451.6176207397276
2011-07-21 21:00:00,352.0412367228729
2011-07-21 22:00:00,242.1618582592233
2011-07-21 23:00:00,149.30226216982857
2011-07-22 00:00:00,77.10909081283768
2011-07-22 01:00:00,30.50915026330131
2011-07-22 02:00:00,13.9769584029992
2011-07-22 03:00:00,6.247516271195572
2011-07-22 04:00:00,6.185096651844744
2011-07-22 05:00:00,29.71240808219557
2011-07-22 06:00:00,119.70280114047314
2011-07-22 07:00:00,279.715875740386
2011-07-22 08:00:00,438.9545520084136
2011-07-22 09:00:00,234.7990538662842
2011-07-22 10:00:00,146.9726905408825
2011-07-22 11:00:00,193.08053983489145
2011-07-22 12:00:00,225.14222402746728
2011-07-22 13:00:00,221.0353692553588
2011-07-22 14:00:00,212.04456816472225
2011-07-22 15:00:00,233.45483929918328
2011-07-22 16:00:00,258.2158587021657
2011-07-22 17:00:00,577.3098977106948
2011-07-22 18:00:00,545.7270846920037
2011-07-22 19:00:00,457.0468012557654
2011-07-22 20:00:00,301.2537193743311
2011-07-22 21:00:00,254.95236431848411
2011-07-22 22:00:00,228.50302237628645
2011-07-22 23:00:00,166.9168448906782
2011-07-23 00:00:00,181.46604409398634
2011-07-23 01:00:00,110.0361897719627
2011-07-23 02:00:00,72.48087919174927
2011-07-23 03:00:00,31.96045121270036
2011-07-23 04:00:00,11.135099794188541
2011-07-23 05:00:00,10.732899348922798
2011-07-23 06:00:00,29.54297133370687
2011-07-23 07:00:00,66.99516884420255
2011-07-23 08:00:00,123.38981986877872
2011-07-23 09:00:00,206.88696723123638
2011-07-23 10:00:00,339.7975836903481
2011-07-23 11:00:00,410.231789115057
2011-07-23 12:00:00,441.66997612126306
2011-07-23 13:00:00,436.85293789744395
2011-07-23 14:00:00,454.1205866469022
2011-07-23 15:00:00,446.53852984252603
2011-07-23 16:00:00,441.8460174720579
2011-07-23 17:00:00,425.3181985882332
2011-07-23 18:00:00,416.7184681538815
2011-07-23 19:00:00,365.5449927868807
2011-07-23 20:00:00,303.59518274455974
2011-07-23 21:00:00,273.3908244551334
2011-07-23 22:00:00,232.98506561445257
2011-07-23 23:00:00,197.29902026828205
2011-07-24 00:00:00,165.10429003006664
2011-07-24 01:00:00,115.01914020539562
2011-07-24 02:00:00,82.01340178863688
2011-07-24 03:00:00,36.63592811552187
2011-07-24 04:00:00,10.988665164287266
2011-07-24 05:00:00,10.298181308341949
2011-07-24 06:00:00,16.606444918456088
2011-07-24 07:00:00,44.640839774191214
2011-07-24 08:00:00,90.56506418130932
2011-07-24 09:00:00,173.33945400864783
2011-07-24 10:00:00,314.8952288632262
2011-07-24 11:00:00,411.09369077865125
2011-07-24 12:00:00,442.0070948333144
2011-07-24 13:00:00,464.110578247833
2011-07-24 14:00:00,435.87215374962693
2011-07-24 15:00:00,424.293790724353
2011-07-24 16:00:00,452.76933992743
2011-07-24 17:00:00,424.06008562024
2011-07-24 18:00:00,392.7968558995675
2011-07-24 19:00:00,339.2745551749767
2011-07-24 20:00:00,285.09075285763475
2011-07-24 21:00:00,216.00947018856084
2011-07-24 22:00:00,163.23374321400956
2011-07-24 23:00:00,98.23704233725431
2011-07-25 00:00:00,47.358758906106715
2011-07-25 01:00:00,15.120256525592195
2011-07-25 02:00:00,7.89797191517173
2011-07-25 03:00:00,4.774429427115661
2011-07-25 04:00:00,7.000098286035026
2011-07-25 05:00:00,27.048498868515942
2011-07-25 06:00:00,119.00150998353622
2011-07-25 07:00:00,316.0475841416625
2011-07-25 08:00:00,513.7893794401672
2011-07-25 09:00:00,254.00841931065685
2011-07-25 10:00:00,151.46124529691153
2011-07-25 11:00:00,177.51881159885411
2011-07-25 12:00:00,229.25932945935986
2011-07-25 13:00:00,190.34680119334533
2011-07-25 14:00:00,153.49378279262697
2011-07-25 15:00:00,160.46110437672084
2011-07-25 16:00:00,251.92953391214203
2011-07-25 17:00:00,584.6810336533788
2011-07-25 18:00:00,619.3640600465824
2011-07-25 19:00:00,467.0091243832425
2011-07-25 20:00:00,326.75644361030885
2011-07-25 21:00:00,210.43425506458718
2011-07-25 22:00:00,145.54439422834037
2011-07-25 23:00:00,88.81606254606838
2011-07-26 00:00:00,36.163141217092445
2011-07-26 01:00:00,15.008022176434935
2011-07-26 02:00:00,6.7148924397722745
2011-07-26 03:00:00,4.632667961588595
2011-07-26 04:00:00,5.656871850767201
2011-07-26 05:00:00,28.54864603799506
2011-07-26 06:00:00,136.48386601096036
2011-07-26 07:00:00,388.92081244352516
2011-07-26 08:00:00,544.0946974740297
2011-07-26 09:00:00,274.34007048094594
2011-07-26 10:00:00,176.05594965949257
2011-07-26 11:00:00,183.54779104164547
2011-07-26 12:00:00,226.2206757749696
2011-07-26 13:00:00,221.3416302249197
2011-07-26 14:00:00,204.2989365007608
2011-07-26 15:00:00,219.44498811353506
2011-07-26 16:00:00,359.86625776933835
2011-07-26 17:00:00,725.9038550097733
2011-07-26 18:00:00,718.6213876022505
2011-07-26 19:00:00,488.8373367838845
2011-07-26 20:00:00,378.61961905224933
2011-07-26 21:00:00,291.6694993556858
2011-07-26 22:00:00,207.12514977501033
2011-07-26 23:00:00,115.80360148552435
2011-07-27 00:00:00,60.852429055752204
2011-07-27 01:00:00,18.323204560796626
2011-07-27 02:00:00,7.692316095139153
2011-07-27 03:00:00,5.504843179506347
2011-07-27 04:00:00,6.081739099238185
2011-07-27 05:00:00,33.29517807325329
2011-07-27 06:00:00,156.56004457226655
2011-07-27 07:00:00,403.72452821291256
2011-07-27 08:00:00,591.2809309784383
2011-07-27 09:00:00,294.0116312844326
2011-07-27 10:00:00,175.2666337331807
2011-07-27 11:00:00,192.35540229606954
2011-07-27 12:00:00,253.64439690754264
2011-07-27 13:00:00,219.62774962959614
2011-07-27 14:00:00,216.74191375388992
2011-07-27 15:00:00,241.63332570682263
2011-07-27 16:00:00,355.7605510626917
2011-07-27 17:00:00,736.2386243692756
2011-07-27 18:00:00,762.0547891412332
2011-07-27 19:00:00,585.9906725373365
2011-07-27 20:00:00,406.60018241281836
2011-07-27 21:00:00,299.59308081342635
2011-07-27 22:00:00,231.44201935721313
2011-07-27 23:00:00,134.4874263618912
2011-07-28 00:00:00,60.987852206561506
2011-07-28 01:00:00,20.88801866267918
2011-07-28 02:00:00,10.212218017532273
2011-07-28 03:00:00,5.217058146370797
2011-07-28 04:00:00,6.1149695056122395
2011-07-28 05:00:00,32.86506087950128
2011-07-28 06:00:00,153.29736222317314
2011-07-28 07:00:00,427.57616100758787
2011-07-28 08:00:00,575.6030937638336
2011-07-28 09:00:00,270.47661838465825
2011-07-28 10:00:00,158.79069739864698
2011-07-28 11:00:00,195.75112429970844
2011-07-28 12:00:00,223.9858859951445
2011-07-28 13:00:00,217.06934003549543
2011-07-28 14:00:00,194.81579439185094
2011-07-28 15:00:00,212.34230083242014
2011-07-28 16:00:00,333.84901042411923
2011-07-28 17:00:00,704.5511854600131
2011-07-28 18:00:00,703.3482112588641
2011-07-28 19:00:00,523.7894730151088
2011-07-28 20:00:00,410.11849593363013
2011-07-28 21:00:00,313.24832897501796
2011-07-28 22:00:00,226.60878103104878
2011-07-28 23:00:00,145.84033216849772
2011-07-29 00:00:00,75.12773286455234
2011-07-29 01:00:00,30.1728819911836
2011-07-29 02:00:00,14.192912859216145
2011-07-29 03:00:00,6.164042994272894
2011-07-29 04:00:00,6.0516150225865895
2011-07-29 05:00:00,29.019778665544013
2011-07-29 06:00:00,107.75280606600042
2011-07-29 07:00:00,289.98954264032096
2011-07-29 08:00:00,465.95800926839564
2011-07-29 09:00:00,258.27115936150796
2011-07-29 10:00:00,168.0964742641216
2011-07-29 11:00:00,213.7076442791497
2011-07-29 12:00:00,257.2241972088101
2011-07-29 13:00:00,235.327948379663
2011-07-29 14:00:00,231.39680032253204
2011-07-29 15:00:00,261.3845971405894
2011-07-29 16:00:00,383.987235903028
2011-07-29 17:00:00,594.2537863011443
2011-07-29 18:00:00,553.0584575311113
2011-07-29 19:00:00,408.6110495521446
2011-07-29 20:00:00,326.6146911518262
2011-07-29 21:00:00,267.9434066804334
2011-07-29 22:00:00,240.17080771363328
2011-07-29 23:00:00,180.50064102071556
2011-07-30 00:00:00,191.90685750955316
2011-07-30 01:00:00,111.86379336069467
2011-07-30 02:00:00,78.87614934169126
2011-07-30 03:00:00,32.83318489205917
2011-07-30 04:00:00,10.77712326884671
2011-07-30 05:00:00,10.888069900937799
2011-07-30 06:00:00,25.7721424253309
2011-07-30 07:00:00,60.3597652557427
2011-07-30 08:00:00,132.56407226957535
2011-07-30 09:00:00,213.4415261979471
2011-07-30 10:00:00,349.4184212548236
2011-07-30 11:00:00,433.99333331912817
2011-07-30 12:00:00,500.89847640471527
2011-07-30 13:00:00,510.98238281723536
2011-07-30 14:00:00,502.436431190456
2011-07-30 15:00:00,494.89915113484653
2011-07-30 16:00:00,495.0575507091602
2011-07-30 17:00:00,464.7405465861356
2011-07-30 18:00:00,422.88541586415425
2011-07-30 19:00:00,419.56069493754075
2011-07-30 20:00:00,331.26467184873394
2011-07-30 21:00:00,276.2908243711517
2011-07-30 22:00:00,245.4685528915913
2011-07-30 23:00:00,206.42495445156564
2011-07-31 00:00:00,183.49141142080526
2011-07-31 01:00:00,121.49270204718059
2011-07-31 02:00:00,89.08683292517458
2011-07-31 03:00:00,39.334062922450386
2011-07-31 04:00:00,11.498467751502634
2011-07-31 05:00:00,11.766332085260494
2011-07-31 06:00:00,18.494423625693827
2011-07-31 07:00:00,49.02285179839331
2011-07-31 08:00:00,99.53233108603432
2011-07-31 09:00:00,193.0702718856311
2011-07-31 10:00:00,336.6032295229475
2011-07-31 11:00:00,435.6086006637876
2011-07-31 12:00:00,502.6768603814427
2011-07-31 13:00:00,490.37873549161316
2011-07-31 14:00:00,476.1370139826926
2011-07-31 15:00:00,467.966320112455
2011-07-31 16:00:00,474.5783855700067
2011-07-31 17:00:00,455.58679041466394
2011-07-31 18:00:00,402.5594606068943
2011-07-31 19:00:00,316.03249184383566
2011-07-31 20:00:00,263.5962915023603
2011-07-31 21:00:00,215.82598091850727
2011-07-31 22:00:00,144.71508427167853
2011-07-31 23:00:00,94.0970772730995
2011-08-20 00:00:00,118.12441944389141
2011-08-20 01:00:00,100.02146423933365
2011-08-20 02:00:00,74.2899323962625
2011-08-20 03:00:00,34.708049783627935
2011-08-20 04:00:00,10.05073336738503
2011-08-20 05:00:00,11.535605004698011
2011-08-20 06:00:00,22.699425845403677
2011-08-20 07:00:00,61.80899758660476
2011-08-20 08:00:00,142.20738140597243
2011-08-20 09:00:00,240.9823869481552
2011-08-20 10:00:00,362.7630075406215
2011-08-20 11:00:00,451.87207227733677
2011-08-20 12:00:00,472.2214616171722
2011-08-20 13:00:00,486.47166568175265
2011-08-20 14:00:00,506.31030692088854
2011-08-20 15:00:00,529.2324832160796
2011-08-20 16:00:00,504.0298794705066
2011-08-20 17:00:00,458.98548007681376
2011-08-20 18:00:00,390.1967875450083
2011-08-20 19:00:00,336.76033291358027
2011-08-20 20:00:00,281.0657140555899
2011-08-20 21:00:00,238.78090707047446
2011-08-20 22:00:00,182.54160599181392
2011-08-20 23:00:00,179.29793953411604
2011-08-21 00:00:00,145.2790245182136
2011-08-21 01:00:00,101.8718705094242
2011-08-21 02:00:00,81.56513112737393
2011-08-21 03:00:00,40.24918415971486
2011-08-21 04:00:00,8.897675024462536
2011-08-21 05:00:00,9.069046346529877
2011-08-21 06:00:00,11.928743141518803
2011-08-21 07:00:00,40.286006958314445
2011-08-21 08:00:00,90.64263111798267
2011-08-21 09:00:00,180.18498530075817
2011-08-21 10:00:00,298.0057231433736
2011-08-21 11:00:00,396.9067803364383
2011-08-21 12:00:00,451.63560661834157
2011-08-21 13:00:00,447.67619031046627
2011-08-21 14:00:00,182.56351169733264
2011-08-21 15:00:00,280.4411673697084
2011-08-21 16:00:00,361.8573771304151
2011-08-21 17:00:00,330.34950861015136
2011-08-21 18:00:00,290.7971521719453
2011-08-21 19:00:00,282.8095530496004
2011-08-21 20:00:00,216.4130768856647
2011-08-21 21:00:00,179.7286594495878
2011-08-21 22:00:00,129.75601393725967
2011-08-21 23:00:00,93.97408271651065
2011-08-22 00:00:00,39.88534743774702
2011-08-22 01:00:00,15.200569667870017
2011-08-22 02:00:00,9.793285618188488
2011-08-22 03:00:00,4.8010989024764745
2011-08-22 04:00:00,6.296156860396539
2011-08-22 05:00:00,28.908233099424894
2011-08-22 06:00:00,126.350234374115
2011-08-22 07:00:00,357.6145330988389
2011-08-22 08:00:00,544.5788244529549
2011-08-22 09:00:00,272.0856385161963
2011-08-22 10:00:00,162.99276165822508
2011-08-22 11:00:00,200.7771947157451
2011-08-22 12:00:00,245.55063888824384
2011-08-22 13:00:00,226.64219814578712
2011-08-22 14:00:00,216.2742638307404
2011-08-22 15:00:00,241.58294774233389
2011-08-22 16:00:00,382.6802555888187
2011-08-22 17:00:00,721.3968660983987
2011-08-22 18:00:00,736.2049664468518
2011-08-22 19:00:00,537.5009844931567
2011-08-22 20:00:00,379.84691429982576
2011-08-22 21:00:00,280.46501966815117
2011-08-22 22:00:00,181.94487631547182
2011-08-22 23:00:00,100.45093559738851
2011-08-23 00:00:00,61.359175146582196
2011-08-23 01:00:00,16.174353405727473
2011-08-23 02:00:00,8.397723221464116
2011-08-23 03:00:00,5.117192444260486
2011-08-23 04:00:00,6.457192311877762
2011-08-23 05:00:00,32.30658682739868
2011-08-23 06:00:00,145.66697635666674
2011-08-23 07:00:00,445.29740115900864
2011-08-23 08:00:00,734.5185299647549
2011-08-23 09:00:00,359.5273497647837
2011-08-23 10:00:00,188.07619879107062
2011-08-23 11:00:00,205.1343893642348
2011-08-23 12:00:00,246.31023486132077
2011-08-23 13:00:00,259.94265680365726
2011-08-23 14:00:00,230.58653050256868
2011-08-23 15:00:00,263.82717993321194
2011-08-23 16:00:00,407.9063165947277
2011-08-23 17:00:00,823.3517992593107
2011-08-23 18:00:00,790.6480648717946
2011-08-23 19:00:00,509.45746478496915
2011-08-23 20:00:00,374.55048134453597
2011-08-23 21:00:00,267.53436348620943
2011-08-23 22:00:00,193.9302607969265
2011-08-23 23:00:00,108.34157620364782
2011-08-24 00:00:00,54.098192247895646
2011-08-24 01:00:00,18.07930001863577
2011-08-24 02:00:00,7.72660224556838
2011-08-24 03:00:00,6.397992710126741
2011-08-24 04:00:00,5.422802317327779
2011-08-24 05:00:00,31.633019796118376
2011-08-24 06:00:00,144.56664388247574
2011-08-24 07:00:00,413.4016417982985
2011-08-24 08:00:00,636.5689313691732
2011-08-24 09:00:00,292.45763186408857
2011-08-24 10:00:00,163.80105373916302
2011-08-24 11:00:00,183.10751399592715
2011-08-24 12:00:00,221.37221184921577
2011-08-24 13:00:00,205.4647770554563
2011-08-24 14:00:00,200.73840592011555
2011-08-24 15:00:00,225.82062309557216
2011-08-24 16:00:00,330.1620310085284
2011-08-24 17:00:00,643.2585096360338
2011-08-24 18:00:00,628.4583215895967
2011-08-24 19:00:00,495.8311749089721
2011-08-24 20:00:00,363.2485554594322
2011-08-24 21:00:00,270.27949812407525
2011-08-24 22:00:00,187.67789908286994
2011-08-24 23:00:00,109.35603977657806
2011-08-25 00:00:00,56.27650209245315
2011-08-25 01:00:00,19.6746106550953
2011-08-25 02:00:00,9.780955175765163
2011-08-25 03:00:00,5.848464227520008
2011-08-25 04:00:00,5.56054989694714
2011-08-25 05:00:00,32.211909212966795
2011-08-25 06:00:00,144.11805817861486
2011-08-25 07:00:00,328.2849914215186
2011-08-25 08:00:00,533.235332627394
2011-08-25 09:00:00,254.507273096214
2011-08-25 10:00:00,144.9326111655092
2011-08-25 11:00:00,97.57394245560299
2011-08-25 12:00:00,115.30308860420331
2011-08-25 13:00:00,192.4400803037494
2011-08-25 14:00:00,181.00544287754738
2011-08-25 15:00:00,199.06522559406557
2011-08-25 16:00:00,298.7277652047757
2011-08-25 17:00:00,585.6782462913251
2011-08-25 18:00:00,515.6559666614048
2011-08-25 19:00:00,327.4389720816963
2011-08-25 20:00:00,295.15051631337155
2011-08-25 21:00:00,247.06147619643735
2011-08-25 22:00:00,193.48181214653403
2011-08-25 23:00:00,132.32695039795746
2011-08-26 00:00:00,66.02843860459011
2011-08-26 01:00:00,26.796936473533172
2011-08-26 02:00:00,12.392022349816445
2011-08-26 03:00:00,6.872904866164894
2011-08-26 04:00:00,6.206498249392939
2011-08-26 05:00:00,27.006857324882816
2011-08-26 06:00:00,118.21925649619347
2011-08-26 07:00:00,334.64602816320456
2011-08-26 08:00:00,569.0175203438815
2011-08-26 09:00:00,291.79803414973605
2011-08-26 10:00:00,176.61856386296424
2011-08-26 11:00:00,206.580022117486
2011-08-26 12:00:00,234.336935385115
2011-08-26 13:00:00,249.17031393200025
2011-08-26 14:00:00,213.97874410799875
2011-08-26 15:00:00,253.03424316204158
2011-08-26 16:00:00,352.87853854783043
2011-08-26 17:00:00,532.2827353867783
2011-08-26 18:00:00,466.57439041639236
2011-08-26 19:00:00,348.88023969121
2011-08-26 20:00:00,262.5413414748183
2011-08-26 21:00:00,228.46964511858042
2011-08-26 22:00:00,200.54842388720573
2011-08-26 23:00:00,160.90405561562827
2011-08-27 00:00:00,145.23125272244215
2011-08-27 01:00:00,93.8794603305532
2011-08-27 02:00:00,71.27489386771954
2011-08-27 03:00:00,30.821704930354507
2011-08-27 04:00:00,8.9141567044722
2011-08-27 05:00:00,9.04544233823757
2011-08-27 06:00:00,20.40380282574679
2011-08-27 07:00:00,45.75966772776953
2011-08-27 08:00:00,118.2054544886175
2011-08-27 09:00:00,166.71459962786153
2011-08-27 10:00:00,225.49635026869586
2011-08-27 11:00:00,131.18489543742675
2011-08-27 12:00:00,155.53746335249537
2011-08-27 13:00:00,149.3166097724923
2011-08-27 14:00:00,109.2036346394873
2011-08-27 15:00:00,135.24826906596888
2011-08-27 16:00:00,127.26828452116867
2011-08-27 17:00:00,91.64318950302332
2011-08-28 07:00:00,24.949160180956707
2011-08-28 08:00:00,48.34582968651223
2011-08-28 09:00:00,180.3870423585119
2011-08-28 10:00:00,314.65800734274853
2011-08-28 11:00:00,407.2582065400049
2011-08-28 12:00:00,482.0470659587553
2011-08-28 13:00:00,489.4809012688594
2011-08-28 14:00:00,483.92238719230517
2011-08-28 15:00:00,477.69307515603253
2011-08-28 16:00:00,505.65257550910326
2011-08-28 17:00:00,488.81470396340745
2011-08-28 18:00:00,423.5579162933755
2011-08-28 19:00:00,353.62762659731203
2011-08-28 20:00:00,299.02795576739794
2011-08-28 21:00:00,205.6673974912527
2011-08-28 22:00:00,140.89912795162053
2011-08-28 23:00:00,88.83461371296666
2011-08-29 00:00:00,42.12467952363338
2011-08-29 01:00:00,15.248992546890534
2011-08-29 02:00:00,9.13745596081462
2011-08-29 03:00:00,5.886298510614013
2011-08-29 04:00:00,6.4243822899376894
2011-08-29 05:00:00,27.77690334707249
2011-08-29 06:00:00,128.0547868257852
2011-08-29 07:00:00,397.79745083672043
2011-08-29 08:00:00,592.551143414969
2011-08-29 09:00:00,317.8361511606075
2011-08-29 10:00:00,171.74290238527254
2011-08-29 11:00:00,198.66431356800433
2011-08-29 12:00:00,302.20989108219015
2011-08-29 13:00:00,275.05697702921753
2011-08-29 14:00:00,212.91586693594192
2011-08-29 15:00:00,244.14236019065504
2011-08-29 16:00:00,365.02796331593055
2011-08-29 17:00:00,758.7930595895662
2011-08-29 18:00:00,724.4819895984988
2011-08-29 19:00:00,505.4120059345617
2011-08-29 20:00:00,365.3044558552329
2011-08-29 21:00:00,258.15904887677635
2011-08-29 22:00:00,172.41567042302503
2011-08-29 23:00:00,94.27756791619133
2011-08-30 00:00:00,35.834721569728146
2011-08-30 01:00:00,13.72248559323689
2011-08-30 02:00:00,6.479629822347817
2011-08-30 03:00:00,5.002261417901718
2011-08-30 04:00:00,5.496391893490024
2011-08-30 05:00:00,28.872126048286518
2011-08-30 06:00:00,135.41969240504227
2011-08-30 07:00:00,396.53705058410304
2011-08-30 08:00:00,636.934852908848
2011-08-30 09:00:00,303.4478192248681
2011-08-30 10:00:00,189.9910011763483
2011-08-30 11:00:00,202.6362199866203
2011-08-30 12:00:00,242.68268934825505
2011-08-30 13:00:00,243.94274757429716
2011-08-30 14:00:00,225.26259813534605
2011-08-30 15:00:00,254.7296808511326
2011-08-30 16:00:00,391.17699845148974
2011-08-30 17:00:00,774.7788786579777
2011-08-30 18:00:00,727.7016803790704
2011-08-30 19:00:00,504.98036536218524
2011-08-30 20:00:00,366.4149365343317
2011-08-30 21:00:00,253.60686098581724
2011-08-30 22:00:00,184.6997373874826
2011-08-30 23:00:00,109.89056022369739
2011-08-31 00:00:00,44.58015539052302
2011-08-31 01:00:00,17.08146698922712
2011-08-31 02:00:00,7.322596807599836
2011-08-31 03:00:00,6.123234637154006
2011-08-31 04:00:00,5.744579672739139
2011-08-31 05:00:00,29.69473952038313
2011-08-31 06:00:00,138.31580969200382
2011-08-31 07:00:00,381.2935235371517
2011-08-31 08:00:00,647.809152773982
2011-08-31 09:00:00,295.9804477300356
2011-08-31 10:00:00,180.580515764552
2011-08-31 11:00:00,195.6438479929805
2011-08-31 12:00:00,251.87228418781464
2011-08-31 13:00:00,238.69892890724793
2011-08-31 14:00:00,218.75558000186336
2011-08-31 15:00:00,249.9089911650738
2011-08-31 16:00:00,356.5497129836353
2011-08-31 17:00:00,694.264511973795
2011-08-31 18:00:00,715.7536219984909
2011-08-31 19:00:00,504.09086423545324
2011-08-31 20:00:00,400.57782642017486
2011-08-31 21:00:00,276.11569713249776
2011-08-31 22:00:00,199.78801663946575
2011-08-31 23:00:00,99.79985672690074
2011-09-20 00:00:00,36.20805670378464
2011-09-20 01:00:00,10.933527846942983
2011-09-20 02:00:00,5.3867111879127885
2011-09-20 03:00:00,4.583004068347249
2011-09-20 04:00:00,4.750395368753344
2011-09-20 05:00:00,24.58315399900947
2011-09-20 06:00:00,109.16669765478125
2011-09-20 07:00:00,308.1131517575722
2011-09-20 08:00:00,233.66585942632815
2011-09-20 09:00:00,100.46767999959687
2011-09-20 10:00:00,79.03380404523122
2011-09-20 11:00:00,73.44212974073169
2011-09-20 12:00:00,88.05682836211051
2011-09-20 13:00:00,88.40822366342788
2011-09-20 14:00:00,98.68924943207148
2011-09-20 15:00:00,141.107939118066
2011-09-20 16:00:00,191.82052991574488
2011-09-20 17:00:00,405.88210923368865
2011-09-20 18:00:00,390.888019153528
2011-09-20 19:00:00,284.47152235661576
2011-09-20 20:00:00,167.10707438709682
2011-09-20 21:00:00,135.14571853456644
2011-09-20 22:00:00,108.44686021877226
2011-09-20 23:00:00,74.07472384922904
2011-09-21 00:00:00,26.036842728783597
2011-09-21 01:00:00,11.31309386600499
2011-09-21 02:00:00,5.709127983926991
2011-09-21 03:00:00,4.875363765127763
2011-09-21 04:00:00,3.986754629830283
2011-09-21 05:00:00,19.522065654176565
2011-09-21 06:00:00,85.32610125954524
2011-09-21 07:00:00,212.90058777558022
2011-09-21 08:00:00,438.8030140539433
2011-09-21 09:00:00,158.31651227405993
2011-09-21 10:00:00,110.07251645686691
2011-09-21 11:00:00,119.80132440883845
2011-09-21 12:00:00,153.24016459999856
2011-09-21 13:00:00,162.35304596419405
2011-09-21 14:00:00,155.17949850352687
2011-09-21 15:00:00,173.00116730467147
2011-09-21 16:00:00,258.7492744442133
2011-09-21 17:00:00,336.2540784660543
2011-09-21 18:00:00,259.37851086776186
2011-09-21 19:00:00,134.97236016839057
2011-09-21 20:00:00,93.41580684541816
2011-09-21 21:00:00,92.67239747384714
2011-09-21 22:00:00,107.27698591336471
2011-09-21 23:00:00,69.28086921243548
2011-09-22 00:00:00,41.37039051268289
2011-09-22 01:00:00,13.735627439028761
2011-09-22 02:00:00,7.4221821522261715
2011-09-22 03:00:00,4.684688519517736
2011-09-22 04:00:00,4.778143427183895
2011-09-22 05:00:00,24.722499471223127
2011-09-22 06:00:00,94.28919792334678
2011-09-22 07:00:00,249.71762853181627
2011-09-22 08:00:00,421.5050826423209
2011-09-22 09:00:00,191.61210641954284
2011-09-22 10:00:00,117.1891842004344
2011-09-22 11:00:00,129.32690606157877
2011-09-22 12:00:00,159.14358431735445
2011-09-22 13:00:00,157.1088930873636
2011-09-22 14:00:00,140.11700588116096
2011-09-22 15:00:00,162.18132855695166
2011-09-22 16:00:00,289.9544512766583
2011-09-22 17:00:00,475.61010018777046
2011-09-22 18:00:00,401.78830693844986
2011-09-22 19:00:00,299.7761801766722
2011-09-22 20:00:00,179.24282539939554
2011-09-22 21:00:00,178.68192434336197
2011-09-22 22:00:00,108.503996289575
2011-09-22 23:00:00,95.82347547956697
2011-09-23 00:00:00,73.97615072376176
2011-09-23 01:00:00,29.10530503077872
2011-09-23 02:00:00,12.401374427099059
2011-09-23 03:00:00,6.556666716613974
2011-09-23 04:00:00,7.873155812702969
2011-09-23 05:00:00,31.977226441828194
2011-09-23 06:00:00,135.14913448676057
2011-09-23 07:00:00,194.40130778936853
2011-09-23 08:00:00,280.45538654334183
2011-09-23 09:00:00,171.7864312567875
2011-09-23 10:00:00,108.35406264575037
2011-09-23 11:00:00,128.61158675103013
2011-09-23 12:00:00,148.30866310559327
2011-09-23 13:00:00,128.01036249224148
2011-09-23 14:00:00,119.11282898236031
2011-09-23 15:00:00,144.9465082237674
2011-09-23 16:00:00,219.1881049093857
2011-09-23 17:00:00,430.4487515619977
2011-09-23 18:00:00,404.7114144796012
2011-09-23 19:00:00,323.9562609785174
2011-09-23 20:00:00,256.4785286920371
2011-09-23 21:00:00,215.42136273437652
2011-09-23 22:00:00,207.49532642432044
2011-09-23 23:00:00,123.51401215760482
2011-09-24 00:00:00,136.82197316967384
2011-09-24 01:00:00,91.05168052023156
2011-09-24 02:00:00,57.00958848458281
2011-09-24 03:00:00,32.51716327730311
2011-09-24 04:00:00,10.87304486846052
2011-09-24 05:00:00,9.86467844839964
2011-09-24 06:00:00,22.93698150661147
2011-09-24 07:00:00,57.53620065144617
2011-09-24 08:00:00,135.93309330561127
2011-09-24 09:00:00,218.91123700188217
2011-09-24 10:00:00,275.2288045919154
2011-09-24 11:00:00,360.4826008586337
2011-09-24 12:00:00,379.042693516639
2011-09-24 13:00:00,487.77040841148585
2011-09-24 14:00:00,448.95265500619576
2011-09-24 15:00:00,449.66921720083496
2011-09-24 16:00:00,438.3693439260487
2011-09-24 17:00:00,458.8799691472907
2011-09-24 18:00:00,374.10664501968074
2011-09-24 19:00:00,328.9534004028283
2011-09-24 20:00:00,285.1206019729212
2011-09-24 21:00:00,231.31447295366053
2011-09-24 22:00:00,185.8428979704433
2011-09-24 23:00:00,157.06517266376056
2011-09-25 00:00:00,128.92301908502867
2011-09-25 01:00:00,106.05747021899671
2011-09-25 02:00:00,78.65810098510669
2011-09-25 03:00:00,29.927022832661702
2011-09-25 04:00:00,10.970002266666176
2011-09-25 05:00:00,12.388464281212098
2011-09-25 06:00:00,15.508625431628891
2011-09-25 07:00:00,50.843504980425664
2011-09-25 08:00:00,106.23282585412218
2011-09-25 09:00:00,200.0903109225792
2011-09-25 10:00:00,300.4110259085546
2011-09-25 11:00:00,362.2605458909239
2011-09-25 12:00:00,419.5779285414367
2011-09-25 13:00:00,463.4778699352177
2011-09-25 14:00:00,411.64197224541886
2011-09-25 15:00:00,383.75633050162435
2011-09-25 16:00:00,525.1777558222443
2011-09-25 17:00:00,435.7127993322469
2011-09-25 18:00:00,363.15460703631663
2011-09-25 19:00:00,265.8639118508984
2011-09-25 20:00:00,234.80020494456906
2011-09-25 21:00:00,172.06056051380116
2011-09-25 22:00:00,146.33991511665332
2011-09-25 23:00:00,93.09494928975984
2011-09-26 00:00:00,49.67580215530454
2011-09-26 01:00:00,15.998192959087131
2011-09-26 02:00:00,7.072715113340085
2011-09-26 03:00:00,4.5437792366968575
2011-09-26 04:00:00,8.647804177733452
2011-09-26 05:00:00,29.554363555890788
2011-09-26 06:00:00,130.707340385778
2011-09-26 07:00:00,360.863498824815
2011-09-26 08:00:00,555.8672391515644
2011-09-26 09:00:00,271.9648962076267
2011-09-26 10:00:00,144.52857140986924
2011-09-26 11:00:00,192.07577805463833
2011-09-26 12:00:00,209.4335755733082
2011-09-26 13:00:00,230.4734750010562
2011-09-26 14:00:00,224.44838350998438
2011-09-26 15:00:00,243.10561234805022
2011-09-26 16:00:00,394.9248523176211
2011-09-26 17:00:00,691.7550970056424
2011-09-26 18:00:00,568.0010733904819
2011-09-26 19:00:00,395.53567332933176
2011-09-26 20:00:00,290.96581212723777
2011-09-26 21:00:00,217.24736234717713
2011-09-26 22:00:00,155.3936208826627
2011-09-26 23:00:00,100.13995166534025
2011-09-27 00:00:00,54.238896319163494
2011-09-27 01:00:00,15.839953328579801
2011-09-27 02:00:00,6.499883636478121
2011-09-27 03:00:00,4.195841611392925
2011-09-27 04:00:00,7.164871080460806
2011-09-27 05:00:00,22.443946727702553
2011-09-27 06:00:00,144.7346955923963
2011-09-27 07:00:00,377.6396197617614
2011-09-27 08:00:00,584.3136921585932
2011-09-27 09:00:00,158.83055095104746
2011-09-27 10:00:00,108.78323499564232
2011-09-27 11:00:00,156.1308887908321
2011-09-27 12:00:00,170.46486885921504
2011-09-27 13:00:00,212.79650010055732
2011-09-27 14:00:00,174.93036771151014
2011-09-27 15:00:00,182.14642245937398
2011-09-27 16:00:00,298.93253254191796
2011-09-27 17:00:00,569.7688085347422
2011-09-27 18:00:00,489.0746419716241
2011-09-27 19:00:00,357.998489284157
2011-09-27 20:00:00,317.9739072523149
2011-09-27 21:00:00,225.37531020704571
2011-09-27 22:00:00,166.9612656036489
2011-09-27 23:00:00,109.70998935718414
2011-09-28 00:00:00,47.01144757627747
2011-09-28 01:00:00,18.3288877569117
2011-09-28 02:00:00,5.830444275538076
2011-09-28 03:00:00,5.169670305132609
2011-09-28 04:00:00,7.172047974804943
2011-09-28 05:00:00,31.30531125607892
2011-09-28 06:00:00,76.56886218645705
2011-09-28 07:00:00,158.74352417268506
2011-09-28 08:00:00,212.08322788032237
2011-09-28 09:00:00,114.32229961029398
2011-09-28 10:00:00,129.35019376568212
2011-09-28 11:00:00,159.19732412851647
2011-09-28 12:00:00,198.3148151073831
2011-09-28 13:00:00,205.14943103026974
2011-09-28 14:00:00,206.83072286780163
2011-09-28 15:00:00,230.41493041459688
2011-09-28 16:00:00,356.8902127765701
2011-09-28 17:00:00,621.7529660734299
2011-09-28 18:00:00,307.88431999639914
2011-09-28 19:00:00,206.6367053769593
2011-09-28 20:00:00,125.9819968239229
2011-09-28 21:00:00,95.99014437997654
2011-09-28 22:00:00,164.51693687639533
2011-09-28 23:00:00,109.41179476872465
2011-09-29 00:00:00,63.69303712397927
2011-09-29 01:00:00,17.345560428936377
2011-09-29 02:00:00,8.126156855585263
2011-09-29 03:00:00,4.86082826334599
2011-09-29 04:00:00,6.711311662694651
2011-09-29 05:00:00,31.762131914822504
2011-09-29 06:00:00,144.639064866591
2011-09-29 07:00:00,499.64532991700736
2011-09-29 08:00:00,720.3268220371399
2011-09-29 09:00:00,304.72430539114583
2011-09-29 10:00:00,174.62662747189862
2011-09-29 11:00:00,224.91302859314573
2011-09-29 12:00:00,267.69413791702044
2011-09-29 13:00:00,273.3823656908926
2011-09-29 14:00:00,234.07947635520839
2011-09-29 15:00:00,230.3114740432911
2011-09-29 16:00:00,389.03420697504265
2011-09-29 17:00:00,678.2334764482267
2011-09-29 18:00:00,645.7415678501252
2011-09-29 19:00:00,439.3503934693963
2011-09-29 20:00:00,336.8205544041891
2011-09-29 21:00:00,256.52710946538105
2011-09-29 22:00:00,204.2412266560538
2011-09-29 23:00:00,127.94826753384127
2011-09-30 00:00:00,70.68805841663998
2011-09-30 01:00:00,31.758587465251015
2011-09-30 02:00:00,11.902536429195454
2011-09-30 03:00:00,6.6364004373142995
2011-09-30 04:00:00,6.993657973303385
2011-09-30 05:00:00,34.01534400246906
2011-09-30 06:00:00,138.29141754363673
2011-09-30 07:00:00,394.08337445582475
2011-09-30 08:00:00,619.0252501226221
2011-09-30 09:00:00,319.2443269011688
2011-09-30 10:00:00,190.31818487032933
2011-09-30 11:00:00,242.3283419954707
2011-09-30 12:00:00,293.10862501011064
2011-09-30 13:00:00,298.1864622747469
2011-09-30 14:00:00,262.7625971016482
2011-09-30 15:00:00,285.01046528467225
2011-09-30 16:00:00,416.0354445326165
2011-09-30 17:00:00,648.4960033692837
2011-09-30 18:00:00,550.815670646984
2011-09-30 19:00:00,350.7898471001352
2011-09-30 20:00:00,257.5909374809169
2011-09-30 21:00:00,211.06173722269986
2011-09-30 22:00:00,180.6295607421598
2011-09-30 23:00:00,142.84226857841358
2011-10-20 00:00:00,58.23557692650774
2011-10-20 01:00:00,18.04010740142835
2011-10-20 02:00:00,8.0634394938788
2011-10-20 03:00:00,4.70469299587251
2011-10-20 04:00:00,5.470073901405622
2011-10-20 05:00:00,32.969747329628106
2011-10-20 06:00:00,134.3697498023218
2011-10-20 07:00:00,380.8958257422776
2011-10-20 08:00:00,566.5624858207132
2011-10-20 09:00:00,256.7552476182535
2011-10-20 10:00:00,143.00908273938333
2011-10-20 11:00:00,189.85619529463045
2011-10-20 12:00:00,224.4866039968408
2011-10-20 13:00:00,226.51571384868396
2011-10-20 14:00:00,193.21045809665154
2011-10-20 15:00:00,196.57249892475585
2011-10-20 16:00:00,316.74528292624336
2011-10-20 17:00:00,588.6077508546582
2011-10-20 18:00:00,551.3493919795902
2011-10-20 19:00:00,360.5140802823964
2011-10-20 20:00:00,258.1166486630891
2011-10-20 21:00:00,192.3719336696944
2011-10-20 22:00:00,148.0171518383553
2011-10-20 23:00:00,104.65924752888851
2011-10-21 00:00:00,72.85327961636806
2011-10-21 01:00:00,23.7983395445845
2011-10-21 02:00:00,11.012483720638695
2011-10-21 03:00:00,5.551429506771208
2011-10-21 04:00:00,6.360753229063519
2011-10-21 05:00:00,28.10644122654671
2011-10-21 06:00:00,119.95561173891053
2011-10-21 07:00:00,339.82925844605535
2011-10-21 08:00:00,584.6042163070492
2011-10-21 09:00:00,312.5779356513724
2011-10-21 10:00:00,185.54461698486648
2011-10-21 11:00:00,238.3129344179224
2011-10-21 12:00:00,283.4644869843749
2011-10-21 13:00:00,263.406014324896
2011-10-21 14:00:00,272.18377320896616
2011-10-21 15:00:00,278.1993259047296
2011-10-21 16:00:00,392.8497320139218
2011-10-21 17:00:00,592.4934956629874
2011-10-21 18:00:00,490.73290083144667
2011-10-21 19:00:00,327.06810713464404
2011-10-21 20:00:00,238.193339781688
2011-10-21 21:00:00,180.53804143654
2011-10-21 22:00:00,162.54406093718163
2011-10-21 23:00:00,120.47062902356335
2011-10-22 00:00:00,132.34339551094024
2011-10-22 01:00:00,80.38336797976795
2011-10-22 02:00:00,51.5748030083376
2011-10-22 03:00:00,24.21429028928806
2011-10-22 04:00:00,9.03415779743252
2011-10-22 05:00:00,9.368899917411586
2011-10-22 06:00:00,21.23854067942004
2011-10-22 07:00:00,55.83387570945993
2011-10-22 08:00:00,140.4043739071238
2011-10-22 09:00:00,222.65833199235135
2011-10-22 10:00:00,294.7068833974323
2011-10-22 11:00:00,361.12435025814875
2011-10-22 12:00:00,407.13566578246883
2011-10-22 13:00:00,529.563474485742
2011-10-22 14:00:00,465.15760995662714
2011-10-22 15:00:00,439.5960253335895
2011-10-22 16:00:00,474.8158314010264
2011-10-22 17:00:00,376.12507092474743
2011-10-22 18:00:00,311.48218201422657
2011-10-22 19:00:00,265.02168902077085
2011-10-22 20:00:00,208.5428752623412
2011-10-22 21:00:00,164.08456110714135
2011-10-22 22:00:00,149.01404982843488
2011-10-22 23:00:00,123.47718085275015
2011-10-23 00:00:00,85.06001986333054
2011-10-23 01:00:00,85.41099250697388
2011-10-23 02:00:00,56.21362986151912
2011-10-23 03:00:00,32.04477921835228
2011-10-23 04:00:00,9.538093140760312
2011-10-23 05:00:00,8.577407083898024
2011-10-23 06:00:00,12.777431533740984
2011-10-23 07:00:00,37.34364108207864
2011-10-23 08:00:00,90.35853610966365
2011-10-23 09:00:00,179.18491916431955
2011-10-23 10:00:00,278.7515157930412
2011-10-23 11:00:00,330.8414963294882
2011-10-23 12:00:00,414.11986616694156
2011-10-23 13:00:00,439.64772889160884
2011-10-23 14:00:00,412.1211757851721
2011-10-23 15:00:00,429.0155676883224
2011-10-23 16:00:00,439.64411870494837
2011-10-23 17:00:00,377.4822342009614
2011-10-23 18:00:00,313.03125039684977
2011-10-23 19:00:00,220.2568025319639
2011-10-23 20:00:00,173.00489261103567
2011-10-23 21:00:00,140.40391313373232
2011-10-23 22:00:00,104.45601024225503
2011-10-23 23:00:00,67.81509216474002
2011-10-24 00:00:00,41.197571882549276
2011-10-24 01:00:00,12.533592538101898
2011-10-24 02:00:00,6.110425137990701
2011-10-24 03:00:00,4.644264583935788
2011-10-24 04:00:00,6.7943262094782435
2011-10-24 05:00:00,27.806792617686963
2011-10-24 06:00:00,116.23998940787067
2011-10-24 07:00:00,299.8817075967159
2011-10-24 08:00:00,555.5618007985014
2011-10-24 09:00:00,273.0098077833164
2011-10-24 10:00:00,131.3776255764019
2011-10-24 11:00:00,174.32472194005993
2011-10-24 12:00:00,238.26626867461377
2011-10-24 13:00:00,225.46949432677576
2011-10-24 14:00:00,210.2767097313066
2011-10-24 15:00:00,224.68534192389373
2011-10-24 16:00:00,355.9782530949865
2011-10-24 17:00:00,632.0014129322753
2011-10-24 18:00:00,587.2076914873885
2011-10-24 19:00:00,314.20949025156006
2011-10-24 20:00:00,248.83418974131763
2011-10-24 21:00:00,181.46916285879732
2011-10-24 22:00:00,127.9256647430591
2011-10-24 23:00:00,79.08936450972243
2011-10-25 00:00:00,39.395180879754726
2011-10-25 01:00:00,13.287951050413225
2011-10-25 02:00:00,4.978248113346321
2011-10-25 03:00:00,3.9261049585790553
2011-10-25 04:00:00,5.680540632932976
2011-10-25 05:00:00,26.68980541604674
2011-10-25 06:00:00,122.93699615833671
2011-10-25 07:00:00,352.0473074141381
2011-10-25 08:00:00,614.7449472089729
2011-10-25 09:00:00,300.6384546065118
2011-10-25 10:00:00,173.15139433218567
2011-10-25 11:00:00,195.65777384729736
2011-10-25 12:00:00,252.9386460100985
2011-10-25 13:00:00,251.39294701540544
2011-10-25 14:00:00,224.93380920423226
2011-10-25 15:00:00,233.63337261320433
2011-10-25 16:00:00,389.7689271036156
2011-10-25 17:00:00,722.5546954205788
2011-10-25 18:00:00,653.9860573960088
2011-10-25 19:00:00,373.3650385475656
2011-10-25 20:00:00,262.83023269374183
2011-10-25 21:00:00,182.38638621198606
2011-10-25 22:00:00,146.12562333435423
2011-10-25 23:00:00,91.21896366173367
2011-10-26 00:00:00,46.406213367209574
2011-10-26 01:00:00,13.596407060269696
2011-10-26 02:00:00,5.97819806395138
2011-10-26 03:00:00,4.553853611899042
2011-10-26 04:00:00,5.042668012826809
2011-10-26 05:00:00,29.520547687796675
2011-10-26 06:00:00,130.83026824160942
2011-10-26 07:00:00,365.1598859524118
2011-10-26 08:00:00,631.9737877123342
2011-10-26 09:00:00,313.22035439586614
2011-10-26 10:00:00,168.66766219738977
2011-10-26 11:00:00,163.5331888112514
2011-10-26 12:00:00,162.18259567861605
2011-10-26 13:00:00,124.14190199509528
2011-10-26 14:00:00,153.58737536585787
2011-10-26 15:00:00,169.1992355949448
2011-10-26 16:00:00,239.30217253319583
2011-10-26 17:00:00,498.222827877469
2011-10-26 18:00:00,478.5301956658543
2011-10-26 19:00:00,332.54716518132335
2011-10-26 20:00:00,242.23972726635705
2011-10-26 21:00:00,199.05284559982297
2011-10-26 22:00:00,127.85626899241579
2011-10-26 23:00:00,79.239278531205
2011-10-27 00:00:00,51.95303477161579
2011-10-27 01:00:00,17.653769511323585
2011-10-27 02:00:00,6.4267754372356265
2011-10-27 03:00:00,3.123996747237175
2011-10-27 04:00:00,5.008585059076266
2011-10-27 05:00:00,20.134559835472142
2011-10-27 06:00:00,81.31980318707812
2011-10-27 07:00:00,343.94649451047445
2011-10-27 08:00:00,253.159989518913
2011-10-27 09:00:00,298.57569874117615
2011-10-27 10:00:00,73.47954564238987
2011-10-27 11:00:00,92.0129135691223
2011-10-27 12:00:00,104.12532309171861
2011-10-27 13:00:00,179.51692466077768
2011-10-27 14:00:00,169.48014818615337
2011-10-27 15:00:00,181.75393412911612
2011-10-27 16:00:00,333.29555172777356
2011-10-27 17:00:00,519.1120827032161
2011-10-27 18:00:00,480.60336528816066
2011-10-27 19:00:00,292.77333258613504
2011-10-27 20:00:00,231.54055198985176
2011-10-27 21:00:00,178.70709916216032
2011-10-27 22:00:00,119.07667056655959
2011-10-27 23:00:00,85.77027948314726
2011-10-28 00:00:00,62.3800465384681
2011-10-28 01:00:00,21.737520791822792
2011-10-28 02:00:00,10.212933643329164
2011-10-28 03:00:00,4.7131176469474445
2011-10-28 04:00:00,5.853566883669097
2011-10-28 05:00:00,29.107269826146574
2011-10-28 06:00:00,111.0387115419913
2011-10-28 07:00:00,312.86654303466474
2011-10-28 08:00:00,576.4132956496292
2011-10-28 09:00:00,301.09372945153433
2011-10-28 10:00:00,159.08082712777258
2011-10-28 11:00:00,203.12243095711264
2011-10-28 12:00:00,280.7945808834202
2011-10-28 13:00:00,253.95532939968388
2011-10-28 14:00:00,218.20191349053238
2011-10-28 15:00:00,249.47238857573296
2011-10-28 16:00:00,328.2893222181681
2011-10-28 17:00:00,500.5030725367522
2011-10-28 18:00:00,431.90641353885457
2011-10-28 19:00:00,319.2547685542506
2011-10-28 20:00:00,122.85958376730005
2011-10-28 21:00:00,89.40813615614135
2011-10-28 22:00:00,68.18508485209068
2011-10-28 23:00:00,56.816804818878765
2011-10-29 00:00:00,41.72563397461248
2011-10-29 01:00:00,40.19163801484328
2011-10-29 02:00:00,34.125520119421026
2011-10-29 03:00:00,10.961408715012459
2011-10-29 04:00:00,5.313029573506258
2011-10-29 05:00:00,3.4753589063703165
2011-10-29 06:00:00,9.847638375226119
2011-10-29 07:00:00,21.558053621030247
2011-10-29 08:00:00,49.23030289581196
2011-10-29 09:00:00,70.2568097978832
2011-10-29 10:00:00,74.73760140521033
2011-10-29 11:00:00,69.69481845595887
2011-10-29 12:00:00,68.59812827284534
2011-10-29 13:00:00,57.145687219561715
2011-10-29 14:00:00,65.39755994275339
2011-10-29 15:00:00,79.54465262856297
2011-10-29 16:00:00,69.02456888593161
2011-10-29 17:00:00,72.27767028771423
2011-10-29 18:00:00,59.28205864958449
2011-10-29 19:00:00,80.87790437031849
2011-10-29 20:00:00,68.65931717363688
2011-10-29 21:00:00,63.6248290896599
2011-10-29 22:00:00,61.853418767701335
2011-10-29 23:00:00,59.32510354927239
2011-10-30 00:00:00,52.94160746573929
2011-10-30 01:00:00,44.89314615892647
2011-10-30 02:00:00,35.275130693402936
2011-10-30 03:00:00,18.84288670725775
2011-10-30 04:00:00,4.882084996526659
2011-10-30 05:00:00,5.4760934570004896
2011-10-30 06:00:00,10.583489584844733
2011-10-30 07:00:00,31.177284184090322
2011-10-30 08:00:00,80.39160112520818
2011-10-30 09:00:00,151.53345315127362
2011-10-30 10:00:00,250.15201871725793
2011-10-30 11:00:00,315.67792583559327
2011-10-30 12:00:00,406.3178527871631
2011-10-30 13:00:00,431.86975173336964
2011-10-30 14:00:00,426.74313278682365
2011-10-30 15:00:00,421.98388874157183
2011-10-30 16:00:00,414.62095590135027
2011-10-30 17:00:00,355.42563255604216
2011-10-30 18:00:00,264.75561264490466
2011-10-30 19:00:00,259.0936009819934
2011-10-30 20:00:00,158.34947434104595
2011-10-30 21:00:00,112.04313648270578
2011-10-30 22:00:00,79.92612605484017
2011-10-30 23:00:00,45.46459380410708
2011-10-31 00:00:00,26.4289512851016
2011-10-31 01:00:00,9.277432066883952
2011-10-31 02:00:00,4.173769833043181
2011-10-31 03:00:00,3.099957093448934
2011-10-31 04:00:00,4.738295349643525
2011-10-31 05:00:00,20.037820537656277
2011-10-31 06:00:00,85.79472366349171
2011-10-31 07:00:00,228.9045917849512
2011-10-31 08:00:00,473.8829873477901
2011-10-31 09:00:00,239.7139863212704
2011-10-31 10:00:00,147.13574516778354
2011-10-31 11:00:00,172.92567280558566
2011-10-31 12:00:00,224.86180842920197
2011-10-31 13:00:00,238.04713734824895
2011-10-31 14:00:00,213.2129770618304
2011-10-31 15:00:00,210.78866492163377
2011-10-31 16:00:00,312.4872570335922
2011-10-31 17:00:00,547.2794258719374
2011-10-31 18:00:00,454.57175807644563
2011-10-31 19:00:00,320.1170480421207
2011-10-31 20:00:00,224.03042469458364
2011-10-31 21:00:00,135.86543788893934
2011-10-31 22:00:00,98.44436959872992
2011-10-31 23:00:00,58.31744698884243
2011-11-20 00:00:00,118.32865101478906
2011-11-20 01:00:00,83.95563985534163
2011-11-20 02:00:00,57.82103607559995
2011-11-20 03:00:00,26.889844151950903
2011-11-20 04:00:00,9.890296096659482
2011-11-20 05:00:00,8.461420040263684
2011-11-20 06:00:00,14.555996031215331
2011-11-20 07:00:00,46.53479601260336
2011-11-20 08:00:00,91.693975674114
2011-11-20 09:00:00,178.47497507600463
2011-11-20 10:00:00,277.83080203286636
2011-11-20 11:00:00,384.3972978815598
2011-11-20 12:00:00,440.7435810723181
2011-11-20 13:00:00,444.0590144248458
2011-11-20 14:00:00,391.4432651307901
2011-11-20 15:00:00,380.0415201710979
2011-11-20 16:00:00,418.70238003966847
2011-11-20 17:00:00,380.5622105291115
2011-11-20 18:00:00,341.68230236447124
2011-11-20 19:00:00,250.31855662658182
2011-11-20 20:00:00,206.30651687933405
2011-11-20 21:00:00,139.27696984549115
2011-11-20 22:00:00,73.5649151128815
2011-11-20 23:00:00,55.15612554786808
2011-11-21 00:00:00,40.815863435685586
2011-11-21 01:00:00,10.82001167531133
2011-11-21 02:00:00,6.689590775042652
2011-11-21 03:00:00,3.601027995921299
2011-11-21 04:00:00,5.999473367592268
2011-11-21 05:00:00,24.93501466809406
2011-11-21 06:00:00,107.58427168369832
2011-11-21 07:00:00,309.2696228570445
2011-11-21 08:00:00,566.5652314171241
2011-11-21 09:00:00,255.77763901822763
2011-11-21 10:00:00,150.8102496946026
2011-11-21 11:00:00,161.44176144351786
2011-11-21 12:00:00,199.3504644098698
2011-11-21 13:00:00,191.07188704220707
2011-11-21 14:00:00,153.8678678928872
2011-11-21 15:00:00,116.12830788244356
2011-11-21 16:00:00,183.5083377327616
2011-11-21 17:00:00,287.54801395892156
2011-11-21 18:00:00,312.90611715488404
2011-11-21 19:00:00,196.41936600166298
2011-11-21 20:00:00,143.93978912451317
2011-11-21 21:00:00,113.23660357743918
2011-11-21 22:00:00,84.40400834778288
2011-11-21 23:00:00,54.55102860902523
2011-11-22 00:00:00,24.667301746066574
2011-11-22 01:00:00,8.866194665291735
2011-11-22 02:00:00,4.324006782094095
2011-11-22 03:00:00,2.6437436970053083
2011-11-22 04:00:00,5.031472809892464
2011-11-22 05:00:00,16.868127683462788
2011-11-22 06:00:00,104.33583836642892
2011-11-22 07:00:00,150.33313633747142
2011-11-22 08:00:00,238.98158471585572
2011-11-22 09:00:00,147.93628600701115
2011-11-22 10:00:00,84.60226861887747
2011-11-22 11:00:00,73.74461888621468
2011-11-22 12:00:00,78.77935579611542
2011-11-22 13:00:00,74.21866644676713
2011-11-22 14:00:00,65.93426271095309
2011-11-22 15:00:00,91.02705313746561
2011-11-22 16:00:00,142.37776587210067
2011-11-22 17:00:00,246.15728116441662
2011-11-22 18:00:00,248.3896427780276
2011-11-22 19:00:00,198.59712906201605
2011-11-22 20:00:00,169.91348504264192
2011-11-22 21:00:00,132.5725040631268
2011-11-22 22:00:00,119.26608398877765
2011-11-22 23:00:00,69.60846532115194
2011-11-23 00:00:00,36.22952354197045
2011-11-23 01:00:00,10.390796506599225
2011-11-23 02:00:00,3.1794404216272927
2011-11-23 03:00:00,2.2702364156314503
2011-11-23 04:00:00,3.322312510265263
2011-11-23 05:00:00,23.482697070725845
2011-11-23 06:00:00,105.70748767954768
2011-11-23 07:00:00,273.836738514539
2011-11-23 08:00:00,541.0964425772686
2011-11-23 09:00:00,233.86994491891429
2011-11-23 10:00:00,114.84470554075922
2011-11-23 11:00:00,147.01366963337975
2011-11-23 12:00:00,205.27144405988923
2011-11-23 13:00:00,194.07963944236994
2011-11-23 14:00:00,172.0722622497946
2011-11-23 15:00:00,203.84672323946563
2011-11-23 16:00:00,266.39647790248415
2011-11-23 17:00:00,238.84192262146928
2011-11-23 18:00:00,507.42277169324234
2011-11-23 19:00:00,307.55910073844393
2011-11-23 20:00:00,205.6045188619007
2011-11-23 21:00:00,156.211567825865
2011-11-23 22:00:00,116.2052405746033
2011-11-23 23:00:00,76.24632478284394
2011-11-24 00:00:00,96.00228012986182
2011-11-24 01:00:00,39.98565530324363
2011-11-24 02:00:00,25.200462381871766
2011-11-24 03:00:00,9.45645456775535
2011-11-24 04:00:00,7.9375010759575515
2011-11-24 05:00:00,12.786912056717485
2011-11-24 06:00:00,38.977170935037925
2011-11-24 07:00:00,97.27384222495331
2011-11-24 08:00:00,224.42035327045517
2011-11-24 09:00:00,265.42024425957885
2011-11-24 10:00:00,269.30239002262226
2011-11-24 11:00:00,362.94913683480877
2011-11-24 12:00:00,402.1226599751897
2011-11-24 13:00:00,420.09823613190065
2011-11-24 14:00:00,390.6147244292893
2011-11-24 15:00:00,383.46009745330423
2011-11-24 16:00:00,434.1291405491507
2011-11-24 17:00:00,435.3623447512249
2011-11-24 18:00:00,375.49932968320013
2011-11-24 19:00:00,333.87785602352
2011-11-24 20:00:00,224.874739241295
2011-11-24 21:00:00,187.07135648267274
2011-11-24 22:00:00,166.51545136287058
2011-11-24 23:00:00,102.3659053205498
2011-11-25 00:00:00,58.76591419664966
2011-11-25 01:00:00,20.937372536194797
2011-11-25 02:00:00,8.369232726158698
2011-11-25 03:00:00,4.493651604574952
2011-11-25 04:00:00,5.616387444471027
2011-11-25 05:00:00,24.799580914861092
2011-11-25 06:00:00,91.86387492483586
2011-11-25 07:00:00,241.2124092996007
2011-11-25 08:00:00,470.55721681221877
2011-11-25 09:00:00,257.03810605176676
2011-11-25 10:00:00,157.80870861106825
2011-11-25 11:00:00,167.97888815355682
2011-11-25 12:00:00,240.34514909236202
2011-11-25 13:00:00,272.1131176545429
2011-11-25 14:00:00,273.27207437985624
2011-11-25 15:00:00,307.2051651567242
2011-11-25 16:00:00,401.6170934013812
2011-11-25 17:00:00,632.0115452911612
2011-11-25 18:00:00,483.48361057344124
2011-11-25 19:00:00,291.0486702766022
2011-11-25 20:00:00,209.53133348919917
2011-11-25 21:00:00,147.94036912426478
2011-11-25 22:00:00,132.8712609579345
2011-11-25 23:00:00,109.42536738474183
2011-11-26 00:00:00,102.6168624055384
2011-11-26 01:00:00,71.87800507932798
2011-11-26 02:00:00,44.46954050751685
2011-11-26 03:00:00,22.187418294448303
2011-11-26 04:00:00,8.081191812999279
2011-11-26 05:00:00,7.810656582268057
2011-11-26 06:00:00,17.55661396357039
2011-11-26 07:00:00,45.3135420017591
2011-11-26 08:00:00,123.1969179735832
2011-11-26 09:00:00,182.43419435736283
2011-11-26 10:00:00,255.5306052140153
2011-11-26 11:00:00,361.9074685113047
2011-11-26 12:00:00,447.7237296001487
2011-11-26 13:00:00,506.4565856442107
2011-11-26 14:00:00,471.0717098148534
2011-11-26 15:00:00,521.0248356967116
2011-11-26 16:00:00,427.1110109849395
2011-11-26 17:00:00,403.72624463806955
2011-11-26 18:00:00,272.037325052378
2011-11-26 19:00:00,223.40834741890623
2011-11-26 20:00:00,217.0176647541925
2011-11-26 21:00:00,134.96144919340796
2011-11-26 22:00:00,133.64828428385303
2011-11-26 23:00:00,114.2368442930701
2011-11-27 00:00:00,99.42867808666563
2011-11-27 01:00:00,89.03605800315762
2011-11-27 02:00:00,54.797215539505125
2011-11-27 03:00:00,32.04477921835228
2011-11-27 04:00:00,8.91381624728478
2011-11-27 05:00:00,8.264129441715534
2011-11-27 06:00:00,14.09407169802138
2011-11-27 07:00:00,39.25649914903555
2011-11-27 08:00:00,84.22386602963354
2011-11-27 09:00:00,167.39313831729007
2011-11-27 10:00:00,251.8782527869606
2011-11-27 11:00:00,346.39907657431843
2011-11-27 12:00:00,440.63710785012336
2011-11-27 13:00:00,442.0929360959964
2011-11-27 14:00:00,471.06223165252175
2011-11-27 15:00:00,465.79006513999735
2011-11-27 16:00:00,473.7109009041857
2011-11-27 17:00:00,422.0381304897734
2011-11-27 18:00:00,313.01534915045653
2011-11-27 19:00:00,232.07603908209148
2011-11-27 20:00:00,191.13740706259026
2011-11-27 21:00:00,140.2357716147123
2011-11-27 22:00:00,110.89284411920511
2011-11-27 23:00:00,74.96311446939339
2011-11-28 00:00:00,38.887766847812934
2011-11-28 01:00:00,13.058239436175137
2011-11-28 03:00:00,4.345041896016865
2011-11-28 04:00:00,6.934928726197874
2011-11-28 05:00:00,28.3177829626648
2011-11-28 06:00:00,121.41573097794473
2011-11-28 07:00:00,372.0373744929474
2011-11-28 08:00:00,569.9582577366982
2011-11-28 09:00:00,257.4319020562149
2011-11-28 10:00:00,147.35031560633217
2011-11-28 11:00:00,186.13200635056006
2011-11-28 12:00:00,233.08978139661946
2011-11-28 13:00:00,261.5302977023927
2011-11-28 14:00:00,216.42889106353786
2011-11-28 15:00:00,232.74275894425514
2011-11-28 16:00:00,364.6366495528383
2011-11-28 17:00:00,672.3011846963666
2011-11-28 18:00:00,593.5582743051074
2011-11-28 19:00:00,384.62735046311997
2011-11-28 20:00:00,269.9172678466125
2011-11-28 21:00:00,188.0817444731432
2011-11-28 22:00:00,132.47772188316927
2011-11-28 23:00:00,73.72742610374964
2011-11-29 00:00:00,36.95013830096313
2011-11-29 01:00:00,14.238094769033198
2011-11-29 02:00:00,5.169904805335871
2011-11-29 03:00:00,3.8358998892497773
2011-11-29 04:00:00,6.234656731182606
2011-11-29 05:00:00,28.674657598768025
2011-11-29 06:00:00,135.98136086073197
2011-11-29 07:00:00,400.67423481811045
2011-11-29 08:00:00,580.3877043850988
2011-11-29 09:00:00,160.27811722281353
2011-11-29 10:00:00,97.57150782713647
2011-11-29 11:00:00,85.48205288648737
2011-11-29 12:00:00,91.34759538057969
2011-11-29 13:00:00,93.20932232770132
2011-11-29 14:00:00,66.24213547781245
2011-11-29 15:00:00,81.68915259771475
2011-11-29 16:00:00,137.5409588762528
2011-11-29 17:00:00,339.0222495970728
2011-11-29 18:00:00,345.93080884099663
2011-11-29 19:00:00,220.23845194301504
2011-11-29 20:00:00,145.9184570595983
2011-11-29 21:00:00,114.68338991980993
2011-11-29 22:00:00,103.92315988236136
2011-11-29 23:00:00,64.67766619928555
2011-11-30 00:00:00,46.163760106394626
2011-11-30 01:00:00,12.350229171227118
2011-11-30 02:00:00,5.080546050414337
2011-11-30 03:00:00,4.006343924892353
2011-11-30 04:00:00,4.637074267502183
2011-11-30 05:00:00,22.888850517577154
2011-11-30 06:00:00,92.02228688045466
2011-11-30 07:00:00,277.61994333097323
2011-11-30 08:00:00,495.9493542369788
2011-11-30 09:00:00,238.4582210382295
2011-11-30 10:00:00,134.83769850695222
2011-11-30 11:00:00,162.49830242831712
2011-11-30 12:00:00,219.62218753366517
2011-11-30 13:00:00,221.6903225966022
2011-11-30 14:00:00,212.4911989514059
2011-11-30 15:00:00,197.45766358766144
2011-11-30 16:00:00,282.2955981402145
2011-11-30 17:00:00,550.6295120488875
2011-11-30 18:00:00,459.09452724558247
2011-11-30 19:00:00,331.88308825568976
2011-11-30 20:00:00,237.56115475273282
2011-11-30 21:00:00,154.8188644996748
2011-11-30 22:00:00,112.49950532056434
2011-11-30 23:00:00,70.1231976847639
2011-12-20 00:00:00,43.00220637273321
2011-12-20 01:00:00,12.096355023342868
2011-12-20 02:00:00,4.605806311835591
2011-12-20 03:00:00,3.6926874124614564
2011-12-20 04:00:00,8.382360197010813
2011-12-20 05:00:00,30.791471261261236
2011-12-20 06:00:00,136.39943739333597
2011-12-20 07:00:00,350.10598902604823
2011-12-20 08:00:00,663.6264112418238
2011-12-20 09:00:00,273.72105021789173
2011-12-20 10:00:00,164.2001641091441
2011-12-20 11:00:00,161.29429241558574
2011-12-20 12:00:00,213.77362559739487
2011-12-20 13:00:00,210.23250424360177
2011-12-20 14:00:00,177.6654332770112
2011-12-20 15:00:00,201.9641978208741
2011-12-20 16:00:00,299.3461442095122
2011-12-20 17:00:00,512.4233963726061
2011-12-20 18:00:00,438.0456868190829
2011-12-20 19:00:00,307.0986196466675
2011-12-20 20:00:00,212.2120145179614
2011-12-20 21:00:00,159.64908102673294
2011-12-20 22:00:00,125.620328102377
2011-12-20 23:00:00,89.99130250266887
2011-12-21 00:00:00,28.594740638954317
2011-12-21 01:00:00,9.17306401156821
2011-12-21 02:00:00,4.196109845902428
2011-12-21 03:00:00,3.230081348455632
2011-12-21 04:00:00,2.7529458860370797
2011-12-21 05:00:00,15.12679196110337
2011-12-21 06:00:00,71.92716740043804
2011-12-21 07:00:00,191.99449229302206
2011-12-21 08:00:00,175.69774389727965
2011-12-21 09:00:00,182.21811907320355
2011-12-21 10:00:00,87.24011749667176
2011-12-21 11:00:00,92.45713607978429
2011-12-21 12:00:00,55.743939831886195
2011-12-21 13:00:00,43.237978413460965
2011-12-21 14:00:00,91.68963561887414
2011-12-21 15:00:00,95.32665312327403
2011-12-21 16:00:00,54.09217371801403
2011-12-21 17:00:00,104.85487394228268
2011-12-21 18:00:00,193.88132903285842
2011-12-21 19:00:00,179.04443288853193
2011-12-21 20:00:00,136.81643025847123
2011-12-21 21:00:00,161.6702427065169
2011-12-21 22:00:00,135.30556072690072
2011-12-21 23:00:00,81.33062503117311
2011-12-22 00:00:00,39.872511963052794
2011-12-22 01:00:00,16.307634553516596
2011-12-22 02:00:00,9.178615088756256
2011-12-22 03:00:00,3.8313700138116773
2011-12-22 04:00:00,3.27418152190105
2011-12-22 05:00:00,22.32279448331925
2011-12-22 06:00:00,103.7627563576094
2011-12-22 07:00:00,266.3890785120384
2011-12-22 08:00:00,459.2967781178903
2011-12-22 09:00:00,215.87990408753615
2011-12-22 10:00:00,110.65098087834619
2011-12-22 11:00:00,152.11366556688603
2011-12-22 12:00:00,168.26833141219217
2011-12-22 13:00:00,169.73356537938065
2011-12-22 14:00:00,144.95176120212122
2011-12-22 15:00:00,146.8106354749948
2011-12-22 16:00:00,217.73647571755686
2011-12-22 17:00:00,384.6658247073323
2011-12-22 18:00:00,372.99505918413576
2011-12-22 19:00:00,275.6821681629859
2011-12-22 20:00:00,113.89361064927667
2011-12-22 21:00:00,90.16358739872929
2011-12-22 22:00:00,49.7899932924002
2011-12-22 23:00:00,49.9510329113787
2011-12-23 00:00:00,28.313175866984402
2011-12-23 01:00:00,12.37429015288093
2011-12-23 02:00:00,6.518089069816245
2011-12-23 03:00:00,2.7441750195236954
2011-12-23 04:00:00,1.9444025951941237
2011-12-23 05:00:00,17.301210499283254
2011-12-23 06:00:00,75.71522809621605
2011-12-23 07:00:00,218.93931497230506
2011-12-23 08:00:00,437.3081815178731
2011-12-23 09:00:00,210.2288396745106
2011-12-23 10:00:00,113.91638472683336
2011-12-23 11:00:00,129.2072107439355
2011-12-23 12:00:00,145.4087446573151
2011-12-23 13:00:00,149.67540449252633
2011-12-23 14:00:00,127.75371421474436
2011-12-23 15:00:00,125.29095953896473
2011-12-23 16:00:00,176.28519388290408
2011-12-23 17:00:00,295.8177267394813
2011-12-23 18:00:00,263.70775580006546
2011-12-23 19:00:00,175.99545691470271
2011-12-23 20:00:00,106.4715608133213
2011-12-23 21:00:00,102.71621734831542
2011-12-23 22:00:00,89.2988872907044
2011-12-23 23:00:00,69.3911637317468
2011-12-24 00:00:00,57.009218073037715
2011-12-24 01:00:00,42.13908943163138
2011-12-24 02:00:00,30.452579141177925
2011-12-24 03:00:00,14.365489124923702
2011-12-24 04:00:00,4.064595106741565
2011-12-24 05:00:00,3.270979281223922
2011-12-24 06:00:00,7.864713056352529
2011-12-24 07:00:00,25.945557118812015
2011-12-24 08:00:00,66.68920686565457
2011-12-24 09:00:00,97.45004388391844
2011-12-24 10:00:00,116.55910976936357
2011-12-24 11:00:00,155.434877177019
2011-12-24 12:00:00,206.38825213966652
2011-12-24 13:00:00,209.04462421331843
2011-12-24 14:00:00,192.24340368777243
2011-12-24 15:00:00,184.18555771742663
2011-12-24 16:00:00,173.42764499538214
2011-12-24 17:00:00,144.06358304752536
2011-12-24 18:00:00,136.9603940775053
2011-12-24 19:00:00,113.56381911550064
2011-12-24 20:00:00,71.83617517644112
2011-12-24 21:00:00,66.55936674708579
2011-12-24 22:00:00,54.905274918271786
2011-12-24 23:00:00,52.47100329368728
2011-12-25 00:00:00,40.33185922036295
2011-12-25 01:00:00,31.031399231918527
2011-12-25 02:00:00,26.537783828364613
2011-12-25 03:00:00,14.603978257042181
2011-12-25 05:00:00,2.9842028594111336
2011-12-25 06:00:00,4.368247804642953
2011-12-25 07:00:00,14.736545886072047
2011-12-25 08:00:00,38.25969462414262
2011-12-25 09:00:00,83.80460349919123
2011-12-25 10:00:00,112.00167442418952
2011-12-25 11:00:00,147.85212262300863
2011-12-25 12:00:00,138.04798659317228
2011-12-25 13:00:00,160.99168668058962
2011-12-25 14:00:00,172.24128399689513
2011-12-25 15:00:00,161.6819367508395
2011-12-25 16:00:00,173.55189939443855
2011-12-25 17:00:00,154.34390819341417
2011-12-25 18:00:00,122.13866970472611
2011-12-25 19:00:00,110.19834006837748
2011-12-25 20:00:00,95.6154184906376
2011-12-25 21:00:00,68.10593731738459
2011-12-25 22:00:00,48.95920487204792
2011-12-25 23:00:00,28.550000987526733
2011-12-26 00:00:00,27.81448071921488
2011-12-26 01:00:00,16.554863511084964
2011-12-26 02:00:00,11.1058488162094
2011-12-26 04:00:00,3.314163481863279
2011-12-26 05:00:00,3.7963264385376596
2011-12-26 06:00:00,12.75592953263404
2011-12-26 07:00:00,38.12210184691239
2011-12-26 08:00:00,91.57766996274577
2011-12-26 09:00:00,111.25509741662887
2011-12-26 10:00:00,105.18766472365115
2011-12-26 11:00:00,123.0532048363157
2011-12-26 12:00:00,149.98184748739058
2011-12-26 13:00:00,161.8058537884263
2011-12-26 14:00:00,140.53380137997178
2011-12-26 15:00:00,142.84044979123155
2011-12-26 16:00:00,162.2639082386707
2011-12-26 17:00:00,183.56911481739854
2011-12-26 18:00:00,171.54569337058575
2011-12-26 19:00:00,124.79458478418928
2011-12-26 20:00:00,103.42875829946857
2011-12-26 21:00:00,69.22242463238818
2011-12-26 22:00:00,56.39210745587502
2011-12-26 23:00:00,31.41196816814593
2011-12-27 00:00:00,17.52200999893
2011-12-27 01:00:00,5.186552898764815
2011-12-27 02:00:00,2.7016314680089235
2011-12-27 03:00:00,2.223765479291959
2011-12-27 04:00:00,2.351471315734929
2011-12-27 05:00:00,11.93798526733239
2011-12-27 06:00:00,59.62103135384541
2011-12-27 07:00:00,161.24804296407476
2011-12-27 08:00:00,343.9097348493709
2011-12-27 09:00:00,114.01477096651183
2011-12-27 10:00:00,87.71428798979134
2011-12-27 11:00:00,62.46919638466318
2011-12-27 12:00:00,61.32354023341301
2011-12-27 13:00:00,53.42085875263859
2011-12-27 14:00:00,55.61327807827893
2011-12-27 15:00:00,63.56236080079607
2011-12-27 16:00:00,101.00920294111046
2011-12-27 17:00:00,252.46142169759307
2011-12-27 18:00:00,288.71613436275766
2011-12-27 19:00:00,180.45602657151335
2011-12-27 20:00:00,115.49977614559555
2011-12-27 21:00:00,100.25289816913951
2011-12-27 22:00:00,72.50808307423009
2011-12-27 23:00:00,41.07695320072684
2011-12-28 00:00:00,24.9057601565943
2011-12-28 01:00:00,8.3095329567505
2011-12-28 02:00:00,3.6465446534020463
2011-12-28 03:00:00,3.0049836811791075
2011-12-28 05:00:00,13.454160793619383
2011-12-28 06:00:00,72.12908716713181
2011-12-28 07:00:00,192.35363171516966
2011-12-28 08:00:00,392.16186385406536
2011-12-28 09:00:00,191.35532040877698
2011-12-28 10:00:00,100.21927002863445
2011-12-28 11:00:00,108.41933510019666
2011-12-28 12:00:00,107.8910094114158
2011-12-28 13:00:00,102.63520456404511
2011-12-28 14:00:00,93.03081530960803
2011-12-28 15:00:00,99.45492362584748
2011-12-28 16:00:00,131.28925065024384
2011-12-28 17:00:00,248.51008985640823
2011-12-28 18:00:00,238.43113797306953
2011-12-28 19:00:00,151.38552441526022
2011-12-28 20:00:00,113.67790978385504
2011-12-28 21:00:00,74.66152207974714
2011-12-28 22:00:00,55.94368776033811
2011-12-28 23:00:00,32.109557267486544
2011-12-29 00:00:00,15.261789222859658
2011-12-29 01:00:00,5.697487772403627
2011-12-29 02:00:00,3.267667998555381
2011-12-29 03:00:00,1.9456543612823596
2011-12-29 04:00:00,1.6607286035399984
2011-12-29 05:00:00,11.1461904968163
2011-12-29 06:00:00,49.6381345685903
2011-12-29 07:00:00,159.60504803033
2011-12-29 08:00:00,305.57865477037365
2011-12-29 09:00:00,146.3022243843191
2011-12-29 10:00:00,59.969513234411195
2011-12-29 11:00:00,73.8270696582295
2011-12-29 12:00:00,96.85665296162632
2011-12-29 13:00:00,100.15410959865733
2011-12-29 14:00:00,90.51471929467223
2011-12-29 15:00:00,91.16870493576475
2011-12-29 16:00:00,138.5935513529723
2011-12-29 17:00:00,271.1234627574928
2011-12-29 18:00:00,253.8542316385162
2011-12-29 19:00:00,180.54411353971662
2011-12-29 20:00:00,108.23960855012041
2011-12-29 21:00:00,81.51507764162298
2011-12-29 22:00:00,76.73426917515835
2011-12-29 23:00:00,56.040418588649075
2011-12-30 00:00:00,31.91547272789386
2011-12-30 01:00:00,9.223806109221591
2011-12-30 02:00:00,5.785078393909016
2011-12-30 03:00:00,3.187222211012064
2011-12-30 04:00:00,2.157969342783836
2011-12-30 05:00:00,10.897478038356375
2011-12-30 06:00:00,51.02421581981369
2011-12-30 07:00:00,154.97506360503195
2011-12-30 08:00:00,297.8665306064065
2011-12-30 09:00:00,194.16196593493945
2011-12-30 10:00:00,93.62570699698281
2011-12-30 11:00:00,112.76110079447167
2011-12-30 12:00:00,127.27786445747749
2011-12-30 13:00:00,129.23141512530546
2011-12-30 14:00:00,133.57309347374007
2011-12-30 15:00:00,159.86415844655676
2011-12-30 16:00:00,220.06022496845696
2011-12-30 17:00:00,319.73356691299847
2011-12-30 18:00:00,262.856998590929
2011-12-30 19:00:00,154.12076531277202
2011-12-30 20:00:00,111.50651228295523
2011-12-30 21:00:00,97.85771296940649
2011-12-30 22:00:00,81.48949912641099
2011-12-30 23:00:00,64.61379944136267
2011-12-31 00:00:00,54.39634826412404
2011-12-31 01:00:00,38.3510774093756
2011-12-31 02:00:00,29.75734159796525
2011-12-31 03:00:00,12.614367672170664
2011-12-31 04:00:00,4.120511024679886
2011-12-31 05:00:00,3.58685104729857
2011-12-31 06:00:00,11.786112618344342
2011-12-31 07:00:00,23.024155894411123
2011-12-31 08:00:00,94.32402117402992
2011-12-31 09:00:00,136.54791357752921
2011-12-31 10:00:00,185.6611380792923
2011-12-31 11:00:00,244.94349016641507
2011-12-31 12:00:00,322.8639063451067
2011-12-31 13:00:00,281.95480664702944
2011-12-31 14:00:00,281.8550202530724
2011-12-31 15:00:00,236.47547517577726
2011-12-31 16:00:00,236.9582434844884
2011-12-31 17:00:00,220.52395475125596
2011-12-31 18:00:00,202.046801185174
2011-12-31 19:00:00,157.56037465061524
2011-12-31 20:00:00,131.75640090231892
2011-12-31 21:00:00,108.66060493849925
2011-12-31 22:00:00,92.17767162128133
2011-12-31 23:00:00,78.69786488499028
2012-01-20 00:00:00,34.819078496798475
2012-01-20 01:00:00,9.861965468655406
2012-01-20 02:00:00,6.259152430981549
2012-01-20 03:00:00,3.1148810948311243
2012-01-20 04:00:00,2.1437034825534194
2012-01-20 05:00:00,10.809520564761046
2012-01-20 06:00:00,52.86112886653619
2012-01-20 07:00:00,144.66920067003736
2012-01-20 08:00:00,313.168433550904
2012-01-20 09:00:00,163.2754811727034
2012-01-20 10:00:00,67.17013911296343
2012-01-20 11:00:00,74.66307888132097
2012-01-20 12:00:00,89.2329927567856
2012-01-20 13:00:00,91.66749499787653
2012-01-20 14:00:00,74.63839809296319
2012-01-20 15:00:00,81.26308249562145
2012-01-20 16:00:00,95.27230203977265
2012-01-20 17:00:00,187.67784113096346
2012-01-20 18:00:00,163.4514212673092
2012-01-20 19:00:00,120.2726383899732
2012-01-20 20:00:00,79.47406603361331
2012-01-20 21:00:00,60.24816471395511
2012-01-20 22:00:00,55.45221478680893
2012-01-20 23:00:00,24.079423495385647
2012-01-21 00:00:00,21.72666356668251
2012-01-21 01:00:00,16.0176711476292
2012-01-21 02:00:00,16.014405695683163
2012-01-21 03:00:00,6.813328462015008
2012-01-21 04:00:00,2.364815873764507
2012-01-21 05:00:00,2.0833427544994336
2012-01-21 06:00:00,3.318452520018083
2012-01-21 07:00:00,8.975905288796422
2012-01-21 08:00:00,32.74730554732534
2012-01-21 09:00:00,49.93980320175569
2012-01-21 10:00:00,39.432826031983794
2012-01-21 11:00:00,72.19685458290161
2012-01-21 12:00:00,81.87031490134952
2012-01-21 13:00:00,81.64475131469688
2012-01-21 14:00:00,56.18948975294037
2012-01-21 15:00:00,59.79940647824078
2012-01-21 16:00:00,68.45368122413242
2012-01-21 17:00:00,60.19386031047334
2012-01-21 18:00:00,57.505934166495884
2012-01-21 19:00:00,40.68148662924633
2012-01-21 20:00:00,37.031372616018
2012-01-21 21:00:00,40.61538514321895
2012-01-21 22:00:00,30.377851913163415
2012-01-21 23:00:00,24.003648826873203
2012-01-22 00:00:00,25.061819381027107
2012-01-22 01:00:00,21.49391928350728
2012-01-22 02:00:00,19.534275698886518
2012-01-22 03:00:00,10.450324985623729
2012-01-22 04:00:00,1.917099074230609
2012-01-22 05:00:00,1.8435054396928416
2012-01-22 06:00:00,3.0738111200609404
2012-01-22 07:00:00,10.194093581835402
2012-01-22 08:00:00,28.573293779237083
2012-01-22 09:00:00,54.240386829814426
2012-01-22 10:00:00,63.94719060110288
2012-01-22 11:00:00,46.9909347217523
2012-01-22 12:00:00,65.75513633852414
2012-01-22 13:00:00,68.66770678318235
2012-01-22 14:00:00,59.91806347838663
2012-01-22 15:00:00,56.60287334901499
2012-01-22 16:00:00,57.776234777997935
2012-01-22 17:00:00,61.05697029179061
2012-01-22 18:00:00,45.08982897876177
2012-01-22 19:00:00,37.21237981057758
2012-01-22 20:00:00,25.195677457896203
2012-01-22 21:00:00,21.057906192606133
2012-01-22 22:00:00,20.208944023956587
2012-01-22 23:00:00,14.031076131690126
2012-01-23 00:00:00,13.331164931602581
2012-01-23 01:00:00,4.27010086077221
2012-01-23 02:00:00,2.5197993964370604
2012-01-23 03:00:00,1.7086860451342871
2012-01-23 04:00:00,2.1963953521985986
2012-01-23 05:00:00,9.045430579003137
2012-01-23 06:00:00,39.38067863818077
2012-01-23 07:00:00,89.769877794772
2012-01-23 08:00:00,172.64290189102104
2012-01-23 09:00:00,139.8768673520004
2012-01-23 10:00:00,58.99923872746255
2012-01-23 11:00:00,51.68040926175995
2012-01-23 12:00:00,59.07316839033764
2012-01-23 13:00:00,45.55129707763454
2012-01-23 14:00:00,35.97668702893517
2012-01-23 15:00:00,41.62043194041746
2012-01-23 16:00:00,73.80433694916302
2012-01-23 17:00:00,148.91405971679745
2012-01-23 18:00:00,144.3625186164141
2012-01-23 19:00:00,109.19107411877421
2012-01-23 20:00:00,68.30142679920347
2012-01-23 21:00:00,48.01019379298936
2012-01-23 22:00:00,35.97033601937948
2012-01-23 23:00:00,24.112342273371862
2012-01-24 00:00:00,13.135477180208154
2012-01-24 01:00:00,5.539158371077143
2012-01-24 02:00:00,3.061388550933092
2012-01-24 03:00:00,2.2188568700892
2012-01-24 04:00:00,2.3607667628695603
2012-01-24 05:00:00,10.195687089403439
2012-01-24 06:00:00,52.03290186406402
2012-01-24 07:00:00,149.57516348598514
2012-01-24 08:00:00,324.5074978864877
2012-01-24 09:00:00,159.79380617493072
2012-01-24 10:00:00,85.75230697957907
2012-01-24 11:00:00,91.6621047381622
2012-01-24 12:00:00,92.20536150729494
2012-01-24 13:00:00,99.85172925661735
2012-01-24 14:00:00,93.42393142333123
2012-01-24 15:00:00,101.58018552883159
2012-01-24 16:00:00,179.3275376919515
2012-01-24 17:00:00,412.71694847487163
2012-01-24 18:00:00,365.77522049621
2012-01-24 19:00:00,268.34561596606244
2012-01-24 20:00:00,130.33521090845463
2012-01-24 21:00:00,122.12118337600509
2012-01-24 22:00:00,81.22466551469884
2012-01-24 23:00:00,48.67454605844545
2012-01-25 00:00:00,17.887512708141568
2012-01-25 01:00:00,7.410000012558204
2012-01-25 02:00:00,3.5199624807869134
2012-01-25 03:00:00,2.8142512439017566
2012-01-25 04:00:00,1.7755934126751414
2012-01-25 05:00:00,10.673867205027687
2012-01-25 06:00:00,52.875747490444084
2012-01-25 07:00:00,162.6105324326342
2012-01-25 08:00:00,331.9954922438475
2012-01-25 09:00:00,160.6578041608295
2012-01-25 10:00:00,64.77320187305688
2012-01-25 11:00:00,77.85246542575204
2012-01-25 12:00:00,110.32513557626851
2012-01-25 13:00:00,119.28472917930591
2012-01-25 14:00:00,106.88192083971036
2012-01-25 15:00:00,124.76164751256469
2012-01-25 16:00:00,137.68285132655163
2012-01-25 17:00:00,298.8978132963496
2012-01-25 18:00:00,249.2687735120671
2012-01-25 19:00:00,226.39281259058896
2012-01-25 20:00:00,132.3021758376201
2012-01-25 21:00:00,95.08219750863502
2012-01-25 22:00:00,75.70058090375338
2012-01-25 23:00:00,40.3914199687947
2012-01-26 00:00:00,21.78564371673436
2012-01-26 01:00:00,7.479215528030326
2012-01-26 02:00:00,4.3308727106767195
2012-01-26 03:00:00,2.286412320158731
2012-01-26 04:00:00,2.8751339710093817
2012-01-26 05:00:00,12.32669539144457
2012-01-26 06:00:00,59.34550707526413
2012-01-26 07:00:00,166.04571701943962
2012-01-26 08:00:00,360.5211945992503
2012-01-26 09:00:00,195.96010852211285
2012-01-26 10:00:00,72.83264430081381
2012-01-26 11:00:00,84.20431616980449
2012-01-26 12:00:00,118.12234978691154
2012-01-26 13:00:00,128.75726450563837
2012-01-26 14:00:00,118.66278839405277
2012-01-26 15:00:00,135.85171094971687
2012-01-26 16:00:00,170.9591439962744
2012-01-26 17:00:00,402.1054176114686
2012-01-26 18:00:00,388.46351815224904
2012-01-26 19:00:00,247.49865884976037
2012-01-26 20:00:00,176.8065306007572
2012-01-26 21:00:00,136.7847504383647
2012-01-26 22:00:00,134.04515018373593
2012-01-26 23:00:00,71.79960806096364
2012-01-27 00:00:00,35.17785927916879
2012-01-27 01:00:00,14.162764347432658
2012-01-27 02:00:00,9.559942575125739
2012-01-27 03:00:00,3.706917573841356
2012-01-27 04:00:00,2.5330915407447185
2012-01-27 05:00:00,14.610067113130537
2012-01-27 06:00:00,56.737474285193
2012-01-27 07:00:00,142.38700220690342
2012-01-27 08:00:00,198.76665172888983
2012-01-27 09:00:00,121.9891069591878
2012-01-27 10:00:00,69.2597724627446
2012-01-27 11:00:00,135.21100369600873
2012-01-27 12:00:00,176.2496990825108
2012-01-27 13:00:00,202.28183071112574
2012-01-27 14:00:00,178.0148986060238
2012-01-27 15:00:00,182.90993976193283
2012-01-27 16:00:00,226.02936773461943
2012-01-27 17:00:00,353.26311295462085
2012-01-27 18:00:00,291.59073892388244
2012-01-27 19:00:00,177.21909783054656
2012-01-27 20:00:00,115.40927165112798
2012-01-27 21:00:00,91.98491783211344
2012-01-27 22:00:00,95.45055504527693
2012-01-27 23:00:00,59.99580789688247
2012-01-28 00:00:00,56.10904974883852
2012-01-28 01:00:00,39.59583192949278
2012-01-28 02:00:00,27.335868963350684
2012-01-28 03:00:00,13.309258658826183
2012-01-28 04:00:00,3.0103876160142775
2012-01-28 05:00:00,2.848367166673542
2012-01-28 06:00:00,8.184407620774305
2012-01-28 07:00:00,17.739147435838735
2012-01-28 08:00:00,55.45433023646261
2012-01-28 09:00:00,108.24170540985708
2012-01-28 10:00:00,137.1317744108553
2012-01-28 11:00:00,169.44781765818564
2012-01-28 12:00:00,161.4138982507857
2012-01-28 13:00:00,203.03440925562734
2012-01-28 14:00:00,190.98982240706175
2012-01-28 15:00:00,218.43545725963116
2012-01-28 16:00:00,234.70008421995558
2012-01-28 17:00:00,193.28388638594052
2012-01-28 18:00:00,195.54582388686225
2012-01-28 19:00:00,109.14882818581461
2012-01-28 20:00:00,92.81767883954403
2012-01-28 21:00:00,86.62150435826278
2012-01-28 22:00:00,76.67353963546034
2012-01-28 23:00:00,59.21157302508144
2012-01-29 00:00:00,59.34460081930591
2012-01-29 01:00:00,37.47755892428681
2012-01-29 02:00:00,30.227439861319823
2012-01-29 03:00:00,13.670765145663573
2012-01-29 04:00:00,3.8379146977087646
2012-01-29 05:00:00,2.884176039506337
2012-01-29 06:00:00,4.550277747594108
2012-01-29 07:00:00,16.457394009965153
2012-01-29 08:00:00,37.69151842792164
2012-01-29 09:00:00,67.56265370971512
2012-01-29 10:00:00,120.52228184954276
2012-01-29 11:00:00,143.59994155558158
2012-01-29 12:00:00,211.36493621807514
2012-01-29 13:00:00,208.28252487328785
2012-01-29 14:00:00,183.392226224608
2012-01-29 15:00:00,207.83428031542007
2012-01-29 16:00:00,186.79020981010095
2012-01-29 17:00:00,172.7099521575056
2012-01-29 18:00:00,141.58272414034658
2012-01-29 19:00:00,102.76039645419495
2012-01-29 20:00:00,72.99973277853861
2012-01-29 21:00:00,64.27848516023913
2012-01-29 22:00:00,49.40343806076364
2012-01-29 23:00:00,28.973592467374445
2012-01-30 00:00:00,24.659237729861736
2012-01-30 01:00:00,4.026611286477313
2012-01-30 02:00:00,3.065832400287796
2012-01-30 03:00:00,1.782138311721797
2012-01-30 04:00:00,1.907031461140544
2012-01-30 05:00:00,8.996852517575253
2012-01-30 06:00:00,40.56924323043846
2012-01-30 07:00:00,118.96221172522233
2012-01-30 08:00:00,241.00421371642432
2012-01-30 09:00:00,132.78974594769088
2012-01-30 10:00:00,57.92188821355806
2012-01-30 11:00:00,80.66863365118876
2012-01-30 12:00:00,93.17253312623177
2012-01-30 13:00:00,103.52628138564384
2012-01-30 14:00:00,100.45146094732914
2012-01-30 15:00:00,103.70356796660424
2012-01-30 16:00:00,150.44240760347205
2012-01-30 17:00:00,316.3221638706982
2012-01-30 18:00:00,295.8047496228713
2012-01-30 19:00:00,172.32155362331113
2012-01-30 20:00:00,123.96407021974713
2012-01-30 21:00:00,94.90856023793742
2012-01-30 22:00:00,53.869391971733236
2012-01-30 23:00:00,30.603548549456242
2012-01-31 00:00:00,21.386835436000577
2012-01-31 01:00:00,6.12928194997605
2012-01-31 02:00:00,3.131696587505671
2012-01-31 03:00:00,2.20322084452011
2012-01-31 04:00:00,2.461770767730313
2012-01-31 05:00:00,12.737509173076253
2012-01-31 06:00:00,63.700089542427364
2012-01-31 07:00:00,166.353447573462
2012-01-31 08:00:00,338.3832051189834
2012-01-31 09:00:00,175.2178014622339
2012-01-31 10:00:00,87.48921917078557
2012-01-31 11:00:00,110.78958428249685
2012-01-31 12:00:00,131.56047829148366
2012-01-31 13:00:00,165.64272531376923
2012-01-31 14:00:00,151.62750501225906
2012-01-31 15:00:00,159.6199823098692
2012-01-31 16:00:00,235.8338774757078
2012-01-31 17:00:00,501.12943500284916
2012-01-31 18:00:00,498.1119975618863
2012-01-31 19:00:00,301.91661871062126
2012-01-31 20:00:00,173.55150958992158
2012-01-31 21:00:00,153.95062086878727
2012-01-31 22:00:00,104.15900629272889
2012-01-31 23:00:00,56.35698067730168
2012-02-20 00:00:00,24.595196977497842
2012-02-20 01:00:00,14.699896949767158
2012-02-20 02:00:00,10.258106976306458
2012-02-20 03:00:00,3.5461643232321105
2012-02-20 05:00:00,2.853708065637637
2012-02-20 06:00:00,10.123240995246466
2012-02-20 07:00:00,20.16795347689567
2012-02-20 08:00:00,66.80970815415138
2012-02-20 09:00:00,86.06032274896678
2012-02-20 10:00:00,86.86253164163051
2012-02-20 11:00:00,126.80151887100014
2012-02-20 12:00:00,155.7012292551552
2012-02-20 13:00:00,166.09894669406813
2012-02-20 14:00:00,151.826083598983
2012-02-20 15:00:00,149.9817712225968
2012-02-20 16:00:00,151.36918070556032
2012-02-20 17:00:00,191.22208826111304
2012-02-20 18:00:00,178.43018434411422
2012-02-20 19:00:00,139.66395187857796
2012-02-20 20:00:00,110.04198912979292
2012-02-20 21:00:00,81.22037438114747
2012-02-20 22:00:00,57.16942636448387
2012-02-20 23:00:00,30.536500087595005
2012-02-21 00:00:00,15.908356461567633
2012-02-21 01:00:00,5.429461403552814
2012-02-21 02:00:00,2.3861791213338956
2012-02-21 04:00:00,2.0799886333654247
2012-02-21 05:00:00,9.919306998568699
2012-02-21 06:00:00,44.89259066795763
2012-02-21 07:00:00,140.7078286665803
2012-02-21 08:00:00,309.41201839753825
2012-02-21 09:00:00,152.2977138042314
2012-02-21 10:00:00,70.68576926259493
2012-02-21 11:00:00,56.60304535214747
2012-02-21 12:00:00,82.51228639789481
2012-02-21 13:00:00,107.49069035555765
2012-02-21 14:00:00,78.09728020165869
2012-02-21 15:00:00,101.18344094509995
2012-02-21 16:00:00,161.23788136062322
2012-02-21 17:00:00,340.7684098513658
2012-02-21 18:00:00,344.44305489574316
2012-02-21 19:00:00,217.74814480282376
2012-02-21 20:00:00,136.8810841971766
2012-02-21 21:00:00,125.42121212215253
2012-02-21 22:00:00,72.24293273587669
2012-02-21 23:00:00,44.85678352006346
2012-02-22 00:00:00,27.265474998611815
2012-02-22 01:00:00,8.431571868326447
2012-02-22 02:00:00,3.7280767951551286
2012-02-22 03:00:00,2.8627135727155584
2012-02-22 04:00:00,2.262972374400372
2012-02-22 05:00:00,15.186795963439486
2012-02-22 06:00:00,68.80340513777836
2012-02-22 07:00:00,197.3295606388735
2012-02-22 08:00:00,409.8552444491007
2012-02-22 09:00:00,203.88595742796264
2012-02-22 10:00:00,99.68599600467275
2012-02-22 11:00:00,102.30847083436575
2012-02-22 12:00:00,123.4916346027682
2012-02-22 13:00:00,131.9188111439158
2012-02-22 14:00:00,122.55402969831634
2012-02-22 15:00:00,149.492658079186
2012-02-22 16:00:00,206.41099963603995
2012-02-22 17:00:00,432.3642980118372
2012-02-22 18:00:00,407.23572283391877
2012-02-22 19:00:00,273.4723759534441
2012-02-22 20:00:00,197.16479955767184
2012-02-22 21:00:00,150.78036159123943
2012-02-22 22:00:00,107.4852858512616
2012-02-22 23:00:00,56.09136154638405
2012-02-23 00:00:00,32.304184348831654
2012-02-23 01:00:00,9.027307367349866
2012-02-23 02:00:00,5.774251216569465
2012-02-23 03:00:00,1.9687710386225974
2012-02-23 04:00:00,2.918519092106475
2012-02-23 05:00:00,20.258898419751322
2012-02-23 06:00:00,94.7776629837596
2012-02-23 07:00:00,258.09266940502187
2012-02-23 08:00:00,503.6556077709747
2012-02-23 09:00:00,225.40313964714036
2012-02-23 10:00:00,127.5993661635518
2012-02-23 11:00:00,144.21121584063278
2012-02-23 12:00:00,162.60011736074705
2012-02-23 13:00:00,180.65140029469504
2012-02-23 14:00:00,162.1173712768418
2012-02-23 15:00:00,166.2159152701729
2012-02-23 16:00:00,254.5044068104231
2012-02-23 17:00:00,494.94294866993334
2012-02-23 18:00:00,486.52586530326647
2012-02-23 19:00:00,315.7396767733566
2012-02-23 20:00:00,208.10375257479413
2012-02-23 21:00:00,159.72627797073304
2012-02-23 22:00:00,118.16973848295714
2012-02-23 23:00:00,86.34742395640977
2012-02-24 00:00:00,45.754323888339506
2012-02-24 01:00:00,20.12919007199477
2012-02-24 02:00:00,6.839841670194487
2012-02-24 03:00:00,5.410386783115391
2012-02-24 04:00:00,3.3985099587315295
2012-02-24 05:00:00,15.976106901596745
2012-02-24 06:00:00,65.135799993117
2012-02-24 07:00:00,151.19813655688367
2012-02-24 08:00:00,336.8009125355157
2012-02-24 09:00:00,102.74071028270743
2012-02-24 10:00:00,65.99231662086662
2012-02-24 11:00:00,107.65347566566679
2012-02-24 12:00:00,139.2613070240918
2012-02-24 13:00:00,153.75194578823158
2012-02-24 14:00:00,152.50821188114926
2012-02-24 15:00:00,77.2544931647601
2012-02-24 16:00:00,107.39374744653121
2012-02-24 17:00:00,184.70877359340892
2012-02-24 18:00:00,227.59415965200085
2012-02-24 19:00:00,226.10291679959562
2012-02-24 20:00:00,146.85091753596848
2012-02-24 21:00:00,121.6813062997521
2012-02-24 22:00:00,97.17437883683267
2012-02-24 23:00:00,59.53583813238525
2012-02-25 00:00:00,71.32762429005973
2012-02-25 01:00:00,39.066241047016106
2012-02-25 02:00:00,30.55377584200748
2012-02-25 03:00:00,10.844756237376119
2012-02-25 04:00:00,3.0604095985538833
2012-02-25 05:00:00,3.153775997925974
2012-02-25 06:00:00,7.516348712451906
2012-02-25 07:00:00,24.108990574968825
2012-02-25 08:00:00,61.356973596254086
2012-02-25 09:00:00,45.87916242017218
2012-02-25 10:00:00,116.09326128903842
2012-02-25 11:00:00,125.4233085422575
2012-02-25 12:00:00,149.08804000452594
2012-02-25 13:00:00,167.73516538527696
2012-02-25 14:00:00,149.6470890837573
2012-02-25 15:00:00,168.82998700811532
2012-02-25 16:00:00,140.69319780138787
2012-02-25 17:00:00,144.76731050499842
2012-02-25 18:00:00,105.61230223715835
2012-02-25 19:00:00,86.91075497315686
2012-02-25 20:00:00,61.53511247760896
2012-02-25 21:00:00,64.57251731588855
2012-02-25 22:00:00,46.381492073572375
2012-02-25 23:00:00,38.86324835529792
2012-02-26 00:00:00,48.730922613990835
2012-02-26 01:00:00,30.403811416086146
2012-02-26 02:00:00,25.266583026622104
2012-02-26 03:00:00,13.922541433776498
2012-02-26 04:00:00,3.223776788335254
2012-02-26 05:00:00,2.822206892324685
2012-02-26 06:00:00,4.656909786642396
2012-02-26 07:00:00,12.693489521962048
2012-02-26 08:00:00,33.724462436144904
2012-02-26 09:00:00,69.21234584733949
2012-02-26 10:00:00,124.3499370590851
2012-02-26 11:00:00,143.4525297754757
2012-02-26 12:00:00,186.61422603283336
2012-02-26 13:00:00,212.69023899189344
2012-02-26 14:00:00,200.16872361942322
2012-02-26 15:00:00,219.60987627311442
2012-02-26 16:00:00,201.80403217687137
2012-02-26 17:00:00,186.2003183264195
2012-02-26 18:00:00,141.70279469666897
2012-02-26 19:00:00,122.24836934503489
2012-02-26 20:00:00,91.79940113679132
2012-02-26 21:00:00,70.85168889803982
2012-02-26 22:00:00,48.786049841129675
2012-02-26 23:00:00,27.762989000995205
2012-02-27 00:00:00,19.502429773483225
2012-02-27 01:00:00,4.872963915694024
2012-02-27 02:00:00,3.4198300532753567
2012-02-27 03:00:00,2.305756777842149
2012-02-27 04:00:00,2.244177879730222
2012-02-27 05:00:00,10.034677653207403
2012-02-27 06:00:00,44.349007144330756
2012-02-27 07:00:00,141.222925745956
2012-02-27 08:00:00,326.04676188081714
2012-02-27 09:00:00,156.82521021676558
2012-02-27 10:00:00,84.92749836331048
2012-02-27 11:00:00,98.66048369921324
2012-02-27 12:00:00,126.07003326247803
2012-02-27 13:00:00,131.06408906378368
2012-02-27 14:00:00,134.9688367092328
2012-02-27 15:00:00,140.1964820620524
2012-02-27 16:00:00,200.71970524898532
2012-02-27 17:00:00,422.5813618687851
2012-02-27 18:00:00,412.72553681230175
2012-02-27 19:00:00,254.05549956429545
2012-02-27 20:00:00,175.76637681018383
2012-02-27 21:00:00,128.01589312065832
2012-02-27 22:00:00,87.31220789375696
2012-02-27 23:00:00,48.13747928755581
2012-02-28 00:00:00,31.577143773447993
2012-02-28 01:00:00,8.63770712121247
2012-02-28 02:00:00,3.931066671659416
2012-02-28 03:00:00,2.304436419907979
2012-02-28 04:00:00,2.309840964010236
2012-02-28 05:00:00,12.070892681865772
2012-02-28 06:00:00,62.75303134465115
2012-02-28 07:00:00,165.54816997121443
2012-02-28 08:00:00,309.3930700597507
2012-02-28 09:00:00,154.307324679677
2012-02-28 10:00:00,85.77499504269149
2012-02-28 11:00:00,98.23484249307776
2012-02-28 12:00:00,122.38789431258397
2012-02-28 13:00:00,122.98734020403755
2012-02-28 14:00:00,110.58733307013368
2012-02-28 15:00:00,131.5281668330899
2012-02-28 16:00:00,190.4150324756079
2012-02-28 17:00:00,397.31106866076976
2012-02-28 18:00:00,403.57278312435704
2012-02-28 19:00:00,258.8471812101952
2012-02-28 20:00:00,160.01617700149382
2012-02-28 21:00:00,119.2383415536741
2012-02-28 22:00:00,86.78065756650734
2012-02-28 23:00:00,44.81652189898725
2012-02-29 00:00:00,28.04985845056616
2012-02-29 01:00:00,8.260869094214408
2012-02-29 02:00:00,3.5998233299543627
2012-02-29 03:00:00,2.7218634738795218
2012-02-29 05:00:00,12.675143481361287
2012-02-29 06:00:00,58.372140700122536
2012-02-29 07:00:00,149.52783676993752
2012-02-29 08:00:00,359.67241725346184
2012-02-29 09:00:00,82.86191420808544
2012-02-29 10:00:00,40.8257387030761
2012-02-29 11:00:00,34.30162481250926
2012-02-29 12:00:00,34.25547519768721
2012-02-29 13:00:00,68.35363239367004
2012-02-29 14:00:00,63.3428492051983
2012-02-29 15:00:00,89.77699329735405
2012-02-29 16:00:00,74.8129223277968
2012-02-29 17:00:00,271.93873095270857
2012-02-29 18:00:00,194.48702180459603
2012-02-29 19:00:00,218.7209442603579
2012-02-29 20:00:00,82.40613742036166
2012-02-29 21:00:00,61.894839219134894
2012-02-29 22:00:00,39.62354333617722
2012-02-29 23:00:00,26.07938298967753
2012-03-20 00:00:00,30.996251386259285
2012-03-20 01:00:00,15.23103153024339
2012-03-20 02:00:00,6.0474697330763165
2012-03-20 03:00:00,3.7907832020984302
2012-03-20 04:00:00,4.459534246673427
2012-03-20 05:00:00,20.317230061609482
2012-03-20 06:00:00,88.96520661902873
2012-03-20 07:00:00,131.05561165481933
2012-03-20 08:00:00,483.968570709001
2012-03-20 09:00:00,255.45577053054936
2012-03-20 10:00:00,151.2889183252223
2012-03-20 11:00:00,177.60474335239877
2012-03-20 12:00:00,184.63056371494062
2012-03-20 13:00:00,213.52143767782655
2012-03-20 14:00:00,161.3667387927895
2012-03-20 15:00:00,174.77312374470375
2012-03-20 16:00:00,336.6223739147144
2012-03-20 17:00:00,639.8612683021532
2012-03-20 18:00:00,611.3503197019977
2012-03-20 19:00:00,434.33384863439136
2012-03-20 20:00:00,326.24428916177595
2012-03-20 21:00:00,246.71429372056204
2012-03-20 22:00:00,171.9586777953841
2012-03-20 23:00:00,98.3523391867373
2012-03-21 00:00:00,33.55807609201759
2012-03-21 01:00:00,13.880921477813535
2012-03-21 02:00:00,5.7839132074565764
2012-03-21 03:00:00,3.9633800021099233
2012-03-21 04:00:00,3.9380741462363362
2012-03-21 05:00:00,23.431359899744994
2012-03-21 06:00:00,91.17873028633295
2012-03-21 07:00:00,109.051295889486
2012-03-21 08:00:00,213.78514955522311
2012-03-21 09:00:00,231.746209257185
2012-03-21 10:00:00,112.40744830245868
2012-03-21 11:00:00,106.23329701989567
2012-03-21 12:00:00,157.2948313535117
2012-03-21 13:00:00,127.32825518358112
2012-03-21 14:00:00,131.61333172587555
2012-03-21 15:00:00,143.3212627090438
2012-03-21 16:00:00,251.63148866356738
2012-03-21 17:00:00,526.4349488986832
2012-03-21 18:00:00,552.6117445605761
2012-03-21 19:00:00,474.8859792711349
2012-03-21 20:00:00,261.71979697009857
2012-03-21 21:00:00,175.03574960715267
2012-03-21 22:00:00,134.81509157637947
2012-03-21 23:00:00,99.51170680821322
2012-03-22 00:00:00,48.15408724756496
2012-03-22 01:00:00,17.94925935228562
2012-03-22 02:00:00,10.076203986875669
2012-03-22 03:00:00,5.372506959407024
2012-03-22 04:00:00,4.146813183886986
2012-03-22 05:00:00,21.816335693698655
2012-03-22 06:00:00,107.11864863213148
2012-03-22 07:00:00,273.470802917004
2012-03-22 08:00:00,532.5370019747395
2012-03-22 09:00:00,205.24763419677447
2012-03-22 10:00:00,90.79342990853053
2012-03-22 11:00:00,106.41810719077077
2012-03-22 12:00:00,146.13480905458792
2012-03-22 13:00:00,210.52259804551647
2012-03-22 14:00:00,213.0295346116771
2012-03-22 15:00:00,237.87175917926172
2012-03-22 16:00:00,362.8555488424809
2012-03-22 17:00:00,705.4736913557454
2012-03-22 18:00:00,659.7871176876034
2012-03-22 19:00:00,534.0605736495579
2012-03-22 20:00:00,347.33759373176247
2012-03-22 21:00:00,251.65303876278043
2012-03-22 22:00:00,183.35552476601887
2012-03-22 23:00:00,125.76994728972485
2012-03-23 00:00:00,61.52604406090552
2012-03-23 01:00:00,26.98011261392108
2012-03-23 02:00:00,12.875295399902098
2012-03-23 03:00:00,6.3612098772149785
2012-03-23 04:00:00,4.663426896743774
2012-03-23 05:00:00,23.421751461441644
2012-03-23 06:00:00,108.36366075663322
2012-03-23 07:00:00,254.41322436269226
2012-03-23 08:00:00,460.94972359741297
2012-03-23 09:00:00,248.85634329862197
2012-03-23 10:00:00,127.57162871128996
2012-03-23 11:00:00,189.064952928379
2012-03-23 12:00:00,267.39851170277956
2012-03-23 13:00:00,304.0221132825194
2012-03-23 14:00:00,297.26805742596093
2012-03-23 15:00:00,308.2172639702773
2012-03-23 16:00:00,425.5955976920448
2012-03-23 17:00:00,729.4059141629696
2012-03-23 18:00:00,597.7664347065032
2012-03-23 19:00:00,441.7106516625565
2012-03-23 20:00:00,314.69438179461866
2012-03-23 21:00:00,244.262673821503
2012-03-23 22:00:00,201.34300098049843
2012-03-23 23:00:00,156.16305420216963
2012-03-24 00:00:00,148.43325202330388
2012-03-24 01:00:00,95.47581493552552
2012-03-24 02:00:00,67.13793724797458
2012-03-24 03:00:00,27.728171907321443
2012-03-24 04:00:00,8.881757501928274
2012-03-24 05:00:00,8.750240262426177
2012-03-24 06:00:00,21.76417526002864
2012-03-24 07:00:00,45.8698196292522
2012-03-24 08:00:00,104.27977828891011
2012-03-24 09:00:00,182.1493780211049
2012-03-24 10:00:00,192.4026133868555
2012-03-24 11:00:00,180.3081835648666
2012-03-24 12:00:00,144.86621055381002
2012-03-24 13:00:00,126.01004804460618
2012-03-24 14:00:00,115.56013352852628
2012-03-24 15:00:00,98.3510338234653
2012-03-24 16:00:00,113.14727968399146
2012-03-24 17:00:00,158.3173374160225
2012-03-24 18:00:00,103.13133003692512
2012-03-24 19:00:00,117.44692611397232
2012-03-24 20:00:00,59.02241133388135
2012-03-24 21:00:00,52.865374434089155
2012-03-24 22:00:00,46.21514069806152
2012-03-24 23:00:00,57.786444863655305
2012-03-25 00:00:00,52.67328368730639
2012-03-25 01:00:00,37.467136876329995
2012-03-25 02:00:00,32.98518980654755
2012-03-25 03:00:00,15.092938151044482
2012-03-25 04:00:00,4.5025058657159365
2012-03-25 05:00:00,5.343988388675036
2012-03-25 06:00:00,7.946905806448314
2012-03-25 07:00:00,22.09116254000829
2012-03-25 08:00:00,51.96743620789371
2012-03-25 09:00:00,83.80085983252084
2012-03-25 10:00:00,117.64270151744147
2012-03-25 11:00:00,113.59050396504902
2012-03-25 12:00:00,124.40927133637027
2012-03-25 13:00:00,192.18060294667814
2012-03-25 14:00:00,183.57832457923658
2012-03-25 15:00:00,166.82444779019156
2012-03-25 16:00:00,267.877097832091
2012-03-25 17:00:00,290.28957615078974
2012-03-25 18:00:00,247.49764359600485
2012-03-25 19:00:00,206.76258520988085
2012-03-25 20:00:00,146.12640458672368
2012-03-25 21:00:00,125.19974471524525
2012-03-25 22:00:00,93.20357888314304
2012-03-25 23:00:00,64.11688263497639
2012-03-26 00:00:00,27.301652853966402
2012-03-26 01:00:00,10.84753357443998
2012-03-26 02:00:00,6.7051299543091085
2012-03-26 03:00:00,4.026769990958128
2012-03-26 04:00:00,4.814661352205149
2012-03-26 05:00:00,22.041208131257573
2012-03-26 06:00:00,93.25018165258257
2012-03-26 07:00:00,286.4397713231774
2012-03-26 08:00:00,481.83043389840253
2012-03-26 09:00:00,227.76196805436578
2012-03-26 10:00:00,139.24961100097136
2012-03-26 11:00:00,168.15368296775222
2012-03-26 12:00:00,212.37559736659713
2012-03-26 13:00:00,197.07797568085695
2012-03-26 14:00:00,183.86043481158225
2012-03-26 15:00:00,205.11344189247018
2012-03-26 16:00:00,277.1089513467663
2012-03-26 17:00:00,503.31520818216967
2012-03-26 18:00:00,467.6933685504488
2012-03-26 19:00:00,313.06129303776817
2012-03-26 20:00:00,162.7844805478859
2012-03-26 21:00:00,116.38165759411356
2012-03-26 22:00:00,80.61992788501703
2012-03-26 23:00:00,40.84612441937344
2012-03-27 00:00:00,32.6517273146947
2012-03-27 01:00:00,7.726590342375585
2012-03-27 02:00:00,4.075467174696056
2012-03-27 03:00:00,2.617157714352691
2012-03-27 04:00:00,2.8385037874801213
2012-03-27 05:00:00,12.489739806980692
2012-03-27 06:00:00,78.48058484293183
2012-03-27 07:00:00,199.2873825712764
2012-03-27 08:00:00,373.08528629107633
2012-03-27 09:00:00,182.47881932802483
2012-03-27 10:00:00,93.06277175771
2012-03-27 11:00:00,95.45547267848647
2012-03-27 12:00:00,122.16096947324118
2012-03-27 13:00:00,130.06794620441426
2012-03-27 14:00:00,130.38828126332893
2012-03-27 15:00:00,175.45431438096114
2012-03-27 16:00:00,235.03192086517046
2012-03-27 17:00:00,511.184396294328
2012-03-27 18:00:00,495.58909993506506
2012-03-27 19:00:00,357.58659345889583
2012-03-27 20:00:00,249.9112898696437
2012-03-27 21:00:00,130.90992371722825
2012-03-27 22:00:00,100.85929159077125
2012-03-27 23:00:00,64.75755760115425
2012-03-28 00:00:00,43.035864602437385
2012-03-28 01:00:00,10.019966243393338
2012-03-28 02:00:00,4.548240605551776
2012-03-28 03:00:00,3.6463154077608544
2012-03-28 04:00:00,3.2014579895147643
2012-03-28 05:00:00,23.29039727452576
2012-03-28 06:00:00,120.13133079543034
2012-03-28 07:00:00,286.5870025474054
2012-03-28 08:00:00,568.2060287525262
2012-03-28 09:00:00,250.43512587506964
2012-03-28 10:00:00,146.10372330839567
2012-03-28 11:00:00,157.08286806164188
2012-03-28 12:00:00,248.50317116997903
2012-03-28 13:00:00,192.79346900062498
2012-03-28 14:00:00,222.49481893444946
2012-03-28 15:00:00,248.77165750383932
2012-03-28 16:00:00,231.19965381605547
2012-03-28 17:00:00,587.9094371658565
2012-03-28 18:00:00,597.6346876636626
2012-03-28 19:00:00,475.5946508380413
2012-03-28 20:00:00,343.771182078351
2012-03-28 21:00:00,221.27633011082483
2012-03-28 22:00:00,171.61622240780355
2012-03-28 23:00:00,95.63899865825606
2012-03-29 00:00:00,50.34539881948387
2012-03-29 01:00:00,17.624731973178854
2012-03-29 02:00:00,7.603927299232794
2012-03-29 03:00:00,3.5797378265095894
2012-03-29 04:00:00,4.465373535398225
2012-03-29 05:00:00,27.7292158180081
2012-03-29 06:00:00,133.7189595928542
2012-03-29 07:00:00,329.0528689248773
2012-03-29 08:00:00,560.115053250564
2012-03-29 09:00:00,259.8714997792562
2012-03-29 10:00:00,135.72768646348482
2012-03-29 11:00:00,170.15702636831625
2012-03-29 12:00:00,200.6619892794831
2012-03-29 13:00:00,175.7722859868228
2012-03-29 14:00:00,175.0850753141178
2012-03-29 15:00:00,196.36246961956462
2012-03-29 16:00:00,292.1389319117726
2012-03-29 17:00:00,563.3150957877124
2012-03-29 18:00:00,526.0040176662875
2012-03-29 19:00:00,359.2036205208943
2012-03-29 20:00:00,242.801842369803
2012-03-29 21:00:00,172.64768823377997
2012-03-29 22:00:00,131.60155726915474
2012-03-29 23:00:00,80.98948998033805
2012-03-30 00:00:00,62.65274154911937
2012-03-30 01:00:00,20.286298029666316
2012-03-30 02:00:00,10.283823137231664
2012-03-30 03:00:00,5.129704573560359
2012-03-30 04:00:00,3.79885294394774
2012-03-30 05:00:00,21.027750252301338
2012-03-30 06:00:00,95.62107037085275
2012-03-30 07:00:00,245.12657706558562
2012-03-30 08:00:00,455.0803642384996
2012-03-30 09:00:00,237.1959469553769
2012-03-30 10:00:00,120.0064484501947
2012-03-30 11:00:00,123.18746534699561
2012-03-30 12:00:00,150.58675321098917
2012-03-30 13:00:00,112.61166422827911
2012-03-30 14:00:00,95.37667184587579
2012-03-30 15:00:00,120.82158107674643
2012-03-30 16:00:00,114.95427177068555
2012-03-30 17:00:00,326.078020065959
2012-03-30 18:00:00,341.29951086635776
2012-03-30 19:00:00,218.12580780682714
2012-03-30 20:00:00,151.45523994997228
2012-03-30 21:00:00,116.92565018476121
2012-03-30 22:00:00,95.65483074164099
2012-03-30 23:00:00,85.58528940673885
2012-03-31 00:00:00,68.07172397864308
2012-03-31 01:00:00,49.55044289134068
2012-03-31 02:00:00,40.53134001315403
2012-03-31 03:00:00,19.762850985900265
2012-03-31 04:00:00,4.456811348615448
2012-03-31 05:00:00,6.983204456406183
2012-03-31 06:00:00,13.971181290608511
2012-03-31 07:00:00,31.1238792687934
2012-03-31 08:00:00,80.18260054429913
2012-03-31 09:00:00,129.9161702675169
2012-03-31 10:00:00,178.88009299021266
2012-03-31 11:00:00,261.6726453028743
2012-03-31 12:00:00,322.23663828110097
2012-03-31 13:00:00,391.7845041001173
2012-03-31 14:00:00,306.0788360247797
2012-03-31 15:00:00,332.6496399184546
2012-03-31 16:00:00,276.4933703675253
2012-03-31 17:00:00,232.5425861187588
2012-03-31 18:00:00,150.64001029644106
2012-03-31 19:00:00,138.72037100348086
2012-03-31 20:00:00,101.66159273209455
2012-03-31 21:00:00,86.77098430164725
2012-03-31 22:00:00,81.54117288377256
2012-03-31 23:00:00,55.00935318875377
2012-04-20 00:00:00,60.3432622609097
2012-04-20 01:00:00,21.46282083705424
2012-04-20 02:00:00,9.69670294821158
2012-04-20 03:00:00,5.864629471977803
2012-04-20 04:00:00,3.866834384488646
2012-04-20 05:00:00,24.185935815973437
2012-04-20 06:00:00,103.57291819184312
2012-04-20 07:00:00,243.83146259201771
2012-04-20 08:00:00,512.6592689595888
2012-04-20 09:00:00,266.92908642103185
2012-04-20 10:00:00,151.5185319436202
2012-04-20 11:00:00,181.65263638516197
2012-04-20 12:00:00,258.51566704566926
2012-04-20 13:00:00,290.1804262864005
2012-04-20 14:00:00,263.57190393547233
2012-04-20 15:00:00,287.0959161406221
2012-04-20 16:00:00,412.0014325409796
2012-04-20 17:00:00,653.5131387921064
2012-04-20 18:00:00,570.7701986112239
2012-04-20 19:00:00,417.3556804725667
2012-04-20 20:00:00,272.41362009519486
2012-04-20 21:00:00,207.99493553339187
2012-04-20 22:00:00,171.63809962481403
2012-04-20 23:00:00,138.18458330935417
2012-04-21 00:00:00,116.15501756815307
2012-04-21 01:00:00,77.48635626798693
2012-04-21 02:00:00,63.79358406862695
2012-04-21 03:00:00,26.315527824385555
2012-04-21 04:00:00,6.999609092978372
2012-04-21 05:00:00,9.135907864723972
2012-04-21 06:00:00,22.875285743942108
2012-04-21 07:00:00,55.01817530297513
2012-04-21 08:00:00,133.61462830279498
2012-04-21 09:00:00,215.29590267954418
2012-04-21 10:00:00,330.42099011952143
2012-04-21 11:00:00,394.9814156445513
2012-04-21 12:00:00,481.5944587762959
2012-04-21 13:00:00,521.5579590626592
2012-04-21 14:00:00,530.0067201133768
2012-04-21 15:00:00,581.4661582420727
2012-04-21 16:00:00,529.1362635276793
2012-04-21 17:00:00,477.2867867302381
2012-04-21 18:00:00,362.8482300802619
2012-04-21 19:00:00,144.57311042640606
2012-04-21 20:00:00,90.07003997007232
2012-04-21 21:00:00,72.79096798600594
2012-04-21 22:00:00,111.84607769357801
2012-04-21 23:00:00,72.46819481428821
2012-04-22 00:00:00,81.7401771530482
2012-04-22 01:00:00,54.03437563681593
2012-04-22 02:00:00,61.222224670634034
2012-04-22 03:00:00,25.055883308836524
2012-04-22 04:00:00,8.01529445711453
2012-04-22 05:00:00,7.182888506343199
2012-04-22 06:00:00,11.961546925021306
2012-04-22 07:00:00,20.341155519265964
2012-04-22 08:00:00,41.6137745395548
2012-04-22 09:00:00,75.99683446764455
2012-04-22 10:00:00,89.4656152442172
2012-04-22 11:00:00,91.15111158406296
2012-04-22 12:00:00,103.27888977750804
2012-04-22 13:00:00,94.16775435313718
2012-04-22 14:00:00,80.20587169541375
2012-04-22 15:00:00,83.35185400356895
2012-04-22 16:00:00,80.66918123596477
2012-04-22 17:00:00,59.00769670096627
2012-04-22 18:00:00,47.46288962282353
2012-04-22 19:00:00,44.36168676357302
2012-04-22 20:00:00,33.03683205429444
2012-04-22 21:00:00,36.15839575388124
2012-04-22 22:00:00,22.377204171888316
2012-04-22 23:00:00,22.507684444346662
2012-04-23 00:00:00,16.594170659292693
2012-04-23 01:00:00,5.1510811151090286
2012-04-23 02:00:00,3.651405965996931
2012-04-23 03:00:00,2.3055790023943694
2012-04-23 04:00:00,2.736604188174582
2012-04-23 05:00:00,10.937764807185115
2012-04-23 06:00:00,55.79642159916917
2012-04-23 07:00:00,116.46993528063
2012-04-23 08:00:00,313.7563515156597
2012-04-23 09:00:00,131.05185223854315
2012-04-23 10:00:00,69.34463115656722
2012-04-23 11:00:00,64.6497572640256
2012-04-23 12:00:00,70.0699125214354
2012-04-23 13:00:00,59.80288708628539
2012-04-23 14:00:00,60.84046775688396
2012-04-23 15:00:00,85.18253296377135
2012-04-23 16:00:00,61.41691361726652
2012-04-23 17:00:00,140.64179053007874
2012-04-23 18:00:00,199.02282379166778
2012-04-23 19:00:00,149.07263277514684
2012-04-23 20:00:00,101.19776989042953
2012-04-23 21:00:00,64.10560736860683
2012-04-23 22:00:00,56.33398547628907
2012-04-23 23:00:00,36.07935495410008
2012-04-24 00:00:00,20.60037911024353
2012-04-24 01:00:00,6.243473680033088
2012-04-24 02:00:00,3.2917300570697186
2012-04-24 03:00:00,2.390319192462776
2012-04-24 04:00:00,2.366143112365665
2012-04-24 05:00:00,16.168632097223107
2012-04-24 06:00:00,75.67897810012337
2012-04-24 07:00:00,228.15849062690106
2012-04-24 08:00:00,445.7236454390962
2012-04-24 09:00:00,230.5527421922599
2012-04-24 10:00:00,134.43713291132778
2012-04-24 11:00:00,174.70683313488624
2012-04-24 12:00:00,222.55476812088114
2012-04-24 13:00:00,219.72235875814488
2012-04-24 14:00:00,200.9212457357153
2012-04-24 15:00:00,217.25939922710978
2012-04-24 16:00:00,315.8050071816578
2012-04-24 17:00:00,673.6000700819678
2012-04-24 18:00:00,623.5726692522888
2012-04-24 19:00:00,470.4317047027531
2012-04-24 20:00:00,297.39682161037194
2012-04-24 21:00:00,223.57607152895744
2012-04-24 22:00:00,143.3446587312548
2012-04-24 23:00:00,79.75044484315613
2012-04-25 00:00:00,49.63717213480145
2012-04-25 01:00:00,13.212252094643386
2012-04-25 02:00:00,4.912744877333303
2012-04-25 03:00:00,3.201871678440179
2012-04-25 04:00:00,2.6240387605194515
2012-04-25 05:00:00,21.93003731560538
2012-04-25 06:00:00,103.73694653939765
2012-04-25 07:00:00,262.9666647934119
2012-04-25 08:00:00,472.3126103348344
2012-04-25 09:00:00,278.64785097627333
2012-04-25 10:00:00,171.24254928713637
2012-04-25 11:00:00,165.09219950379588
2012-04-25 12:00:00,234.99602481629506
2012-04-25 13:00:00,214.5719041757853
2012-04-25 14:00:00,206.5259559753336
2012-04-25 15:00:00,242.6331094062081
2012-04-25 16:00:00,349.3025357645501
2012-04-25 17:00:00,735.1560886761633
2012-04-25 18:00:00,758.8626039494868
2012-04-25 19:00:00,567.0697081225157
2012-04-25 20:00:00,375.52958763849983
2012-04-25 21:00:00,211.19473936471113
2012-04-25 22:00:00,166.73083010475966
2012-04-25 23:00:00,102.59049304396179
2012-04-26 00:00:00,43.713333962763734
2012-04-26 01:00:00,15.099255332453465
2012-04-26 02:00:00,8.057206735714768
2012-04-26 03:00:00,3.9330631082895464
2012-04-26 04:00:00,5.095667615323315
2012-04-26 05:00:00,25.285788415527545
2012-04-26 06:00:00,120.68927916065792
2012-04-26 07:00:00,129.1769673779904
2012-04-26 08:00:00,272.96577917927925
2012-04-26 09:00:00,118.9743675702504
2012-04-26 10:00:00,89.84248339594694
2012-04-26 11:00:00,93.51709476359237
2012-04-26 12:00:00,155.11847437812435
2012-04-26 13:00:00,146.3985956146876
2012-04-26 14:00:00,145.7793937819718
2012-04-26 15:00:00,129.91305789619028
2012-04-26 16:00:00,202.41613526310138
2012-04-26 17:00:00,537.4484304197973
2012-04-26 18:00:00,416.58533326136364
2012-04-26 19:00:00,329.1874500132728
2012-04-26 20:00:00,289.3399409793142
2012-04-26 21:00:00,210.59809013737163
2012-04-26 22:00:00,169.96303859746226
2012-04-26 23:00:00,103.35731793094077
2012-04-27 00:00:00,65.77461038087351
2012-04-27 01:00:00,24.62708084259864
2012-04-27 02:00:00,13.509932496460742
2012-04-27 03:00:00,6.3705032468981555
2012-04-27 04:00:00,4.85529140982689
2012-04-27 05:00:00,28.14179954231669
2012-04-27 06:00:00,119.55214141702265
2012-04-27 07:00:00,278.8339009868394
2012-04-27 08:00:00,544.9850364641527
2012-04-27 09:00:00,283.7075226984071
2012-04-27 10:00:00,182.64879198757407
2012-04-27 11:00:00,198.72466213041827
2012-04-27 12:00:00,267.80681778833264
2012-04-27 13:00:00,269.40258070900035
2012-04-27 14:00:00,243.18727041442418
2012-04-27 15:00:00,300.4225862778027
2012-04-27 16:00:00,373.47681271757324
2012-04-27 17:00:00,679.9423908156735
2012-04-27 18:00:00,560.7042559400043
2012-04-27 19:00:00,400.8722835996709
2012-04-27 20:00:00,252.20913342237253
2012-04-27 21:00:00,194.7320254865949
2012-04-27 22:00:00,154.56871298375887
2012-04-27 23:00:00,104.41526471211414
2012-04-28 00:00:00,104.33093654301989
2012-04-28 01:00:00,51.198946254641626
2012-04-28 02:00:00,49.41949789728025
2012-04-28 03:00:00,19.452726891585417
2012-04-28 04:00:00,6.640943671267986
2012-04-28 05:00:00,6.336731537582139
2012-04-28 06:00:00,19.496104981736977
2012-04-28 07:00:00,48.94099971782615
2012-04-28 08:00:00,124.20155606921612
2012-04-28 09:00:00,215.53225542349276
2012-04-28 10:00:00,240.90682943124364
2012-04-28 11:00:00,264.041233866067
2012-04-28 12:00:00,326.41221169140545
2012-04-28 13:00:00,340.76397747246193
2012-04-28 14:00:00,332.97008449864694
2012-04-28 15:00:00,341.6812978632529
2012-04-28 16:00:00,318.7906137622548
2012-04-28 17:00:00,293.10799796827564
2012-04-28 18:00:00,235.87588341173955
2012-04-28 19:00:00,115.88002896520469
2012-04-28 20:00:00,130.24050161977507
2012-04-28 21:00:00,70.259189157866345
2012-04-28 22:00:00,85.27159484892893
2012-04-28 23:00:00,74.17321126794067
2012-04-29 00:00:00,52.42324662772456
2012-04-29 01:00:00,50.57342633165915
2012-04-29 02:00:00,44.23416712406393
2012-04-29 03:00:00,19.24910877583779
2012-04-29 04:00:00,5.918676215655803
2012-04-29 05:00:00,7.050438635656746
2012-04-29 06:00:00,10.88474511359234
2012-04-29 07:00:00,25.128596144290352
2012-04-29 08:00:00,81.03642396442554
2012-04-29 09:00:00,146.3737171776107
2012-04-29 10:00:00,213.8467514148425
2012-04-29 11:00:00,298.00632018304367
2012-04-29 12:00:00,385.0200171337552
2012-04-29 13:00:00,389.04951932492867
2012-04-29 14:00:00,441.81389181008234
2012-04-29 15:00:00,446.5835727768743
2012-04-29 16:00:00,480.90022950758254
2012-04-29 17:00:00,472.01719875796636
2012-04-29 18:00:00,403.37778004960165
2012-04-29 19:00:00,310.50452635664055
2012-04-29 20:00:00,249.31376046096125
2012-04-29 21:00:00,157.9819660887129
2012-04-29 22:00:00,126.7233285452069
2012-04-29 23:00:00,81.13930116932677
2012-04-30 00:00:00,35.751177151756664
2012-04-30 01:00:00,10.76406096821644
2012-04-30 02:00:00,7.242535987483982
2012-04-30 03:00:00,3.647152962419881
2012-04-30 04:00:00,3.4234879505823996
2012-04-30 05:00:00,16.865872459060956
2012-04-30 06:00:00,98.1418458031487
2012-04-30 07:00:00,228.03330270197625
2012-04-30 08:00:00,477.4107880135509
2012-04-30 09:00:00,241.405419446255
2012-04-30 10:00:00,142.15779750183606
2012-04-30 11:00:00,147.68657641580023
2012-04-30 12:00:00,187.58603089153428
2012-04-30 13:00:00,170.40978611119678
2012-04-30 14:00:00,155.25792241951393
2012-04-30 15:00:00,172.97113815711754
2012-04-30 16:00:00,272.4703579469381
2012-04-30 17:00:00,532.0120494992021
2012-04-30 18:00:00,528.3088981813966
2012-04-30 19:00:00,353.1788530788177
2012-04-30 20:00:00,243.10042106384682
2012-04-30 21:00:00,168.6285349621219
2012-04-30 22:00:00,125.19348920477627
2012-04-30 23:00:00,67.328729304811
2012-05-20 00:00:00,149.0127836993866
2012-05-20 01:00:00,116.26829473057931
2012-05-20 02:00:00,83.70369863091416
2012-05-20 03:00:00,35.00882575968258
2012-05-20 04:00:00,10.745312787329274
2012-05-20 05:00:00,10.377945249864032
2012-05-20 06:00:00,17.175280421783018
2012-05-20 07:00:00,45.578747140965504
2012-05-20 08:00:00,113.27439420442172
2012-05-20 09:00:00,223.30207700103574
2012-05-20 10:00:00,365.7341374136111
2012-05-20 11:00:00,470.4415647636344
2012-05-20 12:00:00,585.1764280610973
2012-05-20 13:00:00,579.765447374599
2012-05-20 14:00:00,531.7127668768221
2012-05-20 15:00:00,508.72794007301314
2012-05-20 16:00:00,522.6923368811742
2012-05-20 17:00:00,462.552096817905
2012-05-20 18:00:00,375.14734357604874
2012-05-20 19:00:00,274.6075542806859
2012-05-20 20:00:00,218.61295646385003
2012-05-20 21:00:00,163.12833116315707
2012-05-20 22:00:00,127.70080535161485
2012-05-20 23:00:00,48.842675596402806
2012-05-21 00:00:00,29.647245673727177
2012-05-21 01:00:00,10.07216323669461
2012-05-21 02:00:00,6.548566717353036
2012-05-21 03:00:00,3.384630556617153
2012-05-21 04:00:00,4.509632134351185
2012-05-21 05:00:00,19.482015915793003
2012-05-21 06:00:00,74.73787136902402
2012-05-21 07:00:00,176.08392658351588
2012-05-21 08:00:00,268.03532590481524
2012-05-21 09:00:00,155.6032018662286
2012-05-21 10:00:00,83.07376904796486
2012-05-21 11:00:00,130.67926998819564
2012-05-21 12:00:00,158.1114402499188
2012-05-21 13:00:00,112.3168540655561
2012-05-21 14:00:00,110.29068969187051
2012-05-21 15:00:00,187.68171532101013
2012-05-21 16:00:00,282.76508166912373
2012-05-21 17:00:00,572.6995844502576
2012-05-21 18:00:00,573.9053941373727
2012-05-21 19:00:00,440.42206370412316
2012-05-21 20:00:00,302.00830280287664
2012-05-21 21:00:00,223.6240621467065
2012-05-21 22:00:00,134.21279099587557
2012-05-21 23:00:00,75.22705043327213
2012-05-22 00:00:00,32.02218486437799
2012-05-22 01:00:00,11.64694915441579
2012-05-22 02:00:00,5.389672521785661
2012-05-22 03:00:00,3.7727914656749197
2012-05-22 04:00:00,4.8329354792194446
2012-05-22 05:00:00,19.859998144813847
2012-05-22 06:00:00,85.16476934894156
2012-05-22 07:00:00,195.41966013854486
2012-05-22 08:00:00,494.07315980000755
2012-05-22 09:00:00,256.666550114849
2012-05-22 10:00:00,133.41058913703043
2012-05-22 11:00:00,131.70638694373596
2012-05-22 12:00:00,147.68019064977395
2012-05-22 13:00:00,184.95264147509462
2012-05-22 14:00:00,161.1939265786069
2012-05-22 15:00:00,209.7122225732282
2012-05-22 16:00:00,330.34926653685324
2012-05-22 17:00:00,689.440729274373
2012-05-22 18:00:00,639.4989396655194
2012-05-22 19:00:00,432.44055332705426
2012-05-22 20:00:00,301.25526268017
2012-05-22 21:00:00,221.0919978074991
2012-05-22 22:00:00,170.27072912905834
2012-05-22 23:00:00,97.91122920911842
2012-05-23 00:00:00,40.189433535184264
2012-05-23 01:00:00,14.488013758533883
2012-05-23 02:00:00,6.055121246257502
2012-05-23 03:00:00,5.244075845562709
2012-05-23 04:00:00,3.5332322189567256
2012-05-23 05:00:00,14.747680804567345
2012-05-23 06:00:00,137.7817639921413
2012-05-23 07:00:00,405.72540974984054
2012-05-23 08:00:00,647.0625046332374
2012-05-23 09:00:00,304.55293113519986
2012-05-23 10:00:00,144.82350276592283
2012-05-23 11:00:00,169.12375850623044
2012-05-23 12:00:00,211.68994944642932
2012-05-23 13:00:00,178.5978060689006
2012-05-23 14:00:00,187.5695064574383
2012-05-23 15:00:00,223.97690298535477
2012-05-23 16:00:00,203.15769053221052
2012-05-23 17:00:00,386.04699839559555
2012-05-23 18:00:00,420.49616254678017
2012-05-23 19:00:00,331.7269337949141
2012-05-23 20:00:00,253.80399890987633
2012-05-23 21:00:00,182.2762231128747
2012-05-23 22:00:00,143.81105366731774
2012-05-23 23:00:00,96.50924628079625
2012-05-24 00:00:00,55.98308296156818
2012-05-24 01:00:00,20.134502818104234
2012-05-24 02:00:00,10.89603243254573
2012-05-24 03:00:00,4.445413623512849
2012-05-24 04:00:00,5.010655760213396
2012-05-24 05:00:00,26.68192313121217
2012-05-24 06:00:00,132.81426962094966
2012-05-24 07:00:00,471.8453295864258
2012-05-24 08:00:00,662.0247637915375
2012-05-24 09:00:00,315.26511994271436
2012-05-24 10:00:00,171.706417139006
2012-05-24 11:00:00,211.0111351092102
2012-05-24 12:00:00,259.65503385092376
2012-05-24 13:00:00,255.14482304545055
2012-05-24 14:00:00,222.7884154562379
2012-05-24 15:00:00,239.10902555072602
2012-05-24 16:00:00,371.80017674546787
2012-05-24 17:00:00,718.2044206873327
2012-05-24 18:00:00,629.9692273444292
2012-05-24 19:00:00,487.82615346447227
2012-05-24 20:00:00,310.53373800579055
2012-05-24 21:00:00,132.6748213939934
2012-05-24 22:00:00,176.5948865144158
2012-05-24 23:00:00,110.51442232975889
2012-05-25 00:00:00,73.2217953366724
2012-05-25 01:00:00,31.122299291184525
2012-05-25 02:00:00,12.476863476718874
2012-05-25 03:00:00,5.515707574457479
2012-05-25 04:00:00,6.574756523744496
2012-05-25 05:00:00,28.8836298453108
2012-05-25 06:00:00,127.21913182664683
2012-05-25 07:00:00,337.3092993847458
2012-05-25 08:00:00,576.7193419827472
2012-05-25 09:00:00,279.47027274740856
2012-05-25 10:00:00,188.97050614905402
2012-05-25 11:00:00,223.34734119844808
2012-05-25 12:00:00,278.85590759637927
2012-05-25 13:00:00,295.3617400591474
2012-05-25 14:00:00,273.3921689365612
2012-05-25 15:00:00,292.728924336771
2012-05-25 16:00:00,438.42591581663333
2012-05-25 17:00:00,701.8801155668093
2012-05-25 18:00:00,606.9716521423771
2012-05-25 19:00:00,464.73777081937294
2012-05-25 20:00:00,328.4107616399189
2012-05-25 21:00:00,257.5951633163805
2012-05-25 22:00:00,224.27978389941575
2012-05-25 23:00:00,175.67571279046106
2012-05-26 00:00:00,134.872987724799
2012-05-26 01:00:00,101.34098134874615
2012-05-26 02:00:00,71.49355123677137
2012-05-26 03:00:00,29.53125810025365
2012-05-26 04:00:00,9.308172798757022
2012-05-26 05:00:00,9.935553636535621
2012-05-26 06:00:00,27.580221266241736
2012-05-26 07:00:00,50.700736794558594
2012-05-26 08:00:00,154.33797244673548
2012-05-26 09:00:00,220.02528369899056
2012-05-26 10:00:00,293.9953612727553
2012-05-26 11:00:00,414.84502447822206
2012-05-26 12:00:00,482.45606421812505
2012-05-26 13:00:00,524.4378347976532
2012-05-26 14:00:00,500.3610595116231
2012-05-26 15:00:00,502.5464625081831
2012-05-26 16:00:00,525.0485602433353
2012-05-26 17:00:00,446.31673732163085
2012-05-26 18:00:00,413.7668246620278
2012-05-26 19:00:00,326.3951906214803
2012-05-26 20:00:00,279.30187492300337
2012-05-26 21:00:00,216.13087234756944
2012-05-26 22:00:00,211.1836311201379
2012-05-26 23:00:00,175.7837993274965
2012-05-27 00:00:00,137.41459168034407
2012-05-27 01:00:00,106.65109664869318
2012-05-27 02:00:00,80.88082705303955
2012-05-27 03:00:00,36.083661860966345
2012-05-27 04:00:00,9.33835739186677
2012-05-27 05:00:00,10.103796705671353
2012-05-27 06:00:00,17.818220312634292
2012-05-27 07:00:00,47.58932976312543
2012-05-27 08:00:00,104.98418428091802
2012-05-27 09:00:00,180.67298129740104
2012-05-27 10:00:00,298.8325043566584
2012-05-27 11:00:00,415.6698664269766
2012-05-27 12:00:00,468.13517448356174
2012-05-27 13:00:00,502.1594258803764
2012-05-27 14:00:00,456.2418767530053
2012-05-27 15:00:00,464.55906693083364
2012-05-27 16:00:00,491.8515631819805
2012-05-27 17:00:00,456.47418179335546
2012-05-27 18:00:00,375.99787531913654
2012-05-27 19:00:00,329.998570756686
2012-05-27 20:00:00,276.8746551864473
2012-05-27 21:00:00,109.99704448585952
2012-05-27 22:00:00,110.09015737155744
2012-05-27 23:00:00,66.59012470958508
2012-05-28 00:00:00,95.45523394787877
2012-05-28 01:00:00,40.091857126432025
2012-05-28 02:00:00,30.111010465801275
2012-05-28 03:00:00,11.4400292088952
2012-05-28 04:00:00,9.484745450582425
2012-05-28 05:00:00,14.32498508328815
2012-05-28 06:00:00,42.658264973871944
2012-05-28 07:00:00,111.35938065220115
2012-05-28 08:00:00,200.40898044175702
2012-05-28 09:00:00,239.51862824748136
2012-05-28 10:00:00,278.9784154077598
2012-05-28 11:00:00,359.0309673019338
2012-05-28 12:00:00,405.96838978538665
2012-05-28 13:00:00,441.9847877016172
2012-05-28 14:00:00,417.5904515769928
2012-05-28 15:00:00,372.41883685366383
2012-05-28 16:00:00,415.7973505673148
2012-05-28 17:00:00,493.3744012527424
2012-05-28 18:00:00,481.72672270976256
2012-05-28 19:00:00,392.22937615393704
2012-05-28 20:00:00,324.2816053415997
2012-05-28 21:00:00,259.41783326970295
2012-05-28 22:00:00,197.89774255764678
2012-05-28 23:00:00,103.94566941605834
2012-05-29 00:00:00,39.38875874624256
2012-05-29 01:00:00,14.49191278672985
2012-05-29 02:00:00,6.559745434091482
2012-05-29 03:00:00,4.095593204787107
2012-05-29 04:00:00,5.36883187356445
2012-05-29 05:00:00,28.563981217023034
2012-05-29 06:00:00,146.63803559720216
2012-05-29 07:00:00,377.1073137280891
2012-05-29 08:00:00,586.0974811825428
2012-05-29 09:00:00,261.4972184591759
2012-05-29 10:00:00,152.69813851912116
2012-05-29 11:00:00,173.23518676850372
2012-05-29 12:00:00,208.31845456151186
2012-05-29 13:00:00,221.47706003250397
2012-05-29 14:00:00,200.59513874673
2012-05-29 15:00:00,209.89838774154234
2012-05-29 16:00:00,356.3586822914577
2012-05-29 17:00:00,672.257144961449
2012-05-29 18:00:00,649.4899502008641
2012-05-29 19:00:00,442.6629994798109
2012-05-29 20:00:00,197.11349822697142
2012-05-29 21:00:00,96.31150105477242
2012-05-29 22:00:00,127.74116897715629
2012-05-29 23:00:00,75.147892614768665
2012-05-30 00:00:00,26.57706764730589
2012-05-30 01:00:00,9.63822055312143
2012-05-30 02:00:00,4.974504463060532
2012-05-30 03:00:00,2.8720742442168268
2012-05-30 04:00:00,4.8557045560524665
2012-05-30 05:00:00,28.985432569645052
2012-05-30 06:00:00,143.35548303343438
2012-05-30 07:00:00,160.72136253996624
2012-05-30 08:00:00,613.8907349521712
2012-05-30 09:00:00,289.14730582907714
2012-05-30 10:00:00,143.78465189291862
2012-05-30 11:00:00,170.42312845700354
2012-05-30 12:00:00,245.12487034853964
2012-05-30 13:00:00,229.67379406514746
2012-05-30 14:00:00,224.11514667223105
2012-05-30 15:00:00,222.72966789800805
2012-05-30 16:00:00,342.05900217223
2012-05-30 17:00:00,651.2740252356433
2012-05-30 18:00:00,690.8784026004371
2012-05-30 19:00:00,504.70144208869726
2012-05-30 20:00:00,296.97644921081843
2012-05-30 21:00:00,263.95794118084046
2012-05-30 22:00:00,197.15603183297944
2012-05-30 23:00:00,114.08956590124467
2012-05-31 00:00:00,54.67664152915546
2012-05-31 01:00:00,20.065700901112212
2012-05-31 02:00:00,9.515693835255512
2012-05-31 03:00:00,5.193611230035055
2012-05-31 04:00:00,6.310543780861712
2012-05-31 05:00:00,32.685973156328444
2012-05-31 06:00:00,165.88834144178182
2012-05-31 07:00:00,440.9897299438603
2012-05-31 08:00:00,633.522452297669
2012-05-31 09:00:00,262.2145434351839
2012-05-31 10:00:00,137.671267517729
2012-05-31 11:00:00,185.30997586334425
2012-05-31 12:00:00,251.79489922187298
2012-05-31 13:00:00,237.16265752766014
2012-05-31 14:00:00,198.21550044931
2012-05-31 15:00:00,217.94062190136245
2012-05-31 16:00:00,346.8543009103009
2012-05-31 17:00:00,686.7644541849852
2012-05-31 18:00:00,630.4606629657947
2012-05-31 19:00:00,471.9580106982887
2012-05-31 20:00:00,362.5350340807875
2012-05-31 21:00:00,268.81463155856187
2012-05-31 22:00:00,206.5344298060726
2012-05-31 23:00:00,131.03746815288596
2012-06-20 00:00:00,43.554529998296594
2012-06-20 01:00:00,16.31127037587263
2012-06-20 02:00:00,6.304774651932375
2012-06-20 03:00:00,5.2396205643901075
2012-06-20 04:00:00,5.324663613445538
2012-06-20 05:00:00,29.601352830105085
2012-06-20 06:00:00,133.65557105785302
2012-06-20 07:00:00,356.5522248055995
2012-06-20 08:00:00,580.2145702866536
2012-06-20 09:00:00,294.65555743972345
2012-06-20 10:00:00,143.28161596296553
2012-06-20 11:00:00,166.8600466252378
2012-06-20 12:00:00,208.86848236330866
2012-06-20 13:00:00,208.78266448350897
2012-06-20 14:00:00,189.70619131005017
2012-06-20 15:00:00,196.9088174652364
2012-06-20 16:00:00,303.778735701968
2012-06-20 17:00:00,625.526617702085
2012-06-20 18:00:00,643.201401193676
2012-06-20 19:00:00,475.86227672285486
2012-06-20 20:00:00,378.3588499164018
2012-06-20 21:00:00,261.92059282744185
2012-06-20 22:00:00,207.246303782732
2012-06-20 23:00:00,118.37890005701888
2012-06-21 00:00:00,59.38137441867596
2012-06-21 01:00:00,21.939193092033687
2012-06-21 02:00:00,10.300094990191928
2012-06-21 03:00:00,5.74853579795405
2012-06-21 04:00:00,6.412886584047942
2012-06-21 05:00:00,35.044187539074194
2012-06-21 06:00:00,141.2531704657747
2012-06-21 07:00:00,367.01752167998194
2012-06-21 08:00:00,592.0716326049087
2012-06-21 09:00:00,258.2526065329811
2012-06-21 10:00:00,147.75735245566065
2012-06-21 11:00:00,179.1558587442942
2012-06-21 12:00:00,207.64009543189707
2012-06-21 13:00:00,191.64287210147884
2012-06-21 14:00:00,190.53408492724907
2012-06-21 15:00:00,191.63138542362302
2012-06-21 16:00:00,305.3477733536388
2012-06-21 17:00:00,618.6719729864178
2012-06-21 18:00:00,654.8962000965533
2012-06-21 19:00:00,451.72488542561365
2012-06-21 20:00:00,363.29627955046027
2012-06-21 21:00:00,302.90862212729996
2012-06-21 22:00:00,230.4793746071242
2012-06-21 23:00:00,145.9564146301275
2012-06-22 00:00:00,71.94669761988256
2012-06-22 01:00:00,30.436362178461067
2012-06-22 02:00:00,14.192912859216145
2012-06-22 03:00:00,6.164042994272894
2012-06-22 04:00:00,7.276407497860183
2012-06-22 05:00:00,30.210374622042817
2012-06-22 06:00:00,121.52359401464102
2012-06-22 07:00:00,354.39641077570815
2012-06-22 08:00:00,539.016325471987
2012-06-22 09:00:00,286.4043017927425
2012-06-22 10:00:00,187.78880230880898
2012-06-22 11:00:00,226.19059513059761
2012-06-22 12:00:00,256.59569171771324
2012-06-22 13:00:00,275.0700840539637
2012-06-22 14:00:00,252.79058085486878
2012-06-22 15:00:00,286.5447362699446
2012-06-22 16:00:00,386.0086873234839
2012-06-22 17:00:00,740.8844341413746
2012-06-22 18:00:00,577.9882839747271
2012-06-22 19:00:00,401.56253292267155
2012-06-22 20:00:00,300.41550411744566
2012-06-22 21:00:00,147.34136980701123
2012-06-22 22:00:00,205.25718347389133
2012-06-22 23:00:00,142.808255288439
2012-06-23 00:00:00,137.5566059852766
2012-06-23 01:00:00,93.50975150957257
2012-06-23 02:00:00,61.90090246249106
2012-06-23 03:00:00,30.709828560705798
2012-06-23 04:00:00,8.991830682649216
2012-06-23 05:00:00,8.88099056681206
2012-06-23 06:00:00,25.701364354583188
2012-06-23 07:00:00,57.99423722965086
2012-06-23 08:00:00,139.88938299374422
2012-06-23 09:00:00,227.3527421279063
2012-06-23 10:00:00,355.0471865766027
2012-06-23 11:00:00,436.0884673655992
2012-06-23 12:00:00,493.794756931196
2012-06-23 13:00:00,512.5120422962012
2012-06-23 14:00:00,560.5456065641624
2012-06-23 15:00:00,533.5594006137458
2012-06-23 16:00:00,524.8680304388796
2012-06-23 17:00:00,498.7486136534221
2012-06-23 18:00:00,446.8145395014296
2012-06-23 19:00:00,405.32914509945533
2012-06-23 20:00:00,344.56726783314923
2012-06-23 21:00:00,301.1776372783544
2012-06-23 22:00:00,274.7271278781316
2012-06-23 23:00:00,229.22275885379673
2012-06-24 00:00:00,187.65721037975948
2012-06-24 01:00:00,132.9552803080773
2012-06-24 02:00:00,108.15869164375741
2012-06-24 03:00:00,42.78306413433256
2012-06-24 04:00:00,15.054893037501357
2012-06-24 05:00:00,11.603188329244047
2012-06-24 06:00:00,17.24681739274801
2012-06-24 07:00:00,44.54833578115084
2012-06-24 08:00:00,106.96580530503314
2012-06-24 09:00:00,207.282296313189
2012-06-24 10:00:00,386.2752873743783
2012-06-24 11:00:00,481.8529900271304
2012-06-24 12:00:00,542.7492549062872
2012-06-24 13:00:00,517.1748248551345
2012-06-24 14:00:00,489.34817468715283
2012-06-24 15:00:00,485.73485725433653
2012-06-24 16:00:00,500.84129358150403
2012-06-24 17:00:00,461.4818650958821
2012-06-24 18:00:00,424.796326422254
2012-06-24 19:00:00,351.2228415532121
2012-06-24 20:00:00,283.9713335821226
2012-06-24 21:00:00,216.98689048514757
2012-06-24 22:00:00,176.22189730444973
2012-06-24 23:00:00,108.48789434991463
2012-06-25 00:00:00,46.359220964291865
2012-06-25 01:00:00,16.19677074075163
2012-06-25 02:00:00,9.255398451071166
2012-06-25 03:00:00,5.3963668887342635
2012-06-25 04:00:00,5.643740400180681
2012-06-25 05:00:00,28.182269887805823
2012-06-25 06:00:00,122.94206301965644
2012-06-25 07:00:00,342.7587784174367
2012-06-25 08:00:00,522.8099390753208
2012-06-25 09:00:00,262.02272075300766
2012-06-25 10:00:00,149.41322695616304
2012-06-25 11:00:00,181.68511765690786
2012-06-25 12:00:00,262.03967889267966
2012-06-25 13:00:00,213.5696279591216
2012-06-25 14:00:00,204.0399388248499
2012-06-25 15:00:00,226.186489543476
2012-06-25 16:00:00,363.8773931609085
2012-06-25 17:00:00,685.9080440107612
2012-06-25 18:00:00,686.1079673054777
2012-06-25 19:00:00,462.02585008666546
2012-06-25 20:00:00,353.8112849675613
2012-06-25 21:00:00,267.80822668195447
2012-06-25 22:00:00,183.75791485277387
2012-06-25 23:00:00,102.26620940274373
2012-06-26 00:00:00,69.42223716486257
2012-06-26 01:00:00,18.3059295563533
2012-06-26 02:00:00,9.25005922804575
2012-06-26 03:00:00,5.332906910684878
2012-06-26 04:00:00,7.035735065533332
2012-06-26 05:00:00,35.61181378201963
2012-06-26 06:00:00,155.30840405776422
2012-06-26 07:00:00,422.94713288331553
2012-06-26 08:00:00,686.5929634654794
2012-06-26 09:00:00,339.1894579052992
2012-06-26 10:00:00,217.6101663697159
2012-06-26 11:00:00,232.84472253427924
2012-06-26 12:00:00,278.719669375199
2012-06-26 13:00:00,269.38726400606157
2012-06-26 14:00:00,252.05462257543272
2012-06-26 15:00:00,282.1671370037228
2012-06-26 16:00:00,456.8218344250651
2012-06-26 17:00:00,868.4967779694052
2012-06-26 18:00:00,823.8810375267432
2012-06-26 19:00:00,589.3141863867507
2012-06-26 20:00:00,430.29131451109794
2012-06-26 21:00:00,319.5216020688283
2012-06-26 22:00:00,228.54888473052503
2012-06-26 23:00:00,122.46415138938328
2012-06-27 00:00:00,74.42408222088888
2012-06-27 01:00:00,19.966643990008308
2012-06-27 02:00:00,9.412292388715807
2012-06-27 03:00:00,6.565981579403904
2012-06-27 04:00:00,6.801666577909325
2012-06-27 05:00:00,40.04804464971082
2012-06-27 06:00:00,177.86459906375813
2012-06-27 07:00:00,486.4805795274416
2012-06-27 08:00:00,739.5793002738238
2012-06-27 09:00:00,341.200388432805
2012-06-27 10:00:00,187.6482697723721
2012-06-27 11:00:00,211.18749769713892
2012-06-27 12:00:00,272.8001355019817
2012-06-27 13:00:00,234.77700904105657
2012-06-27 14:00:00,235.10013889899895
2012-06-27 15:00:00,266.07657786476193
2012-06-27 16:00:00,388.8453347049352
2012-06-27 17:00:00,761.0846781303494
2012-06-27 18:00:00,760.527478495796
2012-06-27 19:00:00,578.587751620475
2012-06-27 20:00:00,443.0155138199316
2012-06-27 21:00:00,319.0245283881234
2012-06-27 22:00:00,240.7251331722691
2012-06-27 23:00:00,135.32780478369537
2012-06-28 00:00:00,59.875231281787656
2012-06-28 01:00:00,21.076801963205106
2012-06-28 02:00:00,10.61029681066801
2012-06-28 03:00:00,5.648293336920952
2012-06-28 04:00:00,6.098047271711884
2012-06-28 05:00:00,34.67191590242599
2012-06-28 06:00:00,153.7288193681634
2012-06-28 07:00:00,425.16079655728504
2012-06-28 08:00:00,594.4572065672255
2012-06-28 09:00:00,289.2215183534027
2012-06-28 10:00:00,164.51385733998356
2012-06-28 11:00:00,183.6988861248494
2012-06-28 12:00:00,215.49573988185998
2012-06-28 13:00:00,213.98749453419742
2012-06-28 14:00:00,185.1587156219195
2012-06-28 15:00:00,197.80147224985384
2012-06-28 16:00:00,303.5840936866174
2012-06-28 17:00:00,593.6897700003171
2012-06-28 18:00:00,596.5244879217743
2012-06-28 19:00:00,432.74826437384183
2012-06-28 20:00:00,357.8872675655302
2012-06-28 21:00:00,296.0453201184479
2012-06-28 22:00:00,229.82001462162944
2012-06-28 23:00:00,143.63764098309343
2012-06-29 00:00:00,100.3664684664926
2012-06-29 01:00:00,33.659125839473305
2012-06-29 02:00:00,15.827663191384692
2012-06-29 03:00:00,7.123404609162812
2012-06-29 04:00:00,6.557256128717464
2012-06-29 05:00:00,32.284623653242754
2012-06-29 06:00:00,130.92385852329016
2012-06-29 07:00:00,346.4335550531742
2012-06-29 08:00:00,573.5954352460772
2012-06-29 09:00:00,284.45142643484013
2012-06-29 10:00:00,168.84373151963143
2012-06-29 11:00:00,224.4029048226765
2012-06-29 12:00:00,278.9906566306629
2012-06-29 13:00:00,247.8984777911189
2012-06-29 14:00:00,221.63257476068847
2012-06-29 15:00:00,210.88894584646894
2012-06-29 16:00:00,303.40806472623063
2012-06-29 17:00:00,544.5998588497421
2012-06-29 18:00:00,481.9566003539795
2012-06-29 19:00:00,398.2437358864799
2012-06-29 20:00:00,297.07008648897994
2012-06-29 21:00:00,242.1414927557557
2012-06-29 22:00:00,134.810802445329
2012-06-29 23:00:00,106.53207188297293
2012-06-30 00:00:00,84.88191253591398
2012-06-30 01:00:00,68.50065685979334
2012-06-30 02:00:00,64.5799247825589
2012-06-30 03:00:00,31.11502144829319
2012-06-30 04:00:00,9.614241894106652
2012-06-30 05:00:00,9.077634683674587
2012-06-30 06:00:00,23.166947855726104
2012-06-30 07:00:00,57.021805507141174
2012-06-30 08:00:00,122.94663310066245
2012-06-30 09:00:00,191.8032852769363
2012-06-30 10:00:00,325.6711299040369
2012-06-30 11:00:00,423.7976558103032
2012-06-30 12:00:00,490.25259513360413
2012-06-30 13:00:00,495.13319103536486
2012-06-30 14:00:00,509.33883700614984
2012-06-30 15:00:00,514.402255796159
2012-06-30 16:00:00,488.33900761054394
2012-06-30 17:00:00,469.4192220246886
2012-06-30 18:00:00,437.7550827503351
2012-06-30 19:00:00,373.45613529640997
2012-06-30 20:00:00,319.16526974365865
2012-06-30 21:00:00,275.99571358240144
2012-06-30 22:00:00,231.8978622944045
2012-06-30 23:00:00,203.2576628853982
2012-07-20 00:00:00,43.08025798108514
2012-07-20 01:00:00,26.468834100226815
2012-07-20 02:00:00,11.659503036537178
2012-07-20 03:00:00,5.829171121160259
2012-07-20 04:00:00,5.971594305111002
2012-07-20 05:00:00,27.54148210341878
2012-07-20 06:00:00,108.86844442880282
2012-07-20 07:00:00,296.5626865581387
2012-07-20 08:00:00,506.1241806922881
2012-07-20 09:00:00,282.93843537659586
2012-07-20 10:00:00,154.91333212219897
2012-07-20 11:00:00,120.54838079471965
2012-07-20 12:00:00,119.98930949401012
2012-07-20 13:00:00,101.47660844336293
2012-07-20 14:00:00,93.5133248821446
2012-07-20 15:00:00,161.58387889909454
2012-07-20 16:00:00,239.92010730732645
2012-07-20 17:00:00,325.18203571542597
2012-07-20 18:00:00,375.13286161417733
2012-07-20 19:00:00,273.9224826691971
2012-07-20 20:00:00,100.16162323314207
2012-07-20 21:00:00,103.38553431680523
2012-07-20 22:00:00,157.582502294259
2012-07-20 23:00:00,123.12870852372002
2012-07-21 00:00:00,83.69173704954545
2012-07-21 01:00:00,78.33308226488549
2012-07-21 02:00:00,54.800422347449704
2012-07-21 03:00:00,21.522606230512945
2012-07-21 04:00:00,6.447877939365057
2012-07-21 05:00:00,5.338159133634846
2012-07-21 06:00:00,14.178341940318726
2012-07-21 07:00:00,43.34724960137195
2012-07-21 08:00:00,120.5187783953063
2012-07-21 09:00:00,187.19601132660756
2012-07-21 10:00:00,136.02645757341156
2012-07-21 11:00:00,245.40545037719036
2012-07-21 12:00:00,192.62853084814046
2012-07-21 13:00:00,174.6047008173078
2012-07-21 14:00:00,220.68558766020647
2012-07-21 15:00:00,187.55498283041948
2012-07-21 16:00:00,163.36157704364717
2012-07-21 17:00:00,193.8672511930934
2012-07-21 18:00:00,206.0649045301222
2012-07-21 19:00:00,210.64047546101776
2012-07-21 20:00:00,121.56161556826372
2012-07-21 21:00:00,142.7334526061204
2012-07-21 22:00:00,134.52243223553364
2012-07-21 23:00:00,135.568616813909
2012-07-22 00:00:00,100.01627571682896
2012-07-22 01:00:00,87.95007064909299
2012-07-22 02:00:00,76.68979076114206
2012-07-22 03:00:00,36.92203540017495
2012-07-22 04:00:00,10.45830704625683
2012-07-22 05:00:00,11.717962848535898
2012-07-22 06:00:00,14.551988195564213
2012-07-22 07:00:00,38.45056471977424
2012-07-22 08:00:00,98.00924417539002
2012-07-22 09:00:00,212.64975311955118
2012-07-22 10:00:00,318.5803055352867
2012-07-22 11:00:00,352.2131771259156
2012-07-22 12:00:00,417.8710805807529
2012-07-22 13:00:00,436.36874742381906
2012-07-22 14:00:00,397.3165164140644
2012-07-22 15:00:00,402.126699656671
2012-07-22 16:00:00,411.4982934333068
2012-07-22 17:00:00,392.3869054599956
2012-07-22 18:00:00,340.9174989707727
2012-07-22 19:00:00,292.9086121865347
2012-07-22 20:00:00,230.9981404831162
2012-07-22 21:00:00,188.12758462109068
2012-07-22 22:00:00,145.30594193515077
2012-07-22 23:00:00,90.21041579192833
2012-07-23 00:00:00,35.27178178006824
2012-07-23 01:00:00,13.580051999773367
2012-07-23 02:00:00,7.295988978179783
2012-07-23 03:00:00,4.1845011465245685
2012-07-23 04:00:00,6.06379442574697
2012-07-23 05:00:00,23.504929920007037
2012-07-23 06:00:00,113.6691735830282
2012-07-23 07:00:00,341.22994689477486
2012-07-23 08:00:00,532.5893265369068
2012-07-23 09:00:00,269.8873124312471
2012-07-23 10:00:00,157.69382619365706
2012-07-23 11:00:00,190.0937632398573
2012-07-23 12:00:00,255.0626875652412
2012-07-23 13:00:00,234.1773474343645
2012-07-23 14:00:00,204.58869492677988
2012-07-23 15:00:00,221.11185595379993
2012-07-23 16:00:00,341.2704798142324
2012-07-23 17:00:00,648.8036366762807
2012-07-23 18:00:00,663.076291589943
2012-07-23 19:00:00,462.9167091825945
2012-07-23 20:00:00,360.3545037342734
2012-07-23 21:00:00,250.20506120250917
2012-07-23 22:00:00,170.35328925544948
2012-07-23 23:00:00,96.24034274462907
2012-07-24 00:00:00,41.29383417857151
2012-07-24 01:00:00,15.619443655892253
2012-07-24 02:00:00,6.949869430097428
2012-07-24 03:00:00,4.836746933764796
2012-07-24 04:00:00,6.291480639120731
2012-07-24 05:00:00,29.97604248574483
2012-07-24 06:00:00,135.9978853406273
2012-07-24 07:00:00,389.2819806798693
2012-07-24 08:00:00,536.4215335602631
2012-07-24 09:00:00,234.32644815588125
2012-07-24 10:00:00,160.28983191299886
2012-07-24 11:00:00,178.77348279928947
2012-07-24 12:00:00,218.91706110305572
2012-07-24 13:00:00,214.75793535448997
2012-07-24 14:00:00,196.39086431093438
2012-07-24 15:00:00,213.6436701783466
2012-07-24 16:00:00,365.85985698731685
2012-07-24 17:00:00,704.2905949061536
2012-07-24 18:00:00,656.2679706151534
2012-07-24 19:00:00,497.15626112860815
2012-07-24 20:00:00,365.10574731686665
2012-07-24 21:00:00,275.34303466779664
2012-07-24 22:00:00,187.24384363899765
2012-07-24 23:00:00,111.6455629434207
2012-07-25 00:00:00,53.309092783915155
2012-07-25 01:00:00,18.826746762371805
2012-07-25 02:00:00,8.161532745483344
2012-07-25 03:00:00,6.104199902122388
2012-07-25 04:00:00,5.4889551780178945
2012-07-25 05:00:00,33.98563225304915
2012-07-25 06:00:00,149.4536321931372
2012-07-25 07:00:00,426.25533867725915
2012-07-25 08:00:00,634.2423758408368
2012-07-25 09:00:00,316.8221506991664
2012-07-25 10:00:00,181.99355811517034
2012-07-25 11:00:00,200.90917205345568
2012-07-25 12:00:00,266.6693763146934
2012-07-25 13:00:00,239.2291091174914
2012-07-25 14:00:00,218.7670195862649
2012-07-25 15:00:00,254.3597552946919
2012-07-25 16:00:00,379.4672348317035
2012-07-25 17:00:00,749.7377104886532
2012-07-25 18:00:00,786.6359895599952
2012-07-25 19:00:00,595.1425259039064
2012-07-25 20:00:00,439.52139541452726
2012-07-25 21:00:00,306.8226246907167
2012-07-25 22:00:00,219.32135281907014
2012-07-25 23:00:00,122.47964177957513
2012-07-26 00:00:00,55.13733561903519
2012-07-26 01:00:00,20.314338084663003
2012-07-26 02:00:00,9.984664587357603
2012-07-26 03:00:00,6.0053502894513375
2012-07-26 04:00:00,5.764410854473008
2012-07-26 05:00:00,32.932407646587755
2012-07-26 06:00:00,148.01935676523405
2012-07-26 07:00:00,419.9780859993932
2012-07-26 08:00:00,539.1668363039108
2012-07-26 09:00:00,268.12419948752546
2012-07-26 10:00:00,165.61828373316868
2012-07-26 11:00:00,207.81515226992437
2012-07-26 12:00:00,227.29540047018776
2012-07-26 13:00:00,224.76196732731407
2012-07-26 14:00:00,191.21850093668257
2012-07-26 15:00:00,202.1821752700029
2012-07-26 16:00:00,322.85761691863667
2012-07-26 17:00:00,646.6204212684838
2012-07-26 18:00:00,622.1127695223937
2012-07-26 19:00:00,441.2355627355073
2012-07-26 20:00:00,384.87804346249993
2012-07-26 21:00:00,276.0266207085508
2012-07-26 22:00:00,202.73813749645134
2012-07-26 23:00:00,149.76238356224246
2012-07-27 00:00:00,70.24778271282977
2012-07-27 01:00:00,32.51995447186874
2012-07-27 02:00:00,15.182649006505038
2012-07-27 03:00:00,6.987253312799369
2012-07-27 04:00:00,6.613467755874844
2012-07-27 05:00:00,29.229946921014125
2012-07-27 06:00:00,122.66691842338737
2012-07-27 07:00:00,360.7876933306717
2012-07-27 08:00:00,540.0674089933221
2012-07-27 09:00:00,277.8605845911213
2012-07-27 10:00:00,171.23561214359523
2012-07-27 11:00:00,235.43483469700467
2012-07-27 12:00:00,279.12811747934603
2012-07-27 13:00:00,277.53154491125
2012-07-27 14:00:00,254.56203428887673
2012-07-27 15:00:00,287.16737303636165
2012-07-27 16:00:00,389.62429802715195
2012-07-27 17:00:00,655.9345918274578
2012-07-27 18:00:00,567.3365085650428
2012-07-27 19:00:00,422.44397488887284
2012-07-27 20:00:00,315.0391870391497
2012-07-27 21:00:00,261.29969244880886
2012-07-27 22:00:00,229.70454292193628
2012-07-27 23:00:00,167.52647837838452
2012-07-28 00:00:00,169.565631164577
2012-07-28 01:00:00,103.69218453457857
2012-07-28 02:00:00,78.06196414251889
2012-07-28 03:00:00,34.24368804390626
2012-07-28 04:00:00,9.126522828950472
2012-07-28 05:00:00,11.307630210884923
2012-07-28 06:00:00,28.265747180423514
2012-07-28 07:00:00,62.06552927730455
2012-07-28 08:00:00,131.68050253875958
2012-07-28 09:00:00,223.21857454568104
2012-07-28 10:00:00,343.8120984338996
2012-07-28 11:00:00,431.31844205270994
2012-07-28 12:00:00,488.3584561328069
2012-07-28 13:00:00,503.3533936922203
2012-07-28 14:00:00,506.3635829143801
2012-07-28 15:00:00,513.3223844779341
2012-07-28 16:00:00,503.75789589777395
2012-07-28 17:00:00,465.4023647060074
2012-07-28 18:00:00,422.3859557157336
2012-07-28 19:00:00,309.06499409615594
2012-07-28 20:00:00,212.43409314938802
2012-07-28 21:00:00,217.8889396440996
2012-07-28 22:00:00,192.8815778861828
2012-07-28 23:00:00,172.75216909011743
2012-07-29 00:00:00,114.0402824190472
2012-07-29 01:00:00,101.16435678778892
2012-07-29 02:00:00,87.32322363005005
2012-07-29 03:00:00,42.39728359969165
2012-07-29 04:00:00,10.309384916269234
2012-07-29 05:00:00,10.830692203002997
2012-07-29 06:00:00,16.882578603090863
2012-07-29 07:00:00,43.86872293578318
2012-07-29 08:00:00,100.49093628898486
2012-07-29 09:00:00,190.57423086898243
2012-07-29 10:00:00,338.3582277036344
2012-07-29 11:00:00,409.37070403276937
2012-07-29 12:00:00,464.0025408563437
2012-07-29 13:00:00,477.96939454235576
2012-07-29 14:00:00,454.4998564081319
2012-07-29 15:00:00,475.2504048330248
2012-07-29 16:00:00,482.79431227884754
2012-07-29 17:00:00,448.2450555900217
2012-07-29 18:00:00,409.4526718707352
2012-07-29 19:00:00,328.40567139108117
2012-07-29 20:00:00,256.3161306455125
2012-07-29 21:00:00,197.79596740023868
2012-07-29 22:00:00,149.71891642235101
2012-07-29 23:00:00,104.97696223032578
2012-07-30 00:00:00,42.670479133272195
2012-07-30 01:00:00,16.257958428162116
2012-07-30 02:00:00,9.257881851579638
2012-07-30 03:00:00,5.118914292732011
2012-07-30 04:00:00,7.159807410303349
2012-07-30 05:00:00,27.63422420817085
2012-07-30 06:00:00,120.10363285551068
2012-07-30 07:00:00,344.27348645496824
2012-07-30 08:00:00,535.7879106397927
2012-07-30 09:00:00,273.2362491228521
2012-07-30 10:00:00,158.06162039734153
2012-07-30 11:00:00,191.7740676137134
2012-07-30 12:00:00,248.493432167331
2012-07-30 13:00:00,224.0766370624237
2012-07-30 14:00:00,197.29789605467855
2012-07-30 15:00:00,222.63592213858826
2012-07-30 16:00:00,355.2657603202191
2012-07-30 17:00:00,638.3755487991511
2012-07-30 18:00:00,622.5854763117969
2012-07-30 19:00:00,478.64443673121883
2012-07-30 20:00:00,330.89638778951024
2012-07-30 21:00:00,256.30984523170895
2012-07-30 22:00:00,145.70827819409558
2012-07-30 23:00:00,93.78084844251536
2012-07-31 00:00:00,35.93441548195516
2012-07-31 01:00:00,14.437195650600838
2012-07-31 02:00:00,6.939916009022274
2012-07-31 03:00:00,4.852732413542964
2012-07-31 04:00:00,6.291480639120731
2012-07-31 05:00:00,30.221437745690945
2012-07-31 06:00:00,127.5738693203236
2012-07-31 07:00:00,350.75447127250936
2012-07-31 08:00:00,565.2598933397676
2012-07-31 09:00:00,271.9928596774401
2012-07-31 10:00:00,164.50789526794895
2012-07-31 11:00:00,170.05694707042008
2012-07-31 12:00:00,211.68798716615657
2012-07-31 13:00:00,217.94414424407407
2012-07-31 14:00:00,199.15060208283177
2012-07-31 15:00:00,208.22282048913885
2012-07-31 16:00:00,342.45782217691294
2012-07-31 17:00:00,700.0707112792563
2012-07-31 18:00:00,685.2359832396094
2012-07-31 19:00:00,371.1787218681756
2012-07-31 20:00:00,251.67830203819224
2012-07-31 21:00:00,229.08241242894837
2012-07-31 22:00:00,173.26737536762462
2012-07-31 23:00:00,90.06191799223454
2012-08-20 00:00:00,36.08266860929067
2012-08-20 01:00:00,13.301355017308694
2012-08-20 02:00:00,7.645822253609658
2012-08-20 03:00:00,4.960188860146768
2012-08-20 04:00:00,7.20705436001651
2012-08-20 05:00:00,26.90576219027563
2012-08-20 06:00:00,125.0707301187396
2012-08-20 07:00:00,343.0741658281486
2012-08-20 08:00:00,573.1490417733993
2012-08-20 09:00:00,293.11664447565994
2012-08-20 10:00:00,163.57469576482154
2012-08-20 11:00:00,173.7697384422609
2012-08-20 12:00:00,245.85805239897618
2012-08-20 13:00:00,212.88710083694335
2012-08-20 14:00:00,194.7432388934684
2012-08-20 15:00:00,222.81716067065958
2012-08-20 16:00:00,343.5722304752667
2012-08-20 17:00:00,642.7799517950484
2012-08-20 18:00:00,486.67425099015367
2012-08-20 19:00:00,379.7382232935877
2012-08-20 20:00:00,231.12967553546707
2012-08-20 21:00:00,192.9439797616709
2012-08-20 22:00:00,132.74801649464908
2012-08-20 23:00:00,77.86547745750222
2012-08-21 00:00:00,32.42850521185968
2012-08-21 01:00:00,12.401053523389711
2012-08-21 02:00:00,5.513775077274791
2012-08-21 03:00:00,4.472461949806264
2012-08-21 04:00:00,5.79233457829825
2012-08-21 05:00:00,27.09944109810295
2012-08-21 06:00:00,125.8276746186864
2012-08-21 07:00:00,377.2595953620946
2012-08-21 08:00:00,571.3265261662999
2012-08-21 09:00:00,275.28513565634523
2012-08-21 10:00:00,170.34941479793184
2012-08-21 11:00:00,170.7805117351826
2012-08-21 12:00:00,222.53162881550483
2012-08-21 13:00:00,229.1778854182148
2012-08-21 14:00:00,214.6821810978688
2012-08-21 15:00:00,227.99977875889041
2012-08-21 16:00:00,354.2972373219202
2012-08-21 17:00:00,681.9007487207745
2012-08-21 18:00:00,673.0898001009775
2012-08-21 19:00:00,340.2449779969702
2012-08-21 20:00:00,296.9425042100085
2012-08-21 21:00:00,236.81948657862148
2012-08-21 22:00:00,162.05012498654398
2012-08-21 23:00:00,99.1092677898808
2012-08-22 00:00:00,38.354709014716484
2012-08-22 01:00:00,15.209380045630121
2012-08-22 02:00:00,6.6170183499163215
2012-08-22 03:00:00,5.890084906309555
2012-08-22 04:00:00,5.063901557465364
2012-08-22 05:00:00,31.64804690035947
2012-08-22 06:00:00,144.04030452394713
2012-08-22 07:00:00,380.752397517812
2012-08-22 08:00:00,610.1096883297992
2012-08-22 09:00:00,308.2991581612692
2012-08-22 10:00:00,169.5467516069725
2012-08-22 11:00:00,176.42501444233054
2012-08-22 12:00:00,225.91593417697217
2012-08-22 13:00:00,211.56415002380115
2012-08-22 14:00:00,203.96007418668412
2012-08-22 15:00:00,224.65013798422396
2012-08-22 16:00:00,203.3682600585076
2012-08-22 17:00:00,472.63691513691913
2012-08-22 18:00:00,471.2331684809382
2012-08-22 19:00:00,464.26910947704914
2012-08-22 20:00:00,318.75661068264833
2012-08-22 21:00:00,248.7519058811251
2012-08-22 22:00:00,194.87894141533928
2012-08-22 23:00:00,107.67918000548457
2012-08-23 00:00:00,54.044256888245414
2012-08-23 01:00:00,19.648946962277762
2012-08-23 02:00:00,9.86449120192453
2012-08-23 03:00:00,6.556018326907399
2012-08-23 04:00:00,6.348354400652628
2012-08-23 05:00:00,33.93534221950231
2012-08-23 06:00:00,123.37166059413207
2012-08-23 07:00:00,356.48000657351474
2012-08-23 08:00:00,583.5259410110837
2012-08-23 09:00:00,280.78675899825316
2012-08-23 10:00:00,166.33249645130044
2012-08-23 11:00:00,199.9054786864239
2012-08-23 12:00:00,232.2603595550391
2012-08-23 13:00:00,224.62347479617674
2012-08-23 14:00:00,203.694465977571
2012-08-23 15:00:00,224.97072603950073
2012-08-23 16:00:00,350.45930333762345
2012-08-23 17:00:00,702.0056177170617
2012-08-23 18:00:00,663.7699220892662
2012-08-23 19:00:00,514.5095765166027
2012-08-23 20:00:00,386.737764275405
2012-08-23 21:00:00,294.8964279409585
2012-08-23 22:00:00,200.4003227672808
2012-08-23 23:00:00,131.76561262753353
2012-08-24 00:00:00,70.42149723976709
2012-08-24 01:00:00,28.874512985120504
2012-08-24 02:00:00,15.025375408080645
2012-08-24 03:00:00,6.935908350453998
2012-08-24 04:00:00,7.376116568096305
2012-08-24 05:00:00,27.871894626408885
2012-08-24 06:00:00,108.8318572630197
2012-08-24 07:00:00,310.04353573946935
2012-08-24 08:00:00,540.0705008619666
2012-08-24 09:00:00,317.08301612160056
2012-08-24 10:00:00,207.1947336146421
2012-08-24 11:00:00,244.22973692275482
2012-08-24 12:00:00,311.43241662943
2012-08-24 13:00:00,305.7785600985597
2012-08-24 14:00:00,247.52571646658208
2012-08-24 15:00:00,293.20248223974363
2012-08-24 16:00:00,408.18309015949416
2012-08-24 17:00:00,677.8287689450528
2012-08-24 18:00:00,533.2004023469023
2012-08-24 19:00:00,451.1978935903137
2012-08-24 20:00:00,295.92253978758464
2012-08-24 21:00:00,238.49363541705918
2012-08-24 22:00:00,214.81334707665818
2012-08-24 23:00:00,149.4359332118021
2012-08-25 00:00:00,173.8872551680307
2012-08-25 01:00:00,105.89739950413158
2012-08-25 02:00:00,73.25463066224383
2012-08-25 03:00:00,33.53664822413204
2012-08-25 04:00:00,11.542426877256931
2012-08-25 05:00:00,9.638311151406226
2012-08-25 06:00:00,24.79480310349289
2012-08-25 07:00:00,48.43367020425156
2012-08-25 08:00:00,128.20774150417108
2012-08-25 09:00:00,204.07230750506127
2012-08-25 10:00:00,312.64985482341706
2012-08-25 11:00:00,392.08906474165707
2012-08-25 12:00:00,352.1822785409876
2012-08-25 13:00:00,474.30588531342215
2012-08-25 14:00:00,268.5652685623775
2012-08-25 15:00:00,327.09937018806005
2012-08-25 16:00:00,332.9220606219037
2012-08-25 17:00:00,311.2020052725958
2012-08-25 18:00:00,307.92464985156766
2012-08-25 19:00:00,234.58813535044436
2012-08-25 20:00:00,123.95288384321398
2012-08-25 21:00:00,166.55428598171366
2012-08-25 22:00:00,146.71782257497168
2012-08-25 23:00:00,123.43277490332821
2012-08-26 00:00:00,108.1483234193262
2012-08-26 01:00:00,92.46119148200465
2012-08-26 02:00:00,72.19710331642615
2012-08-26 03:00:00,35.095756279992415
2012-08-26 04:00:00,9.320598673012682
2012-08-26 05:00:00,8.953598128236168
2012-08-26 06:00:00,11.17123915724179
2012-08-26 07:00:00,37.8522883770929
2012-08-26 08:00:00,88.20397591316772
2012-08-26 09:00:00,176.6763922022164
2012-08-26 10:00:00,316.40773133280453
2012-08-26 11:00:00,388.34093543263106
2012-08-26 12:00:00,269.4545426627024
2012-08-26 13:00:00,163.1282047381843
2012-08-26 14:00:00,235.75785435880152
2012-08-26 15:00:00,153.9199194080703
2012-08-26 16:00:00,156.51421837919915
2012-08-26 17:00:00,235.5434593534237
2012-08-26 18:00:00,205.83947361449478
2012-08-26 19:00:00,201.85819038565526
2012-08-26 20:00:00,166.71499822763653
2012-08-26 21:00:00,156.10642780887142
2012-08-26 22:00:00,113.78843945697625
2012-08-26 23:00:00,87.87611102825215
2012-08-27 00:00:00,37.16221018955459
2012-08-27 01:00:00,13.04279390697972
2012-08-27 02:00:00,7.411430974720018
2012-08-27 03:00:00,4.833005555322025
2012-08-27 04:00:00,6.973966892114002
2012-08-27 05:00:00,26.303175374284677
2012-08-27 06:00:00,115.40180467331948
2012-08-27 07:00:00,334.07371382519295
2012-08-27 08:00:00,520.1235528418142
2012-08-27 09:00:00,261.0729602474117
2012-08-27 10:00:00,155.80904915662174
2012-08-27 11:00:00,178.31740587046812
2012-08-27 12:00:00,212.50979221778024
2012-08-27 13:00:00,213.59908747487597
2012-08-27 14:00:00,195.1249726268666
2012-08-27 15:00:00,213.27525383537827
2012-08-27 16:00:00,358.22204172428275
2012-08-27 17:00:00,663.9320029442749
2012-08-27 18:00:00,666.3616571828005
2012-08-27 19:00:00,449.9323171417995
2012-08-27 20:00:00,344.8737748231274
2012-08-27 21:00:00,251.83587647395856
2012-08-27 22:00:00,141.2525264834613
2012-08-27 23:00:00,84.23138053740871
2012-08-28 00:00:00,36.99005157237488
2012-08-28 01:00:00,14.34928360523601
2012-08-28 02:00:00,6.941117419696215
2012-08-28 03:00:00,4.637662616940203
2012-08-28 04:00:00,5.847295510554656
2012-08-28 05:00:00,28.473208248487857
2012-08-28 06:00:00,124.1985965848808
2012-08-28 07:00:00,327.72815251890046
2012-08-28 08:00:00,531.8393969769919
2012-08-28 09:00:00,274.85880337665
2012-08-28 10:00:00,164.37567018638688
2012-08-28 11:00:00,176.228831771446
2012-08-28 12:00:00,211.24821775613853
2012-08-28 13:00:00,214.52896448342696
2012-08-28 14:00:00,203.64456699849913
2012-08-28 15:00:00,225.07482231648555
2012-08-28 16:00:00,387.56283910073455
2012-08-28 17:00:00,771.4472009003551
2012-08-28 18:00:00,748.1246337061126
2012-08-28 19:00:00,516.9502602581849
2012-08-28 20:00:00,385.83596726772765
2012-08-28 21:00:00,288.42959086801653
2012-08-28 22:00:00,196.7432450169698
2012-08-28 23:00:00,118.3822103038483
2012-08-29 00:00:00,42.46554952429957
2012-08-29 01:00:00,16.710457285758338
2012-08-29 02:00:00,7.3089611936577095
2012-08-29 03:00:00,6.378457890937787
2012-08-29 04:00:00,5.166971641614824
2012-08-29 05:00:00,33.156559443797825
2012-08-29 06:00:00,147.72618639059291
2012-08-29 07:00:00,396.49667636287165
2012-08-29 08:00:00,642.8151358974395
2012-08-29 09:00:00,302.2836983198069
2012-08-29 10:00:00,178.59936580002957
2012-08-29 11:00:00,192.72862916208032
2012-08-29 12:00:00,252.38230433064206
2012-08-29 13:00:00,226.96589751876678
2012-08-29 14:00:00,214.96834693423872
2012-08-29 15:00:00,248.01377008507103
2012-08-29 16:00:00,367.85498182473304
2012-08-29 17:00:00,764.5385202085953
2012-08-29 18:00:00,749.1746609919435
2012-08-29 19:00:00,531.5936819898583
2012-08-29 20:00:00,394.80629964278154
2012-08-29 21:00:00,292.81092362389205
2012-08-29 22:00:00,225.1834593553183
2012-08-29 23:00:00,131.14595509305684
2012-08-30 00:00:00,53.3135081441046
2012-08-30 01:00:00,20.918521366083038
2012-08-30 02:00:00,9.55132814572793
2012-08-30 03:00:00,6.322782819575244
2012-08-30 04:00:00,6.350093437218983
2012-08-30 05:00:00,34.427838666104456
2012-08-30 06:00:00,150.25325682734683
2012-08-30 07:00:00,447.9960867619568
2012-08-30 08:00:00,636.3032547216341
2012-08-30 09:00:00,298.53543328808865
2012-08-30 10:00:00,168.18411847996188
2012-08-30 11:00:00,203.1447096603165
2012-08-30 12:00:00,239.05344176529374
2012-08-30 13:00:00,224.9551309472239
2012-08-30 14:00:00,201.78967740838596
2012-08-30 15:00:00,228.53032852080972
2012-08-30 16:00:00,359.2844034660184
2012-08-30 17:00:00,699.3847419302767
2012-08-30 18:00:00,665.4853376943613
2012-08-30 19:00:00,512.3728778608456
2012-08-30 20:00:00,392.7754351804269
2012-08-30 21:00:00,304.55355715186283
2012-08-30 22:00:00,221.03582334664938
2012-08-30 23:00:00,147.04198685259635
2012-08-31 00:00:00,71.85861909244281
2012-08-31 01:00:00,28.426248344491825
2012-08-31 02:00:00,12.64734468718956
2012-08-31 03:00:00,6.445595377165417
2012-08-31 04:00:00,5.764056673942851
2012-08-31 05:00:00,30.003524220960635
2012-08-31 06:00:00,107.2277263201051
2012-08-31 07:00:00,302.6399764833151
2012-08-31 08:00:00,525.2161240041225
2012-08-31 09:00:00,278.4203429105761
2012-08-31 10:00:00,175.8508689486942
2012-08-31 11:00:00,243.9288041139063
2012-08-31 12:00:00,306.2062434925029
2012-08-31 13:00:00,296.8286191397302
2012-08-31 14:00:00,267.1965099528248
2012-08-31 15:00:00,294.5050458483372
2012-08-31 16:00:00,395.8739923809465
2012-08-31 17:00:00,647.5839505982063
2012-08-31 18:00:00,593.6792893580767
2012-08-31 19:00:00,423.20529356182584
2012-08-31 20:00:00,329.09735883802364
2012-08-31 21:00:00,264.89391772377775
2012-08-31 22:00:00,236.3874975213052
2012-08-31 23:00:00,176.2175466421067
2012-09-20 00:00:00,51.997619189740654
2012-09-20 01:00:00,16.99952951864468
2012-09-20 02:00:00,9.657540856208811
2012-09-20 03:00:00,5.992952422138274
2012-09-20 04:00:00,5.528183457553904
2012-09-20 05:00:00,31.885999718444417
2012-09-20 06:00:00,136.43713560432715
2012-09-20 07:00:00,389.946105418386
2012-09-20 08:00:00,640.8389290006526
2012-09-20 09:00:00,321.8617841376115
2012-09-20 10:00:00,174.75324833835387
2012-09-20 11:00:00,222.78184537153504
2012-09-20 12:00:00,280.4575419081755
2012-09-20 13:00:00,252.3525400858874
2012-09-20 14:00:00,219.01929033851818
2012-09-20 15:00:00,239.18417368240534
2012-09-20 16:00:00,372.4516609677902
2012-09-20 17:00:00,730.9664819106551
2012-09-20 18:00:00,739.6158786395746
2012-09-20 19:00:00,443.3641535125984
2012-09-20 20:00:00,322.991759887493
2012-09-20 21:00:00,255.22879821426912
2012-09-20 22:00:00,176.8618854484401
2012-09-20 23:00:00,128.86788789053134
2012-09-21 00:00:00,64.49039386820682
2012-09-21 01:00:00,27.392940774950862
2012-09-21 02:00:00,14.58768012926248
2012-09-21 03:00:00,7.034154581278776
2012-09-21 04:00:00,6.245047152309318
2012-09-21 05:00:00,29.893718149236875
2012-09-21 06:00:00,120.35878990953863
2012-09-21 07:00:00,346.70960455076136
2012-09-21 08:00:00,584.9030603863091
2012-09-21 09:00:00,310.37998613005306
2012-09-21 10:00:00,192.1763683770801
2012-09-21 11:00:00,221.65894598492503
2012-09-21 12:00:00,256.97397196740985
2012-09-21 13:00:00,255.60302342872714
2012-09-21 14:00:00,247.8498417420891
2012-09-21 15:00:00,265.77006222112476
2012-09-21 16:00:00,382.9144007693093
2012-09-21 17:00:00,617.8640678465609
2012-09-21 18:00:00,523.8051542828432
2012-09-21 19:00:00,395.9665768761068
2012-09-21 20:00:00,265.9535292581289
2012-09-21 21:00:00,218.53739727806845
2012-09-21 22:00:00,187.0779601681829
2012-09-21 23:00:00,144.47645538562344
2012-09-22 00:00:00,139.05139383502436
2012-09-22 01:00:00,80.1717996757685
2012-09-22 02:00:00,61.002435913647695
2012-09-22 03:00:00,28.835282123625795
2012-09-22 04:00:00,7.846847000941073
2012-09-22 05:00:00,9.469126052443373
2012-09-22 06:00:00,20.7344798855328
2012-09-22 07:00:00,56.372664808111665
2012-09-22 08:00:00,141.71493421610495
2012-09-22 09:00:00,226.35820872330635
2012-09-22 10:00:00,331.09937090927855
2012-09-22 11:00:00,413.5305688295202
2012-09-22 12:00:00,467.1165904976435
2012-09-22 13:00:00,473.92917142315
2012-09-22 14:00:00,490.9809198207379
2012-09-22 15:00:00,506.24272869366274
2012-09-22 16:00:00,489.62933415018585
2012-09-22 17:00:00,449.7233895170126
2012-09-22 18:00:00,397.5054637138451
2012-09-22 19:00:00,342.47808163517146
2012-09-22 20:00:00,292.204628175159
2012-09-22 21:00:00,251.95338842089097
2012-09-22 22:00:00,219.8242199432652
2012-09-22 23:00:00,193.9930338265633
2012-09-23 00:00:00,184.11798063637096
2012-09-23 01:00:00,89.95400367398526
2012-09-23 02:00:00,67.75784913462427
2012-09-23 03:00:00,28.77659196676381
2012-09-23 04:00:00,10.231987953736775
2012-09-23 05:00:00,9.277659207952441
2012-09-23 06:00:00,15.388029969384585
2012-09-23 07:00:00,48.90143442646421
2012-09-23 08:00:00,97.97760857090229
2012-09-23 09:00:00,179.1222238892421
2012-09-23 10:00:00,334.8196932884791
2012-09-23 11:00:00,432.1705965114165
2012-09-23 12:00:00,526.5596872493813
2012-09-23 13:00:00,489.0134459956632
2012-09-23 14:00:00,464.53897719051434
2012-09-23 15:00:00,464.1937966977216
2012-09-23 16:00:00,481.8051139729847
2012-09-23 17:00:00,445.41322401226427
2012-09-23 18:00:00,363.8532686859988
2012-09-23 19:00:00,270.4806963986947
2012-09-23 20:00:00,212.60199746392323
2012-09-23 21:00:00,169.34340482923574
2012-09-23 22:00:00,141.08375279471613
2012-09-23 23:00:00,86.7599030107886
2012-09-24 00:00:00,44.785735350213194
2012-09-24 01:00:00,15.289632469883863
2012-09-24 02:00:00,8.173815111033246
2012-09-24 03:00:00,4.149202868483059
2012-09-24 04:00:00,6.8970393465310655
2012-09-24 05:00:00,28.322282605511308
2012-09-24 06:00:00,123.90265496139078
2012-09-24 07:00:00,343.7282298833221
2012-09-24 08:00:00,508.27080645816557
2012-09-24 09:00:00,262.0228435500012
2012-09-24 10:00:00,156.25548987066068
2012-09-24 11:00:00,188.82406798817135
2012-09-24 12:00:00,244.46685598664322
2012-09-24 13:00:00,224.79296661987243
2012-09-24 14:00:00,195.7432937517145
2012-09-24 15:00:00,221.1783735740037
2012-09-24 16:00:00,369.9523134775008
2012-09-24 17:00:00,667.786150361789
2012-09-24 18:00:00,621.6388532583717
2012-09-24 19:00:00,397.15537174108977
2012-09-24 20:00:00,278.35310477682344
2012-09-24 21:00:00,196.72612271984292
2012-09-24 22:00:00,134.21290422436152
2012-09-24 23:00:00,78.94185400945965
2012-09-25 00:00:00,44.9723768444482
2012-09-25 01:00:00,13.528684644761544
2012-09-25 02:00:00,5.057528289928914
2012-09-25 03:00:00,3.5409879446313024
2012-09-25 04:00:00,6.424874804256632
2012-09-25 05:00:00,29.734976756056998
2012-09-25 06:00:00,133.60909425373265
2012-09-25 07:00:00,391.7758960313634
2012-09-25 08:00:00,568.924749131124
2012-09-25 09:00:00,288.5057599345174
2012-09-25 10:00:00,174.72564952885588
2012-09-25 11:00:00,184.8488924043778
2012-09-25 12:00:00,226.41464678407235
2012-09-25 13:00:00,235.47992999206082
2012-09-25 14:00:00,222.57463799516117
2012-09-25 15:00:00,240.92903708804243
2012-09-25 16:00:00,400.26409601562915
2012-09-25 17:00:00,743.4900640451077
2012-09-25 18:00:00,703.2864539771701
2012-09-25 19:00:00,422.6103949145804
2012-09-25 20:00:00,307.8180442055383
2012-09-25 21:00:00,228.4190291475947
2012-09-25 22:00:00,163.9055398672717
2012-09-25 23:00:00,92.40426416978511
2012-09-26 00:00:00,51.62893534223233
2012-09-26 01:00:00,15.526826191438728
2012-09-26 02:00:00,5.960324869877506
2012-09-26 03:00:00,4.4275656605900515
2012-09-26 04:00:00,5.774602037145631
2012-09-26 05:00:00,30.720330004979814
2012-09-26 06:00:00,143.6705724886249
2012-09-26 07:00:00,403.5743659228566
2012-09-26 08:00:00,566.4941646162409
2012-09-26 09:00:00,282.85723991788524
2012-09-26 10:00:00,153.37980453194922
2012-09-26 11:00:00,188.08817149790235
2012-09-26 12:00:00,238.05228950391538
2012-09-26 13:00:00,224.49305654361854
2012-09-26 14:00:00,207.76404715265923
2012-09-26 15:00:00,228.08685384801538
2012-09-26 16:00:00,365.9589979412766
2012-09-26 17:00:00,654.6596200389658
2012-09-26 18:00:00,676.8741508873561
2012-09-26 19:00:00,454.0430695492253
2012-09-26 20:00:00,349.4814991197679
2012-09-26 21:00:00,242.7459825108791
2012-09-26 22:00:00,108.29432525345692
2012-09-26 23:00:00,92.61511269332377
2012-09-27 00:00:00,64.17035875461141
2012-09-27 01:00:00,21.628515581196915
2012-09-27 02:00:00,9.537916822476259
2012-09-27 03:00:00,5.601178416466234
2012-09-27 04:00:00,7.331212036660726
2012-09-27 05:00:00,37.739352076822904
2012-09-27 06:00:00,168.30936126740858
2012-09-27 07:00:00,461.9462389762884
2012-09-27 08:00:00,605.2725886310698
2012-09-27 09:00:00,289.5184073103023
2012-09-27 10:00:00,135.86440133988813
2012-09-27 11:00:00,191.30067590762425
2012-09-27 12:00:00,244.6676988269102
2012-09-27 13:00:00,242.6297469425659
2012-09-27 14:00:00,210.21003248009092
2012-09-27 15:00:00,223.06852120484723
2012-09-27 16:00:00,367.25324534371015
2012-09-27 17:00:00,660.2197835218807
2012-09-27 18:00:00,628.3762074118997
2012-09-27 19:00:00,485.11966878126856
2012-09-27 20:00:00,326.4057898907006
2012-09-27 21:00:00,119.78162258187639
2012-09-27 22:00:00,95.63478890504516
2012-09-27 23:00:00,71.08694667907292
2012-09-28 00:00:00,52.86716994073084
2012-09-28 01:00:00,26.584906448628836
2012-09-28 02:00:00,9.309445414403118
2012-09-28 03:00:00,5.761241113226716
2012-09-28 04:00:00,6.112007342496876
2012-09-28 05:00:00,35.96906617610059
2012-09-28 06:00:00,118.87408427952448
2012-09-28 07:00:00,330.89665366828206
2012-09-28 08:00:00,630.2801062729874
2012-09-28 09:00:00,303.7690676410592
2012-09-28 10:00:00,177.6370407249577
2012-09-28 11:00:00,231.15627079989514
2012-09-28 12:00:00,312.96002283054827
2012-09-28 13:00:00,310.5497373063355
2012-09-28 14:00:00,282.15725873040367
2012-09-28 15:00:00,289.13593347136236
2012-09-28 16:00:00,433.24165068865494
2012-09-28 17:00:00,665.3062867371779
2012-09-28 18:00:00,576.4484518386506
2012-09-28 19:00:00,270.4493377235915
2012-09-28 20:00:00,174.06718955736994
2012-09-28 21:00:00,139.43973705564693
2012-09-28 22:00:00,200.6088816695941
2012-09-28 23:00:00,144.95821248471182
2012-09-29 00:00:00,156.37002132721145
2012-09-29 01:00:00,96.75553527951541
2012-09-29 02:00:00,57.39178309444461
2012-09-29 03:00:00,26.02453696478959
2012-09-29 04:00:00,10.331303298740163
2012-09-29 05:00:00,9.759640509394035
2012-09-29 06:00:00,25.481708863063318
2012-09-29 07:00:00,62.54849312536396
2012-09-29 08:00:00,135.17543454695462
2012-09-29 09:00:00,219.56379008869968
2012-09-29 10:00:00,328.4422379202452
2012-09-29 11:00:00,421.3671401144749
2012-09-29 12:00:00,500.61203176882645
2012-09-29 13:00:00,516.5062186013287
2012-09-29 14:00:00,492.9266653920288
2012-09-29 15:00:00,500.9179830155931
2012-09-29 16:00:00,518.0281550504329
2012-09-29 17:00:00,444.35116781724724
2012-09-29 18:00:00,380.18313728806584
2012-09-29 19:00:00,285.63256599537084
2012-09-29 20:00:00,228.81924380598826
2012-09-29 21:00:00,203.82330717663424
2012-09-29 22:00:00,178.70939517919066
2012-09-29 23:00:00,163.67348827674158
2012-09-30 00:00:00,145.92062697626454
2012-09-30 01:00:00,109.51673112280798
2012-09-30 02:00:00,67.05959736586803
2012-09-30 03:00:00,31.952066506554466
2012-09-30 04:00:00,10.830591226857461
2012-09-30 05:00:00,10.431013003799109
2012-09-30 06:00:00,16.84337495560051
2012-09-30 07:00:00,48.45139542314579
2012-09-30 08:00:00,104.50435278142471
2012-09-30 09:00:00,201.13102211940532
2012-09-30 10:00:00,346.8360396099014
2012-09-30 11:00:00,423.0826150683884
2012-09-30 12:00:00,507.28311089118597
2012-09-30 13:00:00,504.1532829592371
2012-09-30 14:00:00,477.1428391702871
2012-09-30 15:00:00,493.2586300670878
2012-09-30 16:00:00,521.6729842139648
2012-09-30 17:00:00,445.32340500854025
2012-09-30 18:00:00,303.8133765450546
2012-09-30 19:00:00,190.71075383926038
2012-09-30 20:00:00,139.56031666406577
2012-09-30 21:00:00,165.41851142173832
2012-09-30 22:00:00,126.03452562943559
2012-09-30 23:00:00,83.71460358389645
2012-10-20 00:00:00,129.13103995758456
2012-10-20 01:00:00,87.64913132160851
2012-10-20 02:00:00,56.1178732999912
2012-10-20 03:00:00,24.900403840835786
2012-10-20 04:00:00,10.669445169938182
2012-10-20 05:00:00,9.894733732975618
2012-10-20 06:00:00,24.367608181610553
2012-10-20 07:00:00,62.492106417070396
2012-10-20 08:00:00,139.05628659644452
2012-10-20 09:00:00,225.4672480867759
2012-10-20 10:00:00,337.5092633395062
2012-10-20 11:00:00,416.14221519668564
2012-10-20 12:00:00,524.9824538691548
2012-10-20 13:00:00,535.0438814714838
2012-10-20 14:00:00,565.0624349962992
2012-10-20 15:00:00,568.3813519813375
2012-10-20 16:00:00,493.90690004602897
2012-10-20 17:00:00,453.34970761026597
2012-10-20 18:00:00,375.2760359419076
2012-10-20 19:00:00,287.25366597008565
2012-10-20 20:00:00,229.74794608292365
2012-10-20 21:00:00,177.39338774716944
2012-10-20 22:00:00,164.82901477315448
2012-10-20 23:00:00,154.4385862047275
2012-10-21 00:00:00,137.47071643285304
2012-10-21 01:00:00,91.94757497349192
2012-10-21 02:00:00,62.25019372336478
2012-10-21 03:00:00,31.340643855031274
2012-10-21 04:00:00,9.599382031330752
2012-10-21 05:00:00,9.218359592305392
2012-10-21 06:00:00,15.921968964008785
2012-10-21 07:00:00,48.28325583789022
2012-10-21 08:00:00,102.99703603991628
2012-10-21 09:00:00,188.66076061117676
2012-10-21 10:00:00,310.83200142588777
2012-10-21 11:00:00,403.61794705848104
2012-10-21 12:00:00,490.2851919599286
2012-10-21 13:00:00,509.53980977389745
2012-10-21 14:00:00,500.19177009906474
2012-10-21 15:00:00,482.500919013845
2012-10-21 16:00:00,513.851847363764
2012-10-21 17:00:00,417.9122022159402
2012-10-21 18:00:00,358.18816116146826
2012-10-21 19:00:00,263.2336011937244
2012-10-21 20:00:00,201.18336091125727
2012-10-21 21:00:00,145.21762115606515
2012-10-21 22:00:00,124.65655677562782
2012-10-21 23:00:00,87.69811486955962
2012-10-22 00:00:00,45.590909329021095
2012-10-22 01:00:00,13.678309901844028
2012-10-22 02:00:00,6.491003984446421
2012-10-22 03:00:00,4.300562503566095
2012-10-22 04:00:00,6.6794344668114345
2012-10-22 05:00:00,27.116807532972434
2012-10-22 06:00:00,113.9790651426391
2012-10-22 07:00:00,329.07672437786357
2012-10-22 08:00:00,565.2964318286674
2012-10-22 09:00:00,260.0078569372276
2012-10-22 10:00:00,156.98926005109172
2012-10-22 11:00:00,187.36890188192396
2012-10-22 12:00:00,246.22191559889987
2012-10-22 13:00:00,230.55977724405568
2012-10-22 14:00:00,200.9954718772779
2012-10-22 15:00:00,228.94237015996026
2012-10-22 16:00:00,367.75939465869726
2012-10-22 17:00:00,657.8824038047313
2012-10-22 18:00:00,586.4067587168229
2012-10-22 19:00:00,393.93917696845944
2012-10-22 20:00:00,273.8022303436249
2012-10-22 21:00:00,189.39985236168164
2012-10-22 22:00:00,126.25731741980925
2012-10-22 23:00:00,78.50036562428652
2012-10-23 00:00:00,36.973229830342866
2012-10-23 01:00:00,13.17960204453445
2012-10-23 02:00:00,5.206355879615008
2012-10-23 03:00:00,3.9937619660100743
2012-10-23 04:00:00,6.57171492305547
2012-10-23 05:00:00,30.5154434363474
2012-10-23 06:00:00,124.49372684754734
2012-10-23 07:00:00,361.1704142747763
2012-10-23 08:00:00,600.8935796814757
2012-10-23 09:00:00,283.4149263844536
2012-10-23 10:00:00,169.47726898283022
2012-10-23 11:00:00,175.59369495209438
2012-10-23 12:00:00,241.1533177250828
2012-10-23 13:00:00,252.32621162978825
2012-10-23 14:00:00,213.74086420001296
2012-10-23 15:00:00,240.30301769872145
2012-10-23 16:00:00,386.6280197947108
2012-10-23 17:00:00,736.4807275339462
2012-10-23 18:00:00,661.5622913611469
2012-10-23 19:00:00,431.26691253991095
2012-10-23 20:00:00,323.19870291857245
2012-10-23 21:00:00,230.28856750160807
2012-10-23 22:00:00,170.23224359669294
2012-10-23 23:00:00,101.51060370223148
2012-10-24 00:00:00,48.73837138315139
2012-10-24 01:00:00,17.832379711576216
2012-10-24 02:00:00,6.286288450373868
2012-10-24 03:00:00,5.113447024565943
2012-10-24 04:00:00,5.9700923509567065
2012-10-24 05:00:00,32.781658837040766
2012-10-24 06:00:00,141.09148499065006
2012-10-24 07:00:00,385.2422473203662
2012-10-24 08:00:00,613.6205807558866
2012-10-24 09:00:00,304.39023723006636
2012-10-24 10:00:00,160.59822767551455
2012-10-24 11:00:00,188.7237588473817
2012-10-24 12:00:00,234.6455334142134
2012-10-24 13:00:00,233.81849738361092
2012-10-24 14:00:00,219.77041233879976
2012-10-24 15:00:00,254.99595794785756
2012-10-24 16:00:00,389.3525483451385
2012-10-24 17:00:00,663.8329766747836
2012-10-24 18:00:00,693.2248974017626
2012-10-24 19:00:00,504.0301458070896
2012-10-24 20:00:00,364.0798456111699
2012-10-24 21:00:00,242.40572688548374
2012-10-24 22:00:00,184.968830753142
2012-10-24 23:00:00,108.97930992162159
2012-10-25 00:00:00,56.02602565159422
2012-10-25 01:00:00,20.997331809791834
2012-10-25 02:00:00,9.07259361522825
2012-10-25 03:00:00,4.7353728522638425
2012-10-25 04:00:00,6.639679104661127
2012-10-25 05:00:00,29.453395990378734
2012-10-25 06:00:00,131.1228009247724
2012-10-25 07:00:00,372.44050227187125
2012-10-25 08:00:00,579.6076992851803
2012-10-25 09:00:00,287.30379591919086
2012-10-25 10:00:00,147.30606850462766
2012-10-25 11:00:00,170.33523691902488
2012-10-25 12:00:00,206.06286902194876
2012-10-25 13:00:00,212.20889138804745
2012-10-25 14:00:00,229.83104324803867
2012-10-25 15:00:00,262.85840511122126
2012-10-25 16:00:00,409.9742513918353
2012-10-25 17:00:00,734.8156713440203
2012-10-25 18:00:00,539.742379410065
2012-10-25 19:00:00,377.4233087716136
2012-10-25 20:00:00,245.99795718795554
2012-10-25 21:00:00,188.00423879714685
2012-10-25 22:00:00,173.30178763771704
2012-10-25 23:00:00,106.40765152060374
2012-10-26 00:00:00,67.90907455277949
2012-10-26 01:00:00,25.638504492630585
2012-10-26 02:00:00,10.586261391425744
2012-10-26 03:00:00,5.63930459488177
2012-10-26 04:00:00,6.753507870207097
2012-10-26 05:00:00,29.893798672377436
2012-10-26 06:00:00,120.25976332753112
2012-10-26 07:00:00,345.8187326753281
2012-10-26 08:00:00,540.2426925362179
2012-10-26 09:00:00,297.84244516514593
2012-10-26 10:00:00,154.1839473081723
2012-10-26 11:00:00,199.47604455913884
2012-10-26 12:00:00,250.99752732219798
2012-10-26 13:00:00,264.5697536943465
2012-10-26 14:00:00,239.72407618146153
2012-10-26 15:00:00,271.7856821521137
2012-10-26 16:00:00,362.86919943546303
2012-10-26 17:00:00,518.8115414493914
2012-10-26 18:00:00,429.01573190770887
2012-10-26 19:00:00,294.60284440631665
2012-10-26 20:00:00,215.94229262419267
2012-10-26 21:00:00,184.00568979165695
2012-10-26 22:00:00,157.14090132221156
2012-10-26 23:00:00,150.65336796573848
2012-10-27 00:00:00,129.66749527054455
2012-10-27 01:00:00,81.64288235318197
2012-10-27 02:00:00,51.04629509172973
2012-10-27 03:00:00,29.546680751793197
2012-10-27 04:00:00,9.298909827709183
2012-10-27 05:00:00,9.43047934621263
2012-10-27 06:00:00,22.74390610066147
2012-10-27 07:00:00,63.445511474568434
2012-10-27 08:00:00,135.2655420083448
2012-10-27 09:00:00,209.06924466843765
2012-10-27 10:00:00,298.16921021709607
2012-10-27 11:00:00,409.1391567682612
2012-10-27 12:00:00,463.09973405684246
2012-10-27 13:00:00,497.2991883557768
2012-10-27 14:00:00,491.59476014150886
2012-10-27 15:00:00,433.0139887445595
2012-10-27 16:00:00,428.7815336709913
2012-10-27 17:00:00,396.16040321733834
2012-10-27 18:00:00,345.7023520758847
2012-10-27 19:00:00,257.0659425965324
2012-10-27 20:00:00,204.65315529334634
2012-10-27 21:00:00,166.24341667141954
2012-10-27 22:00:00,147.81602691491366
2012-10-27 23:00:00,116.62406704250586
2012-10-28 00:00:00,97.49985079940551
2012-10-28 01:00:00,88.339345333694
2012-10-28 02:00:00,65.09906542794285
2012-10-28 03:00:00,27.785011837672517
2012-10-28 04:00:00,10.143909969764016
2012-10-28 05:00:00,9.323135929986893
2012-10-28 06:00:00,16.109675222761684
2012-10-28 07:00:00,45.98434313728406
2012-10-28 08:00:00,90.83613266409682
2012-10-28 09:00:00,176.18444071709007
2012-10-28 10:00:00,290.7547321829804
2012-10-28 11:00:00,377.99884788869457
2012-10-28 12:00:00,374.44872772233646
2012-10-28 13:00:00,362.5776735947793
2012-10-28 14:00:00,356.10220683117393
2012-10-28 15:00:00,327.2171676723049
2012-10-28 16:00:00,219.1687042977307
2012-10-28 17:00:00,169.27129266713882
2012-10-28 18:00:00,87.92374361926093
2012-10-28 19:00:00,80.71471816579738
2012-10-28 20:00:00,55.956442682133265
2012-10-28 21:00:00,58.785298490789344
2012-10-28 22:00:00,51.98103630028832
2012-10-28 23:00:00,33.899602998791416
2012-10-29 00:00:00,31.012821238309986
2012-10-30 13:00:00,63.39390964435006
2012-10-30 14:00:00,58.85702332078083
2012-10-30 15:00:00,65.52063003471028
2012-10-30 16:00:00,95.67589225556003
2012-10-30 17:00:00,193.86579104753483
2012-10-30 18:00:00,196.3657743545495
2012-10-30 19:00:00,396.91607366600806
2012-10-30 20:00:00,141.72023290153484
2012-10-30 21:00:00,98.34504367651803
2012-10-30 22:00:00,93.14540923410487
2012-10-30 23:00:00,63.06763912756917
2012-10-31 00:00:00,36.379455960598925
2012-10-31 01:00:00,11.51094573524084
2012-10-31 02:00:00,4.791702724307615
2012-10-31 03:00:00,3.8391509523527727
2012-10-31 04:00:00,4.757970102669064
2012-10-31 05:00:00,24.99443561265487
2012-10-31 06:00:00,103.29157993955972
2012-10-31 07:00:00,274.17904473761365
2012-10-31 08:00:00,518.2129731710135
2012-10-31 09:00:00,247.64550746996443
2012-10-31 10:00:00,129.02752856141632
2012-10-31 11:00:00,148.5360850956897
2012-10-31 12:00:00,190.21747548012587
2012-10-31 13:00:00,193.95009833338003
2012-10-31 14:00:00,207.14865004745565
2012-10-31 15:00:00,196.09560496438587
2012-10-31 16:00:00,312.08904496830144
2012-10-31 17:00:00,547.0388228201895
2012-10-31 18:00:00,552.299205715062
2012-10-31 19:00:00,436.2202534385279
2012-10-31 20:00:00,302.48665250058417
2012-10-31 21:00:00,210.45851766166524
2012-10-31 22:00:00,139.33000922095843
2012-10-31 23:00:00,87.85815604443741
2012-11-20 00:00:00,36.43925991727205
2012-11-20 01:00:00,11.829370547040856
2012-11-20 02:00:00,4.044928732697297
2012-11-20 03:00:00,3.5102782692056413
2012-11-20 04:00:00,7.126157105872256
2012-11-20 05:00:00,28.698212492669153
2012-11-20 06:00:00,123.06090230495376
2012-11-20 07:00:00,314.46237696985344
2012-11-20 08:00:00,535.7458728945867
2012-11-20 09:00:00,265.78980308916954
2012-11-20 10:00:00,151.09871048891665
2012-11-20 11:00:00,155.3239296395074
2012-11-20 12:00:00,184.80512061663893
2012-11-20 13:00:00,202.67520746273553
2012-11-20 14:00:00,177.6654332770112
2012-11-20 15:00:00,201.28347156502397
2012-11-20 16:00:00,287.14498002383243
2012-11-20 17:00:00,474.32871951276894
2012-11-20 18:00:00,477.7853672409114
2012-11-20 19:00:00,331.1397021691825
2012-11-20 20:00:00,204.44738418123734
2012-11-20 21:00:00,157.77734618842217
2012-11-20 22:00:00,121.09175080733782
2012-11-20 23:00:00,63.33221010922483
2012-11-21 00:00:00,34.3131869837722
2012-11-21 01:00:00,11.255250761725087
2012-11-21 02:00:00,3.7221263179943045
2012-11-21 03:00:00,3.6432256423329186
2012-11-21 04:00:00,4.15535469673077
2012-11-21 05:00:00,22.54244789848256
2012-11-21 06:00:00,95.79671595149487
2012-11-21 07:00:00,241.64975750454437
2012-11-21 08:00:00,521.9899286189797
2012-11-21 09:00:00,243.1577648036575
2012-11-21 10:00:00,147.94005486149433
2012-11-21 11:00:00,175.26914553330067
2012-11-21 12:00:00,237.42221222220502
2012-11-21 13:00:00,219.07447610803976
2012-11-21 14:00:00,218.81533430125663
2012-11-21 15:00:00,237.46952242938787
2012-11-21 16:00:00,327.28730673086585
2012-11-21 17:00:00,567.6102152851462
2012-11-21 18:00:00,574.0650177229833
2012-11-21 19:00:00,381.36998730589346
2012-11-21 20:00:00,225.8538852918187
2012-11-21 21:00:00,187.6716128140859
2012-11-21 22:00:00,144.22271289510584
2012-11-21 23:00:00,81.64130016530201
2012-11-22 00:00:00,94.24146951616419
2012-11-22 01:00:00,44.76698710833244
2012-11-22 02:00:00,24.55605139892414
2012-11-22 03:00:00,9.604013768590727
2012-11-22 04:00:00,6.893615410862383
2012-11-22 05:00:00,11.441938142486716
2012-11-22 06:00:00,33.74099182546635
2012-11-22 07:00:00,85.16241380532567
2012-11-22 08:00:00,199.97436366747382
2012-11-22 09:00:00,252.28928495756261
2012-11-22 10:00:00,272.2826572392195
2012-11-22 11:00:00,345.5763354441439
2012-11-22 12:00:00,388.0026483468855
2012-11-22 13:00:00,394.1192221106412
2012-11-22 14:00:00,364.01717615625614
2012-11-22 15:00:00,354.05769228304985
2012-11-22 16:00:00,382.24520986509975
2012-11-22 17:00:00,425.86457430532846
2012-11-22 18:00:00,369.6212695130052
2012-11-22 19:00:00,284.97407416794346
2012-11-22 20:00:00,237.0336028053043
2012-11-22 21:00:00,195.77154125378664
2012-11-22 22:00:00,164.07324481457925
2012-11-22 23:00:00,105.45039952879537
2012-11-23 00:00:00,49.31511071172537
2012-11-23 01:00:00,17.68934640886406
2012-11-23 02:00:00,8.362610536091877
2012-11-23 03:00:00,3.8608768754929828
2012-11-23 04:00:00,5.16119297140875
2012-11-23 05:00:00,21.799341495938858
2012-11-23 06:00:00,82.52386708924666
2012-11-23 07:00:00,229.86791819066215
2012-11-23 08:00:00,454.2141110126884
2012-11-23 09:00:00,267.10689288014964
2012-11-23 10:00:00,155.3473440401899
2012-11-23 11:00:00,210.6088346186751
2012-11-23 12:00:00,284.98149495750124
2012-11-23 13:00:00,285.7031725506185
2012-11-23 14:00:00,270.5542174892369
2012-11-23 15:00:00,286.0358203053503
2012-11-23 16:00:00,382.68023765910567
2012-11-23 17:00:00,628.1034449494348
2012-11-23 18:00:00,513.5349265526221
2012-11-23 19:00:00,378.9593129221801
2012-11-23 20:00:00,248.11795649180186
2012-11-23 21:00:00,197.78571400183944
2012-11-23 22:00:00,181.29918106076425
2012-11-23 23:00:00,127.94659589761547
2012-11-24 00:00:00,149.8655076109543
2012-11-24 01:00:00,65.1919247609994
2012-11-24 02:00:00,43.893435351884094
2012-11-24 03:00:00,17.71401460879543
2012-11-24 04:00:00,6.259530622400234
2012-11-24 05:00:00,5.861054793173243
2012-11-24 06:00:00,17.69450654031428
2012-11-24 07:00:00,51.99151140114517
2012-11-24 08:00:00,115.45576655164369
2012-11-24 09:00:00,171.54713946859067
2012-11-24 10:00:00,230.41560826451447
2012-11-24 11:00:00,283.0177655947425
2012-11-24 12:00:00,316.4482674993308
2012-11-24 13:00:00,315.9952838552835
2012-11-24 14:00:00,311.89935094189303
2012-11-24 15:00:00,295.4381919103146
2012-11-24 16:00:00,261.9363381570257
2012-11-24 17:00:00,211.81025305091487
2012-11-24 18:00:00,185.09448619855377
2012-11-24 19:00:00,162.38172207713106
2012-11-24 20:00:00,117.18761049128882
2012-11-24 21:00:00,106.51927233804042
2012-11-24 22:00:00,95.56113546045141
2012-11-24 23:00:00,89.74649021722563
2012-11-25 00:00:00,81.31882203003353
2012-11-25 01:00:00,64.95108032260354
2012-11-25 02:00:00,47.05378001103274
2012-11-25 03:00:00,22.320831215234794
2012-11-25 04:00:00,7.892845975672704
2012-11-25 05:00:00,7.904297480002185
2012-11-25 06:00:00,12.332403041680088
2012-11-25 07:00:00,34.18210969698003
2012-11-25 08:00:00,84.64907774577482
2012-11-25 09:00:00,161.78711298238377
2012-11-25 10:00:00,202.28203902980246
2012-11-25 11:00:00,284.58267461238466
2012-11-25 12:00:00,350.61397596976
2012-11-25 13:00:00,295.086923582294
2012-11-25 14:00:00,322.28741956591836
2012-11-25 15:00:00,284.1515431457596
2012-11-25 16:00:00,291.2414341448297
2012-11-25 17:00:00,240.4671621157986
2012-11-25 18:00:00,186.45142204226246
2012-11-25 19:00:00,177.8920199179274
2012-11-25 20:00:00,101.17448610255965
2012-11-25 21:00:00,103.558045603413
2012-11-25 22:00:00,67.26685017401734
2012-11-25 23:00:00,40.41847244338119
2012-11-26 00:00:00,23.013333393825686
2012-11-26 01:00:00,8.803007125087483
2012-11-26 02:00:00,4.208047948707562
2012-11-26 03:00:00,2.8617902442181196
2012-11-26 04:00:00,4.6611400810603705
2012-11-26 05:00:00,21.190091079616028
2012-11-26 06:00:00,88.1650315366997
2012-11-26 07:00:00,258.1816393365879
2012-11-26 08:00:00,488.3338344586347
2012-11-26 09:00:00,254.96689947818965
2012-11-26 10:00:00,149.33380418069956
2012-11-26 11:00:00,181.09173998656837
2012-11-26 12:00:00,235.8016567112069
2012-11-26 13:00:00,216.92678811364954
2012-11-26 14:00:00,195.96239383775156
2012-11-26 15:00:00,216.11159146591658
2012-11-26 16:00:00,312.4173557920646
2012-11-26 17:00:00,564.7412857008375
2012-11-26 18:00:00,450.55121815415373
2012-11-26 19:00:00,306.70266000856435
2012-11-26 20:00:00,223.358847898121
2012-11-26 21:00:00,161.5921469914495
2012-11-26 22:00:00,105.06312323953269
2012-11-26 23:00:00,63.689548872458545
2012-11-27 00:00:00,38.50718201032027
2012-11-27 01:00:00,11.495099529212636
2012-11-27 02:00:00,4.682371290005297
2012-11-27 03:00:00,2.9213794145945124
2012-11-27 04:00:00,5.55250295017852
2012-11-27 05:00:00,21.79587169119297
2012-11-27 06:00:00,101.57222623407473
2012-11-27 07:00:00,182.42609890368303
2012-11-27 08:00:00,279.93837803943666
2012-11-27 09:00:00,226.91581979414659
2012-11-27 10:00:00,83.94903106981062
2012-11-27 11:00:00,57.22630599895738
2012-11-27 12:00:00,54.43000182187933
2012-11-27 13:00:00,55.946204879046036
2012-11-27 14:00:00,44.915656902760674
2012-11-27 15:00:00,108.93977196329917
2012-11-27 16:00:00,160.09467265976213
2012-11-27 17:00:00,290.05704164782264
2012-11-27 18:00:00,192.33509622473133
2012-11-27 19:00:00,168.03333220790174
2012-11-27 20:00:00,109.19946960070486
2012-11-27 21:00:00,80.373357746128
2012-11-27 22:00:00,68.50947336195495
2012-11-27 23:00:00,49.196713988426815
2012-11-28 00:00:00,30.95133624452928
2012-11-28 01:00:00,11.643442833658758
2012-11-28 02:00:00,4.926348376210382
2012-11-28 03:00:00,4.1324977248004915
2012-11-28 04:00:00,5.4482059741235735
2012-11-28 05:00:00,27.0211724536945
2012-11-28 06:00:00,126.59476467696803
2012-11-28 07:00:00,366.55187745495675
2012-11-28 08:00:00,544.7315314735499
2012-11-28 09:00:00,293.04606044484416
2012-11-28 10:00:00,147.39564051162097
2012-11-28 11:00:00,154.5272610476527
2012-11-28 12:00:00,203.18264185038967
2012-11-28 13:00:00,187.90669556526274
2012-11-28 14:00:00,184.23530735996854
2012-11-28 15:00:00,226.99571776556232
2012-11-28 16:00:00,306.1015674164911
2012-11-28 17:00:00,546.0281256348554
2012-11-28 18:00:00,504.83414432261884
2012-11-28 19:00:00,350.2954375324757
2012-11-28 20:00:00,259.75642457960583
2012-11-28 21:00:00,164.2736185308882
2012-11-28 22:00:00,126.85626316118957
2012-11-28 23:00:00,71.49830769908691
2012-11-29 00:00:00,38.20444825248338
2012-11-29 01:00:00,11.384404618544563
2012-11-29 02:00:00,4.96397591171426
2012-11-29 04:00:00,4.033932046774319
2012-11-29 05:00:00,23.730367909675852
2012-11-29 06:00:00,102.50300272629521
2012-11-29 07:00:00,274.3076209358112
2012-11-29 08:00:00,504.5072375776652
2012-11-29 09:00:00,255.31348166453037
2012-11-29 10:00:00,124.57028908133015
2012-11-29 11:00:00,179.2453608896723
2012-11-29 12:00:00,215.10938695629892
2012-11-29 13:00:00,212.91415985341848
2012-11-29 14:00:00,173.5065349975883
2012-11-29 15:00:00,193.22944022026678
2012-11-29 16:00:00,283.37241903715363
2012-11-29 17:00:00,504.02327382377814
2012-11-29 18:00:00,432.97426283032365
2012-11-29 19:00:00,275.50943874335354
2012-11-29 20:00:00,195.0776983489554
2012-11-29 21:00:00,127.182204008319
2012-11-29 22:00:00,101.48754152700161
2012-11-29 23:00:00,89.61219302521452
2012-11-30 00:00:00,43.94782620625994
2012-11-30 01:00:00,17.682705520623163
2012-11-30 02:00:00,7.685585515195897
2012-11-30 03:00:00,3.72239469021214
2012-11-30 04:00:00,3.841830955106973
2012-11-30 05:00:00,19.835028123003855
2012-11-30 06:00:00,71.36824741813196
2012-11-30 07:00:00,214.71982170818458
2012-11-30 08:00:00,423.2193309917331
2012-11-30 09:00:00,244.5826438160016
2012-11-30 10:00:00,136.62337224826618
2012-11-30 11:00:00,178.6382373035569
2012-11-30 12:00:00,254.0466739426779
2012-11-30 13:00:00,266.0976968823691
2012-11-30 14:00:00,237.69806407789798
2012-11-30 15:00:00,266.91457032091046
2012-11-30 16:00:00,326.20191058403293
2012-11-30 17:00:00,498.8169190680973
2012-11-30 18:00:00,348.8118344357989
2012-11-30 19:00:00,232.51561285924495
2012-11-30 20:00:00,165.10166836197735
2012-11-30 21:00:00,125.71105663733366
2012-11-30 22:00:00,112.41436260392321
2012-11-30 23:00:00,92.02521067047596
2012-12-20 00:00:00,48.97655756038127
2012-12-20 01:00:00,14.637317556683978
2012-12-20 02:00:00,6.721387279541625
2012-12-20 03:00:00,3.323509050377089
2012-12-20 04:00:00,5.412684562597574
2012-12-20 05:00:00,26.23354488404215
2012-12-20 06:00:00,118.82740205874707
2012-12-20 07:00:00,318.92842893211946
2012-12-20 08:00:00,544.1892596663628
2012-12-20 09:00:00,260.869684998267
2012-12-20 10:00:00,136.12356415517553
2012-12-20 11:00:00,147.4313476542534
2012-12-20 12:00:00,201.38290498964633
2012-12-20 13:00:00,184.10083335908317
2012-12-20 14:00:00,170.10413756774156
2012-12-20 15:00:00,161.4222854933223
2012-12-20 16:00:00,239.66453013436464
2012-12-20 17:00:00,442.0108348413392
2012-12-20 18:00:00,378.1649849429179
2012-12-20 19:00:00,142.48016486895642
2012-12-20 20:00:00,107.18553023677386
2012-12-20 21:00:00,83.51481992744543
2012-12-20 22:00:00,57.518686616064855
2012-12-20 23:00:00,48.14534405136026
2012-12-21 00:00:00,25.754650516630768
2012-12-21 01:00:00,10.908248214795263
2012-12-21 02:00:00,6.507729065481819
2012-12-21 03:00:00,2.795367933753082
2012-12-21 04:00:00,2.4057493334646503
2012-12-21 05:00:00,11.654328230246799
2012-12-21 06:00:00,57.27481333671259
2012-12-21 07:00:00,152.26918636530078
2012-12-21 08:00:00,341.8251934904023
2012-12-21 09:00:00,179.8380360306277
2012-12-21 10:00:00,103.02812398181351
2012-12-21 11:00:00,110.81747627159794
2012-12-21 12:00:00,136.19316742407594
2012-12-21 13:00:00,125.73826559238219
2012-12-21 14:00:00,113.13598518058505
2012-12-21 15:00:00,110.4334051533024
2012-12-21 16:00:00,145.78087883825725
2012-12-21 17:00:00,200.94390576999456
2012-12-21 18:00:00,180.894570630202
2012-12-21 19:00:00,144.3694237630146
2012-12-21 20:00:00,98.72840505558693
2012-12-21 21:00:00,84.87870168296526
2012-12-21 22:00:00,74.32599040018448
2012-12-21 23:00:00,51.25929158723098
2012-12-22 00:00:00,45.27946057417534
2012-12-22 01:00:00,26.939408066098792
2012-12-22 02:00:00,21.42544583114865
2012-12-22 03:00:00,9.838330353442732
2012-12-22 04:00:00,2.961807285611092
2012-12-22 05:00:00,2.6204065788748814
2012-12-22 06:00:00,7.01308940361869
2012-12-22 07:00:00,22.44878815353279
2012-12-22 08:00:00,49.59940278864911
2012-12-22 09:00:00,93.55418590472334
2012-12-22 10:00:00,126.19712580845405
2012-12-22 11:00:00,138.91722990237216
2012-12-22 12:00:00,138.4644129499359
2012-12-22 13:00:00,166.30920386026716
2012-12-22 14:00:00,154.30541020051072
2012-12-22 15:00:00,149.6527738923376
2012-12-22 16:00:00,143.03267757923845
2012-12-22 17:00:00,136.3298039279048
2012-12-22 18:00:00,98.67497039610247
2012-12-22 19:00:00,80.18504840601945
2012-12-22 20:00:00,70.93114332245496
2012-12-22 21:00:00,54.850743280921904
2012-12-22 22:00:00,46.592044248253025
2012-12-22 23:00:00,39.093295036585545
2012-12-23 00:00:00,39.927300572667924
2012-12-23 01:00:00,32.48768790535489
2012-12-23 02:00:00,23.866482962135493
2012-12-23 03:00:00,13.961450094485631
2012-12-23 04:00:00,3.1530220466379064
2012-12-23 05:00:00,2.6147127067152645
2012-12-23 06:00:00,3.772174526363533
2012-12-23 07:00:00,12.09726549826954
2012-12-23 08:00:00,32.780339523432865
2012-12-23 09:00:00,73.49385821383487
2012-12-23 10:00:00,99.28658283966858
2012-12-23 11:00:00,122.61926156015556
2012-12-23 12:00:00,186.4705417635995
2012-12-23 13:00:00,199.0971341029167
2012-12-23 14:00:00,189.32791289926638
2012-12-23 15:00:00,190.9191133261507
2012-12-23 16:00:00,179.4886003121505
2012-12-23 17:00:00,159.69591741141042
2012-12-23 18:00:00,125.50150876568644
2012-12-23 19:00:00,111.39489498635422
2012-12-23 20:00:00,61.384326018946965
2012-12-23 21:00:00,47.46604458580774
2012-12-23 22:00:00,42.728047663438076
2012-12-23 23:00:00,27.006008438263425
2012-12-24 00:00:00,15.335739497866735
2012-12-24 01:00:00,5.302850413006485
2012-12-24 02:00:00,3.020674264292259
2012-12-24 03:00:00,2.000125430351204
2012-12-24 05:00:00,9.319354223325165
2012-12-24 06:00:00,43.38015209553226
2012-12-24 07:00:00,135.26791936598232
2012-12-24 08:00:00,320.2919855544742
2012-12-24 09:00:00,156.60784277730525
2012-12-24 10:00:00,71.07838500075012
2012-12-24 11:00:00,77.69933431980981
2012-12-24 12:00:00,103.98800128876783
2012-12-24 13:00:00,57.61910764156539
2012-12-24 14:00:00,48.90023305131491
2012-12-24 15:00:00,47.5725436321399
2012-12-24 16:00:00,64.20667962966449
2012-12-24 17:00:00,138.45598424200008
2012-12-24 18:00:00,141.4838743109879
2012-12-24 19:00:00,109.76144062316185
2012-12-24 20:00:00,62.585635812594205
2012-12-24 21:00:00,51.02370508931671
2012-12-24 22:00:00,44.380998600912235
2012-12-24 23:00:00,26.79988726922269
2012-12-25 00:00:00,12.219143987712243
2012-12-25 01:00:00,12.589086577550145
2012-12-25 02:00:00,7.976767096425191
2012-12-25 04:00:00,2.5806270024462505
2012-12-25 05:00:00,2.881257999193637
2012-12-25 06:00:00,7.502188320382298
2012-12-25 07:00:00,21.857651490882446
2012-12-25 08:00:00,63.04133062907724
2012-12-25 09:00:00,82.55338266630031
2012-12-25 10:00:00,96.10105710737722
2012-12-25 11:00:00,107.96309793445175
2012-12-25 12:00:00,119.74013816785276
2012-12-25 13:00:00,157.98284371816592
2012-12-25 14:00:00,145.52303878088077
2012-12-25 15:00:00,136.54457946443267
2012-12-25 16:00:00,130.47994606673
2012-12-25 17:00:00,137.61893897737778
2012-12-25 18:00:00,131.31369342260945
2012-12-25 19:00:00,110.5106429309785
2012-12-25 20:00:00,82.82192169204467
2012-12-25 21:00:00,61.904149082775554
2012-12-25 22:00:00,51.50331159220753
2012-12-25 23:00:00,26.9354349537318
2012-12-26 00:00:00,21.630748801633327
2012-12-26 01:00:00,4.924830553495635
2012-12-26 02:00:00,3.2345814074348667
2012-12-26 03:00:00,2.2628869975606674
2012-12-26 04:00:00,1.4043024661441847
2012-12-26 05:00:00,7.723363498718771
2012-12-26 06:00:00,47.420698974435176
2012-12-26 07:00:00,47.9240771050675
2012-12-26 08:00:00,99.40821233685803
2012-12-26 09:00:00,52.464505091473946
2012-12-26 10:00:00,23.357673614818715
2012-12-26 11:00:00,16.41753651829293
2012-12-26 12:00:00,23.000373578075923
2012-12-26 13:00:00,20.390424379073814
2012-12-26 14:00:00,17.286683692086008
2012-12-26 15:00:00,26.812874833653172
2012-12-26 16:00:00,35.74752775148386
2012-12-26 17:00:00,66.15541938733419
2012-12-26 18:00:00,68.71300977289751
2012-12-26 19:00:00,73.54295060481725
2012-12-26 20:00:00,47.76372063425806
2012-12-26 21:00:00,63.055918400636976
2012-12-26 22:00:00,15.931545185113999
2012-12-26 23:00:00,17.30254282985788
2012-12-27 00:00:00,10.960474434311584
2012-12-27 01:00:00,2.5094694385479284
2012-12-27 02:00:00,2.9982475584491044
2012-12-27 03:00:00,2.2150907159772015
2012-12-27 04:00:00,1.5918556095834164
2012-12-27 05:00:00,12.300043910806094
2012-12-27 06:00:00,49.11953611095291
2012-12-27 07:00:00,187.12198043536497
2012-12-27 08:00:00,333.8833514396738
2012-12-27 09:00:00,144.85923426928443
2012-12-27 10:00:00,72.7590321980071
2012-12-27 11:00:00,72.88713806953851
2012-12-27 12:00:00,102.72096289486086
2012-12-27 13:00:00,103.71401476431654
2012-12-27 14:00:00,68.08592485842475
2012-12-27 15:00:00,71.63481666922988
2012-12-27 16:00:00,106.1700545229704
2012-12-27 17:00:00,212.0051790352818
2012-12-27 18:00:00,172.97676065822014
2012-12-27 19:00:00,128.3767978287292
2012-12-27 20:00:00,104.90719558951523
2012-12-27 21:00:00,64.87802655933292
2012-12-27 22:00:00,49.15287299123035
2012-12-27 23:00:00,32.92329088604206
2012-12-28 00:00:00,25.184291759202463
2012-12-28 01:00:00,9.210850053910804
2012-12-28 02:00:00,5.479595940261609
2012-12-28 03:00:00,2.757594599684978
2012-12-28 04:00:00,2.1923705512450367
2012-12-28 05:00:00,11.163825332593454
2012-12-28 06:00:00,47.7034980447228
2012-12-28 07:00:00,146.16336980245612
2012-12-28 08:00:00,308.5665246590266
2012-12-28 09:00:00,157.24655747207765
2012-12-28 10:00:00,85.05738516747941
2012-12-28 11:00:00,91.99291478032211
2012-12-28 12:00:00,127.1230323995208
2012-12-28 13:00:00,124.25947438210393
2012-12-28 14:00:00,104.90654772984887
2012-12-28 15:00:00,105.48833651646208
2012-12-28 16:00:00,144.84182916846314
2012-12-28 17:00:00,184.30121192142005
2012-12-28 18:00:00,165.11731486179076
2012-12-28 19:00:00,106.83508170677372
2012-12-28 20:00:00,73.48308131146419
2012-12-28 21:00:00,56.99742419572941
2012-12-28 22:00:00,53.49691481882631
2012-12-28 23:00:00,41.75579789820536
2012-12-29 00:00:00,38.75048112185436
2012-12-29 01:00:00,26.940864256227062
2012-12-29 02:00:00,23.002313555969177
2012-12-29 03:00:00,11.486763847667394
2012-12-29 04:00:00,3.305802442041282
2012-12-29 05:00:00,2.46257640007194
2012-12-29 06:00:00,6.950184735912948
2012-12-29 07:00:00,22.259013925075607
2012-12-29 08:00:00,62.00988502954723
2012-12-29 09:00:00,104.89220937365242
2012-12-29 10:00:00,87.9915560102804
2012-12-29 11:00:00,55.579096752358176
2012-12-29 12:00:00,61.8825321765815
2012-12-29 13:00:00,60.12862123409329
2012-12-29 14:00:00,103.66593466762878
2012-12-29 15:00:00,99.00935696797325
2012-12-29 16:00:00,153.9939355106308
2012-12-29 17:00:00,123.80387717620934
2012-12-29 18:00:00,114.80143715160106
2012-12-29 19:00:00,95.86140867080226
2012-12-29 20:00:00,55.11366981094032
2012-12-29 21:00:00,48.4721207244511
2012-12-29 22:00:00,42.216299591570795
2012-12-29 23:00:00,52.89042445246377
2012-12-30 00:00:00,46.348006581586375
2012-12-30 01:00:00,28.446921942996774
2012-12-30 02:00:00,27.285040943708324
2012-12-30 03:00:00,12.331720024070874
2012-12-30 04:00:00,3.024283058031099
2012-12-30 05:00:00,2.751805742806421
2012-12-30 06:00:00,4.2499698277639535
2012-12-30 07:00:00,12.272622469415234
2012-12-30 08:00:00,35.36315202306478
2012-12-30 09:00:00,70.99566707556244
2012-12-30 10:00:00,105.59965086766158
2012-12-30 11:00:00,131.03939179175933
2012-12-30 12:00:00,149.15796884040606
2012-12-30 13:00:00,141.1717456324094
2012-12-30 14:00:00,141.83993278711844
2012-12-30 15:00:00,140.49661877861436
2012-12-30 16:00:00,140.50288624355122
2012-12-30 17:00:00,130.2527582977816
2012-12-30 18:00:00,100.65809069602727
2012-12-30 19:00:00,120.67670423310824
2012-12-30 20:00:00,53.654321504485104
2012-12-30 21:00:00,41.538411876485455
2012-12-30 22:00:00,31.71617333136714
2012-12-30 23:00:00,19.060684365285454
2012-12-31 00:00:00,12.622282427031607
2012-12-31 01:00:00,4.283060548981413
2012-12-31 02:00:00,2.5649167387847824
2012-12-31 03:00:00,1.4955037353220941
2012-12-31 04:00:00,1.6976889585672996
2012-12-31 05:00:00,7.356878755191181
2012-12-31 06:00:00,40.23451456059433
2012-12-31 07:00:00,125.49261055554189
2012-12-31 08:00:00,236.83807166399797
2012-12-31 09:00:00,141.50864385299425
2012-12-31 10:00:00,57.58434959152376
2012-12-31 11:00:00,57.859750552709755
2012-12-31 12:00:00,79.67872993128093
2012-12-31 13:00:00,94.86236585788497
2012-12-31 14:00:00,88.81744649126605
2012-12-31 15:00:00,96.74921626392363
2012-12-31 16:00:00,107.2436541843234
2012-12-31 17:00:00,223.99004472492683
2012-12-31 18:00:00,223.5039148453447
2012-12-31 19:00:00,144.65799036455587
2012-12-31 20:00:00,95.99001971908767
2012-12-31 21:00:00,74.40571380385813
2012-12-31 22:00:00,59.19045885159913
2012-12-31 23:00:00,31.658198425380625
