datetime,count
2011-01-20 00:00:00,27.00885881724277
2011-01-20 01:00:00,7.298449065604059
2011-01-20 02:00:00,4.013157380026324
2011-01-20 03:00:00,2.622590736924853
2011-01-20 04:00:00,2.105540682050418
2011-01-20 05:00:00,11.71281253695431
2011-01-20 06:00:00,54.577815598561145
2011-01-20 07:00:00,163.02632457449715
2011-01-20 08:00:00,299.93259071405055
2011-01-20 09:00:00,143.90400835246098
2011-01-20 10:00:00,81.94089076110745
2011-01-20 11:00:00,87.14753644419673
2011-01-20 12:00:00,118.14037119440398
2011-01-20 13:00:00,104.54227710340155
2011-01-20 14:00:00,94.06955238865434
2011-01-20 15:00:00,100.99611110010242
2011-01-20 16:00:00,122.91650917724542
2011-01-20 17:00:00,248.79436420543274
2011-01-20 18:00:00,203.6729126711522
2011-01-20 19:00:00,148.09372626634675
2011-01-20 20:00:00,96.73259553515469
2011-01-20 21:00:00,65.44487054664627
2011-01-20 22:00:00,49.25008071152123
2011-01-20 23:00:00,30.23664019044925
2011-01-21 00:00:00,23.738884722214323
2011-01-21 01:00:00,8.59190205061801
2011-01-21 02:00:00,4.93682571035018
2011-01-21 03:00:00,1.6856560117316433
2011-01-21 04:00:00,1.7504792658354675
2011-01-21 05:00:00,8.260590575708404
2011-01-21 06:00:00,47.16667337772543
2011-01-21 07:00:00,137.24928767728403
2011-01-21 08:00:00,266.6405417519416
2011-01-21 09:00:00,148.75668470966585
2011-01-21 10:00:00,65.18654303546151
2011-01-21 11:00:00,77.93768391710655
2011-01-21 12:00:00,98.38443460814956
2011-01-21 13:00:00,93.5650057727133
2011-01-21 14:00:00,81.96082776460484
2011-01-21 15:00:00,77.33668481873381
2011-01-21 16:00:00,96.0180333758232
2011-01-21 17:00:00,151.6833333629294
2011-01-21 18:00:00,118.37755813717396
2011-01-21 19:00:00,84.25128529419402
2011-01-21 20:00:00,46.76945181673311
2011-01-21 21:00:00,36.91512529814111
2011-01-21 22:00:00,29.1827646924865
2011-01-21 23:00:00,24.018035732960726
2011-01-22 00:00:00,17.511136717374526
2011-01-22 01:00:00,13.576891796008788
2011-01-22 02:00:00,13.33864605273782
2011-01-22 03:00:00,5.842833244538993
2011-01-22 04:00:00,1.3535519808911278
2011-01-22 06:00:00,3.1500136004212718
2011-01-22 07:00:00,10.868645050346109
2011-01-22 08:00:00,26.749754136965972
2011-01-22 09:00:00,47.70630042362309
2011-01-22 10:00:00,54.23926368180176
2011-01-22 11:00:00,61.73967827826715
2011-01-22 12:00:00,73.35815758286168
2011-01-22 13:00:00,75.32983183806738
2011-01-22 14:00:00,76.73336147718075
2011-01-22 15:00:00,93.85420805007303
2011-01-22 16:00:00,75.17785932322748
2011-01-22 17:00:00,79.1332360354106
2011-01-22 18:00:00,54.166539581916645
2011-01-22 19:00:00,45.84548796287382
2011-01-22 20:00:00,29.335384878452874
2011-01-22 21:00:00,31.395974853160414
2011-01-22 22:00:00,24.037331178018782
2011-01-22 23:00:00,18.285456299004636
2011-01-23 00:00:00,15.689122232565504
2011-01-23 01:00:00,15.933279522074539
2011-01-23 02:00:00,12.06716689971804
2011-01-23 03:00:00,7.2076608764109285
2011-01-23 05:00:00,1.5638437956024545
2011-01-23 06:00:00,2.168443248859007
2011-01-23 07:00:00,8.96073954892037
2011-01-23 08:00:00,23.728316985155608
2011-01-23 09:00:00,46.78848467589412
2011-01-23 10:00:00,69.59267730120821
2011-01-23 11:00:00,85.67790408924783
2011-01-23 12:00:00,104.47116196985164
2011-01-23 13:00:00,92.8479639465754
2011-01-23 14:00:00,104.70997950753171
2011-01-23 15:00:00,100.39974196669665
2011-01-23 16:00:00,96.87489119680185
2011-01-23 17:00:00,79.99693877197215
2011-01-23 18:00:00,64.75796615319864
2011-01-23 19:00:00,51.22731639993459
2011-01-23 20:00:00,34.80488033192699
2011-01-23 21:00:00,32.170061623396684
2011-01-23 22:00:00,22.760908771062493
2011-01-23 23:00:00,12.311325673410568
2011-01-24 00:00:00,9.076436522026007
2011-01-24 01:00:00,2.824017662201018
2011-01-24 03:00:00,0.9925284322971946
2011-01-24 04:00:00,1.1753408865521118
2011-01-24 05:00:00,4.968279334132262
2011-01-24 06:00:00,23.705229026299456
2011-01-24 07:00:00,69.37069639147809
2011-01-24 08:00:00,173.004389737479
2011-01-24 09:00:00,97.93202707811284
2011-01-24 10:00:00,46.83349258395178
2011-01-24 11:00:00,38.13311894525039
2011-01-24 12:00:00,57.06953074330656
2011-01-24 13:00:00,51.413947478684094
2011-01-24 14:00:00,43.002294202665595
2011-01-24 15:00:00,59.54613246779828
2011-01-24 16:00:00,64.63225655410919
2011-01-24 17:00:00,111.73323130952392
2011-01-24 18:00:00,113.37633793031635
2011-01-24 19:00:00,86.35386147456127
2011-01-24 20:00:00,55.17050045340505
2011-01-24 21:00:00,42.914154878286325
2011-01-24 22:00:00,26.966384411178772
2011-01-24 23:00:00,17.243200108193065
2011-01-25 00:00:00,10.158002266041143
2011-01-25 01:00:00,3.47078595983245
2011-01-25 02:00:00,2.0402227095565832
2011-01-25 04:00:00,1.5986471146456853
2011-01-25 05:00:00,7.128391165195042
2011-01-25 06:00:00,39.77161397404692
2011-01-25 07:00:00,123.40895377026911
2011-01-25 08:00:00,248.9846857397387
2011-01-25 09:00:00,142.59866580274792
2011-01-25 10:00:00,64.69467414360953
2011-01-25 11:00:00,65.42467890676619
2011-01-25 12:00:00,80.3724989569208
2011-01-25 13:00:00,85.75422560606414
2011-01-25 14:00:00,88.29742200995189
2011-01-25 15:00:00,96.35536620245443
2011-01-25 16:00:00,131.640698008152
2011-01-25 17:00:00,263.79895854028297
2011-01-25 18:00:00,243.43544362016516
2011-01-25 19:00:00,133.85222692251972
2011-01-25 20:00:00,87.85722777693954
2011-01-25 21:00:00,70.38251386955696
2011-01-25 22:00:00,47.593449402727074
2011-01-25 23:00:00,24.55170319408045
2011-01-26 00:00:00,13.947838874104626
2011-01-26 01:00:00,6.105906314207479
2011-01-26 02:00:00,2.0999596963302705
2011-01-26 05:00:00,4.197780961315036
2011-01-26 06:00:00,21.910747805782382
2011-01-26 07:00:00,52.147703307151225
2011-01-26 08:00:00,105.83537097511416
2011-01-26 09:00:00,59.313728244180275
2011-01-26 10:00:00,22.209343283795626
2011-01-26 11:00:00,17.07963761765594
2011-01-26 12:00:00,19.853054174324466
2011-01-26 13:00:00,17.295656721968207
2011-01-26 14:00:00,15.07389773768078
2011-01-26 15:00:00,15.127142203805104
2011-01-26 16:00:00,24.24430910211926
2011-01-26 17:00:00,49.0655584206151
2011-01-27 16:00:00,94.41692185830398
2011-01-27 17:00:00,200.2209879416815
2011-01-27 18:00:00,179.18205634747693
2011-01-27 19:00:00,129.5307157215826
2011-01-27 20:00:00,88.08848940024625
2011-01-27 21:00:00,69.10992674925357
2011-01-27 22:00:00,53.270601277383285
2011-01-27 23:00:00,33.60795999179377
2011-01-28 00:00:00,18.366968158229195
2011-01-28 01:00:00,7.472505052217919
2011-01-28 02:00:00,3.6538450872055632
2011-01-28 03:00:00,2.1959164394366932
2011-01-28 05:00:00,8.35230738516465
2011-01-28 06:00:00,36.452245328491664
2011-01-28 07:00:00,89.94699973500587
2011-01-28 08:00:00,214.66314824478414
2011-01-28 09:00:00,79.30263949612315
2011-01-28 10:00:00,35.599235488627954
2011-01-28 11:00:00,29.314053392666256
2011-01-28 12:00:00,34.20682742870686
2011-01-28 13:00:00,31.075934560276206
2011-01-28 14:00:00,35.83292211477372
2011-01-28 15:00:00,47.413546161713796
2011-01-28 16:00:00,80.49630644428743
2011-01-28 17:00:00,174.50012807453373
2011-01-28 18:00:00,157.1077330607024
2011-01-28 19:00:00,106.02381612836373
2011-01-28 20:00:00,72.07929250982697
2011-01-28 21:00:00,51.18924442779868
2011-01-28 22:00:00,57.07612839749595
2011-01-28 23:00:00,48.53516994681216
2011-01-29 00:00:00,37.135509045526916
2011-01-29 01:00:00,26.07830419233291
2011-01-29 02:00:00,20.816053448232847
2011-01-29 03:00:00,10.712315140992441
2011-01-29 04:00:00,2.5531741039247526
2011-01-29 06:00:00,5.199293342265934
2011-01-29 07:00:00,15.74159065077921
2011-01-29 08:00:00,48.48708842054743
2011-01-29 09:00:00,78.40970028935864
2011-01-29 10:00:00,80.87854108185573
2011-01-29 11:00:00,79.99440521884023
2011-01-29 12:00:00,101.0135258987282
2011-01-29 13:00:00,113.47319137410312
2011-01-29 14:00:00,100.03438021667101
2011-01-29 15:00:00,105.78055339122895
2011-01-29 16:00:00,111.37189025566953
2011-01-29 17:00:00,114.12298903155701
2011-01-29 18:00:00,94.24118087608413
2011-01-29 19:00:00,65.71071827438598
2011-01-29 20:00:00,52.454690174948084
2011-01-29 21:00:00,47.16693456434547
2011-01-29 22:00:00,36.85845655278563
2011-01-29 23:00:00,32.88695974996159
2011-01-30 00:00:00,25.808718783226162
2011-01-30 01:00:00,21.846716308262213
2011-01-30 02:00:00,18.734767173494436
2011-01-30 03:00:00,10.857860906383978
2011-01-30 04:00:00,2.3497672594187526
2011-01-30 05:00:00,2.318595489250001
2011-01-30 07:00:00,10.46017726434285
2011-01-30 08:00:00,27.38030074584501
2011-01-30 09:00:00,57.83749121900164
2011-01-30 10:00:00,76.71821607869877
2011-01-30 11:00:00,103.90865147533961
2011-01-30 12:00:00,175.7129386914188
2011-01-30 13:00:00,150.20226763655756
2011-01-30 14:00:00,128.25919549256514
2011-01-30 15:00:00,135.29966282554588
2011-01-30 16:00:00,135.1393041101011
2011-01-30 17:00:00,136.68879727490926
2011-01-30 18:00:00,95.53363189924617
2011-01-30 19:00:00,74.47161668963966
2011-01-30 20:00:00,59.96965563909663
2011-01-30 21:00:00,41.04364762751885
2011-01-30 22:00:00,35.21627259949601
2011-01-30 23:00:00,20.858065898862563
2011-01-31 00:00:00,14.828282756315364
2011-01-31 01:00:00,4.564290259330768
2011-01-31 02:00:00,2.97058842603913
2011-01-31 03:00:00,1.8637568600952346
2011-01-31 04:00:00,1.74148437903323
2011-01-31 05:00:00,5.986041451232444
2011-01-31 06:00:00,34.47532924820517
2011-01-31 07:00:00,96.35190373764337
2011-01-31 08:00:00,217.1828799978407
2011-01-31 09:00:00,106.00469429729728
2011-01-31 10:00:00,48.88543549308794
2011-01-31 11:00:00,48.24216746670425
2011-01-31 12:00:00,67.17810927425514
2011-01-31 13:00:00,59.922869774277466
2011-01-31 14:00:00,51.97412969083641
2011-01-31 15:00:00,48.18747791663125
2011-01-31 16:00:00,60.205620354896524
2011-01-31 17:00:00,133.9305691483492
2011-01-31 18:00:00,130.54018679946918
2011-01-31 19:00:00,160.9685534650042
2011-01-31 20:00:00,57.18820394259976
2011-01-31 21:00:00,43.40329182478816
2011-01-31 22:00:00,33.52215303397443
2011-01-31 23:00:00,18.34273161921793
2011-02-20 00:00:00,57.06267696034861
2011-02-20 01:00:00,28.2548520165453
2011-02-20 02:00:00,23.724697189576794
2011-02-20 03:00:00,10.638670828906298
2011-02-20 04:00:00,2.103476232808815
2011-02-20 06:00:00,4.370947673558908
2011-02-20 07:00:00,14.099753471859488
2011-02-20 08:00:00,36.73878159748607
2011-02-20 09:00:00,67.76069407874725
2011-02-20 10:00:00,126.8802463277148
2011-02-20 11:00:00,159.5390962668108
2011-02-20 12:00:00,184.6487622069999
2011-02-20 13:00:00,247.1875734184243
2011-02-20 14:00:00,219.24571074675208
2011-02-20 15:00:00,211.2134826313229
2011-02-20 16:00:00,199.91226087519027
2011-02-20 17:00:00,173.08667437057872
2011-02-20 18:00:00,156.9887367778347
2011-02-20 19:00:00,131.76411718143515
2011-02-20 20:00:00,102.44870688114567
2011-02-20 21:00:00,65.19005965610921
2011-02-20 22:00:00,52.848545563248294
2011-02-20 23:00:00,29.586578491605252
2011-02-21 00:00:00,36.09923896105855
2011-02-21 01:00:00,15.5197351005382
2011-02-21 02:00:00,10.23022320186026
2011-02-21 03:00:00,3.6728974989294274
2011-02-21 04:00:00,3.530973172968327
2011-02-21 05:00:00,3.554978986033343
2011-02-21 06:00:00,10.30059687838838
2011-02-21 07:00:00,31.342765690537295
2011-02-21 08:00:00,82.00048783290856
2011-02-21 09:00:00,98.73232722192685
2011-02-21 10:00:00,101.05023958660811
2011-02-21 11:00:00,119.41134665669466
2011-02-21 12:00:00,135.75822974066304
2011-02-21 13:00:00,62.07257301156707
2011-02-21 14:00:00,120.14972304182436
2011-02-21 15:00:00,91.34553632119982
2011-02-21 16:00:00,57.809787825145534
2011-02-21 17:00:00,109.51582815137054
2011-02-21 18:00:00,82.93636989520841
2011-02-21 19:00:00,70.84737493977902
2011-02-21 20:00:00,36.39133057033819
2011-02-21 21:00:00,24.863991526663114
2011-02-21 22:00:00,19.39797273578461
2011-02-21 23:00:00,10.633356684559834
2011-02-22 06:00:00,28.888397707680877
2011-02-22 07:00:00,84.01841833303656
2011-02-22 08:00:00,192.05164080838193
2011-02-22 09:00:00,101.09872482269246
2011-02-22 10:00:00,54.279309166281166
2011-02-22 11:00:00,45.755700684497185
2011-02-22 12:00:00,60.15572556406478
2011-02-22 13:00:00,71.36694505824914
2011-02-22 14:00:00,58.40886039210868
2011-02-22 15:00:00,72.66963308230628
2011-02-22 16:00:00,86.40933907879177
2011-02-22 17:00:00,180.4018549397824
2011-02-22 18:00:00,186.4999958876701
2011-02-22 19:00:00,111.35597759207353
2011-02-22 20:00:00,76.57367244658404
2011-02-22 21:00:00,57.208781182640614
2011-02-22 22:00:00,40.850801292018865
2011-02-22 23:00:00,23.636382844807866
2011-02-23 00:00:00,13.799727695190095
2011-02-23 01:00:00,4.81859467802177
2011-02-23 02:00:00,1.9618683923482845
2011-02-23 03:00:00,1.5977283976006107
2011-02-23 05:00:00,7.185761219021032
2011-02-23 06:00:00,38.885376753781564
2011-02-23 07:00:00,107.57421074705766
2011-02-23 08:00:00,244.7441712143428
2011-02-23 09:00:00,153.4315143489629
2011-02-23 10:00:00,68.10128323196534
2011-02-23 11:00:00,76.470194240454
2011-02-23 12:00:00,96.11312506710121
2011-02-23 13:00:00,107.18087239798426
2011-02-23 14:00:00,101.65926945327946
2011-02-23 15:00:00,119.17286528878422
2011-02-23 16:00:00,150.82407497633852
2011-02-23 17:00:00,323.9672703944239
2011-02-23 18:00:00,308.5548047949247
2011-02-23 19:00:00,198.49575963793927
2011-02-23 20:00:00,99.48668736334452
2011-02-23 21:00:00,78.16831682259482
2011-02-23 22:00:00,59.02143558494856
2011-02-23 23:00:00,29.528357417512478
2011-02-24 00:00:00,18.790543312320434
2011-02-24 01:00:00,6.117608275217839
2011-02-24 02:00:00,3.2366636043983212
2011-02-24 03:00:00,2.242626537906556
2011-02-24 05:00:00,11.05525641927205
2011-02-24 06:00:00,54.667088847281526
2011-02-24 07:00:00,174.10634471158235
2011-02-24 08:00:00,371.6603128004557
2011-02-24 09:00:00,137.86131062129783
2011-02-24 10:00:00,65.91174849293758
2011-02-24 11:00:00,78.3515542844989
2011-02-24 12:00:00,102.01031306746832
2011-02-24 13:00:00,106.24102216889911
2011-02-24 14:00:00,100.81478322484091
2011-02-24 15:00:00,53.19423173007881
2011-02-24 16:00:00,77.85257116940235
2011-02-24 17:00:00,188.20486014637365
2011-02-24 18:00:00,211.4156810001395
2011-02-24 19:00:00,68.35772762631125
2011-02-24 20:00:00,95.47417564874962
2011-02-24 21:00:00,89.7606693423637
2011-02-24 22:00:00,42.002506477288286
2011-02-24 23:00:00,44.1814313460151
2011-02-25 00:00:00,20.40038005076619
2011-02-25 01:00:00,11.670891886922458
2011-02-25 02:00:00,6.319059850907275
2011-02-25 03:00:00,2.874793071345788
2011-02-25 05:00:00,11.833512210590763
2011-02-25 06:00:00,40.198284467490375
2011-02-25 07:00:00,76.86526230283178
2011-02-25 08:00:00,189.5190564353301
2011-02-25 09:00:00,76.31844116051077
2011-02-25 10:00:00,49.05022200430584
2011-02-25 11:00:00,173.76970358369576
2011-02-25 12:00:00,120.20762199495313
2011-02-25 13:00:00,102.91234506500392
2011-02-25 14:00:00,91.42346467536736
2011-02-25 15:00:00,159.77603985880685
2011-02-25 16:00:00,154.45072011466982
2011-02-25 17:00:00,238.52361556651
2011-02-25 18:00:00,213.3622005025151
2011-02-25 19:00:00,128.59358442520912
2011-02-25 20:00:00,90.77968405598709
2011-02-25 21:00:00,83.12962704499033
2011-02-25 22:00:00,72.15906800451685
2011-02-25 23:00:00,53.50097740908106
2011-02-26 00:00:00,45.815897393647134
2011-02-26 01:00:00,30.155028600216248
2011-02-26 02:00:00,19.46362795207957
2011-02-26 03:00:00,11.459144034355917
2011-02-26 04:00:00,3.0979201438360415
2011-02-26 05:00:00,2.5712340113781496
2011-02-26 06:00:00,6.407523190668661
2011-02-26 07:00:00,17.165005376222574
2011-02-26 08:00:00,46.914505581835876
2011-02-26 09:00:00,96.97820518829502
2011-02-26 10:00:00,134.46739550592125
2011-02-26 11:00:00,171.9966524660146
2011-02-26 12:00:00,196.14388757242358
2011-02-26 13:00:00,203.72288574292597
2011-02-26 14:00:00,183.17557763335847
2011-02-26 15:00:00,190.42446608521732
2011-02-26 16:00:00,201.95092939722403
2011-02-26 17:00:00,196.55151446272274
2011-02-26 18:00:00,158.82147444242887
2011-02-26 19:00:00,110.97861175505037
2011-02-26 20:00:00,90.35616669913905
2011-02-26 21:00:00,67.02093581598052
2011-02-26 22:00:00,61.2192102064404
2011-02-26 23:00:00,50.46643921066375
2011-02-27 00:00:00,39.9613785441742
2011-02-27 01:00:00,35.574346456559034
2011-02-27 02:00:00,30.072872600603752
2011-02-27 03:00:00,15.080814470423391
2011-02-27 04:00:00,4.1347764914878615
2011-02-27 06:00:00,4.638906705407933
2011-02-27 07:00:00,16.780127510101586
2011-02-27 08:00:00,44.837549150434526
2011-02-27 09:00:00,90.76706977931019
2011-02-27 10:00:00,123.43601585524003
2011-02-27 11:00:00,190.0168114340788
2011-02-27 12:00:00,224.07831990121812
2011-02-27 13:00:00,280.40421371522143
2011-02-27 14:00:00,241.11314638609662
2011-02-27 15:00:00,256.2994521657079
2011-02-27 16:00:00,273.7831805896412
2011-02-27 17:00:00,196.7311324231156
2011-02-27 18:00:00,153.68886656747833
2011-02-27 19:00:00,132.77947974876847
2011-02-27 20:00:00,108.87937338465012
2011-02-27 21:00:00,79.3048162690245
2011-02-27 22:00:00,56.15211572236017
2011-02-27 23:00:00,37.30159584437553
2011-02-28 00:00:00,25.20923872825775
2011-02-28 01:00:00,5.419205599587854
2011-02-28 03:00:00,2.131093251748245
2011-02-28 05:00:00,13.607545294091478
2011-02-28 06:00:00,56.55413567157394
2011-02-28 07:00:00,173.50064970745467
2011-02-28 08:00:00,302.2187039389326
2011-02-28 09:00:00,208.83388615589763
2011-02-28 10:00:00,91.31726094042155
2011-02-28 11:00:00,138.57517135403492
2011-02-28 12:00:00,178.8541901088222
2011-02-28 13:00:00,93.903617875808
2011-02-28 14:00:00,60.75106020056572
2011-02-28 15:00:00,62.57191855562606
2011-02-28 16:00:00,117.91844103086677
2011-02-28 17:00:00,173.86830552392001
2011-02-28 18:00:00,261.6897299867374
2011-02-28 19:00:00,94.75069806169878
2011-02-28 20:00:00,65.6500073518824
2011-02-28 21:00:00,79.90146017469048
2011-02-28 22:00:00,34.76649207402945
2011-02-28 23:00:00,27.262514697701032
2011-03-20 00:00:00,65.81736075009908
2011-03-20 01:00:00,40.638493934500886
2011-03-20 02:00:00,32.343676203341765
2011-03-20 03:00:00,14.501858694797034
2011-03-20 04:00:00,2.780893039800854
2011-03-20 05:00:00,2.865337216950506
2011-03-20 06:00:00,3.7812709819503434
2011-03-20 07:00:00,15.658040430418081
2011-03-20 08:00:00,50.5611627713581
2011-03-20 09:00:00,98.0312579206875
2011-03-20 10:00:00,152.11207553920786
2011-03-20 11:00:00,183.59762867563185
2011-03-20 12:00:00,238.02970231497167
2011-03-20 13:00:00,246.76364114002342
2011-03-20 14:00:00,219.27033981316174
2011-03-20 15:00:00,213.72825330937812
2011-03-20 16:00:00,230.5424335970501
2011-03-20 17:00:00,183.41480703924978
2011-03-20 18:00:00,135.88590365015767
2011-03-20 19:00:00,120.4851441144833
2011-03-20 20:00:00,101.10783646213686
2011-03-20 21:00:00,65.19838116841181
2011-03-20 22:00:00,54.620198550929615
2011-03-20 23:00:00,22.85820524840984
2011-03-21 00:00:00,19.96261432930809
2011-03-21 01:00:00,6.054624905424068
2011-03-21 02:00:00,4.301904581095982
2011-03-21 03:00:00,2.3847264226590656
2011-03-21 05:00:00,11.176069645983326
2011-03-21 06:00:00,56.12261981341513
2011-03-21 07:00:00,87.237315976555
2011-03-21 08:00:00,241.69731109779346
2011-03-21 09:00:00,127.64597971264114
2011-03-21 10:00:00,77.90453278200272
2011-03-21 11:00:00,104.43046061254644
2011-03-21 12:00:00,125.19298983550497
2011-03-21 13:00:00,159.59884498223323
2011-03-21 14:00:00,151.79568688042124
2011-03-21 15:00:00,174.95694019391823
2011-03-21 16:00:00,242.73445278523968
2011-03-21 17:00:00,495.449822446747
2011-03-21 18:00:00,445.258683870469
2011-03-21 19:00:00,360.3968176194378
2011-03-21 20:00:00,259.1949979224933
2011-03-21 21:00:00,118.46144923165923
2011-03-21 22:00:00,88.41317212019605
2011-03-21 23:00:00,59.11162687246434
2011-03-22 00:00:00,27.455649751182957
2011-03-22 01:00:00,6.889870199870689
2011-03-22 02:00:00,4.768136880566895
2011-03-22 03:00:00,3.3738079291780174
2011-03-22 04:00:00,3.5628176076059894
2011-03-22 05:00:00,18.21278466067154
2011-03-22 06:00:00,90.70107351499155
2011-03-22 07:00:00,244.50175905084404
2011-03-22 08:00:00,503.87614095546076
2011-03-22 09:00:00,211.05990488320109
2011-03-22 10:00:00,120.25079010375916
2011-03-22 11:00:00,121.81872481198177
2011-03-22 12:00:00,157.78530054862094
2011-03-22 13:00:00,172.09684780590206
2011-03-22 14:00:00,159.39758582249527
2011-03-22 15:00:00,168.28712506031815
2011-03-22 16:00:00,258.8230868488983
2011-03-22 17:00:00,531.221656507128
2011-03-22 18:00:00,465.234581837062
2011-03-22 19:00:00,284.65018456843745
2011-03-22 20:00:00,180.36608658236406
2011-03-22 21:00:00,127.53685061629902
2011-03-22 22:00:00,95.90129641341802
2011-03-22 23:00:00,55.513627962678505
2011-03-23 00:00:00,19.01910036085499
2011-03-23 01:00:00,5.538866933254168
2011-03-23 02:00:00,3.3468740166504225
2011-03-23 03:00:00,2.9776336368904
2011-03-23 05:00:00,9.040588311800471
2011-03-23 06:00:00,65.418159088816
2011-03-23 07:00:00,137.91080809681762
2011-03-23 08:00:00,343.2286196622495
2011-03-23 09:00:00,145.90761922582885
2011-03-23 10:00:00,64.50033638525163
2011-03-23 11:00:00,60.06404685864898
2011-03-23 12:00:00,62.370040171486906
2011-03-23 13:00:00,35.87436882983082
2011-03-23 14:00:00,66.45699683258282
2011-03-23 15:00:00,78.70747240303592
2011-03-23 16:00:00,131.25510580144982
2011-03-23 17:00:00,282.19768200337694
2011-03-23 18:00:00,147.9534160826843
2011-03-23 19:00:00,112.19380380760336
2011-03-23 20:00:00,29.814487900031786
2011-03-23 21:00:00,20.15309101747928
2011-03-23 22:00:00,49.669134827372964
2011-03-23 23:00:00,26.56791990126241
2011-03-24 00:00:00,19.187462078699916
2011-03-24 01:00:00,5.1768910572898665
2011-03-24 02:00:00,3.724459527817925
2011-03-24 03:00:00,2.1858954896919163
2011-03-24 04:00:00,1.7665711688377561
2011-03-24 05:00:00,11.36421314731028
2011-03-24 06:00:00,57.17054203018925
2011-03-24 07:00:00,60.40303167797266
2011-03-24 08:00:00,103.8134865924104
2011-03-24 09:00:00,120.46928589099751
2011-03-24 10:00:00,39.580929122026625
2011-03-24 11:00:00,58.65382906572497
2011-03-24 12:00:00,73.27829130251804
2011-03-24 13:00:00,76.58808377960078
2011-03-24 14:00:00,68.93871782809947
2011-03-24 15:00:00,66.62533055837956
2011-03-24 16:00:00,96.72789344881316
2011-03-24 17:00:00,189.08923319928695
2011-03-24 18:00:00,188.8592515412977
2011-03-24 19:00:00,141.51163305479452
2011-03-24 20:00:00,97.5682794221456
2011-03-24 21:00:00,77.06910800084631
2011-03-24 22:00:00,65.67914316204353
2011-03-24 23:00:00,40.10695218881357
2011-03-25 00:00:00,29.179299073923165
2011-03-25 01:00:00,7.70331446906867
2011-03-25 02:00:00,4.209585341593887
2011-03-25 03:00:00,3.0535614691709183
2011-03-25 04:00:00,1.8688102246952105
2011-03-25 05:00:00,11.0082482893998
2011-03-25 06:00:00,49.68451474357683
2011-03-25 07:00:00,158.66631614165192
2011-03-25 08:00:00,354.15759979287094
2011-03-25 09:00:00,185.11453970623575
2011-03-25 10:00:00,96.5263647188456
2011-03-25 11:00:00,113.31754831989024
2011-03-25 12:00:00,146.75086770153877
2011-03-25 13:00:00,140.4007947417271
2011-03-25 14:00:00,157.4190381785184
2011-03-25 15:00:00,159.21130035819914
2011-03-25 16:00:00,205.89361105970164
2011-03-25 17:00:00,333.0771607648939
2011-03-25 18:00:00,233.57751325978614
2011-03-25 19:00:00,208.50329429145748
2011-03-25 20:00:00,137.3193264735149
2011-03-25 21:00:00,110.79356737151123
2011-03-25 22:00:00,92.84803340475666
2011-03-25 23:00:00,66.23492439314444
2011-03-26 00:00:00,70.08565345937262
2011-03-26 01:00:00,39.723408235816066
2011-03-26 02:00:00,30.437838197387123
2011-03-26 03:00:00,12.442604397957737
2011-03-26 04:00:00,3.7249250817289083
2011-03-26 05:00:00,3.955123217054248
2011-03-26 06:00:00,9.49378878923423
2011-03-26 07:00:00,26.28751105731026
2011-03-26 08:00:00,85.31212308441162
2011-03-26 09:00:00,132.5859870770515
2011-03-26 10:00:00,149.65476280394287
2011-03-26 11:00:00,160.46281249266227
2011-03-26 12:00:00,213.93074488498064
2011-03-26 13:00:00,235.09678663198264
2011-03-26 14:00:00,249.68420278287473
2011-03-26 15:00:00,266.3145796900697
2011-03-26 16:00:00,255.24791821581192
2011-03-26 17:00:00,214.9431511241461
2011-03-26 18:00:00,241.80138126980074
2011-03-26 19:00:00,118.35940168519083
2011-03-26 20:00:00,89.11837993221212
2011-03-26 21:00:00,76.45535261792236
2011-03-26 22:00:00,77.77554583237831
2011-03-26 23:00:00,58.095149302422094
2011-03-27 00:00:00,76.78719891558727
2011-03-27 01:00:00,45.52867369593054
2011-03-27 02:00:00,39.423341753149195
2011-03-27 03:00:00,12.857638248037647
2011-03-27 04:00:00,3.3071946988159864
2011-03-27 06:00:00,4.231813081983162
2011-03-27 07:00:00,9.700161530945797
2011-03-27 08:00:00,42.36039396755866
2011-03-27 09:00:00,96.51815490852421
2011-03-27 10:00:00,114.0906597774426
2011-03-27 11:00:00,147.61164100645456
2011-03-27 12:00:00,207.190958783975
2011-03-27 13:00:00,196.48043345634082
2011-03-27 14:00:00,218.39318893013746
2011-03-27 15:00:00,208.8522740792229
2011-03-27 16:00:00,238.9576164627069
2011-03-27 17:00:00,215.3681458794135
2011-03-27 18:00:00,163.3379393873663
2011-03-27 19:00:00,136.96550561755333
2011-03-27 20:00:00,94.23929534315826
2011-03-27 21:00:00,70.92881972869064
2011-03-27 22:00:00,62.14606219927985
2011-03-27 23:00:00,37.22796787074919
2011-03-28 00:00:00,16.35221603429039
2011-03-28 01:00:00,5.604139418752488
2011-03-28 02:00:00,4.0274320090553735
2011-03-28 03:00:00,2.089374732058652
2011-03-28 05:00:00,11.300116091452294
2011-03-28 06:00:00,58.36727919451962
2011-03-28 07:00:00,155.9109145595665
2011-03-28 08:00:00,327.3174458778802
2011-03-28 09:00:00,198.1243962059346
2011-03-28 10:00:00,79.93677772591364
2011-03-28 11:00:00,97.12314367070037
2011-03-28 12:00:00,156.69332647337484
2011-03-28 13:00:00,140.82808818650963
2011-03-28 14:00:00,110.58799822756264
2011-03-28 15:00:00,119.98099048560479
2011-03-28 16:00:00,170.71473997293327
2011-03-28 17:00:00,339.10919970468285
2011-03-28 18:00:00,333.6641022109261
2011-03-28 19:00:00,222.7836406556698
2011-03-28 20:00:00,167.90736992211475
2011-03-28 21:00:00,122.59433293003067
2011-03-28 22:00:00,75.3856928953105
2011-03-28 23:00:00,39.12624186202228
2011-03-29 00:00:00,26.4501291549354
2011-03-29 01:00:00,5.487538970387985
2011-03-29 02:00:00,3.7159009380041463
2011-03-29 03:00:00,2.3828954991253397
2011-03-29 04:00:00,2.560906613451807
2011-03-29 05:00:00,13.287996682634212
2011-03-29 06:00:00,70.02911802038754
2011-03-29 07:00:00,175.41959444810763
2011-03-29 08:00:00,373.6857837205713
2011-03-29 09:00:00,190.62665211948112
2011-03-29 10:00:00,104.74122158092834
2011-03-29 11:00:00,127.91515793068113
2011-03-29 12:00:00,142.13697208937626
2011-03-29 13:00:00,126.36483364209359
2011-03-29 14:00:00,124.15119209791325
2011-03-29 15:00:00,142.84300526225832
2011-03-29 16:00:00,198.77459241544872
2011-03-29 17:00:00,498.3314556703907
2011-03-29 18:00:00,422.3392810006664
2011-03-29 19:00:00,275.5821047539397
2011-03-29 20:00:00,193.91218730338952
2011-03-29 21:00:00,126.44338667404048
2011-03-29 22:00:00,91.15574707564842
2011-03-29 23:00:00,50.87680423352571
2011-03-30 00:00:00,31.85329241700242
2011-03-30 01:00:00,11.031525455038983
2011-03-30 02:00:00,5.539928414981413
2011-03-30 03:00:00,4.202592639221367
2011-03-30 04:00:00,4.035923340896348
2011-03-30 05:00:00,21.6581454118282
2011-03-30 06:00:00,118.44751223841104
2011-03-30 07:00:00,308.3616877877067
2011-03-30 08:00:00,588.882390549698
2011-03-30 09:00:00,273.89030371324975
2011-03-30 10:00:00,130.6771145009253
2011-03-30 11:00:00,119.93806761974184
2011-03-30 12:00:00,160.16298161461557
2011-03-30 13:00:00,141.44302958647333
2011-03-30 14:00:00,125.84534480033382
2011-03-30 15:00:00,28.153448871480844
2011-03-30 16:00:00,33.14819747605845
2011-03-30 17:00:00,71.02781640124813
2011-03-30 18:00:00,90.52111571659434
2011-03-30 19:00:00,78.32478931162898
2011-03-30 20:00:00,25.24893975861495
2011-03-30 21:00:00,36.62528854595388
2011-03-30 22:00:00,20.064076246261656
2011-03-30 23:00:00,12.88961504399853
2011-03-31 00:00:00,9.048003834658761
2011-03-31 01:00:00,3.515737319210842
2011-03-31 02:00:00,2.845020466078684
2011-03-31 03:00:00,1.3747790265214344
2011-03-31 04:00:00,1.3588891742151297
2011-03-31 05:00:00,7.345197439294134
2011-03-31 06:00:00,26.01174929123505
2011-03-31 07:00:00,65.77996004803168
2011-03-31 08:00:00,241.48209544917086
2011-03-31 09:00:00,57.992694044720906
2011-03-31 10:00:00,25.478176486698217
2011-03-31 11:00:00,30.11295121299503
2011-03-31 12:00:00,34.21430333207576
2011-03-31 13:00:00,40.737221385616365
2011-03-31 14:00:00,35.61148922467418
2011-03-31 15:00:00,30.978346746695973
2011-03-31 16:00:00,74.64819535790944
2011-03-31 17:00:00,145.3698276022869
2011-03-31 18:00:00,156.8167928728774
2011-03-31 19:00:00,125.2711582043223
2011-03-31 20:00:00,33.70966085866651
2011-03-31 21:00:00,55.62854993819841
2011-03-31 22:00:00,26.764893359936938
2011-03-31 23:00:00,20.422600684405534
2011-04-20 00:00:00,30.53026454296765
2011-04-20 01:00:00,7.839407476271521
2011-04-20 02:00:00,4.973033928669555
2011-04-20 03:00:00,3.968343312401548
2011-04-20 04:00:00,2.6029472758255023
2011-04-20 05:00:00,17.44374644228767
2011-04-20 06:00:00,92.34611860324475
2011-04-20 07:00:00,259.88745361319417
2011-04-20 08:00:00,586.1667443685457
2011-04-20 09:00:00,277.9773503992598
2011-04-20 10:00:00,161.45531609147096
2011-04-20 11:00:00,170.5847718166159
2011-04-20 12:00:00,234.56627162600333
2011-04-20 13:00:00,215.63171468994418
2011-04-20 14:00:00,196.5485906418923
2011-04-20 15:00:00,247.47099469170706
2011-04-20 16:00:00,372.1106194103287
2011-04-20 17:00:00,737.7905416827621
2011-04-20 18:00:00,663.1443558264184
2011-04-20 19:00:00,530.7620621502703
2011-04-20 20:00:00,396.6126472206634
2011-04-20 21:00:00,270.3333664877629
2011-04-20 22:00:00,200.27022777294738
2011-04-20 23:00:00,108.91855341920963
2011-04-21 00:00:00,57.17495780358284
2011-04-21 01:00:00,15.28603301099591
2011-04-21 02:00:00,8.82698331134674
2011-04-21 03:00:00,3.6152375381516193
2011-04-21 04:00:00,3.4275860334103165
2011-04-21 05:00:00,21.292795283611937
2011-04-21 06:00:00,95.90671974716618
2011-04-21 07:00:00,270.20853622233733
2011-04-21 08:00:00,460.90857203988685
2011-04-21 09:00:00,236.5263186775305
2011-04-21 10:00:00,140.4798549202197
2011-04-21 11:00:00,149.10577483799548
2011-04-21 12:00:00,200.97636993833297
2011-04-21 13:00:00,209.62500358320057
2011-04-21 14:00:00,184.7236228970988
2011-04-21 15:00:00,201.40125707820513
2011-04-21 16:00:00,295.09122155958414
2011-04-21 17:00:00,605.4301539234647
2011-04-21 18:00:00,557.8082132707076
2011-04-21 19:00:00,372.74220735581133
2011-04-21 20:00:00,262.47150651226485
2011-04-21 21:00:00,188.84180656322786
2011-04-21 22:00:00,145.74448481906364
2011-04-21 23:00:00,89.96102300619722
2011-04-22 00:00:00,46.82058332567101
2011-04-22 01:00:00,19.19885763374981
2011-04-22 02:00:00,10.216790932825957
2011-04-22 03:00:00,5.223351378061108
2011-04-22 04:00:00,3.8199315167958816
2011-04-22 05:00:00,22.32132859223956
2011-04-22 06:00:00,100.29477916337147
2011-04-22 07:00:00,242.6309431693832
2011-04-22 08:00:00,506.898370764912
2011-04-22 09:00:00,127.85128440386033
2011-04-22 10:00:00,108.24742367318997
2011-04-22 11:00:00,72.80147279334278
2011-04-22 12:00:00,77.58718331245647
2011-04-22 13:00:00,49.04712946434531
2011-04-22 14:00:00,34.76840055522823
2011-04-22 15:00:00,51.736022018795715
2011-04-22 16:00:00,75.95532465222992
2011-04-22 17:00:00,106.22524281947676
2011-04-22 18:00:00,81.97330853671534
2011-04-22 19:00:00,69.18039640459192
2011-04-22 20:00:00,46.338520599904676
2011-04-22 21:00:00,38.91293412595767
2011-04-22 22:00:00,31.216285684804735
2011-04-22 23:00:00,37.57359660714799
2011-04-23 00:00:00,31.985760926059616
2011-04-23 01:00:00,25.906560186907342
2011-04-23 02:00:00,26.93381647130669
2011-04-23 03:00:00,12.5037670645658
2011-04-23 04:00:00,4.9232855227991354
2011-04-23 05:00:00,5.162635113335611
2011-04-23 06:00:00,10.597080644554632
2011-04-23 07:00:00,18.837398758365794
2011-04-23 08:00:00,52.61162900072908
2011-04-23 09:00:00,83.78735273295725
2011-04-23 10:00:00,139.03072060907394
2011-04-23 11:00:00,167.89100104807088
2011-04-23 12:00:00,217.99608552071115
2011-04-23 13:00:00,232.91193845981175
2011-04-23 14:00:00,307.34901055920534
2011-04-23 15:00:00,383.66072554450756
2011-04-23 16:00:00,392.3373403348893
2011-04-23 17:00:00,354.306043419776
2011-04-23 18:00:00,277.90343249659736
2011-04-23 19:00:00,219.67536985397726
2011-04-23 20:00:00,142.24891861679157
2011-04-23 21:00:00,130.0409912836681
2011-04-23 22:00:00,141.8185309003971
2011-04-23 23:00:00,107.28921828404927
2011-04-24 00:00:00,103.7823408433067
2011-04-24 01:00:00,76.88400605328329
2011-04-24 02:00:00,63.25627924454411
2011-04-24 03:00:00,32.417702368376624
2011-04-24 04:00:00,8.4557637718036
2011-04-24 05:00:00,9.871948119559843
2011-04-24 06:00:00,12.815088992339023
2011-04-24 07:00:00,36.83639081559985
2011-04-24 08:00:00,88.6837875058332
2011-04-24 09:00:00,159.86113042964328
2011-04-24 10:00:00,280.86118409986284
2011-04-24 11:00:00,410.8694710985479
2011-04-24 12:00:00,439.1314052446734
2011-04-24 13:00:00,479.4940370341518
2011-04-24 14:00:00,467.1078939691828
2011-04-24 15:00:00,432.74620277114315
2011-04-24 16:00:00,488.6836788523998
2011-04-24 17:00:00,414.0445305075191
2011-04-24 18:00:00,339.61402244185547
2011-04-24 19:00:00,161.08488276973995
2011-04-24 20:00:00,108.09281952823574
2011-04-24 21:00:00,74.66639183246528
2011-04-24 22:00:00,54.871947789908944
2011-04-24 23:00:00,50.270698861129276
2011-04-25 00:00:00,29.549885805480677
2011-04-25 01:00:00,11.208361843472638
2011-04-25 02:00:00,7.910453720545128
2011-04-25 03:00:00,3.5407802731529947
2011-04-25 04:00:00,5.584037205997788
2011-04-25 05:00:00,18.915962599058517
2011-04-25 06:00:00,96.21927431469655
2011-04-25 07:00:00,230.91900627623139
2011-04-25 08:00:00,541.7127706361325
2011-04-25 09:00:00,265.4300816873028
2011-04-25 10:00:00,142.52191750208226
2011-04-25 11:00:00,170.299143545519
2011-04-25 12:00:00,195.1313252442747
2011-04-25 13:00:00,210.15642118286456
2011-04-25 14:00:00,195.6150884380265
2011-04-25 15:00:00,206.3440574192004
2011-04-25 16:00:00,321.0802350771508
2011-04-25 17:00:00,615.4454296050544
2011-04-25 18:00:00,571.1215502820676
2011-04-25 19:00:00,414.02933120310945
2011-04-25 20:00:00,296.26718360510193
2011-04-25 21:00:00,212.79171840024134
2011-04-25 22:00:00,131.35922143754345
2011-04-25 23:00:00,68.57906656043639
2011-04-26 00:00:00,38.18327524507992
2011-04-26 01:00:00,11.718843363035262
2011-04-26 02:00:00,5.462692168196151
2011-04-26 03:00:00,3.419728876046137
2011-04-26 04:00:00,4.6001319918009544
2011-04-26 05:00:00,24.074127512412
2011-04-26 06:00:00,124.4045691908652
2011-04-26 07:00:00,361.81960749615115
2011-04-26 08:00:00,535.1474387808207
2011-04-26 09:00:00,260.5833187074206
2011-04-26 10:00:00,146.9129813216264
2011-04-26 11:00:00,163.08786361546376
2011-04-26 12:00:00,201.59461750770316
2011-04-26 13:00:00,215.09384727085225
2011-04-26 14:00:00,191.2298191301143
2011-04-26 15:00:00,199.9576390955505
2011-04-26 16:00:00,333.96757323103293
2011-04-26 17:00:00,624.9063899612485
2011-04-26 18:00:00,582.2744031248822
2011-04-26 19:00:00,372.1935067419498
2011-04-26 20:00:00,286.49226761816334
2011-04-26 21:00:00,205.1154010455938
2011-04-26 22:00:00,123.34786502356864
2011-04-26 23:00:00,72.24728191332882
2011-04-27 00:00:00,37.95609430543876
2011-04-27 01:00:00,13.28572132052911
2011-04-27 02:00:00,6.168337310505812
2011-04-27 03:00:00,3.855772651510176
2011-04-27 04:00:00,3.7850808858474583
2011-04-27 05:00:00,20.63151635457534
2011-04-27 06:00:00,117.82042742175395
2011-04-27 07:00:00,293.0852177769304
2011-04-27 08:00:00,476.27052628802966
2011-04-27 09:00:00,194.29549443100979
2011-04-27 10:00:00,114.82347556954673
2011-04-27 11:00:00,131.43758865271678
2011-04-27 12:00:00,158.78182247967763
2011-04-27 13:00:00,151.77899717744378
2011-04-27 14:00:00,167.4938746505097
2011-04-27 15:00:00,189.8213247089733
2011-04-27 16:00:00,290.400188175885
2011-04-27 17:00:00,240.3327981496745
2011-04-27 18:00:00,243.15765065217153
2011-04-27 19:00:00,358.7608077983092
2011-04-27 20:00:00,238.44328828378127
2011-04-27 21:00:00,155.68272338672324
2011-04-27 22:00:00,113.31429195537424
2011-04-27 23:00:00,67.02561671479334
2011-04-28 00:00:00,57.24458154436571
2011-04-28 01:00:00,13.347233081491524
2011-04-28 02:00:00,6.77656881751339
2011-04-28 03:00:00,3.852019896632796
2011-04-28 04:00:00,4.560587718615106
2011-04-28 05:00:00,25.851882518861352
2011-04-28 06:00:00,115.23897521253161
2011-04-28 07:00:00,306.77270456799096
2011-04-28 08:00:00,494.77401529045903
2011-04-28 09:00:00,107.8011292180262
2011-04-28 10:00:00,113.73930177287887
2011-04-28 11:00:00,140.40549253502903
2011-04-28 12:00:00,183.31853543129117
2011-04-28 13:00:00,165.09762299896968
2011-04-28 14:00:00,178.06713257207278
2011-04-28 15:00:00,221.80693949566685
2011-04-28 16:00:00,320.450952177897
2011-04-28 17:00:00,681.1310867370055
2011-04-28 18:00:00,644.4272598332554
2011-04-28 19:00:00,498.05924104830285
2011-04-28 20:00:00,325.2789349467509
2011-04-28 21:00:00,236.73584701614269
2011-04-28 22:00:00,179.0593505276998
2011-04-28 23:00:00,122.35766667624972
2011-04-29 00:00:00,86.60352247205543
2011-04-29 01:00:00,30.999635690011317
2011-04-29 02:00:00,13.707211174069604
2011-04-29 03:00:00,6.438271551922167
2011-04-29 04:00:00,5.365814195145564
2011-04-29 05:00:00,28.2904062717566
2011-04-29 06:00:00,140.83046043549663
2011-04-29 07:00:00,364.87348411120655
2011-04-29 08:00:00,633.3572289278621
2011-04-29 09:00:00,329.8960930675681
2011-04-29 10:00:00,197.8272155689855
2011-04-29 11:00:00,240.84561788318788
2011-04-29 12:00:00,293.60281186852137
2011-04-29 13:00:00,285.74870850080833
2011-04-29 14:00:00,259.86792671211964
2011-04-29 15:00:00,267.5801139501188
2011-04-29 16:00:00,337.62334716572116
2011-04-29 17:00:00,538.7446873548968
2011-04-29 18:00:00,465.0449018978142
2011-04-29 19:00:00,274.2054643734771
2011-04-29 20:00:00,216.63805621102662
2011-04-29 21:00:00,171.21502226228571
2011-04-29 22:00:00,131.23861733205345
2011-04-29 23:00:00,114.8135943779575
2011-04-30 00:00:00,101.46999986111182
2011-04-30 01:00:00,70.41527286954879
2011-04-30 02:00:00,51.50915709325504
2011-04-30 03:00:00,21.869056313542544
2011-04-30 04:00:00,6.941115419200643
2011-04-30 05:00:00,6.925740199084565
2011-04-30 06:00:00,19.1551204587232
2011-04-30 07:00:00,39.65599005903839
2011-04-30 08:00:00,101.7809265172101
2011-04-30 09:00:00,182.1169315790625
2011-04-30 10:00:00,274.5846354970472
2011-04-30 11:00:00,349.3004617902594
2011-04-30 12:00:00,388.6626078637414
2011-04-30 13:00:00,430.642950144093
2011-04-30 14:00:00,454.86302698607545
2011-04-30 15:00:00,477.6417485135715
2011-04-30 16:00:00,457.1357189300116
2011-04-30 17:00:00,411.32584658518573
2011-04-30 18:00:00,341.23177093182784
2011-04-30 19:00:00,306.26889440622557
2011-04-30 20:00:00,165.48291247082884
2011-04-30 21:00:00,148.43738723312947
2011-04-30 22:00:00,130.58347000183232
2011-04-30 23:00:00,111.03329588041174
2011-05-20 00:00:00,48.56016711934578
2011-05-20 01:00:00,18.93932325698979
2011-05-20 02:00:00,9.867889378470446
2011-05-20 03:00:00,5.51788737517974
2011-05-20 04:00:00,4.225943007621397
2011-05-20 05:00:00,24.209465632539683
2011-05-20 06:00:00,123.91278592161598
2011-05-20 07:00:00,372.53649851594776
2011-05-20 08:00:00,653.654217888957
2011-05-20 09:00:00,311.4168385383819
2011-05-20 10:00:00,174.5551806786548
2011-05-20 11:00:00,198.1216965258981
2011-05-20 12:00:00,261.30859603745307
2011-05-20 13:00:00,160.6274181084877
2011-05-20 14:00:00,242.36722979070774
2011-05-20 15:00:00,242.56347002371564
2011-05-20 16:00:00,348.7079935868733
2011-05-20 17:00:00,606.9578221305094
2011-05-20 18:00:00,551.1387109186763
2011-05-20 19:00:00,378.7878732138122
2011-05-20 20:00:00,266.6228025767253
2011-05-20 21:00:00,212.90788892429936
2011-05-20 22:00:00,179.59528227649923
2011-05-20 23:00:00,134.24801872483818
2011-05-21 00:00:00,119.78038559199241
2011-05-21 01:00:00,93.85994129893092
2011-05-21 02:00:00,65.55805579870126
2011-05-21 03:00:00,26.465601001703607
2011-05-21 04:00:00,6.35376873275328
2011-05-21 05:00:00,8.826149964925097
2011-05-21 06:00:00,24.347552796875004
2011-05-21 07:00:00,64.69703892033942
2011-05-21 08:00:00,142.7859692603028
2011-05-21 09:00:00,242.66891256423995
2011-05-21 10:00:00,361.53226261849807
2011-05-21 11:00:00,453.88453559273006
2011-05-21 12:00:00,545.7304301536162
2011-05-21 13:00:00,575.1856599126825
2011-05-21 14:00:00,608.8602519187953
2011-05-21 15:00:00,542.432454003053
2011-05-21 16:00:00,521.9456633568599
2011-05-21 17:00:00,497.9003269593467
2011-05-21 18:00:00,429.06981482273346
2011-05-21 19:00:00,384.6836473551975
2011-05-21 20:00:00,297.0785274742508
2011-05-21 21:00:00,244.20405850209056
2011-05-21 22:00:00,206.17254722213497
2011-05-21 23:00:00,163.96678074047918
2011-05-22 00:00:00,105.96405483573793
2011-05-22 01:00:00,79.72869642892192
2011-05-22 02:00:00,68.32018761403873
2011-05-22 03:00:00,32.09299036575733
2011-05-22 04:00:00,9.07169105440524
2011-05-22 05:00:00,9.635596172201291
2011-05-22 06:00:00,15.241331801793363
2011-05-22 07:00:00,47.11895182090054
2011-05-22 08:00:00,114.32323426285458
2011-05-22 09:00:00,209.84123640385437
2011-05-22 10:00:00,332.7929250164478
2011-05-22 11:00:00,441.32339708572863
2011-05-22 12:00:00,522.3667367458755
2011-05-22 13:00:00,496.869029934908
2011-05-22 14:00:00,259.0285855278265
2011-05-22 15:00:00,416.55665430816117
2011-05-22 16:00:00,460.48004268798815
2011-05-22 17:00:00,444.60741925504914
2011-05-22 18:00:00,360.90317599882815
2011-05-22 19:00:00,310.5992116275954
2011-05-22 20:00:00,239.18050480049263
2011-05-22 21:00:00,177.74746417234192
2011-05-22 22:00:00,131.11994103896612
2011-05-22 23:00:00,72.33379852112509
2011-05-23 00:00:00,31.762268537165355
2011-05-23 01:00:00,13.30232285983508
2011-05-23 02:00:00,7.499727149174691
2011-05-23 03:00:00,3.4197289569215457
2011-05-23 04:00:00,5.905075376253302
2011-05-23 05:00:00,23.43166335431753
2011-05-23 06:00:00,100.89265067735731
2011-05-23 07:00:00,264.7358157613724
2011-05-23 08:00:00,508.5087642359256
2011-05-23 09:00:00,231.36592204101854
2011-05-23 10:00:00,138.18165559978223
2011-05-23 11:00:00,162.18496402178772
2011-05-23 12:00:00,200.75175583980584
2011-05-23 13:00:00,198.69912551639982
2011-05-23 14:00:00,180.43734669401292
2011-05-23 15:00:00,191.85187676264272
2011-05-23 16:00:00,317.3359694320377
2011-05-23 17:00:00,503.8246910911665
2011-05-23 18:00:00,590.4760881395179
2011-05-23 19:00:00,430.5780088344429
2011-05-23 20:00:00,243.25269630840748
2011-05-23 21:00:00,179.91620164588264
2011-05-23 22:00:00,110.19957710052833
2011-05-23 23:00:00,65.06091606412642
2011-05-24 00:00:00,29.488965330677072
2011-05-24 01:00:00,10.220166853989973
2011-05-24 02:00:00,5.2593044095531845
2011-05-24 03:00:00,3.4339534972162893
2011-05-24 04:00:00,5.413119185491718
2011-05-24 05:00:00,20.0594778300551
2011-05-24 06:00:00,106.5128347278495
2011-05-24 07:00:00,216.85384670842595
2011-05-24 08:00:00,296.97209402662304
2011-05-24 09:00:00,256.86407423968205
2011-05-24 10:00:00,147.33088741152574
2011-05-24 11:00:00,166.9804151226067
2011-05-24 12:00:00,208.7213175747336
2011-05-24 13:00:00,221.82343198511
2011-05-24 14:00:00,198.7981793743209
2011-05-24 15:00:00,148.81152796389773
2011-05-24 16:00:00,314.4445322021692
2011-05-24 17:00:00,641.7162194993361
2011-05-24 18:00:00,602.788955817402
2011-05-24 19:00:00,420.16668459082456
2011-05-24 20:00:00,310.9632685839605
2011-05-24 21:00:00,222.39976203685168
2011-05-24 22:00:00,88.19445043389
2011-05-24 23:00:00,80.63812879349173
2011-05-25 00:00:00,24.474050878991417
2011-05-25 01:00:00,9.180144854628042
2011-05-25 02:00:00,6.3047372073556085
2011-05-25 03:00:00,4.5522646029434615
2011-05-25 04:00:00,3.9347632006499995
2011-05-25 05:00:00,27.808236888416882
2011-05-25 06:00:00,134.95488486320147
2011-05-25 07:00:00,395.8657711822008
2011-05-25 08:00:00,606.581137368149
2011-05-25 09:00:00,294.72486333041905
2011-05-25 10:00:00,160.175135558279
2011-05-25 11:00:00,177.53024888552576
2011-05-25 12:00:00,231.9967673396534
2011-05-25 13:00:00,216.46912844922667
2011-05-25 14:00:00,197.51879218516117
2011-05-25 15:00:00,221.2806905813761
2011-05-25 16:00:00,322.1636547916252
2011-05-25 17:00:00,650.0850291678667
2011-05-25 18:00:00,644.1880918998937
2011-05-25 19:00:00,496.89075390982663
2011-05-25 20:00:00,357.6137358806858
2011-05-25 21:00:00,244.79871461049248
2011-05-25 22:00:00,182.15376142730898
2011-05-25 23:00:00,107.36344991864978
2011-05-26 00:00:00,58.65200415794064
2011-05-26 01:00:00,19.712356949595225
2011-05-26 02:00:00,10.282248180139874
2011-05-26 03:00:00,5.3892385899544974
2011-05-26 04:00:00,6.246120944735379
2011-05-26 05:00:00,27.163967409676715
2011-05-26 06:00:00,117.68862737392949
2011-05-26 07:00:00,290.2019850464852
2011-05-26 08:00:00,556.7326913722833
2011-05-26 09:00:00,295.7760948390236
2011-05-26 10:00:00,167.58119185863436
2011-05-26 11:00:00,211.54186399950862
2011-05-26 12:00:00,252.99442534409934
2011-05-26 13:00:00,250.35145522976788
2011-05-26 14:00:00,223.10723835219738
2011-05-26 15:00:00,201.09299784745767
2011-05-26 16:00:00,336.7260882994477
2011-05-26 17:00:00,677.4408672365713
2011-05-26 18:00:00,623.9530716765463
2011-05-26 19:00:00,445.18294472146704
2011-05-26 20:00:00,376.96217753012303
2011-05-26 21:00:00,294.05493372121816
2011-05-26 22:00:00,215.2698707937769
2011-05-26 23:00:00,140.85770905936724
2011-05-27 00:00:00,82.22883401614298
2011-05-27 01:00:00,31.448674163217646
2011-05-27 02:00:00,15.378409526858686
2011-05-27 03:00:00,6.511955674581226
2011-05-27 04:00:00,6.365133962064167
2011-05-27 05:00:00,32.89772616218455
2011-05-27 06:00:00,147.57190927413689
2011-05-27 07:00:00,401.97395821346424
2011-05-27 08:00:00,633.137240645735
2011-05-27 09:00:00,318.4940175188092
2011-05-27 10:00:00,189.59090518775741
2011-05-27 11:00:00,223.04801448036793
2011-05-27 12:00:00,288.10083667022053
2011-05-27 13:00:00,300.990711715916
2011-05-27 14:00:00,274.4549529485499
2011-05-27 15:00:00,301.31515284845807
2011-05-27 16:00:00,404.36492406795986
2011-05-27 17:00:00,693.2773624338616
2011-05-27 18:00:00,565.9228749521036
2011-05-27 19:00:00,232.7500035078465
2011-05-27 20:00:00,246.5050281450641
2011-05-27 21:00:00,204.02675183922233
2011-05-27 22:00:00,198.40306468652577
2011-05-27 23:00:00,144.06624412664945
2011-05-28 00:00:00,115.28167462705134
2011-05-28 01:00:00,88.06377267667044
2011-05-28 02:00:00,62.84197460484663
2011-05-28 03:00:00,26.972692613592837
2011-05-28 04:00:00,7.778817370928656
2011-05-28 05:00:00,10.535076358472217
2011-05-28 06:00:00,25.800622331588666
2011-05-28 07:00:00,61.19806284044642
2011-05-28 08:00:00,150.18248780581067
2011-05-28 09:00:00,227.6089550205663
2011-05-28 10:00:00,330.5480005011552
2011-05-28 11:00:00,427.0082786089915
2011-05-28 12:00:00,489.1754431490466
2011-05-28 13:00:00,514.2206445640743
2011-05-28 14:00:00,502.15418798879404
2011-05-28 15:00:00,532.7783086324173
2011-05-28 16:00:00,513.6663170906522
2011-05-28 17:00:00,464.70500901796856
2011-05-28 18:00:00,391.3332972646688
2011-05-28 19:00:00,335.5263087030835
2011-05-28 20:00:00,275.91631680608924
2011-05-28 21:00:00,214.9449144873989
2011-05-28 22:00:00,197.6485584301381
2011-05-28 23:00:00,165.33145433722026
2011-05-29 00:00:00,129.98520409348797
2011-05-29 01:00:00,102.10969429942293
2011-05-29 02:00:00,80.47319199309284
2011-05-29 03:00:00,35.6061854970645
2011-05-29 04:00:00,10.345094477102707
2011-05-29 05:00:00,10.5597283619326
2011-05-29 06:00:00,14.45531783108597
2011-05-29 07:00:00,35.40691461495008
2011-05-29 08:00:00,88.40412103839903
2011-05-29 09:00:00,124.45789003084862
2011-05-29 10:00:00,229.26264063074692
2011-05-29 11:00:00,254.71807370508802
2011-05-29 12:00:00,386.84695068758907
2011-05-29 13:00:00,458.77424691932157
2011-05-29 14:00:00,431.881446935351
2011-05-29 15:00:00,432.4095076338819
2011-05-29 16:00:00,459.3711066956141
2011-05-29 17:00:00,421.1533726516059
2011-05-29 18:00:00,329.5678289376065
2011-05-29 19:00:00,293.31277296495597
2011-05-29 20:00:00,237.09364885950887
2011-05-29 21:00:00,183.04300180342443
2011-05-29 22:00:00,138.7614508812501
2011-05-29 23:00:00,97.88929656332957
2011-05-30 00:00:00,75.39668491258743
2011-05-30 01:00:00,47.171272275037055
2011-05-30 02:00:00,29.86386975543267
2011-05-30 03:00:00,10.566672326793302
2011-05-30 04:00:00,8.549121448103932
2011-05-30 05:00:00,10.151832348079889
2011-05-30 06:00:00,28.66188374449172
2011-05-30 07:00:00,82.51655955871816
2011-05-30 08:00:00,181.87250152320206
2011-05-30 09:00:00,233.13310822673282
2011-05-30 10:00:00,248.28031298867566
2011-05-30 11:00:00,308.3089871454861
2011-05-30 12:00:00,345.2855375210875
2011-05-30 13:00:00,370.19880099011965
2011-05-30 14:00:00,332.4365923588708
2011-05-30 15:00:00,329.9559814503678
2011-05-30 16:00:00,367.0206461568497
2011-05-30 17:00:00,443.4331076930461
2011-05-30 18:00:00,420.6386026310584
2011-05-30 19:00:00,462.65440729003126
2011-05-30 20:00:00,342.93543960992935
2011-05-30 21:00:00,265.35448355786383
2011-05-30 22:00:00,195.5479072338087
2011-05-30 23:00:00,102.95039606015193
2011-05-31 00:00:00,39.7250363967425
2011-05-31 01:00:00,15.139835091905027
2011-05-31 02:00:00,5.87007256746364
2011-05-31 03:00:00,3.669521085853946
2011-05-31 04:00:00,6.095970600559366
2011-05-31 05:00:00,28.743646627636068
2011-05-31 06:00:00,148.7932359311353
2011-05-31 07:00:00,376.6924004969802
2011-05-31 08:00:00,513.8011234060848
2011-05-31 09:00:00,232.52471018531983
2011-05-31 10:00:00,143.51293739757892
2011-05-31 11:00:00,159.64305093217007
2011-05-31 12:00:00,196.31358147780503
2011-05-31 13:00:00,199.7351291198818
2011-05-31 14:00:00,176.23768348165154
2011-05-31 15:00:00,188.11164929271197
2011-05-31 16:00:00,308.9833403623241
2011-05-31 17:00:00,680.9560614019143
2011-05-31 18:00:00,685.9768202979402
2011-05-31 19:00:00,494.5381141773059
2011-05-31 20:00:00,353.1294870815073
2011-05-31 21:00:00,261.47337121255987
2011-05-31 22:00:00,186.34783641008673
2011-05-31 23:00:00,114.07430407169103
2011-06-20 00:00:00,39.25044418145024
2011-06-20 01:00:00,14.810931815416932
2011-06-20 02:00:00,8.10893555094378
2011-06-20 03:00:00,3.8591559226396828
2011-06-20 04:00:00,5.672741525869653
2011-06-20 05:00:00,24.388153004401172
2011-06-20 06:00:00,97.28292667909862
2011-06-20 07:00:00,187.57604259180934
2011-06-20 08:00:00,317.03692056616273
2011-06-20 09:00:00,231.90431000911684
2011-06-20 10:00:00,122.89109320119681
2011-06-20 11:00:00,146.45760930280423
2011-06-20 12:00:00,217.05831231796563
2011-06-20 13:00:00,211.70436197927194
2011-06-20 14:00:00,195.0168790391756
2011-06-20 15:00:00,204.75879777752604
2011-06-20 16:00:00,326.773013593846
2011-06-20 17:00:00,643.3033864433403
2011-06-20 18:00:00,607.487577470325
2011-06-20 19:00:00,428.6567597466375
2011-06-20 20:00:00,302.3429754482354
2011-06-20 21:00:00,221.9392415163949
2011-06-20 22:00:00,133.96711508584715
2011-06-20 23:00:00,75.78441204174774
2011-06-21 00:00:00,36.9202884732733
2011-06-21 01:00:00,11.849710141945524
2011-06-21 02:00:00,6.145760879928781
2011-06-21 03:00:00,3.779899137500239
2011-06-21 04:00:00,6.055760547944776
2011-06-21 05:00:00,24.90685442593744
2011-06-21 06:00:00,116.07981176505946
2011-06-21 07:00:00,263.51154137847664
2011-06-21 08:00:00,506.34866722371606
2011-06-21 09:00:00,225.44383278522818
2011-06-21 10:00:00,130.7298150293164
2011-06-21 11:00:00,125.43562208678736
2011-06-21 12:00:00,168.03346662299708
2011-06-21 13:00:00,189.92173295113767
2011-06-21 14:00:00,183.43914198993534
2011-06-21 15:00:00,217.20512137207214
2011-06-21 16:00:00,355.8634128263488
2011-06-21 17:00:00,677.1087210431449
2011-06-21 18:00:00,675.2776444208854
2011-06-21 19:00:00,444.0718336486075
2011-06-21 20:00:00,258.4666205956759
2011-06-21 21:00:00,267.2174254874949
2011-06-21 22:00:00,170.54520334240738
2011-06-21 23:00:00,107.9212803306748
2011-06-22 00:00:00,43.478036368682375
2011-06-22 01:00:00,16.34143083535949
2011-06-22 02:00:00,6.8512390872306215
2011-06-22 03:00:00,5.904419410388141
2011-06-22 04:00:00,5.388353372006607
2011-06-22 05:00:00,29.288818864662833
2011-06-22 06:00:00,135.47705198937285
2011-06-22 07:00:00,367.4286906185176
2011-06-22 08:00:00,594.42795850007
2011-06-22 09:00:00,270.62634687314363
2011-06-22 10:00:00,154.73560141437306
2011-06-22 11:00:00,159.49288707351417
2011-06-22 12:00:00,237.9549710626054
2011-06-22 13:00:00,210.56915913911942
2011-06-22 14:00:00,217.91951005092326
2011-06-22 15:00:00,219.89787768682214
2011-06-22 16:00:00,344.6579311486207
2011-06-22 17:00:00,717.1031221907025
2011-06-22 18:00:00,755.3571720683923
2011-06-22 19:00:00,577.304847798239
2011-06-22 20:00:00,353.51185952922225
2011-06-22 21:00:00,244.80148387733308
2011-06-22 22:00:00,177.9791792925584
2011-06-22 23:00:00,99.29002100035278
2011-06-23 00:00:00,61.13303357194635
2011-06-23 01:00:00,21.057303288144823
2011-06-23 02:00:00,10.273537679642248
2011-06-23 03:00:00,5.142666609985516
2011-06-23 04:00:00,6.133679181269959
2011-06-23 05:00:00,35.017048148437866
2011-06-23 06:00:00,154.9129413918191
2011-06-23 07:00:00,370.9833920306627
2011-06-23 08:00:00,520.4285282622076
2011-06-23 09:00:00,263.7249527376449
2011-06-23 10:00:00,157.4002608468526
2011-06-23 11:00:00,105.86770263271907
2011-06-23 12:00:00,221.82804979956592
2011-06-23 13:00:00,209.39493384892629
2011-06-23 14:00:00,193.48203564116767
2011-06-23 15:00:00,210.32157990769522
2011-06-23 16:00:00,327.05968913978296
2011-06-23 17:00:00,615.7549637200236
2011-06-23 18:00:00,642.236902185974
2011-06-23 19:00:00,472.01653122241777
2011-06-23 20:00:00,370.55233364648547
2011-06-23 21:00:00,293.3920591265978
2011-06-23 22:00:00,188.4925288904394
2011-06-23 23:00:00,139.17028067120765
2011-06-24 00:00:00,74.33298147527354
2011-06-24 01:00:00,26.016396773188674
2011-06-24 02:00:00,13.135699187804578
2011-06-24 03:00:00,6.990127977501247
2011-06-24 04:00:00,6.260561750607649
2011-06-24 05:00:00,28.743398060770254
2011-06-24 06:00:00,123.50132948400876
2011-06-24 07:00:00,290.1226164177843
2011-06-24 08:00:00,555.4069755586721
2011-06-24 09:00:00,289.2294018693769
2011-06-24 10:00:00,195.29779392822368
2011-06-24 11:00:00,251.36859221852308
2011-06-24 12:00:00,291.7785649787683
2011-06-24 13:00:00,297.1510704429106
2011-06-24 14:00:00,265.1346052178671
2011-06-24 15:00:00,323.47136157093723
2011-06-24 16:00:00,463.3333374605282
2011-06-24 17:00:00,710.9206276565013
2011-06-24 18:00:00,619.797746864281
2011-06-24 19:00:00,465.11266810856154
2011-06-24 20:00:00,331.1318774938884
2011-06-24 21:00:00,262.10050839585926
2011-06-24 22:00:00,234.35757209405048
2011-06-24 23:00:00,182.02375995073209
2011-06-25 00:00:00,199.70244365038008
2011-06-25 01:00:00,110.98852805530062
2011-06-25 02:00:00,83.21871143857781
2011-06-25 03:00:00,35.30496256673886
2011-06-25 04:00:00,10.44961882453455
2011-06-25 05:00:00,11.713043468646493
2011-06-25 06:00:00,28.859612305369367
2011-06-25 07:00:00,64.26510303604745
2011-06-25 08:00:00,148.4172704088247
2011-06-25 09:00:00,236.6808682750385
2011-06-25 10:00:00,382.89243975000244
2011-06-25 11:00:00,479.95441876901884
2011-06-25 12:00:00,539.8266845943995
2011-06-25 13:00:00,541.9178561602096
2011-06-25 14:00:00,508.52751711122283
2011-06-25 15:00:00,531.1283608286944
2011-06-25 16:00:00,521.2312096389629
2011-06-25 17:00:00,504.46446243225967
2011-06-25 18:00:00,431.4646594579025
2011-06-25 19:00:00,370.2729285536115
2011-06-25 20:00:00,311.9647767726694
2011-06-25 21:00:00,262.88830806897397
2011-06-25 22:00:00,238.97339226784695
2011-06-25 23:00:00,179.92405417402102
2011-06-26 00:00:00,185.40183189933424
2011-06-26 01:00:00,125.50001443653794
2011-06-26 02:00:00,91.76771863217827
2011-06-26 03:00:00,43.85377869184733
2011-06-26 04:00:00,11.8666578420699
2011-06-26 05:00:00,12.192092479157022
2011-06-26 06:00:00,18.996257346808047
2011-06-26 07:00:00,49.8697210621952
2011-06-26 08:00:00,111.54359422603119
2011-06-26 09:00:00,216.6543888793854
2011-06-26 10:00:00,365.8065733788751
2011-06-26 11:00:00,474.6214221493972
2011-06-26 12:00:00,568.2612475480695
2011-06-26 13:00:00,554.4372181402887
2011-06-26 14:00:00,532.3494363988327
2011-06-26 15:00:00,535.8766536402289
2011-06-26 16:00:00,519.839501994115
2011-06-26 17:00:00,549.4063452313185
2011-06-26 18:00:00,463.88834785372245
2011-06-26 19:00:00,401.51970173972865
2011-06-26 20:00:00,315.58828779715554
2011-06-26 21:00:00,219.58412197055867
2011-06-26 22:00:00,186.29052281458502
2011-06-26 23:00:00,113.75279952862759
2011-06-27 00:00:00,37.98142354476079
2011-06-27 01:00:00,13.551689833640568
2011-06-27 02:00:00,9.372247811712635
2011-06-27 03:00:00,4.890747652122667
2011-06-27 04:00:00,6.655155455092319
2011-06-27 05:00:00,26.3698441229074
2011-06-27 06:00:00,124.33221091804708
2011-06-27 07:00:00,341.3619227109391
2011-06-27 08:00:00,524.8050985546051
2011-06-27 09:00:00,301.1863888500429
2011-06-27 10:00:00,171.3970382736884
2011-06-27 11:00:00,192.2644765914171
2011-06-27 12:00:00,261.2119641279101
2011-06-27 13:00:00,217.2002297131742
2011-06-27 14:00:00,208.83578390578523
2011-06-27 15:00:00,234.74520311298556
2011-06-27 16:00:00,333.4693643442752
2011-06-27 17:00:00,642.9009864002556
2011-06-27 18:00:00,647.8383602287626
2011-06-27 19:00:00,492.3835525000533
2011-06-27 20:00:00,336.4739370785577
2011-06-27 21:00:00,244.89525492967834
2011-06-27 22:00:00,160.1544619333166
2011-06-27 23:00:00,99.37424355034307
2011-06-28 00:00:00,38.0376911069469
2011-06-28 01:00:00,15.477772485720712
2011-06-28 02:00:00,7.675468884104569
2011-06-28 03:00:00,5.150368318790511
2011-06-28 04:00:00,6.8576974532472
2011-06-28 05:00:00,28.495618471464073
2011-06-28 06:00:00,134.47627575141792
2011-06-28 07:00:00,350.13106039428334
2011-06-28 08:00:00,567.2250022609327
2011-06-28 09:00:00,267.04229017990775
2011-06-28 10:00:00,164.59550902298238
2011-06-28 11:00:00,175.36914131591857
2011-06-28 12:00:00,207.43177386420842
2011-06-28 13:00:00,202.10048644933647
2011-06-28 14:00:00,191.4845844509426
2011-06-28 15:00:00,194.51755730842692
2011-06-28 16:00:00,332.5752069288481
2011-06-28 17:00:00,603.8366153111273
2011-06-28 18:00:00,575.1465502286286
2011-06-28 19:00:00,476.99458104103076
2011-06-28 20:00:00,348.0133540653452
2011-06-28 21:00:00,268.5950029885078
2011-06-28 22:00:00,179.7648281471547
2011-06-28 23:00:00,107.84141553624825
2011-06-29 00:00:00,46.50657154096502
2011-06-29 01:00:00,15.26900478652457
2011-06-29 02:00:00,6.985277634291766
2011-06-29 03:00:00,5.841489073978218
2011-06-29 04:00:00,5.015127185623389
2011-06-29 05:00:00,28.991860620519347
2011-06-29 06:00:00,144.13432876683873
2011-06-29 07:00:00,399.89710931669055
2011-06-29 08:00:00,616.9103358987065
2011-06-29 09:00:00,294.45402366602656
2011-06-29 10:00:00,172.5682474437856
2011-06-29 11:00:00,199.16868532605312
2011-06-29 12:00:00,255.86445466016627
2011-06-29 13:00:00,225.28314809771607
2011-06-29 14:00:00,217.73055104933917
2011-06-29 15:00:00,246.77083432105948
2011-06-29 16:00:00,375.9673271827857
2011-06-29 17:00:00,763.8587234876451
2011-06-29 18:00:00,753.2334719614504
2011-06-29 19:00:00,559.4970862640098
2011-06-29 20:00:00,425.86802228181017
2011-06-29 21:00:00,325.53511337140776
2011-06-29 22:00:00,237.38853941922318
2011-06-29 23:00:00,134.14399479966164
2011-06-30 00:00:00,62.8729707286991
2011-06-30 01:00:00,20.924092705747427
2011-06-30 02:00:00,10.879590923624713
2011-06-30 03:00:00,6.726223097216619
2011-06-30 04:00:00,5.865106707459811
2011-06-30 05:00:00,32.310220178454145
2011-06-30 06:00:00,158.02326858872115
2011-06-30 07:00:00,448.5543837044701
2011-06-30 08:00:00,573.9957317522608
2011-06-30 09:00:00,266.4382209282342
2011-06-30 10:00:00,158.0120780988071
2011-06-30 11:00:00,191.06698303340858
2011-06-30 12:00:00,238.66438910420757
2011-06-30 13:00:00,227.4399564136182
2011-06-30 14:00:00,196.75505648117095
2011-06-30 15:00:00,214.87535378205177
2011-06-30 16:00:00,316.6797767017612
2011-06-30 17:00:00,673.049759474611
2011-06-30 18:00:00,650.1659836268996
2011-06-30 19:00:00,471.2861224235327
2011-06-30 20:00:00,365.78530631658
2011-06-30 21:00:00,286.479000516165
2011-06-30 22:00:00,217.76675670070236
2011-06-30 23:00:00,149.47475569100718
2011-07-20 00:00:00,42.68269220318325
2011-07-20 01:00:00,17.142726441729376
2011-07-20 02:00:00,6.649313188911118
2011-07-20 03:00:00,5.897322521323739
2011-07-20 04:00:00,5.541736236355549
2011-07-20 05:00:00,30.393209977062167
2011-07-20 06:00:00,127.98593728650408
2011-07-20 07:00:00,363.9147258690241
2011-07-20 08:00:00,573.7876171733011
2011-07-20 09:00:00,277.83228469793437
2011-07-20 10:00:00,161.11292456307868
2011-07-20 11:00:00,172.34919807049067
2011-07-20 12:00:00,201.4378326963353
2011-07-20 13:00:00,196.96441808698492
2011-07-20 14:00:00,181.81283730993
2011-07-20 15:00:00,204.57892998445433
2011-07-20 16:00:00,308.3661178387806
2011-07-20 17:00:00,630.8239181244168
2011-07-20 18:00:00,687.4012870399038
2011-07-20 19:00:00,542.4070609115737
2011-07-20 20:00:00,387.8336578548784
2011-07-20 21:00:00,285.99046864444915
2011-07-20 22:00:00,204.43168822960473
2011-07-20 23:00:00,110.62407866828926
2011-07-21 00:00:00,56.33615586806146
2011-07-21 01:00:00,17.49442246067339
2011-07-21 02:00:00,9.051116560528417
2011-07-21 03:00:00,4.965086387680898
2011-07-21 04:00:00,6.243856929474003
2011-07-21 05:00:00,31.751293764397847
2011-07-21 06:00:00,140.61184598404841
2011-07-21 07:00:00,364.43174867192545
2011-07-21 08:00:00,541.5626472965542
2011-07-21 09:00:00,262.69243250635236
2011-07-21 10:00:00,163.22013205155747
2011-07-21 11:00:00,198.96363362903577
2011-07-21 12:00:00,253.97346645606902
2011-07-21 13:00:00,253.09024315826164
2011-07-21 14:00:00,209.72122227668393
2011-07-21 15:00:00,228.2307616660568
2011-07-21 16:00:00,361.6500342119668
2011-07-21 17:00:00,662.1531867336024
2011-07-21 18:00:00,720.2220359110983
2011-07-21 19:00:00,617.3154209134733
2011-07-21 20:00:00,489.32377985750236
2011-07-21 21:00:00,389.84855106775416
2011-07-21 22:00:00,254.33591787503389
2011-07-21 23:00:00,154.60109256140925
2011-07-22 00:00:00,72.68071521051878
2011-07-22 01:00:00,29.84220201874431
2011-07-22 02:00:00,13.714096867435602
2011-07-22 03:00:00,6.307948268787596
2011-07-22 04:00:00,6.142160843924674
2011-07-22 05:00:00,29.99578020184728
2011-07-22 06:00:00,119.58874059806264
2011-07-22 07:00:00,276.92088980794796
2011-07-22 08:00:00,433.404025129479
2011-07-22 09:00:00,233.03906636583915
2011-07-22 10:00:00,145.37983185316915
2011-07-22 11:00:00,192.5636348815439
2011-07-22 12:00:00,222.02804016441783
2011-07-22 13:00:00,222.25248712595697
2011-07-22 14:00:00,212.407881744142
2011-07-22 15:00:00,237.2294360718755
2011-07-22 16:00:00,259.234822836452
2011-07-22 17:00:00,578.538162962212
2011-07-22 18:00:00,548.949957645061
2011-07-22 19:00:00,459.6107774409923
2011-07-22 20:00:00,300.762425515986
2011-07-22 21:00:00,253.17183371050504
2011-07-22 22:00:00,225.16229780852584
2011-07-22 23:00:00,165.58304918143543
2011-07-23 00:00:00,176.55824477098952
2011-07-23 01:00:00,109.41163000288236
2011-07-23 02:00:00,71.61519722619428
2011-07-23 03:00:00,32.080778507827326
2011-07-23 04:00:00,11.127287534963891
2011-07-23 05:00:00,10.625212430770535
2011-07-23 06:00:00,29.70528823556442
2011-07-23 07:00:00,69.74281752288934
2011-07-23 08:00:00,122.96589146418995
2011-07-23 09:00:00,206.87892485580628
2011-07-23 10:00:00,339.98927375197303
2011-07-23 11:00:00,411.4932817740192
2011-07-23 12:00:00,445.3803284064528
2011-07-23 13:00:00,441.5092108616497
2011-07-23 14:00:00,456.781652288059
2011-07-23 15:00:00,445.5860939025538
2011-07-23 16:00:00,444.9595234427632
2011-07-23 17:00:00,430.5727707715459
2011-07-23 18:00:00,424.8295216954646
2011-07-23 19:00:00,370.506569749934
2011-07-23 20:00:00,311.7378519710201
2011-07-23 21:00:00,280.096110833368
2011-07-23 22:00:00,233.87804925278698
2011-07-23 23:00:00,199.18527610064353
2011-07-24 00:00:00,162.1380010316043
2011-07-24 01:00:00,112.3814049322464
2011-07-24 02:00:00,79.98254857930807
2011-07-24 03:00:00,35.98001250668071
2011-07-24 04:00:00,10.861883534281459
2011-07-24 05:00:00,10.169901570143574
2011-07-24 06:00:00,16.19968403903874
2011-07-24 07:00:00,44.83366443309991
2011-07-24 08:00:00,91.0029064678408
2011-07-24 09:00:00,173.90072342294255
2011-07-24 10:00:00,313.2023186187163
2011-07-24 11:00:00,409.95024416498984
2011-07-24 12:00:00,442.887010383626
2011-07-24 13:00:00,465.2878629986873
2011-07-24 14:00:00,433.71150587411813
2011-07-24 15:00:00,426.7545956281658
2011-07-24 16:00:00,457.7536640575919
2011-07-24 17:00:00,425.6703925432474
2011-07-24 18:00:00,395.1296828169882
2011-07-24 19:00:00,339.1054891931936
2011-07-24 20:00:00,285.38996854472515
2011-07-24 21:00:00,215.89484872272726
2011-07-24 22:00:00,160.91116321639444
2011-07-24 23:00:00,98.79640348818978
2011-07-25 00:00:00,47.97777601753471
2011-07-25 01:00:00,15.155905924176144
2011-07-25 02:00:00,8.02485442796054
2011-07-25 03:00:00,4.752583570090669
2011-07-25 04:00:00,7.068715376062123
2011-07-25 05:00:00,27.3661832641639
2011-07-25 06:00:00,119.32866664238841
2011-07-25 07:00:00,314.995259298135
2011-07-25 08:00:00,520.5214410625894
2011-07-25 09:00:00,257.77997157256294
2011-07-25 10:00:00,152.1603136703507
2011-07-25 11:00:00,181.3808311565825
2011-07-25 12:00:00,231.98929855430208
2011-07-25 13:00:00,192.43399922206916
2011-07-25 14:00:00,157.62676913834505
2011-07-25 15:00:00,163.23168571819815
2011-07-25 16:00:00,257.3831437316925
2011-07-25 17:00:00,587.2312860242278
2011-07-25 18:00:00,624.4626581998458
2011-07-25 19:00:00,467.703005468265
2011-07-25 20:00:00,332.11586494864565
2011-07-25 21:00:00,209.53562326378798
2011-07-25 22:00:00,141.49005077843543
2011-07-25 23:00:00,88.90092071701382
2011-07-26 00:00:00,36.15685488606309
2011-07-26 01:00:00,14.807397620574498
2011-07-26 02:00:00,6.75238634536019
2011-07-26 03:00:00,4.538335142982426
2011-07-26 04:00:00,5.563069165486438
2011-07-26 05:00:00,28.214394896486596
2011-07-26 06:00:00,135.8590894109516
2011-07-26 07:00:00,390.5750465299118
2011-07-26 08:00:00,537.5483977675956
2011-07-26 09:00:00,272.7749876712144
2011-07-26 10:00:00,176.06687095375952
2011-07-26 11:00:00,183.3545839505749
2011-07-26 12:00:00,224.81653131451304
2011-07-26 13:00:00,219.79439395586
2011-07-26 14:00:00,205.05056081837654
2011-07-26 15:00:00,219.62432703575985
2011-07-26 16:00:00,356.515510520491
2011-07-26 17:00:00,730.5584520447096
2011-07-26 18:00:00,713.9591326979476
2011-07-26 19:00:00,486.1669665853993
2011-07-26 20:00:00,375.1949130738337
2011-07-26 21:00:00,290.8988667625451
2011-07-26 22:00:00,204.95443153113192
2011-07-26 23:00:00,115.259209393415
2011-07-27 00:00:00,62.31436865713725
2011-07-27 01:00:00,18.16205014582579
2011-07-27 02:00:00,7.657149352275525
2011-07-27 03:00:00,5.516958505699401
2011-07-27 04:00:00,6.106955490982608
2011-07-27 05:00:00,33.481898071675396
2011-07-27 06:00:00,156.3852112993369
2011-07-27 07:00:00,403.1800752749393
2011-07-27 08:00:00,585.1438639417037
2011-07-27 09:00:00,291.13456757448563
2011-07-27 10:00:00,173.43029340430482
2011-07-27 11:00:00,188.49786677333617
2011-07-27 12:00:00,251.34652638665602
2011-07-27 13:00:00,217.6530396027253
2011-07-27 14:00:00,214.6150934830069
2011-07-27 15:00:00,238.78880622128526
2011-07-27 16:00:00,347.64636877754583
2011-07-27 17:00:00,721.5413221120448
2011-07-27 18:00:00,747.2924297033259
2011-07-27 19:00:00,569.3078544394355
2011-07-27 20:00:00,402.90040994010576
2011-07-27 21:00:00,293.73701063637327
2011-07-27 22:00:00,230.259511045444
2011-07-27 23:00:00,134.4109677685945
2011-07-28 00:00:00,62.239779179416736
2011-07-28 01:00:00,20.774193448706427
2011-07-28 02:00:00,10.135028790758517
2011-07-28 03:00:00,5.1689488974542375
2011-07-28 04:00:00,6.0436925548423215
2011-07-28 05:00:00,32.69447675177566
2011-07-28 06:00:00,151.95244054283808
2011-07-28 07:00:00,425.63811524148906
2011-07-28 08:00:00,578.6884390720444
2011-07-28 09:00:00,273.54170448887663
2011-07-28 10:00:00,162.27357489173673
2011-07-28 11:00:00,203.3795465952787
2011-07-28 12:00:00,229.56196546078826
2011-07-28 13:00:00,224.81655709258615
2011-07-28 14:00:00,196.85996735810735
2011-07-28 15:00:00,216.42950446852672
2011-07-28 16:00:00,332.85410085990287
2011-07-28 17:00:00,714.4429239317593
2011-07-28 18:00:00,727.7770031367631
2011-07-28 19:00:00,539.5810014568541
2011-07-28 20:00:00,423.43412170963967
2011-07-28 21:00:00,321.06079231095924
2011-07-28 22:00:00,229.89640754452367
2011-07-28 23:00:00,147.26649254178105
2011-07-29 00:00:00,73.48379306968275
2011-07-29 01:00:00,29.99263255319346
2011-07-29 02:00:00,13.869549624906307
2011-07-29 03:00:00,6.158540661368254
2011-07-29 04:00:00,5.975469076815699
2011-07-29 05:00:00,29.25859630642081
2011-07-29 06:00:00,108.43659133972679
2011-07-29 07:00:00,286.6648791480573
2011-07-29 08:00:00,464.2561556489999
2011-07-29 09:00:00,260.94929911128776
2011-07-29 10:00:00,168.5249922549764
2011-07-29 11:00:00,216.9759588975667
2011-07-29 12:00:00,259.77993020845327
2011-07-29 13:00:00,234.22135587355092
2011-07-29 14:00:00,231.75762091730098
2011-07-29 15:00:00,264.65759651232923
2011-07-29 16:00:00,391.87976323561094
2011-07-29 17:00:00,604.7626423370093
2011-07-29 18:00:00,559.0027166777795
2011-07-29 19:00:00,412.35556415476765
2011-07-29 20:00:00,330.72644208100826
2011-07-29 21:00:00,266.12952544635783
2011-07-29 22:00:00,238.3890791586781
2011-07-29 23:00:00,180.9748654243659
2011-07-30 00:00:00,190.26308905666085
2011-07-30 01:00:00,110.59364922752233
2011-07-30 02:00:00,78.60214408905154
2011-07-30 03:00:00,32.522229245412085
2011-07-30 04:00:00,10.811761327951988
2011-07-30 05:00:00,11.113273356512197
2011-07-30 06:00:00,25.60833789080702
2011-07-30 07:00:00,61.28823560835844
2011-07-30 08:00:00,133.25454672417084
2011-07-30 09:00:00,212.76637631848894
2011-07-30 10:00:00,351.8526848521163
2011-07-30 11:00:00,434.94104010933324
2011-07-30 12:00:00,498.9795713117162
2011-07-30 13:00:00,501.5008006355012
2011-07-30 14:00:00,494.84544202763533
2011-07-30 15:00:00,492.67194064085504
2011-07-30 16:00:00,491.4173509008357
2011-07-30 17:00:00,459.6509261634413
2011-07-30 18:00:00,418.2407066427899
2011-07-30 19:00:00,415.9823381544479
2011-07-30 20:00:00,327.4133960679998
2011-07-30 21:00:00,282.4116379159159
2011-07-30 22:00:00,246.39669968612606
2011-07-30 23:00:00,206.49148877123764
2011-07-31 00:00:00,189.0666967365668
2011-07-31 01:00:00,120.5012937638486
2011-07-31 02:00:00,88.55039308320998
2011-07-31 03:00:00,39.21598894441745
2011-07-31 04:00:00,11.654767275721902
2011-07-31 05:00:00,11.81079429868107
2011-07-31 06:00:00,18.388262378009653
2011-07-31 07:00:00,49.5014808728828
2011-07-31 08:00:00,100.31427855010449
2011-07-31 09:00:00,193.87107625945498
2011-07-31 10:00:00,343.1735580342592
2011-07-31 11:00:00,446.5024619511781
2011-07-31 12:00:00,518.1513661030073
2011-07-31 13:00:00,503.32116328184793
2011-07-31 14:00:00,492.1987573562585
2011-07-31 15:00:00,487.53923378788545
2011-07-31 16:00:00,495.1981414108384
2011-07-31 17:00:00,477.8584462822483
2011-07-31 18:00:00,407.045000045816
2011-07-31 19:00:00,316.01275938322004
2011-07-31 20:00:00,265.925466177289
2011-07-31 21:00:00,217.5216778436971
2011-07-31 22:00:00,145.0167184414718
2011-07-31 23:00:00,94.24736772584477
2011-08-20 00:00:00,116.22670735229701
2011-08-20 01:00:00,100.35910385703588
2011-08-20 02:00:00,74.13960430944508
2011-08-20 03:00:00,34.82954795720708
2011-08-20 04:00:00,10.092967457914552
2011-08-20 05:00:00,11.427214661913203
2011-08-20 06:00:00,22.560092479991795
2011-08-20 07:00:00,61.664386804261845
2011-08-20 08:00:00,142.30039074970966
2011-08-20 09:00:00,240.4538984105993
2011-08-20 10:00:00,363.3417134717472
2011-08-20 11:00:00,452.5440665012047
2011-08-20 12:00:00,467.6148506533002
2011-08-20 13:00:00,482.2725468907956
2011-08-20 14:00:00,514.5522583976064
2011-08-20 15:00:00,533.2943268175035
2011-08-20 16:00:00,505.2432399908252
2011-08-20 17:00:00,463.429917316101
2011-08-20 18:00:00,390.32719439728584
2011-08-20 19:00:00,333.5621130219097
2011-08-20 20:00:00,278.74025820676155
2011-08-20 21:00:00,239.06493425717966
2011-08-20 22:00:00,183.51789841058823
2011-08-20 23:00:00,178.4649086022732
2011-08-21 00:00:00,144.3386429937663
2011-08-21 01:00:00,100.46722782077603
2011-08-21 02:00:00,81.20141595807819
2011-08-21 03:00:00,39.64640210024004
2011-08-21 04:00:00,8.720391846507743
2011-08-21 05:00:00,8.905108561001244
2011-08-21 06:00:00,12.06075997941972
2011-08-21 07:00:00,40.56403767965284
2011-08-21 08:00:00,90.94808222512316
2011-08-21 09:00:00,179.39241718861234
2011-08-21 10:00:00,294.37272322763306
2011-08-21 11:00:00,395.66607713853193
2011-08-21 12:00:00,451.88166173442613
2011-08-21 13:00:00,448.92641076144037
2011-08-21 14:00:00,182.7378365763697
2011-08-21 15:00:00,278.5950083460714
2011-08-21 16:00:00,364.54101563905687
2011-08-21 17:00:00,324.9387316725727
2011-08-21 18:00:00,290.14171616604216
2011-08-21 19:00:00,281.37788683200745
2011-08-21 20:00:00,215.1710130320904
2011-08-21 21:00:00,180.04535803205462
2011-08-21 22:00:00,130.50464703315077
2011-08-21 23:00:00,94.52094614953762
2011-08-22 00:00:00,39.948989763657025
2011-08-22 01:00:00,15.124180969966112
2011-08-22 02:00:00,9.841119920198194
2011-08-22 03:00:00,4.788136564118364
2011-08-22 04:00:00,6.395965386129478
2011-08-22 05:00:00,28.592811685611142
2011-08-22 06:00:00,125.01023779827526
2011-08-22 07:00:00,358.4965977990167
2011-08-22 08:00:00,547.1422062096876
2011-08-22 09:00:00,272.2092033418978
2011-08-22 10:00:00,161.0325587243246
2011-08-22 11:00:00,199.14352287098802
2011-08-22 12:00:00,241.76613620307944
2011-08-22 13:00:00,224.20574246272326
2011-08-22 14:00:00,212.73328086693937
2011-08-22 15:00:00,240.16381433019734
2011-08-22 16:00:00,380.16261784111896
2011-08-22 17:00:00,726.2020087683908
2011-08-22 18:00:00,737.1399752667473
2011-08-22 19:00:00,534.5335421921955
2011-08-22 20:00:00,380.7505418703184
2011-08-22 21:00:00,283.23197001842703
2011-08-22 22:00:00,180.1408511903471
2011-08-22 23:00:00,100.5529899846093
2011-08-23 00:00:00,60.2597388862531
2011-08-23 01:00:00,16.039860514017963
2011-08-23 02:00:00,8.339424894950186
2011-08-23 03:00:00,5.13779604550928
2011-08-23 04:00:00,6.424510525868507
2011-08-23 05:00:00,32.483616579819895
2011-08-23 06:00:00,145.83095887727404
2011-08-23 07:00:00,450.9993820750374
2011-08-23 08:00:00,743.7303846878258
2011-08-23 09:00:00,362.97663754465185
2011-08-23 10:00:00,189.00042828708868
2011-08-23 11:00:00,204.38115156303152
2011-08-23 12:00:00,245.8875414060957
2011-08-23 13:00:00,260.9631053463262
2011-08-23 14:00:00,229.71877525200077
2011-08-23 15:00:00,263.1928942841171
2011-08-23 16:00:00,409.4838409016928
2011-08-23 17:00:00,823.1063246838136
2011-08-23 18:00:00,786.5922402431894
2011-08-23 19:00:00,508.6628464947962
2011-08-23 20:00:00,375.67761392742597
2011-08-23 21:00:00,271.1760569231552
2011-08-23 22:00:00,196.07985663354415
2011-08-23 23:00:00,109.81578270758307
2011-08-24 00:00:00,54.58585005856255
2011-08-24 01:00:00,18.19928179759815
2011-08-24 02:00:00,7.691900099581133
2011-08-24 03:00:00,6.415280306105166
2011-08-24 04:00:00,5.380747748428323
2011-08-24 05:00:00,31.745692878313797
2011-08-24 06:00:00,145.66987582020823
2011-08-24 07:00:00,424.7632294213053
2011-08-24 08:00:00,644.0615973471951
2011-08-24 09:00:00,292.2972613935426
2011-08-24 10:00:00,163.74131793850097
2011-08-24 11:00:00,182.2255014932582
2011-08-24 12:00:00,220.97615375279923
2011-08-24 13:00:00,203.6920289519735
2011-08-24 14:00:00,200.59286739049122
2011-08-24 15:00:00,223.4248158368893
2011-08-24 16:00:00,330.8122789946805
2011-08-24 17:00:00,645.9254289851405
2011-08-24 18:00:00,630.1442507832298
2011-08-24 19:00:00,495.16720727934654
2011-08-24 20:00:00,357.50437823505496
2011-08-24 21:00:00,269.09771764081165
2011-08-24 22:00:00,187.5075753981336
2011-08-24 23:00:00,108.17091844405896
2011-08-25 00:00:00,56.07530329795812
2011-08-25 01:00:00,19.50891997046518
2011-08-25 02:00:00,9.940754181142129
2011-08-25 03:00:00,5.853354439789837
2011-08-25 04:00:00,5.470901735945918
2011-08-25 05:00:00,31.97178965861939
2011-08-25 06:00:00,142.16584226096512
2011-08-25 07:00:00,329.3008528301536
2011-08-25 08:00:00,538.381865593895
2011-08-25 09:00:00,258.7763769919048
2011-08-25 10:00:00,145.80212231608263
2011-08-25 11:00:00,97.16562348328623
2011-08-25 12:00:00,115.37107327401277
2011-08-25 13:00:00,195.17641713196738
2011-08-25 14:00:00,183.35196599745072
2011-08-25 15:00:00,198.72127334917946
2011-08-25 16:00:00,308.68006114516305
2011-08-25 17:00:00,609.8825162620888
2011-08-25 18:00:00,536.3962125542646
2011-08-25 19:00:00,329.55504616014537
2011-08-25 20:00:00,286.88620851843046
2011-08-25 21:00:00,246.67527710961528
2011-08-25 22:00:00,193.2859723900644
2011-08-25 23:00:00,133.6010091122777
2011-08-26 00:00:00,65.9581454862128
2011-08-26 01:00:00,26.71854125893791
2011-08-26 02:00:00,12.399567478743634
2011-08-26 03:00:00,6.892316851853522
2011-08-26 04:00:00,6.1823499491409715
2011-08-26 05:00:00,27.42735612098731
2011-08-26 06:00:00,118.73443728134485
2011-08-26 07:00:00,336.5590409274454
2011-08-26 08:00:00,566.4145062776535
2011-08-26 09:00:00,292.0201448556141
2011-08-26 10:00:00,173.96252765016982
2011-08-26 11:00:00,205.58891860342456
2011-08-26 12:00:00,236.0789492813615
2011-08-26 13:00:00,246.94500227595205
2011-08-26 14:00:00,212.23010361527275
2011-08-26 15:00:00,249.93284737434598
2011-08-26 16:00:00,350.71157000583275
2011-08-26 17:00:00,529.5912018810158
2011-08-26 18:00:00,467.22113668049064
2011-08-26 19:00:00,348.28705571927856
2011-08-26 20:00:00,262.3217278121957
2011-08-26 21:00:00,225.94258915927585
2011-08-26 22:00:00,196.42649583769824
2011-08-26 23:00:00,156.9769389649839
2011-08-27 00:00:00,140.7529429927858
2011-08-27 01:00:00,93.74766570299336
2011-08-27 02:00:00,71.1866626356743
2011-08-27 03:00:00,30.777624550728344
2011-08-27 04:00:00,8.870591110880685
2011-08-27 05:00:00,9.127370960559334
2011-08-27 06:00:00,20.546176376974568
2011-08-27 07:00:00,45.76893992079874
2011-08-27 08:00:00,118.74773790966863
2011-08-27 09:00:00,169.10547178841406
2011-08-27 10:00:00,231.51849225275623
2011-08-27 11:00:00,125.9411426841218
2011-08-27 12:00:00,153.27667245088315
2011-08-27 13:00:00,146.7600702941324
2011-08-27 14:00:00,108.02288117669302
2011-08-27 15:00:00,133.6643662590904
2011-08-27 16:00:00,125.14912554815184
2011-08-27 17:00:00,90.40577899353875
2011-08-28 07:00:00,24.875395732596434
2011-08-28 08:00:00,48.24243270471736
2011-08-28 09:00:00,177.65952793171135
2011-08-28 10:00:00,309.98096839421845
2011-08-28 11:00:00,402.2876122398506
2011-08-28 12:00:00,484.1635403275511
2011-08-28 13:00:00,488.70627368384453
2011-08-28 14:00:00,490.9520113784453
2011-08-28 15:00:00,479.8450928297002
2011-08-28 16:00:00,513.8853901571304
2011-08-28 17:00:00,492.3000344221047
2011-08-28 18:00:00,423.43497812988534
2011-08-28 19:00:00,354.24088773838827
2011-08-28 20:00:00,300.79668543784635
2011-08-28 21:00:00,204.90833598510116
2011-08-28 22:00:00,140.32247339436591
2011-08-28 23:00:00,88.2329114670476
2011-08-29 00:00:00,42.80187731831124
2011-08-29 01:00:00,15.371492959219674
2011-08-29 02:00:00,9.156975584281218
2011-08-29 03:00:00,5.97055294762561
2011-08-29 04:00:00,6.446064838030435
2011-08-29 05:00:00,27.68148483411456
2011-08-29 06:00:00,128.76474145803596
2011-08-29 07:00:00,403.8720833409011
2011-08-29 08:00:00,606.7036553974191
2011-08-29 09:00:00,324.1060908762416
2011-08-29 10:00:00,170.64422460982212
2011-08-29 11:00:00,198.9501758564442
2011-08-29 12:00:00,301.4123971418237
2011-08-29 13:00:00,274.33593127631866
2011-08-29 14:00:00,211.93283028554933
2011-08-29 15:00:00,242.51490908767886
2011-08-29 16:00:00,364.2309712229472
2011-08-29 17:00:00,756.8428448192863
2011-08-29 18:00:00,726.9638464627342
2011-08-29 19:00:00,505.08374668573225
2011-08-29 20:00:00,365.11912898098115
2011-08-29 21:00:00,260.29276343980655
2011-08-29 22:00:00,172.3803928744177
2011-08-29 23:00:00,96.24679339593528
2011-08-30 00:00:00,36.86172142234615
2011-08-30 01:00:00,13.649184226552629
2011-08-30 02:00:00,6.483615795508468
2011-08-30 03:00:00,4.945670329979486
2011-08-30 04:00:00,5.465708468261042
2011-08-30 05:00:00,29.07915555977878
2011-08-30 06:00:00,137.07219259755996
2011-08-30 07:00:00,398.93821443093367
2011-08-30 08:00:00,647.0365145797798
2011-08-30 09:00:00,309.00253741601165
2011-08-30 10:00:00,189.187775907713
2011-08-30 11:00:00,203.17700797661502
2011-08-30 12:00:00,241.24501623390054
2011-08-30 13:00:00,242.09005543114412
2011-08-30 14:00:00,225.13871375178002
2011-08-30 15:00:00,253.68747679386254
2011-08-30 16:00:00,389.81433741614745
2011-08-30 17:00:00,770.9136292827251
2011-08-30 18:00:00,719.8901877544263
2011-08-30 19:00:00,504.7836753740387
2011-08-30 20:00:00,368.0937263751661
2011-08-30 21:00:00,253.81145443183215
2011-08-30 22:00:00,185.83885535591742
2011-08-30 23:00:00,111.5074666214018
2011-08-31 00:00:00,44.90665434001725
2011-08-31 01:00:00,17.278354696883103
2011-08-31 02:00:00,7.328051348662787
2011-08-31 03:00:00,6.146313754918321
2011-08-31 04:00:00,5.773174411550636
2011-08-31 05:00:00,29.867612051891765
2011-08-31 06:00:00,139.15466288539523
2011-08-31 07:00:00,382.6783707444707
2011-08-31 08:00:00,649.5455587866036
2011-08-31 09:00:00,296.4337026096436
2011-08-31 10:00:00,178.39344777134858
2011-08-31 11:00:00,195.09715747004668
2011-08-31 12:00:00,250.0905080716206
2011-08-31 13:00:00,235.74958177840728
2011-08-31 14:00:00,216.7432919832448
2011-08-31 15:00:00,245.79397497141315
2011-08-31 16:00:00,355.29553382148544
2011-08-31 17:00:00,686.6553764969624
2011-08-31 18:00:00,718.2258334520903
2011-08-31 19:00:00,500.5380802600717
2011-08-31 20:00:00,399.2810114457721
2011-08-31 21:00:00,274.8803209526148
2011-08-31 22:00:00,199.3935939970951
2011-08-31 23:00:00,99.39577977830643
2011-09-20 00:00:00,37.45244984653016
2011-09-20 01:00:00,10.982961370940302
2011-09-20 02:00:00,5.488853629391749
2011-09-20 03:00:00,4.59563473233803
2011-09-20 04:00:00,4.675381758567743
2011-09-20 05:00:00,24.57499819976652
2011-09-20 06:00:00,108.48343146913815
2011-09-20 07:00:00,307.0473561314638
2011-09-20 08:00:00,236.9859314546785
2011-09-20 09:00:00,102.12862222534551
2011-09-20 10:00:00,79.25406695042835
2011-09-20 11:00:00,72.49930554121636
2011-09-20 12:00:00,89.76524304192837
2011-09-20 13:00:00,91.81667055396092
2011-09-20 14:00:00,100.37283806465614
2011-09-20 15:00:00,142.68715080336455
2011-09-20 16:00:00,196.25014453624172
2011-09-20 17:00:00,408.98901444943584
2011-09-20 18:00:00,395.25330972321484
2011-09-20 19:00:00,280.50034840756587
2011-09-20 20:00:00,170.14886421942666
2011-09-20 21:00:00,137.1414494944112
2011-09-20 22:00:00,111.01625834481894
2011-09-20 23:00:00,74.92533316325255
2011-09-21 00:00:00,27.32009601268222
2011-09-21 01:00:00,11.618717924388019
2011-09-21 02:00:00,5.882365299204237
2011-09-21 03:00:00,4.920175926148018
2011-09-21 04:00:00,4.043577715943286
2011-09-21 05:00:00,20.107633585898
2011-09-21 06:00:00,86.8915117957119
2011-09-21 07:00:00,220.0723108827409
2011-09-21 08:00:00,449.1915140644751
2011-09-21 09:00:00,162.2958140770929
2011-09-21 10:00:00,111.08648037472607
2011-09-21 11:00:00,119.8832776531127
2011-09-21 12:00:00,148.68689576891333
2011-09-21 13:00:00,160.7095694032948
2011-09-21 14:00:00,154.0071058258013
2011-09-21 15:00:00,173.37917285331267
2011-09-21 16:00:00,255.74300219077114
2011-09-21 17:00:00,334.68203264507173
2011-09-21 18:00:00,258.68665194085906
2011-09-21 19:00:00,140.16424924144013
2011-09-21 20:00:00,94.02202015720076
2011-09-21 21:00:00,94.57421562792226
2011-09-21 22:00:00,106.79749356735175
2011-09-21 23:00:00,68.55940665601739
2011-09-22 00:00:00,40.75365993319319
2011-09-22 01:00:00,13.426872556758731
2011-09-22 02:00:00,7.321786296069802
2011-09-22 03:00:00,4.515054115484751
2011-09-22 04:00:00,4.7161120288934315
2011-09-22 05:00:00,24.118389610413725
2011-09-22 06:00:00,93.25163100384971
2011-09-22 07:00:00,246.73007734475118
2011-09-22 08:00:00,414.32971640576835
2011-09-22 09:00:00,185.36418223684558
2011-09-22 10:00:00,114.280584580585
2011-09-22 11:00:00,127.58400843607008
2011-09-22 12:00:00,157.4141646577724
2011-09-22 13:00:00,155.2522060650858
2011-09-22 14:00:00,140.54946710000917
2011-09-22 15:00:00,164.0177574879985
2011-09-22 16:00:00,288.32623665723696
2011-09-22 17:00:00,476.400027368896
2011-09-22 18:00:00,401.33760801402286
2011-09-22 19:00:00,294.12995950865746
2011-09-22 20:00:00,175.0342242540773
2011-09-22 21:00:00,176.03580013717107
2011-09-22 22:00:00,106.76850027271632
2011-09-22 23:00:00,94.47908913745292
2011-09-23 00:00:00,76.62139594675617
2011-09-23 01:00:00,30.81589149576696
2011-09-23 02:00:00,12.846213840519972
2011-09-23 03:00:00,6.490436133452699
2011-09-23 04:00:00,8.182175863904114
2011-09-23 05:00:00,32.449423571288946
2011-09-23 06:00:00,140.11085456493134
2011-09-23 07:00:00,199.4125523898812
2011-09-23 08:00:00,283.52520927466907
2011-09-23 09:00:00,168.2683792686092
2011-09-23 10:00:00,106.83094264773437
2011-09-23 11:00:00,126.28773841022084
2011-09-23 12:00:00,143.57824586684526
2011-09-23 13:00:00,125.36546885546132
2011-09-23 14:00:00,116.94240242742937
2011-09-23 15:00:00,144.59661106017006
2011-09-23 16:00:00,218.16780948911784
2011-09-23 17:00:00,423.9547206968608
2011-09-23 18:00:00,378.33430518736816
2011-09-23 19:00:00,321.6955224927267
2011-09-23 20:00:00,241.65876967019327
2011-09-23 21:00:00,203.1479781594587
2011-09-23 22:00:00,201.25664447822874
2011-09-23 23:00:00,121.07160682226667
2011-09-24 00:00:00,134.5945047759054
2011-09-24 01:00:00,92.28022837886351
2011-09-24 02:00:00,56.556221269058696
2011-09-24 03:00:00,32.273723647710035
2011-09-24 04:00:00,10.941318366934603
2011-09-24 05:00:00,9.761521847158388
2011-09-24 06:00:00,22.955913072747826
2011-09-24 07:00:00,57.2374114572008
2011-09-24 08:00:00,135.2262687629882
2011-09-24 09:00:00,216.39700574837858
2011-09-24 10:00:00,270.85571986769634
2011-09-24 11:00:00,356.28195844193186
2011-09-24 12:00:00,383.19957357042216
2011-09-24 13:00:00,486.048077666854
2011-09-24 14:00:00,444.9478607281544
2011-09-24 15:00:00,443.09224061967524
2011-09-24 16:00:00,427.30411191839556
2011-09-24 17:00:00,443.98129928592994
2011-09-24 18:00:00,362.8042821900517
2011-09-24 19:00:00,313.9827064225313
2011-09-24 20:00:00,280.0090888966301
2011-09-24 21:00:00,230.41702526972657
2011-09-24 22:00:00,182.01473069412563
2011-09-24 23:00:00,153.93212241211214
2011-09-25 00:00:00,137.3822016100601
2011-09-25 01:00:00,109.9034417768284
2011-09-25 02:00:00,82.23911879823014
2011-09-25 03:00:00,31.058991946071306
2011-09-25 04:00:00,11.628373354586156
2011-09-25 05:00:00,12.551682682294263
2011-09-25 06:00:00,15.950114165298496
2011-09-25 07:00:00,52.21920421642546
2011-09-25 08:00:00,110.18864431728045
2011-09-25 09:00:00,206.80384678077763
2011-09-25 10:00:00,305.7443938984197
2011-09-25 11:00:00,366.44225807859095
2011-09-25 12:00:00,428.29436478723073
2011-09-25 13:00:00,463.2637922806209
2011-09-25 14:00:00,426.83765190229065
2011-09-25 15:00:00,395.4157922529795
2011-09-25 16:00:00,520.1682945855581
2011-09-25 17:00:00,423.24636467985954
2011-09-25 18:00:00,354.40598486595377
2011-09-25 19:00:00,265.14642420687716
2011-09-25 20:00:00,237.24258144389378
2011-09-25 21:00:00,172.5693437603797
2011-09-25 22:00:00,150.6290735501154
2011-09-25 23:00:00,95.40522480140615
2011-09-26 00:00:00,51.74408306753859
2011-09-26 01:00:00,16.094979793797886
2011-09-26 02:00:00,7.145643755451292
2011-09-26 03:00:00,4.4028992311535395
2011-09-26 04:00:00,8.714606838340451
2011-09-26 05:00:00,29.615380217826864
2011-09-26 06:00:00,131.3598548853003
2011-09-26 07:00:00,351.3067139795608
2011-09-26 08:00:00,546.6419844174432
2011-09-26 09:00:00,267.4045736089456
2011-09-26 10:00:00,141.96205703367806
2011-09-26 11:00:00,191.84335872962765
2011-09-26 12:00:00,211.42787864595144
2011-09-26 13:00:00,230.19803266729008
2011-09-26 14:00:00,219.52502310566734
2011-09-26 15:00:00,239.10669602722615
2011-09-26 16:00:00,388.26808380784627
2011-09-26 17:00:00,676.2732860633107
2011-09-26 18:00:00,556.9391114341643
2011-09-26 19:00:00,387.59915807564937
2011-09-26 20:00:00,284.6709085437015
2011-09-26 21:00:00,217.3829429160565
2011-09-26 22:00:00,153.0522377627611
2011-09-26 23:00:00,99.17917272331596
2011-09-27 00:00:00,53.70009823322786
2011-09-27 01:00:00,15.68926201054371
2011-09-27 02:00:00,6.315394837622368
2011-09-27 03:00:00,4.130131155349593
2011-09-27 04:00:00,7.198100658730344
2011-09-27 05:00:00,22.176468996889763
2011-09-27 06:00:00,145.46917814464783
2011-09-27 07:00:00,373.1327891141176
2011-09-27 08:00:00,577.3139310681769
2011-09-27 09:00:00,157.69537320792375
2011-09-27 10:00:00,106.68066675081226
2011-09-27 11:00:00,157.05947358850574
2011-09-27 12:00:00,169.9773309577883
2011-09-27 13:00:00,214.79600880661582
2011-09-27 14:00:00,179.69368605743875
2011-09-27 15:00:00,185.5518979843951
2011-09-27 16:00:00,304.42428699728885
2011-09-27 17:00:00,558.4016013436284
2011-09-27 18:00:00,488.21170011335164
2011-09-27 19:00:00,352.47305785171864
2011-09-27 20:00:00,310.7855175748571
2011-09-27 21:00:00,222.86360811555951
2011-09-27 22:00:00,165.47657693312868
2011-09-27 23:00:00,109.14713342335307
2011-09-28 00:00:00,46.79323187928907
2011-09-28 01:00:00,18.00683541006266
2011-09-28 02:00:00,5.951036497153495
2011-09-28 03:00:00,5.050687590144928
2011-09-28 04:00:00,6.99623849323201
2011-09-28 05:00:00,30.674563636651587
2011-09-28 06:00:00,75.38293017181621
2011-09-28 07:00:00,156.88548606890487
2011-09-28 08:00:00,209.61447488157788
2011-09-28 09:00:00,111.41353642929407
2011-09-28 10:00:00,128.60131949111437
2011-09-28 11:00:00,158.56883694818117
2011-09-28 12:00:00,198.087601621859
2011-09-28 13:00:00,210.06758724762145
2011-09-28 14:00:00,206.7216928313856
2011-09-28 15:00:00,225.32319260962208
2011-09-28 16:00:00,346.9093965107721
2011-09-28 17:00:00,608.5771235954188
2011-09-28 18:00:00,307.4980444951487
2011-09-28 19:00:00,209.53089715899046
2011-09-28 20:00:00,122.96770323957743
2011-09-28 21:00:00,93.83316130492351
2011-09-28 22:00:00,158.67342125511766
2011-09-28 23:00:00,105.68075111775848
2011-09-29 00:00:00,62.05556727629027
2011-09-29 01:00:00,17.35544891538653
2011-09-29 02:00:00,7.992887470073228
2011-09-29 03:00:00,4.717585425225268
2011-09-29 04:00:00,6.690839667747746
2011-09-29 05:00:00,31.50331828305446
2011-09-29 06:00:00,142.59858421722674
2011-09-29 07:00:00,478.52390919548463
2011-09-29 08:00:00,696.7946930023768
2011-09-29 09:00:00,303.2035068725253
2011-09-29 10:00:00,174.14062971154308
2011-09-29 11:00:00,226.26350321629053
2011-09-29 12:00:00,265.7450277031696
2011-09-29 13:00:00,277.60103467739924
2011-09-29 14:00:00,235.53670345849727
2011-09-29 15:00:00,233.46911358547925
2011-09-29 16:00:00,392.4712023089751
2011-09-29 17:00:00,683.7374490091319
2011-09-29 18:00:00,648.9902073851558
2011-09-29 19:00:00,441.74274060378247
2011-09-29 20:00:00,337.8534176462867
2011-09-29 21:00:00,256.1338997004143
2011-09-29 22:00:00,204.53303631024656
2011-09-29 23:00:00,128.9191599614003
2011-09-30 00:00:00,71.10958730319408
2011-09-30 01:00:00,32.01148353999615
2011-09-30 02:00:00,11.85913010195556
2011-09-30 03:00:00,6.47678161056907
2011-09-30 04:00:00,6.922328249421052
2011-09-30 05:00:00,33.723558008542085
2011-09-30 06:00:00,138.29119663068005
2011-09-30 07:00:00,395.659340262696
2011-09-30 08:00:00,622.1467518008599
2011-09-30 09:00:00,318.2478020752579
2011-09-30 10:00:00,188.52613337393538
2011-09-30 11:00:00,242.58963193105643
2011-09-30 12:00:00,291.6251587116242
2011-09-30 13:00:00,300.59375696568446
2011-09-30 14:00:00,264.32007109586306
2011-09-30 15:00:00,287.4938332656203
2011-09-30 16:00:00,413.67796292055965
2011-09-30 17:00:00,645.5604459839212
2011-09-30 18:00:00,551.1716935577838
2011-09-30 19:00:00,353.68338046496666
2011-09-30 20:00:00,258.8703426303277
2011-09-30 21:00:00,211.0607694796882
2011-09-30 22:00:00,179.3923376269145
2011-09-30 23:00:00,143.73688668629077
2011-10-20 00:00:00,57.74530788348407
2011-10-20 01:00:00,18.2908402020301
2011-10-20 02:00:00,8.297545095425308
2011-10-20 03:00:00,4.72921117066088
2011-10-20 04:00:00,5.546974927091827
2011-10-20 05:00:00,32.802666184681165
2011-10-20 06:00:00,134.3605236945128
2011-10-20 07:00:00,379.4696517119973
2011-10-20 08:00:00,584.5625813438693
2011-10-20 09:00:00,263.0416249924195
2011-10-20 10:00:00,145.1111334215957
2011-10-20 11:00:00,193.21826788308456
2011-10-20 12:00:00,227.80298066723603
2011-10-20 13:00:00,230.09309080272376
2011-10-20 14:00:00,194.48553818404946
2011-10-20 15:00:00,196.87239554234162
2011-10-20 16:00:00,319.33500315145744
2011-10-20 17:00:00,587.7459865341481
2011-10-20 18:00:00,558.8731709023775
2011-10-20 19:00:00,367.22290575798587
2011-10-20 20:00:00,257.2142343391432
2011-10-20 21:00:00,194.91018616939496
2011-10-20 22:00:00,149.95918077045417
2011-10-20 23:00:00,103.37293247225368
2011-10-21 00:00:00,71.38625893909358
2011-10-21 01:00:00,23.78334006226329
2011-10-21 02:00:00,10.921530010702709
2011-10-21 03:00:00,5.517861479533046
2011-10-21 04:00:00,6.393528732642077
2011-10-21 05:00:00,27.896032303694152
2011-10-21 06:00:00,120.74062912186497
2011-10-21 07:00:00,338.1941441369839
2011-10-21 08:00:00,582.3594516387715
2011-10-21 09:00:00,313.5879561260025
2011-10-21 10:00:00,185.59306902009112
2011-10-21 11:00:00,238.52997535844233
2011-10-21 12:00:00,280.5757150729068
2011-10-21 13:00:00,264.25021269499837
2011-10-21 14:00:00,272.810686834019
2011-10-21 15:00:00,278.6497623265963
2011-10-21 16:00:00,392.9868263317926
2011-10-21 17:00:00,589.3590454974081
2011-10-21 18:00:00,493.4430461625631
2011-10-21 19:00:00,329.8664463903663
2011-10-21 20:00:00,238.83997067021426
2011-10-21 21:00:00,181.2821774082339
2011-10-21 22:00:00,161.1629198762965
2011-10-21 23:00:00,117.76402129248848
2011-10-22 00:00:00,127.5703807079675
2011-10-22 01:00:00,80.42121043050034
2011-10-22 02:00:00,51.4811527373305
2011-10-22 03:00:00,24.100692472103432
2011-10-22 04:00:00,9.138753404617056
2011-10-22 05:00:00,9.26357536765816
2011-10-22 06:00:00,21.362034917202518
2011-10-22 07:00:00,56.477881525977644
2011-10-22 08:00:00,139.40757432010298
2011-10-22 09:00:00,220.640866012051
2011-10-22 10:00:00,295.86996383220514
2011-10-22 11:00:00,364.3076118680117
2011-10-22 12:00:00,412.9198774162954
2011-10-22 13:00:00,533.3002273558421
2011-10-22 14:00:00,467.77304532003546
2011-10-22 15:00:00,434.820516006278
2011-10-22 16:00:00,478.13782104120793
2011-10-22 17:00:00,375.3471376562613
2011-10-22 18:00:00,311.8056089660998
2011-10-22 19:00:00,260.78209275632497
2011-10-22 20:00:00,209.55281237967506
2011-10-22 21:00:00,163.9728398136344
2011-10-22 22:00:00,149.1600038850347
2011-10-22 23:00:00,124.76795541110097
2011-10-23 00:00:00,83.95289040127722
2011-10-23 01:00:00,84.48385976011203
2011-10-23 02:00:00,55.90043195725324
2011-10-23 03:00:00,31.38088032748845
2011-10-23 04:00:00,9.46797927345745
2011-10-23 05:00:00,8.604488330926518
2011-10-23 06:00:00,12.738214410977873
2011-10-23 07:00:00,37.48345227247478
2011-10-23 08:00:00,91.12517555299176
2011-10-23 09:00:00,177.47976532601876
2011-10-23 10:00:00,271.9421580057129
2011-10-23 11:00:00,328.1602884592167
2011-10-23 12:00:00,410.56443252058716
2011-10-23 13:00:00,435.3999645067736
2011-10-23 14:00:00,414.28694541163765
2011-10-23 15:00:00,427.91393237528723
2011-10-23 16:00:00,442.77139438518014
2011-10-23 17:00:00,376.0837695141045
2011-10-23 18:00:00,311.58892207955785
2011-10-23 19:00:00,218.05116156988467
2011-10-23 20:00:00,174.4754291634526
2011-10-23 21:00:00,139.0267566024163
2011-10-23 22:00:00,103.89861559569094
2011-10-23 23:00:00,67.85274950800316
2011-10-24 00:00:00,40.97385778448867
2011-10-24 01:00:00,12.636050325363746
2011-10-24 02:00:00,6.172912176342405
2011-10-24 03:00:00,4.57626226154782
2011-10-24 04:00:00,6.76572406386589
2011-10-24 05:00:00,27.974677116655155
2011-10-24 06:00:00,114.28363776974192
2011-10-24 07:00:00,304.4025985680646
2011-10-24 08:00:00,556.4341641724719
2011-10-24 09:00:00,271.3848440038308
2011-10-24 10:00:00,129.83112640826872
2011-10-24 11:00:00,172.13844298225965
2011-10-24 12:00:00,238.67406291835744
2011-10-24 13:00:00,227.8679309549599
2011-10-24 14:00:00,210.6302261243011
2011-10-24 15:00:00,221.89976227155765
2011-10-24 16:00:00,353.4733882188984
2011-10-24 17:00:00,624.282658657734
2011-10-24 18:00:00,585.971347977804
2011-10-24 19:00:00,321.9830340341508
2011-10-24 20:00:00,248.81137305164972
2011-10-24 21:00:00,180.41446441405395
2011-10-24 22:00:00,128.32712667378638
2011-10-24 23:00:00,78.83301321878041
2011-10-25 00:00:00,39.325478696193784
2011-10-25 01:00:00,13.228336844061717
2011-10-25 02:00:00,4.882037702398002
2011-10-25 03:00:00,3.97356091118977
2011-10-25 04:00:00,5.641537290586327
2011-10-25 05:00:00,26.476238203827823
2011-10-25 06:00:00,121.45445096002152
2011-10-25 07:00:00,350.4290194774236
2011-10-25 08:00:00,611.8242361898288
2011-10-25 09:00:00,302.7179501672235
2011-10-25 10:00:00,173.39026313023476
2011-10-25 11:00:00,194.34469983792584
2011-10-25 12:00:00,255.2658715376826
2011-10-25 13:00:00,248.66634953667702
2011-10-25 14:00:00,225.13164658919248
2011-10-25 15:00:00,229.564711935796
2011-10-25 16:00:00,391.74316245618286
2011-10-25 17:00:00,724.4641398559548
2011-10-25 18:00:00,656.8525517739598
2011-10-25 19:00:00,373.84124207707197
2011-10-25 20:00:00,262.9942842078923
2011-10-25 21:00:00,179.96953902545548
2011-10-25 22:00:00,147.00546235296142
2011-10-25 23:00:00,90.40856251158363
2011-10-26 00:00:00,46.286081433490644
2011-10-26 01:00:00,13.554865595478775
2011-10-26 02:00:00,5.893497523466278
2011-10-26 03:00:00,4.542734190234884
2011-10-26 04:00:00,4.9653735860479316
2011-10-26 05:00:00,29.086881081190395
2011-10-26 06:00:00,131.2063321958589
2011-10-26 07:00:00,368.8697758542571
2011-10-26 08:00:00,642.0737286957802
2011-10-26 09:00:00,311.1626532444384
2011-10-26 10:00:00,168.23438530994952
2011-10-26 11:00:00,164.03355204664302
2011-10-26 12:00:00,161.70881205414886
2011-10-26 13:00:00,122.60123966927137
2011-10-26 14:00:00,153.9439843461758
2011-10-26 15:00:00,170.0506591351834
2011-10-26 16:00:00,238.5518326934258
2011-10-26 17:00:00,498.2864446375674
2011-10-26 18:00:00,483.25518026956627
2011-10-26 19:00:00,333.1592383228333
2011-10-26 20:00:00,234.90690237814692
2011-10-26 21:00:00,200.4737752657003
2011-10-26 22:00:00,124.30831938889251
2011-10-26 23:00:00,79.6023609645368
2011-10-27 00:00:00,52.08426159100752
2011-10-27 01:00:00,17.678528726478586
2011-10-27 02:00:00,6.326317200902536
2011-10-27 03:00:00,3.0670817751549713
2011-10-27 04:00:00,5.006576529890672
2011-10-27 05:00:00,20.819842210545133
2011-10-27 06:00:00,82.44224094287102
2011-10-27 07:00:00,347.37824216415106
2011-10-27 08:00:00,253.9485645999127
2011-10-27 09:00:00,299.836023899497
2011-10-27 10:00:00,74.09019042187172
2011-10-27 11:00:00,94.394807397861
2011-10-27 12:00:00,107.03238029329434
2011-10-27 13:00:00,178.27207591459674
2011-10-27 14:00:00,169.5345296851964
2011-10-27 15:00:00,181.68860790432504
2011-10-27 16:00:00,326.5411322181126
2011-10-27 17:00:00,521.6018264067982
2011-10-27 18:00:00,487.5926470286067
2011-10-27 19:00:00,301.2364017322872
2011-10-27 20:00:00,232.79263968150804
2011-10-27 21:00:00,180.58072294358524
2011-10-27 22:00:00,117.33831999407889
2011-10-27 23:00:00,84.6064709242148
2011-10-28 00:00:00,64.59892810608395
2011-10-28 01:00:00,21.878462673589354
2011-10-28 02:00:00,10.20661783406657
2011-10-28 03:00:00,4.7625856294532465
2011-10-28 04:00:00,5.748966966365703
2011-10-28 05:00:00,28.97753631727727
2011-10-28 06:00:00,111.14778740242313
2011-10-28 07:00:00,311.27976134236957
2011-10-28 08:00:00,577.1566160443208
2011-10-28 09:00:00,302.8090002044045
2011-10-28 10:00:00,156.86111532427927
2011-10-28 11:00:00,202.56059227773193
2011-10-28 12:00:00,280.8095899641282
2011-10-28 13:00:00,252.5458619740037
2011-10-28 14:00:00,218.86530823926915
2011-10-28 15:00:00,251.63937167269518
2011-10-28 16:00:00,328.8837202002916
2011-10-28 17:00:00,503.61628618615015
2011-10-28 18:00:00,433.2077455231119
2011-10-28 19:00:00,322.2263438742968
2011-10-28 20:00:00,125.19982527978411
2011-10-28 21:00:00,91.15560867252049
2011-10-28 22:00:00,68.81132854493109
2011-10-28 23:00:00,56.78514240086716
2011-10-29 00:00:00,41.71753318955742
2011-10-29 01:00:00,39.79452061523499
2011-10-29 02:00:00,33.48352686778467
2011-10-29 03:00:00,10.82347951859778
2011-10-29 04:00:00,5.198838380390178
2011-10-29 05:00:00,3.399671738780499
2011-10-29 06:00:00,9.541365439497818
2011-10-29 07:00:00,21.322547185379424
2011-10-29 08:00:00,49.198723117482636
2011-10-29 09:00:00,70.49703852958798
2011-10-29 10:00:00,72.94397894564634
2011-10-29 11:00:00,68.64166604177527
2011-10-29 12:00:00,70.27947267690644
2011-10-29 13:00:00,56.55214348741701
2011-10-29 14:00:00,66.29931378395821
2011-10-29 15:00:00,77.98549570066236
2011-10-29 16:00:00,67.0833230045051
2011-10-29 17:00:00,68.8214365119857
2011-10-29 18:00:00,57.98107889449423
2011-10-29 19:00:00,77.39916432050174
2011-10-29 20:00:00,67.55781666528705
2011-10-29 21:00:00,61.78872892956389
2011-10-29 22:00:00,61.78578554690759
2011-10-29 23:00:00,59.60541884766573
2011-10-30 00:00:00,54.58303056351674
2011-10-30 01:00:00,44.49430083564818
2011-10-30 02:00:00,34.112332787598596
2011-10-30 03:00:00,18.885032822170963
2011-10-30 04:00:00,4.77665732400559
2011-10-30 05:00:00,5.602651383557803
2011-10-30 06:00:00,10.680674989741643
2011-10-30 07:00:00,31.7928402794048
2011-10-30 08:00:00,80.37474892696174
2011-10-30 09:00:00,152.06123805632288
2011-10-30 10:00:00,248.91680517140296
2011-10-30 11:00:00,315.5315406439745
2011-10-30 12:00:00,400.7768210085715
2011-10-30 13:00:00,427.7444234775229
2011-10-30 14:00:00,427.15927228692993
2011-10-30 15:00:00,421.36622048052965
2011-10-30 16:00:00,419.54979739956616
2011-10-30 17:00:00,358.4477824983476
2011-10-30 18:00:00,267.2460162309798
2011-10-30 19:00:00,264.38694032901407
2011-10-30 20:00:00,158.49756602673716
2011-10-30 21:00:00,110.50348318943904
2011-10-30 22:00:00,80.32895954400811
2011-10-30 23:00:00,45.067055039989775
2011-10-31 00:00:00,26.492744242463655
2011-10-31 01:00:00,9.384437653365763
2011-10-31 02:00:00,4.2328450717771124
2011-10-31 03:00:00,3.1258595541464427
2011-10-31 04:00:00,4.760558506768833
2011-10-31 05:00:00,20.17088884557041
2011-10-31 06:00:00,85.8794991695113
2011-10-31 07:00:00,236.00400296228477
2011-10-31 08:00:00,484.7079143953363
2011-10-31 09:00:00,238.08393342013994
2011-10-31 10:00:00,146.28717805562502
2011-10-31 11:00:00,173.03212407837185
2011-10-31 12:00:00,225.10427739505795
2011-10-31 13:00:00,237.72843453242265
2011-10-31 14:00:00,211.63134656495407
2011-10-31 15:00:00,210.15923717682776
2011-10-31 16:00:00,309.45305177730785
2011-10-31 17:00:00,548.3652765937042
2011-10-31 18:00:00,458.7026491447057
2011-10-31 19:00:00,319.4764654934832
2011-10-31 20:00:00,223.58843741016906
2011-10-31 21:00:00,133.64457611239968
2011-10-31 22:00:00,97.30232599782767
2011-10-31 23:00:00,58.060440553404085
2011-11-20 00:00:00,115.8161206573
2011-11-20 01:00:00,82.16160395913607
2011-11-20 02:00:00,56.520057501364526
2011-11-20 03:00:00,26.946747756510934
2011-11-20 04:00:00,9.801625593027552
2011-11-20 05:00:00,8.356739720259599
2011-11-20 06:00:00,14.112858658696407
2011-11-20 07:00:00,47.3223034012371
2011-11-20 08:00:00,88.70805656118748
2011-11-20 09:00:00,178.95097883791385
2011-11-20 10:00:00,270.44140837644807
2011-11-20 11:00:00,389.06657311631216
2011-11-20 12:00:00,440.3431153155849
2011-11-20 13:00:00,446.7099623965491
2011-11-20 14:00:00,394.2946414551728
2011-11-20 15:00:00,381.83550518510333
2011-11-20 16:00:00,422.77710478034504
2011-11-20 17:00:00,381.3096866477536
2011-11-20 18:00:00,339.4789967409739
2011-11-20 19:00:00,246.32624632041393
2011-11-20 20:00:00,209.02333115367028
2011-11-20 21:00:00,139.10764528840852
2011-11-20 22:00:00,72.48958180397715
2011-11-20 23:00:00,54.953700212053455
2011-11-21 00:00:00,41.629527482372964
2011-11-21 01:00:00,10.748673037130892
2011-11-21 02:00:00,6.706646823490331
2011-11-21 03:00:00,3.574140906163013
2011-11-21 04:00:00,6.039542773642986
2011-11-21 05:00:00,25.15596474349287
2011-11-21 06:00:00,108.05875460923595
2011-11-21 07:00:00,307.13066205157895
2011-11-21 08:00:00,572.384094281194
2011-11-21 09:00:00,257.044975693056
2011-11-21 10:00:00,150.09473479288906
2011-11-21 11:00:00,161.66559079538322
2011-11-21 12:00:00,197.42834705599867
2011-11-21 13:00:00,189.32827480274082
2011-11-21 14:00:00,150.67136955432608
2011-11-21 15:00:00,118.72052242514849
2011-11-21 16:00:00,185.38384962807672
2011-11-21 17:00:00,287.2250170609719
2011-11-21 18:00:00,318.87652415351914
2011-11-21 19:00:00,200.6649245933352
2011-11-21 20:00:00,144.01202068306978
2011-11-21 21:00:00,117.4733016936282
2011-11-21 22:00:00,86.54422723953434
2011-11-21 23:00:00,54.37536853111696
2011-11-22 00:00:00,23.860480645086422
2011-11-22 01:00:00,8.72328413366091
2011-11-22 02:00:00,4.3505978109479955
2011-11-22 03:00:00,2.639416639175965
2011-11-22 04:00:00,5.014937804576108
2011-11-22 05:00:00,17.11322216023049
2011-11-22 06:00:00,104.16111285113207
2011-11-22 07:00:00,151.52989365745995
2011-11-22 08:00:00,242.9410918253296
2011-11-22 09:00:00,151.67511915052276
2011-11-22 10:00:00,84.56686920900667
2011-11-22 11:00:00,74.97870980765347
2011-11-22 12:00:00,79.56776590214064
2011-11-22 13:00:00,75.18014397047978
2011-11-22 14:00:00,66.59255591172888
2011-11-22 15:00:00,89.3373015007295
2011-11-22 16:00:00,141.97975309277703
2011-11-22 17:00:00,250.94214979808598
2011-11-22 18:00:00,246.7630360224842
2011-11-22 19:00:00,201.42188974477472
2011-11-22 20:00:00,165.2396907758881
2011-11-22 21:00:00,133.41499698965504
2011-11-22 22:00:00,119.68595590555591
2011-11-22 23:00:00,70.71331838159422
2011-11-23 00:00:00,36.32026027049058
2011-11-23 01:00:00,10.611555606119026
2011-11-23 02:00:00,3.230551289724708
2011-11-23 03:00:00,2.2718955376893004
2011-11-23 04:00:00,3.275115773683433
2011-11-23 05:00:00,23.494150332276785
2011-11-23 06:00:00,105.6973529927831
2011-11-23 07:00:00,274.91517289148595
2011-11-23 08:00:00,539.2664227454773
2011-11-23 09:00:00,235.33000973059475
2011-11-23 10:00:00,114.9263554026646
2011-11-23 11:00:00,148.616251925637
2011-11-23 12:00:00,205.52014630943538
2011-11-23 13:00:00,194.35359075201816
2011-11-23 14:00:00,171.80412930550855
2011-11-23 15:00:00,204.89562237501173
2011-11-23 16:00:00,269.92002610413226
2011-11-23 17:00:00,231.979195055122
2011-11-23 18:00:00,510.1740562682961
2011-11-23 19:00:00,309.2022726592499
2011-11-23 20:00:00,202.29530668634067
2011-11-23 21:00:00,153.83479737485033
2011-11-23 22:00:00,114.40197196318472
2011-11-23 23:00:00,75.36917096562388
2011-11-24 00:00:00,55.435792295530064
2011-11-24 01:00:00,23.31638377660344
2011-11-24 02:00:00,14.556067900659121
2011-11-24 03:00:00,5.6607927293069515
2011-11-24 04:00:00,4.735339572783295
2011-11-24 05:00:00,7.549729606763969
2011-11-24 06:00:00,23.21136373068144
2011-11-24 07:00:00,58.69763929454575
2011-11-24 08:00:00,135.30897288814992
2011-11-24 09:00:00,156.98175400384386
2011-11-24 10:00:00,162.41649645535728
2011-11-24 11:00:00,217.70766604500895
2011-11-24 12:00:00,238.60446803906476
2011-11-24 13:00:00,247.54320943773845
2011-11-24 14:00:00,235.96686321708899
2011-11-24 15:00:00,226.1822746732468
2011-11-24 16:00:00,261.7881234459894
2011-11-24 17:00:00,260.127771501686
2011-11-24 18:00:00,227.06294251674302
2011-11-24 19:00:00,197.56483718933558
2011-11-24 20:00:00,131.47576854296267
2011-11-24 21:00:00,109.58649506854147
2011-11-24 22:00:00,98.89275415010083
2011-11-24 23:00:00,61.369950319152224
2011-11-25 00:00:00,60.22824558997054
2011-11-25 01:00:00,21.135083789472144
2011-11-25 02:00:00,8.390750696701295
2011-11-25 03:00:00,4.5520309384203035
2011-11-25 04:00:00,5.569324307085381
2011-11-25 05:00:00,24.81961070673689
2011-11-25 06:00:00,92.68026704016039
2011-11-25 07:00:00,243.7949547911069
2011-11-25 08:00:00,471.0556845350575
2011-11-25 09:00:00,260.6081834767901
2011-11-25 10:00:00,156.85865239470755
2011-11-25 11:00:00,166.77136663115587
2011-11-25 12:00:00,242.33419031731398
2011-11-25 13:00:00,269.72935488615707
2011-11-25 14:00:00,273.6282994333793
2011-11-25 15:00:00,309.38274166137643
2011-11-25 16:00:00,402.8321082588963
2011-11-25 17:00:00,635.0084257529525
2011-11-25 18:00:00,477.4897833122457
2011-11-25 19:00:00,289.07106939868953
2011-11-25 20:00:00,211.22310779004036
2011-11-25 21:00:00,148.8325684065603
2011-11-25 22:00:00,132.3307109849855
2011-11-25 23:00:00,109.27703431061624
2011-11-26 00:00:00,100.49533819453761
2011-11-26 01:00:00,71.39315773867385
2011-11-26 02:00:00,44.32635793660249
2011-11-26 03:00:00,22.45353166551047
2011-11-26 04:00:00,8.27038652139544
2011-11-26 05:00:00,7.774011082206085
2011-11-26 06:00:00,17.41429456293039
2011-11-26 07:00:00,46.27161709165731
2011-11-26 08:00:00,123.60557178937376
2011-11-26 09:00:00,182.16988225909972
2011-11-26 10:00:00,260.1648702821107
2011-11-26 11:00:00,366.0025085918303
2011-11-26 12:00:00,445.75333212407236
2011-11-26 13:00:00,511.4736037104188
2011-11-26 14:00:00,477.36754725137286
2011-11-26 15:00:00,517.4456715657407
2011-11-26 16:00:00,425.0703952537631
2011-11-26 17:00:00,401.2510938446408
2011-11-26 18:00:00,273.7791143257363
2011-11-26 19:00:00,220.51565111092896
2011-11-26 20:00:00,215.34605993246606
2011-11-26 21:00:00,137.54089392546604
2011-11-26 22:00:00,133.36638369351365
2011-11-26 23:00:00,115.50237159818758
2011-11-27 00:00:00,96.84806356547499
2011-11-27 01:00:00,87.6167143286053
2011-11-27 02:00:00,53.87001295957208
2011-11-27 03:00:00,31.38088032748845
2011-11-27 04:00:00,8.83308928215038
2011-11-27 05:00:00,8.206193266994493
2011-11-27 06:00:00,13.903679444710177
2011-11-27 07:00:00,37.78096996841781
2011-11-27 08:00:00,84.40708393253857
2011-11-27 09:00:00,168.4940401343905
2011-11-27 10:00:00,244.23315517846515
2011-11-27 11:00:00,347.57356121313387
2011-11-27 12:00:00,438.9306138167569
2011-11-27 13:00:00,447.49544430742895
2011-11-27 14:00:00,471.36896773473086
2011-11-27 15:00:00,464.0761251519911
2011-11-27 16:00:00,478.9579704929692
2011-11-27 17:00:00,422.0890935978647
2011-11-27 18:00:00,309.94761738779124
2011-11-27 19:00:00,230.49677965719846
2011-11-27 20:00:00,191.589007249126
2011-11-27 21:00:00,140.69878603320208
2011-11-27 22:00:00,110.213314769341
2011-11-27 23:00:00,74.90090492444332
2011-11-28 00:00:00,39.1831151646282
2011-11-28 01:00:00,12.76803365956186
2011-11-28 03:00:00,4.297742187245519
2011-11-28 04:00:00,6.8173933448962725
2011-11-28 05:00:00,28.449066605909096
2011-11-28 06:00:00,120.49641589343189
2011-11-28 07:00:00,370.6448532354881
2011-11-28 08:00:00,578.3212854070604
2011-11-28 09:00:00,256.0573875572784
2011-11-28 10:00:00,144.52822364610674
2011-11-28 11:00:00,188.15512754664664
2011-11-28 12:00:00,231.34976722026389
2011-11-28 13:00:00,256.77806680823693
2011-11-28 14:00:00,212.6639966209367
2011-11-28 15:00:00,231.40292284278797
2011-11-28 16:00:00,362.71189925662463
2011-11-28 17:00:00,665.9022975464869
2011-11-28 18:00:00,591.2881153224617
2011-11-28 19:00:00,377.0212000306312
2011-11-28 20:00:00,273.4548625053118
2011-11-28 21:00:00,187.5060139053444
2011-11-28 22:00:00,131.19824050483152
2011-11-28 23:00:00,73.84268418688558
2011-11-29 00:00:00,36.64410313575726
2011-11-29 01:00:00,14.145751716592276
2011-11-29 02:00:00,5.088784633386596
2011-11-29 03:00:00,3.7847178636540706
2011-11-29 04:00:00,6.193894178732665
2011-11-29 05:00:00,28.2379113266161
2011-11-29 06:00:00,135.40332485122082
2011-11-29 07:00:00,393.9880844207057
2011-11-29 08:00:00,579.1630212490313
2011-11-29 09:00:00,156.89509491240446
2011-11-29 10:00:00,97.06400216139971
2011-11-29 11:00:00,86.0131350866576
2011-11-29 12:00:00,92.57302580867474
2011-11-29 13:00:00,96.01664533280123
2011-11-29 14:00:00,66.55990428727718
2011-11-29 15:00:00,80.50590082663327
2011-11-29 16:00:00,139.15743091440316
2011-11-29 17:00:00,342.94218788832364
2011-11-29 18:00:00,354.75480399429347
2011-11-29 19:00:00,231.0027099604315
2011-11-29 20:00:00,145.94023181059728
2011-11-29 21:00:00,114.4971609793837
2011-11-29 22:00:00,102.71658215983635
2011-11-29 23:00:00,64.49214996679544
2011-11-30 00:00:00,46.34487910803532
2011-11-30 01:00:00,12.202344390462555
2011-11-30 02:00:00,5.042393384060466
2011-11-30 03:00:00,4.005356500579431
2011-11-30 04:00:00,4.573275120587267
2011-11-30 05:00:00,22.455856268405977
2011-11-30 06:00:00,93.19199073374207
2011-11-30 07:00:00,269.5902483853809
2011-11-30 08:00:00,501.5358076898699
2011-11-30 09:00:00,239.49644417391826
2011-11-30 10:00:00,131.49796523846425
2011-11-30 11:00:00,162.70589501380138
2011-11-30 12:00:00,219.18964932943683
2011-11-30 13:00:00,220.4186952591637
2011-11-30 14:00:00,211.42254739542926
2011-11-30 15:00:00,196.65403776238492
2011-11-30 16:00:00,280.56421001802323
2011-11-30 17:00:00,551.1280415224438
2011-11-30 18:00:00,452.0259735824041
2011-11-30 19:00:00,331.05109020459514
2011-11-30 20:00:00,235.91759027973617
2011-11-30 21:00:00,154.1176766788363
2011-11-30 22:00:00,111.22123154897604
2011-11-30 23:00:00,69.94662783047296
2011-12-20 00:00:00,42.78733290247013
2011-12-20 01:00:00,12.118050845943925
2011-12-20 02:00:00,4.622642895097196
2011-12-20 03:00:00,3.6633445803301954
2011-12-20 04:00:00,8.412340663884612
2011-12-20 05:00:00,30.86980979310899
2011-12-20 06:00:00,136.26611101521033
2011-12-20 07:00:00,349.77249897293086
2011-12-20 08:00:00,664.4400214498667
2011-12-20 09:00:00,276.569892312784
2011-12-20 10:00:00,165.08984685381114
2011-12-20 11:00:00,161.15549015362555
2011-12-20 12:00:00,216.64339311362312
2011-12-20 13:00:00,213.27778361533967
2011-12-20 14:00:00,178.94541784315356
2011-12-20 15:00:00,204.60184404324096
2011-12-20 16:00:00,299.3652052326559
2011-12-20 17:00:00,514.6526688313905
2011-12-20 18:00:00,436.8796116907636
2011-12-20 19:00:00,307.0991543337169
2011-12-20 20:00:00,211.03358478818308
2011-12-20 21:00:00,160.42226897235795
2011-12-20 22:00:00,126.07823978165678
2011-12-20 23:00:00,90.32454072044114
2011-12-21 00:00:00,28.761456839710796
2011-12-21 01:00:00,9.186526983722649
2011-12-21 02:00:00,4.283368480828618
2011-12-21 03:00:00,3.2591756322798715
2011-12-21 04:00:00,2.7815386761322602
2011-12-21 05:00:00,14.8712477432985
2011-12-21 06:00:00,71.67662511715797
2011-12-21 07:00:00,193.40252414368965
2011-12-21 08:00:00,176.97906288013024
2011-12-21 09:00:00,177.76147612408656
2011-12-21 10:00:00,82.91240128067793
2011-12-21 11:00:00,87.81356847160495
2011-12-21 12:00:00,53.5929607162015
2011-12-21 13:00:00,41.50160692103102
2011-12-21 14:00:00,92.04905719782728
2011-12-21 15:00:00,93.54806896219439
2011-12-21 16:00:00,52.639545193207454
2011-12-21 17:00:00,103.19136767570012
2011-12-21 18:00:00,189.88525766512322
2011-12-21 19:00:00,180.86391327393565
2011-12-21 20:00:00,134.726633954819
2011-12-21 21:00:00,161.54237907512996
2011-12-21 22:00:00,134.0103146088682
2011-12-21 23:00:00,80.35463417327408
2011-12-22 00:00:00,40.44776940802899
2011-12-22 01:00:00,16.913364652475426
2011-12-22 02:00:00,9.318241480729386
2011-12-22 03:00:00,3.816322910759483
2011-12-22 04:00:00,3.3115066606315153
2011-12-22 05:00:00,22.330858268532563
2011-12-22 06:00:00,103.00769942602992
2011-12-22 07:00:00,269.2765186117117
2011-12-22 08:00:00,454.8817023696023
2011-12-22 09:00:00,219.10779524739456
2011-12-22 10:00:00,112.24422104397443
2011-12-22 11:00:00,153.60601790520113
2011-12-22 12:00:00,173.20461582611497
2011-12-22 13:00:00,174.84949583334256
2011-12-22 14:00:00,150.77437884761505
2011-12-22 15:00:00,149.61621870881396
2011-12-22 16:00:00,224.37413804706355
2011-12-22 17:00:00,378.20619955783474
2011-12-22 18:00:00,377.9388637672011
2011-12-22 19:00:00,281.14712739039237
2011-12-22 20:00:00,112.39777553766044
2011-12-22 21:00:00,89.81399636298539
2011-12-22 22:00:00,51.824910731311036
2011-12-22 23:00:00,49.5703604072565
2011-12-23 00:00:00,26.421471925282553
2011-12-23 01:00:00,12.01195704892711
2011-12-23 02:00:00,6.418893959047503
2011-12-23 03:00:00,2.708180402421358
2011-12-23 04:00:00,1.8707124938643187
2011-12-23 05:00:00,17.23468241721927
2011-12-23 06:00:00,72.92085530815316
2011-12-23 07:00:00,217.2154390494259
2011-12-23 08:00:00,429.8506388905494
2011-12-23 09:00:00,208.1926023780749
2011-12-23 10:00:00,111.05671155916204
2011-12-23 11:00:00,122.44147936818729
2011-12-23 12:00:00,133.78750706688723
2011-12-23 13:00:00,140.0708251886064
2011-12-23 14:00:00,118.75733453429197
2011-12-23 15:00:00,118.42678875889142
2011-12-23 16:00:00,167.96164956087927
2011-12-23 17:00:00,293.9749910439863
2011-12-23 18:00:00,269.840009747797
2011-12-23 19:00:00,176.9460996555988
2011-12-23 20:00:00,108.00542084718475
2011-12-23 21:00:00,106.1416377963421
2011-12-23 22:00:00,90.15912684700925
2011-12-23 23:00:00,68.58885019265794
2011-12-24 00:00:00,54.616400460021644
2011-12-24 01:00:00,42.084263761664204
2011-12-24 02:00:00,30.53864692958443
2011-12-24 03:00:00,14.420741817586347
2011-12-24 04:00:00,4.148730022277023
2011-12-24 05:00:00,3.3497426103904555
2011-12-24 06:00:00,7.655210936287148
2011-12-24 07:00:00,26.139850986434
2011-12-24 08:00:00,67.16999431671479
2011-12-24 09:00:00,97.73133651325936
2011-12-24 10:00:00,115.40396506338223
2011-12-24 11:00:00,156.95500949344333
2011-12-24 12:00:00,210.9682178650324
2011-12-24 13:00:00,219.97700135628216
2011-12-24 14:00:00,200.90134906502223
2011-12-24 15:00:00,189.92132850313038
2011-12-24 16:00:00,173.04310523860033
2011-12-24 17:00:00,145.06827782237548
2011-12-24 18:00:00,139.11243272992795
2011-12-24 19:00:00,112.0224630984379
2011-12-24 20:00:00,72.36894457333021
2011-12-24 21:00:00,66.75578162291458
2011-12-24 22:00:00,53.61032297290792
2011-12-24 23:00:00,54.240582724012334
2011-12-25 00:00:00,42.380348256662685
2011-12-25 01:00:00,31.041317559361303
2011-12-25 02:00:00,25.248881105570216
2011-12-25 03:00:00,13.728655222571305
2011-12-25 05:00:00,2.9150269140255496
2011-12-25 06:00:00,4.343046502241855
2011-12-25 07:00:00,14.875456218636085
2011-12-25 08:00:00,38.062336920683045
2011-12-25 09:00:00,85.52449207645392
2011-12-25 10:00:00,112.7957860804149
2011-12-25 11:00:00,148.84574129999876
2011-12-25 12:00:00,139.3101333169706
2011-12-25 13:00:00,162.4428285734799
2011-12-25 14:00:00,177.4238546149812
2011-12-25 15:00:00,160.9419708475677
2011-12-25 16:00:00,175.5304418841491
2011-12-25 17:00:00,155.2691057020493
2011-12-25 18:00:00,117.21355361306546
2011-12-25 19:00:00,108.0739900108817
2011-12-25 20:00:00,96.11680056753023
2011-12-25 21:00:00,68.95890124751648
2011-12-25 22:00:00,49.2788799662496
2011-12-25 23:00:00,27.953444466867722
2011-12-26 00:00:00,26.354230962751096
2011-12-26 01:00:00,16.55429310670362
2011-12-26 02:00:00,10.960508701495549
2011-12-26 04:00:00,3.4252451187561532
2011-12-26 05:00:00,3.837314820636329
2011-12-26 06:00:00,12.583698287065484
2011-12-26 07:00:00,38.824818916656255
2011-12-26 08:00:00,92.45105191403347
2011-12-26 09:00:00,113.32352663351703
2011-12-26 10:00:00,105.18362259391131
2011-12-26 11:00:00,123.75468225042667
2011-12-26 12:00:00,154.05094913902343
2011-12-26 13:00:00,163.23313487058346
2011-12-26 14:00:00,141.90567911354833
2011-12-26 15:00:00,146.09122516205827
2011-12-26 16:00:00,166.8699714084371
2011-12-26 17:00:00,185.68493351300862
2011-12-26 18:00:00,174.2218959762026
2011-12-26 19:00:00,126.30849539154906
2011-12-26 20:00:00,103.75615412350938
2011-12-26 21:00:00,71.48182194339034
2011-12-26 22:00:00,56.12264045351893
2011-12-26 23:00:00,32.15068117470737
2011-12-27 00:00:00,17.528610725425843
2011-12-27 01:00:00,5.317568527999987
2011-12-27 02:00:00,2.6720314669674226
2011-12-27 03:00:00,2.259961913859946
2011-12-27 04:00:00,2.3944259956317717
2011-12-27 05:00:00,12.314425407792973
2011-12-27 06:00:00,60.45809613033764
2011-12-27 07:00:00,160.87908050685948
2011-12-27 08:00:00,346.05402461886877
2011-12-27 09:00:00,113.03402790196284
2011-12-27 10:00:00,87.58414756839247
2011-12-27 11:00:00,61.68377491991024
2011-12-27 12:00:00,60.83249744096338
2011-12-27 13:00:00,53.97615245186106
2011-12-27 14:00:00,52.691143179069364
2011-12-27 15:00:00,60.63616672934084
2011-12-27 16:00:00,98.36062291246877
2011-12-27 17:00:00,251.29057352625776
2011-12-27 18:00:00,278.0400243736047
2011-12-27 19:00:00,179.95553700394677
2011-12-27 20:00:00,111.33590287704011
2011-12-27 21:00:00,101.66046100282604
2011-12-27 22:00:00,73.9542823459185
2011-12-27 23:00:00,41.94173500658705
2011-12-28 00:00:00,24.636390334822792
2011-12-28 01:00:00,8.304816490162676
2011-12-28 02:00:00,3.7015488801699385
2011-12-28 03:00:00,3.0338295110564935
2011-12-28 05:00:00,13.648043193380916
2011-12-28 06:00:00,72.56333791988781
2011-12-28 07:00:00,198.832790795487
2011-12-28 08:00:00,392.7059033899362
2011-12-28 09:00:00,187.44958414025166
2011-12-28 10:00:00,101.27770635396038
2011-12-28 11:00:00,106.30094819648313
2011-12-28 12:00:00,107.31156050297353
2011-12-28 13:00:00,104.38360081267165
2011-12-28 14:00:00,93.72157165979371
2011-12-28 15:00:00,98.56170217021437
2011-12-28 16:00:00,132.4064926095388
2011-12-28 17:00:00,248.4399491574674
2011-12-28 18:00:00,240.18964615417858
2011-12-28 19:00:00,152.5205798290688
2011-12-28 20:00:00,114.68942416678355
2011-12-28 21:00:00,73.93438297185229
2011-12-28 22:00:00,57.120321953115024
2011-12-28 23:00:00,32.32831615623889
2011-12-29 00:00:00,14.647221565391398
2011-12-29 01:00:00,5.684773977355697
2011-12-29 02:00:00,3.2317065052274074
2011-12-29 03:00:00,1.920388673634861
2011-12-29 04:00:00,1.6332716502288076
2011-12-29 05:00:00,10.79338534824593
2011-12-29 06:00:00,48.667669702389695
2011-12-29 07:00:00,158.13410154629074
2011-12-29 08:00:00,294.30357553981474
2011-12-29 09:00:00,145.2456323398396
2011-12-29 10:00:00,59.629436866321264
2011-12-29 11:00:00,74.98721820566384
2011-12-29 12:00:00,97.9247249044997
2011-12-29 13:00:00,100.67020373132709
2011-12-29 14:00:00,87.78295829310713
2011-12-29 15:00:00,89.8118178649901
2011-12-29 16:00:00,137.77000947163566
2011-12-29 17:00:00,273.3744003936042
2011-12-29 18:00:00,260.24087932399124
2011-12-29 19:00:00,180.66806579334485
2011-12-29 20:00:00,110.69121986155838
2011-12-29 21:00:00,81.72046563474034
2011-12-29 22:00:00,75.87231143430581
2011-12-29 23:00:00,56.156023238437434
2011-12-30 00:00:00,31.720846788856303
2011-12-30 01:00:00,9.318677166648873
2011-12-30 02:00:00,5.663229367313545
2011-12-30 03:00:00,3.210798513904432
2011-12-30 04:00:00,2.195053690363758
2011-12-30 05:00:00,10.419893494845715
2011-12-30 06:00:00,51.92116265204535
2011-12-30 07:00:00,154.73123666045257
2011-12-30 08:00:00,295.1681027795141
2011-12-30 09:00:00,188.07526526185663
2011-12-30 10:00:00,93.1985637569992
2011-12-30 11:00:00,115.1508641845756
2011-12-30 12:00:00,126.29246230205389
2011-12-30 13:00:00,134.37543095660803
2011-12-30 14:00:00,132.55902618615525
2011-12-30 15:00:00,161.0664101473671
2011-12-30 16:00:00,213.1114018428529
2011-12-30 17:00:00,307.5645004943895
2011-12-30 18:00:00,267.87968395841705
2011-12-30 19:00:00,158.4549576795156
2011-12-30 20:00:00,112.98012821728766
2011-12-30 21:00:00,97.83172180530899
2011-12-30 22:00:00,82.40724685135123
2011-12-30 23:00:00,66.95669470702714
2011-12-31 00:00:00,50.28330750986333
2011-12-31 01:00:00,37.42269379209041
2011-12-31 02:00:00,28.813541866817626
2011-12-31 03:00:00,12.302357500801678
2011-12-31 04:00:00,3.9276022799659986
2011-12-31 05:00:00,3.6027335644421608
2011-12-31 06:00:00,11.781191598855804
2011-12-31 07:00:00,23.777150100524146
2011-12-31 08:00:00,95.12125612689123
2011-12-31 09:00:00,135.76960146066278
2011-12-31 10:00:00,187.6367276036707
2011-12-31 11:00:00,240.67156298741446
2011-12-31 12:00:00,328.020155011369
2011-12-31 13:00:00,279.84217952987274
2011-12-31 14:00:00,279.21274734985656
2011-12-31 15:00:00,231.6062547454918
2011-12-31 16:00:00,230.11927532363913
2011-12-31 17:00:00,219.79873346576792
2011-12-31 18:00:00,199.47560653506048
2011-12-31 19:00:00,154.83943623566708
2011-12-31 20:00:00,131.164685345327
2011-12-31 21:00:00,109.05779660883898
2011-12-31 22:00:00,91.07218737608424
2011-12-31 23:00:00,81.05032458218629
2012-01-20 00:00:00,37.70013967882358
2012-01-20 01:00:00,10.158603127815406
2012-01-20 02:00:00,6.065795766160695
2012-01-20 03:00:00,3.0886497292578268
2012-01-20 04:00:00,2.186996268655618
2012-01-20 05:00:00,10.497933160884575
2012-01-20 06:00:00,55.460457352814835
2012-01-20 07:00:00,147.33236090614963
2012-01-20 08:00:00,313.74287091139587
2012-01-20 09:00:00,164.24909347163364
2012-01-20 10:00:00,66.81974704415327
2012-01-20 11:00:00,76.13182214896437
2012-01-20 12:00:00,91.06287750536261
2012-01-20 13:00:00,93.10167217972794
2012-01-20 14:00:00,74.9094522481442
2012-01-20 15:00:00,84.00137401530368
2012-01-20 16:00:00,94.08693664871943
2012-01-20 17:00:00,180.01972759674635
2012-01-20 18:00:00,161.1946444336268
2012-01-20 19:00:00,119.27184073566904
2012-01-20 20:00:00,78.91634720290006
2012-01-20 21:00:00,58.71975095449759
2012-01-20 22:00:00,56.428455619125806
2012-01-20 23:00:00,24.695507252857368
2012-01-21 00:00:00,21.450201077624925
2012-01-21 01:00:00,15.97976963302328
2012-01-21 02:00:00,14.952083716764857
2012-01-21 03:00:00,6.661993279888722
2012-01-21 04:00:00,2.259588228356019
2012-01-21 05:00:00,2.0368263417932164
2012-01-21 06:00:00,3.4126871675487127
2012-01-21 07:00:00,9.04621340181162
2012-01-21 08:00:00,33.581282622858964
2012-01-21 09:00:00,50.40501741969219
2012-01-21 10:00:00,38.82102588171122
2012-01-21 11:00:00,72.12476913042426
2012-01-21 12:00:00,82.38552172931897
2012-01-21 13:00:00,81.48260837946617
2012-01-21 14:00:00,57.48643172312624
2012-01-21 15:00:00,60.5139847901818
2012-01-21 16:00:00,68.44228840488033
2012-01-21 17:00:00,59.52271128573145
2012-01-21 18:00:00,55.585679041896476
2012-01-21 19:00:00,40.22654279328297
2012-01-21 20:00:00,36.487321941924336
2012-01-21 21:00:00,42.1914729080689
2012-01-21 22:00:00,30.336754458426824
2012-01-21 23:00:00,23.65746626843027
2012-01-22 00:00:00,25.71020930596544
2012-01-22 01:00:00,21.550929719634603
2012-01-22 02:00:00,19.301896427830336
2012-01-22 03:00:00,10.559782384811625
2012-01-22 04:00:00,1.9772836845818524
2012-01-22 05:00:00,1.8524245444176393
2012-01-22 06:00:00,3.1787623568269407
2012-01-22 07:00:00,10.790636365386854
2012-01-22 08:00:00,29.751369660627887
2012-01-22 09:00:00,56.04137692885494
2012-01-22 10:00:00,65.12744027013002
2012-01-22 11:00:00,47.446573904949084
2012-01-22 12:00:00,67.16608508227048
2012-01-22 13:00:00,67.9881666667253
2012-01-22 14:00:00,59.821649489997554
2012-01-22 15:00:00,56.72348816009856
2012-01-22 16:00:00,57.849600290188164
2012-01-22 17:00:00,58.17686600161556
2012-01-22 18:00:00,43.4630436008916
2012-01-22 19:00:00,35.916215082917105
2012-01-22 20:00:00,24.603594771455295
2012-01-22 21:00:00,20.719124037458748
2012-01-22 22:00:00,19.510916549795507
2012-01-22 23:00:00,13.751865582466147
2012-01-23 00:00:00,12.36880739445174
2012-01-23 01:00:00,4.226257942586207
2012-01-23 02:00:00,2.4971200904767374
2012-01-23 03:00:00,1.6867827738962624
2012-01-23 04:00:00,2.156795530787709
2012-01-23 05:00:00,8.801879751947823
2012-01-23 06:00:00,38.273739014552866
2012-01-23 07:00:00,90.18854680603995
2012-01-23 08:00:00,173.26129689194346
2012-01-23 09:00:00,140.22445121240702
2012-01-23 10:00:00,56.36090361519515
2012-01-23 11:00:00,50.667636783934846
2012-01-23 12:00:00,60.56008942671998
2012-01-23 13:00:00,45.287284138771376
2012-01-23 14:00:00,36.2550851270111
2012-01-23 15:00:00,42.96868790084884
2012-01-23 16:00:00,74.47624434057151
2012-01-23 17:00:00,147.1130202331106
2012-01-23 18:00:00,146.0363583748513
2012-01-23 19:00:00,109.64471966583542
2012-01-23 20:00:00,68.02337942517966
2012-01-23 21:00:00,47.335681712114365
2012-01-23 22:00:00,35.58480527617173
2012-01-23 23:00:00,25.05286235819134
2012-01-24 00:00:00,12.984749533208428
2012-01-24 01:00:00,5.661718597789263
2012-01-24 02:00:00,3.0874627795946816
2012-01-24 03:00:00,2.199146749318045
2012-01-24 04:00:00,2.3583037795204573
2012-01-24 05:00:00,10.11305386071825
2012-01-24 06:00:00,52.065529118773085
2012-01-24 07:00:00,149.17111376619786
2012-01-24 08:00:00,323.85879369464527
2012-01-24 09:00:00,159.29143186421194
2012-01-24 10:00:00,83.20556788288714
2012-01-24 11:00:00,92.17267235883502
2012-01-24 12:00:00,92.97776597114715
2012-01-24 13:00:00,98.58317228444083
2012-01-24 14:00:00,94.16633343781471
2012-01-24 15:00:00,101.46063953335441
2012-01-24 16:00:00,177.5650652185733
2012-01-24 17:00:00,406.79882544160193
2012-01-24 18:00:00,364.2168059577964
2012-01-24 19:00:00,267.3798043260854
2012-01-24 20:00:00,129.8221999128789
2012-01-24 21:00:00,124.08676486653768
2012-01-24 22:00:00,80.85692268045075
2012-01-24 23:00:00,47.84507948267315
2012-01-25 00:00:00,16.475740148109733
2012-01-25 01:00:00,7.493611470851485
2012-01-25 02:00:00,3.6764625231619688
2012-01-25 03:00:00,2.812539847272826
2012-01-25 04:00:00,1.7891960329544094
2012-01-25 05:00:00,10.37260627186314
2012-01-25 06:00:00,54.24913899817058
2012-01-25 07:00:00,163.043890821906
2012-01-25 08:00:00,331.42246657334783
2012-01-25 09:00:00,163.39657397777273
2012-01-25 10:00:00,65.10961904514949
2012-01-25 11:00:00,78.84024647975839
2012-01-25 12:00:00,109.57732358644266
2012-01-25 13:00:00,118.69341487187206
2012-01-25 14:00:00,106.00634220029086
2012-01-25 15:00:00,124.99786934208049
2012-01-25 16:00:00,142.4895148991137
2012-01-25 17:00:00,298.75447685989855
2012-01-25 18:00:00,248.53627322773454
2012-01-25 19:00:00,233.68036601241317
2012-01-25 20:00:00,134.70172910258813
2012-01-25 21:00:00,98.3196043158625
2012-01-25 22:00:00,76.18903154563681
2012-01-25 23:00:00,40.02636548297604
2012-01-26 00:00:00,21.26760917836029
2012-01-26 01:00:00,7.314696232353101
2012-01-26 02:00:00,4.405183595810716
2012-01-26 03:00:00,2.250553364049389
2012-01-26 04:00:00,2.8270984575346922
2012-01-26 05:00:00,12.000048349700814
2012-01-26 06:00:00,59.338564372157634
2012-01-26 07:00:00,165.37275658419549
2012-01-26 08:00:00,365.1120384698041
2012-01-26 09:00:00,199.97530263975946
2012-01-26 10:00:00,75.97317758856964
2012-01-26 11:00:00,86.79031463989466
2012-01-26 12:00:00,118.48214765963493
2012-01-26 13:00:00,133.7374698840874
2012-01-26 14:00:00,122.73236188729219
2012-01-26 15:00:00,136.40180482317737
2012-01-26 16:00:00,177.37327667217366
2012-01-26 17:00:00,395.98084899764217
2012-01-26 18:00:00,394.36503099339376
2012-01-26 19:00:00,251.0533515757324
2012-01-26 20:00:00,179.00756454371466
2012-01-26 21:00:00,138.0205261398357
2012-01-26 22:00:00,132.93060017445924
2012-01-26 23:00:00,72.9002687778062
2012-01-27 00:00:00,34.230897637206006
2012-01-27 01:00:00,13.956911496486967
2012-01-27 02:00:00,9.629343310804678
2012-01-27 03:00:00,3.590273788125222
2012-01-27 04:00:00,2.4574251377158562
2012-01-27 05:00:00,13.959946019929987
2012-01-27 06:00:00,53.17914408545772
2012-01-27 07:00:00,141.31206274604443
2012-01-27 08:00:00,200.66751286475997
2012-01-27 09:00:00,122.29185581327451
2012-01-27 10:00:00,68.62696927136982
2012-01-27 11:00:00,135.19827183233042
2012-01-27 12:00:00,176.42316679669395
2012-01-27 13:00:00,197.13168404316824
2012-01-27 14:00:00,174.02300994301018
2012-01-27 15:00:00,184.30016998411574
2012-01-27 16:00:00,209.8614935724127
2012-01-27 17:00:00,327.56323620233366
2012-01-27 18:00:00,272.20678155101007
2012-01-27 19:00:00,176.29741024983744
2012-01-27 20:00:00,121.30937518926223
2012-01-27 21:00:00,95.13289665475324
2012-01-27 22:00:00,98.75248307016224
2012-01-27 23:00:00,62.041901219220286
2012-01-28 00:00:00,54.77156582065999
2012-01-28 01:00:00,39.84631175541418
2012-01-28 02:00:00,26.739731047239548
2012-01-28 03:00:00,13.137032221795861
2012-01-28 04:00:00,3.078649731249646
2012-01-28 05:00:00,2.881460688947107
2012-01-28 06:00:00,8.049360252837511
2012-01-28 07:00:00,18.039919528344864
2012-01-28 08:00:00,55.41529399733791
2012-01-28 09:00:00,108.18793198209143
2012-01-28 10:00:00,137.7278708800726
2012-01-28 11:00:00,172.84799048830692
2012-01-28 12:00:00,160.32220001908652
2012-01-28 13:00:00,208.71202787470517
2012-01-28 14:00:00,187.20259765644306
2012-01-28 15:00:00,212.74989854032293
2012-01-28 16:00:00,230.52148462886436
2012-01-28 17:00:00,191.71132004526962
2012-01-28 18:00:00,194.93274914504067
2012-01-28 19:00:00,103.87770084370729
2012-01-28 20:00:00,90.29724501241196
2012-01-28 21:00:00,87.60040191244448
2012-01-28 22:00:00,79.88201744452623
2012-01-28 23:00:00,60.84623553038585
2012-01-29 00:00:00,60.12656770240588
2012-01-29 01:00:00,37.96242477150612
2012-01-29 02:00:00,31.0032536815727
2012-01-29 03:00:00,13.74164869398919
2012-01-29 04:00:00,3.821640823416608
2012-01-29 05:00:00,2.9093456838331955
2012-01-29 06:00:00,4.506960988204258
2012-01-29 07:00:00,17.280081373721856
2012-01-29 08:00:00,37.41145296933627
2012-01-29 09:00:00,66.95300382152581
2012-01-29 10:00:00,121.28420965001476
2012-01-29 11:00:00,144.37480070280276
2012-01-29 12:00:00,217.97309920845626
2012-01-29 13:00:00,212.2862405203957
2012-01-29 14:00:00,184.18240219400224
2012-01-29 15:00:00,209.4417337188608
2012-01-29 16:00:00,183.86147686283795
2012-01-29 17:00:00,173.3308102742023
2012-01-29 18:00:00,144.47561997741772
2012-01-29 19:00:00,105.29055501218639
2012-01-29 20:00:00,74.07808243683918
2012-01-29 21:00:00,63.77110157035353
2012-01-29 22:00:00,51.54004988087894
2012-01-29 23:00:00,29.721635151630093
2012-01-30 00:00:00,25.315895949708487
2012-01-30 01:00:00,4.173395226991431
2012-01-30 02:00:00,3.0744560605635667
2012-01-30 03:00:00,1.8168899355844834
2012-01-30 04:00:00,1.9243366374461321
2012-01-30 05:00:00,9.107953748974268
2012-01-30 06:00:00,40.78359010288187
2012-01-30 07:00:00,120.15775022549307
2012-01-30 08:00:00,240.09234140748205
2012-01-30 09:00:00,132.65916195090287
2012-01-30 10:00:00,57.79648242356659
2012-01-30 11:00:00,82.95166444976617
2012-01-30 12:00:00,93.52060001329504
2012-01-30 13:00:00,104.32215967390182
2012-01-30 14:00:00,99.20045954311159
2012-01-30 15:00:00,104.71905358720919
2012-01-30 16:00:00,150.63742949691218
2012-01-30 17:00:00,322.13055211547436
2012-01-30 18:00:00,305.9567987571159
2012-01-30 19:00:00,172.61272304735004
2012-01-30 20:00:00,124.26819611770424
2012-01-30 21:00:00,94.6194794123295
2012-01-30 22:00:00,54.36502690521906
2012-01-30 23:00:00,30.55789841172414
2012-01-31 00:00:00,21.284702779371944
2012-01-31 01:00:00,6.300582333538015
2012-01-31 02:00:00,3.1606707119789395
2012-01-31 03:00:00,2.2334110425599993
2012-01-31 04:00:00,2.530587565377735
2012-01-31 05:00:00,12.759089854214002
2012-01-31 06:00:00,65.18336589595889
2012-01-31 07:00:00,168.2803035319215
2012-01-31 08:00:00,340.2957481784112
2012-01-31 09:00:00,180.5753268256063
2012-01-31 10:00:00,86.28198992929987
2012-01-31 11:00:00,105.35397249960755
2012-01-31 12:00:00,127.39771781270541
2012-01-31 13:00:00,165.0968500381469
2012-01-31 14:00:00,153.877265902245
2012-01-31 15:00:00,158.35504078935492
2012-01-31 16:00:00,235.36546606211317
2012-01-31 17:00:00,505.37444384773943
2012-01-31 18:00:00,505.7596228021009
2012-01-31 19:00:00,304.4005085209183
2012-01-31 20:00:00,175.69282240063546
2012-01-31 21:00:00,152.75299230995083
2012-01-31 22:00:00,100.6867646584265
2012-01-31 23:00:00,55.05426721887629
2012-02-20 00:00:00,22.60794983332279
2012-02-20 01:00:00,14.414711313182275
2012-02-20 02:00:00,9.903612409478614
2012-02-20 03:00:00,3.6138887076609865
2012-02-20 05:00:00,2.8327754911709775
2012-02-20 06:00:00,10.295297183894531
2012-02-20 07:00:00,20.75392204400868
2012-02-20 08:00:00,67.09882265198875
2012-02-20 09:00:00,84.485813186174
2012-02-20 10:00:00,85.70375037764418
2012-02-20 11:00:00,126.60853470577788
2012-02-20 12:00:00,155.20414037496442
2012-02-20 13:00:00,165.60174419014984
2012-02-20 14:00:00,155.87926251582329
2012-02-20 15:00:00,155.497566227762
2012-02-20 16:00:00,151.04732742198954
2012-02-20 17:00:00,187.16511324936093
2012-02-20 18:00:00,179.68657650316126
2012-02-20 19:00:00,142.55389518093574
2012-02-20 20:00:00,112.38045120207633
2012-02-20 21:00:00,81.56603902131693
2012-02-20 22:00:00,55.98820148327632
2012-02-20 23:00:00,30.788609451508137
2012-02-21 00:00:00,15.08774001277956
2012-02-21 01:00:00,5.337148291508685
2012-02-21 02:00:00,2.316607612685618
2012-02-21 04:00:00,1.9976487713556053
2012-02-21 05:00:00,9.492211740520476
2012-02-21 06:00:00,43.86250754673963
2012-02-21 07:00:00,134.085665497847
2012-02-21 08:00:00,304.4101763568914
2012-02-21 09:00:00,151.28721086781337
2012-02-21 10:00:00,72.93481038849505
2012-02-21 11:00:00,58.721214968075316
2012-02-21 12:00:00,82.39107825205795
2012-02-21 13:00:00,109.84279236215825
2012-02-21 14:00:00,79.73922833455516
2012-02-21 15:00:00,101.38035036447256
2012-02-21 16:00:00,159.88590705621618
2012-02-21 17:00:00,315.3574332670529
2012-02-21 18:00:00,327.0288065284724
2012-02-21 19:00:00,222.55857395415075
2012-02-21 20:00:00,140.49025400644922
2012-02-21 21:00:00,128.2336242606384
2012-02-21 22:00:00,72.97128024199576
2012-02-21 23:00:00,45.770929990248284
2012-02-22 00:00:00,27.56810607003566
2012-02-22 01:00:00,8.327998767628504
2012-02-22 02:00:00,3.830930759292918
2012-02-22 03:00:00,2.9502513560362926
2012-02-22 04:00:00,2.298554110859421
2012-02-22 05:00:00,14.974758384099196
2012-02-22 06:00:00,69.05529665588597
2012-02-22 07:00:00,199.55515505952025
2012-02-22 08:00:00,407.9264259766436
2012-02-22 09:00:00,206.00708409550435
2012-02-22 10:00:00,101.0638914171771
2012-02-22 11:00:00,103.63885479598333
2012-02-22 12:00:00,121.61043325417502
2012-02-22 13:00:00,129.3950621688784
2012-02-22 14:00:00,120.37745408653659
2012-02-22 15:00:00,149.55379361196285
2012-02-22 16:00:00,202.6034293506043
2012-02-22 17:00:00,432.4772778892577
2012-02-22 18:00:00,402.8370279152017
2012-02-22 19:00:00,272.1795324463792
2012-02-22 20:00:00,193.72403670506043
2012-02-22 21:00:00,153.35890844844158
2012-02-22 22:00:00,102.10601287180342
2012-02-22 23:00:00,54.87856540933105
2012-02-23 00:00:00,30.081808345594688
2012-02-23 01:00:00,8.932184224597533
2012-02-23 02:00:00,5.744811519351285
2012-02-23 03:00:00,1.9255699048780406
2012-02-23 04:00:00,2.815603107350965
2012-02-23 05:00:00,19.85497746616803
2012-02-23 06:00:00,95.98005940616368
2012-02-23 07:00:00,262.0367731709418
2012-02-23 08:00:00,510.8493286883223
2012-02-23 09:00:00,228.9445706673227
2012-02-23 10:00:00,127.36649286339072
2012-02-23 11:00:00,144.53533158236854
2012-02-23 12:00:00,161.54835832840246
2012-02-23 13:00:00,186.09372904781807
2012-02-23 14:00:00,164.3628407924223
2012-02-23 15:00:00,170.19716509999716
2012-02-23 16:00:00,264.7100413689929
2012-02-23 17:00:00,508.66785902051237
2012-02-23 18:00:00,501.3630126939915
2012-02-23 19:00:00,321.792299856656
2012-02-23 20:00:00,210.3189053001684
2012-02-23 21:00:00,158.87294228900132
2012-02-23 22:00:00,116.34373070631518
2012-02-23 23:00:00,89.36572906909343
2012-02-24 00:00:00,45.540271045908476
2012-02-24 01:00:00,19.58552087553009
2012-02-24 02:00:00,6.462134955327013
2012-02-24 03:00:00,5.368059094069802
2012-02-24 04:00:00,3.3750345820618666
2012-02-24 05:00:00,15.700736773926504
2012-02-24 06:00:00,63.64767884850772
2012-02-24 07:00:00,153.31290939212624
2012-02-24 08:00:00,322.83839254914994
2012-02-24 09:00:00,104.36908710946112
2012-02-24 10:00:00,65.59725219292338
2012-02-24 11:00:00,108.43091350132777
2012-02-24 12:00:00,138.4366800797934
2012-02-24 13:00:00,151.92563304127165
2012-02-24 14:00:00,153.44878783274322
2012-02-24 15:00:00,74.80214308740128
2012-02-24 16:00:00,103.40908575478537
2012-02-24 17:00:00,183.03941585191518
2012-02-24 18:00:00,236.12599960359543
2012-02-24 19:00:00,228.77845500457715
2012-02-24 20:00:00,142.26811856632014
2012-02-24 21:00:00,107.12545397263973
2012-02-24 22:00:00,90.06100247875571
2012-02-24 23:00:00,53.333441699990345
2012-02-25 00:00:00,70.73270926193403
2012-02-25 01:00:00,40.71649448387735
2012-02-25 02:00:00,31.14457616889715
2012-02-25 03:00:00,11.240650599197474
2012-02-25 04:00:00,3.179836183276382
2012-02-25 05:00:00,3.2050556889958015
2012-02-25 06:00:00,7.9028526944236335
2012-02-25 07:00:00,25.382555950157
2012-02-25 08:00:00,64.22517727883385
2012-02-25 09:00:00,45.74348677441635
2012-02-25 10:00:00,117.58909997414287
2012-02-25 11:00:00,124.81857282754542
2012-02-25 12:00:00,147.55827203479677
2012-02-25 13:00:00,167.34461927558266
2012-02-25 14:00:00,150.9488606658655
2012-02-25 15:00:00,168.24858046779644
2012-02-25 16:00:00,141.27124427578542
2012-02-25 17:00:00,149.9065980322662
2012-02-25 18:00:00,107.16190014788216
2012-02-25 19:00:00,88.49721056055381
2012-02-25 20:00:00,60.994812355592664
2012-02-25 21:00:00,64.87414518934153
2012-02-25 22:00:00,47.853503341149406
2012-02-25 23:00:00,39.43512788442844
2012-02-26 00:00:00,50.7121508737933
2012-02-26 01:00:00,31.80542499633685
2012-02-26 02:00:00,26.31781211808443
2012-02-26 03:00:00,14.193641843293154
2012-02-26 04:00:00,3.336905455567687
2012-02-26 05:00:00,2.8692499539007965
2012-02-26 06:00:00,4.823095273496372
2012-02-26 07:00:00,13.360192187791206
2012-02-26 08:00:00,34.03020868090403
2012-02-26 09:00:00,70.86824718544534
2012-02-26 10:00:00,124.5530091622346
2012-02-26 11:00:00,146.49101991744303
2012-02-26 12:00:00,187.64209402010124
2012-02-26 13:00:00,213.47839314453327
2012-02-26 14:00:00,203.67443799569844
2012-02-26 15:00:00,231.19535789962208
2012-02-26 16:00:00,207.79899848232236
2012-02-26 17:00:00,187.4259899667942
2012-02-26 18:00:00,142.7627759686623
2012-02-26 19:00:00,122.60891813535983
2012-02-26 20:00:00,91.52190667201842
2012-02-26 21:00:00,70.91945635928948
2012-02-26 22:00:00,50.26816500082339
2012-02-26 23:00:00,27.88226841543335
2012-02-27 00:00:00,19.187901546745085
2012-02-27 01:00:00,4.877547407661623
2012-02-27 02:00:00,3.481622546752084
2012-02-27 03:00:00,2.3091742919709706
2012-02-27 04:00:00,2.253723410010614
2012-02-27 05:00:00,9.936730684622615
2012-02-27 06:00:00,45.47290981150065
2012-02-27 07:00:00,143.24460369305086
2012-02-27 08:00:00,340.7026408168216
2012-02-27 09:00:00,157.2589729131007
2012-02-27 10:00:00,85.82213443689194
2012-02-27 11:00:00,102.78881211966764
2012-02-27 12:00:00,124.31383864289725
2012-02-27 13:00:00,131.3696257761188
2012-02-27 14:00:00,134.15808371979165
2012-02-27 15:00:00,138.95376685501094
2012-02-27 16:00:00,197.64740442691863
2012-02-27 17:00:00,419.62028221477374
2012-02-27 18:00:00,413.51393104202873
2012-02-27 19:00:00,251.90568360765252
2012-02-27 20:00:00,175.78742218082215
2012-02-27 21:00:00,126.23801467405872
2012-02-27 22:00:00,84.97632595809868
2012-02-27 23:00:00,47.999091245459105
2012-02-28 00:00:00,30.618287651687066
2012-02-28 01:00:00,8.44315520002403
2012-02-28 02:00:00,3.8786623058906047
2012-02-28 03:00:00,2.148097737180485
2012-02-28 04:00:00,2.421051056774281
2012-02-28 05:00:00,12.318461677154108
2012-02-28 06:00:00,64.34083217414779
2012-02-28 07:00:00,167.8536716420518
2012-02-28 08:00:00,313.9221258984977
2012-02-28 09:00:00,153.31316279476926
2012-02-28 10:00:00,87.15076369369334
2012-02-28 11:00:00,99.37469868710268
2012-02-28 12:00:00,126.07637758181531
2012-02-28 13:00:00,124.56607361646829
2012-02-28 14:00:00,109.67830054721233
2012-02-28 15:00:00,130.5932923267342
2012-02-28 16:00:00,189.6305046332317
2012-02-28 17:00:00,396.97051025287254
2012-02-28 18:00:00,401.5590393152985
2012-02-28 19:00:00,260.33581136738303
2012-02-28 20:00:00,158.94669814490825
2012-02-28 21:00:00,118.10774075828587
2012-02-28 22:00:00,86.44588835187777
2012-02-28 23:00:00,45.58199560464849
2012-02-29 00:00:00,27.301652779481866
2012-02-29 01:00:00,8.254661001699038
2012-02-29 02:00:00,3.6869442505723242
2012-02-29 03:00:00,2.715326006229332
2012-02-29 05:00:00,12.548051778048519
2012-02-29 06:00:00,57.79762897738293
2012-02-29 07:00:00,150.28242202140967
2012-02-29 08:00:00,362.4537634110506
2012-02-29 09:00:00,82.47745875714716
2012-02-29 10:00:00,40.79573098008875
2012-02-29 11:00:00,34.50498565683992
2012-02-29 12:00:00,34.13206160745287
2012-02-29 13:00:00,67.38029394845694
2012-02-29 14:00:00,62.18364547275797
2012-02-29 15:00:00,87.4027462580516
2012-02-29 16:00:00,73.07019338855685
2012-02-29 17:00:00,265.9429577898836
2012-02-29 18:00:00,196.84844917488635
2012-02-29 19:00:00,219.78574211965687
2012-02-29 20:00:00,80.3958509226016
2012-02-29 21:00:00,60.379100736365544
2012-02-29 22:00:00,39.04300153225361
2012-02-29 23:00:00,24.979855867610986
2012-03-20 00:00:00,32.41831921591024
2012-03-20 01:00:00,15.778164443915102
2012-03-20 02:00:00,6.196800991457962
2012-03-20 03:00:00,3.9356581440239395
2012-03-20 04:00:00,4.546109906862053
2012-03-20 05:00:00,21.067353106552623
2012-03-20 06:00:00,91.38447367191311
2012-03-20 07:00:00,136.24640222822666
2012-03-20 08:00:00,494.72130018662887
2012-03-20 09:00:00,259.44512326484914
2012-03-20 10:00:00,154.09314741502257
2012-03-20 11:00:00,181.47131867324688
2012-03-20 12:00:00,186.4620460832462
2012-03-20 13:00:00,216.19824443346562
2012-03-20 14:00:00,162.11457711178187
2012-03-20 15:00:00,176.46873607410632
2012-03-20 16:00:00,331.91887516222755
2012-03-20 17:00:00,625.0580369837509
2012-03-20 18:00:00,604.571938595586
2012-03-20 19:00:00,441.4377207130122
2012-03-20 20:00:00,340.2635832170501
2012-03-20 21:00:00,258.4470623033939
2012-03-20 22:00:00,176.57050778896095
2012-03-20 23:00:00,101.30669736801917
2012-03-21 00:00:00,33.80859385466726
2012-03-21 01:00:00,13.769882437336475
2012-03-21 02:00:00,5.718684616864422
2012-03-21 03:00:00,3.9227887171798805
2012-03-21 04:00:00,3.920667993651235
2012-03-21 05:00:00,23.440090268197626
2012-03-21 06:00:00,90.48954799155568
2012-03-21 07:00:00,108.89671917985616
2012-03-21 08:00:00,214.80816517507736
2012-03-21 09:00:00,232.7863671064752
2012-03-21 10:00:00,111.60234888132156
2012-03-21 11:00:00,105.96074761346306
2012-03-21 12:00:00,157.58851621060157
2012-03-21 13:00:00,126.33544219455885
2012-03-21 14:00:00,130.9473005111546
2012-03-21 15:00:00,143.08934987815346
2012-03-21 16:00:00,247.27847809784498
2012-03-21 17:00:00,526.0104292089696
2012-03-21 18:00:00,557.2040652931034
2012-03-21 19:00:00,483.3326652806156
2012-03-21 20:00:00,257.4129278375139
2012-03-21 21:00:00,173.67185860986876
2012-03-21 22:00:00,133.80459930061122
2012-03-21 23:00:00,99.1534800172194
2012-03-22 00:00:00,48.659625180243864
2012-03-22 01:00:00,17.778782344431544
2012-03-22 02:00:00,10.024922009491828
2012-03-22 03:00:00,5.301284674282389
2012-03-22 04:00:00,4.10619625864564
2012-03-22 05:00:00,21.847626477889484
2012-03-22 06:00:00,107.71334400126258
2012-03-22 07:00:00,281.1243867438192
2012-03-22 08:00:00,536.5348371130052
2012-03-22 09:00:00,209.6255836446994
2012-03-22 10:00:00,92.77987204239507
2012-03-22 11:00:00,110.1003090952658
2012-03-22 12:00:00,145.50507156370784
2012-03-22 13:00:00,212.7916009032809
2012-03-22 14:00:00,215.82766067462444
2012-03-22 15:00:00,235.77703141858797
2012-03-22 16:00:00,359.97733723886245
2012-03-22 17:00:00,695.970507967948
2012-03-22 18:00:00,650.5560710698524
2012-03-22 19:00:00,526.7403775450509
2012-03-22 20:00:00,343.86918254143495
2012-03-22 21:00:00,252.0143273086811
2012-03-22 22:00:00,182.72269631898766
2012-03-22 23:00:00,125.76555244988396
2012-03-23 00:00:00,63.08003613219828
2012-03-23 01:00:00,27.415199017028407
2012-03-23 02:00:00,12.965629508691508
2012-03-23 03:00:00,6.326639398260195
2012-03-23 04:00:00,4.623715154400265
2012-03-23 05:00:00,23.402220862039268
2012-03-23 06:00:00,108.9930744463191
2012-03-23 07:00:00,257.7503400765136
2012-03-23 08:00:00,466.6876940294944
2012-03-23 09:00:00,250.38450075109085
2012-03-23 10:00:00,128.30461623763807
2012-03-23 11:00:00,187.50406746189972
2012-03-23 12:00:00,265.7390554110359
2012-03-23 13:00:00,303.0528803626884
2012-03-23 14:00:00,298.0714161931499
2012-03-23 15:00:00,308.57766442404517
2012-03-23 16:00:00,426.1984470073815
2012-03-23 17:00:00,734.2669658464748
2012-03-23 18:00:00,595.7788495247736
2012-03-23 19:00:00,440.9607585630142
2012-03-23 20:00:00,314.67591928712153
2012-03-23 21:00:00,243.41048940341344
2012-03-23 22:00:00,200.31770677881778
2012-03-23 23:00:00,154.35119157268105
2012-03-24 00:00:00,145.4150164723182
2012-03-24 01:00:00,95.33680435789789
2012-03-24 02:00:00,67.21943715878932
2012-03-24 03:00:00,27.48450420498812
2012-03-24 04:00:00,8.79608510893032
2012-03-24 05:00:00,8.730322684672425
2012-03-24 06:00:00,21.64315644549548
2012-03-24 07:00:00,46.07824090317061
2012-03-24 08:00:00,103.8368283605433
2012-03-24 09:00:00,181.28710961390632
2012-03-24 10:00:00,192.26260069852214
2012-03-24 11:00:00,182.45956015645882
2012-03-24 12:00:00,145.25883229712412
2012-03-24 13:00:00,128.38781470964
2012-03-24 14:00:00,116.00286318995593
2012-03-24 15:00:00,95.46790367019302
2012-03-24 16:00:00,114.63834056569603
2012-03-24 17:00:00,157.54375696998392
2012-03-24 18:00:00,102.96910060325439
2012-03-24 19:00:00,117.58588104334609
2012-03-24 20:00:00,59.90339770107908
2012-03-24 21:00:00,53.337689530284656
2012-03-24 22:00:00,45.940296790844734
2012-03-24 23:00:00,57.83170464706144
2012-03-25 00:00:00,52.974152459732124
2012-03-25 01:00:00,36.5356941516906
2012-03-25 02:00:00,31.43368833380098
2012-03-25 03:00:00,14.898319916826019
2012-03-25 04:00:00,4.443839326004522
2012-03-25 05:00:00,5.320271402166918
2012-03-25 06:00:00,7.908386187574908
2012-03-25 07:00:00,20.898948955188384
2012-03-25 08:00:00,50.77723710230226
2012-03-25 09:00:00,84.5434169479669
2012-03-25 10:00:00,117.63061353943314
2012-03-25 11:00:00,115.54672573169273
2012-03-25 12:00:00,125.06174880460362
2012-03-25 13:00:00,186.703440476954
2012-03-25 14:00:00,181.36306717214381
2012-03-25 15:00:00,168.79894438901033
2012-03-25 16:00:00,269.83617757191536
2012-03-25 17:00:00,291.09760145301624
2012-03-25 18:00:00,242.53699244270493
2012-03-25 19:00:00,203.80491059177308
2012-03-25 20:00:00,146.99080302998127
2012-03-25 21:00:00,126.10825480911751
2012-03-25 22:00:00,93.22385382389083
2012-03-25 23:00:00,63.3652402658588
2012-03-26 00:00:00,27.495022571367645
2012-03-26 01:00:00,10.559908989350822
2012-03-26 02:00:00,6.722102448724341
2012-03-26 03:00:00,3.999177956475926
2012-03-26 04:00:00,4.748580206874343
2012-03-26 05:00:00,21.963487919725942
2012-03-26 06:00:00,93.97239096257883
2012-03-26 07:00:00,282.39612764608
2012-03-26 08:00:00,482.1646597747664
2012-03-26 09:00:00,225.00851010586823
2012-03-26 10:00:00,138.3657495742374
2012-03-26 11:00:00,166.18834886634363
2012-03-26 12:00:00,210.51878730042674
2012-03-26 13:00:00,195.6004501817029
2012-03-26 14:00:00,180.09083850037652
2012-03-26 15:00:00,205.35579958599973
2012-03-26 16:00:00,279.537439216762
2012-03-26 17:00:00,500.13677225330514
2012-03-26 18:00:00,468.2800619868469
2012-03-26 19:00:00,313.25423208507493
2012-03-26 20:00:00,164.17684991478745
2012-03-26 21:00:00,115.57008490430775
2012-03-26 22:00:00,81.70877693481133
2012-03-26 23:00:00,39.82771411709414
2012-03-27 00:00:00,32.5011146645881
2012-03-27 01:00:00,7.555395741224699
2012-03-27 02:00:00,4.02073224691148
2012-03-27 03:00:00,2.5678340015051053
2012-03-27 04:00:00,2.8312094724205616
2012-03-27 05:00:00,12.172822603803496
2012-03-27 06:00:00,77.28125564853913
2012-03-27 07:00:00,199.1945273717815
2012-03-27 08:00:00,362.4112470851725
2012-03-27 09:00:00,177.6652370671129
2012-03-27 10:00:00,94.56901107457578
2012-03-27 11:00:00,97.96318587526659
2012-03-27 12:00:00,123.42087511264766
2012-03-27 13:00:00,133.808342822385
2012-03-27 14:00:00,129.20743484021972
2012-03-27 15:00:00,178.31410939209619
2012-03-27 16:00:00,232.8214046715914
2012-03-27 17:00:00,517.7828753758469
2012-03-27 18:00:00,511.18547205123036
2012-03-27 19:00:00,365.94179281280304
2012-03-27 20:00:00,249.31655052419734
2012-03-27 21:00:00,131.2682827448671
2012-03-27 22:00:00,103.26370413529597
2012-03-27 23:00:00,64.92503882319716
2012-03-28 00:00:00,44.085329174417076
2012-03-28 01:00:00,9.661052274615242
2012-03-28 02:00:00,4.531394162543149
2012-03-28 03:00:00,3.5694931083664954
2012-03-28 04:00:00,3.203395108449552
2012-03-28 05:00:00,23.168915936943954
2012-03-28 06:00:00,118.46336205019236
2012-03-28 07:00:00,282.7010359286261
2012-03-28 08:00:00,566.1594886754095
2012-03-28 09:00:00,251.26360595552208
2012-03-28 10:00:00,146.2984849758656
2012-03-28 11:00:00,158.2755686205085
2012-03-28 12:00:00,249.311938134011
2012-03-28 13:00:00,196.22428976284002
2012-03-28 14:00:00,225.85576420030125
2012-03-28 15:00:00,252.30135083645968
2012-03-28 16:00:00,233.09763587801973
2012-03-28 17:00:00,596.891671796702
2012-03-28 18:00:00,606.5814825504623
2012-03-28 19:00:00,490.92616512790073
2012-03-28 20:00:00,349.51241863432296
2012-03-28 21:00:00,220.16758339304175
2012-03-28 22:00:00,169.8303663627739
2012-03-28 23:00:00,95.65761960457088
2012-03-29 00:00:00,51.24029913908098
2012-03-29 01:00:00,17.36406727122484
2012-03-29 02:00:00,7.647187398059619
2012-03-29 03:00:00,3.498931612226436
2012-03-29 04:00:00,4.432917690196791
2012-03-29 05:00:00,27.675797423204063
2012-03-29 06:00:00,132.4654569855979
2012-03-29 07:00:00,328.24097242209416
2012-03-29 08:00:00,561.5172928315119
2012-03-29 09:00:00,260.43492789967706
2012-03-29 10:00:00,133.32770007789134
2012-03-29 11:00:00,170.53266317829065
2012-03-29 12:00:00,200.70318339864514
2012-03-29 13:00:00,173.81623603020378
2012-03-29 14:00:00,174.87686674494245
2012-03-29 15:00:00,199.17485649466371
2012-03-29 16:00:00,291.50287014601275
2012-03-29 17:00:00,564.9797817926375
2012-03-29 18:00:00,529.3975748056998
2012-03-29 19:00:00,360.50706264409035
2012-03-29 20:00:00,242.78764062687884
2012-03-29 21:00:00,171.60839065584142
2012-03-29 22:00:00,130.38407330155755
2012-03-29 23:00:00,80.80823116356821
2012-03-30 00:00:00,62.6282043843379
2012-03-30 01:00:00,19.90934794161619
2012-03-30 02:00:00,10.216790932825957
2012-03-30 03:00:00,5.092908387574478
2012-03-30 04:00:00,3.833847630706212
2012-03-30 05:00:00,20.991900172896138
2012-03-30 06:00:00,96.16162029277992
2012-03-30 07:00:00,246.82907489259017
2012-03-30 08:00:00,460.10325331836896
2012-03-30 09:00:00,239.1003973161064
2012-03-30 10:00:00,123.45582629796165
2012-03-30 11:00:00,127.48978880067918
2012-03-30 12:00:00,152.96725655127196
2012-03-30 13:00:00,112.04413023448691
2012-03-30 14:00:00,96.84180484716212
2012-03-30 15:00:00,120.05516357830017
2012-03-30 16:00:00,114.52255796041581
2012-03-30 17:00:00,323.4849410136871
2012-03-30 18:00:00,338.77294381724937
2012-03-30 19:00:00,215.804328294944
2012-03-30 20:00:00,155.02964618667127
2012-03-30 21:00:00,114.30970173439293
2012-03-30 22:00:00,95.38399867023712
2012-03-30 23:00:00,86.77833792409933
2012-03-31 00:00:00,66.67864191680482
2012-03-31 01:00:00,49.983546132043244
2012-03-31 02:00:00,40.15221742223547
2012-03-31 03:00:00,20.024399662499132
2012-03-31 04:00:00,4.424312884644734
2012-03-31 05:00:00,6.953913772601738
2012-03-31 06:00:00,13.958500025820994
2012-03-31 07:00:00,29.939374977550415
2012-03-31 08:00:00,79.91908982719423
2012-03-31 09:00:00,129.9453609502286
2012-03-31 10:00:00,182.70948910425926
2012-03-31 11:00:00,263.12770805145533
2012-03-31 12:00:00,330.67403968713484
2012-03-31 13:00:00,387.68685315607223
2012-03-31 14:00:00,305.98868809274217
2012-03-31 15:00:00,329.2771599177724
2012-03-31 16:00:00,273.2897757079714
2012-03-31 17:00:00,235.91744072890143
2012-03-31 18:00:00,149.46805713225947
2012-03-31 19:00:00,138.51399525238784
2012-03-31 20:00:00,99.7499655965746
2012-03-31 21:00:00,86.1988870191839
2012-03-31 22:00:00,79.77021630616396
2012-03-31 23:00:00,54.79103223961516
2012-04-20 00:00:00,61.452020039880445
2012-04-20 01:00:00,21.59758530967605
2012-04-20 02:00:00,10.046627553501198
2012-04-20 03:00:00,5.86039884868211
2012-04-20 04:00:00,3.824122092403395
2012-04-20 05:00:00,24.139370013598864
2012-04-20 06:00:00,106.69647225387587
2012-04-20 07:00:00,245.39199726825584
2012-04-20 08:00:00,522.6708546867343
2012-04-20 09:00:00,272.4974088382799
2012-04-20 10:00:00,151.0122475734617
2012-04-20 11:00:00,181.3893206848367
2012-04-20 12:00:00,257.67673012212373
2012-04-20 13:00:00,294.7857749880894
2012-04-20 14:00:00,260.34869545333606
2012-04-20 15:00:00,283.411809512057
2012-04-20 16:00:00,409.31472101116407
2012-04-20 17:00:00,649.8925113141485
2012-04-20 18:00:00,572.5378051950603
2012-04-20 19:00:00,422.0104103814055
2012-04-20 20:00:00,275.7241634031375
2012-04-20 21:00:00,209.1768895966014
2012-04-20 22:00:00,170.80165312435085
2012-04-20 23:00:00,136.42916266163348
2012-04-21 00:00:00,112.69885013521343
2012-04-21 01:00:00,76.92927126634277
2012-04-21 02:00:00,63.81178140831187
2012-04-21 03:00:00,25.884642097697487
2012-04-21 04:00:00,6.912560683112698
2012-04-21 05:00:00,9.13511742997842
2012-04-21 06:00:00,22.978087815826207
2012-04-21 07:00:00,54.560779840931275
2012-04-21 08:00:00,135.2292189476957
2012-04-21 09:00:00,217.05584932669564
2012-04-21 10:00:00,336.1891778501778
2012-04-21 11:00:00,402.8212475476298
2012-04-21 12:00:00,484.50284971962554
2012-04-21 13:00:00,520.5291165306536
2012-04-21 14:00:00,535.4459025212366
2012-04-21 15:00:00,581.8496418687107
2012-04-21 16:00:00,529.6976605048905
2012-04-21 17:00:00,486.1468071440941
2012-04-21 18:00:00,366.51120339034696
2012-04-21 19:00:00,144.96591294443508
2012-04-21 20:00:00,87.99387208620604
2012-04-21 21:00:00,73.09296113010005
2012-04-21 22:00:00,113.04511926039363
2012-04-21 23:00:00,71.6099562061192
2012-04-22 00:00:00,80.82974786122054
2012-04-22 01:00:00,51.94482473837346
2012-04-22 02:00:00,59.14738603785529
2012-04-22 03:00:00,25.058661931981362
2012-04-22 04:00:00,7.9054007025848625
2012-04-22 05:00:00,7.086849325936213
2012-04-22 06:00:00,11.32752673130317
2012-04-22 07:00:00,20.04262513121392
2012-04-22 08:00:00,41.04346450919402
2012-04-22 09:00:00,74.47038802257201
2012-04-22 10:00:00,87.2281235812607
2012-04-22 11:00:00,89.75113865052546
2012-04-22 12:00:00,102.06709037676309
2012-04-22 13:00:00,91.6661050471257
2012-04-22 14:00:00,79.79723964019142
2012-04-22 15:00:00,80.6651698846588
2012-04-22 16:00:00,77.83661777446758
2012-04-22 17:00:00,55.662452070046726
2012-04-22 18:00:00,45.40702763497077
2012-04-22 19:00:00,42.212175937714946
2012-04-22 20:00:00,31.651177659461677
2012-04-22 21:00:00,35.124359512662075
2012-04-22 22:00:00,21.19830345236003
2012-04-22 23:00:00,21.88083473211222
2012-04-23 00:00:00,16.017153685844374
2012-04-23 01:00:00,5.046749014696889
2012-04-23 02:00:00,3.5902514963465197
2012-04-23 03:00:00,2.313815824815079
2012-04-23 04:00:00,2.73577748504849
2012-04-23 05:00:00,10.995140537409432
2012-04-23 06:00:00,54.08579341765466
2012-04-23 07:00:00,120.16315029053382
2012-04-23 08:00:00,306.1633425084333
2012-04-23 09:00:00,128.6205198489266
2012-04-23 10:00:00,68.04305443816186
2012-04-23 11:00:00,63.29546274910677
2012-04-23 12:00:00,69.1561697952217
2012-04-23 13:00:00,58.22521432231413
2012-04-23 14:00:00,59.89476613496111
2012-04-23 15:00:00,84.48467500058912
2012-04-23 16:00:00,60.55871257792967
2012-04-23 17:00:00,141.26727583370584
2012-04-23 18:00:00,204.8962973265279
2012-04-23 19:00:00,146.73119535160865
2012-04-23 20:00:00,100.20203047131902
2012-04-23 21:00:00,62.79393129456702
2012-04-23 22:00:00,57.10376597297774
2012-04-23 23:00:00,36.282902824199226
2012-04-24 00:00:00,20.592474928686386
2012-04-24 01:00:00,6.184265848269128
2012-04-24 02:00:00,3.226884560763139
2012-04-24 03:00:00,2.409873166251889
2012-04-24 04:00:00,2.3559855294600656
2012-04-24 05:00:00,15.819947554273117
2012-04-24 06:00:00,75.77842082516123
2012-04-24 07:00:00,225.17845692467117
2012-04-24 08:00:00,447.947390592331
2012-04-24 09:00:00,227.35190735084075
2012-04-24 10:00:00,132.13702399287482
2012-04-24 11:00:00,174.46004502054498
2012-04-24 12:00:00,220.29257940548246
2012-04-24 13:00:00,218.07216645459297
2012-04-24 14:00:00,201.78662199103118
2012-04-24 15:00:00,217.54609265474664
2012-04-24 16:00:00,316.4374680830787
2012-04-24 17:00:00,680.4567849453636
2012-04-24 18:00:00,622.9571880177355
2012-04-24 19:00:00,473.03263968812
2012-04-24 20:00:00,296.07829292843655
2012-04-24 21:00:00,223.98780039029495
2012-04-24 22:00:00,142.94403887831558
2012-04-24 23:00:00,80.46405912134146
2012-04-25 00:00:00,50.29092419851813
2012-04-25 01:00:00,13.221991431291235
2012-04-25 02:00:00,5.051385064041339
2012-04-25 03:00:00,3.250774498545776
2012-04-25 04:00:00,2.6802540387523455
2012-04-25 05:00:00,22.282746408353063
2012-04-25 06:00:00,104.23139813914605
2012-04-25 07:00:00,273.2068786874535
2012-04-25 08:00:00,475.9585877590624
2012-04-25 09:00:00,281.3951445846952
2012-04-25 10:00:00,170.74869202299178
2012-04-25 11:00:00,164.4608073534988
2012-04-25 12:00:00,233.95773226130595
2012-04-25 13:00:00,218.27927202898923
2012-04-25 14:00:00,208.33061834453525
2012-04-25 15:00:00,241.16374375987618
2012-04-25 16:00:00,353.75047992038515
2012-04-25 17:00:00,747.7085926689193
2012-04-25 18:00:00,771.643950232472
2012-04-25 19:00:00,573.0545243540541
2012-04-25 20:00:00,373.1293140082878
2012-04-25 21:00:00,209.23765158681766
2012-04-25 22:00:00,167.79307123624034
2012-04-25 23:00:00,103.45836653950964
2012-04-26 00:00:00,43.442385301604645
2012-04-26 01:00:00,14.87125501576022
2012-04-26 02:00:00,8.066431241209946
2012-04-26 03:00:00,3.8678362084105924
2012-04-26 04:00:00,4.9766171238322805
2012-04-26 05:00:00,25.22909736032418
2012-04-26 06:00:00,120.25326114098878
2012-04-26 07:00:00,132.38193681133697
2012-04-26 08:00:00,272.61637370860956
2012-04-26 09:00:00,123.4791982748515
2012-04-26 10:00:00,91.69172492297803
2012-04-26 11:00:00,95.22783456799095
2012-04-26 12:00:00,154.85024334396888
2012-04-26 13:00:00,146.37579404980903
2012-04-26 14:00:00,145.1122182411329
2012-04-26 15:00:00,127.77949661177257
2012-04-26 16:00:00,200.13390556709717
2012-04-26 17:00:00,536.4080635406666
2012-04-26 18:00:00,422.8032917615915
2012-04-26 19:00:00,329.5219307303164
2012-04-26 20:00:00,286.3076063271847
2012-04-26 21:00:00,210.83344856719714
2012-04-26 22:00:00,170.16973922455335
2012-04-26 23:00:00,104.84191350726464
2012-04-27 00:00:00,66.22671396123825
2012-04-27 01:00:00,24.197675033236706
2012-04-27 02:00:00,13.456789973273187
2012-04-27 03:00:00,6.287820449683228
2012-04-27 04:00:00,4.801927966912214
2012-04-27 05:00:00,27.82783691847886
2012-04-27 06:00:00,117.9089121044242
2012-04-27 07:00:00,278.35383955936544
2012-04-27 08:00:00,548.012012247921
2012-04-27 09:00:00,286.3511628780097
2012-04-27 10:00:00,178.92923290370035
2012-04-27 11:00:00,196.53280856776237
2012-04-27 12:00:00,265.4650094346983
2012-04-27 13:00:00,263.7742605158062
2012-04-27 14:00:00,240.40183248564546
2012-04-27 15:00:00,295.65295152098486
2012-04-27 16:00:00,370.13953432418987
2012-04-27 17:00:00,684.7756479292625
2012-04-27 18:00:00,556.8628870441431
2012-04-27 19:00:00,400.5901929416083
2012-04-27 20:00:00,249.76864957600046
2012-04-27 21:00:00,192.9528538602097
2012-04-27 22:00:00,153.54881377236967
2012-04-27 23:00:00,103.53044324713437
2012-04-28 00:00:00,99.64762699132707
2012-04-28 01:00:00,50.729513891381444
2012-04-28 02:00:00,49.463596913124626
2012-04-28 03:00:00,19.306799315789775
2012-04-28 04:00:00,6.765328976126967
2012-04-28 05:00:00,6.354669402452195
2012-04-28 06:00:00,19.545467537513048
2012-04-28 07:00:00,48.63847039507548
2012-04-28 08:00:00,125.58838229674411
2012-04-28 09:00:00,217.29306205716543
2012-04-28 10:00:00,238.00009549088261
2012-04-28 11:00:00,272.8020786645724
2012-04-28 12:00:00,329.72872900772853
2012-04-28 13:00:00,349.0171146369065
2012-04-28 14:00:00,337.1452032531504
2012-04-28 15:00:00,346.34073674753284
2012-04-28 16:00:00,316.72901123069096
2012-04-28 17:00:00,294.2235858821742
2012-04-28 18:00:00,238.9594289309795
2012-04-28 19:00:00,119.21221152002249
2012-04-28 20:00:00,133.78320263480225
2012-04-28 21:00:00,69.89907294196324
2012-04-28 22:00:00,83.19161026230832
2012-04-28 23:00:00,75.19697375816422
2012-04-29 00:00:00,51.50738613498234
2012-04-29 01:00:00,51.23460563985695
2012-04-29 02:00:00,43.84049177653542
2012-04-29 03:00:00,19.542949393950718
2012-04-29 04:00:00,5.919541875931583
2012-04-29 05:00:00,7.108594856811937
2012-04-29 06:00:00,11.11546850580865
2012-04-29 07:00:00,24.639503576544307
2012-04-29 08:00:00,80.16951830163269
2012-04-29 09:00:00,145.09884326576878
2012-04-29 10:00:00,207.93514417549108
2012-04-29 11:00:00,301.5885772263424
2012-04-29 12:00:00,386.74272149552263
2012-04-29 13:00:00,389.6080967068238
2012-04-29 14:00:00,440.120301203238
2012-04-29 15:00:00,437.9633834115101
2012-04-29 16:00:00,479.33876515080277
2012-04-29 17:00:00,470.6706675264335
2012-04-29 18:00:00,405.8111447753982
2012-04-29 19:00:00,307.7582865470475
2012-04-29 20:00:00,252.2988161245728
2012-04-29 21:00:00,159.01742547545433
2012-04-29 22:00:00,128.94916493581923
2012-04-29 23:00:00,81.27301940765119
2012-04-30 00:00:00,35.49570305240816
2012-04-30 01:00:00,10.835832508593464
2012-04-30 02:00:00,7.210806513151685
2012-04-30 03:00:00,3.619998844945969
2012-04-30 04:00:00,3.3961100556880344
2012-04-30 05:00:00,17.00626283891947
2012-04-30 06:00:00,98.46260319722157
2012-04-30 07:00:00,230.0783901618609
2012-04-30 08:00:00,486.8415086434866
2012-04-30 09:00:00,249.118199877859
2012-04-30 10:00:00,142.39185507443102
2012-04-30 11:00:00,144.93722976955954
2012-04-30 12:00:00,183.27249989731914
2012-04-30 13:00:00,171.98884617273532
2012-04-30 14:00:00,155.32344549165626
2012-04-30 15:00:00,171.49353578297837
2012-04-30 16:00:00,272.53034660970377
2012-04-30 17:00:00,526.2769561281926
2012-04-30 18:00:00,522.2217435903087
2012-04-30 19:00:00,353.97465042124986
2012-04-30 20:00:00,241.77218862474427
2012-04-30 21:00:00,168.32827000433178
2012-04-30 22:00:00,123.59758122217232
2012-04-30 23:00:00,66.95322373339658
2012-05-20 00:00:00,151.10450176138409
2012-05-20 01:00:00,117.28378859029158
2012-05-20 02:00:00,83.44011326679848
2012-05-20 03:00:00,34.73372180269072
2012-05-20 04:00:00,10.635534352425745
2012-05-20 05:00:00,10.287601049646726
2012-05-20 06:00:00,17.26113126031478
2012-05-20 07:00:00,45.453810210220006
2012-05-20 08:00:00,114.15145807539798
2012-05-20 09:00:00,221.21461526063266
2012-05-20 10:00:00,366.8003676225965
2012-05-20 11:00:00,473.3632871824091
2012-05-20 12:00:00,586.6448285882988
2012-05-20 13:00:00,583.8797766896857
2012-05-20 14:00:00,540.5952603626764
2012-05-20 15:00:00,514.8369097365982
2012-05-20 16:00:00,529.5955194657545
2012-05-20 17:00:00,465.5276745548141
2012-05-20 18:00:00,375.48542592654616
2012-05-20 19:00:00,275.2588824965627
2012-05-20 20:00:00,217.51491831055682
2012-05-20 21:00:00,162.85263343860606
2012-05-20 22:00:00,127.93305645502335
2012-05-20 23:00:00,48.54887826819476
2012-05-21 00:00:00,29.540089910038734
2012-05-21 01:00:00,9.928428190719332
2012-05-21 02:00:00,6.627764000061715
2012-05-21 03:00:00,3.4104244080356807
2012-05-21 04:00:00,4.532627134854699
2012-05-21 05:00:00,19.56931018544162
2012-05-21 06:00:00,74.48972053655577
2012-05-21 07:00:00,177.41339817981356
2012-05-21 08:00:00,273.244531259332
2012-05-21 09:00:00,152.7569537676704
2012-05-21 10:00:00,81.8135203934581
2012-05-21 11:00:00,130.7863053851984
2012-05-21 12:00:00,156.9900697929675
2012-05-21 13:00:00,109.86143518842199
2012-05-21 14:00:00,109.60152175514398
2012-05-21 15:00:00,186.60390663510873
2012-05-21 16:00:00,275.6667787069836
2012-05-21 17:00:00,569.1251593737879
2012-05-21 18:00:00,566.6024932777459
2012-05-21 19:00:00,433.7227372618579
2012-05-21 20:00:00,297.75356498882377
2012-05-21 21:00:00,225.228939148558
2012-05-21 22:00:00,134.06332292099216
2012-05-21 23:00:00,75.32911713394378
2012-05-22 00:00:00,33.15266901959666
2012-05-22 01:00:00,11.649433096083735
2012-05-22 02:00:00,5.493078167119473
2012-05-22 03:00:00,3.791426967176577
2012-05-22 04:00:00,4.802562275944507
2012-05-22 05:00:00,20.108689414257718
2012-05-22 06:00:00,86.11371003244341
2012-05-22 07:00:00,193.52524896727348
2012-05-22 08:00:00,494.5207316355708
2012-05-22 09:00:00,253.80306971184854
2012-05-22 10:00:00,132.8526627639352
2012-05-22 11:00:00,132.06731711787458
2012-05-22 12:00:00,149.08313219617708
2012-05-22 13:00:00,185.3989501762947
2012-05-22 14:00:00,160.05447839719108
2012-05-22 15:00:00,207.23651670870325
2012-05-22 16:00:00,323.50159895346155
2012-05-22 17:00:00,667.1331214100845
2012-05-22 18:00:00,630.6836098626984
2012-05-22 19:00:00,428.6869648353401
2012-05-22 20:00:00,299.3985151470007
2012-05-22 21:00:00,220.0688045429861
2012-05-22 22:00:00,170.90888910248378
2012-05-22 23:00:00,97.47064035952668
2012-05-23 00:00:00,39.73078658410338
2012-05-23 01:00:00,14.401059049289882
2012-05-23 02:00:00,6.033949016216788
2012-05-23 03:00:00,5.259137891156221
2012-05-23 04:00:00,3.5338302088682827
2012-05-23 05:00:00,14.563146394357204
2012-05-23 06:00:00,137.43893862557775
2012-05-23 07:00:00,402.6651799167346
2012-05-23 08:00:00,632.9562255126348
2012-05-23 09:00:00,300.75473185965143
2012-05-23 10:00:00,143.4091536519848
2012-05-23 11:00:00,168.79199502499375
2012-05-23 12:00:00,210.4122771119792
2012-05-23 13:00:00,176.46838277597368
2012-05-23 14:00:00,183.1882261024353
2012-05-23 15:00:00,218.5068607731312
2012-05-23 16:00:00,200.6649125786244
2012-05-23 17:00:00,378.3230484933547
2012-05-23 18:00:00,417.1776165307412
2012-05-23 19:00:00,329.1892974323555
2012-05-23 20:00:00,249.16313086193094
2012-05-23 21:00:00,180.97912314709936
2012-05-23 22:00:00,142.70763286291452
2012-05-23 23:00:00,95.52148014206921
2012-05-24 00:00:00,56.12444152512433
2012-05-24 01:00:00,19.80537178356432
2012-05-24 02:00:00,10.683896644099521
2012-05-24 03:00:00,4.392820883943074
2012-05-24 04:00:00,4.96935060258624
2012-05-24 05:00:00,25.96414082301406
2012-05-24 06:00:00,131.0923204692988
2012-05-24 07:00:00,470.16479838007507
2012-05-24 08:00:00,662.052974777631
2012-05-24 09:00:00,315.76729344945596
2012-05-24 10:00:00,169.47653184871118
2012-05-24 11:00:00,211.75084426932077
2012-05-24 12:00:00,254.02551387904757
2012-05-24 13:00:00,252.39528635352397
2012-05-24 14:00:00,220.70637756808816
2012-05-24 15:00:00,238.06109024861712
2012-05-24 16:00:00,372.7580493690355
2012-05-24 17:00:00,712.3043763862378
2012-05-24 18:00:00,632.54621038952
2012-05-24 19:00:00,486.9939672953572
2012-05-24 20:00:00,309.9857066424464
2012-05-24 21:00:00,130.2693079443616
2012-05-24 22:00:00,175.693688200346
2012-05-24 23:00:00,109.68726703973479
2012-05-25 00:00:00,74.45642365151633
2012-05-25 01:00:00,31.090652360372612
2012-05-25 02:00:00,12.481718765763532
2012-05-25 03:00:00,5.420932509803913
2012-05-25 04:00:00,6.624567290851878
2012-05-25 05:00:00,29.095656355959708
2012-05-25 06:00:00,128.06338153775891
2012-05-25 07:00:00,333.08094045320837
2012-05-25 08:00:00,576.7757340647507
2012-05-25 09:00:00,278.1022936265225
2012-05-25 10:00:00,188.64939654744575
2012-05-25 11:00:00,224.8847262647846
2012-05-25 12:00:00,275.34562571809045
2012-05-25 13:00:00,293.50212263589555
2012-05-25 14:00:00,272.18384244409145
2012-05-25 15:00:00,290.58066039730846
2012-05-25 16:00:00,436.3498536892717
2012-05-25 17:00:00,700.4225993396923
2012-05-25 18:00:00,605.2923545934736
2012-05-25 19:00:00,463.63614589196567
2012-05-25 20:00:00,326.9000203211423
2012-05-25 21:00:00,256.54123372660155
2012-05-25 22:00:00,222.22319665100665
2012-05-25 23:00:00,174.39826824944524
2012-05-26 00:00:00,134.20937902535564
2012-05-26 01:00:00,100.23202280930124
2012-05-26 02:00:00,70.71572376542107
2012-05-26 03:00:00,28.999914862206516
2012-05-26 04:00:00,9.247867506155888
2012-05-26 05:00:00,9.98465347398253
2012-05-26 06:00:00,27.00637237259825
2012-05-26 07:00:00,50.60140904856399
2012-05-26 08:00:00,152.2470133377977
2012-05-26 09:00:00,218.76481034469896
2012-05-26 10:00:00,297.83091261193266
2012-05-26 11:00:00,410.7785920259161
2012-05-26 12:00:00,484.199562533225
2012-05-26 13:00:00,523.21443272083
2012-05-26 14:00:00,501.3074050286959
2012-05-26 15:00:00,512.0821814904787
2012-05-26 16:00:00,527.3375573088579
2012-05-26 17:00:00,446.917729736505
2012-05-26 18:00:00,409.12470772446034
2012-05-26 19:00:00,322.72026584645397
2012-05-26 20:00:00,278.81604925189646
2012-05-26 21:00:00,218.33461288462334
2012-05-26 22:00:00,213.2712939866907
2012-05-26 23:00:00,174.27131126594975
2012-05-27 00:00:00,140.57894929151718
2012-05-27 01:00:00,106.49107819217028
2012-05-27 02:00:00,80.66613121388183
2012-05-27 03:00:00,35.69708357568569
2012-05-27 04:00:00,9.372464576500809
2012-05-27 05:00:00,10.167305310537184
2012-05-27 06:00:00,18.1369839050972
2012-05-27 07:00:00,48.01486432346739
2012-05-27 08:00:00,106.64944153184187
2012-05-27 09:00:00,184.1188347970606
2012-05-27 10:00:00,301.0897919713111
2012-05-27 11:00:00,412.23756446300655
2012-05-27 12:00:00,465.7966926470244
2012-05-27 13:00:00,504.2851255066475
2012-05-27 14:00:00,459.7909701021032
2012-05-27 15:00:00,468.0788934436263
2012-05-27 16:00:00,495.6416276098215
2012-05-27 17:00:00,459.79053547756087
2012-05-27 18:00:00,376.7291054907334
2012-05-27 19:00:00,329.27114018106664
2012-05-27 20:00:00,277.83159077773036
2012-05-27 21:00:00,109.9677553920578
2012-05-27 22:00:00,111.58559933059571
2012-05-27 23:00:00,66.32869527912165
2012-05-28 00:00:00,90.63979465284531
2012-05-28 01:00:00,39.54058267900484
2012-05-28 02:00:00,30.158646146157054
2012-05-28 03:00:00,11.376611124584105
2012-05-28 04:00:00,9.39963551153616
2012-05-28 05:00:00,14.35364018489475
2012-05-28 06:00:00,43.2438488212754
2012-05-28 07:00:00,109.45740830013571
2012-05-28 08:00:00,199.2862008841546
2012-05-28 09:00:00,230.7130077332658
2012-05-28 10:00:00,276.2840793012194
2012-05-28 11:00:00,356.05766335181
2012-05-28 12:00:00,403.3433096163297
2012-05-28 13:00:00,463.0992975698326
2012-05-28 14:00:00,436.05513644380784
2012-05-28 15:00:00,379.80749539944605
2012-05-28 16:00:00,428.30173229244605
2012-05-28 17:00:00,500.2733652869535
2012-05-28 18:00:00,493.2461625492415
2012-05-28 19:00:00,395.9442426922082
2012-05-28 20:00:00,332.9756409954008
2012-05-28 21:00:00,264.94218816167216
2012-05-28 22:00:00,196.58404020961464
2012-05-28 23:00:00,105.18467267587808
2012-05-29 00:00:00,39.29988647788299
2012-05-29 01:00:00,14.364545188597985
2012-05-29 02:00:00,6.498349153331838
2012-05-29 03:00:00,4.041979639715573
2012-05-29 04:00:00,5.355606998792645
2012-05-29 05:00:00,28.10358452865517
2012-05-29 06:00:00,145.19104881779552
2012-05-29 07:00:00,370.634994822844
2012-05-29 08:00:00,584.239958210206
2012-05-29 09:00:00,264.0078674303753
2012-05-29 10:00:00,152.87282840691847
2012-05-29 11:00:00,173.24354961092175
2012-05-29 12:00:00,209.80819404108064
2012-05-29 13:00:00,225.4241334762357
2012-05-29 14:00:00,204.66692295337688
2012-05-29 15:00:00,213.8063679195416
2012-05-29 16:00:00,368.044007314749
2012-05-29 17:00:00,684.0592440737864
2012-05-29 18:00:00,662.6057403594594
2012-05-29 19:00:00,445.0253865448031
2012-05-29 20:00:00,196.1912748706712
2012-05-29 21:00:00,94.84576379390597
2012-05-29 22:00:00,128.36964444800077
2012-05-29 23:00:00,74.49706083491344
2012-05-30 00:00:00,25.652203335316297
2012-05-30 01:00:00,9.448513315911285
2012-05-30 02:00:00,4.955940742627921
2012-05-30 03:00:00,2.778435848196999
2012-05-30 04:00:00,4.826187660956129
2012-05-30 05:00:00,28.98486127100199
2012-05-30 06:00:00,143.11539487129318
2012-05-30 07:00:00,159.70752948613665
2012-05-30 08:00:00,619.1922137261586
2012-05-30 09:00:00,290.4451574243293
2012-05-30 10:00:00,145.2686590483408
2012-05-30 11:00:00,168.30247339964222
2012-05-30 12:00:00,241.10434880050144
2012-05-30 13:00:00,225.42113660799225
2012-05-30 14:00:00,220.91730182214823
2012-05-30 15:00:00,219.87451297265113
2012-05-30 16:00:00,337.6407711308324
2012-05-30 17:00:00,627.8508555363409
2012-05-30 18:00:00,673.6964812610263
2012-05-30 19:00:00,503.1151564334939
2012-05-30 20:00:00,295.98639406893915
2012-05-30 21:00:00,261.96154961311584
2012-05-30 22:00:00,194.74054942950403
2012-05-30 23:00:00,113.63982667049447
2012-05-31 00:00:00,55.02420600253145
2012-05-31 01:00:00,19.7650248199179
2012-05-31 02:00:00,9.222923119280077
2012-05-31 03:00:00,5.173208509699072
2012-05-31 04:00:00,6.2074912499311
2012-05-31 05:00:00,33.231085605578414
2012-05-31 06:00:00,167.50795302946972
2012-05-31 07:00:00,455.3101988035432
2012-05-31 08:00:00,648.9046911467073
2012-05-31 09:00:00,264.10687364895637
2012-05-31 10:00:00,136.34053649090924
2012-05-31 11:00:00,183.744140298217
2012-05-31 12:00:00,246.91716578586693
2012-05-31 13:00:00,229.64116252954332
2012-05-31 14:00:00,195.6911459059518
2012-05-31 15:00:00,215.08014068360131
2012-05-31 16:00:00,338.1537429775089
2012-05-31 17:00:00,668.306375046784
2012-05-31 18:00:00,610.4839055321415
2012-05-31 19:00:00,464.10818031776034
2012-05-31 20:00:00,359.9328480393018
2012-05-31 21:00:00,267.863411268314
2012-05-31 22:00:00,207.65488543895754
2012-05-31 23:00:00,130.5442386706884
2012-06-20 00:00:00,42.84552740790616
2012-06-20 01:00:00,16.11975625784049
2012-06-20 02:00:00,6.355630305393021
2012-06-20 03:00:00,5.161071310125549
2012-06-20 04:00:00,5.156743793908137
2012-06-20 05:00:00,28.919997924067637
2012-06-20 06:00:00,132.23757435570312
2012-06-20 07:00:00,346.00455735395974
2012-06-20 08:00:00,573.0516889497854
2012-06-20 09:00:00,291.96865957331175
2012-06-20 10:00:00,141.11565397736248
2012-06-20 11:00:00,166.06966225515052
2012-06-20 12:00:00,208.4694692907349
2012-06-20 13:00:00,203.87574821881333
2012-06-20 14:00:00,187.99895104619625
2012-06-20 15:00:00,190.28383794451642
2012-06-20 16:00:00,298.5823933505186
2012-06-20 17:00:00,602.0681225432344
2012-06-20 18:00:00,619.2127772386124
2012-06-20 19:00:00,469.08232172526226
2012-06-20 20:00:00,374.82834807523443
2012-06-20 21:00:00,254.71925420778007
2012-06-20 22:00:00,204.5373481460044
2012-06-20 23:00:00,117.59061609974542
2012-06-21 00:00:00,58.84788509651571
2012-06-21 01:00:00,21.96662316144041
2012-06-21 02:00:00,10.363323583071132
2012-06-21 03:00:00,5.761949529198281
2012-06-21 04:00:00,6.413498070030387
2012-06-21 05:00:00,35.21314051254019
2012-06-21 06:00:00,141.43035592099352
2012-06-21 07:00:00,365.66788685513586
2012-06-21 08:00:00,590.7712154611414
2012-06-21 09:00:00,261.0660537922204
2012-06-21 10:00:00,146.8296396447661
2012-06-21 11:00:00,179.29780097262477
2012-06-21 12:00:00,206.87470661848164
2012-06-21 13:00:00,191.24786135065807
2012-06-21 14:00:00,187.47194241346529
2012-06-21 15:00:00,190.95513973266543
2012-06-21 16:00:00,301.96671731961555
2012-06-21 17:00:00,599.7235698485332
2012-06-21 18:00:00,652.6479738914304
2012-06-21 19:00:00,452.8399581373529
2012-06-21 20:00:00,361.6202909018427
2012-06-21 21:00:00,302.92090439951556
2012-06-21 22:00:00,232.67954676845685
2012-06-21 23:00:00,145.8727696351919
2012-06-22 00:00:00,71.58309747456022
2012-06-22 01:00:00,30.142609707594602
2012-06-22 02:00:00,13.869549624906307
2012-06-22 03:00:00,6.158540661368254
2012-06-22 04:00:00,7.209887600588751
2012-06-22 05:00:00,29.95688379334342
2012-06-22 06:00:00,122.83589567081394
2012-06-22 07:00:00,356.6220806317575
2012-06-22 08:00:00,535.8926498686076
2012-06-22 09:00:00,286.889592222526
2012-06-22 10:00:00,189.3678238196479
2012-06-22 11:00:00,224.60840489507947
2012-06-22 12:00:00,255.42096078360981
2012-06-22 13:00:00,276.54514781138863
2012-06-22 14:00:00,251.81940056682274
2012-06-22 15:00:00,292.8954651309671
2012-06-22 16:00:00,387.49122496690796
2012-06-22 17:00:00,748.4361614921504
2012-06-22 18:00:00,582.6141338667456
2012-06-22 19:00:00,405.1443806078909
2012-06-22 20:00:00,301.89077070695055
2012-06-22 21:00:00,145.78464466475296
2012-06-22 22:00:00,203.64554808772147
2012-06-22 23:00:00,142.92295146118477
2012-06-23 00:00:00,136.02285631062037
2012-06-23 01:00:00,93.1464204929568
2012-06-23 02:00:00,61.53950072860278
2012-06-23 03:00:00,30.167634406359895
2012-06-23 04:00:00,8.958277479248855
2012-06-23 05:00:00,8.628484535155051
2012-06-23 06:00:00,25.48281039076918
2012-06-23 07:00:00,57.29419787170206
2012-06-23 08:00:00,140.54128615927243
2012-06-23 09:00:00,227.59656606431201
2012-06-23 10:00:00,356.96013605661284
2012-06-23 11:00:00,434.07538961354464
2012-06-23 12:00:00,495.68584239397063
2012-06-23 13:00:00,513.3387905777918
2012-06-23 14:00:00,559.867059401607
2012-06-23 15:00:00,536.6305411426093
2012-06-23 16:00:00,524.3937278956726
2012-06-23 17:00:00,499.7744139261142
2012-06-23 18:00:00,447.8759030149277
2012-06-23 19:00:00,403.2469172045856
2012-06-23 20:00:00,342.3761208108996
2012-06-23 21:00:00,300.004356776936
2012-06-23 22:00:00,274.8429017383645
2012-06-23 23:00:00,229.99786834048444
2012-06-24 00:00:00,192.12994264895218
2012-06-24 01:00:00,132.4822378046606
2012-06-24 02:00:00,108.50513761513709
2012-06-24 03:00:00,42.648748862040286
2012-06-24 04:00:00,15.049210667195489
2012-06-24 05:00:00,11.44357557111327
2012-06-24 06:00:00,17.161787544999346
2012-06-24 07:00:00,44.835567437528155
2012-06-24 08:00:00,109.27845327006138
2012-06-24 09:00:00,209.47618852694757
2012-06-24 10:00:00,389.86283318019923
2012-06-24 11:00:00,487.52747130996596
2012-06-24 12:00:00,555.2108018945015
2012-06-24 13:00:00,525.1214429933683
2012-06-24 14:00:00,503.40849547264276
2012-06-24 15:00:00,496.8395481677585
2012-06-24 16:00:00,512.6359652666839
2012-06-24 17:00:00,472.9782075962429
2012-06-24 18:00:00,429.8093764875808
2012-06-24 19:00:00,354.8933862309646
2012-06-24 20:00:00,285.5072662694531
2012-06-24 21:00:00,219.552143775344
2012-06-24 22:00:00,177.53726453362864
2012-06-24 23:00:00,109.94271061713539
2012-06-25 00:00:00,47.72241684561014
2012-06-25 01:00:00,16.148568209361844
2012-06-25 02:00:00,9.130518988294007
2012-06-25 03:00:00,5.397589304155779
2012-06-25 04:00:00,5.5838975309968255
2012-06-25 05:00:00,27.981768102011213
2012-06-25 06:00:00,121.91022025715579
2012-06-25 07:00:00,338.0308822779724
2012-06-25 08:00:00,523.4246499798808
2012-06-25 09:00:00,261.86478066506663
2012-06-25 10:00:00,147.68505874559682
2012-06-25 11:00:00,180.24265585599457
2012-06-25 12:00:00,259.2703221280877
2012-06-25 13:00:00,212.39507106419222
2012-06-25 14:00:00,202.6615430082558
2012-06-25 15:00:00,220.9825817533231
2012-06-25 16:00:00,359.7884358287629
2012-06-25 17:00:00,693.3830307004507
2012-06-25 18:00:00,684.8619424952753
2012-06-25 19:00:00,462.94140491137307
2012-06-25 20:00:00,350.09703495841893
2012-06-25 21:00:00,268.4397068082325
2012-06-25 22:00:00,181.2198985447557
2012-06-25 23:00:00,101.66612303910904
2012-06-26 00:00:00,68.6184673069853
2012-06-26 01:00:00,18.047247219210867
2012-06-26 02:00:00,9.059354956329067
2012-06-26 03:00:00,5.376609981883007
2012-06-26 04:00:00,6.898684709912767
2012-06-26 05:00:00,35.37765883749469
2012-06-26 06:00:00,154.9095427500257
2012-06-26 07:00:00,416.41220342505966
2012-06-26 08:00:00,678.7354176131245
2012-06-26 09:00:00,339.47007778866293
2012-06-26 10:00:00,222.83664526288445
2012-06-26 11:00:00,232.06192277667057
2012-06-26 12:00:00,278.26098480903977
2012-06-26 13:00:00,271.7250462022571
2012-06-26 14:00:00,254.09850152164927
2012-06-26 15:00:00,284.3390794447262
2012-06-26 16:00:00,458.2402803848029
2012-06-26 17:00:00,885.4784524447182
2012-06-26 18:00:00,832.0404291126233
2012-06-26 19:00:00,588.2563668737063
2012-06-26 20:00:00,430.26171448944615
2012-06-26 21:00:00,319.1947881013948
2012-06-26 22:00:00,229.61873386218767
2012-06-26 23:00:00,122.7726896046406
2012-06-27 00:00:00,75.00418020188026
2012-06-27 01:00:00,20.03123762428506
2012-06-27 02:00:00,9.420557838961628
2012-06-27 03:00:00,6.750823266211478
2012-06-27 04:00:00,6.8643297896727296
2012-06-27 05:00:00,41.113492866835436
2012-06-27 06:00:00,177.22915104271388
2012-06-27 07:00:00,501.22410405099953
2012-06-27 08:00:00,750.4051050197377
2012-06-27 09:00:00,342.8494857213981
2012-06-27 10:00:00,187.72091261664974
2012-06-27 11:00:00,210.15139959846056
2012-06-27 12:00:00,271.56052437685133
2012-06-27 13:00:00,232.9296648189249
2012-06-27 14:00:00,234.26309545580438
2012-06-27 15:00:00,264.262515053541
2012-06-27 16:00:00,383.52651102507735
2012-06-27 17:00:00,756.0490651105858
2012-06-27 18:00:00,760.0108350024774
2012-06-27 19:00:00,576.128016440941
2012-06-27 20:00:00,440.1942765934843
2012-06-27 21:00:00,315.45666367106514
2012-06-27 22:00:00,241.18964920240623
2012-06-27 23:00:00,135.79772509671244
2012-06-28 00:00:00,61.19163836597017
2012-06-28 01:00:00,21.139012112522092
2012-06-28 02:00:00,10.593884799374658
2012-06-28 03:00:00,5.583780886379225
2012-06-28 04:00:00,6.113247523171991
2012-06-28 05:00:00,35.337496972026045
2012-06-28 06:00:00,156.2209635021105
2012-06-28 07:00:00,438.9462412812169
2012-06-28 08:00:00,599.0563503321947
2012-06-28 09:00:00,290.44866619551453
2012-06-28 10:00:00,162.1720919821011
2012-06-28 11:00:00,181.6734226781387
2012-06-28 12:00:00,212.4657612750986
2012-06-28 13:00:00,209.20826235895953
2012-06-28 14:00:00,181.98586339211008
2012-06-28 15:00:00,194.19985327034325
2012-06-28 16:00:00,293.5098495855298
2012-06-28 17:00:00,579.516364790626
2012-06-28 18:00:00,573.6543291686673
2012-06-28 19:00:00,426.3417251073939
2012-06-28 20:00:00,353.6797068982244
2012-06-28 21:00:00,293.45583551452665
2012-06-28 22:00:00,227.1837945584715
2012-06-28 23:00:00,142.2110276229886
2012-06-29 00:00:00,103.50073668432076
2012-06-29 01:00:00,34.14142410972952
2012-06-29 02:00:00,15.934939414092032
2012-06-29 03:00:00,7.155485495783355
2012-06-29 04:00:00,6.5059042247190275
2012-06-29 05:00:00,32.43317965189283
2012-06-29 06:00:00,130.6342085451366
2012-06-29 07:00:00,348.7466891930565
2012-06-29 08:00:00,571.3186762480562
2012-06-29 09:00:00,285.77653590873916
2012-06-29 10:00:00,168.9235477646215
2012-06-29 11:00:00,225.34721452201362
2012-06-29 12:00:00,277.31190995929336
2012-06-29 13:00:00,248.65627187764915
2012-06-29 14:00:00,220.4044689906242
2012-06-29 15:00:00,206.77618805716088
2012-06-29 16:00:00,297.73222481884926
2012-06-29 17:00:00,541.2297251865814
2012-06-29 18:00:00,477.7971708616894
2012-06-29 19:00:00,400.9747098065268
2012-06-29 20:00:00,300.8067674624905
2012-06-29 21:00:00,241.52987520307022
2012-06-29 22:00:00,129.1409157747387
2012-06-29 23:00:00,103.16719012105278
2012-06-30 00:00:00,82.20607602981879
2012-06-30 01:00:00,66.6268129366479
2012-06-30 02:00:00,64.02925695845103
2012-06-30 03:00:00,30.594867514855274
2012-06-30 04:00:00,9.684249610989932
2012-06-30 05:00:00,8.944970421085893
2012-06-30 06:00:00,22.913289942841125
2012-06-30 07:00:00,56.54724186788111
2012-06-30 08:00:00,119.40376890448523
2012-06-30 09:00:00,184.80825823754088
2012-06-30 10:00:00,326.1762850438308
2012-06-30 11:00:00,424.77731869130065
2012-06-30 12:00:00,491.11994791034255
2012-06-30 13:00:00,495.9782452473177
2012-06-30 14:00:00,512.4403413616857
2012-06-30 15:00:00,516.9505347102338
2012-06-30 16:00:00,481.6636639419982
2012-06-30 17:00:00,465.76235254762634
2012-06-30 18:00:00,428.98113929864314
2012-06-30 19:00:00,370.32070370540737
2012-06-30 20:00:00,322.05540654671057
2012-06-30 21:00:00,282.2015367816928
2012-06-30 22:00:00,232.39905453029033
2012-06-30 23:00:00,205.9339207367676
2012-07-20 00:00:00,43.74337759613267
2012-07-20 01:00:00,26.20661926619078
2012-07-20 02:00:00,11.814919894405076
2012-07-20 03:00:00,5.723206927018087
2012-07-20 04:00:00,5.888092031491621
2012-07-20 05:00:00,27.427046099861567
2012-07-20 06:00:00,107.86012979795218
2012-07-20 07:00:00,291.53657051934334
2012-07-20 08:00:00,503.8259477439882
2012-07-20 09:00:00,281.4933394627631
2012-07-20 10:00:00,156.4707486920365
2012-07-20 11:00:00,121.46397554541913
2012-07-20 12:00:00,120.27342085222217
2012-07-20 13:00:00,101.66456117595318
2012-07-20 14:00:00,93.44591227654196
2012-07-20 15:00:00,160.27019891966884
2012-07-20 16:00:00,240.8105042284619
2012-07-20 17:00:00,322.96017972897704
2012-07-20 18:00:00,372.4070973294361
2012-07-20 19:00:00,270.2816984144172
2012-07-20 20:00:00,98.52598733200925
2012-07-20 21:00:00,104.982261405598
2012-07-20 22:00:00,154.23211476431993
2012-07-20 23:00:00,120.0804387715645
2012-07-21 00:00:00,79.91053090903303
2012-07-21 01:00:00,77.37277557349111
2012-07-21 02:00:00,54.43033655188702
2012-07-21 03:00:00,21.050508605233766
2012-07-21 04:00:00,6.390863395791471
2012-07-21 05:00:00,5.491574435323175
2012-07-21 06:00:00,13.906184941215123
2012-07-21 07:00:00,42.79596346299939
2012-07-21 08:00:00,120.989317522093
2012-07-21 09:00:00,185.35968504767118
2012-07-21 10:00:00,137.657260920693
2012-07-21 11:00:00,241.82742065522137
2012-07-21 12:00:00,191.3385367351894
2012-07-21 13:00:00,172.99371188298022
2012-07-21 14:00:00,220.95250058586686
2012-07-21 15:00:00,184.95331044943387
2012-07-21 16:00:00,163.82224411940783
2012-07-21 17:00:00,188.33256592276305
2012-07-21 18:00:00,202.56578956943738
2012-07-21 19:00:00,206.65626452505165
2012-07-21 20:00:00,119.04473572735763
2012-07-21 21:00:00,140.50726724972367
2012-07-21 22:00:00,135.37823578570755
2012-07-21 23:00:00,134.72527374650178
2012-07-22 00:00:00,102.63095541230796
2012-07-22 01:00:00,87.63180906817526
2012-07-22 02:00:00,77.49993726477511
2012-07-22 03:00:00,37.015380637050946
2012-07-22 04:00:00,10.653427181211695
2012-07-22 05:00:00,11.544474043052588
2012-07-22 06:00:00,14.742926442820572
2012-07-22 07:00:00,39.115355107847876
2012-07-22 08:00:00,99.8358192708902
2012-07-22 09:00:00,215.19248603603685
2012-07-22 10:00:00,317.84738110442294
2012-07-22 11:00:00,348.14635087334955
2012-07-22 12:00:00,416.5495540552868
2012-07-22 13:00:00,432.92082855584846
2012-07-22 14:00:00,395.47757593037153
2012-07-22 15:00:00,399.6418800405395
2012-07-22 16:00:00,410.2012293210087
2012-07-22 17:00:00,391.69589931341625
2012-07-22 18:00:00,339.09290756976714
2012-07-22 19:00:00,290.4378772999406
2012-07-22 20:00:00,228.2722855965084
2012-07-22 21:00:00,187.71400189121795
2012-07-22 22:00:00,145.704553130147
2012-07-22 23:00:00,90.81510472625655
2012-07-23 00:00:00,35.917540275956334
2012-07-23 01:00:00,13.338512796967791
2012-07-23 02:00:00,7.314152784215053
2012-07-23 03:00:00,4.101037870453921
2012-07-23 04:00:00,6.024985529866033
2012-07-23 05:00:00,23.316184063627617
2012-07-23 06:00:00,113.11193285267369
2012-07-23 07:00:00,338.30666742107553
2012-07-23 08:00:00,533.870895509194
2012-07-23 09:00:00,272.1503323761475
2012-07-23 10:00:00,156.52594426466842
2012-07-23 11:00:00,189.9029691158687
2012-07-23 12:00:00,253.2931093580174
2012-07-23 13:00:00,235.82656154647486
2012-07-23 14:00:00,202.60440563258518
2012-07-23 15:00:00,220.87503313828813
2012-07-23 16:00:00,341.05843822746766
2012-07-23 17:00:00,649.3646106649716
2012-07-23 18:00:00,660.9884219981122
2012-07-23 19:00:00,459.8481585668587
2012-07-23 20:00:00,358.4603071992746
2012-07-23 21:00:00,250.89491393055314
2012-07-23 22:00:00,169.20500610215763
2012-07-23 23:00:00,95.1923244867795
2012-07-24 00:00:00,40.245812849080664
2012-07-24 01:00:00,15.58377053069369
2012-07-24 02:00:00,6.97722526563269
2012-07-24 03:00:00,4.749721007769376
2012-07-24 04:00:00,6.25616768772128
2012-07-24 05:00:00,29.849422650886325
2012-07-24 06:00:00,134.6383757550598
2012-07-24 07:00:00,385.37540904537286
2012-07-24 08:00:00,533.2144305972026
2012-07-24 09:00:00,234.37323758059
2012-07-24 10:00:00,161.64470667908898
2012-07-24 11:00:00,180.24315705368363
2012-07-24 12:00:00,220.71008386544892
2012-07-24 13:00:00,217.58431549133408
2012-07-24 14:00:00,197.44085615875855
2012-07-24 15:00:00,215.63327385895545
2012-07-24 16:00:00,372.8003102871703
2012-07-24 17:00:00,704.7309558473983
2012-07-24 18:00:00,663.7086471515117
2012-07-24 19:00:00,492.0599655390668
2012-07-24 20:00:00,364.6818809409827
2012-07-24 21:00:00,276.79156298541136
2012-07-24 22:00:00,187.11247846923592
2012-07-24 23:00:00,111.93957350012168
2012-07-25 00:00:00,54.6845164710572
2012-07-25 01:00:00,18.960424560369045
2012-07-25 02:00:00,8.152001742941021
2012-07-25 03:00:00,6.146027320156771
2012-07-25 04:00:00,5.496716777142883
2012-07-25 05:00:00,33.82293279191386
2012-07-25 06:00:00,150.3527789846386
2012-07-25 07:00:00,430.69298408544364
2012-07-25 08:00:00,630.9590847208034
2012-07-25 09:00:00,314.5278978849843
2012-07-25 10:00:00,180.15811002224223
2012-07-25 11:00:00,197.87513294858198
2012-07-25 12:00:00,265.11796688870544
2012-07-25 13:00:00,236.29635825330107
2012-07-25 14:00:00,216.0029759867317
2012-07-25 15:00:00,248.88793074910518
2012-07-25 16:00:00,373.9853563217012
2012-07-25 17:00:00,731.0506054612247
2012-07-25 18:00:00,770.065939597887
2012-07-25 19:00:00,586.378538571081
2012-07-25 20:00:00,432.7856256803985
2012-07-25 21:00:00,303.7710641786792
2012-07-25 22:00:00,217.70661429266852
2012-07-25 23:00:00,122.04316462833661
2012-07-26 00:00:00,54.94538059905656
2012-07-26 01:00:00,20.156429575637866
2012-07-26 02:00:00,10.05717129784296
2012-07-26 03:00:00,6.0186190004546765
2012-07-26 04:00:00,5.746768727615623
2012-07-26 05:00:00,32.99942248166869
2012-07-26 06:00:00,147.00098638717245
2012-07-26 07:00:00,421.31396768439606
2012-07-26 08:00:00,541.6047865005396
2012-07-26 09:00:00,271.4586516475331
2012-07-26 10:00:00,167.52450033591833
2012-07-26 11:00:00,220.0436694663926
2012-07-26 12:00:00,235.78115242774263
2012-07-26 13:00:00,234.64540390437972
2012-07-26 14:00:00,196.80388901273824
2012-07-26 15:00:00,208.86559548215405
2012-07-26 16:00:00,335.944009310817
2012-07-26 17:00:00,675.4925842479167
2012-07-26 18:00:00,643.5625055949532
2012-07-26 19:00:00,458.1740396672115
2012-07-26 20:00:00,389.0664851967466
2012-07-26 21:00:00,279.5328154563525
2012-07-26 22:00:00,207.00136903522647
2012-07-26 23:00:00,149.92115392316427
2012-07-27 00:00:00,70.04908310613828
2012-07-27 01:00:00,32.58381681003234
2012-07-27 02:00:00,14.828062259612253
2012-07-27 03:00:00,7.042401319294051
2012-07-27 04:00:00,6.614603534648847
2012-07-27 05:00:00,29.303021500567056
2012-07-27 06:00:00,124.27871780635702
2012-07-27 07:00:00,358.24187941077423
2012-07-27 08:00:00,530.6913209289839
2012-07-27 09:00:00,279.8887812570857
2012-07-27 10:00:00,169.36420734895896
2012-07-27 11:00:00,236.17339621961338
2012-07-27 12:00:00,281.59755664595815
2012-07-27 13:00:00,276.8504372109707
2012-07-27 14:00:00,252.67860416291487
2012-07-27 15:00:00,285.9588829556863
2012-07-27 16:00:00,383.99934936969663
2012-07-27 17:00:00,659.7446553004709
2012-07-27 18:00:00,568.9014056960108
2012-07-27 19:00:00,422.51189205979165
2012-07-27 20:00:00,313.9158889317164
2012-07-27 21:00:00,259.07561565940875
2012-07-27 22:00:00,225.25445766143534
2012-07-27 23:00:00,166.74014688137447
2012-07-28 00:00:00,168.01446879183894
2012-07-28 01:00:00,103.75569827373666
2012-07-28 02:00:00,77.67687892956559
2012-07-28 03:00:00,34.12021991875468
2012-07-28 04:00:00,9.19093902249617
2012-07-28 05:00:00,11.277573752192621
2012-07-28 06:00:00,27.864034065475856
2012-07-28 07:00:00,62.463762457315305
2012-07-28 08:00:00,131.98612483712165
2012-07-28 09:00:00,223.7459399093535
2012-07-28 10:00:00,346.7777434607613
2012-07-28 11:00:00,429.28467690375663
2012-07-28 12:00:00,489.8573634482235
2012-07-28 13:00:00,508.9252803814149
2012-07-28 14:00:00,508.13412819457585
2012-07-28 15:00:00,516.1173413420591
2012-07-28 16:00:00,504.3552083067314
2012-07-28 17:00:00,470.3214502867147
2012-07-28 18:00:00,422.054806737854
2012-07-28 19:00:00,301.83975789351615
2012-07-28 20:00:00,206.75149549149856
2012-07-28 21:00:00,218.2900833778506
2012-07-28 22:00:00,192.2657107243307
2012-07-28 23:00:00,170.46375283551677
2012-07-29 00:00:00,116.3949496573819
2012-07-29 01:00:00,100.97193054296129
2012-07-29 02:00:00,87.13524400581657
2012-07-29 03:00:00,41.6945828236573
2012-07-29 04:00:00,10.313624887731986
2012-07-29 05:00:00,10.48336396466951
2012-07-29 06:00:00,16.719930673729152
2012-07-29 07:00:00,44.179431757242995
2012-07-29 08:00:00,100.63236088834947
2012-07-29 09:00:00,190.0704065945599
2012-07-29 10:00:00,340.22323667640586
2012-07-29 11:00:00,410.50761613152804
2012-07-29 12:00:00,462.98204712893755
2012-07-29 13:00:00,480.73825155968046
2012-07-29 14:00:00,459.13879092495335
2012-07-29 15:00:00,480.08149253879526
2012-07-29 16:00:00,487.1350911783606
2012-07-29 17:00:00,451.77434432950895
2012-07-29 18:00:00,412.87409091211526
2012-07-29 19:00:00,326.1344098559457
2012-07-29 20:00:00,254.2830468741482
2012-07-29 21:00:00,197.55130337029487
2012-07-29 22:00:00,149.09090660864743
2012-07-29 23:00:00,107.15662145629082
2012-07-30 00:00:00,42.35548412338197
2012-07-30 01:00:00,16.49507311808329
2012-07-30 02:00:00,9.196838239222823
2012-07-30 03:00:00,5.025348953221341
2012-07-30 04:00:00,7.086883384422765
2012-07-30 05:00:00,27.476177755425443
2012-07-30 06:00:00,118.35917925090666
2012-07-30 07:00:00,342.9678169224956
2012-07-30 08:00:00,538.7300168723875
2012-07-30 09:00:00,276.7484889577991
2012-07-30 10:00:00,158.52951657774878
2012-07-30 11:00:00,191.72741336542876
2012-07-30 12:00:00,248.39185361123532
2012-07-30 13:00:00,224.33316208973932
2012-07-30 14:00:00,196.42959996766646
2012-07-30 15:00:00,221.4848216803727
2012-07-30 16:00:00,355.7584351747339
2012-07-30 17:00:00,635.0076202368468
2012-07-30 18:00:00,629.6265024607837
2012-07-30 19:00:00,476.44208358984423
2012-07-30 20:00:00,330.83083597600285
2012-07-30 21:00:00,256.8919205115928
2012-07-30 22:00:00,146.23849097474275
2012-07-30 23:00:00,92.93976415631998
2012-07-31 00:00:00,35.99787243646809
2012-07-31 01:00:00,14.289660311731781
2012-07-31 02:00:00,6.96825119872022
2012-07-31 03:00:00,4.71549901049654
2012-07-31 04:00:00,6.25616768772128
2012-07-31 05:00:00,29.847544031539503
2012-07-31 06:00:00,124.81460824256702
2012-07-31 07:00:00,344.74342748145585
2012-07-31 08:00:00,562.8318613879194
2012-07-31 09:00:00,272.2993487848756
2012-07-31 10:00:00,164.97814979253093
2012-07-31 11:00:00,169.19415317658553
2012-07-31 12:00:00,209.53231901280967
2012-07-31 13:00:00,220.75047815861348
2012-07-31 14:00:00,201.72318831719838
2012-07-31 15:00:00,206.1501935012785
2012-07-31 16:00:00,344.14414953895755
2012-07-31 17:00:00,693.4941616905264
2012-07-31 18:00:00,687.8115211835689
2012-07-31 19:00:00,377.2801968486307
2012-07-31 20:00:00,249.36364898437
2012-07-31 21:00:00,227.5235002709332
2012-07-31 22:00:00,173.94516559509168
2012-07-31 23:00:00,90.45437399188376
2012-08-20 00:00:00,37.17067338299003
2012-08-20 01:00:00,13.293184664714994
2012-08-20 02:00:00,7.705548983826232
2012-08-20 03:00:00,4.79380654779637
2012-08-20 04:00:00,7.210073444055402
2012-08-20 05:00:00,26.963054733817177
2012-08-20 06:00:00,125.92551998623159
2012-08-20 07:00:00,342.2989754838891
2012-08-20 08:00:00,577.6223535097208
2012-08-20 09:00:00,297.056958157872
2012-08-20 10:00:00,162.5566387974705
2012-08-20 11:00:00,169.36341724189387
2012-08-20 12:00:00,245.1330463752989
2012-08-20 13:00:00,208.4553682726645
2012-08-20 14:00:00,194.61998463803536
2012-08-20 15:00:00,220.64093241962487
2012-08-20 16:00:00,341.2775637711371
2012-08-20 17:00:00,637.2699996991934
2012-08-20 18:00:00,491.4028617160873
2012-08-20 19:00:00,380.48201046614207
2012-08-20 20:00:00,224.18538305760157
2012-08-20 21:00:00,192.15326608452537
2012-08-20 22:00:00,133.46020072879182
2012-08-20 23:00:00,77.98655443912769
2012-08-21 00:00:00,33.9425152089456
2012-08-21 01:00:00,12.406951179366875
2012-08-21 02:00:00,5.5829723822164805
2012-08-21 03:00:00,4.461291478378858
2012-08-21 04:00:00,5.816082707588596
2012-08-21 05:00:00,27.12624886108359
2012-08-21 06:00:00,126.13388932487041
2012-08-21 07:00:00,376.5626081938963
2012-08-21 08:00:00,570.1534193865406
2012-08-21 09:00:00,276.6018396754772
2012-08-21 10:00:00,170.9810579580697
2012-08-21 11:00:00,170.47110235510095
2012-08-21 12:00:00,218.15887583156209
2012-08-21 13:00:00,225.55006307834336
2012-08-21 14:00:00,211.60150864868592
2012-08-21 15:00:00,225.72215974694424
2012-08-21 16:00:00,349.8933774765106
2012-08-21 17:00:00,678.8849397947522
2012-08-21 18:00:00,671.1430968877414
2012-08-21 19:00:00,338.3869324746587
2012-08-21 20:00:00,297.90119602678703
2012-08-21 21:00:00,239.94182590881294
2012-08-21 22:00:00,160.25308660656103
2012-08-21 23:00:00,99.3461448964542
2012-08-22 00:00:00,38.220552489344115
2012-08-22 01:00:00,15.516918721742496
2012-08-22 02:00:00,6.729776541589812
2012-08-22 03:00:00,5.921249373525044
2012-08-22 04:00:00,5.009809783979767
2012-08-22 05:00:00,31.78934228707034
2012-08-22 06:00:00,145.55013756343814
2012-08-22 07:00:00,379.8583250609432
2012-08-22 08:00:00,608.3337662439408
2012-08-22 09:00:00,306.08521928801105
2012-08-22 10:00:00,167.69306070186354
2012-08-22 11:00:00,176.21931430119147
2012-08-22 12:00:00,222.96657501531746
2012-08-22 13:00:00,208.31614759310528
2012-08-22 14:00:00,199.6391973185092
2012-08-22 15:00:00,218.6908066876561
2012-08-22 16:00:00,202.61564604899243
2012-08-22 17:00:00,466.0096481896077
2012-08-22 18:00:00,475.69865953500874
2012-08-22 19:00:00,466.7975915529674
2012-08-22 20:00:00,317.13065791243173
2012-08-22 21:00:00,250.36666835049252
2012-08-22 22:00:00,193.85168471273508
2012-08-22 23:00:00,106.36049308894991
2012-08-23 00:00:00,53.71868126780823
2012-08-23 01:00:00,19.565709449954767
2012-08-23 02:00:00,9.805845604090777
2012-08-23 03:00:00,6.487870132833698
2012-08-23 04:00:00,6.305775368437518
2012-08-23 05:00:00,33.90443546942473
2012-08-23 06:00:00,122.30380442030817
2012-08-23 07:00:00,357.197332736093
2012-08-23 08:00:00,582.1547595415714
2012-08-23 09:00:00,282.7188974158877
2012-08-23 10:00:00,164.13867077036073
2012-08-23 11:00:00,197.55964904072687
2012-08-23 12:00:00,229.2555076638249
2012-08-23 13:00:00,218.8262874969228
2012-08-23 14:00:00,200.7801676284405
2012-08-23 15:00:00,219.93213315616518
2012-08-23 16:00:00,348.4399485818186
2012-08-23 17:00:00,690.8706468582939
2012-08-23 18:00:00,657.9707065419674
2012-08-23 19:00:00,508.8580534651095
2012-08-23 20:00:00,385.79374398482906
2012-08-23 21:00:00,294.7428658929555
2012-08-23 22:00:00,199.84661542241614
2012-08-23 23:00:00,131.25404960122648
2012-08-24 00:00:00,72.8117117978684
2012-08-24 01:00:00,29.29770802180574
2012-08-24 02:00:00,14.944765749936412
2012-08-24 03:00:00,6.928148320647588
2012-08-24 04:00:00,7.376884418883279
2012-08-24 05:00:00,27.777944975708497
2012-08-24 06:00:00,109.45416857803743
2012-08-24 07:00:00,311.5228586024375
2012-08-24 08:00:00,540.1803731393336
2012-08-24 09:00:00,316.6715614868398
2012-08-24 10:00:00,206.88952391347632
2012-08-24 11:00:00,243.69412133158838
2012-08-24 12:00:00,312.00794444511223
2012-08-24 13:00:00,305.5426162122535
2012-08-24 14:00:00,246.53975253040915
2012-08-24 15:00:00,294.2863039100372
2012-08-24 16:00:00,407.0313357317039
2012-08-24 17:00:00,672.5997674756686
2012-08-24 18:00:00,534.4511825118102
2012-08-24 19:00:00,452.727389782051
2012-08-24 20:00:00,296.0658066467596
2012-08-24 21:00:00,237.1379604396296
2012-08-24 22:00:00,214.68873980993484
2012-08-24 23:00:00,148.24028640728793
2012-08-25 00:00:00,173.87960592444836
2012-08-25 01:00:00,106.45077430855865
2012-08-25 02:00:00,72.83940814230726
2012-08-25 03:00:00,33.52047489865214
2012-08-25 04:00:00,11.487444020229894
2012-08-25 05:00:00,9.534781348770887
2012-08-25 06:00:00,24.628318991506948
2012-08-25 07:00:00,48.54517941004231
2012-08-25 08:00:00,127.80916159751352
2012-08-25 09:00:00,203.74961977497404
2012-08-25 10:00:00,308.08458447820374
2012-08-25 11:00:00,393.58569187766057
2012-08-25 12:00:00,349.4885459341257
2012-08-25 13:00:00,472.2252706362515
2012-08-25 14:00:00,269.62740255331175
2012-08-25 15:00:00,330.1708309614194
2012-08-25 16:00:00,327.9808202072041
2012-08-25 17:00:00,306.42700249199635
2012-08-25 18:00:00,307.8461368261871
2012-08-25 19:00:00,233.0776213572192
2012-08-25 20:00:00,122.30900285061978
2012-08-25 21:00:00,163.81729416773598
2012-08-25 22:00:00,143.5795641120732
2012-08-25 23:00:00,120.23303574815769
2012-08-26 00:00:00,111.57842926512149
2012-08-26 01:00:00,91.43346157749751
2012-08-26 02:00:00,72.33620877386588
2012-08-26 03:00:00,34.93630853125334
2012-08-26 04:00:00,9.449241498674922
2012-08-26 05:00:00,8.822126775021728
2012-08-26 06:00:00,11.113757824691028
2012-08-26 07:00:00,38.07998839999894
2012-08-26 08:00:00,90.01671961498486
2012-08-26 09:00:00,176.45558658004896
2012-08-26 10:00:00,312.44055559747363
2012-08-26 11:00:00,383.2941880783352
2012-08-26 12:00:00,260.09892675163906
2012-08-26 13:00:00,161.4627683485544
2012-08-26 14:00:00,237.0732830867934
2012-08-26 15:00:00,150.32447224538308
2012-08-26 16:00:00,155.65411825900023
2012-08-26 17:00:00,234.60582360668548
2012-08-26 18:00:00,204.7880785171197
2012-08-26 19:00:00,197.4985082722349
2012-08-26 20:00:00,165.18956458175924
2012-08-26 21:00:00,156.72885939539745
2012-08-26 22:00:00,114.8499590929285
2012-08-26 23:00:00,87.2206883217655
2012-08-27 00:00:00,38.03131635499572
2012-08-27 01:00:00,12.995902144007438
2012-08-27 02:00:00,7.3961993328958755
2012-08-27 03:00:00,4.72501031513725
2012-08-27 04:00:00,6.930907837140268
2012-08-27 05:00:00,26.039803254796926
2012-08-27 06:00:00,114.23699339534056
2012-08-27 07:00:00,329.5562161953923
2012-08-27 08:00:00,516.1263424414491
2012-08-27 09:00:00,257.45316477490894
2012-08-27 10:00:00,159.45502750187475
2012-08-27 11:00:00,178.03520154200842
2012-08-27 12:00:00,213.79371799753918
2012-08-27 13:00:00,212.41727159751338
2012-08-27 14:00:00,195.1990421772918
2012-08-27 15:00:00,213.2257447660931
2012-08-27 16:00:00,357.85363445974156
2012-08-27 17:00:00,659.6652423367273
2012-08-27 18:00:00,657.629461913781
2012-08-27 19:00:00,450.57983298036055
2012-08-27 20:00:00,343.7977914701003
2012-08-27 21:00:00,256.01066261325917
2012-08-27 22:00:00,139.33956460013462
2012-08-27 23:00:00,84.10356784012949
2012-08-28 00:00:00,36.85755176978558
2012-08-28 01:00:00,14.328030413798706
2012-08-28 02:00:00,6.918119007962292
2012-08-28 03:00:00,4.517082240539147
2012-08-28 04:00:00,5.775108554086244
2012-08-28 05:00:00,28.492403167007932
2012-08-28 06:00:00,122.56670956363132
2012-08-28 07:00:00,327.78616741210493
2012-08-28 08:00:00,533.3278054309798
2012-08-28 09:00:00,273.0792863964191
2012-08-28 10:00:00,164.17766472271043
2012-08-28 11:00:00,176.11428615203454
2012-08-28 12:00:00,211.02889485497732
2012-08-28 13:00:00,214.94425510511374
2012-08-28 14:00:00,203.71276765475184
2012-08-28 15:00:00,224.72956851263535
2012-08-28 16:00:00,386.1600015779638
2012-08-28 17:00:00,774.1449552353301
2012-08-28 18:00:00,736.9692264385392
2012-08-28 19:00:00,510.82350056299003
2012-08-28 20:00:00,386.9553967436375
2012-08-28 21:00:00,288.5164129857971
2012-08-28 22:00:00,195.07116111922906
2012-08-28 23:00:00,117.85511782756058
2012-08-29 00:00:00,43.44176157413098
2012-08-29 01:00:00,16.6607964972097
2012-08-29 02:00:00,7.415645799274832
2012-08-29 03:00:00,6.387954382246631
2012-08-29 04:00:00,5.19215122179998
2012-08-29 05:00:00,33.33929448283336
2012-08-29 06:00:00,150.5298577152595
2012-08-29 07:00:00,398.89702186704926
2012-08-29 08:00:00,646.0577559518896
2012-08-29 09:00:00,304.31212839247445
2012-08-29 10:00:00,175.40791398685482
2012-08-29 11:00:00,190.06635714762666
2012-08-29 12:00:00,250.9046562660806
2012-08-29 13:00:00,222.07605319718309
2012-08-29 14:00:00,213.15412347064262
2012-08-29 15:00:00,246.33383801545412
2012-08-29 16:00:00,363.9420233243791
2012-08-29 17:00:00,749.5689116187017
2012-08-29 18:00:00,740.6433771876541
2012-08-29 19:00:00,532.0996291872171
2012-08-29 20:00:00,394.02188828518496
2012-08-29 21:00:00,289.81586766946754
2012-08-29 22:00:00,223.7005777655892
2012-08-29 23:00:00,130.74503516831618
2012-08-30 00:00:00,52.96653817869155
2012-08-30 01:00:00,20.869141219726643
2012-08-30 02:00:00,9.715941902455166
2012-08-30 03:00:00,6.357914061030959
2012-08-30 04:00:00,6.329807149462112
2012-08-30 05:00:00,34.484851276246665
2012-08-30 06:00:00,148.56109099420595
2012-08-30 07:00:00,447.3305216362167
2012-08-30 08:00:00,636.680974767248
2012-08-30 09:00:00,296.5853295382787
2012-08-30 10:00:00,165.41307144018805
2012-08-30 11:00:00,201.77536128328273
2012-08-30 12:00:00,234.80770977126437
2012-08-30 13:00:00,221.35650333705033
2012-08-30 14:00:00,200.20276127910176
2012-08-30 15:00:00,225.36721794445413
2012-08-30 16:00:00,356.1748154874232
2012-08-30 17:00:00,689.0615778674763
2012-08-30 18:00:00,655.7928545932396
2012-08-30 19:00:00,506.7050469166968
2012-08-30 20:00:00,391.41609922484827
2012-08-30 21:00:00,306.6902048849939
2012-08-30 22:00:00,220.473782007545
2012-08-30 23:00:00,146.2746372405265
2012-08-31 00:00:00,71.71413086101909
2012-08-31 01:00:00,28.276256582089758
2012-08-31 02:00:00,12.76721003614285
2012-08-31 03:00:00,6.337939684346106
2012-08-31 04:00:00,5.744769784427384
2012-08-31 05:00:00,29.58059967031215
2012-08-31 06:00:00,106.3402791586495
2012-08-31 07:00:00,301.6447013293147
2012-08-31 08:00:00,527.7626911061845
2012-08-31 09:00:00,276.52268005133436
2012-08-31 10:00:00,174.9809944373324
2012-08-31 11:00:00,248.40595950266274
2012-08-31 12:00:00,309.6227400375475
2012-08-31 13:00:00,301.39013890205786
2012-08-31 14:00:00,269.74087092772197
2012-08-31 15:00:00,303.58517387853794
2012-08-31 16:00:00,396.4154906360989
2012-08-31 17:00:00,652.667038578917
2012-08-31 18:00:00,593.276619677477
2012-08-31 19:00:00,423.5766104252661
2012-08-31 20:00:00,328.9752559558653
2012-08-31 21:00:00,263.8603952556332
2012-08-31 22:00:00,234.03369887770316
2012-08-31 23:00:00,175.89872487524718
2012-09-20 00:00:00,53.44198788968312
2012-09-20 01:00:00,17.306753911775214
2012-09-20 02:00:00,9.84143753715938
2012-09-20 03:00:00,6.095234818747598
2012-09-20 04:00:00,5.785051771642891
2012-09-20 05:00:00,32.07919357248854
2012-09-20 06:00:00,137.68153883194384
2012-09-20 07:00:00,389.73887570936915
2012-09-20 08:00:00,650.1027479486784
2012-09-20 09:00:00,323.9555582741666
2012-09-20 10:00:00,175.98665828129023
2012-09-20 11:00:00,226.7882640588632
2012-09-20 12:00:00,288.4743657860665
2012-09-20 13:00:00,259.8156676273968
2012-09-20 14:00:00,223.46184314595794
2012-09-20 15:00:00,240.25474288532132
2012-09-20 16:00:00,379.72353543845537
2012-09-20 17:00:00,745.664270742102
2012-09-20 18:00:00,781.1007373716402
2012-09-20 19:00:00,443.63615514915904
2012-09-20 20:00:00,323.6658069536678
2012-09-20 21:00:00,256.36574349282984
2012-09-20 22:00:00,179.61818724017982
2012-09-20 23:00:00,128.64885501048335
2012-09-21 00:00:00,66.3175387268794
2012-09-21 01:00:00,27.46755547056423
2012-09-21 02:00:00,14.351865077251155
2012-09-21 03:00:00,7.08746446531324
2012-09-21 04:00:00,6.245542548205523
2012-09-21 05:00:00,30.126138866234474
2012-09-21 06:00:00,121.17830210949802
2012-09-21 07:00:00,350.2241111768479
2012-09-21 08:00:00,588.4346521157995
2012-09-21 09:00:00,310.749734543016
2012-09-21 10:00:00,193.21191024065854
2012-09-21 11:00:00,221.88435406007684
2012-09-21 12:00:00,256.59800552887015
2012-09-21 13:00:00,256.1846545054479
2012-09-21 14:00:00,247.93993392338183
2012-09-21 15:00:00,266.7389285280335
2012-09-21 16:00:00,382.05801123681795
2012-09-21 17:00:00,615.6410886201044
2012-09-21 18:00:00,521.1194879346866
2012-09-21 19:00:00,393.7281052366968
2012-09-21 20:00:00,270.3450961411523
2012-09-21 21:00:00,216.47201107902373
2012-09-21 22:00:00,186.2042740051074
2012-09-21 23:00:00,140.68047291855058
2012-09-22 00:00:00,133.51363250868272
2012-09-22 01:00:00,79.64551893349154
2012-09-22 02:00:00,61.65718142374711
2012-09-22 03:00:00,28.74411312865483
2012-09-22 04:00:00,7.857231524805333
2012-09-22 05:00:00,9.410543705120402
2012-09-22 06:00:00,19.999788047401303
2012-09-22 07:00:00,55.84996137331228
2012-09-22 08:00:00,142.29033385716954
2012-09-22 09:00:00,224.7282739748502
2012-09-22 10:00:00,331.4420873477864
2012-09-22 11:00:00,418.0340886858905
2012-09-22 12:00:00,466.3922471239773
2012-09-22 13:00:00,470.1198758590899
2012-09-22 14:00:00,490.00933612003115
2012-09-22 15:00:00,506.4225169802001
2012-09-22 16:00:00,488.6152397903918
2012-09-22 17:00:00,448.29855613713124
2012-09-22 18:00:00,397.2197937213795
2012-09-22 19:00:00,341.2688258713647
2012-09-22 20:00:00,288.7663095299821
2012-09-22 21:00:00,251.0198919952274
2012-09-22 22:00:00,221.0169173786616
2012-09-22 23:00:00,191.69501085847256
2012-09-23 00:00:00,178.53810862675834
2012-09-23 01:00:00,91.1362886054537
2012-09-23 02:00:00,67.79967339034344
2012-09-23 03:00:00,28.901422479315684
2012-09-23 04:00:00,10.274235495147309
2012-09-23 05:00:00,9.169193721407295
2012-09-23 06:00:00,15.117023497981613
2012-09-23 07:00:00,51.09212680889083
2012-09-23 08:00:00,97.35014429188884
2012-09-23 09:00:00,179.177726239443
2012-09-23 10:00:00,336.3036209396054
2012-09-23 11:00:00,436.9255526984639
2012-09-23 12:00:00,525.1445094843115
2012-09-23 13:00:00,480.2515165416269
2012-09-23 14:00:00,452.944554654139
2012-09-23 15:00:00,456.7071601911879
2012-09-23 16:00:00,478.48324039823984
2012-09-23 17:00:00,446.49723433831934
2012-09-23 18:00:00,364.3169123352188
2012-09-23 19:00:00,271.09408688188506
2012-09-23 20:00:00,212.73669146033316
2012-09-23 21:00:00,172.61630663347205
2012-09-23 22:00:00,145.5369369709981
2012-09-23 23:00:00,87.039797569558
2012-09-24 00:00:00,45.68142875009929
2012-09-24 01:00:00,15.305698040314505
2012-09-24 02:00:00,8.159850852214227
2012-09-24 03:00:00,4.110970124155217
2012-09-24 04:00:00,6.806758447045509
2012-09-24 05:00:00,27.876024778324084
2012-09-24 06:00:00,122.34884031033182
2012-09-24 07:00:00,344.6694782923776
2012-09-24 08:00:00,509.58241342618146
2012-09-24 09:00:00,262.8208286970909
2012-09-24 10:00:00,156.37892331095125
2012-09-24 11:00:00,188.50115750728543
2012-09-24 12:00:00,246.65353438807605
2012-09-24 13:00:00,227.7626013708732
2012-09-24 14:00:00,193.65713191489698
2012-09-24 15:00:00,219.01296346570658
2012-09-24 16:00:00,371.49501397401036
2012-09-24 17:00:00,668.3535668179147
2012-09-24 18:00:00,626.8859696810589
2012-09-24 19:00:00,396.28300352461815
2012-09-24 20:00:00,276.2188999297124
2012-09-24 21:00:00,196.02173956989867
2012-09-24 22:00:00,133.20709267366965
2012-09-24 23:00:00,78.15989648239218
2012-09-25 00:00:00,46.53355057143385
2012-09-25 01:00:00,13.530674298902095
2012-09-25 02:00:00,4.985633708066131
2012-09-25 03:00:00,3.5065631278404994
2012-09-25 04:00:00,6.378543633541091
2012-09-25 05:00:00,29.398983134802844
2012-09-25 06:00:00,133.36555902579912
2012-09-25 07:00:00,384.9168543861787
2012-09-25 08:00:00,569.767413568099
2012-09-25 09:00:00,289.18692981490125
2012-09-25 10:00:00,173.32330481600331
2012-09-25 11:00:00,185.70479227312532
2012-09-25 12:00:00,227.41706666223854
2012-09-25 13:00:00,235.32416010811576
2012-09-25 14:00:00,224.73816519346676
2012-09-25 15:00:00,242.35434467885585
2012-09-25 16:00:00,400.48544553353094
2012-09-25 17:00:00,745.9796459119667
2012-09-25 18:00:00,701.6769809677207
2012-09-25 19:00:00,426.02441199498276
2012-09-25 20:00:00,311.7922900908991
2012-09-25 21:00:00,230.8901043703317
2012-09-25 22:00:00,162.66916897750374
2012-09-25 23:00:00,91.64293370130915
2012-09-26 00:00:00,51.572383686628356
2012-09-26 01:00:00,15.596832561645204
2012-09-26 02:00:00,5.910492103304562
2012-09-26 03:00:00,4.441844868187479
2012-09-26 04:00:00,5.728944750426329
2012-09-26 05:00:00,30.676293524595007
2012-09-26 06:00:00,143.74672947450713
2012-09-26 07:00:00,387.17568400562715
2012-09-26 08:00:00,570.3873464217393
2012-09-26 09:00:00,283.06780307471683
2012-09-26 10:00:00,154.71544541101866
2012-09-26 11:00:00,188.46835584595254
2012-09-26 12:00:00,233.90383101162365
2012-09-26 13:00:00,222.66509578908133
2012-09-26 14:00:00,209.48973013105172
2012-09-26 15:00:00,229.44643128182065
2012-09-26 16:00:00,363.55057851110297
2012-09-26 17:00:00,653.0021108393818
2012-09-26 18:00:00,666.9361316209975
2012-09-26 19:00:00,452.83543846567585
2012-09-26 20:00:00,346.6578896640161
2012-09-26 21:00:00,241.34312529687935
2012-09-26 22:00:00,106.24712250332773
2012-09-26 23:00:00,92.82436706297952
2012-09-27 00:00:00,63.02909278894861
2012-09-27 01:00:00,21.151370413168017
2012-09-27 02:00:00,9.599562925163323
2012-09-27 03:00:00,5.39067837263623
2012-09-27 04:00:00,7.2685600801944625
2012-09-27 05:00:00,37.17693911027286
2012-09-27 06:00:00,167.3242348804622
2012-09-27 07:00:00,448.9047449245986
2012-09-27 08:00:00,593.9459456341197
2012-09-27 09:00:00,284.1980647682657
2012-09-27 10:00:00,136.36533746434537
2012-09-27 11:00:00,190.83445626784192
2012-09-27 12:00:00,242.5192905762892
2012-09-27 13:00:00,236.07314778031764
2012-09-27 14:00:00,207.2461879234093
2012-09-27 15:00:00,216.13169605954474
2012-09-27 16:00:00,368.1274156477651
2012-09-27 17:00:00,652.7694209106476
2012-09-27 18:00:00,623.9030346090133
2012-09-27 19:00:00,480.2894908459446
2012-09-27 20:00:00,330.4303821276558
2012-09-27 21:00:00,119.75371883841655
2012-09-27 22:00:00,96.55063069557532
2012-09-27 23:00:00,70.84498402099885
2012-09-28 00:00:00,53.85078571648542
2012-09-28 01:00:00,26.553782620636152
2012-09-28 02:00:00,9.492934590675869
2012-09-28 03:00:00,5.740859537136608
2012-09-28 04:00:00,6.1413280326192465
2012-09-28 05:00:00,35.73801613565663
2012-09-28 06:00:00,120.81389255833497
2012-09-28 07:00:00,324.1515074048138
2012-09-28 08:00:00,626.8150938377045
2012-09-28 09:00:00,302.7726800163699
2012-09-28 10:00:00,178.13938901310806
2012-09-28 11:00:00,229.2688131165327
2012-09-28 12:00:00,312.05262860677453
2012-09-28 13:00:00,311.6041234859678
2012-09-28 14:00:00,283.83613595879916
2012-09-28 15:00:00,292.65420542393326
2012-09-28 16:00:00,431.2564891838695
2012-09-28 17:00:00,664.2290811172518
2012-09-28 18:00:00,579.1417640229815
2012-09-28 19:00:00,273.8181670320067
2012-09-28 20:00:00,169.9157950165698
2012-09-28 21:00:00,135.6660472678453
2012-09-28 22:00:00,199.05995500167737
2012-09-28 23:00:00,146.3805337843899
2012-09-29 00:00:00,154.11717136016
2012-09-29 01:00:00,97.86734852046624
2012-09-29 02:00:00,57.95565072510883
2012-09-29 03:00:00,25.559180867345894
2012-09-29 04:00:00,10.37331866386111
2012-09-29 05:00:00,9.78762871240121
2012-09-29 06:00:00,25.57895436197704
2012-09-29 07:00:00,62.917295159605764
2012-09-29 08:00:00,137.77853508003508
2012-09-29 09:00:00,220.5919263851433
2012-09-29 10:00:00,330.5551326074214
2012-09-29 11:00:00,429.4147605490652
2012-09-29 12:00:00,510.33806630545513
2012-09-29 13:00:00,526.5052970681837
2012-09-29 14:00:00,498.28852524492476
2012-09-29 15:00:00,509.8573532543037
2012-09-29 16:00:00,526.0331781306537
2012-09-29 17:00:00,453.2847379379569
2012-09-29 18:00:00,379.0201910021709
2012-09-29 19:00:00,285.8514145164147
2012-09-29 20:00:00,230.0134978552232
2012-09-29 21:00:00,204.23845984406606
2012-09-29 22:00:00,178.05760656617005
2012-09-29 23:00:00,164.2228135005463
2012-09-30 00:00:00,149.65986737184278
2012-09-30 01:00:00,109.90645211037558
2012-09-30 02:00:00,66.8041485898315
2012-09-30 03:00:00,31.756750064764198
2012-09-30 04:00:00,10.805467000947074
2012-09-30 05:00:00,10.443138970625927
2012-09-30 06:00:00,16.905809944482776
2012-09-30 07:00:00,48.663184350147596
2012-09-30 08:00:00,104.42605190655253
2012-09-30 09:00:00,203.03313049562288
2012-09-30 10:00:00,346.9642898417762
2012-09-30 11:00:00,417.967127541633
2012-09-30 12:00:00,508.893292043003
2012-09-30 13:00:00,505.00360693365246
2012-09-30 14:00:00,473.86141717285295
2012-09-30 15:00:00,495.6258804556833
2012-09-30 16:00:00,524.5966159520797
2012-09-30 17:00:00,444.09210305113464
2012-09-30 18:00:00,301.12357094467336
2012-09-30 19:00:00,188.41819222929092
2012-09-30 20:00:00,140.5669109284706
2012-09-30 21:00:00,169.46969268245442
2012-09-30 22:00:00,126.52278385705216
2012-09-30 23:00:00,83.05379621800424
2012-10-20 00:00:00,122.6620179658589
2012-10-20 01:00:00,87.38068675135116
2012-10-20 02:00:00,55.88396773485803
2012-10-20 03:00:00,24.97616709607908
2012-10-20 04:00:00,10.718531209535563
2012-10-20 05:00:00,9.76617252945473
2012-10-20 06:00:00,24.093225322988655
2012-10-20 07:00:00,61.75325110389726
2012-10-20 08:00:00,138.9462347663308
2012-10-20 09:00:00,225.29113702171074
2012-10-20 10:00:00,341.06486108672965
2012-10-20 11:00:00,423.5898647126498
2012-10-20 12:00:00,524.3029894619999
2012-10-20 13:00:00,537.3359344546831
2012-10-20 14:00:00,566.1380464597573
2012-10-20 15:00:00,560.0781344610674
2012-10-20 16:00:00,493.68150951824833
2012-10-20 17:00:00,453.43024800781785
2012-10-20 18:00:00,375.4667527409508
2012-10-20 19:00:00,286.07497558084964
2012-10-20 20:00:00,230.45486426610535
2012-10-20 21:00:00,177.63599630986982
2012-10-20 22:00:00,164.7817364142634
2012-10-20 23:00:00,153.6523840198856
2012-10-21 00:00:00,137.20117038215594
2012-10-21 01:00:00,89.66053506199599
2012-10-21 02:00:00,61.626405339794864
2012-10-21 03:00:00,30.833080686392222
2012-10-21 04:00:00,9.633361705127857
2012-10-21 05:00:00,9.302544255993757
2012-10-21 06:00:00,15.780809627871877
2012-10-21 07:00:00,49.02518378062307
2012-10-21 08:00:00,102.97216492485711
2012-10-21 09:00:00,187.8882648947751
2012-10-21 10:00:00,308.20933955179953
2012-10-21 11:00:00,408.5130221960222
2012-10-21 12:00:00,489.857087711709
2012-10-21 13:00:00,512.0120745308026
2012-10-21 14:00:00,506.93043653501985
2012-10-21 15:00:00,485.0102898286946
2012-10-21 16:00:00,521.3144572518815
2012-10-21 17:00:00,423.2415771597959
2012-10-21 18:00:00,358.13513269315104
2012-10-21 19:00:00,264.189335101698
2012-10-21 20:00:00,199.57274635747189
2012-10-21 21:00:00,144.7681978016195
2012-10-21 22:00:00,123.77940668788256
2012-10-21 23:00:00,86.5234469511178
2012-10-22 00:00:00,44.92428234495585
2012-10-22 01:00:00,13.702110714514344
2012-10-22 02:00:00,6.465448100508048
2012-10-22 03:00:00,4.314328008019408
2012-10-22 04:00:00,6.648807485777756
2012-10-22 05:00:00,27.02624798732068
2012-10-22 06:00:00,113.47888791116033
2012-10-22 07:00:00,335.68788940268007
2012-10-22 08:00:00,566.2510818885047
2012-10-22 09:00:00,260.6699173670283
2012-10-22 10:00:00,158.073150378572
2012-10-22 11:00:00,187.1723846930191
2012-10-22 12:00:00,246.99217294521404
2012-10-22 13:00:00,231.65916675524042
2012-10-22 14:00:00,201.24818267088182
2012-10-22 15:00:00,230.25694203207874
2012-10-22 16:00:00,366.37012353584504
2012-10-22 17:00:00,660.5019147501362
2012-10-22 18:00:00,583.7648653115463
2012-10-22 19:00:00,393.35752734208415
2012-10-22 20:00:00,270.12815593241123
2012-10-22 21:00:00,191.44696501769607
2012-10-22 22:00:00,126.2750791802636
2012-10-22 23:00:00,77.56525759915286
2012-10-23 00:00:00,36.81412535574813
2012-10-23 01:00:00,13.099837932603863
2012-10-23 02:00:00,5.089801079911967
2012-10-23 03:00:00,3.919705252613428
2012-10-23 04:00:00,6.5369667610683635
2012-10-23 05:00:00,30.203915720029176
2012-10-23 06:00:00,123.40896568015816
2012-10-23 07:00:00,360.3255312797742
2012-10-23 08:00:00,605.6818121668451
2012-10-23 09:00:00,287.1664022951882
2012-10-23 10:00:00,167.24681446081084
2012-10-23 11:00:00,170.60451284108174
2012-10-23 12:00:00,239.28926650059867
2012-10-23 13:00:00,247.70876111665174
2012-10-23 14:00:00,213.30014309346208
2012-10-23 15:00:00,237.2616205962551
2012-10-23 16:00:00,381.623475721007
2012-10-23 17:00:00,719.0108639983607
2012-10-23 18:00:00,652.9320488047877
2012-10-23 19:00:00,429.9293483122126
2012-10-23 20:00:00,321.15762444744695
2012-10-23 21:00:00,227.4986319029632
2012-10-23 22:00:00,169.3619507597414
2012-10-23 23:00:00,101.74842894683574
2012-10-24 00:00:00,49.08424273378594
2012-10-24 01:00:00,17.693355591560167
2012-10-24 02:00:00,6.286950567708944
2012-10-24 03:00:00,5.004393834847313
2012-10-24 04:00:00,5.864715254801135
2012-10-24 05:00:00,32.40962595646581
2012-10-24 06:00:00,136.64803412629462
2012-10-24 07:00:00,378.16243775278457
2012-10-24 08:00:00,601.5295813928511
2012-10-24 09:00:00,302.4769002079146
2012-10-24 10:00:00,158.60355085298067
2012-10-24 11:00:00,185.86335934062035
2012-10-24 12:00:00,232.34419700712053
2012-10-24 13:00:00,228.47407357480515
2012-10-24 14:00:00,222.5157470757831
2012-10-24 15:00:00,250.80756929228866
2012-10-24 16:00:00,385.6070399193492
2012-10-24 17:00:00,641.8157913321644
2012-10-24 18:00:00,680.458591978479
2012-10-24 19:00:00,506.8542679512902
2012-10-24 20:00:00,363.9613426915362
2012-10-24 21:00:00,242.03529875825774
2012-10-24 22:00:00,181.92768970595188
2012-10-24 23:00:00,109.65018838425469
2012-10-25 00:00:00,54.39718063637163
2012-10-25 01:00:00,20.639557706079753
2012-10-25 02:00:00,8.871156250047665
2012-10-25 03:00:00,4.656456148274593
2012-10-25 04:00:00,6.5583931210623865
2012-10-25 05:00:00,29.524524792806524
2012-10-25 06:00:00,131.07369182082192
2012-10-25 07:00:00,371.3243774246187
2012-10-25 08:00:00,581.9091703459944
2012-10-25 09:00:00,285.86241778876496
2012-10-25 10:00:00,150.32938428863986
2012-10-25 11:00:00,174.07592187335015
2012-10-25 12:00:00,205.66904720730844
2012-10-25 13:00:00,211.87652034080085
2012-10-25 14:00:00,228.10065111883864
2012-10-25 15:00:00,260.4425799960898
2012-10-25 16:00:00,409.9786575377128
2012-10-25 17:00:00,732.0270457985328
2012-10-25 18:00:00,539.2226043470424
2012-10-25 19:00:00,380.283171702207
2012-10-25 20:00:00,240.42417755966628
2012-10-25 21:00:00,187.1974066017582
2012-10-25 22:00:00,173.38561970131397
2012-10-25 23:00:00,106.94554309493957
2012-10-26 00:00:00,68.5645392340541
2012-10-26 01:00:00,25.9928052860849
2012-10-26 02:00:00,10.596258898419988
2012-10-26 03:00:00,5.631462023899379
2012-10-26 04:00:00,6.752906792291352
2012-10-26 05:00:00,29.870116028279504
2012-10-26 06:00:00,121.76883067459308
2012-10-26 07:00:00,342.0232687472581
2012-10-26 08:00:00,543.5285161346196
2012-10-26 09:00:00,296.430307938689
2012-10-26 10:00:00,155.2837169545807
2012-10-26 11:00:00,199.53662011137155
2012-10-26 12:00:00,246.30368952022383
2012-10-26 13:00:00,267.2424712070704
2012-10-26 14:00:00,235.66243802067027
2012-10-26 15:00:00,270.76490833691696
2012-10-26 16:00:00,358.3661960655831
2012-10-26 17:00:00,512.7293274575833
2012-10-26 18:00:00,423.73992976229937
2012-10-26 19:00:00,296.7640209240305
2012-10-26 20:00:00,217.0986634717302
2012-10-26 21:00:00,183.87493879891574
2012-10-26 22:00:00,156.74506325636472
2012-10-26 23:00:00,150.9948247172443
2012-10-27 00:00:00,126.67879279515158
2012-10-27 01:00:00,82.30976220527151
2012-10-27 02:00:00,50.84973761872212
2012-10-27 03:00:00,29.226915448775074
2012-10-27 04:00:00,9.300710290242641
2012-10-27 05:00:00,9.3845122887775
2012-10-27 06:00:00,22.817490854757565
2012-10-27 07:00:00,63.03194249951469
2012-10-27 08:00:00,139.0032615783712
2012-10-27 09:00:00,212.0339546593821
2012-10-27 10:00:00,296.82061272926444
2012-10-27 11:00:00,406.7098497930711
2012-10-27 12:00:00,468.1896197459891
2012-10-27 13:00:00,507.9199048665803
2012-10-27 14:00:00,498.7161509479154
2012-10-27 15:00:00,429.5842673470862
2012-10-27 16:00:00,430.6268046156337
2012-10-27 17:00:00,398.9281375516036
2012-10-27 18:00:00,340.4098193891885
2012-10-27 19:00:00,256.184623383754
2012-10-27 20:00:00,205.3270450409623
2012-10-27 21:00:00,166.3646866691981
2012-10-27 22:00:00,149.44907795946364
2012-10-27 23:00:00,116.00473647971955
2012-10-28 00:00:00,96.75917089028202
2012-10-28 01:00:00,88.90569485332902
2012-10-28 02:00:00,64.80178307967176
2012-10-28 03:00:00,27.67374603079951
2012-10-28 04:00:00,10.41860005786823
2012-10-28 05:00:00,9.440917523672516
2012-10-28 06:00:00,15.746470373008306
2012-10-28 07:00:00,47.08859297604135
2012-10-28 08:00:00,91.53779212034254
2012-10-28 09:00:00,177.61689681368665
2012-10-28 10:00:00,287.5420267876902
2012-10-28 11:00:00,381.33238597321144
2012-10-28 12:00:00,374.154572711647
2012-10-28 13:00:00,359.68436786992544
2012-10-28 14:00:00,356.2434141915682
2012-10-28 15:00:00,327.72515379303536
2012-10-28 16:00:00,220.14523607300745
2012-10-28 17:00:00,167.86826581414303
2012-10-28 18:00:00,88.55460462610714
2012-10-28 19:00:00,82.21272369238547
2012-10-28 20:00:00,54.58630053828386
2012-10-28 21:00:00,58.811886214950945
2012-10-28 22:00:00,51.082400417879946
2012-10-28 23:00:00,33.817241418824686
2012-10-29 00:00:00,30.71677084486257
2012-10-30 13:00:00,62.89856719211921
2012-10-30 14:00:00,59.574008695762814
2012-10-30 15:00:00,65.67664168187336
2012-10-30 16:00:00,97.68150330915599
2012-10-30 17:00:00,189.45554353627955
2012-10-30 18:00:00,195.38210798761352
2012-10-30 19:00:00,396.1860759179223
2012-10-30 20:00:00,140.72528110125361
2012-10-30 21:00:00,99.13778911416455
2012-10-30 22:00:00,92.99591783861906
2012-10-30 23:00:00,62.8393282411009
2012-10-31 00:00:00,35.78123703491688
2012-10-31 01:00:00,11.95865423855232
2012-10-31 02:00:00,4.840930048040245
2012-10-31 03:00:00,3.903161400005358
2012-10-31 04:00:00,4.7378259879702975
2012-10-31 05:00:00,24.961103452918444
2012-10-31 06:00:00,104.14552611748309
2012-10-31 07:00:00,272.04801782912216
2012-10-31 08:00:00,521.980174167779
2012-10-31 09:00:00,252.02058186587197
2012-10-31 10:00:00,127.33736736680048
2012-10-31 11:00:00,148.62866394989356
2012-10-31 12:00:00,190.57252417653118
2012-10-31 13:00:00,194.69314332959127
2012-10-31 14:00:00,207.28922689230927
2012-10-31 15:00:00,196.555696035695
2012-10-31 16:00:00,313.79207919743914
2012-10-31 17:00:00,548.7538168728628
2012-10-31 18:00:00,558.2519003114262
2012-10-31 19:00:00,439.7196963169621
2012-10-31 20:00:00,306.7861607269689
2012-10-31 21:00:00,211.6388083986897
2012-10-31 22:00:00,139.07616262770972
2012-10-31 23:00:00,87.31604682667933
2012-11-20 00:00:00,35.742929105371005
2012-11-20 01:00:00,11.758527383749499
2012-11-20 02:00:00,3.990505732935818
2012-11-20 03:00:00,3.506777155429826
2012-11-20 04:00:00,7.12285012827442
2012-11-20 05:00:00,28.50363169533849
2012-11-20 06:00:00,123.41456245512907
2012-11-20 07:00:00,316.88661370729506
2012-11-20 08:00:00,531.797261841976
2012-11-20 09:00:00,265.5738372779042
2012-11-20 10:00:00,151.09044660286398
2012-11-20 11:00:00,157.87573948681916
2012-11-20 12:00:00,187.75391232917832
2012-11-20 13:00:00,202.62878131563755
2012-11-20 14:00:00,178.94541784315356
2012-11-20 15:00:00,202.6690898824686
2012-11-20 16:00:00,289.82307430616146
2012-11-20 17:00:00,473.4120432225356
2012-11-20 18:00:00,481.7246350390994
2012-11-20 19:00:00,332.1800001502818
2012-11-20 20:00:00,202.75257360034587
2012-11-20 21:00:00,158.28113325030355
2012-11-20 22:00:00,122.28167078688176
2012-11-20 23:00:00,63.88941289333364
2012-11-21 00:00:00,33.70154502242951
2012-11-21 01:00:00,11.371146473464087
2012-11-21 02:00:00,3.761095346661638
2012-11-21 03:00:00,3.678686881434889
2012-11-21 04:00:00,4.165646497951811
2012-11-21 05:00:00,22.714930501029098
2012-11-21 06:00:00,96.08781789571914
2012-11-21 07:00:00,238.14663337206605
2012-11-21 08:00:00,531.8252920690162
2012-11-21 09:00:00,248.50618713654688
2012-11-21 10:00:00,146.92098057122178
2012-11-21 11:00:00,175.12863034583458
2012-11-21 12:00:00,237.18176429850493
2012-11-21 13:00:00,220.51681769215884
2012-11-21 14:00:00,219.0953038341856
2012-11-21 15:00:00,237.0299716226431
2012-11-21 16:00:00,332.24872186991564
2012-11-21 17:00:00,570.6815380748208
2012-11-21 18:00:00,574.7101997184619
2012-11-21 19:00:00,383.2128337802225
2012-11-21 20:00:00,227.70889685846436
2012-11-21 21:00:00,184.96215907218178
2012-11-21 22:00:00,144.8632544213162
2012-11-21 23:00:00,82.16462017906422
2012-11-22 00:00:00,54.51759516967877
2012-11-22 01:00:00,26.81719481512361
2012-11-22 02:00:00,14.344384303871054
2012-11-22 03:00:00,5.7199540291443505
2012-11-22 04:00:00,4.086806344674392
2012-11-22 05:00:00,6.848429530203612
2012-11-22 06:00:00,20.6186277748977
2012-11-22 07:00:00,53.723821721164796
2012-11-22 08:00:00,117.057521791901
2012-11-22 09:00:00,152.61438382386098
2012-11-22 10:00:00,161.23032127956463
2012-11-22 11:00:00,206.03829919636397
2012-11-22 12:00:00,227.73115970234343
2012-11-22 13:00:00,231.41424890613195
2012-11-22 14:00:00,215.89805922126473
2012-11-22 15:00:00,210.23771171502992
2012-11-22 16:00:00,227.31971052119636
2012-11-22 17:00:00,254.06596357837952
2012-11-22 18:00:00,221.70500783309814
2012-11-22 19:00:00,173.18346635692293
2012-11-22 20:00:00,143.7479285382226
2012-11-22 21:00:00,118.40604321520239
2012-11-22 22:00:00,101.33088027730469
2012-11-22 23:00:00,64.52282189003274
2012-11-23 00:00:00,48.35758164201005
2012-11-23 01:00:00,17.827899803998502
2012-11-23 02:00:00,8.30339449994036
2012-11-23 03:00:00,3.982799645433556
2012-11-23 04:00:00,5.059081865281456
2012-11-23 05:00:00,21.912115397956885
2012-11-23 06:00:00,82.74229779270881
2012-11-23 07:00:00,230.9590957603596
2012-11-23 08:00:00,454.1926942324914
2012-11-23 09:00:00,266.5903354230113
2012-11-23 10:00:00,154.07511701723558
2012-11-23 11:00:00,210.4499184435118
2012-11-23 12:00:00,285.48994168964344
2012-11-23 13:00:00,286.93272011415934
2012-11-23 14:00:00,274.1626672348875
2012-11-23 15:00:00,286.3400715023525
2012-11-23 16:00:00,381.5459408837976
2012-11-23 17:00:00,618.4015972693062
2012-11-23 18:00:00,505.55001734464616
2012-11-23 19:00:00,379.82666817809206
2012-11-23 20:00:00,244.3089008794009
2012-11-23 21:00:00,194.75650980946247
2012-11-23 22:00:00,178.45643300418513
2012-11-23 23:00:00,125.35059659178751
2012-11-24 00:00:00,146.41555228349458
2012-11-24 01:00:00,65.47053389016857
2012-11-24 02:00:00,43.70596360433943
2012-11-24 03:00:00,17.60674757181763
2012-11-24 04:00:00,6.188825572209229
2012-11-24 05:00:00,5.760374626711452
2012-11-24 06:00:00,17.463117529984828
2012-11-24 07:00:00,53.39868358922153
2012-11-24 08:00:00,111.90736272159525
2012-11-24 09:00:00,171.01700530959027
2012-11-24 10:00:00,231.3513851737942
2012-11-24 11:00:00,283.8590293186933
2012-11-24 12:00:00,309.01600282982344
2012-11-24 13:00:00,318.0289893658537
2012-11-24 14:00:00,314.26835234265366
2012-11-24 15:00:00,289.1989496545666
2012-11-24 16:00:00,256.26404150978686
2012-11-24 17:00:00,208.74335868747926
2012-11-24 18:00:00,183.60634194445578
2012-11-24 19:00:00,160.57513450908914
2012-11-24 20:00:00,115.54886905347344
2012-11-24 21:00:00,106.38879438370073
2012-11-24 22:00:00,94.96950007136431
2012-11-24 23:00:00,89.66959241191255
2012-11-25 00:00:00,83.45007765314396
2012-11-25 01:00:00,63.789579398701434
2012-11-25 02:00:00,46.85887785142494
2012-11-25 03:00:00,21.893525312895072
2012-11-25 04:00:00,7.747326410831989
2012-11-25 05:00:00,7.7617033686001555
2012-11-25 06:00:00,12.512374759344379
2012-11-25 07:00:00,34.88978680606076
2012-11-25 08:00:00,84.9596441191385
2012-11-25 09:00:00,164.9291561759285
2012-11-25 10:00:00,202.30478402694288
2012-11-25 11:00:00,290.33245613182476
2012-11-25 12:00:00,349.0398559741957
2012-11-25 13:00:00,305.0885539684731
2012-11-25 14:00:00,320.1667346658419
2012-11-25 15:00:00,281.7706798989392
2012-11-25 16:00:00,292.1558875224266
2012-11-25 17:00:00,241.53587512601203
2012-11-25 18:00:00,186.42784279704213
2012-11-25 19:00:00,174.43455027924546
2012-11-25 20:00:00,101.11750299400413
2012-11-25 21:00:00,102.63645108443798
2012-11-25 22:00:00,67.16901085000278
2012-11-25 23:00:00,39.7133403595
2012-11-26 00:00:00,23.09686409881805
2012-11-26 01:00:00,8.840797001549374
2012-11-26 02:00:00,4.202418908939648
2012-11-26 03:00:00,2.9254611450157073
2012-11-26 04:00:00,4.6374071312269765
2012-11-26 05:00:00,20.985703295511165
2012-11-26 06:00:00,88.62268261461999
2012-11-26 07:00:00,260.9698299211332
2012-11-26 08:00:00,491.6257558109043
2012-11-26 09:00:00,257.57808310081015
2012-11-26 10:00:00,151.6873637309451
2012-11-26 11:00:00,181.80879441559165
2012-11-26 12:00:00,237.2937806194529
2012-11-26 13:00:00,215.84045398425673
2012-11-26 14:00:00,193.0662339224092
2012-11-26 15:00:00,214.54355528305197
2012-11-26 16:00:00,314.2688606627102
2012-11-26 17:00:00,568.1231321855962
2012-11-26 18:00:00,447.32712532139004
2012-11-26 19:00:00,307.730843034738
2012-11-26 20:00:00,224.4594508465226
2012-11-26 21:00:00,161.66690121285
2012-11-26 22:00:00,104.62271776649405
2012-11-26 23:00:00,63.171876497977756
2012-11-27 00:00:00,38.18406794571725
2012-11-27 01:00:00,11.559230476798511
2012-11-27 02:00:00,4.652700602342055
2012-11-27 03:00:00,2.8932967847066595
2012-11-27 04:00:00,5.510478168828632
2012-11-27 05:00:00,21.73416792687206
2012-11-27 06:00:00,101.2922132376943
2012-11-27 07:00:00,184.39676638981487
2012-11-27 08:00:00,281.8777401411482
2012-11-27 09:00:00,231.6931299207699
2012-11-27 10:00:00,83.53296024545702
2012-11-27 11:00:00,56.55035737133599
2012-11-27 12:00:00,53.842434166180986
2012-11-27 13:00:00,56.11450649813863
2012-11-27 14:00:00,45.2674355936366
2012-11-27 15:00:00,111.35121930674103
2012-11-27 16:00:00,163.7606668206473
2012-11-27 17:00:00,279.6910821811683
2012-11-27 18:00:00,183.3135149017529
2012-11-27 19:00:00,166.15404176080102
2012-11-27 20:00:00,108.5367642273846
2012-11-27 21:00:00,79.10568334202901
2012-11-27 22:00:00,69.12222983048873
2012-11-27 23:00:00,49.82637546917701
2012-11-28 00:00:00,31.095044977161486
2012-11-28 01:00:00,11.786003003417106
2012-11-28 02:00:00,4.922882218503277
2012-11-28 03:00:00,4.141898159463156
2012-11-28 04:00:00,5.423659401623835
2012-11-28 05:00:00,26.92193845720673
2012-11-28 06:00:00,125.29462601609784
2012-11-28 07:00:00,377.837314835908
2012-11-28 08:00:00,533.3441301517615
2012-11-28 09:00:00,293.96752207078066
2012-11-28 10:00:00,148.00319277429173
2012-11-28 11:00:00,154.09365439713122
2012-11-28 12:00:00,200.6358938099807
2012-11-28 13:00:00,186.9299118594689
2012-11-28 14:00:00,184.28377005628573
2012-11-28 15:00:00,225.1235705849833
2012-11-28 16:00:00,303.2487185583215
2012-11-28 17:00:00,548.3450898023386
2012-11-28 18:00:00,501.1557711072972
2012-11-28 19:00:00,352.2778274823844
2012-11-28 20:00:00,262.1398883906463
2012-11-28 21:00:00,162.90067646323882
2012-11-28 22:00:00,126.38887219795973
2012-11-28 23:00:00,71.42155986263188
2012-11-29 00:00:00,38.265468843925106
2012-11-29 01:00:00,11.504172125971122
2012-11-29 02:00:00,4.992421942501307
2012-11-29 04:00:00,4.080509488744181
2012-11-29 05:00:00,24.038267961276706
2012-11-29 06:00:00,104.73197315281514
2012-11-29 07:00:00,281.0141757278107
2012-11-29 08:00:00,513.4297087798768
2012-11-29 09:00:00,265.00298386267343
2012-11-29 10:00:00,126.66832987251168
2012-11-29 11:00:00,179.3519186309139
2012-11-29 12:00:00,213.98047077029364
2012-11-29 13:00:00,215.33674145963596
2012-11-29 14:00:00,172.25358859922272
2012-11-29 15:00:00,190.9175251367859
2012-11-29 16:00:00,283.9450126798933
2012-11-29 17:00:00,508.496666911578
2012-11-29 18:00:00,437.4708428377255
2012-11-29 19:00:00,279.05207662940967
2012-11-29 20:00:00,198.1181757384899
2012-11-29 21:00:00,128.68775526855194
2012-11-29 22:00:00,101.1753367351762
2012-11-29 23:00:00,91.6083164705268
2012-11-30 00:00:00,45.44932747103785
2012-11-30 01:00:00,17.955550178012217
2012-11-30 02:00:00,7.619752023869636
2012-11-30 03:00:00,3.8269306301148647
2012-11-30 04:00:00,3.7935370449430366
2012-11-30 05:00:00,19.919325887597736
2012-11-30 06:00:00,71.5051844126671
2012-11-30 07:00:00,215.75371865324865
2012-11-30 08:00:00,420.1761415843528
2012-11-30 09:00:00,243.61691889025647
2012-11-30 10:00:00,134.7371022416096
2012-11-30 11:00:00,178.91430591090906
2012-11-30 12:00:00,251.9541728601792
2012-11-30 13:00:00,265.30223211522934
2012-11-30 14:00:00,235.781429093908
2012-11-30 15:00:00,266.573411692048
2012-11-30 16:00:00,326.50522015258383
2012-11-30 17:00:00,496.5909516932941
2012-11-30 18:00:00,348.7611388127396
2012-11-30 19:00:00,234.443082045294
2012-11-30 20:00:00,167.34636691979105
2012-11-30 21:00:00,125.18319840731495
2012-11-30 22:00:00,112.91546016691792
2012-11-30 23:00:00,91.6285226947546
2012-12-20 00:00:00,49.284590664205744
2012-12-20 01:00:00,14.450861901398902
2012-12-20 02:00:00,6.754044939228379
2012-12-20 03:00:00,3.320047414798896
2012-12-20 04:00:00,5.410122965207434
2012-12-20 05:00:00,26.212783090020345
2012-12-20 06:00:00,117.76935241295224
2012-12-20 07:00:00,324.9151335018035
2012-12-20 08:00:00,555.1719768787646
2012-12-20 09:00:00,263.06985336919746
2012-12-20 10:00:00,135.30146588291566
2012-12-20 11:00:00,147.0546406406778
2012-12-20 12:00:00,201.82048375327528
2012-12-20 13:00:00,184.39236614159654
2012-12-20 14:00:00,169.70179522242955
2012-12-20 15:00:00,161.14914054231528
2012-12-20 16:00:00,241.24175064759416
2012-12-20 17:00:00,440.429881306916
2012-12-20 18:00:00,374.2318981785348
2012-12-20 19:00:00,143.74916760903767
2012-12-20 20:00:00,110.44896435672564
2012-12-20 21:00:00,86.55825031017189
2012-12-20 22:00:00,59.478097475156055
2012-12-20 23:00:00,47.10535278491794
2012-12-21 00:00:00,23.759799189084827
2012-12-21 01:00:00,10.285209906917505
2012-12-21 02:00:00,6.251129941906711
2012-12-21 03:00:00,2.6778018586184023
2012-12-21 04:00:00,2.4913674087039115
2012-12-21 05:00:00,12.017719037693265
2012-12-21 06:00:00,58.39516320415997
2012-12-21 07:00:00,155.20879265866927
2012-12-21 08:00:00,349.5310433956739
2012-12-21 09:00:00,182.85492330716784
2012-12-21 10:00:00,102.19215310235836
2012-12-21 11:00:00,111.95971808219053
2012-12-21 12:00:00,140.22353135765857
2012-12-21 13:00:00,126.80081289020853
2012-12-21 14:00:00,114.10890406495466
2012-12-21 15:00:00,111.65518106043307
2012-12-21 16:00:00,150.24017173251775
2012-12-21 17:00:00,208.3817614688373
2012-12-21 18:00:00,185.8011874321488
2012-12-21 19:00:00,146.3495448983518
2012-12-21 20:00:00,99.34075155005964
2012-12-21 21:00:00,84.90910329435351
2012-12-21 22:00:00,78.19403470558734
2012-12-21 23:00:00,52.35869674928705
2012-12-22 00:00:00,45.40360746498358
2012-12-22 01:00:00,28.298380983627055
2012-12-22 02:00:00,22.032998671789173
2012-12-22 03:00:00,10.1888695997519
2012-12-22 04:00:00,2.984801125272152
2012-12-22 05:00:00,2.6618745278525893
2012-12-22 06:00:00,7.290632185663787
2012-12-22 07:00:00,24.01493350447326
2012-12-22 08:00:00,49.06559920527175
2012-12-22 09:00:00,94.20610541103957
2012-12-22 10:00:00,128.61158893885084
2012-12-22 11:00:00,140.60198802608372
2012-12-22 12:00:00,135.79815864563878
2012-12-22 13:00:00,168.69549564567365
2012-12-22 14:00:00,157.1667630289758
2012-12-22 15:00:00,149.5360276589323
2012-12-22 16:00:00,145.36493320879026
2012-12-22 17:00:00,140.50763822403954
2012-12-22 18:00:00,98.86291922727436
2012-12-22 19:00:00,80.91753790488941
2012-12-22 20:00:00,72.29581143324413
2012-12-22 21:00:00,54.95600256958437
2012-12-22 22:00:00,46.665516932344225
2012-12-22 23:00:00,38.65044255406219
2012-12-23 00:00:00,39.80970636238187
2012-12-23 01:00:00,32.38422654423291
2012-12-23 02:00:00,23.26164350115574
2012-12-23 03:00:00,13.879015037180377
2012-12-23 04:00:00,3.0555398945184042
2012-12-23 05:00:00,2.434777851860275
2012-12-23 06:00:00,3.6897017237827803
2012-12-23 07:00:00,12.01624882824194
2012-12-23 08:00:00,32.80226795032181
2012-12-23 09:00:00,72.51873069961768
2012-12-23 10:00:00,98.32667663093906
2012-12-23 11:00:00,124.8034572428132
2012-12-23 12:00:00,190.08766715637532
2012-12-23 13:00:00,205.09183018649338
2012-12-23 14:00:00,198.2150688655739
2012-12-23 15:00:00,196.04415235692636
2012-12-23 16:00:00,182.7983079828513
2012-12-23 17:00:00,159.27306549539725
2012-12-23 18:00:00,126.797139289224
2012-12-23 19:00:00,107.8531461911452
2012-12-23 20:00:00,59.330658126163435
2012-12-23 21:00:00,46.27878159244856
2012-12-23 22:00:00,42.99944995777915
2012-12-23 23:00:00,26.023025345339295
2012-12-24 00:00:00,14.859588706277215
2012-12-24 01:00:00,5.191718712774267
2012-12-24 02:00:00,2.941411437409726
2012-12-24 03:00:00,1.947899149470804
2012-12-24 05:00:00,9.316740696186097
2012-12-24 06:00:00,42.778720579686144
2012-12-24 07:00:00,133.05378868601304
2012-12-24 08:00:00,311.45953491632736
2012-12-24 09:00:00,157.3000356711572
2012-12-24 10:00:00,70.7281777517983
2012-12-24 11:00:00,77.22714661467867
2012-12-24 12:00:00,102.99796879359968
2012-12-24 13:00:00,57.44290922151813
2012-12-24 14:00:00,50.34853881388504
2012-12-24 15:00:00,47.31126253527898
2012-12-24 16:00:00,63.02480691674942
2012-12-24 17:00:00,135.84033285583016
2012-12-24 18:00:00,146.16871511473275
2012-12-24 19:00:00,111.06121106210075
2012-12-24 20:00:00,62.993232287019595
2012-12-24 21:00:00,52.66986070010539
2012-12-24 22:00:00,43.844436173102444
2012-12-24 23:00:00,26.014626163834155
2012-12-25 00:00:00,6.508965029184579
2012-12-25 01:00:00,7.1121319971837105
2012-12-25 02:00:00,4.4150364613563395
2012-12-25 04:00:00,1.4639844806913516
2012-12-25 05:00:00,1.6495691898506006
2012-12-25 06:00:00,4.391083365371382
2012-12-25 07:00:00,13.299422296678149
2012-12-25 08:00:00,36.06965072973665
2012-12-25 09:00:00,48.12748497088155
2012-12-25 10:00:00,57.16689609612597
2012-12-25 11:00:00,62.94450762336637
2012-12-25 12:00:00,68.1731973757089
2012-12-25 13:00:00,89.54459971398349
2012-12-25 14:00:00,83.6679072397928
2012-12-25 15:00:00,80.52158392483155
2012-12-25 16:00:00,77.49837342815279
2012-12-25 17:00:00,78.34542923452778
2012-12-25 18:00:00,73.65699210953925
2012-12-25 19:00:00,63.86439862910018
2012-12-25 20:00:00,48.39540056075054
2012-12-25 21:00:00,36.173163483793324
2012-12-25 22:00:00,29.60858463626039
2012-12-25 23:00:00,15.7253097174094
2012-12-26 00:00:00,21.266165914280958
2012-12-26 01:00:00,5.242286101951322
2012-12-26 02:00:00,3.2533837326616224
2012-12-26 03:00:00,2.266160089637174
2012-12-26 04:00:00,1.3928223625058866
2012-12-26 05:00:00,7.702737520899445
2012-12-26 06:00:00,48.59034359650347
2012-12-26 07:00:00,48.51267784970949
2012-12-26 08:00:00,98.16952278263092
2012-12-26 09:00:00,52.79816231146955
2012-12-26 10:00:00,23.651261408611163
2012-12-26 11:00:00,16.762466277001867
2012-12-26 12:00:00,24.42866488410138
2012-12-26 13:00:00,20.918460276853004
2012-12-26 14:00:00,17.907966710592422
2012-12-26 15:00:00,26.69513834680242
2012-12-26 16:00:00,35.13699178083989
2012-12-26 17:00:00,65.98866958679899
2012-12-26 18:00:00,71.01952305935575
2012-12-26 19:00:00,75.89775173725837
2012-12-26 20:00:00,48.91883457565367
2012-12-26 21:00:00,63.58081844958875
2012-12-26 22:00:00,16.04540125472053
2012-12-26 23:00:00,17.379363263205157
2012-12-27 00:00:00,11.233777091671918
2012-12-27 01:00:00,2.506555398614934
2012-12-27 02:00:00,3.003886993723948
2012-12-27 03:00:00,2.2377068106347475
2012-12-27 04:00:00,1.6198541528447796
2012-12-27 05:00:00,12.123334140193945
2012-12-27 06:00:00,48.893263740558446
2012-12-27 07:00:00,187.27240162514448
2012-12-27 08:00:00,339.22485185330595
2012-12-27 09:00:00,140.47642847803644
2012-12-27 10:00:00,71.93072061947265
2012-12-27 11:00:00,73.40817779300666
2012-12-27 12:00:00,99.96624274316142
2012-12-27 13:00:00,102.40659237803402
2012-12-27 14:00:00,67.52603754821996
2012-12-27 15:00:00,71.1585539393565
2012-12-27 16:00:00,106.62389638763626
2012-12-27 17:00:00,213.2859434608335
2012-12-27 18:00:00,173.2767504725739
2012-12-27 19:00:00,127.07861061011583
2012-12-27 20:00:00,105.4634383470142
2012-12-27 21:00:00,65.44487054664627
2012-12-27 22:00:00,50.267326931784076
2012-12-27 23:00:00,33.1528847467308
2012-12-28 00:00:00,26.04335193485622
2012-12-28 01:00:00,9.649361279942006
2012-12-28 02:00:00,5.497549833697173
2012-12-28 03:00:00,2.755120878633401
2012-12-28 04:00:00,2.266153930365551
2012-12-28 05:00:00,10.931307082607804
2012-12-28 06:00:00,48.36418225624106
2012-12-28 07:00:00,146.36082516156486
2012-12-28 08:00:00,313.4794825046843
2012-12-28 09:00:00,161.015761350027
2012-12-28 10:00:00,87.46036341920862
2012-12-28 11:00:00,93.02106524340431
2012-12-28 12:00:00,128.96502117669255
2012-12-28 13:00:00,127.14472615643787
2012-12-28 14:00:00,105.98421593576802
2012-12-28 15:00:00,106.52976359354476
2012-12-28 16:00:00,144.7248582875899
2012-12-28 17:00:00,186.10349241591263
2012-12-28 18:00:00,167.98544055964015
2012-12-28 19:00:00,111.83930598222095
2012-12-28 20:00:00,73.83037748018019
2012-12-28 21:00:00,57.81331046030481
2012-12-28 22:00:00,53.86119056228631
2012-12-28 23:00:00,41.91314470224373
2012-12-29 00:00:00,39.70912993244145
2012-12-29 01:00:00,28.20333792296813
2012-12-29 02:00:00,24.155412508107688
2012-12-29 03:00:00,11.958175438944041
2012-12-29 04:00:00,3.3652874540465514
2012-12-29 05:00:00,2.5794424285916064
2012-12-29 06:00:00,7.463901793840406
2012-12-29 07:00:00,23.118085932598134
2012-12-29 08:00:00,65.1702140909718
2012-12-29 09:00:00,114.38685140635948
2012-12-29 10:00:00,91.59608105619012
2012-12-29 11:00:00,56.15649566265502
2012-12-29 12:00:00,62.435645879074585
2012-12-29 13:00:00,59.883683656125
2012-12-29 14:00:00,111.08229527073493
2012-12-29 15:00:00,105.12225000527012
2012-12-29 16:00:00,167.50412364742542
2012-12-29 17:00:00,129.89789457011813
2012-12-29 18:00:00,121.99080072729213
2012-12-29 19:00:00,101.37950288254972
2012-12-29 20:00:00,56.32290914954943
2012-12-29 21:00:00,47.75532654176697
2012-12-29 22:00:00,41.9826304529265
2012-12-29 23:00:00,57.08077264288451
2012-12-30 00:00:00,47.344584568883306
2012-12-30 01:00:00,29.12714204938398
2012-12-30 02:00:00,27.450215551743447
2012-12-30 03:00:00,12.4174352467487
2012-12-30 04:00:00,2.994201127625717
2012-12-30 05:00:00,2.8870579119527635
2012-12-30 06:00:00,4.509598265665543
2012-12-30 07:00:00,12.734457510668019
2012-12-30 08:00:00,36.37044772751895
2012-12-30 09:00:00,71.78245868318905
2012-12-30 10:00:00,103.59719123656578
2012-12-30 11:00:00,131.4433743244356
2012-12-30 12:00:00,149.8168958411815
2012-12-30 13:00:00,138.23224865155356
2012-12-30 14:00:00,140.91391424619397
2012-12-30 15:00:00,143.65527621996426
2012-12-30 16:00:00,142.75267393167314
2012-12-30 17:00:00,133.90359213924404
2012-12-30 18:00:00,102.88988934918802
2012-12-30 19:00:00,122.86021252476647
2012-12-30 20:00:00,54.42264519476128
2012-12-30 21:00:00,41.314198608715486
2012-12-30 22:00:00,32.51787744886408
2012-12-30 23:00:00,19.349599447266453
2012-12-31 00:00:00,13.048433173609476
2012-12-31 01:00:00,4.281086561810448
2012-12-31 02:00:00,2.5122374006720904
2012-12-31 03:00:00,1.4771042623122042
2012-12-31 04:00:00,1.6720995989111136
2012-12-31 05:00:00,7.578575712569598
2012-12-31 06:00:00,40.187256691895
2012-12-31 07:00:00,123.99184914899736
2012-12-31 08:00:00,239.8080441904784
2012-12-31 09:00:00,138.1149262888031
2012-12-31 10:00:00,57.84309999959136
2012-12-31 11:00:00,57.420268231966695
2012-12-31 12:00:00,81.92238749992214
2012-12-31 13:00:00,95.17411844196782
2012-12-31 14:00:00,89.1987433510915
2012-12-31 15:00:00,95.90199719572868
2012-12-31 16:00:00,108.0167562917321
2012-12-31 17:00:00,222.5900351298446
2012-12-31 18:00:00,223.0034147965979
2012-12-31 19:00:00,147.82743164195628
2012-12-31 20:00:00,98.91692048509601
2012-12-31 21:00:00,74.41681374950785
2012-12-31 22:00:00,59.06717129012005
2012-12-31 23:00:00,31.456095549574943
